tile_id,component_id,area_m2,perimeter_m,compactness,tile_contained,diagnostic_candidate,centroid_x,centroid_y,geometry_wkt
CHI_11_1,CHI_11_1_P01,15185.611938728622,534.6033605511534,0.6676960279132911,True,True,437121.4893794634,4646949.001795861,"POLYGON ((437029.4202205798 4646907.872506767, 437027.88552677573 4646989.387202883, 437213.28242391924 4646990.523985319, 437214.7680580312 4646908.211702522, 437029.4202205798 4646907.872506767))"
CHI_11_1,CHI_11_1_P02,15115.855091442103,564.9219953944083,0.5952036900657363,True,True,437119.4670049002,4647050.575867127,"POLYGON ((437051.1478989357 4647090.762174039, 437056.8711388586 4647090.788965377, 437064.58739572304 4647090.821226822, 437064.8007496486 4647090.824000566, 437072.30374726525 4647090.859581382, 437072.3646784311 4647090.858632991, 437080.0261917608 4647090.897841095, 437081.6962735261 4647090.908337682, 437087.7425406094 4647090.936043324, 437095.4649847807 4647090.974303034, 437095.65998317814 4647090.977362479, 437103.17524256004 4647091.01275242, 437105.771764752 4647091.027265116, 437110.8976875966 4647091.051088289, 437114.91430258926 4647091.073894043, 437118.6201312807 4647091.089347994, 437126.3364816902 4647091.127702532, 437135.57649019023 4647091.1667197235, 437149.49153022066 4647091.23657818, 437157.21397309744 4647091.274837873, 437160.26147908194 4647091.288349409, 437164.9242295811 4647091.313287239, 437169.5015827555 4647091.333535863, 437180.3630214075 4647091.389901444, 437188.085463636 4647091.428161121, 437195.80171774735 4647091.460422523, 437203.5180665361 4647091.498777036, 437211.47823457647 4647091.539431092, 437212.15601298475 4647053.477240867, 437215.28703657375 4647053.491430019, 437216.328659023 4647053.656998595, 437216.9917074797 4647054.605071218, 437217.05095374107 4647054.681612162, 437217.11732232216 4647054.752066737, 437217.19019144 4647054.8157748785, 437217.2688784102 4647054.87213973, 437217.35264604335 4647054.920633227, 437217.4407095509 4647054.960801053, 437217.5322438981 4647054.992266891, 437217.62639153283 4647055.014735948, 437217.7222704203 4647055.02799772, 437217.81898230605 4647055.031927963, 437217.9156211318 4647055.026489854, 437218.01128152345 4647055.011734343, 437218.1050672737 4647054.987799667, 437218.1960997381 4647054.954910062, 437218.28352606663 4647054.91337366, 437218.3665271938 4647054.863579598, 437218.44432551233 4647054.805994381, 437218.51619215816 4647054.741157502, 437218.5814538388 4647054.669676395, 437218.63949914137 4647054.592220739, 437218.6897842606 4647054.509516191, 437218.7318380935 4647054.422337576, 437218.76526665303 4647054.331501641, 437218.7897567592 4647054.237859394, 437218.8050789732 4647054.142288136, 437218.81108974665 4647054.045683239, 437218.908907906 4647046.919279843, 437218.90525761625 4647046.819097244, 437218.8915950804 4647046.719783535, 437218.8680576052 4647046.622336806, 437218.83488173946 4647046.527736385, 437218.79240089655 4647046.436932995, 437218.74104200373 4647046.350839198, 437218.68132121157 4647046.270320227, 437218.61383870675 4647046.196185287, 437218.53927268024 4647046.1291794265, 437218.4583725114 4647046.069976045, 437218.3719512371 4647046.01917013, 437218.2808773805 4647045.977272273, 437218.18606622284 4647045.9447035445, 437218.08847060456 4647045.9217912555, 437217.98907134973 4647045.908765672, 437217.8888674087 4647045.905757698, 437217.7888658188 4647045.912797565, 437217.6900715838 4647045.929814522, 437217.5934775737 4647045.956637551, 437217.50005454646 4647045.992997085, 437217.41074139206 4647046.038527714, 437217.3264356969 4647046.092771861, 437215.7532079572 4647047.220390785, 437213.8643369503 4647047.367172883, 437212.27069577837 4647047.364560576, 437212.9187868706 4647010.629604466, 437205.03781069757 4647010.581621468, 437197.3212897736 4647010.537097163, 437185.68555188784 4647010.462308039, 437181.88221655576 4647010.442352555, 437174.16575263377 4647010.391732756, 437166.44313913165 4647010.347379444, 437158.7327691877 4647010.296740961, 437143.29378681665 4647010.207937112, 437135.5710778287 4647010.157490673, 437127.8608020753 4647010.112945294, 437120.1380927625 4647010.062498849, 437112.41562926746 4647010.018066978, 437104.69901511766 4647009.967678012, 437096.9826444162 4647009.923151302, 437089.26602757245 4647009.872610003, 437081.5435646154 4647009.828254285, 437073.8270422836 4647009.783806098, 437066.1470598175 4647009.732694578, 437058.39405462716 4647009.688814226, 437053.895740784 4647009.661315908, 437050.6714961829 4647009.638365379, 437042.95497320604 4647009.59391718, 437035.23241325346 4647009.543392161, 437027.5097968323 4647009.499038795, 437026.8028912118 4647047.060540567, 437025.876705537 4647047.059022358, 437022.81951343786 4647046.5551007055, 437022.2104450592 4647045.886652601, 437022.14000739506 4647045.8166671805, 437022.06297636154 4647045.754012225, 437021.9801114402 4647045.699305476, 437021.8922296314 4647045.65308631, 437021.80019739916 4647045.615810422, 437021.7049221282 4647045.587845331, 437021.6073431777 4647045.569466757, 437021.50842262 4647045.5608559, 437021.4091357547 4647045.56209766, 437021.3104614931 4647045.573179794, 437021.2133727065 4647045.593993037, 437021.1188266344 4647045.624332184, 437021.0277554466 4647045.663898108, 437020.94105705246 4647045.712300711, 437020.85958624823 4647045.769062773, 437020.784146289 4647045.833624652, 437020.7154809694 4647045.905349804, 437020.6542672898 4647045.983531062, 437020.6011087818 4647046.067397602, 437020.5565295577 4647046.156122549, 437020.52096914296 4647046.248831128, 437020.4947781427 4647046.344609284, 437020.47821478517 4647046.442512699, 437020.47144237545 4647046.541576103, 437020.3543377933 4647052.8400282245, 437020.3574657349 4647052.939800017, 437020.3705249818 4647053.038762892, 437020.39338540914 4647053.135930764, 437020.42581923114 4647053.230335433, 437020.4675032709 4647053.3210362345, 437020.5180221805 4647053.407129406, 437020.57687257975 4647053.4877571, 437020.6434680719 4647053.562115925, 437020.7171450863 4647053.629464957, 437020.7971694911 4647053.689133116, 437020.8827439074 4647053.740525857, 437020.9730156551 4647053.783131091, 437021.067085249 4647053.816524294, 437021.1640153613 4647053.840372729, 437021.26284016157 4647053.854438764, 437021.3625749402 4647053.858582244, 437021.4622259206 4647053.852761882, 437021.5608001608 4647053.837035673, 437021.6573154481 4647053.811560316, 437021.75081008533 4647053.7765896525, 437021.8403524738 4647053.732472137, 437021.92505039554 4647053.679647365, 437022.0040599042 4647053.618641692, 437022.07659373357 4647053.550062993, 437022.1419291424 4647053.474594596, 437022.7093393539 4647052.748941803, 437025.24302708055 4647052.630189818, 437026.69654116686 4647052.636776844, 437025.9874498851 4647090.6357554635, 437041.89560842654 4647090.717329538, 437049.14869268786 4647090.75062949, 437051.1478989357 4647090.762174039))"
CHI_11_1,CHI_11_1_P03,15039.127127287233,562.5602821491168,0.5971650207232438,False,False,437123.5215564732,4646847.608379788,"POLYGON ((437041.533937383 4646807.0934748575, 437039.97314164584 4646808.421237472, 437036.64247072005 4646810.380684436, 437033.58315687976 4646812.74119843, 437031.1652550803 4646815.15077395, 437030.626036195 4646843.775303264, 437028.4196941783 4646843.765972462, 437025.98276123026 4646843.111290358, 437025.23544895725 4646842.268644591, 437025.16568129044 4646842.197462905, 437025.0891742199 4646842.1335799815, 437025.0066877942 4646842.0776304575, 437024.9190414632 4646842.030170155, 437024.82710593694 4646841.99167056, 437024.7317945362 4646841.962514144, 437024.63405411853 4646841.942990556, 437024.53485567257 4646841.933293751, 437024.43518467125 4646841.93352006, 437024.3360312822 4646841.943667235, 437024.2383805309 4646841.9636344705, 437024.1432025149 4646841.993223404, 437024.05144276697 4646842.032140089, 437023.9640128614 4646842.079997913, 437023.88178135833 4646842.136321439, 437023.80556517513 4646842.20055113, 437023.73612147075 4646842.272048904, 437023.6741401239 4646842.350104475, 437023.6202368796 4646842.433942414, 437023.5749472321 4646842.522729843, 437023.53872110497 4646842.615584716, 437023.5119183817 4646842.711584579, 437023.49480533006 4646842.809775736, 437023.48755195737 4646842.909182719, 437023.3338378099 4646849.596734784, 437023.3365283221 4646849.696527897, 437023.3491552938 4646849.79555549, 437023.37159288576 4646849.892830661, 437023.4036174872 4646849.987383976, 437023.4449099439 4646850.078273125, 437023.49505873927 4646850.164592315, 437023.5535640951 4646850.2454813, 437023.61984295276 4646850.320133945, 437023.6932347833 4646850.38780627, 437023.77300817095 4646850.44782386, 437023.8583681016 4646850.4995885845, 437023.9484638864 4646850.542584561, 437024.04239763936 4646850.5763832955, 437024.13923322567 4646850.600647954, 437024.23800559115 4646850.6151367165, 437024.33773037983 4646850.61970519, 437024.437413744 4646850.614307845, 437024.5360622488 4646850.598998471, 437024.6326927726 4646850.57392964, 437024.7263423049 4646850.539351186, 437024.8160775434 4646850.495607713, 437024.9010041953 4646850.443135166, 437024.9802758895 4646850.38245648, 437025.8032932025 4646849.684649623, 437029.3575918056 4646849.1754017575, 437030.52279696666 4646849.182750964, 437029.7958787296 4646887.760596125, 437037.5118516083 4646887.774582484, 437040.5531718002 4646887.782173601, 437045.22782432404 4646887.78856884, 437049.7867099374 4646887.796918291, 437052.94379688014 4646887.802555195, 437060.6536761574 4646887.816636386, 437068.36964720354 4646887.830546576, 437076.07952852856 4646887.8447800875, 437083.7954230864 4646887.8586914595, 437091.5053778814 4646887.872771457, 437099.2213681364 4646887.892852103, 437106.93132260616 4646887.9069321, 437110.02138596773 4646887.913688358, 437114.64127691655 4646887.921012091, 437122.3571718518 4646887.934999618, 437125.4289557359 4646887.942040382, 437137.7830192628 4646887.962990963, 437145.4928991322 4646887.977224465, 437150.09450910136 4646887.98475654, 437153.2088683979 4646887.991134635, 437160.92483868793 4646888.005120968, 437162.4058450176 4646888.006448314, 437168.634715701 4646888.019202133, 437171.65783162694 4646888.02707656, 437176.3445925487 4646888.033283299, 437180.86691785045 4646888.042201747, 437190.1126386958 4646888.056756731, 437191.7765319977 4646888.061255952, 437199.4863310139 4646888.075262134, 437202.5825640613 4646888.081998526, 437207.19628575444 4646888.089494432, 437215.1317006751 4646888.106083614, 437215.8122527875 4646850.351412459, 437218.3246060632 4646850.367258426, 437220.5655904018 4646850.494665351, 437222.05855242093 4646851.279306379, 437222.14627295156 4646851.320121371, 437222.2375271847 4646851.352268222, 437222.33146091196 4646851.375446012, 437222.4271948427 4646851.389437781, 437222.52383283514 4646851.3941125525, 437222.6204702846 4646851.38942657, 437222.71620259166 4646851.375423697, 437222.8101336296 4646851.35223501, 437222.901384133 4646851.320077574, 437222.9890999282 4646851.279252406, 437223.07245992916 4646851.23014166, 437223.1506838234 4646851.173205052, 437223.223039376 4646851.108975548, 437223.28884928464 4646851.038054388, 437223.34749751864 4646850.961105445, 437223.39843508636 4646850.878849021, 437223.4411851737 4646850.792055098, 437223.4753476075 4646850.701536132, 437223.5006026017 4646850.60813945, 437223.5167137503 4646850.512739314, 437223.523530241 4646850.416228741, 437223.6612647084 4646844.189984742, 437223.65864976327 4646844.092298065, 437223.6465126007 4646843.995333051, 437223.6249691248 4646843.900015669, 437223.5942250656 4646843.807256155, 437223.55457401415 4646843.7179403175, 437223.50639461924 4646843.632921081, 437223.4501469711 4646843.553010339, 437223.3863682081 4646843.4789712, 437223.3156673871 4646843.411510704, 437223.2387196673 4646843.351273065, 437223.1562598629 4646843.298833526, 437223.06907542574 4646843.254692857, 437222.97799892584 4646843.219272583, 437222.8839001005 4646843.192910949, 437222.7876775487 4646843.175859697, 437222.69025015016 4646843.168281659, 437222.59254829015 4646843.170249199, 437222.49550497497 4646843.181743531, 437222.40004692227 4646843.202654887, 437222.3070857109 4646843.232783576, 437222.21750907646 4646843.271841881, 437222.1321724331 4646843.319456815, 437222.05189070496 4646843.375173678, 437220.6323293557 4646844.466881247, 437218.8549128899 4646844.57133871, 437215.9217418081 4646844.558934088, 437216.596737478 4646807.0934748575, 437041.533937383 4646807.0934748575))"
CHI_11_1,CHI_11_1_P04,6860.988463158069,331.3857249115907,0.7851072001840543,False,False,437276.33123144053,4646949.116288685,"POLYGON ((437318.49593053927 4646908.407734373, 437312.1442675517 4646908.396482278, 437304.4161142049 4646908.382686072, 437296.6938828104 4646908.3627031045, 437265.7874364299 4646908.307422237, 437258.05928211 4646908.2936260225, 437234.88091128785 4646908.252142531, 437234.1919755371 4646946.610026066, 437234.10458738456 4646951.176234185, 437233.4155612701 4646989.528024799, 437241.1439057988 4646989.554005538, 437248.8722501638 4646989.579986276, 437272.04509487236 4646989.658041988, 437279.7732675872 4646989.677930791, 437287.5016896752 4646989.704062659, 437295.2300330672 4646989.730043382, 437318.40896796604 4646989.808004216, 437318.49593053927 4646989.808365839, 437318.49593053927 4646908.407734373))"
CHI_11_1,CHI_11_1_P05,6736.600407119804,343.3927228671932,0.7179074767880328,False,False,437276.96594080166,4646847.771328226,"POLYGON ((437318.49593053927 4646807.0934748575, 437236.7111314381 4646807.0934748575, 437236.0381813478 4646844.415153043, 437234.1377581978 4646844.407452472, 437231.48195722443 4646844.335430458, 437230.5818576805 4646843.421817084, 437230.50998961215 4646843.355667222, 437230.4320107652 4646843.296844414, 437230.3486651221 4646843.245909876, 437230.2607478691 4646843.203349566, 437230.16909780906 4646843.169569544, 437230.07458935905 4646843.144892099, 437229.9781242075 4646843.129552676, 437229.8806227114 4646843.123697624, 437229.78301511524 4646843.127382805, 437229.6862326759 4646843.14057306, 437229.5911987776 4646843.163142542, 437229.49882012187 4646843.194875922, 437229.4099780772 4646843.235470435, 437229.3255202699 4646843.284538777, 437229.2462524969 4646843.341612794, 437229.1729310381 4646843.406147956, 437229.1062554405 4646843.477528542, 437229.04686184425 4646843.555073523, 437228.99531691324 4646843.638043056, 437228.9521124284 4646843.725645544, 437228.9176605962 4646843.817045187, 437228.8922901154 4646843.911369956, 437228.8762430414 4646844.007719916, 437228.8696724764 4646844.105175809, 437228.7707963218 4646849.46050742, 437228.7739350317 4646849.560252511, 437228.7869997211 4646849.659188088, 437228.8098602794 4646849.756328859, 437228.84228904 4646849.850707406, 437228.8839630468 4646849.941383819, 437228.9344672713 4646850.027455056, 437228.99329874513 4646850.108063941, 437229.05987156945 4646850.182407695, 437229.1335227499 4646850.249745932, 437229.21351879917 4646850.309408037, 437229.2990630419 4646850.360799837, 437229.3893035485 4646850.403409526, 437229.48334161966 4646850.436812757, 437229.5802407364 4646850.4606768675, 437229.67903588683 4646850.474764198, 437229.7787431764 4646850.478934453, 437229.8783696267 4646850.473146101, 437229.9769230645 4646850.45745679, 437230.0734220026 4646850.432022766, 437230.1669054143 4646850.397097326, 437230.25644230435 4646850.35302829, 437230.94934897183 4646849.96790019, 437234.65598488867 4646849.736513988, 437235.93702569685 4646849.744802416, 437235.24430555437 4646888.140357812, 437242.94207331614 4646888.15477978, 437250.6397611962 4646888.168974436, 437258.33128082316 4646888.18334128, 437273.72673431266 4646888.211881721, 437277.5726093376 4646888.219139526, 437281.4183296218 4646888.226247373, 437289.1099247687 4646888.240613022, 437314.24482531805 4646888.288136764, 437318.49593053927 4646888.296496127, 437318.49593053927 4646807.0934748575))"
CHI_11_1,CHI_11_1_P06,3721.209527464268,273.86829735225416,0.6234626837541033,False,False,437275.12081025244,4647031.44758362,"POLYGON ((437318.49593053927 4647009.914581602, 437294.8847504036 4647009.8352961885, 437287.26006608806 4647009.807702456, 437267.89110654994 4647009.750661502, 437263.9714706564 4647009.737468077, 437258.7176882295 4647009.721652337, 437256.2430504409 4647009.711488952, 437248.5147823903 4647009.685507455, 437233.05200035864 4647009.633641657, 437232.39093059866 4647046.736797483, 437229.2929972393 4647046.709071774, 437228.23099508515 4647046.2670465205, 437227.7941244441 4647045.774575823, 437227.7241204775 4647045.703193939, 437227.6473385762 4647045.6391590405, 437227.5645462463 4647045.583111214, 437227.4765710741 4647045.535610712, 437227.3842924531 4647045.497132344, 437227.2886327939 4647045.468060738, 437227.1905483035 4647045.448686493, 437227.0910194275 4647045.43920327, 437226.99104104954 4647045.439705864, 437226.8916125463 4647045.4501892505, 437226.793727798 4647045.470548639, 437226.6983652535 4647045.5005805185, 437226.6064781502 4647045.539984693, 437226.51898498484 4647045.58836728, 437226.436760333 4647045.64524465, 437226.3606261063 4647045.710048262, 437226.2913433372 4647045.782130345, 437226.2296045712 4647045.860770369, 437226.17602694465 4647045.9451822555, 437226.1311460156 4647046.034522229, 437226.0954104107 4647046.127897253, 437226.06917734054 4647046.224373959, 437226.0527090289 4647046.322987971, 437226.04617009195 4647046.422753551, 437225.941613698 4647053.1945565, 437225.9448216906 4647053.29150085, 437225.9574068778 4647053.387678349, 437225.9792508519 4647053.482184111, 437226.01014809386 4647053.574128979, 437226.04980790714 4647053.662647889, 437226.09785715234 4647053.746908012, 437226.15384375834 4647053.826116586, 437226.2172409751 4647053.899528378, 437226.28745233023 4647053.966452693, 437226.3638172401 4647054.026259872, 437226.4456172257 4647054.078387222, 437226.532082672 4647054.122344302, 437226.622400069 4647054.157717542, 437226.71571966563 4647054.184174132, 437226.81116346456 4647054.201465155, 437226.90783348307 4647054.20942793, 437227.0048202014 4647054.207987539, 437227.1012111202 4647054.197157532, 437227.1960993457 4647054.177039806, 437227.2885921221 4647054.147823636, 437227.3778192314 4647054.109783904, 437227.46294118045 4647054.063278506, 437227.54315709946 4647054.008744988, 437227.6177122772 4647053.946696428, 437227.68590526143 4647053.877716611, 437227.7470944585 4647053.802454533, 437227.80070416996 4647053.721618297, 437227.84623000893 4647053.6359684495, 437227.8832436458 4647053.546310829, 437228.2598699307 4647052.491685842, 437229.9227745217 4647052.303546482, 437318.49593053927 4647052.968673041, 437318.49593053927 4647009.914581602))"
CHI_11_1,CHI_11_1_P07,3347.6047722948447,250.47484066312163,0.6705263115811223,False,False,437275.2034993904,4647072.391813636,"POLYGON ((437318.49593053927 4647053.153253561, 437317.2373734793 4647053.149016447, 437301.7930633372 4647053.109054217, 437294.0708131824 4647053.0829799855, 437286.34865770483 4647053.0629988685, 437283.5693433984 4647053.05133108, 437278.62023794954 4647053.037020656, 437270.9042514254 4647053.016943512, 437263.29177150567 4647052.9952552905, 437263.1759261839 4647052.997058407, 437255.4537513845 4647052.970982982, 437247.7316712617 4647052.951000668, 437244.64143804205 4647052.938153878, 437232.2810952672 4647052.905117479, 437231.5914849473 4647091.61025167, 437239.31362527714 4647091.624290016, 437243.95173528977 4647091.637345979, 437247.0417975143 4647091.644100518, 437254.7637828207 4647091.657988907, 437262.486015132 4647091.677968036, 437262.6017842889 4647091.676166092, 437270.21409322816 4647091.691761583, 437277.9302321037 4647091.711835546, 437282.87924272486 4647091.720052333, 437285.65838603885 4647091.725627903, 437293.3804466984 4647091.739515094, 437301.10260203475 4647091.759495402, 437308.8307542967 4647091.773211588, 437316.5468185681 4647091.7934390595, 437318.49593053927 4647091.796925077, 437318.49593053927 4647053.153253561))"
CHI_11_1,CHI_11_1_P08,2950.055196659154,402.8710724853262,0.22840617266642743,False,False,437117.3377047164,4647119.14152243,"POLYGON ((437210.84534590226 4647127.0934748575, 437211.12077114056 4647111.644878285, 437200.161938398 4647111.596123864, 437195.2188114183 4647111.569531966, 437188.2766463289 4647111.537259077, 437187.5147248441 4647111.530987007, 437179.7982995505 4647111.492634097, 437172.09405913984 4647111.454015337, 437168.25431610446 4647111.434551397, 437156.67362246435 4647111.3771162685, 437148.96346064215 4647111.344760436, 437141.25320381863 4647111.306311486, 437133.5491161135 4647111.267766511, 437125.83878280333 4647111.229318741, 437118.1225085426 4647111.190963437, 437110.4182680257 4647111.1524208225, 437102.7080290694 4647111.120066159, 437095.0039405562 4647111.081521169, 437079.57733136805 4647111.004718069, 437071.87316620845 4647110.966174258, 437068.7525222257 4647110.9476304855, 437064.16298393166 4647110.927724094, 437059.5123422231 4647110.9025980085, 437056.4526491667 4647110.8892763015, 437048.7424090806 4647110.8569216225, 437025.60561486776 4647110.741668316, 437025.29740663973 4647127.0934748575, 437210.84534590226 4647127.0934748575))"
CHI_11_1,CHI_11_1_P09,1335.943550477532,205.37083950790438,0.39803422349413686,False,False,437274.7062839931,4647119.454625507,"POLYGON ((437318.49593053927 4647127.0934748575, 437318.49593053927 4647111.900749214, 437313.5441857042 4647111.891295973, 437302.73206491815 4647111.870731007, 437292.99861211714 4647111.845413334, 437285.2765514447 4647111.831526562, 437251.41374947754 4647111.755314261, 437246.6781660404 4647111.749717957, 437241.38180890406 4647111.734642524, 437231.2339477497 4647111.715851275, 437230.96006378246 4647127.0934748575, 437318.49593053927 4647127.0934748575))"
CHI_11_1,CHI_11_1_P10,904.0389090646461,178.85655261817686,0.3551299295816535,False,False,437004.5992764805,4646848.924577314,"POLYGON ((436998.49593053927 4646887.705745311, 437009.6831852631 4646887.726246827, 437009.93027389835 4646874.625119065, 437010.5445123718 4646842.039955314, 437010.8004945157 4646828.3354006335, 437010.8316051839 4646826.805173394, 437011.20465839526 4646807.0934748575, 437010.8803105486 4646807.0934748575, 436998.49593053927 4646816.652139104, 436998.49593053927 4646887.705745311))"
CHI_11_1,CHI_11_1_P11,861.3454593326309,199.40548503135972,0.27221561394417193,False,False,437003.961935159,4646947.543764401,"POLYGON ((436998.49593053927 4646989.211329567, 437007.77752238704 4646989.267461844, 437008.49140262057 4646951.387510324, 437011.1187925778 4646951.39391544, 437012.6411329041 4646951.737597572, 437013.28437261184 4646952.25570926, 437013.3603786361 4646952.311241197, 437013.4412694304 4646952.359380488, 437013.52632824454 4646952.399700582, 437013.6148013969 4646952.431844216, 437013.7059049523 4646952.455526573, 437013.79883166845 4646952.4705378115, 437013.8927581485 4646952.476744921, 437013.9811557728 4646952.478416343, 437014.0789821492 4646952.475475865, 437014.176052562 4646952.462986618, 437014.27143720805 4646952.441068233, 437014.3642224316 4646952.409930658, 437014.45351947576 4646952.369872147, 437014.5384729958 4646952.32127641, 437014.6182692519 4646952.264608924, 437014.692143904 4646952.20041249, 437014.7593893329 4646952.129302023, 437014.8193614185 4646952.051958663, 437014.87148570933 4646951.969123256, 437014.9152629252 4646951.881589253, 437014.95027373976 4646951.790195111, 437014.97618279676 4646951.695816263, 437014.99274192244 4646951.599356729, 437014.99979250284 4646951.501740461, 437015.1554109626 4646944.780028763, 437015.153030746 4646944.68415645, 437015.14147771854 4646944.588953018, 437015.1208581355 4646944.49529407, 437015.09136163857 4646944.404041002, 437015.0532595118 4646944.316033083, 437015.0069021869 4646944.232079737, 437014.9527160199 4646944.152953097, 437014.8911993698 4646944.079380903, 437014.82291801553 4646944.012039813, 437014.7484999521 4646943.9515491715, 437014.66862961464 4646943.898465322, 437014.584041584 4646943.8532764865, 437014.4955138303 4646943.816398272, 437014.40386055794 4646943.788169856, 437014.30992471724 4646943.768850857, 437014.2145702518 4646943.758618958, 437014.1736989459 4646943.756207805, 437014.07028922165 4646943.755463633, 437013.96735558193 4646943.765402983, 437013.8659988119 4646943.785919563, 437013.7673028336 4646943.816793965, 437013.6723231141 4646943.857696015, 437013.5820753784 4646943.908188303, 437013.49752474704 4646943.967730856, 437013.41957541497 4646944.0356869185, 437013.3490609824 4646944.111329761, 437012.1204209853 4646945.574188996, 437010.6782779306 4646945.838843536, 437008.59133104084 4646945.832642353, 437009.30743343337 4646907.832141617, 436998.49593053927 4646907.813463653, 436998.49593053927 4646989.211329567))"
CHI_11_1,CHI_11_1_P12,660.6044165932808,178.55123582888478,0.2603907880712405,False,False,437002.5791883582,4647048.641363121,"POLYGON ((436998.49593053927 4647090.441250028, 437005.8732386904 4647090.503927378, 437006.04791571555 4647081.365336106, 437006.16026253864 4647075.275164324, 437006.24755438557 4647070.70286022, 437007.4017749235 4647009.373280714, 436998.49593053927 4647009.318646059, 436998.49593053927 4647090.441250028))"
CHI_11_1,CHI_11_1_P13,113.06130109619336,46.72256483246792,0.650834389093289,False,False,437001.9177240354,4647118.774368915,"POLYGON ((436998.49593053927 4647127.0934748575, 437005.18725461385 4647127.0934748575, 437005.4974205916 4647110.609747677, 436998.49593053927 4647110.550618865, 436998.49593053927 4647127.0934748575))"
CHI_11_1,CHI_11_1_P14,11.232283062212385,16.373991965703837,0.5264640950778092,False,False,437000.2942667712,4646808.481459406,"POLYGON ((436998.49593053927 4646807.0934748575, 436998.49593053927 4646811.257428503, 437003.89093923505 4646807.0934748575, 436998.49593053927 4646807.0934748575))"
CHI_11_2,CHI_11_2_P01,14535.202217508924,564.5484991521425,0.5730973863649494,True,True,435876.8201136819,4647265.964308729,"POLYGON ((435921.72135999386 4647312.480369766, 435921.6300685158 4647312.512267807, 435921.54228495207 4647312.552834602, 435921.4588302213 4647312.601690787, 435920.14909694897 4647313.456050926, 435918.16878892167 4647313.4917249745, 435917.94654946245 4647304.4580937475, 435917.7190749112 4647295.325734931, 435917.2642236974 4647277.067262739, 435917.04276916827 4647267.934962567, 435916.8153716849 4647258.8026025295, 435916.5878232864 4647249.670321015, 435916.3604274432 4647240.5380371185, 435916.1391249631 4647231.405658375, 435915.91157605953 4647222.273300668, 435915.68410591746 4647213.141094093, 435915.4567296584 4647204.0149044795, 435915.22925878485 4647194.882621722, 435915.0078824597 4647185.750320278, 435914.74925641663 4647175.399523861, 435878.1823941881 4647176.282005541, 435878.0821141585 4647172.096270546, 435878.9720886565 4647171.041939179, 435879.0324444358 4647170.962752801, 435879.0846265914 4647170.877957015, 435879.12811782607 4647170.788392429, 435879.1624869979 4647170.694946923, 435879.187393395 4647170.5985468505, 435879.20259011263 4647170.500147855, 435879.2079265012 4647170.4007253945, 435879.20334965945 4647170.301265075, 435879.188904959 4647170.202752877, 435879.1647355946 4647170.10616538, 435879.13108116435 4647170.012460087, 435879.08827529487 4647169.922565927, 435879.0367423337 4647169.837374046, 435878.9769931426 4647169.757728978, 435878.9096200335 4647169.68442027, 435878.8352908964 4647169.618174651, 435878.7547425784 4647169.559648835, 435878.6687735796 4647169.509423007, 435878.5782361364 4647169.46799507, 435878.48402777413 4647169.435775711, 435878.38708240865 4647169.413084331, 435878.2883610887 4647169.400145876, 435878.18884246866 4647169.397088611, 435870.85036733624 4647169.537215364, 435870.7524503147 4647169.543902176, 435870.655660371 4647169.56015528, 435870.56092983007 4647169.585818117, 435870.4691711797 4647169.62064349, 435870.3812682811 4647169.664295947, 435870.29806785507 4647169.716355006, 435870.22037132626 4647169.776319212, 435870.148927103 4647169.843610962, 435870.0844233686 4647169.9175820695, 435870.0274814526 4647169.997520013, 435869.9786498455 4647170.082654793, 435869.9383989157 4647170.172166351, 435869.90711637837 4647170.265192474, 435869.88510356133 4647170.360837089, 435869.872572502 4647170.458178905, 435869.8696439053 4647170.55628028, 435869.87634598085 4647170.654196259, 435869.8926141712 4647170.750983668, 435869.9182917736 4647170.845710208, 435869.95313144976 4647170.937463428, 435869.996797608 4647171.025359522, 435870.0488696359 4647171.108551832, 435870.10884595197 4647171.1862390125, 435870.17614883697 4647171.257672746, 435870.2501299986 4647171.322164949, 435871.6902416731 4647172.458155609, 435871.7785782241 4647176.437571643, 435834.4829954787 4647177.343669394, 435834.70437281666 4647186.476049004, 435834.9256555408 4647195.6023354735, 435835.14684483426 4647204.722604957, 435835.36822166725 4647213.854908374, 435835.59569304937 4647222.987193108, 435836.0384490335 4647241.251876064, 435836.2596394584 4647250.372145498, 435836.4810186102 4647259.504525035, 435836.7023979886 4647268.63690456, 435837.14506258233 4647286.89557045, 435837.37242225494 4647296.015667644, 435837.59363153065 4647305.14195518, 435837.81206649437 4647314.2092736, 435833.6056973614 4647314.2497477, 435832.3671440334 4647313.386221451, 435832.2821880686 4647313.33310843, 435832.1923436823 4647313.2887632465, 435832.098512778 4647313.253631063, 435832.0016372781 4647313.228064551, 435831.90268966823 4647313.212320362, 435831.8026632348 4647313.206556545, 435831.7025620941 4647313.210830958, 435831.6033911123 4647313.225100693, 435831.5061458182 4647313.249222504, 435831.41180240957 4647313.282954243, 435831.3213079535 4647313.325957294, 435831.2355708795 4647313.37779997, 435831.1554518599 4647313.437961849, 435831.0817551702 4647313.505838995, 435831.01522061526 4647313.580750022, 435830.9565161029 4647313.661942936, 435830.9062309388 4647313.74860268, 435830.86486991105 4647313.83985932, 435830.8328482227 4647313.934796776, 435830.8104873238 4647314.032462016, 435830.7980116844 4647314.131874627, 435830.7955465413 4647314.232036657, 435830.96433314437 4647320.8469406655, 435830.9718276776 4647320.946247401, 435830.9891626488 4647321.044316227, 435831.0161661297 4647321.140174495, 435831.0525702999 4647321.232871487, 435831.098014103 4647321.321487831, 435831.1520468276 4647321.405144632, 435831.21413257736 4647321.483012183, 435831.283655586 4647321.554318192, 435831.35992632475 4647321.618355448, 435831.44218834065 4647321.674488829, 435831.5296257594 4647321.722161605, 435831.621371377 4647321.760900957, 435831.7165152609 4647321.790322668, 435831.81411377445 4647321.810134934, 435831.913198936 4647321.820141258, 435832.01278801926 4647321.820242396, 435832.1118933002 4647321.810437344, 435832.20953185303 4647321.790823352, 435832.3047352991 4647321.761594947, 435832.3965594109 4647321.72304202, 435832.48409347737 4647321.675546937, 435832.56646933604 4647321.619580753, 435833.39904741396 4647320.991130438, 435837.97549723904 4647320.937807825, 435838.8215280832 4647355.836043593, 435849.33370798075 4647355.770004371, 435852.37448765035 4647355.74712721, 435859.99210299214 4647355.695518419, 435867.6033977313 4647355.644084192, 435871.40599032183 4647355.615443505, 435875.2147684789 4647355.592648782, 435882.8261390683 4647355.541213374, 435890.43733730534 4647355.483609851, 435905.66624936834 4647355.38079534, 435908.09778759314 4647355.367172879, 435919.2009996721 4647355.291933824, 435918.3277937419 4647320.001581165, 435919.96956710354 4647319.982452004, 435921.60422056686 4647321.029050738, 435921.689402147 4647321.077866252, 435921.77896001644 4647321.118093655, 435921.87203093973 4647321.149345203, 435921.9677178198 4647321.171319664, 435922.06509834446 4647321.183805233, 435922.1632338769 4647321.186681559, 435922.26117850293 4647321.179920921, 435922.3579881483 4647321.163588483, 435922.45272967883 4647321.13784167, 435922.5444898945 4647321.102928652, 435922.63238433196 4647321.059185951, 435922.7155657892 4647321.007035198, 435922.7932324922 4647320.946979064, 435922.8646358228 4647320.8795964215, 435922.9290875346 4647320.805536765, 435922.9859663868 4647320.725513942, 435923.03472413233 4647320.640299282, 435923.0748908023 4647320.550714157, 435923.1060792361 4647320.457622065, 435923.12798881263 4647320.361920307, 435923.1404083489 4647320.2645313395, 435923.14321813465 4647320.166393879, 435923.0049717531 4647313.41876304, 435922.9983183773 4647313.322288424, 435922.98237756453 4647313.226907559, 435922.9572983872 4647313.13351241, 435922.92331537616 4647313.042976374, 435922.8807463277 4647312.956146108, 435922.82998933125 4647312.873833616, 435922.7715190469 4647312.796808654, 435922.7058822665 4647312.72579153, 435922.6336928002 4647312.661446368, 435922.55562573636 4647312.6043748995, 435922.4724111284 4647312.555110836, 435922.38482716767 4647312.514114876, 435922.293692906 4647312.481770398, 435922.1998605962 4647312.458379875, 435922.10420772235 4647312.444162047, 435922.00762879365 4647312.439249871, 435921.91102697945 4647312.443689288, 435921.8153056631 4647312.45743878, 435921.72135999386 4647312.480369766), (435881.485294842 4647314.146612387, 435882.01023833436 4647314.143099338, 435881.4854371721 4647314.1525533125, 435881.485294842 4647314.146612387))"
CHI_11_2,CHI_11_2_P02,14440.94629283778,567.498078988299,0.5634776897308725,True,True,435776.36970739154,4647267.5975575065,"POLYGON ((435823.7520182151 4647313.06427018, 435823.6696539056 4647313.120538481, 435823.5933051191 4647313.184732437, 435823.5237315261 4647313.256213318, 435823.461625384 4647313.334269889, 435822.70653351286 4647314.387071494, 435817.7041494114 4647314.43532154, 435817.4839076461 4647305.302608569, 435817.2627170351 4647296.182414854, 435817.03448508563 4647287.001384601, 435816.81395763997 4647277.923766668, 435816.59267405124 4647268.797555953, 435816.3713895019 4647259.671269066, 435815.92872505717 4647241.412525957, 435815.7013492355 4647232.286410048, 435815.48006559315 4647223.16012312, 435815.2587821776 4647214.033836183, 435815.03742282395 4647204.907550421, 435814.5947622799 4647186.648883365, 435814.37839400553 4647177.833421378, 435777.7413484627 4647178.722702304, 435777.6286651431 4647174.614341563, 435778.6741714175 4647173.4241406685, 435778.7342256074 4647173.348734984, 435778.7867402808 4647173.267897294, 435778.83122744405 4647173.182378786, 435778.86727369914 4647173.092974141, 435778.89454408555 4647173.000514155, 435778.9127851924 4647172.905858014, 435778.921827514 4647172.809885313, 435778.9215870242 4647172.713487879, 435778.9120659578 4647172.617561489, 435778.8933527896 4647172.52299754, 435778.865621412 4647172.430674772, 435778.8291295196 4647172.341451094, 435778.7842162141 4647172.2561556185, 435778.7312988534 4647172.175580958, 435778.67086917337 4647172.100475853, 435778.6034887181 4647172.03153822, 435778.52978362207 4647171.969408663, 435778.4504387916 4647171.914664524, 435778.36619154026 4647171.867814511, 435778.2778247377 4647171.829293981, 435778.18615953444 4647171.799460887, 435778.0920477314 4647171.778592453, 435777.99636386475 4647171.7668826, 435777.899997079 4647171.764440142, 435770.9859864667 4647171.922643261, 435770.8900753891 4647171.929461776, 435770.79526254453 4647171.945460259, 435770.7024245181 4647171.970490797, 435770.61241963715 4647172.004321971, 435770.52608003514 4647172.046640999, 435770.4442039586 4647172.097056622, 435770.36754838674 4647172.155102726, 435770.2968220331 4647172.220242651, 435770.2326787931 4647172.291874151, 435770.17571169825 4647172.369334961, 435770.1264474337 4647172.451908923, 435770.0853414686 4647172.538832606, 435770.0527738452 4647172.629302362, 435770.02904566505 4647172.722481761, 435770.01437630533 4647172.81750932, 435770.0089013905 4647172.913506467, 435770.0126715385 4647173.009585668, 435770.0256518927 4647173.10485863, 435770.0477224442 4647173.198444515, 435770.07867914124 4647173.289478079, 435770.1182357761 4647173.377117679, 435770.16602663056 4647173.460553051, 435771.06219948217 4647174.864057743, 435771.1584965647 4647178.876745307, 435733.953612207 4647179.779958718, 435734.14855853666 4647187.9924653685, 435734.2828503117 4647193.487717819, 435734.36976636446 4647197.118831676, 435734.5912192157 4647206.251136418, 435734.80642801244 4647215.383614524, 435735.02778766217 4647224.509902272, 435735.2429957287 4647233.642304196, 435735.68565985863 4647251.901051318, 435735.90102211654 4647261.033527007, 435736.12232422776 4647270.165834052, 435736.3375932834 4647279.29229275, 435736.7803533372 4647297.557056752, 435736.995373529 4647306.6772723235, 435737.19353964174 4647314.883253737, 435733.49422084616 4647314.878684777, 435731.90478509833 4647313.86348623, 435731.8194259339 4647313.814700776, 435731.7296886848 4647313.774533207, 435731.6364407699 4647313.74337179, 435731.54058354284 4647313.72151774, 435731.4430435795 4647313.709182301, 435731.3447637214 4647313.70648471, 435731.246693962 4647313.713451044, 435731.149782264 4647313.730013963, 435731.054965396 4647313.756013367, 435730.9631598774 4647313.791197942, 435730.87525311956 4647313.8352275845, 435730.7920948473 4647313.887676695, 435730.71448888583 4647313.948038291, 435730.6431853904 4647314.015728904, 435730.57887359546 4647314.090094222, 435730.52217515215 4647314.170415415, 435730.47363811935 4647314.255916081, 435730.4337316661 4647314.345769754, 435730.40284153656 4647314.439107889, 435730.381266321 4647314.53502826, 435730.36921457 4647314.632603681, 435730.3668027782 4647314.730890968, 435730.5445794112 4647321.9429291235, 435730.5518443326 4647322.041086886, 435730.56872365694 4647322.138054993, 435730.59505386197 4647322.232894044, 435730.63057986787 4647322.324685265, 435730.6749575084 4647322.412539409, 435730.7277568652 4647322.495605365, 435730.78846643266 4647322.573078418, 435730.85649807315 4647322.644208027, 435730.9311927147 4647322.708305108, 435731.01182673627 4647322.764748708, 435731.09761897754 4647322.812992016, 435731.1877383069 4647322.852567663, 435731.28131167294 4647322.883092253, 435731.37743256264 4647322.90427007, 435731.4751697832 4647322.91589595, 435731.5735764833 4647322.917857265, 435731.67169932585 4647322.910135015, 435731.7685877236 4647322.892804009, 435731.86330304854 4647322.866032147, 435731.95492772444 4647322.830078786, 435732.0425741167 4647322.785292233, 435732.12539313117 4647322.732106369, 435732.2025824399 4647322.671036442, 435732.27339425415 4647322.602674081, 435733.43928161357 4647321.360585184, 435737.3497869735 4647321.329676002, 435738.19340504863 4647356.622430383, 435751.7644358167 4647356.514720344, 435759.39399234747 4647356.456831082, 435767.0234562458 4647356.393001011, 435774.65301364596 4647356.335187918, 435782.2824760423 4647356.271281686, 435789.90593998437 4647356.213563433, 435797.53540325246 4647356.149733371, 435805.1648826679 4647356.091845301, 435818.71161458024 4647355.984513478, 435817.85626144 4647320.693341558, 435822.6220942371 4647320.655671748, 435823.9262670065 4647321.432850543, 435824.01182135666 4647321.478367628, 435824.1013798047 4647321.515389731, 435824.19410127576 4647321.543569166, 435824.28911498963 4647321.562641292, 435824.38552863925 4647321.5724269925, 435824.4824367701 4647321.572834369, 435824.5789292838 4647321.563859594, 435824.6740999852 4647321.545586954, 435824.7670550928 4647321.518188054, 435824.8569216325 4647321.481920205, 435824.94285563595 4647321.437124013, 435825.0240500668 4647321.3842201745, 435825.0997423994 4647321.323705527, 435825.1692217806 4647321.256148386, 435825.23183570505 4647321.182183203, 435825.28699614335 4647321.102504612, 435825.3341850644 4647321.0178609025, 435825.3729593005 4647320.929046994, 435825.4029547091 4647320.836896968, 435825.42388959276 4647320.742276239, 435825.43556734466 4647320.646073422, 435825.4378782949 4647320.549191994, 435825.27392584056 4647313.892464502, 435825.26649935584 4647313.792991648, 435825.24919978005 4647313.694753541, 435825.222199244 4647313.598727647, 435825.18576640304 4647313.505869426, 435825.1402637639 4647313.4171028165, 435825.086144078 4647313.3333110465, 435825.02394583623 4647313.255327843, 435824.9542879112 4647313.183929142, 435824.8778633992 4647313.119825358, 435824.79543272447 4647313.063654324, 435824.7078160721 4647313.015974943, 435824.61588522804 4647312.977261623, 435824.5205549041 4647312.947899564, 435824.42277363734 4647312.928180917, 435824.3235143514 4647312.918301883, 435824.2237646762 4647312.918360759, 435824.1245171212 4647312.928356958, 435824.0267591996 4647312.948191018, 435823.93146360305 4647312.977665591, 435823.83957852266 4647313.016487404, 435823.7520182151 4647313.06427018), (435772.8596572338 4647314.927304307, 435772.26557804144 4647314.926570571, 435772.8649360234 4647314.921782627, 435772.8596572338 4647314.927304307))"
CHI_11_2,CHI_11_2_P03,10913.672442330078,453.2894139883859,0.6674667335883342,True,True,435976.1853102591,4647242.036738076,"POLYGON ((436016.92735921865 4647238.564413398, 436016.70588345535 4647229.425792871, 436016.4905046088 4647220.287305989, 436016.2690316705 4647211.148837774, 436016.05365209206 4647202.010274706, 436015.8321796062 4647192.87180647, 436015.616799297 4647183.733167218, 436015.39381099795 4647174.497284985, 435978.60985533684 4647174.762281722, 435978.5067694775 4647170.577896643, 435979.1799477548 4647169.67497243, 435979.2338785557 4647169.594830003, 435979.27982510143 4647169.50985792, 435979.3173586491 4647169.420849085, 435979.34612896043 4647169.328634068, 435979.3658675698 4647169.234073362, 435979.37639028963 4647169.138049343, 435979.3775989288 4647169.041458043, 435979.36948220915 4647168.94520079, 435979.3521158704 4647168.850175792, 435979.3256619639 4647168.757269761, 435979.29036733997 4647168.667349632, 435979.24656134483 4647168.581254482, 435979.194652747 4647168.499787696, 435979.1351259233 4647168.423709465, 435979.0685363388 4647168.3537297025, 435978.9955053635 4647168.290501413, 435978.91671447427 4647168.234614601, 435978.83289889566 4647168.1865907665, 435978.7448407394 4647168.146878035, 435978.653361706 4647168.115846979, 435978.5593154174 4647168.093787162, 435978.4635794516 4647168.08090443, 435978.36704715336 4647168.077318996, 435971.326864922 4647168.156122865, 435971.22868105426 4647168.162059844, 435971.13155544014 4647168.177614093, 435971.03642780095 4647168.2026351215, 435970.9442185272 4647168.236880843, 435970.85581977287 4647168.280019918, 435970.77208682423 4647168.331634964, 435970.6938298244 4647168.391226587, 435970.62180593476 4647168.458218221, 435970.5567120095 4647168.531961698, 435970.49917785317 4647168.611743528, 435970.44976012706 4647168.696791797, 435970.40893696353 4647168.786283634, 435970.37710333976 4647168.879353178, 435970.3545672561 4647168.975099951, 435970.3415467565 4647169.072597573, 435970.3381678184 4647169.170902722, 435970.3444631341 4647169.269064265, 435970.36037179444 4647169.366132458, 435970.385739878 4647169.4611681355, 435970.42032194044 4647169.553251796, 435970.46378338936 4647169.641492501, 435970.51570372126 4647169.725036494, 435970.5755805904 4647169.80307546, 435970.64283466904 4647169.874854346, 435972.03060706257 4647171.217118074, 435972.11124039645 4647174.8072127085, 435934.8565091331 4647175.080456061, 435935.31173462863 4647193.363300018, 435935.5401526822 4647202.556437465, 435935.7608678987 4647211.646238772, 435935.98860502744 4647220.7907061, 435936.443736767 4647239.067380655, 435936.5575411899 4647243.64281498, 435937.12645772443 4647266.48867715, 435937.35412005207 4647275.633145603, 435937.57559462776 4647284.771615753, 435937.80325622356 4647293.91600802, 435938.0308255757 4647303.054459475, 435938.25848881144 4647312.198927885, 435975.19163877476 4647311.95795618, 435975.2386918786 4647314.052934617, 435973.9639429112 4647315.457764051, 435973.9004376967 4647315.535213501, 435973.8449983384 4647315.618626972, 435973.7981809664 4647315.707167716, 435973.7604552213 4647315.7999475505, 435973.7321995424 4647315.896035771, 435973.7136973718 4647315.994468486, 435973.70513431076 4647316.094258282, 435973.70659625833 4647316.194404137, 435973.71806854906 4647316.293901455, 435973.73943610076 4647316.391752143, 435973.77048456843 4647316.486974632, 435973.8109024946 4647316.5786137115, 435973.8602844338 4647316.66575012, 435973.91813501954 4647316.747509763, 435973.98387393344 4647316.823072484, 435974.0568417269 4647316.891680287, 435974.1363064358 4647316.952644946, 435974.2214709235 4647317.005354904, 435974.31148087705 4647317.049281409, 435974.4054333769 4647317.08398382, 435974.5023859545 4647317.109114027, 435974.6013660466 4647317.12441994, 435974.70138075127 4647317.129748018, 435974.80142678815 4647317.125044818, 435983.1110224789 4647316.315847352, 435983.2098586462 4647316.301207511, 435983.30674057076 4647316.2767779045, 435983.40070108866 4647316.242802413, 435983.4908022002 4647316.199620211, 435983.57614443393 4647316.147662381, 435983.6558758257 4647316.087447614, 435983.729200424 4647316.01957703, 435983.79538623564 4647315.944728174, 435983.8537725336 4647315.863648256, 435983.9037764524 4647315.77714669, 435983.9448988073 4647315.686087012, 435983.9767290775 4647315.591378264, 435983.99894950417 4647315.493965916, 435984.01133826264 4647315.394822426, 435984.01377167704 4647315.294937535, 435984.00622545485 4647315.195308385, 435983.9887749293 4647315.096929567, 435983.9615943075 4647315.000783185, 435983.9249549312 4647314.907829061, 435983.8792225682 4647314.81899515, 435983.82485376054 4647314.735168271, 435983.7623912674 4647314.65718526, 435983.6924586464 4647314.585824616, 435983.6157540287 4647314.521798727, 435983.53304315003 4647314.465746756, 435983.44515170576 4647314.418228265, 435982.3844279109 4647313.911508577, 435982.004477531 4647312.554279102, 435981.9839033162 4647311.719145767, 435988.429632422 4647310.507836803, 435995.90942885407 4647308.589911932, 436003.30699604464 4647306.176412934, 436008.8314450473 4647302.597981505, 436018.312089759 4647296.456970377, 436018.01645018905 4647284.257038772, 436017.8010676087 4647275.118399615, 436017.5795933078 4647265.979931456, 436017.3642123671 4647256.841368444, 436017.14273852075 4647247.7029002635, 436016.92735921865 4647238.564413398))"
CHI_11_2,CHI_11_2_P04,8487.742929317308,402.89635653060725,0.6570756926284754,False,False,435772.0585782919,4647106.728026892,"POLYGON ((435730.94347827893 4647054.471569047, 435731.1456855817 4647062.920521077, 435731.0290123002 4647062.963209348, 435727.27685539465 4647063.011164176, 435726.06989194115 4647062.088087645, 435725.9896062597 4647062.0326759145, 435725.9043035365 4647061.985350488, 435725.8147955338 4647061.946561727, 435725.7219340321 4647061.916678754, 435725.6266027247 4647061.895985943, 435725.52970880835 4647061.8846802125, 435725.43217434967 4647061.882869151, 435725.33492751105 4647061.890569992, 435725.2388937179 4647061.907709453, 435725.14498685166 4647061.934124432, 435725.05410055374 4647061.969563554, 435724.96709972084 4647062.013689575, 435724.8848122748 4647062.066082577, 435724.8080212835 4647062.126243979, 435724.7374575092 4647062.193601267, 435724.67379245453 4647062.267513455, 435724.6176319721 4647062.347277173, 435724.56951049913 4647062.432133372, 435724.5298859716 4647062.521274537, 435724.49913546647 4647062.61385238, 435724.47755161324 4647062.708985906, 435724.46533980925 4647062.805769802, 435724.46261626505 4647062.903283047, 435724.6015728531 4647069.5597919375, 435724.6083758993 4647069.657210815, 435724.6246487087 4647069.753501598, 435724.6502360919 4647069.847745987, 435724.68489402934 4647069.939045201, 435724.72829199804 4647070.026528545, 435724.78001612367 4647070.109361714, 435724.83957312774 4647070.186754753, 435724.90639503195 4647070.257969584, 435724.9798445745 4647070.322327053, 435725.0592212878 4647070.3792134, 435725.14376817836 4647070.428086117, 435725.2326789462 4647070.468479117, 435725.3251056744 4647070.500007185, 435725.4201669151 4647070.522369646, 435725.51695609605 4647070.535353234, 435725.61455016595 4647070.53883413, 435725.71201839764 4647070.532779138, 435725.8084312639 4647070.5172460005, 435725.9028693024 4647070.492382854, 435725.9944318839 4647070.458426813, 435726.082245802 4647070.415701704, 435726.1654736 4647070.364614986, 435727.44396032376 4647069.491145791, 435731.3011930928 4647069.444221771, 435731.4865906439 4647077.270365921, 435732.1515497132 4647104.716180298, 435732.36723018857 4647113.879124204, 435732.58906151913 4647123.03587775, 435733.03257490654 4647141.349539516, 435733.24816026865 4647150.506314081, 435733.4701821932 4647159.675253866, 435770.8570720309 4647158.767622686, 435771.0022154296 4647164.201180953, 435770.3007867229 4647164.982690905, 435770.239565227 4647165.057947113, 435770.18592408055 4647165.138781485, 435770.1403681308 4647165.224433244, 435770.1033261308 4647165.314096272, 435770.07514670363 4647165.406926699, 435770.0560950621 4647165.502050846, 435770.046350512 4647165.598573444, 435770.0460047648 4647165.695586067, 435770.0550610745 4647165.79217567, 435770.07343420706 4647165.887433196, 435770.10095124244 4647165.980462123, 435770.1373532022 4647166.070386901, 435770.18229748687 4647166.156361197, 435770.23536110023 4647166.237575859, 435770.29604463035 4647166.313266529, 435770.36377695017 4647166.382720838, 435770.43792059226 4647166.445285114, 435770.51777774864 4647166.5003705295, 435770.6025968383 4647166.547458642, 435770.69157958054 4647166.58610628, 435770.7838885082 4647166.615949708, 435770.87865484954 4647166.636708054, 435770.97498670465 4647166.648185947, 435771.0719774396 4647166.650275363, 435777.8183188561 4647166.468170613, 435777.9165981189 4647166.4606583575, 435778.01366042503 4647166.443507374, 435778.1085627902 4647166.416884291, 435778.2003832144 4647166.381047756, 435778.2882296396 4647166.336345932, 435778.3712486159 4647166.283213108, 435778.4486335935 4647166.222165481, 435778.51963275817 4647166.153796146, 435778.5835563354 4647166.078769325, 435778.6397832919 4647165.997813925, 435778.68776736886 4647165.911716446, 435778.727042389 4647165.821313348, 435778.7572267859 4647165.727482917, 435778.77802731056 4647165.631136741, 435778.7892418809 4647165.533210846, 435778.79076154437 4647165.434656607, 435778.78257153725 4647165.336431501, 435778.76475142746 4647165.239489812, 435778.73747434164 4647165.14477335, 435778.7010052836 4647165.053202311, 435778.6556985592 4647164.965666329, 435778.6019943344 4647164.8830158375, 435778.5404143592 4647164.806053807, 435778.4715568981 4647164.735527942, 435778.39609091857 4647164.67212342, 435778.3147495913 4647164.616456231, 435777.43974606664 4647164.078959847, 435777.3037332819 4647158.616956206, 435813.8887175236 4647157.728741972, 435813.66468536004 4647148.425753981, 435813.4431192771 4647139.281187554, 435813.2153654449 4647130.13062282, 435812.9937049758 4647120.979963236, 435812.772140761 4647111.835472946, 435812.5504783792 4647102.684661013, 435812.32891461824 4647093.540170704, 435812.10725506063 4647084.389511083, 435811.8856905692 4647075.24494459, 435811.6640314684 4647066.094284947, 435811.5566092513 4647061.537185931, 435811.44246743177 4647056.949718435, 435811.38188153855 4647054.471569047, 435730.94347827893 4647054.471569047))"
CHI_11_2,CHI_11_2_P05,8225.932233273503,382.5053087096256,0.7065128373415982,False,False,435872.7605336963,4647105.73541072,"POLYGON ((435831.498479135 4647054.471569047, 435831.99143153627 4647074.828392017, 435832.21975302004 4647084.015515135, 435832.4408435212 4647093.1296154335, 435832.66259812826 4647102.286367679, 435832.8843529613 4647111.443119919, 435833.1061841873 4647120.599870965, 435833.3279581538 4647129.762717509, 435833.54978983453 4647138.919468533, 435833.66425454454 4647143.53740379, 435833.77146941517 4647148.076221916, 435833.99339639384 4647157.239066063, 435871.1985750566 4647156.341105768, 435871.3297257918 4647161.4268976385, 435870.7266922693 4647162.471569612, 435870.6825950535 4647162.5572486315, 435870.64694910444 4647162.646774188, 435870.6200854109 4647162.739314995, 435870.6022534147 4647162.834011768, 435870.59361869405 4647162.929985204, 435870.59426142625 4647163.026344147, 435870.60417564336 4647163.122193858, 435870.6232692872 4647163.21664433, 435870.6513650646 4647163.308818547, 435870.68820209336 4647163.397860629, 435870.7334383247 4647163.482943777, 435870.78665371955 4647163.563277959, 435870.8473541485 4647163.638117232, 435870.9149759802 4647163.706766681, 435870.9888913149 4647163.768588862, 435871.0684138149 4647163.823009731, 435871.15280507714 4647163.869523963, 435871.2412814901 4647163.907699652, 435871.3330215097 4647163.93718232, 435871.4271732877 4647163.957698207, 435871.5228625817 4647163.969056813, 435871.61920087266 4647163.971152668, 435878.72777266166 4647163.783105072, 435878.82467292243 4647163.7758186795, 435878.92040847027 4647163.759161641, 435879.0140752981 4647163.733291245, 435879.10478893336 4647163.698451778, 435879.1916927896 4647163.654972222, 435879.2739662553 4647163.6032631425, 435879.3508324426 4647163.543812816, 435879.42156552296 4647163.477182617, 435879.48549758166 4647163.404001719, 435879.54202492395 4647163.324961149, 435879.59061377624 4647163.24080727, 435879.63080532604 4647163.152334724, 435879.6622200545 4647163.060378936, 435879.68456132006 4647162.965808222, 435879.6976181598 4647162.86951559, 435879.70126728114 4647162.772410307, 435879.69547422644 4647162.675409315, 435879.6802936979 4647162.5794285685, 435879.6558690417 4647162.485374392, 435879.62243089365 4647162.394134914, 435879.5802950019 4647162.306571688, 435879.52985924535 4647162.22351155, 435879.47159987624 4647162.145738817, 435879.40606702334 4647162.073987878, 435879.3338794971 4647162.008936259, 435877.5997698514 4647160.592684562, 435877.4878155751 4647156.182349502, 435914.2534882162 4647155.295020942, 435914.0467182855 4647147.10106237, 435913.70506635134 4647133.368972378, 435913.5972076595 4647128.793673768, 435913.3693592945 4647119.637018388, 435913.1416059959 4647110.486456131, 435912.9141561186 4647101.360267594, 435912.8063541306 4647096.778797297, 435912.6920983796 4647092.179143614, 435912.46432708926 4647083.022487008, 435912.3513242797 4647078.508214572, 435912.0087463786 4647064.721363593, 435911.7808996054 4647055.564708147, 435911.7544201557 4647054.471569047, 435831.498479135 4647054.471569047))"
CHI_11_2,CHI_11_2_P06,8137.017069775647,382.4624960164401,0.6990325214175778,False,False,435973.3880768635,4647104.962941779,"POLYGON ((435931.87396731693 4647054.471569047, 435931.99339694943 4647059.26637631, 435932.2147724976 4647068.398829715, 435932.44224022364 4647077.531112108, 435932.89708151284 4647095.789583734, 435933.1174897103 4647104.854935258, 435933.346020253 4647114.060336424, 435933.5734129469 4647123.192619955, 435934.02833148255 4647141.45101413, 435934.3607222937 4647154.969859922, 435971.4894486475 4647154.70283246, 435971.6193246869 4647159.852319549, 435969.7693088516 4647160.797106605, 435969.6834763963 4647160.8464432275, 435969.6029429921 4647160.9040252, 435969.528497972 4647160.969288142, 435969.46087099495 4647161.041592393, 435969.4007248942 4647161.120229276, 435969.3486491803 4647161.204428045, 435969.3051542638 4647161.293363443, 435969.27066645183 4647161.386163785, 435969.24552377034 4647161.4819195075, 435969.22997265053 4647161.579692077, 435969.22416551376 4647161.678523195, 435969.2281592777 4647161.777444187, 435969.2419147982 4647161.875485496, 435969.26529725303 4647161.97168619, 435969.29807746346 4647162.065103375, 435969.33993414044 4647162.154821441, 435969.3904570336 4647162.239961032, 435969.4491509522 4647162.319687669, 435969.5154406188 4647162.393219925, 435969.5886763077 4647162.45983709, 435969.66814021295 4647162.518886226, 435969.753053484 4647162.569788575, 435969.84258385934 4647162.612045227, 435969.9358538237 4647162.645242011, 435970.0319492091 4647162.669053555, 435970.1299281545 4647162.683246475, 435970.2288303377 4647162.687681661, 435978.42365338234 4647162.649109308, 435978.52151671617 4647162.643846153, 435978.61839487014 4647162.6290287245, 435978.71335733606 4647162.604799342, 435978.80549200583 4647162.571390728, 435978.8939139321 4647162.529123768, 435978.97777382826 4647162.478404435, 435979.0562662255 4647162.419719885, 435979.1286372098 4647162.353633778, 435979.1941916626 4647162.280780867, 435979.25229993777 4647162.201860899, 435979.3024039092 4647162.117631896, 435979.34402233176 4647162.0289028715, 435979.37675546313 4647161.936526062, 435979.40028890385 4647161.84138874, 435979.4143966168 4647161.744404693, 435979.41894309834 4647161.646505447, 435979.4138846798 4647161.548631317, 435979.39926994697 4647161.451722378, 435979.37523927336 4647161.356709433, 435979.342023472 4647161.264505076, 435979.2999415784 4647161.175994923, 435979.2493977864 4647161.092029109, 435979.19087756565 4647161.013414118, 435979.124942999 4647160.940905045, 435979.0522273835 4647160.875198332, 435978.9734291476 4647160.816925088, 435978.1100893757 4647160.2416912345, 435977.9756517989 4647154.657936452, 436014.9161525308 4647154.386487262, 436014.69475502113 4647145.2478654655, 436014.47920726344 4647136.103286547, 436014.2577177394 4647126.958723921, 436014.1526844835 4647122.560050105, 436014.04216924944 4647117.814068823, 436013.8205853412 4647108.663413046, 436013.6050373051 4647099.518757926, 436013.3835498763 4647090.374271431, 436013.2785158742 4647085.9755214285, 436013.1679999258 4647081.229463961, 436012.94651295146 4647072.084977445, 436012.7248726908 4647062.940417129, 436012.525396233 4647054.471569047, 435931.87396731693 4647054.471569047))"
CHI_11_2,CHI_11_2_P07,1333.6533795187947,198.76558607589635,0.42419978754178134,True,True,435971.7864203468,4647333.2197961025,"POLYGON ((436004.37211910874 4647319.592583964, 435998.8016339391 4647321.745364832, 435993.074706237 4647323.440437767, 435987.22761026735 4647324.658954296, 435981.3026980474 4647325.4005598845, 435975.3372384351 4647325.651570991, 435973.87131788343 4647325.640868562, 435938.82188506 4647325.488600953, 435938.586205871 4647325.5490792245, 435939.172415644 4647349.289405039, 435939.4089182632 4647349.498023249, 435941.23404372396 4647350.463340388, 435942.4710219 4647350.840235754, 435944.16660912643 4647351.118573389, 435945.87324033654 4647350.912217492, 435945.9730503569 4647350.883542862, 435968.9006432913 4647344.401575363, 435984.49395831 4647338.74044145, 436002.83302688424 4647331.717390187, 436018.9968481441 4647325.062322907, 436018.7932885514 4647316.54021086, 436010.40503095236 4647316.595802908, 436009.74669865245 4647316.991851369, 436004.37211910874 4647319.592583964))"
CHI_11_2,CHI_11_2_P08,449.14611335547403,208.5540302532773,0.1297658261914787,False,False,436036.03261567914,4647099.946855861,"POLYGON ((436038.3364584244 4647054.471569047, 436032.6417370576 4647054.471569047, 436032.75708611077 4647059.361983251, 436032.978477921 4647068.500376145, 436033.19383549714 4647077.632844528, 436033.4151341065 4647086.765220434, 436033.63058697764 4647095.903781934, 436033.8518872269 4647105.036233987, 436034.0673393661 4647114.174719303, 436034.18112116394 4647118.743905791, 436034.5039978213 4647132.439563499, 436034.7253926312 4647141.5780324815, 436035.02622394555 4647154.24396803, 436038.3364584244 4647154.219658745, 436038.3364584244 4647054.471569047))"
CHI_11_2,CHI_11_2_P09,411.38292109566197,120.13127280755998,0.35821516246694746,True,False,436003.4335584053,4647346.151165055,"POLYGON ((436019.6299177628 4647351.566061455, 436019.21232339065 4647334.083289052, 436010.7723064386 4647337.657947835, 435995.1613017125 4647343.748721995, 435979.37876334996 4647349.391165485, 435978.12424566766 4647349.864741407, 435971.9274320504 4647351.893190658, 435969.7654261386 4647352.4254591055, 436019.6299177628 4647351.566061455))"
CHI_11_2,CHI_11_2_P10,166.80699347598429,231.1808266872765,0.03922116539768228,False,False,436037.3937247566,4647213.656652714,"POLYGON ((436038.3364584244 4647174.328427592, 436035.50980688835 4647174.3487301925, 436035.7312789024 4647183.487197948, 436035.9466580132 4647192.625760533, 436036.16812929756 4647201.764152101, 436036.3835112317 4647210.902866998, 436036.6049829704 4647220.041258551, 436036.82036298764 4647229.179821101, 436037.04183636577 4647238.318288798, 436037.2572168372 4647247.456851328, 436037.47869185463 4647256.595395169, 436037.6940715963 4647265.733881518, 436037.915545882 4647274.8723491775, 436038.11886023113 4647283.627215253, 436038.13092726294 4647284.0109116705, 436038.23883892945 4647288.46355163, 436038.3364584244 4647288.432676427, 436038.3364584244 4647174.328427592))"
CHI_11_2,CHI_11_2_P11,48.15164616627475,29.145797002084876,0.712310147834221,False,False,435721.86610885296,4647318.3747986145,"POLYGON ((435718.3364584244 4647321.692100106, 435722.3624772234 4647321.665823165, 435723.2393409412 4647322.640945192, 435723.30781824875 4647322.710021383, 435723.3826824459 4647322.772118193, 435723.46322526794 4647322.826648145, 435723.5486847264 4647322.873095349, 435723.63825231825 4647322.911020384, 435723.7310806748 4647322.940064454, 435723.82629157836 4647322.959952785, 435723.9229842708 4647322.970497216, 435724.02024397516 4647322.971597993, 435724.11715055036 4647322.963244701, 435724.21278719604 4647322.945516367, 435724.30624912627 4647322.918580715, 435724.3966521293 4647322.882692571, 435724.48314093286 4647322.838191462, 435724.5648972957 4647322.785498398, 435724.6411477485 4647322.7251118915, 435724.7111709115 4647322.657603237, 435724.77430431923 4647322.583611111, 435724.8299506879 4647322.503835529, 435724.87758356595 4647322.4190312205, 435724.91675231495 4647322.330000491, 435724.94708637253 4647322.237585628, 435724.9682987585 4647322.14266094, 435724.98018878954 4647322.046124475, 435724.9826439782 4647321.948889534, 435724.81079197605 4647314.608467354, 435724.80358459963 4647314.509779813, 435724.78665929695 4647314.412287704, 435724.76018178655 4647314.31694559, 435724.7244113145 4647314.224686983, 435724.6796981159 4647314.136415203, 435724.6264799855 4647314.052994535, 435724.5652779914 4647313.975241766, 435724.4966913733 4647313.903918186, 435724.42139167484 4647313.839722138, 435724.3401161687 4647313.783282176, 435724.2536606379 4647313.735150914, 435724.1628715837 4647313.695799613, 435724.0686379379 4647313.66561357, 435723.9718823588 4647313.644888341, 435723.8735521975 4647313.633826851, 435723.77461022185 4647313.632537403, 435723.67602519045 4647313.641032625, 435723.5787623667 4647313.659229337, 435723.48377406824 4647313.686949372, 435723.3919903423 4647313.7239213195, 435723.3043098595 4647313.769783178, 435723.2215911151 4647313.824085909, 435723.144644023 4647313.886297823, 435721.677905873 4647315.197321681, 435718.3364584244 4647315.242756174, 435718.3364584244 4647321.692100106))"
CHI_11_2,CHI_11_2_P12,3.895197288347544,16.94409522845458,0.17049143103886003,False,False,435718.5821705206,4647073.597432202,"POLYGON ((435718.3364584244 4647077.5010766545, 435718.3903575993 4647077.475583226, 435718.47628724924 4647077.423821915, 435718.55659862794 4647077.363711846, 435718.63048355095 4647077.295857913, 435718.69719850406 4647077.220942941, 435718.7560721256 4647077.139720809, 435718.80651196203 4647077.0530088665, 435718.8480104304 4647076.961679709, 435718.8801499259 4647076.866652393, 435718.90260702436 4647076.768883191, 435718.91515573685 4647076.669355969, 435718.917669784 4647076.569072284, 435718.75263591326 4647069.999207952, 435718.7452690865 4647069.900605087, 435718.7282005718 4647069.803211757, 435718.7015972445 4647069.707980155, 435718.66571919987 4647069.615841341, 435718.62091721024 4647069.527696138, 435718.5676292955 4647069.444406324, 435718.5063764406 4647069.366786205, 435718.4377575022 4647069.295594658, 435718.3624433536 4647069.2315277085, 435718.3364584244 4647069.213522143, 435718.3364584244 4647077.5010766545))"
CHI_49_1,CHI_49_1_P01,9550.708828135888,412.0089645730727,0.7070207140220127,False,False,447868.31998649106,4618189.611900443,"POLYGON ((447828.69097768253 4618130.141362647, 447828.6474884014 4618134.438631931, 447828.57655347383 4618142.057734374, 447828.49933822826 4618149.664821456, 447828.4282319186 4618157.27775598, 447828.3510919723 4618164.884765733, 447828.2800633225 4618172.497775251, 447828.20294188627 4618180.11087913, 447828.1318385688 4618187.723965998, 447828.054792434 4618195.336992545, 447827.91264219745 4618210.556918674, 447827.8355977151 4618218.170021399, 447827.7644008304 4618225.777015344, 447827.6873736827 4618233.396136036, 447827.6162520965 4618241.003052651, 447827.5438818162 4618248.140719563, 447864.91219538485 4618248.47782916, 447864.9119662057 4618248.749683407, 447864.7494734001 4618252.071086272, 447864.6521302665 4618252.635830453, 447864.3499279334 4618252.994268214, 447864.3465009445 4618252.9963792, 447864.264625555 4618253.052606779, 447864.1887318388 4618253.1166791115, 447864.11956849665 4618253.187964118, 447864.05781783327 4618253.265758562, 447864.0040890264 4618253.349294993, 447863.9589121171 4618253.437749313, 447863.9227327811 4618253.530248912, 447863.8959079317 4618253.625881267, 447863.8787021995 4618253.723702956, 447863.87128532096 4618253.822748954, 447863.8737304645 4618253.922042163, 447863.8860135085 4618254.020603042, 447863.90801327926 4618254.117459276, 447863.9395127464 4618254.211655367, 447863.9802011639 4618254.302262059, 447864.0296771356 4618254.388385506, 447864.08745257516 4618254.469176091, 447864.1529575209 4618254.543836804, 447864.2255457587 4618254.611631108, 447864.30450119684 4618254.671890206, 447864.3890449305 4618254.724019632, 447864.47834292555 4618254.767505125, 447864.57151424664 4618254.801917694, 447864.66763974744 4618254.826917856, 447864.7657711383 4618254.8422589805, 447864.8649403414 4618254.847789726, 447871.0534699597 4618254.885113146, 447871.1510125508 4618254.880935339, 447871.24768285203 4618254.867265518, 447871.3425594009 4618254.844233982, 447871.4347378331 4618254.8120602695, 447871.5233395028 4618254.7710510595, 447871.6075198579 4618254.721597253, 447871.68647649034 4618254.664170245, 447871.7594567846 4618254.599317428, 447871.82576509163 4618254.527656982, 447871.88476936007 4618254.449871974, 447871.93590716046 4618254.366703852, 447871.9786910467 4618254.278945375, 447872.0127132024 4618254.187433058, 447872.0376493279 4618254.093039199, 447872.0532617318 4618253.996663558, 447872.05940159655 4618253.899224792, 447872.05601039686 4618253.801651686, 447872.0431204576 4618253.70487431, 447872.02085464593 4618253.609815146, 447871.9894251998 4618253.517380298, 447871.949131705 4618253.428450857, 447871.90035823954 4618253.3438745, 447871.84356971266 4618253.264457408, 447871.7793074335 4618253.190956588, 447871.17980519496 4618252.56931827, 447870.9631181278 4618251.920242823, 447870.97793466155 4618251.465274566, 447870.97846113984 4618251.435323888, 447870.9859892988 4618248.537825643, 447907.9038674415 4618248.870804297, 447907.9966650217 4618238.728282486, 447908.09004722943 4618228.628412443, 447908.1774890992 4618218.528634409, 447908.364577751 4618198.334983766, 447908.4518681317 4618188.235208111, 447908.5453278919 4618178.135336925, 447908.638787934 4618168.035465751, 447908.73224825365 4618157.93559458, 447908.8195397478 4618147.835818956, 447908.98347581207 4618130.141362647, 447828.69097768253 4618130.141362647))"
CHI_49_1,CHI_49_1_P02,8694.140732827374,381.162720702448,0.7519962820862597,False,False,447666.45813593024,4618185.082855968,"POLYGON ((447628.7572226867 4618130.141362647, 447628.651346513 4618139.809040553, 447628.5680382016 4618147.416226144, 447628.40141850983 4618162.630368856, 447628.32420243684 4618170.2373839365, 447628.24081623455 4618177.844418403, 447628.1961939122 4618181.648171453, 447628.157584872 4618185.451602838, 447628.08085477893 4618192.302904013, 447628.07427632815 4618193.058712295, 447627.99089178036 4618200.665822936, 447627.96542277583 4618202.9516198, 447627.84989790554 4618213.594318813, 447627.8243528217 4618215.880116856, 447627.7411380874 4618223.493243116, 447627.73448353854 4618224.249052579, 447627.62522157363 4618234.897672855, 447627.58061568055 4618238.707367723, 447627.49721506267 4618246.308460428, 447648.9404037905 4618246.506516087, 447649.1039685331 4618246.442962788, 447651.43043210084 4618245.547698753, 447653.7442731893 4618244.634270812, 447656.0577186305 4618243.690376977, 447658.3526021491 4618242.728487399, 447660.6411096362 4618241.748413356, 447662.92305119266 4618240.737892796, 447664.24770420353 4618240.137599572, 447664.2415111172 4618240.4830251625, 447664.24168829713 4618240.526943628, 447664.29203786945 4618242.463368507, 447664.03993637924 4618244.046285842, 447664.02847203996 4618244.159264294, 447664.0298906008 4618244.272814061, 447664.1161810604 4618245.515955402, 447664.1279903135 4618245.614689284, 447664.14954690164 4618245.711762203, 447664.18063767685 4618245.806214317, 447664.2209552185 4618245.897111698, 447664.2701008732 4618245.983555568, 447664.3275886968 4618246.064691184, 447664.3928502589 4618246.139716291, 447664.4652402639 4618246.207889051, 447664.544042931 4618246.268535384, 447664.6284790722 4618246.321055629, 447664.7177137967 4618246.364930474, 447664.8108647659 4618246.399726092, 447664.9070109182 4618246.4250984285, 447665.0052015759 4618246.440796607, 447665.10446584574 4618246.446665406, 447665.2038222187 4618246.442646797, 447665.30228827504 4618246.428780513, 447665.3988903983 4618246.405203663, 447665.4926734024 4618246.372149372, 447665.5827099763 4618246.329944473, 447672.63264977094 4618242.58697563, 447672.7176445792 4618242.5363070825, 447672.79721568397 4618242.477486521, 447672.8705839712 4618242.411089882, 447672.93703106116 4618242.337767284, 447672.9959063425 4618242.258236659, 447673.0466333428 4618242.173276723, 447673.0887153726 4618242.083719357, 447673.1217403892 4618241.990441453, 447673.1453850308 4618241.894356334, 447673.1594177827 4618241.79640481, 447673.16370124446 4618241.697545965, 447673.1581934749 4618241.598747768, 447673.1429484029 4618241.500977594, 447673.1181152993 4618241.405192751, 447673.08393731544 4618241.312331109, 447673.04074910237 4618241.2233019145, 447673.0003314346 4618241.157475099, 447674.3307498256 4618240.2779131215, 447679.87904350087 4618237.086889472, 447685.65338257403 4618234.325068054, 447691.6205860882 4618232.014293122, 447697.10083915025 4618230.332688784, 447699.4777481128 4618228.961203949, 447701.5772933926 4618227.191783774, 447703.32720890304 4618225.08039707, 447704.6797418646 4618222.691774613, 447705.2048676433 4618221.379439527, 447707.3699414231 4618212.5055937655, 447707.40839636495 4618209.004220246, 447707.4915328464 4618201.390944502, 447707.5748411876 4618193.783836691, 447707.65805532824 4618186.170635941, 447707.7352710395 4618178.5636225, 447707.78487405414 4618174.284581902, 447707.81857867335 4618170.95643854, 447707.90179446683 4618163.343313965, 447707.9136525773 4618162.136438107, 447707.98512179434 4618155.742300303, 447708.0144774175 4618153.304083631, 447708.0684128875 4618148.129098396, 447708.10939824296 4618144.484009408, 447708.15172351326 4618140.522066782, 447708.20428171015 4618135.651670783, 447708.2349557763 4618132.914884027, 447708.2642485626 4618130.141362647, 447628.7572226867 4618130.141362647))"
CHI_49_1,CHI_49_1_P03,8675.046656798204,389.26326927220816,0.7194404162121865,False,False,447770.0914094928,4618184.902513917,"POLYGON ((447728.3700434162 4618130.141362647, 447728.33701456507 4618133.085036202, 447728.2831732463 4618138.266114089, 447728.2598922748 4618140.698142143, 447728.18827165634 4618147.092358107, 447728.1765646438 4618148.299155381, 447728.09327356156 4618155.912356868, 447727.9266736788 4618171.132665734, 447729.3480334891 4618180.660586363, 447729.2839332493 4618186.359771361, 447729.24560853204 4618190.1815566905, 447729.2067370815 4618193.972954644, 447729.14282694476 4618199.684401699, 447729.12350491626 4618201.580060826, 447728.9569069324 4618216.800369686, 447729.0065206772 4618217.244416717, 447729.0810929044 4618217.73089042, 447729.1800357262 4618218.216910529, 447729.3032559641 4618218.696460259, 447729.45067745703 4618219.169540792, 447729.61643574556 4618219.636242946, 447729.81239387253 4618220.090288604, 447730.0265364738 4618220.537958237, 447730.0643969562 4618220.616599173, 447730.2587691922 4618220.973158913, 447730.5151849632 4618221.395796265, 447730.79578261287 4618221.805794132, 447731.09447273816 4618222.203475361, 447731.41125179577 4618222.588611467, 447731.7459322512 4618222.949092721, 447732.0986278375 4618223.297182354, 447732.4694691435 4618223.626555395, 447732.8523088003 4618223.943629999, 447733.25289752707 4618224.236052111, 447733.58249067556 4618224.450041711, 447733.6653696932 4618224.503836385, 447734.0899175462 4618224.759397205, 447734.5322132925 4618224.990229369, 447734.98030071345 4618225.196594221, 447751.060826934 4618232.190457855, 447764.2464540824 4618239.4081954975, 447764.16905465076 4618239.844175682, 447764.12767517386 4618239.907868035, 447758.9153045004 4618239.866522092, 447761.1785583134 4618241.425550981, 447761.47062796354 4618241.570177418, 447761.4600246248 4618241.59026169, 447761.4231724164 4618241.6803232785, 447761.3952481734 4618241.773540292, 447761.3765163153 4618241.869030042, 447761.36715421727 4618241.96588832, 447761.3672505307 4618242.063197957, 447761.3768043436 4618242.160037514, 447761.39572518924 4618242.255489997, 447761.42383390287 4618242.348651551, 447761.460864318 4618242.438640012, 447761.50646578736 4618242.524603265, 447761.5602065025 4618242.605727308, 447761.62157758325 4618242.6812439645, 447761.68999789614 4618242.750438153, 447761.76481955725 4618242.812654661, 447761.8453340671 4618242.867304351, 447761.9307790197 4618242.913869735, 447768.86418356985 4618246.2656789245, 447768.956350668 4618246.30467306, 447769.0519537348 4618246.334259716, 447769.1500352755 4618246.354142572, 447769.24961297243 4618246.364122494, 447769.3496895234 4618246.364099531, 447769.4492626301 4618246.354073914, 447769.5473350363 4618246.334146052, 447769.6429245158 4618246.304515527, 447769.73507370974 4618246.2654791, 447769.8228597148 4618246.217427732, 447769.90540332627 4618246.160842674, 447769.9818778438 4618246.096290643, 447770.05151735083 4618246.024418147, 447770.11362438573 4618245.945945013, 447770.1675769268 4618245.861657173, 447770.21283462236 4618245.772398798, 447770.24894420215 4618245.679063838, 447770.2755440174 4618245.582587072, 447770.2923676625 4618245.483934745, 447770.2992466432 4618245.384094892, 447770.32426538627 4618244.0486537395, 447770.35429952823 4618242.483986801, 447783.98092195037 4618247.736651449, 447807.43560585106 4618247.952463129, 447807.50789880106 4618240.814720841, 447807.57909656106 4618233.207802628, 447807.6561407364 4618225.594699479, 447807.72726383037 4618217.987858619, 447807.804382126 4618210.374601978, 447807.87548733904 4618202.761667002, 447807.9911398743 4618191.345058186, 447808.02365469397 4618187.541646864, 447808.10087151965 4618179.934711666, 447808.17197500565 4618172.321624382, 447808.2490204476 4618164.708521272, 447808.3201436265 4618157.101604283, 447808.39717118914 4618149.482407058, 447808.46837202396 4618141.8755650595, 447808.54541692045 4618134.262385799, 447808.5839480196 4618130.141362647, 447728.3700434162 4618130.141362647))"
CHI_49_1,CHI_49_1_P04,5980.321451448071,475.5294006216125,0.33233772764383207,True,True,447867.83831502404,4618305.81675392,"POLYGON ((447832.5274818311 4618340.271269344, 447854.1344871674 4618343.272931156, 447857.5347433393 4618343.781947316, 447857.7026766687 4618343.803724168, 447863.2876377991 4618344.313644227, 447864.3951348277 4618344.414770179, 447864.44941567956 4618338.8998964075, 447864.5335016339 4618329.76910288, 447864.6235887541 4618320.632274381, 447864.7023066874 4618312.160677342, 447869.5750153263 4618311.91523059, 447869.49364046234 4618320.672570424, 447869.4035557034 4618329.809551125, 447869.3195629321 4618338.946361313, 447869.2612661902 4618344.859098389, 447873.16776149673 4618345.215801884, 447888.6709938983 4618346.139736499, 447904.19409503933 4618346.575811161, 447907.0177992768 4618346.56698414, 447907.085106876 4618339.245180998, 447907.16909962083 4618330.108371751, 447907.24699965474 4618320.971656875, 447907.32296754944 4618312.868596727, 447912.77066482883 4618312.832959096, 447912.8684926975 4618312.827519082, 447912.9653186308 4618312.812531612, 447913.06021311093 4618312.788140562, 447913.1522651616 4618312.754580086, 447913.2405910938 4618312.712172358, 447913.3243429886 4618312.66132449, 447913.40271683736 4618312.602524614, 447913.4749602602 4618312.5363372015, 447913.5403797284 4618312.463397645, 447913.59834722267 4618312.384406157, 447913.6483062616 4618312.300121046, 447913.6897772441 4618312.2113514375, 447913.7223620536 4618312.118949512, 447913.74574787955 4618312.023802317, 447913.7597102208 4618311.926823254, 447913.76411504037 4618311.828943311, 447913.74606402393 4618307.357787756, 447913.7427932003 4618306.536644231, 447913.7373619186 4618306.436469667, 447913.72192093753 4618306.337343393, 447913.6966256619 4618306.240263061, 447913.66173067474 4618306.146205727, 447913.61758717435 4618306.056118029, 447913.5646394407 4618305.970906648, 447913.50342036295 4618305.891429189, 447913.4345460771 4618305.818485547, 447913.3587097643 4618305.752809862, 447913.2766746749 4618305.695063121, 447913.18926644616 4618305.645826512, 447913.0973647931 4618305.605595577, 447913.00189465476 4618305.574775214, 447912.9038168846 4618305.553675617, 447912.8041185808 4618305.542509139, 447912.7038031511 4618305.541388164, 447912.60388021433 4618305.550323975, 447912.5053554391 4618305.569226639, 447912.40922042227 4618305.59790591, 447912.3164427091 4618305.636073147, 447912.2279560557 4618305.683344218, 447912.1446510308 4618305.739243367, 447911.96563325217 4618305.872861571, 447910.9696415776 4618306.372767347, 447907.62411066034 4618306.212635515, 447907.57852515276 4618306.211494453, 447907.3858962415 4618306.211066015, 447907.7216296512 4618268.979058309, 447898.04845283896 4618268.891181646, 447890.41726137727 4618268.826607282, 447882.7920659796 4618268.755693289, 447867.52949118154 4618268.614206333, 447859.9042953083 4618268.543292326, 447852.27300869016 4618268.472625001, 447844.6479841977 4618268.407878911, 447837.0166960836 4618268.337135415, 447827.3434412451 4618268.249259882, 447826.976810934 4618306.2752518235, 447826.91194889933 4618306.2720206445, 447826.43994382804 4618306.237653309, 447821.95409462467 4618305.280107835, 447821.8571368891 4618305.264344654, 447821.7591003793 4618305.258170261, 447821.66093107715 4618305.261644234, 447821.56357624574 4618305.274733053, 447821.4679752891 4618305.297310419, 447821.3750506877 4618305.3291584775, 447821.2856990971 4618305.369969917, 447821.2007826958 4618305.419350938, 447821.1211208659 4618305.476825047, 447821.0474822869 4618305.5418376615, 447820.98057751794 4618305.613761457, 447820.921052142 4618305.69190242, 447820.8694805361 4618305.775506545, 447820.82636032905 4618305.8637671145, 447820.7921075999 4618305.955832477, 447820.76705286285 4618306.050814267, 447820.751437878 4618306.14779598, 447820.7454133188 4618306.245841811, 447820.68664281984 4618311.049446508, 447820.69027551496 4618311.147711152, 447820.7035414982 4618311.245143952, 447820.72631249897 4618311.340802816, 447820.75836834137 4618311.433762806, 447820.799399073 4618311.5231250785, 447820.8490079622 4618311.608025578, 447820.90671533375 4618311.68764339, 447820.97196320724 4618311.7612086795, 447821.044120692 4618311.828010133, 447821.1224900875 4618311.887401837, 447821.20631362934 4618311.938809527, 447821.2947808162 4618311.981736134, 447821.3870362468 4618312.015766595, 447821.4821878907 4618312.040571865, 447821.5793157136 4618312.055912098, 447821.6774805735 4618312.061638967, 447826.914752286 4618312.109234175, 447826.83359253546 4618320.333831325, 447826.7435827311 4618329.470735748, 447826.65951259166 4618338.607472018, 447826.6532465642 4618339.243553958, 447832.5274818311 4618340.271269344), (447865.7714720577 4618306.667671789, 447864.2025578896 4618306.7123792125, 447846.3731385133 4618306.802792906, 447836.6305127831 4618306.75616239, 447828.2224118454 4618306.337302905, 447836.64330455044 4618306.408559531, 447844.2745926867 4618306.479302238, 447851.89969336236 4618306.5440463545, 447859.5309800004 4618306.614712886, 447865.7714720577 4618306.667671789))"
CHI_49_1,CHI_49_1_P05,3112.7840744791474,239.65443383055555,0.6810639978709119,True,True,447766.1731866801,4618286.720775251,"POLYGON ((447781.65800125804 4618305.907145062, 447789.4232591093 4618305.975813062, 447797.19468472333 4618306.044309354, 447806.8617724529 4618306.132355603, 447807.2350879081 4618268.0609295685, 447797.39130723645 4618267.975771055, 447789.61978492106 4618267.90102869, 447781.8543747618 4618267.832362243, 447774.0829294581 4618267.757694849, 447758.55226063624 4618267.620359577, 447750.78073867795 4618267.54569335, 447735.2439771064 4618267.408528572, 447725.4000977807 4618267.317124743, 447725.20366617973 4618305.398008735, 447735.047619329 4618305.489258039, 447742.8189722945 4618305.5579078635, 447766.12716102647 4618305.763643488, 447773.88642180734 4618305.83857496, 447781.65800125804 4618305.907145062))"
CHI_49_1,CHI_49_1_P06,2426.6859736389597,202.44072350202492,0.7440937940184869,True,True,447888.23142274487,4618391.901084631,"POLYGON ((447868.607505483 4618413.667588634, 447870.35986485373 4618415.091465595, 447882.3345315315 4618425.155884067, 447893.59176652355 4618426.451893216, 447906.2784084527 4618427.695292318, 447906.4194547728 4618412.351746684, 447906.4973357326 4618403.209013794, 447906.5811540033 4618394.065960425, 447906.66531708435 4618384.935319068, 447906.74913816975 4618375.792418033, 447906.8332243637 4618366.661701704, 447906.8919681096 4618360.2601402225, 447906.1278979844 4618360.273502994, 447892.54912580276 4618360.048046199, 447878.9902696756 4618359.337775943, 447875.45020278683 4618359.024193933, 447875.4466934513 4618359.023867384, 447869.13325691235 4618358.464562267, 447869.05558764824 4618366.369090348, 447868.9715026079 4618375.4998837765, 447868.8814180378 4618384.636788352, 447868.79733227374 4618393.767505635, 447868.707342518 4618402.910503168, 447868.6234471122 4618412.053482506, 447868.607505483 4618413.667588634))"
CHI_49_1,CHI_49_1_P07,2286.025074277221,216.75910073023425,0.6114151173045904,True,True,447670.64284951036,4618282.035694497,"POLYGON ((447647.37969867606 4618290.749385176, 447661.8782401405 4618294.439753089, 447676.2978303651 4618298.654939221, 447697.0899599504 4618305.141717038, 447705.1014183414 4618305.215680128, 447705.29183320684 4618267.134887225, 447695.90511378204 4618267.048668481, 447688.4993558655 4618266.98052656, 447681.099766904 4618266.912289092, 447673.6878384011 4618266.844166536, 447666.2821573783 4618266.77609958, 447658.882415643 4618266.70786446, 447651.47048787 4618266.6398180565, 447636.6651380161 4618266.503362454, 447627.27841801336 4618266.417219827, 447627.0617460216 4618286.551128782, 447632.8129487186 4618287.586569567, 447647.37969867606 4618290.749385176))"
CHI_49_1,CHI_49_1_P08,2067.6435857051506,188.659020575028,0.7300126596187836,True,True,447686.1465883296,4618413.468456177,"POLYGON ((447703.10233227233 4618447.7191856755, 447703.48160417145 4618447.3921476845, 447703.8164344448 4618446.987978098, 447704.0981645083 4618446.517128586, 447704.31950892234 4618445.991775136, 447704.3813517592 4618445.766182373, 447704.4215084044 4618437.998847339, 447704.4688479306 4618428.856582387, 447704.51637522795 4618419.726427164, 447704.5637140292 4618410.584086057, 447704.60497949366 4618401.448009603, 447704.64810726413 4618393.17611745, 447704.3248499923 4618393.055247791, 447704.3251709781 4618393.031703179, 447667.759435938 4618377.863248149, 447667.7137821537 4618382.83407752, 447667.54580049135 4618401.107784168, 447667.4679011778 4618410.244428896, 447667.38391032576 4618419.381244154, 447667.2737392723 4618431.399208273, 447669.7827219767 4618432.8035890665, 447676.4700871615 4618436.658337846, 447684.41886727395 4618441.291917958, 447698.5648885708 4618447.636816382, 447699.56161975197 4618448.083869072, 447699.60265647783 4618448.101973828, 447700.63528169855 4618448.3727993835, 447700.9848438408 4618448.464439076, 447701.88978756533 4618448.459565708, 447702.6687945325 4618447.9965151325, 447702.68842657044 4618447.960634996, 447703.10233227233 4618447.7191856755))"
CHI_49_1,CHI_49_1_P09,1831.1068066749037,180.05036679472087,0.7097992238973719,True,True,447644.7148588266,4618393.960553547,"POLYGON ((447662.6756493604 4618401.06124388, 447662.75973503385 4618391.9305214565, 447662.90689183446 4618375.908110387, 447651.9221950407 4618371.5275461525, 447637.24250099773 4618366.13100871, 447626.23412385146 4618362.423232604, 447626.2145226502 4618364.175712474, 447626.1182697588 4618373.312794803, 447626.01590477093 4618382.443801216, 447625.91982167977 4618391.586899162, 447625.817457148 4618400.7179055875, 447625.7310384204 4618408.92152948, 447629.593731306 4618410.8035621615, 447649.790405107 4618421.613067191, 447662.42763010086 4618428.6866416875, 447662.42967538035 4618428.465502714, 447662.51376036985 4618419.334780271, 447662.59775240324 4618410.1980410535, 447662.6756493604 4618401.06124388))"
CHI_49_1,CHI_49_1_P10,1491.8834022019792,165.2847406271035,0.6862450504116319,True,True,447847.04134436906,4618376.459135294,"POLYGON ((447826.3894284446 4618366.024356809, 447826.23187821155 4618382.003829053, 447830.8207474137 4618385.036391644, 447844.2166326993 4618394.53981112, 447857.4001008973 4618404.561028957, 447863.7742476627 4618409.740332289, 447863.83728960325 4618402.870132057, 447863.9272793604 4618393.727134404, 447864.0112707667 4618384.59032406, 447864.10135652253 4618375.453495523, 447864.18544156523 4618366.322701969, 447864.2674538451 4618357.990303971, 447862.73132733407 4618357.798736132, 447840.1726014954 4618355.625246161, 447826.51522457955 4618353.245139294, 447826.4793429766 4618356.881359421, 447826.3894284446 4618366.024356809))"
CHI_49_1,CHI_49_1_P11,1224.4945350763433,147.8356143503993,0.7040582217715413,True,True,447741.13438936946,4618432.382702159,"POLYGON ((447762.6191848021 4618438.529795453, 447762.68691167294 4618429.9028656, 447735.3621237463 4618411.510727985, 447724.70008327294 4618404.573664312, 447724.6719799579 4618410.766391863, 447724.6246399889 4618419.908656307, 447724.57728322654 4618429.044902793, 447724.529774367 4618438.181151641, 447724.473526721 4618449.109290904, 447762.5387711561 4618449.476514878, 447762.6191848021 4618438.529795453))"
CHI_49_1,CHI_49_1_P12,1085.8149740576819,138.8147174839322,0.7081001126456737,True,True,447743.7551127651,4618369.877013257,"POLYGON ((447763.1096518474 4618374.579633081, 447763.1753479254 4618365.437085354, 447763.1759728343 4618365.357608709, 447757.1668142677 4618362.1619625045, 447739.8860029039 4618353.442273771, 447734.5962895627 4618351.027584075, 447729.23055512074 4618348.937074648, 447724.99455861584 4618347.422979579, 447724.95039517025 4618355.942831242, 447724.9029594733 4618365.079002713, 447724.8556207207 4618374.221419458, 447724.84724368964 4618375.828062953, 447727.0079873165 4618377.043314627, 447750.14553085086 4618386.890065471, 447762.9776308187 4618392.069465128, 447763.03775285085 4618383.710240435, 447763.1096518474 4618374.579633081))"
CHI_49_1,CHI_49_1_P13,1044.8648697727226,134.54132682752228,0.7253683115269673,True,True,447686.495626846,4618345.978222757,"POLYGON ((447668.21164320625 4618328.013280567, 447668.1278208245 4618337.156187535, 447668.04965621355 4618346.280723677, 447667.98845614167 4618352.940131813, 447700.7986428549 4618365.824748193, 447700.8050781914 4618365.827086293, 447704.69459954737 4618367.248399586, 447704.81023741455 4618359.176092512, 447704.83261482336 4618357.614446242, 447704.84222366917 4618355.766615369, 447704.8895652471 4618346.624350452, 447704.9228790415 4618339.284017832, 447692.51508167526 4618333.867127037, 447677.83160615107 4618328.261909835, 447668.238336117 4618325.1148086665, 447668.21164320625 4618328.013280567))"
CHI_49_1,CHI_49_1_P14,940.4855294227423,128.5685022496637,0.7149782202690713,True,False,447645.3469876192,4618331.534438042,"POLYGON ((447663.1355691255 4618351.03439479, 447663.17960064247 4618346.240351766, 447663.25751857256 4618337.109724922, 447663.382541823 4618323.521850703, 447663.00281431474 4618323.397279949, 447648.049719443 4618319.2801303, 447631.35227860033 4618315.0949071, 447626.76253005327 4618313.859273713, 447626.713619467 4618318.490481887, 447626.6113486539 4618327.627657367, 447626.5151686529 4618336.7645861665, 447626.49926404934 4618338.184471133, 447630.8439234049 4618339.433936043, 447645.1292716692 4618343.963291015, 447663.1355691255 4618351.03439479))"
CHI_49_1,CHI_49_1_P15,872.5909136462056,129.20034519364188,0.6568908346522307,True,False,447785.9236346045,4618389.470290648,"POLYGON ((447768.0278044406 4618367.937793119, 447767.9798016364 4618374.626173696, 447767.9078253033 4618383.756705946, 447767.842188825 4618392.893234423, 447767.8332560499 4618394.029333249, 447773.46220830054 4618396.301338098, 447788.87039922737 4618402.303381265, 447804.44530289154 4618407.85490336, 447805.86838528566 4618408.319472435, 447805.9270004287 4618402.389653851, 447806.016914064 4618393.246655933, 447806.05013068154 4618389.636537282, 447805.9514130271 4618389.5714974925, 447791.3704650516 4618380.821502766, 447774.33010779397 4618371.289332533, 447768.0278044406 4618367.937793119))"
CHI_49_1,CHI_49_1_P16,782.763211043705,117.86091250094911,0.7081099091072138,True,False,447788.93426080793,4618321.211835328,"POLYGON ((447768.3922680955 4618319.800619868, 447768.3460891975 4618326.22123733, 447769.86855073756 4618326.7158803865, 447779.66991436534 4618329.522625561, 447789.52421552717 4618331.969167443, 447806.5735167934 4618335.570487223, 447806.63539864606 4618329.2884244, 447806.7255983619 4618320.163781518, 447806.81523097015 4618311.002504829, 447768.4639049799 4618310.6579041295, 447768.3922680955 4618319.800619868))"
CHI_49_1,CHI_49_1_P17,752.9136458435648,116.68520369264775,0.6949018294824327,False,False,447843.23520390847,4618440.033397125,"POLYGON ((447863.3890139888 4618450.141362647, 447863.48914128816 4618439.417562243, 447863.5399905286 4618434.268888845, 447852.05823155236 4618431.978489772, 447837.60623057885 4618428.733595917, 447825.80642510176 4618425.786859889, 447825.7651040831 4618429.988769957, 447825.674849148 4618439.1195077095, 447825.57061293244 4618450.097142389, 447830.0758396953 4618450.141362647, 447863.3890139888 4618450.141362647))"
CHI_49_1,CHI_49_1_P18,685.7462334323765,113.33735786776018,0.6708526299206606,True,False,447640.75910521287,4618438.210063393,"POLYGON ((447662.2463148705 4618448.500655038, 447662.2564929014 4618447.190276293, 447662.3244669577 4618439.840809871, 447649.9546824746 4618432.613973458, 447628.6408762461 4618421.684645975, 447626.75556122983 4618421.5462477645, 447625.59029712697 4618421.765126772, 447625.5359542392 4618427.013535411, 447625.42056463624 4618437.266114417, 447625.3025382109 4618448.140363753, 447662.2463148705 4618448.500655038))"
CHI_49_1,CHI_49_1_P19,515.4065200407009,110.92810860381178,0.5263523377071814,True,False,447790.0674859145,4618352.702364532,"POLYGON ((447806.4442047549 4618349.299969699, 447798.1270122152 4618347.556798294, 447777.2325181464 4618342.433853918, 447773.32476824016 4618341.4046169715, 447768.2410675053 4618339.999228424, 447768.1890331321 4618347.210303107, 447768.18198365695 4618348.107274955, 447772.51100879675 4618350.247308606, 447787.3384889437 4618358.1742190905, 447802.0060370581 4618366.6186680505, 447806.247781711 4618369.239104043, 447806.4442047549 4618349.299969699))"
CHI_49_1,CHI_49_1_P20,442.9287361750152,112.34193158467453,0.44102168850915063,True,False,447790.6218976277,4618421.584859504,"POLYGON ((447773.62190198846 4618408.890284819, 447767.7347138799 4618406.562240696, 447767.6985601422 4618411.160388357, 447767.6945488935 4618411.718635295, 447777.8306729989 4618418.577312663, 447789.1576182556 4618426.80156699, 447800.3017393378 4618435.461437367, 447805.5583699952 4618439.791177218, 447805.5665717171 4618438.931185595, 447805.6566731637 4618429.800373536, 447805.74683397694 4618420.663542343, 447805.751885688 4618420.149827157, 447790.02035860706 4618414.994945056, 447773.62190198846 4618408.890284819))"
CHI_49_1,CHI_49_1_P21,322.5202978981778,95.5990307252564,0.44346560142447117,True,False,447748.4203728424,4618315.240447285,"POLYGON ((447725.1816487657 4618310.267779247, 447725.16479601944 4618313.5024797395, 447732.8885801835 4618315.621199442, 447736.0616909726 4618316.45140465, 447740.5753657209 4618317.6323789805, 447750.3837073971 4618320.398456839, 447760.12752701493 4618323.551051836, 447763.48702328355 4618324.642541808, 447763.52221386484 4618319.760247628, 447763.5938325532 4618310.611437649, 447725.1816487657 4618310.267779247))"
CHI_49_1,CHI_49_1_P22,192.03375763665187,67.70715172363434,0.5264029994057643,True,False,447775.2069879882,4618444.10307149,"POLYGON ((447767.4090165114 4618449.5292236, 447790.46194346756 4618449.751807032, 447779.4842974654 4618441.510545247, 447767.53170317516 4618433.1753181, 447767.4892572721 4618438.576260237, 447767.4090165114 4618449.5292236))"
CHI_49_1,CHI_49_1_P23,130.6003288181941,61.99666617273341,0.4269897619132686,True,False,447833.45154226205,4618412.496806409,"POLYGON ((447828.2711755151 4618415.122198923, 447848.15520662465 4618419.946046156, 447834.3623221014 4618409.146541585, 447826.0295049945 4618403.149318729, 447825.9452700512 4618411.71488245, 447825.91819156555 4618414.454351433, 447828.2711755151 4618415.122198923))"
CHI_49_1,CHI_49_1_P24,130.27275541204682,59.917181884023876,0.4559956561100073,True,False,447736.5985919462,4618244.213667989,"POLYGON ((447741.1956592526 4618242.05802085, 447735.6900786037 4618240.33324517, 447732.63867649774 4618239.658088728, 447727.1833523232 4618239.614815611, 447727.1001199254 4618247.221845691, 447752.5033772066 4618247.455941551, 447751.3689730633 4618246.69676749, 447746.5346678532 4618244.242456442, 447741.1956592526 4618242.05802085))"
CHI_49_1,CHI_49_1_P25,112.88057453456942,55.65081769160795,0.4580216167284913,True,False,447697.8085308909,4618244.110130754,"POLYGON ((447706.2266919179 4618242.079512109, 447705.5954283229 4618241.082026247, 447704.8551087987 4618240.228452337, 447704.6630301414 4618239.911775419, 447703.81722985726 4618239.406849508, 447702.83227581973 4618239.361159, 447697.7367815722 4618240.701612564, 447691.62552460696 4618242.761700666, 447685.67966665287 4618245.270213386, 447682.6659744058 4618246.817315469, 447706.9917804807 4618247.039684411, 447707.0234878636 4618244.145690761, 447706.7332542216 4618243.196187974, 447706.2266919179 4618242.079512109))"
CHI_49_1,CHI_49_1_P26,107.13892700573903,49.86003177989705,0.5415668274311292,False,False,447873.4818743217,4618445.544554656,"POLYGON ((447883.7722069839 4618450.141362647, 447883.38760994776 4618449.778896731, 447869.69917936844 4618437.513558384, 447868.3892630574 4618436.413351524, 447868.3591942154 4618439.457932866, 447868.25959109573 4618450.141362647, 447883.7722069839 4618450.141362647))"
CHI_49_1,CHI_49_1_P27,103.2079081860766,53.79469655115982,0.4481711700233853,True,False,447754.4229161256,4618338.831959859,"POLYGON ((447763.32947849494 4618345.708461366, 447763.3801494365 4618338.655428122, 447743.4635423512 4618333.149484132, 447742.41750859405 4618335.967738761, 447757.53388467873 4618342.84343624, 447763.32947849494 4618345.708461366))"
CHI_49_1,CHI_49_1_P28,73.63605323197095,233.24382565614314,0.017009049884261787,False,False,447607.8051395516,4618169.007103054,"POLYGON ((447607.3841095973 4618130.141362647, 447607.3841095973 4618246.126101852, 447607.3889439539 4618246.126145503, 447607.472420746 4618238.525051199, 447607.50299852074 4618235.78209457, 447607.5555590134 4618230.911925693, 447607.60676156764 4618226.352516417, 447607.63896113937 4618223.310908741, 447607.7105816453 4618216.916766804, 447607.72225086705 4618215.69770472, 447607.7994853789 4618208.096859479, 447607.80832839647 4618207.487281848, 447607.88269808376 4618200.483580486, 447607.91205342143 4618198.045363143, 447607.9661008403 4618192.882563551, 447608.01581626316 4618188.615708855, 447608.0493150379 4618185.269360731, 447608.1134682043 4618179.18005481, 447608.1326237531 4618177.662250864, 447608.2159314459 4618170.0550648365, 447608.38255084393 4618154.840921281, 447608.459767246 4618147.2339057885, 447608.6263864117 4618132.019686101, 447608.64674127725 4618130.141362647, 447607.3841095973 4618130.141362647))"
CHI_49_1,CHI_49_1_P29,47.821122580878864,139.46704496394506,0.030894874296394422,False,False,447927.0136101259,4618399.5979494685,"POLYGON ((447927.3841095973 4618359.802291763, 447927.0086693651 4618359.812970472, 447926.94308210013 4618366.947513554, 447926.85916644416 4618376.084321139, 447926.7750986901 4618385.221131093, 447926.6911823102 4618394.357862529, 447926.6072105531 4618403.500841595, 447926.5230491223 4618412.631558626, 447926.4392289676 4618421.774459182, 447926.3742987296 4618428.8314253, 447927.3841095973 4618428.862097937, 447927.3841095973 4618359.802291763))"
CHI_49_1,CHI_49_1_P30,43.879956752551045,25.740516585681068,0.8322264947935504,False,False,447924.079209798,4618309.657555297,"POLYGON ((447927.3841095973 4618306.426118483, 447921.80200750293 4618306.233043922, 447921.70220144873 4618306.234576594, 447921.60304540547 4618306.246051637, 447921.50552732404 4618306.26735472, 447921.4106188354 4618306.298273588, 447921.31926556956 4618306.338500175, 447921.2323777336 4618306.387633682, 447921.15082104306 4618306.445184561, 447921.0754080959 4618306.510579401, 447921.0068902764 4618306.58316663, 447920.94595026853 4618306.6622230215, 447920.893195254 4618306.746960888, 447920.84915086254 4618306.836535935, 447920.8142559348 4618306.930055674, 447920.7888581497 4618307.026588311, 447920.77321056067 4618307.125172035, 447920.7674690738 4618307.224824595, 447920.73118655157 4618311.985114191, 447920.73529760155 4618312.083637208, 447920.74909208005 4618312.181276328, 447920.77243585396 4618312.2770821415, 447920.80510193575 4618312.37012306, 447920.8467726907 4618312.459494385, 447920.8970429255 4618312.544327097, 447920.9554238282 4618312.62379631, 447921.0213477213 4618312.69712929, 447921.09417358146 4618312.763612969, 447921.1731932731 4618312.822600882, 447921.25763843337 4618312.873519449, 447921.3466879443 4618312.915873554, 447921.4394759163 4618312.9492513575, 447921.5351001084 4618312.973328305, 447921.63263070094 4618312.987870282, 447921.7311193372 4618312.992735883, 447927.3841095973 4618312.992951652, 447927.3841095973 4618306.426118483))"
CHI_49_1,CHI_49_1_P31,30.21227694065901,28.007648713676293,0.48399404673396645,True,False,447670.5624374801,4618446.622577395,"POLYGON ((447667.170399694 4618442.671963737, 447667.1165409991 4618448.547117353, 447677.40037174715 4618448.648651095, 447667.170399694 4618442.671963737))"
CHI_49_1,CHI_49_1_P32,11.017909728821618,16.691896996534837,0.49693282109642384,True,False,447904.3363699978,4618442.829986182,"POLYGON ((447900.7320823989 4618441.0931155365, 447904.92027247255 4618444.686569727, 447906.1121941245 4618445.773273549, 447906.14986760187 4618441.660402095, 447900.7320823989 4618441.0931155365))"
CHI_49_1,CHI_49_1_P33,8.463458522492576,16.834300923005447,0.37529049212860777,False,False,447926.7997966545,4618446.551882746,"POLYGON ((447927.3841095973 4618450.141362647, 447927.3841095973 4618442.908186884, 447926.2508032225 4618442.875821035, 447926.1826144701 4618450.141362647, 447927.3841095973 4618450.141362647))"
CHI_49_1,CHI_49_1_P34,7.2348947606792615,11.43163626886217,0.6957052600353214,True,False,447761.8529524334,4618406.237451858,"POLYGON ((447762.84884094197 4618408.520913702, 447762.87941706117 4618404.642250199, 447761.6145323091 4618404.142061066, 447760.9421779146 4618405.372497396, 447760.1760389205 4618406.774648597, 447762.84884094197 4618408.520913702))"
CHI_49_1,CHI_49_1_P35,3.612059611458636,56.33768523380226,0.014301012131842643,False,False,447927.29821073613,4618336.981274312,"POLYGON ((447927.3841095973 4618318.287711331, 447927.356857314 4618321.257471233, 447927.1888716237 4618339.531088711, 447927.12647280353 4618346.331075783, 447927.3841095973 4618346.3230880825, 447927.3841095973 4618318.287711331))"
CHI_49_2,CHI_49_2_P01,14372.011756200902,564.5561425604782,0.5666477305461571,True,True,448565.7866985477,4618972.9033383755,"POLYGON ((448526.06140217255 4618932.571281678, 448525.97114305396 4618941.6959842555, 448525.8806954206 4618950.80850098, 448525.7904367567 4618959.933203568, 448525.6999895774 4618969.045720303, 448525.6096369967 4618978.164329977, 448525.4289325137 4618996.40154934, 448525.3446735418 4619005.520064657, 448525.3315382713 4619007.037771689, 448525.2314127347 4619016.784008032, 448516.52964160795 4619016.596079304, 448516.43078348157 4619016.598835708, 448516.33268106275 4619016.6113434, 448516.23629384494 4619016.633480047, 448516.1425645459 4619016.665029142, 448516.0524098875 4619016.705682118, 448515.9667116298 4619016.755041368, 448515.886307947 4619016.812624132, 448515.81198522943 4619016.87786722, 448515.7444703924 4619016.950132521, 448515.6844237667 4619017.028713242, 448515.63243263983 4619017.112840821, 448515.58900551253 4619017.201692448, 448515.55456712487 4619017.294399105, 448515.5294543025 4619017.390054074, 448515.51391266205 4619017.487721798, 448515.50809420896 4619017.586447036, 448515.4537747781 4619023.365381471, 448515.45782036387 4619023.46512878, 448515.47179108416 4619023.563975691, 448515.4955477082 4619023.6609371025, 448515.52885348006 4619023.755046709, 448515.57137647807 4619023.845366625, 448515.6226929225 4619023.930996732, 448515.6822913992 4619024.011083649, 448515.7495779562 4619024.084829237, 448515.8238820229 4619024.151498557, 448515.90446309285 4619024.21042719, 448515.9905181039 4619024.261027859, 448516.0811894409 4619024.302796283, 448516.17557348317 4619024.335316202, 448516.27272960945 4619024.358263527, 448516.3716895722 4619024.371409566, 448516.47146714706 4619024.374623309, 448516.57106796146 4619024.367872727, 448516.6694994044 4619024.351225096, 448516.76578051865 4619024.324846323, 448516.85895177687 4619024.288999298, 448518.3969476807 4619023.607293145, 448520.2778681693 4619023.205087135, 448525.1675070324 4619023.393407379, 448524.7965334542 4619060.634046262, 448536.6835800223 4619060.821687869, 448544.28504980454 4619060.935536969, 448551.89270673157 4619061.055384622, 448559.4941944087 4619061.175327821, 448567.0957410594 4619061.289251887, 448574.697303403 4619061.4091177285, 448589.90644674294 4619061.64890853, 448597.50189747434 4619061.762774617, 448605.10955447453 4619061.882698388, 448605.49837403337 4619024.644738995, 448611.4872268575 4619024.5295397, 448611.5823646225 4619024.523162896, 448611.67646255327 4619024.507753893, 448611.76866512484 4619024.483452787, 448611.85813404445 4619024.45048052, 448611.94405587343 4619024.409136872, 448612.0256494227 4619024.359797732, 448612.10217285535 4619024.302911687, 448612.17293043114 4619024.238995934, 448612.23727883224 4619024.168631587, 448612.29463301215 4619024.09245839, 448612.34447151487 4619024.011168897, 448612.38634121575 4619023.925502182, 448612.41986144136 4619023.836237114, 448612.4447274307 4619023.744185278, 448612.4607131056 4619023.650183596, 448612.4676731267 4619023.555086719, 448612.59141460666 4619018.677657754, 448612.58903366857 4619018.578825219, 448612.5769056056 4619018.4807107495, 448612.55514895177 4619018.384273272, 448612.52397634665 4619018.290455323, 448612.48369245685 4619018.200173834, 448612.4346909986 4619018.114311176, 448612.3774508895 4619018.033706531, 448612.312531568 4619017.959147691, 448612.2405675256 4619017.891363359, 448612.16226210573 4619017.83101603, 448612.0783806295 4619017.778695509, 448611.9897429156 4619017.734913154, 448611.89721526834 4619017.700096873, 448611.80170201027 4619017.674586943, 448611.7041366439 4619017.658632688, 448611.60547272814 4619017.652390038, 448611.5066745586 4619017.655920004, 448605.56783056026 4619018.16292582, 448605.67502236203 4619008.285887546, 448605.68808146066 4619006.768182029, 448605.7783401009 4618997.643557572, 448606.16393267934 4618961.156563528, 448606.25411629584 4618952.031940279, 448606.3505430323 4618942.907067986, 448606.44689501356 4618933.782273042, 448606.5433427721 4618924.6636471925, 448606.63959965843 4618915.5326831695, 448606.7300481319 4618906.4201684715, 448606.8263066519 4618897.289280625, 448606.9542101306 4618885.086253676, 448570.2199469627 4618884.558536872, 448570.2645788199 4618880.1059650425, 448570.295827902 4618879.655952561, 448570.46013011737 4618879.418440681, 448570.9795671163 4618879.19884712, 448571.0672690663 4618879.156627895, 448571.15045103105 4618879.106082316, 448571.2283249366 4618879.047689253, 448571.3001529981 4618878.98200193, 448571.3652547099 4618878.909642673, 448571.423013292 4618878.831297021, 448571.4728815342 4618878.74770723, 448571.51438698004 4618878.659665234, 448571.547136403 4618878.568005155, 448571.5708195318 4618878.473595387, 448571.58521199046 4618878.377330378, 448571.59017742326 4618878.280122151, 448571.58566878736 4618878.182891666, 448571.5717287979 4618878.086560095, 448571.5484895237 4618877.992040091, 448571.5161711359 4618877.900227147, 448571.4750798219 4618877.811991107, 448571.42560488475 4618877.728167927, 448571.3682150547 4618877.649551757, 448571.3034540484 4618877.576887412, 448571.2319354178 4618877.510863323, 448571.15433673724 4618877.452105006, 448571.07139318396 4618877.401169146, 448570.98389057297 4618877.358538313, 448570.8926579124 4618877.324616394, 448570.79855954915 4618877.299724771, 448570.70248697995 4618877.284099267, 448570.60535040556 4618877.277887921, 448563.7377955548 4618877.1736935945, 448563.6391708675 4618877.177066929, 448563.5413588772 4618877.1901445, 448563.4453120974 4618877.212798957, 448563.3519658516 4618877.244809685, 448563.26222916506 4618877.285864958, 448563.1769759123 4618877.33556497, 448563.09703630727 4618877.393425733, 448563.0231888185 4618877.458883786, 448562.9561525882 4618877.531301686, 448562.89658042917 4618877.60997421, 448562.8450524675 4618877.694135232, 448562.80207049317 4618877.782965171, 448562.7680530736 4618877.875598986, 448562.7433314776 4618877.971134586, 448562.7281464492 4618878.068641628, 448562.72264586325 4618878.167170567, 448562.72688328574 4618878.265761908, 448562.74081745173 4618878.363455549, 448562.76431266736 4618878.459300127, 448562.79714013136 4618878.552362288, 448562.83898016304 4618878.641735775, 448562.88942531566 4618878.726550248, 448563.443485416 4618879.5613901885, 448563.6152784728 4618880.458098763, 448563.56123180006 4618884.461726673, 448526.53900913603 4618883.924543077, 448526.3264654429 4618905.221640075, 448526.2421098334 4618914.334062403, 448526.1518514394 4618923.458841128, 448526.06140217255 4618932.571281678))"
CHI_49_2,CHI_49_2_P02,14370.435399343729,557.7194728955365,0.5805614225731704,True,True,448666.3490510478,4618974.384271165,"POLYGON ((448706.6900658691 4618962.677226243, 448706.89495483495 4618944.427452598, 448706.99128852284 4618935.296566048, 448707.09365859086 4618926.171756585, 448707.1960083204 4618917.040700699, 448707.29845382646 4618907.915813909, 448707.40071081993 4618898.778741267, 448707.4318847774 4618895.676214528, 448707.5341420754 4618886.539141899, 448670.71017573756 4618886.005191397, 448670.8276609874 4618879.65071693, 448670.82457777974 4618879.551624019, 448670.81169764505 4618879.453323392, 448670.7891471809 4618879.356781237, 448670.75714803394 4618879.2629464585, 448670.71601472085 4618879.172741349, 448670.6661515373 4618879.087052528, 448670.6080485842 4618879.006722223, 448670.5422769502 4618878.932539993, 448670.46948309883 4618878.865234968, 448670.3903825145 4618878.805468684, 448670.3057526697 4618878.753828579, 448670.21642538375 4618878.710822217, 448670.12327864656 4618878.676872306, 448670.0272279891 4618878.652312536, 448669.92921748484 4618878.637384301, 448669.83021047025 4618878.632234332, 448664.628457416 4618878.619861341, 448664.53044955013 4618878.6244414905, 448664.43336226116 4618878.638604042, 448664.3381301617 4618878.662212659, 448664.2456700055 4618878.695040072, 448664.156871862 4618878.736770268, 448664.0725905483 4618878.787001531, 448663.9936374001 4618878.845250307, 448663.92077246145 4618878.910955864, 448663.85469716805 4618878.983485687, 448663.7960475951 4618879.062141565, 448663.74538833374 4618879.146166315, 448663.70320705645 4618879.234751074, 448663.66990982206 4618879.327043076, 448663.645817167 4618879.422153872, 448663.6311610198 4618879.519167876, 448663.6260824681 4618879.617151179, 448663.6306304007 4618879.715160546, 448663.64476103673 4618879.812252485, 448663.6683383474 4618879.907492341, 448663.70113536535 4618879.999963283, 448663.7428363694 4618880.088775138, 448663.793039924 4618880.17307296, 448663.85126274347 4618880.252045251, 448664.0180653028 4618880.456480577, 448664.2821981439 4618881.138283389, 448664.29901888844 4618882.933216677, 448664.23422739777 4618885.911189037, 448627.05811003037 4618885.378374637, 448626.8339639182 4618906.718230049, 448626.7436098322 4618915.836837174, 448626.5509052208 4618934.086426044, 448626.46064618486 4618943.21112612, 448626.1714972851 4618970.5794165665, 448626.0811618177 4618979.704041684, 448625.88861388876 4618997.953704449, 448625.7982802835 4619007.07840575, 448625.6775017017 4619018.516687939, 448619.69236124726 4619018.46856765, 448619.59405228484 4619018.472617934, 448619.4966172243 4619018.486309753, 448619.40099934 4619018.509510552, 448619.30812431406 4619018.541995725, 448619.218891275 4619018.58345078, 448619.13416409283 4619018.63347439, 448619.0547630163 4619018.691582272, 448618.98145673174 4619018.757211881, 448618.9149549214 4619018.829727852, 448618.8559013932 4619018.908428155, 448618.80486784765 4619018.992550888, 448618.7623483434 4619019.081281653, 448618.72875451413 4619019.173761442, 448618.7044115837 4619019.269094955, 448618.6895552174 4619019.366359262, 448618.6843292405 4619019.46461274, 448618.6609298352 4619025.429859699, 448618.6652816468 4619025.527056105, 448618.6790582707 4619025.623369575, 448618.7021292962 4619025.717888395, 448618.73427633115 4619025.809717845, 448618.7751950692 4619025.897988658, 448618.82449817035 4619025.981865258, 448618.88171892747 4619026.06055366, 448618.94631568424 4619026.133308995, 448619.0176769628 4619026.199442553, 448619.09512725135 4619026.258328311, 448619.1779333995 4619026.309408851, 448619.26531155757 4619026.352200639, 448619.35643459694 4619026.386298607, 448619.4504399397 4619026.411379979, 448619.54643772374 4619026.427207334, 448619.6435192264 4619026.433630847, 448619.7407654665 4619026.430589715, 448619.8372559032 4619026.418112724, 448619.9320771506 4619026.396317983, 448620.02433162305 4619026.365411802, 448620.1131460323 4619026.325686743, 448620.1976796543 4619026.277518844, 448620.2771322868 4619026.221364068, 448620.350751825 4619026.15775398, 448620.41784138035 4619026.087290718, 448620.86311319465 4619025.57155934, 448621.49623322004 4619025.226319528, 448625.6002788714 4619025.189882066, 448625.219770432 4619062.198937028, 448632.8275018387 4619062.318783433, 448640.43506255664 4619062.432538086, 448648.0427174874 4619062.552385657, 448655.6503734381 4619062.672309386, 448663.25810303516 4619062.792079607, 448670.85949285066 4619062.905853625, 448678.4671483288 4619063.0257773325, 448693.6825326131 4619063.265471232, 448705.5754187575 4619063.44685152, 448705.98414144857 4619026.556938321, 448712.2838461073 4619026.597305246, 448712.3815753145 4619026.5931472285, 448712.47843073047 4619026.579460905, 448712.57348561485 4619026.556377231, 448712.6658304552 4619026.524117078, 448712.7545816696 4619026.482989119, 448712.8388900609 4619026.433386879, 448712.9179489422 4619026.375784967, 448712.9910018556 4619026.310734534, 448713.0573498097 4619026.238858, 448713.11635796825 4619026.160843102, 448713.16746172425 4619026.077436309, 448713.2101721023 4619025.98943568, 448713.2440804373 4619025.897683231, 448713.2688622845 4619025.803056876, 448713.2842805241 4619025.706462027, 448713.29018762993 4619025.608822931, 448713.34341737774 4619020.979310188, 448713.3397840785 4619020.8818764165, 448713.3266794069 4619020.785259604, 448713.30422794307 4619020.690378244, 448713.27264312276 4619020.59813433, 448713.2322252084 4619020.509404779, 448713.1833584345 4619020.4250331065, 448713.126507355 4619020.345821394, 448713.06221242703 4619020.272522669, 448712.991084873 4619020.205833751, 448712.91380086984 4619020.14638862, 448712.8310951211 4619020.094752394, 448712.74375387235 4619020.051415954, 448712.6526074367 4619020.016791279, 448712.5585223015 4619019.991207533, 448712.4623928909 4619019.974907926, 448712.36513306305 4619019.968047412, 448706.0570577872 4619019.831448147, 448706.18422347406 4619008.319844888, 448706.3890169757 4618990.064054405, 448706.4851960231 4618980.933094022, 448706.5876217276 4618971.802113078, 448706.6900658691 4618962.677226243))"
CHI_49_2,CHI_49_2_P03,11096.011403200522,509.52891439377214,0.537080136024474,False,False,448469.40919274883,4618970.8320767535,"POLYGON ((448438.238280122 4619059.293745771, 448438.6134184165 4619059.299652722, 448446.23316784756 4619059.413142623, 448461.448485613 4619059.652838081, 448469.06832894235 4619059.772420897, 448476.6758942377 4619059.886251844, 448499.5110546148 4619060.245606203, 448499.8749816766 4619023.116018192, 448508.2915559764 4619023.381287575, 448508.3908260686 4619023.379484972, 448508.4894281151 4619023.367847231, 448508.5863901165 4619023.346489074, 448508.6807562408 4619023.315621045, 448508.7715962455 4619023.275547437, 448508.858014648 4619023.226663285, 448508.939159553 4619023.169450481, 448509.01423105004 4619023.104473016, 448509.08248909935 4619023.032371426, 448509.1432608267 4619022.953856474, 448509.1959471565 4619022.8697021445, 448509.2400287175 4619022.780738014, 448509.2750709624 4619022.687841073, 448509.30072845164 4619022.59192708, 448509.31674825895 4619022.493941539, 448509.3229724642 4619022.39485037, 448509.38390871265 4619017.731696533, 448509.38027468795 4619017.632461861, 448509.3668166129 4619017.5340768695, 448509.3436671939 4619017.437511707, 448509.311054701 4619017.343718574, 448509.2693007171 4619017.253622342, 448509.2188169668 4619017.168111423, 448509.1601012565 4619017.088029018, 448509.0937325658 4619017.014164797, 448509.02036533825 4619016.947247114, 448508.94072302786 4619016.8879358275, 448508.8555909658 4619016.83681579, 448508.7658086159 4619016.794391081, 448508.67226129735 4619016.76108004, 448508.5758714548 4619016.737211136, 448508.47758956195 4619016.723019736, 448508.3783847497 4619016.718645778, 448500.3649757857 4619016.763596365, 448499.9359136887 4619016.760756152, 448500.0531201126 4619005.13780928, 448500.1434708545 4618996.019122798, 448500.17558891134 4618992.977599753, 448500.2920595546 4618980.823577539, 448500.32417655794 4618977.781978337, 448500.41452798195 4618968.663291876, 448500.4987890596 4618959.54485211, 448500.5891421164 4618950.426241821, 448500.6795897719 4618941.3137244675, 448500.7699250714 4618932.189020082, 448500.8602970177 4618923.076503923, 448500.89249184314 4618920.034979718, 448501.0089637263 4618907.880881408, 448501.0410051739 4618904.839283402, 448501.13143575436 4618895.720671972, 448501.25381381484 4618883.5543696135, 448453.36567546066 4618882.861729122, 448453.43724583794 4618876.65798776, 448453.43359996576 4618876.560364463, 448453.420445923 4618876.463562751, 448453.3979092465 4618876.3685064595, 448453.36620501726 4618876.276102767, 448453.32563580794 4618876.187233539, 448453.27658879466 4618876.102746908, 448453.2195320627 4618876.023449179, 448453.1550101386 4618875.950097139, 448453.08363879385 4618875.883390831, 448453.00609916804 4618875.823966873, 448452.92313126836 4618875.772392382, 448452.83552690735 4618875.729159567, 448452.744122146 4618875.694681022, 448452.64978931483 4618875.669285798, 448452.55342868867 4618875.653216258, 448452.4559598948 4618875.64662576, 448446.7255750572 4618875.539749731, 448446.6274864576 4618875.542736288, 448446.5301628988 4618875.555322702, 448446.4345416354 4618875.577387762, 448446.341543528 4618875.608718975, 448446.2520641757 4618875.649014614, 448446.1669652908 4618875.697886616, 448446.0870664005 4618875.754864333, 448446.01313695457 4618875.819399052, 448445.94588891516 4618875.890869284, 448445.88596990064 4618875.968586751, 448445.8339569487 4618876.05180301, 448445.7903509592 4618876.139716663, 448445.75557187066 4618876.231481079, 448445.7299546159 4618876.3262125375, 448445.71374589653 4618876.422998747, 448445.7071018073 4618876.520907627, 448445.6488067208 4618879.643053972, 448445.648780945 4618879.644489689, 448445.5952733744 4618882.749065534, 448438.238280122 4618882.642419455, 448438.238280122 4619059.293745771))"
CHI_49_2,CHI_49_2_P04,7758.9633963342985,366.34000165333555,0.7265154944910835,False,False,448668.10359646124,4618818.2573210355,"POLYGON ((448628.26021256787 4618770.06773209, 448628.2175741658 4618774.1254558535, 448628.1215980474 4618783.274774218, 448628.02542988246 4618792.411678246, 448627.9294518608 4618801.560844304, 448627.83947262925 4618810.703823071, 448627.74349506357 4618819.852989138, 448627.64742218016 4618828.995986124, 448627.55137127003 4618838.145305708, 448627.45528063446 4618847.282208597, 448627.3654730733 4618856.431279146, 448627.27070059854 4618865.269612706, 448664.52468363225 4618865.809440587, 448664.5251035375 4618866.029734645, 448664.2244470905 4618871.882818604, 448664.22433462716 4618871.983179348, 448664.23428232595 4618872.083045932, 448664.25418999087 4618872.181412473, 448664.283857106 4618872.277288194, 448664.3229848556 4618872.369707406, 448664.37117913354 4618872.457739236, 448664.42795451294 4618872.540497001, 448664.49273913575 4618872.617147142, 448664.56488047226 4618872.686917617, 448664.64365189394 4618872.749105675, 448664.7282599921 4618872.803084942, 448664.8178525692 4618872.848311721, 448664.9115272229 4618872.884330478, 448665.0083404345 4618872.910778418, 448665.1073170734 4618872.927389151, 448665.2074602178 4618872.93399537, 448669.8525125049 4618873.006793132, 448669.9519146333 4618873.003404232, 448670.0504884628 4618872.990157802, 448670.14725887484 4618872.96718488, 448670.2412685905 4618872.934712721, 448670.3315876405 4618872.893062547, 448670.41732256464 4618872.842646373, 448670.4976252501 4618872.783962931, 448670.57170132117 4618872.717592731, 448670.6388179976 4618872.644192325, 448670.69831134315 4618872.564487811, 448670.7495928338 4618872.479267647, 448670.7921551793 4618872.389374851, 448670.8255773415 4618872.295698671, 448670.8495286994 4618872.199165774, 448670.8637723198 4618872.10073109, 448670.868167301 4618872.001368361, 448670.83432458935 4618865.9009901, 448707.75297892786 4618866.430363816, 448707.84778775263 4618857.604220412, 448708.05211573944 4618839.317889366, 448708.15428125556 4618830.174800015, 448708.35860943375 4618811.888392846, 448708.4548520565 4618802.75141347, 448708.55684677494 4618793.602156238, 448708.7612711475 4618775.321842053, 448708.81998185435 4618770.06773209, 448628.26021256787 4618770.06773209))"
CHI_49_2,CHI_49_2_P05,7637.8625474345545,365.8166678716687,0.7172238509240414,False,False,448567.5069455221,4618817.5492519,"POLYGON ((448527.6638870023 4618770.06773209, 448527.6369629298 4618772.630038078, 448527.5021829304 4618786.356771986, 448527.45719189424 4618790.928186456, 448527.3993308509 4618797.029568774, 448527.36740108713 4618800.083353585, 448527.27742177196 4618809.22633486, 448527.18763142225 4618818.381502002, 448527.09765256394 4618827.5244832905, 448527.0078626706 4618836.679650446, 448526.9178854494 4618845.822707908, 448526.8280948343 4618854.9777989155, 448526.7394913696 4618863.816039346, 448563.92562524095 4618864.355526117, 448563.923960914 4618864.7838412, 448563.8305032987 4618868.063545736, 448563.152576592 4618869.298192273, 448562.8171761759 4618869.707088955, 448562.75917540805 4618869.785270641, 448562.7090512036 4618869.8687214, 448562.6672785632 4618869.956650415, 448562.63425334374 4618870.048224429, 448562.61028850754 4618870.142575644, 448562.59561115655 4618870.238809943, 448562.5903603802 4618870.336015368, 448562.5945859372 4618870.4332707515, 448562.6082477843 4618870.529654459, 448562.6312164555 4618870.624253113, 448562.6632742889 4618870.716170251, 448562.70411748963 4618870.804534826, 448562.75335900846 4618870.888509453, 448562.8105322099 4618870.967298349, 448562.8750952941 4618871.040154874, 448562.94643643126 4618871.106388606, 448563.02387955954 4618871.165371884, 448563.10669079184 4618871.216545753, 448563.19408537046 4618871.259425268, 448563.2852351037 4618871.293604081, 448563.3792762142 4618871.318758298, 448563.4753175248 4618871.334649546, 448563.5724489033 4618871.341127233, 448570.1708472639 4618871.459241511, 448570.2672905329 4618871.456312201, 448570.3630025505 4618871.444101768, 448570.4570922489 4618871.42272389, 448570.54868366383 4618871.3923775945, 448570.63692408975 4618871.3533454, 448570.7209920184 4618871.305990691, 448570.8001047871 4618871.250754338, 448570.8735258651 4618871.188150581, 448570.94057171047 4618871.118762257, 448571.00061813416 4618871.043235361, 448571.0531061109 4618870.962273041, 448571.0975469837 4618870.876629046, 448571.133527013 4618870.787100713, 448571.1607112291 4618870.694521539, 448571.1788465498 4618870.599753426, 448571.1877641376 4618870.503678655, 448571.1873809706 4618870.4071916705, 448571.17770061607 4618870.311190756, 448571.1588131971 4618870.216569667, 448571.1308945533 4618870.124209316, 448571.0942046041 4618870.034969569, 448571.04908492864 4618869.9496812355, 448570.99595558597 4618869.8691383405, 448570.93531120406 4618869.794090729, 448570.86771637516 4618869.725237086, 448570.30983157293 4618869.209292979, 448570.10774373374 4618868.639908993, 448570.10456786107 4618868.515819033, 448570.1507916616 4618864.440116126, 448607.16078632826 4618864.977736153, 448607.2554826583 4618856.139403288, 448607.3454425588 4618846.9903298775, 448607.4415332093 4618837.853426486, 448607.5373374461 4618828.6980158305, 448607.6334865081 4618819.555017162, 448607.72946408944 4618810.405850592, 448607.82563063386 4618801.268869883, 448607.9215143048 4618792.113610399, 448608.011589558 4618782.976800234, 448608.10756569315 4618773.827481369, 448608.1470729953 4618770.06773209, 448527.6638870023 4618770.06773209))"
CHI_49_2,CHI_49_2_P06,5969.056168967663,326.0137869257916,0.7057381531992555,False,False,448469.948938301,4618816.850765251,"POLYGON ((448438.238280122 4618770.06773209, 448438.238280122 4618862.530238995, 448445.78074703267 4618862.639343657, 448445.7343331145 4618868.461899489, 448445.7383207983 4618868.55944045, 448445.7518003168 4618868.656127798, 448445.77464320825 4618868.751040089, 448445.80663177674 4618868.843272796, 448445.84746116673 4618868.931946927, 448445.8967422684 4618869.016217406, 448445.95400542585 4618869.095281124, 448446.01870491315 4618869.168384592, 448446.0902241351 4618869.234831124, 448446.16788150347 4618869.293987474, 448446.2509369326 4618869.345289875, 448446.33859889256 4618869.3882494075, 448446.43003195256 4618869.422456661, 448446.5243647427 4618869.447585637, 448446.62069825816 4618869.46339685, 448446.718114427 4618869.469739619, 448452.4513286769 4618869.562554845, 448452.5501999142 4618869.55926165, 448452.6482619724 4618869.5462156, 448452.74455518025 4618869.5235443665, 448452.83813717717 4618869.49146982, 448452.92809213535 4618869.450305853, 448453.01353972265 4618869.400455311, 448453.0936437176 4618869.34240605, 448453.1676201931 4618869.276726162, 448453.23474518827 4618869.204058413, 448453.2943617933 4618869.125113958, 448453.34588657826 4618869.040665374, 448453.3888153027 4618868.951539108, 448453.4227278503 4618868.858607382, 448453.44729234057 4618868.762779658, 448453.46226837626 4618868.664993743, 448453.4675093965 4618868.566206607, 448453.48798333807 4618862.751014375, 448501.4542199329 4618863.445865677, 448501.53682603483 4618854.613888093, 448501.56884971884 4618851.56619599, 448501.6848520303 4618839.381633091, 448501.71687583975 4618836.333940991, 448501.8068544896 4618827.190959067, 448501.8969277363 4618818.054070081, 448501.9289517221 4618815.006377985, 448501.9869080213 4618808.911164327, 448502.0831496368 4618799.774103644, 448502.1730530365 4618790.631122922, 448502.2632033553 4618781.49423278, 448502.35310721153 4618772.351252073, 448502.37563845643 4618770.06773209, 448438.238280122 4618770.06773209))"
CHI_49_2,CHI_49_2_P07,5634.4053346357005,430.71900633032567,0.3816540523436369,False,False,448742.2825389655,4618976.827972987,"POLYGON ((448758.238280122 4618887.275052391, 448727.63803409657 4618886.831110333, 448727.5301617589 4618896.791011872, 448727.5013604109 4618899.259761473, 448727.42123341677 4618906.677797119, 448727.40117839363 4618908.530801841, 448727.3062124154 4618916.564676746, 448727.29490486404 4618917.802012745, 448727.2034730833 4618926.457536727, 448727.1946495141 4618927.0732066315, 448727.0914301451 4618936.143179249, 448726.99422894535 4618945.213134851, 448726.8910305948 4618954.289353915, 448726.6966281388 4618972.429188985, 448726.5933337313 4618981.499162823, 448726.4960586746 4618990.569195797, 448726.3928420593 4618999.639244627, 448726.2957356226 4619008.715217039, 448726.16964910395 4619019.952671865, 448720.1731562838 4619019.840909357, 448720.0745736424 4619019.8439366715, 448719.9767687103 4619019.8566605495, 448719.88069290476 4619019.878957218, 448719.7872808225 4619019.91060978, 448719.69744114846 4619019.95131033, 448719.6120478162 4619020.000662945, 448719.5319315066 4619020.058187538, 448719.45787156717 4619020.123324526, 448719.390588431 4619020.195440276, 448719.3307366083 4619020.273833267, 448719.2788983198 4619020.357740917, 448719.2355778329 4619020.446346996, 448719.2011965564 4619020.538789571, 448719.1760889411 4619020.634169388, 448719.16049922636 4619020.731558621, 448719.1545790643 4619020.830009895, 448719.10096587613 4619025.828238995, 448719.10454019613 4619025.924114659, 448719.1172860042 4619026.019206528, 448719.13908597623 4619026.112639285, 448719.16973944526 4619026.203552891, 448719.2089642486 4619026.291110493, 448719.2563993251 4619026.374506131, 448719.3116080387 4619026.452972155, 448719.3740821977 4619026.525786291, 448719.4432467325 4619026.592278291, 448719.51846498926 4619026.651836101, 448719.5990445899 4619026.703911496, 448719.6842438058 4619026.748025129, 448719.7732783851 4619026.783770935, 448719.86532877164 4619026.810819876, 448719.9595476492 4619026.828922971, 448720.0550677405 4619026.837913581, 448720.15100979095 4619026.837708949, 448720.2464906617 4619026.828310958, 448720.34063145914 4619026.809806116, 448720.43256562465 4619026.782364758, 448721.36961262126 4619026.452940898, 448726.09827184584 4619026.532285323, 448725.68561217067 4619063.757072, 448737.84075920715 4619063.9466550695, 448745.6129211314 4619064.06395451, 448753.3851772639 4619064.187346872, 448758.238280122 4619064.261710937, 448758.238280122 4618887.275052391))"
CHI_49_2,CHI_49_2_P08,2891.0932229920036,253.44373340269217,0.565599275996544,False,False,448743.3266092369,4618818.794559256,"POLYGON ((448758.238280122 4618770.06773209, 448728.9287659224 4618770.06773209, 448728.895306851 4618773.23661442, 448728.78011627606 4618783.501348586, 448728.6668497571 4618793.900129509, 448728.4625013165 4618812.180365375, 448728.366352127 4618821.323361023, 448728.264189937 4618830.46667835, 448728.1620244391 4618839.609767201, 448728.0598603492 4618848.752932221, 448728.0379587007 4618850.88021301, 448727.95762032573 4618857.896098426, 448727.8628103355 4618866.722165183, 448758.238280122 4618867.162968482, 448758.238280122 4618770.06773209))"
CHI_49_2,CHI_49_2_P09,2.893877339945446,39.04035040558168,0.023859567618145738,False,False,448444.64994140074,4619089.967431666,"POLYGON ((448438.238280122 4619090.06773209, 448457.6065684416 4619090.06773209, 448453.22795889986 4619090.002259747, 448445.62022374984 4619089.882413829, 448438.238280122 4619089.766304782, 448438.238280122 4619090.06773209))"
CHI_57_1,CHI_57_1_P01,49792.68942117376,1563.1255323652445,0.2560871189529793,False,False,438819.7818287179,4629363.512613032,"POLYGON ((439007.60100970324 4629268.207598066, 438687.60100970324 4629268.207598066, 438687.60100970324 4629588.207598066, 438719.5337883852 4629588.207598066, 438726.4504312215 4629555.490680522, 438737.0267611345 4629500.669953369, 438741.79357888707 4629475.9623898715, 438758.14000132843 4629398.246906092, 438758.6133322659 4629398.250521547, 438758.8337526411 4629397.395092234, 438759.1034879349 4629396.318264546, 438759.3794108691 4629395.247435407, 438852.0941220582 4629395.917514932, 438852.06755004625 4629398.969027635, 438905.03641570354 4629399.380491645, 439007.60100970324 4629401.087971641, 439007.60100970324 4629293.799444946, 438976.71293678705 4629293.6247965, 438852.5409405796 4629291.955728479, 438852.27159081306 4629282.452399463, 438912.13125323516 4629283.169116422, 439007.60100970324 4629283.457232529, 439007.60100970324 4629268.207598066))"
CHI_57_1,CHI_57_1_P02,45255.87524600964,873.0637405531651,0.7460929374867479,False,False,438875.6172495721,4629504.080422484,"POLYGON ((439007.60100970324 4629588.207598066, 439007.60100970324 4629417.158737728, 438768.99896495015 4629415.429616334, 438761.7147815273 4629415.375708277, 438747.2076036598 4629487.092367853, 438744.56046270666 4629500.742897635, 438729.5449874015 4629578.175365853, 438727.63940966345 4629588.207598066, 439007.60100970324 4629588.207598066))"
CHI_57_2,CHI_57_2_P01,15108.71672349749,561.867019564634,0.6014096070187056,True,True,439138.02148113266,4628184.520301693,"POLYGON ((439177.84829913976 4628267.393224685, 439177.9808700496 4628258.255512445, 439178.10719459684 4628249.117820944, 439178.23959409125 4628239.973940652, 439178.3659964371 4628230.836324142, 439178.49841356924 4628221.698461972, 439178.6247968259 4628212.554675052, 439178.751198674 4628203.416982407, 439178.8836938323 4628194.27919524, 439179.0100027898 4628185.135485689, 439179.1425733875 4628175.997621194, 439179.2688054572 4628166.853836676, 439179.3952084425 4628157.716144066, 439179.52770474117 4628148.578356944, 439179.6540910017 4628139.43464625, 439179.7865104083 4628130.296784158, 439180.0392239053 4628112.01530593, 439180.1716451767 4628102.877520028, 439180.305379678 4628093.416778758, 439142.2264238952 4628093.089207891, 439142.2492164787 4628090.642026186, 439142.3176465309 4628090.15858726, 439142.4748710721 4628089.746078419, 439142.71860704897 4628089.38024878, 439143.04180011025 4628089.075655323, 439143.40047026897 4628088.862593942, 439143.4837341117 4628088.807324141, 439143.5610654935 4628088.744019514, 439143.63169205806 4628088.673312323, 439143.6949084141 4628088.595908766, 439143.75008318084 4628088.512581918, 439143.7966652938 4628088.424164018, 439143.8341895085 4628088.331538147, 439143.8622810475 4628088.235629421, 439143.88065934327 4628088.137395737, 439143.88914084027 4628088.037818217, 439143.8876408286 4628087.937891401, 439143.87617428985 4628087.838613322, 439143.85485574737 4628087.740975532, 439143.82389812265 4628087.645953198, 439143.78361060866 4628087.554495368, 439143.73439558165 4628087.467515488, 439143.6767445826 4628087.38588228, 439143.6112334077 4628087.310411064, 439143.5385163575 4628087.2418556195, 439143.4593197022 4628087.18090065, 439143.3744344277 4628087.128154953, 439143.2847083358 4628087.084145331, 439143.19103757653 4628087.049311334, 439143.0943576976 4628087.024000874, 439142.9956343007 4628087.008466739, 439142.89585339755 4628087.0028640805, 439135.2403722259 4628086.95615847, 439135.1406723343 4628086.960529889, 439135.0419046125 4628086.974816764, 439134.9450527057 4628086.99887681, 439134.8510811793 4628087.03247041, 439134.7609259124 4628087.075262997, 439134.67548477737 4628087.126828394, 439134.5956086976 4628087.186653051, 439134.5220931732 4628087.254141163, 439134.4556703583 4628087.328620605, 439134.39700176957 4628087.409349624, 439134.34667169786 4628087.495524223, 439134.3051813893 4628087.586286175, 439134.2729440533 4628087.680731566, 439134.25028074713 4628087.777919797, 439134.23741717875 4628087.876882954, 439134.2344814587 4628087.976635443, 439134.24150282436 4628088.076183814, 439134.2584113487 4628088.174536645, 439134.28503863665 4628088.270714425, 439134.3211195024 4628088.3637593, 439134.36629461014 4628088.452744621, 439134.420114053 4628088.5367841665, 439134.4820418336 4628088.615040972, 439134.5514612021 4628088.686735665, 439134.6276807987 4628088.751154224, 439134.70994153887 4628088.807655094, 439134.72979507793 4628088.819880129, 439134.76345790207 4628088.841507122, 439134.79817235173 4628088.864735575, 439134.8332312266 4628088.888996278, 439134.86633073946 4628088.912766905, 439134.9002069042 4628088.938065408, 439134.9333710462 4628088.963591832, 439134.9667022372 4628088.990286203, 439134.99675021315 4628089.015044462, 439135.0287238588 4628089.042805698, 439135.060525207 4628089.070827482, 439135.0903965858 4628089.098543715, 439135.1211467818 4628089.127705829, 439135.1486578807 4628089.154969154, 439135.1784133921 4628089.185549925, 439135.2088447788 4628089.217751518, 439135.2362358286 4628089.247620243, 439135.2632626216 4628089.278386112, 439135.2904871791 4628089.310342572, 439135.3162510601 4628089.3417493515, 439135.3426338275 4628089.375096663, 439135.3670996884 4628089.407025242, 439135.3921875677 4628089.441278259, 439135.4156202487 4628089.474050736, 439135.4382270454 4628089.5074579865, 439135.4623841875 4628089.544055086, 439135.4858620118 4628089.581106713, 439135.50703945174 4628089.615395892, 439135.5262788497 4628089.648412145, 439135.54834732576 4628089.687721659, 439135.5682536257 4628089.724160765, 439135.5857215193 4628089.757973492, 439135.6051959217 4628089.797440942, 439135.6236758524 4628089.836008163, 439135.63985011115 4628089.871665484, 439135.65637858026 4628089.909953337, 439135.6726374474 4628089.949370517, 439135.6882253155 4628089.988984181, 439135.7020000961 4628090.0257431725, 439135.71525058337 4628090.063728793, 439135.72861200426 4628090.103930941, 439135.68835850595 4628093.034486758, 439097.9995610472 4628092.706787599, 439097.9026330325 4628102.173130736, 439097.8067873913 4628111.316369648, 439097.70475555025 4628120.453686166, 439097.6089115476 4628129.597001254, 439097.51297206583 4628138.7341471, 439097.3211918553 4628157.014760384, 439097.2191611542 4628166.152076934, 439097.1233182893 4628175.295392056, 439097.02737994655 4628184.432537932, 439096.8356020139 4628202.713151283, 439096.73359081073 4628211.856562134, 439096.5419642094 4628230.137020832, 439096.44595343235 4628239.274320257, 439096.35011239134 4628248.417635429, 439096.24808396626 4628257.554952045, 439096.0563073129 4628275.835413168, 439133.6144884984 4628276.157936214, 439133.61215031095 4628279.436102043, 439133.61190362246 4628279.438985859, 439133.60837536864 4628279.474957046, 439133.604886395 4628279.50503812, 439133.6002675188 4628279.537849479, 439133.59473079303 4628279.574093797, 439133.5887190573 4628279.60930398, 439133.58271484193 4628279.641736789, 439133.57650689635 4628279.671581958, 439133.5686171831 4628279.706032885, 439133.5599591841 4628279.741929769, 439133.55173698236 4628279.773620833, 439133.5421739428 4628279.807614085, 439133.5330066168 4628279.838834697, 439133.5230634686 4628279.86967476, 439133.51151458675 4628279.9041636735, 439133.50000480807 4628279.9365088185, 439133.48869897396 4628279.966799264, 439133.4761607796 4628279.998256697, 439133.46200434584 4628280.032453606, 439133.44852794555 4628280.063617162, 439133.43503828446 4628280.093275974, 439133.4214969675 4628280.121635014, 439133.40621338453 4628280.151966569, 439133.3886751548 4628280.185651145, 439133.37259613856 4628280.215556883, 439133.35716270056 4628280.242846146, 439133.3398474857 4628280.272193787, 439133.32081987715 4628280.303270999, 439133.3026939847 4628280.332015547, 439133.2839343244 4628280.360399209, 439133.2657231937 4628280.387181467, 439133.2469552012 4628280.4133576425, 439133.2242536435 4628280.444161249, 439133.20328766323 4628280.471848072, 439133.18336154975 4628280.497074862, 439133.16284475726 4628280.522134602, 439133.1404866758 4628280.548322072, 439133.1164070848 4628280.575803978, 439133.09465438745 4628280.599805635, 439133.0722684541 4628280.623484682, 439133.0468338455 4628280.649500354, 439133.0223548862 4628280.67391611, 439132.9988479102 4628280.696405184, 439132.97376774997 4628280.7195883505, 439132.9481159112 4628280.742512471, 439132.92199701746 4628280.765077737, 439132.8953990097 4628280.787291278, 439132.87015087384 4628280.807673128, 439132.8431138697 4628280.828562716, 439132.81594149704 4628280.848994894, 439132.78840777656 4628280.868789566, 439132.75999300485 4628280.888654544, 439132.7316009233 4628280.907681122, 439132.70322063623 4628280.92608803, 439132.6742356945 4628280.944096286, 439132.64523523493 4628280.961502897, 439132.6116855149 4628280.980777415, 439132.60126799496 4628280.986671186, 439132.51926365716 4628281.038470159, 439132.4426633415 4628281.097970048, 439132.372187692 4628281.164611085, 439132.3084997325 4628281.237766324, 439132.2521986297 4628281.316747529, 439132.2038140555 4628281.40081166, 439132.16380120453 4628281.489167852, 439132.1325365114 4628281.580984866, 439132.1103141096 4628281.675398901, 439132.09734306403 4628281.771521724, 439132.0937454043 4628281.868449026, 439132.0995549765 4628281.96526893, 439132.1147171252 4628282.061070571, 439132.1390892072 4628282.15495266, 439132.1724419338 4628282.24603197, 439132.2144615277 4628282.33345164, 439132.26475267496 4628282.416389241, 439132.3228422444 4628282.494064507, 439132.3881837383 4628282.565746682, 439132.4601624339 4628282.6307613915, 439132.53810116695 4628282.688496986, 439132.62126670184 4628282.7384103, 439132.7088766302 4628282.780031755, 439132.80010673124 4628282.812969783, 439132.8940987264 4628282.83691451, 439132.98996835353 4628282.851640664, 439133.08681368607 4628282.857009707, 439140.126161171 4628282.9053469235, 439140.22420179396 4628282.90120547, 439140.32136449136 4628282.887475006, 439140.4167136723 4628282.864287745, 439140.50933120854 4628282.831866959, 439140.5983252752 4628282.790524831, 439140.68283893797 4628282.740659451, 439140.7620584052 4628282.682750977, 439140.83522086346 4628282.617357016, 439140.90162182297 4628282.545107255, 439140.96062190126 4628282.466697395, 439141.0116529797 4628282.382882453, 439141.05422367423 4628282.294469493, 439141.0879240667 4628282.202309855, 439141.11242965213 4628282.107290953, 439141.1275044634 4628282.010327737, 439141.1330033434 4628281.912353874, 439141.1288733428 4628281.814312768, 439141.1151542299 4628281.717148467, 439141.0919781076 4628281.621796578, 439141.05956814135 4628281.529175255, 439141.0182364106 4628281.440176359, 439140.96838090324 4628281.355656872, 439140.9104816838 4628281.27643064, 439140.8450962705 4628281.203260543, 439140.7728542668 4628281.136851144, 439140.75741321105 4628281.123995778, 439140.73099720024 4628281.101238518, 439140.7032398404 4628281.076166762, 439140.6745609725 4628281.04964886, 439140.6491506476 4628281.025207476, 439140.62154622824 4628280.997590128, 439140.59544248274 4628280.970855913, 439140.57145915215 4628280.94511026, 439140.5453300519 4628280.916136408, 439140.5193715174 4628280.8864643155, 439140.4968263662 4628280.859828653, 439140.4735226378 4628280.830951316, 439140.44821911404 4628280.798801838, 439140.42571294936 4628280.769272788, 439140.40514505276 4628280.741136912, 439140.3838308272 4628280.71071996, 439140.3620452894 4628280.678589767, 439140.3409145902 4628280.646254902, 439140.321498586 4628280.615527882, 439140.3016761947 4628280.582577223, 439140.28271857434 4628280.550312227, 439140.26508808945 4628280.518528719, 439140.2472896088 4628280.485482794, 439140.2309164163 4628280.453383525, 439140.2138114259 4628280.418582517, 439140.19731359085 4628280.383482498, 439140.18182233867 4628280.349231953, 439140.1671882849 4628280.315029969, 439140.15335030295 4628280.281350679, 439140.1399519911 4628280.2465106305, 439140.1260575598 4628280.2090071235, 439140.11456614477 4628280.176236352, 439140.1030301925 4628280.140763808, 439140.0908803002 4628280.101789018, 439140.08113492676 4628280.06866818, 439140.07144655666 4628280.0325158825, 439140.06200737675 4628279.995711468, 439140.05354480917 4628279.959266399, 439140.0453641026 4628279.92201305, 439140.03794220457 4628279.884311049, 439140.0311228195 4628279.84754749, 439140.02548927435 4628279.812584381, 439140.02000703086 4628279.774780482, 439140.01520572207 4628279.737113288, 439140.0110309396 4628279.699383288, 439140.00747992547 4628279.661365602, 439140.00475978514 4628279.625899818, 439140.00268054 4628279.587703356, 439140.00102729024 4628279.54953105, 439140.0002814538 4628279.514134967, 439140.0001387623 4628279.481719228, 439140.0779571515 4628276.211707505, 439177.721995776 4628276.537162799, 439177.84829913976 4628267.393224685))"
CHI_57_2,CHI_57_2_P02,14992.075637034857,561.1039274614603,0.598390942866727,True,True,439239.7973776071,4628185.626018359,"POLYGON ((439198.6070421605 4628221.867973757, 439198.4745465169 4628231.005684282, 439198.34816609253 4628240.149623045, 439198.2157470689 4628249.287332404, 439197.96304043464 4628267.56880987, 439197.8306220943 4628276.7065192545, 439235.1826489671 4628277.027835606, 439235.1567893961 4628279.9421966, 439235.0666384317 4628280.437193189, 439234.8861466123 4628280.888243629, 439234.6178514921 4628281.296787036, 439234.27574661915 4628281.6430971, 439234.1673278294 4628281.715691447, 439234.08886155323 4628281.77397962, 439234.01646081166 4628281.839650012, 439233.9508173553 4628281.912075174, 439233.8925583724 4628281.990563126, 439233.8422404966 4628282.074363955, 439233.80034448835 4628282.16267699, 439233.76727064175 4628282.254658447, 439233.7433349597 4628282.34942949, 439233.72876613506 4628282.446084635, 439233.723703365 4628282.543700391, 439233.7281950218 4628282.641344095, 439233.74219818995 4628282.738082808, 439233.7655790766 4628282.832992248, 439233.7981142899 4628282.925165605, 439233.8394929732 4628283.013722209, 439233.88931977516 4628283.097815951, 439233.94711862726 4628283.1766433595, 439234.01233729225 4628283.249451281, 439234.0843526405 4628283.3155440735, 439234.1624766036 4628283.374290256, 439234.2459627488 4628283.425128541, 439234.3340134104 4628283.467573194, 439234.42578731116 4628283.50121868, 439234.5204076003 4628283.525743536, 439234.61697023147 4628283.540913437, 439234.7145526 4628283.546583443, 439241.77030002815 4628283.611121449, 439241.8689316924 4628283.607151433, 439241.96669141616 4628283.593476542, 439242.0626266319 4628283.570230024, 439242.15580255014 4628283.537638392, 439242.2453112679 4628283.496019218, 439242.33028061525 4628283.445778037, 439242.40988265374 4628283.387404399, 439242.4833417438 4628283.321467093, 439242.5499421026 4628283.248608611, 439242.6090347783 4628283.169538883, 439242.6600439741 4628283.0850283615, 439242.70247265795 4628282.9959005155, 439242.73590740626 4628282.903023802, 439242.76002243196 4628282.80730321, 439242.77458275907 4628282.709671437, 439242.7794465122 4628282.611079804, 439242.7745662992 4628282.512488984, 439242.75998967263 4628282.414859643, 439242.73585866665 4628282.319143078, 439242.70240841294 4628282.226271949, 439242.6599648497 4628282.137151187, 439242.6089415456 4628282.052649183, 439242.5498356699 4628281.973589322, 439242.48322314833 4628281.900741959, 439242.409753051 4628281.834816919, 439242.3301412681 4628281.77645657, 439242.30280905083 4628281.758424238, 439242.2735937127 4628281.738580731, 439242.2444879401 4628281.717909406, 439242.2151148676 4628281.6964794155, 439242.18823692226 4628281.676041193, 439242.1600746467 4628281.653850014, 439242.1320015846 4628281.6309770355, 439242.10603678715 4628281.609105387, 439242.0819127275 4628281.587915136, 439242.05535349896 4628281.56361119, 439242.0275109015 4628281.537490839, 439242.0030371958 4628281.513764893, 439241.97772657895 4628281.488196791, 439241.9526024358 4628281.462189906, 439241.9308513152 4628281.438722628, 439241.90817682166 4628281.413246228, 439241.88492690446 4628281.386210336, 439241.86184032855 4628281.358458233, 439241.8391087855 4628281.330208187, 439241.8171190299 4628281.301952283, 439241.7957963725 4628281.27354456, 439241.77587640897 4628281.246089369, 439241.75649978494 4628281.218172022, 439241.73660481436 4628281.188501652, 439241.7186875667 4628281.160724642, 439241.70006512455 4628281.130483029, 439241.6805453451 4628281.097843993, 439241.66269872437 4628281.066902333, 439241.6466993453 4628281.037969324, 439241.63127785025 4628281.008658779, 439241.6146967801 4628280.975705027, 439241.5990782246 4628280.943633934, 439241.58467996476 4628280.912450328, 439241.5698270351 4628280.878882514, 439241.5558081036 4628280.845853182, 439241.5430023595 4628280.814078296, 439241.53080232785 4628280.782130076, 439241.5192004999 4628280.749991705, 439241.50819027505 4628280.717645899, 439241.49667095154 4628280.6816534875, 439241.4866539712 4628280.649110966, 439241.4774111293 4628280.616116361, 439241.4676475016 4628280.57969261, 439241.45937497844 4628280.546409716, 439241.4515492267 4628280.51227924, 439241.4442336701 4628280.477677318, 439241.43773861014 4628280.444121796, 439241.4317392288 4628280.409609744, 439241.42629292904 4628280.374927492, 439241.42155645875 4628280.340750088, 439241.4169865071 4628280.302781168, 439241.4131834956 4628280.267967682, 439241.4104593516 4628280.236059186, 439241.4080895269 4628280.201154647, 439241.4063176919 4628280.165875235, 439241.405066135 4628280.127908509, 439241.40431939496 4628280.092899044, 439241.4043785398 4628280.060522135, 439241.40505539236 4628280.025559762, 439241.40634503803 4628279.990497881, 439241.4084049351 4628279.952488883, 439241.4107008312 4628279.917596013, 439241.4143205483 4628279.877198772, 439241.4179162201 4628279.816045729, 439241.4947972818 4628277.080413151, 439279.52667714824 4628277.407796884, 439279.62243886 4628268.264335123, 439279.7184511992 4628259.127192576, 439279.8142918934 4628249.983881972, 439279.9102273433 4628240.846664458, 439280.00606967503 4628231.70343003, 439280.09591131273 4628222.56623089, 439280.19175292173 4628213.422920311, 439280.2876892784 4628204.285702822, 439280.47954550164 4628186.005249758, 439280.56921758945 4628176.8619587505, 439280.66507869563 4628167.7247424675, 439280.76099783264 4628158.581430743, 439280.8569355591 4628149.444213293, 439280.95278016897 4628140.300978928, 439281.0487171685 4628131.163685325, 439281.1384679694 4628122.020469335, 439281.3303271098 4628103.739940223, 439281.42736906954 4628094.285865332, 439243.6815271526 4628093.95902609, 439243.68416369375 4628091.920070667, 439243.6818840077 4628091.851280596, 439243.6784563277 4628091.800613697, 439243.6762266154 4628091.757735448, 439243.6747626428 4628091.717470341, 439243.67413795 4628091.677202096, 439243.6741427404 4628091.634314556, 439243.6748177554 4628091.591399483, 439243.6760771269 4628091.551213985, 439243.67804790445 4628091.513671162, 439243.68118518544 4628091.47065242, 439243.6847277438 4628091.428395487, 439243.6889435118 4628091.388375493, 439243.6941098252 4628091.345451012, 439243.699501007 4628091.3060401855, 439243.7061816385 4628091.263933628, 439243.7128834752 4628091.224321354, 439243.720532836 4628091.185413861, 439243.72974055127 4628091.14122241, 439243.7384092758 4628091.102572985, 439243.74790058105 4628091.064352633, 439243.7588369154 4628091.022992118, 439243.7702552014 4628090.982514904, 439243.7816199316 4628090.944626386, 439243.79457878775 4628090.904560271, 439243.8079825405 4628090.864695859, 439243.82112756546 4628090.8281974895, 439243.8369339447 4628090.786711533, 439243.8523321488 4628090.747440866, 439243.86730753776 4628090.711712189, 439243.8838403181 4628090.67401085, 439243.90101189644 4628090.636748214, 439243.9188249148 4628090.599696249, 439243.938319219 4628090.561011197, 439243.9572063731 4628090.524592824, 439243.9763374918 4628090.489714387, 439243.9965279625 4628090.454117195, 439244.01761124976 4628090.418662782, 439244.0395582484 4628090.382931918, 439244.06291660597 4628090.3464575615, 439244.0847578795 4628090.313204047, 439244.10744798 4628090.280542233, 439244.1338957099 4628090.243388644, 439244.1565014191 4628090.212591654, 439244.18213563104 4628090.179509708, 439244.20799324685 4628090.1466394495, 439244.2323954569 4628090.117226157, 439244.2608538896 4628090.083931191, 439244.2884977799 4628090.052536522, 439244.31561507675 4628090.022866907, 439244.3431456202 4628089.993832414, 439244.37389437994 4628089.962577745, 439244.40352990554 4628089.933115735, 439244.43126771017 4628089.906734232, 439244.4636882975 4628089.877003005, 439244.4934016261 4628089.850363075, 439244.5239711806 4628089.82435705, 439244.55749620043 4628089.796444149, 439244.5899763842 4628089.770461188, 439244.6219250956 4628089.745609903, 439244.65390061814 4628089.7218929175, 439244.68920728617 4628089.696490248, 439244.722923311 4628089.6730329115, 439244.7547060127 4628089.651796612, 439244.7913630556 4628089.628429316, 439244.8280223628 4628089.605516332, 439244.8603640713 4628089.586251165, 439244.8959709016 4628089.566028005, 439244.93402679695 4628089.54511867, 439244.97029217053 4628089.525954008, 439245.00699688465 4628089.507423073, 439245.04489353375 4628089.489061023, 439245.08201735985 4628089.471819275, 439245.0914178045 4628089.467662883, 439245.1781131602 4628089.424188406, 439245.26018936554 4628089.372520124, 439245.3368744022 4628089.313144035, 439245.40744696185 4628089.246618636, 439245.471243231 4628089.173569674, 439245.52766313445 4628089.094684254, 439245.57617598027 4628089.010704384, 439245.61632545094 4628088.922419987, 439245.64773389604 4628088.830661475, 439245.670105884 4628088.73629194, 439245.68323098146 4628088.6401990345, 439245.6869857322 4628088.543286616, 439245.68133481854 4628088.446466257, 439245.66633139364 4628088.350648658, 439245.64211658156 4628088.256735094, 439245.60891814943 4628088.165608923, 439245.56704836566 4628088.07812729, 439245.51690106216 4628087.995113058, 439245.45894793025 4628087.917347067, 439245.39373408374 4628087.845560794, 439245.32187293156 4628087.780429467, 439245.24404040794 4628087.722565721, 439245.16096861457 4628087.672513828, 439245.0734389343 4628087.630744582, 439244.98227468133 4628087.597650869, 439244.88833335706 4628087.573543972, 439244.79249858443 4628087.558650645, 439244.6956717963 4628087.553110975, 439237.36507915665 4628087.4897857085, 439237.26741604414 4628087.493719002, 439237.1706034363 4628087.507167916, 439237.07556623756 4628087.530003967, 439236.983212391 4628087.562008987, 439236.89442420413 4628087.602877217, 439236.81004991964 4628087.652218219, 439236.730895612 4628087.709560611, 439236.657717486 4628087.774356569, 439236.591214653 4628087.845987063, 439236.53202245134 4628087.923767765, 439236.48070637695 4628088.006955593, 439236.4377566807 4628088.09475581, 439236.403583685 4628088.186329609, 439236.37851386325 4628088.280802135, 439236.3627867214 4628088.377270842, 439236.3565525096 4628088.4748141095, 439236.35987078666 4628088.572500052, 439236.3727098513 4628088.669395422, 439236.39494704484 4628088.764574525, 439236.42636992293 4628088.85712806, 439236.4666782855 4628088.9461718155, 439236.5154870444 4628089.030855104, 439236.5723299025 4628089.110368901, 439236.63666380843 4628089.183953566, 439236.7078741448 4628089.250906103, 439236.72202233947 4628089.261814434, 439237.02225094975 4628089.565900006, 439237.2492261844 4628089.901313266, 439237.41284690873 4628090.277460073, 439237.50549039623 4628090.676648401, 439237.52715945063 4628091.143016688, 439237.4706139823 4628093.907094321, 439200.41385337303 4628093.586147609, 439200.28027239395 4628103.046962164, 439200.1540399271 4628112.190822287, 439200.02139040746 4628121.328611242, 439199.8950626891 4628130.466302138, 439199.7626604766 4628139.610181827, 439199.6362582318 4628148.74795008, 439199.5097776868 4628157.885567198, 439199.37745232106 4628167.029445731, 439199.2510495763 4628176.167137846, 439199.11864850466 4628185.31101758, 439198.9923235609 4628194.448784691, 439198.85975107155 4628203.586496374, 439198.73344376433 4628212.730281604, 439198.6070421605 4628221.867973757))"
CHI_57_2,CHI_57_2_P03,7900.049554249235,480.99409074861416,0.42910166307055825,False,False,439322.1236859254,4628187.064136006,"POLYGON ((439343.3250838654 4628088.3437755825, 439338.9145368363 4628088.303800419, 439338.8164781525 4628088.307727321, 439338.71927657793 4628088.321246934, 439338.6238682538 4628088.344229051, 439338.53117205057 4628088.376452334, 439338.4420807185 4628088.417606441, 439338.3574522898 4628088.467295023, 439338.2781018143 4628088.525039529, 439338.2047935109 4628088.59028383, 439338.1382334062 4628088.662399559, 439338.0790625358 4628088.740692178, 439338.0278507698 4628088.824407655, 439337.98509132507 4628088.912739732, 439337.95119601465 4628089.004837691, 439337.9264912817 4628089.099814542, 439337.9112150558 4628089.19675557, 439337.905514461 4628089.294727144, 439337.9094443994 4628089.392785706, 439337.922967022 4628089.489986862, 439337.9459520935 4628089.585394475, 439337.9781782463 4628089.67808968, 439338.0193351127 4628089.767179738, 439338.0690263141 4628089.851806628, 439338.126773278 4628089.931155315, 439338.19201984786 4628090.004461599, 439338.26413763873 4628090.07101947, 439338.43857132725 4628090.216824792, 439338.84668249794 4628090.7276930185, 439339.14819602424 4628091.305766625, 439339.3163629436 4628091.887411405, 439339.320882553 4628094.785591181, 439301.53593174386 4628094.461327136, 439301.43889334163 4628103.915629999, 439301.24710920994 4628122.196080761, 439301.15726389864 4628131.3332031695, 439301.06142025406 4628140.47651319, 439300.96548349515 4628149.613806296, 439300.8696391272 4628158.757040168, 439300.6777827451 4628177.037568353, 439300.58801378147 4628186.17461345, 439300.4922500316 4628195.318074656, 439300.3962361109 4628204.4552166555, 439300.2044581724 4628222.735743723, 439300.1147087087 4628231.878883116, 439300.0187754086 4628241.0162524525, 439299.9229333178 4628250.159486384, 439299.82699810853 4628259.296703407, 439299.6351455574 4628277.577155567, 439337.0212136476 4628277.898406928, 439337.00450210884 4628280.583727717, 439337.0084010087 4628280.6783882985, 439337.01231162087 4628280.72243402, 439337.01496316877 4628280.756898032, 439337.01679857663 4628280.788415148, 439337.0180631605 4628280.820093782, 439337.0187477074 4628280.851766119, 439337.01886294596 4628280.886497131, 439337.0185815922 4628280.918205704, 439337.01752607134 4628280.94995879, 439337.0159434369 4628280.984804103, 439337.01393199456 4628281.016392712, 439337.01134686096 4628281.047720049, 439337.0081510232 4628281.079403343, 439337.00405598996 4628281.113755927, 439336.99993634206 4628281.144887508, 439336.99505064357 4628281.176025451, 439336.9892763322 4628281.209926332, 439336.9834254256 4628281.240907343, 439336.97652718355 4628281.273951622, 439336.96907593234 4628281.307417166, 439336.9616783636 4628281.338063867, 439336.9538975084 4628281.367780389, 439336.94531237247 4628281.3981662635, 439336.9355572609 4628281.430524952, 439336.92540161585 4628281.4624295, 439336.9143039856 4628281.495314565, 439336.9044273379 4628281.523326153, 439336.89243328857 4628281.554608325, 439336.8802332812 4628281.585897328, 439336.8687703289 4628281.61308596, 439336.8548081582 4628281.644980347, 439336.84126903873 4628281.67456672, 439336.8273606928 4628281.703496813, 439336.812237529 4628281.7336834725, 439336.797348206 4628281.762219746, 439336.7818815689 4628281.790540656, 439336.76602421416 4628281.818460895, 439336.7495746269 4628281.846194909, 439336.73271698825 4628281.87355798, 439336.71524885646 4628281.900762543, 439336.6959805873 4628281.929682815, 439336.67768521426 4628281.956356444, 439336.65841314546 4628281.983174106, 439336.6378897219 4628282.011009507, 439336.62076874403 4628282.03336678, 439336.60014600825 4628282.058909517, 439336.5780897727 4628282.085752484, 439336.5581658631 4628282.108950639, 439336.5363557721 4628282.133478766, 439336.51416048274 4628282.157590832, 439336.49008993426 4628282.182852138, 439336.46734622814 4628282.206110332, 439336.44546731486 4628282.227541244, 439336.4216275633 4628282.2501016855, 439336.397347911 4628282.2722996455, 439336.3729224748 4628282.293873246, 439336.3484011159 4628282.314760982, 439336.32272129797 4628282.335884116, 439336.2971634974 4628282.356228826, 439336.2716697404 4628282.375725351, 439336.2450192339 4628282.395450939, 439336.21872649103 4628282.414171692, 439336.19207684847 4628282.432475331, 439336.1652498979 4628282.450173647, 439336.1380395106 4628282.467475622, 439336.10933747614 4628282.484976242, 439336.07948300126 4628282.502625247, 439336.0526906985 4628282.517869195, 439336.02654143434 4628282.532000938, 439335.9905568993 4628282.550572141, 439335.98813743354 4628282.551824976, 439335.9796732857 4628282.55622247, 439335.8949292088 4628282.605675164, 439335.81543940597 4628282.663194715, 439335.7419691358 4628282.728227376, 439335.6752257061 4628282.800147069, 439335.61585166416 4628282.878261412, 439335.56441861164 4628282.9618183905, 439335.521421701 4628283.05001359, 439335.487274869 4628283.141997945, 439335.4623068515 4628283.236885908, 439335.4467580189 4628283.333763982, 439335.44077806175 4628283.431699511, 439335.4444245498 4628283.529749654, 439335.4576623779 4628283.626970472, 439335.4803641038 4628283.7224260075, 439335.51231117506 4628283.815197297, 439335.5531960331 4628283.90439122, 439335.60262507433 4628283.9891490955, 439335.6601224389 4628284.068654948, 439335.72513459245 4628284.142143365, 439335.79703565466 4628284.208906864, 439335.8751334248 4628284.268302704, 439335.95867604576 4628284.319759075, 439336.046859242 4628284.362780598, 439336.1388340627 4628284.3969531, 439336.2337150544 4628284.421947598, 439336.3305887858 4628284.437523468, 439336.42852264113 4628284.443530757, 439343.3250838654 4628284.527568475, 439343.3250838654 4628281.64668027, 439343.3247625569 4628281.645689653, 439343.28010165854 4628281.24390326, 439343.3250838654 4628280.769788769, 439343.3250838654 4628088.3437755825))"
CHI_57_2,CHI_57_2_P04,6922.440980241679,672.4865374530157,0.19235431652446924,False,False,439040.7796133606,4628265.70434571,"POLYGON ((439023.3250838654 4628367.555373874, 439074.42676748894 4628367.555373874, 439074.45810248266 4628364.675651932, 439074.55130179797 4628356.147926917, 439074.6180219193 4628349.448978495, 439074.63840822456 4628347.620296437, 439074.70093389106 4628341.829501432, 439074.73160793685 4628339.092571436, 439074.7838643838 4628334.216118646, 439074.818621414 4628330.558924044, 439074.8607585663 4628326.596658776, 439074.91164846835 4628322.02495482, 439074.94376672094 4628318.983350974, 439074.99883303314 4628313.497399346, 439075.0267554887 4628311.363872752, 439075.0919573766 4628304.969675547, 439075.1034989999 4628303.7444914235, 439075.191224981 4628295.649564615, 439037.85343041085 4628295.324437914, 439037.8851386249 4628293.201486795, 439037.88608746073 4628293.152328476, 439037.8877119728 4628293.110864918, 439037.8907477465 4628293.0594501, 439037.8924491044 4628293.009137801, 439038.02174085414 4628278.027634363, 439038.0217766484 4628278.01730581, 439038.01016892487 4628271.184351353, 439038.4814575732 4628213.776037902, 439039.6176588187 4628149.526555666, 439039.6177909546 4628149.5158301955, 439040.0316964319 4628090.013666877, 439040.04932955874 4628089.9677987555, 439040.0743028022 4628089.906439275, 439040.1011826676 4628089.843340117, 439040.1281001166 4628089.78264124, 439040.1558915186 4628089.72336447, 439040.18569442496 4628089.662388401, 439040.2164938888 4628089.601878719, 439040.2478750966 4628089.542619536, 439040.27946672944 4628089.485470396, 439040.31351161667 4628089.426596496, 439040.3478362508 4628089.368985977, 439040.3828555435 4628089.312934655, 439040.41993757937 4628089.255524505, 439040.45719036367 4628089.199835171, 439040.49400728353 4628089.146897902, 439040.53436927835 4628089.091390402, 439040.5745741164 4628089.037262201, 439040.6151367395 4628088.985219387, 439040.65730772796 4628088.932539659, 439040.6996965815 4628088.881749028, 439040.7435751591 4628088.830784973, 439040.7884557564 4628088.7805216145, 439040.834105308 4628088.730951819, 439040.8798848935 4628088.682998698, 439040.92639945773 4628088.6359925885, 439040.9747736224 4628088.588823628, 439041.02362607064 4628088.542648065, 439041.07258075697 4628088.497997474, 439041.12318349426 4628088.453491134, 439041.17453700956 4628088.409700189, 439041.2255473152 4628088.3677715855, 439041.2781207692 4628088.326130122, 439041.3314665974 4628088.285244932, 439041.38465232047 4628088.245926043, 439041.43917450897 4628088.2071983535, 439041.49566907936 4628088.168339759, 439041.5514190047 4628088.131300962, 439041.6079097321 4628088.095223289, 439041.6635711401 4628088.060928264, 439041.72693125723 4628088.023714134, 439041.73002999445 4628088.021886607, 439041.7342573442 4628088.019383204, 439041.8176084194 4628087.964217858, 439041.8950360744 4628087.901007295, 439041.9657667593 4628087.830383026, 439042.02909383096 4628087.753050632, 439042.08438461274 4628087.669782711, 439042.13108671573 4628087.581411162, 439042.16873355705 4628087.488818871, 439042.1969490215 4628087.39293089, 439042.2154512192 4628087.294705203, 439042.2240553017 4628087.195123142, 439042.22267530905 4628087.095179593, 439042.21132502815 4628086.995873056, 439042.1901178553 4628086.898195664, 439042.1592656633 4628086.803123274, 439042.1190766845 4628086.711605718, 439042.0699524317 4628086.624557313, 439042.01238368644 4628086.542847725, 439041.946945596 4628086.467293285, 439041.8742919274 4628086.398648827, 439041.79514853546 4628086.337600153, 439041.7103061116 4628086.2847571755, 439041.62061228394 4628086.240647829, 439041.52696314926 4628086.205712793, 439041.43029432016 4628086.180301092, 439041.3315715779 4628086.164666601, 439041.23178122356 4628086.158965521, 439033.5274209034 4628086.10448573, 439033.4284351416 4628086.10869384, 439033.3303516038 4628086.122676288, 439033.23413306713 4628086.146295822, 439033.1407240021 4628086.179320597, 439033.0510413017 4628086.221426446, 439032.96596528136 4628086.272200061, 439032.88633103797 4628086.331143054, 439032.8129202524 4628086.397676849, 439032.7464535167 4628086.471148356, 439032.6875832611 4628086.550836386, 439032.6368873495 4628086.635958732, 439032.59486340726 4628086.725679842, 439032.5619239368 4628086.819119022, 439032.53839226835 4628086.915359085, 439032.5244993861 4628087.01345535, 439032.5203816611 4628087.112444913, 439032.5260795124 4628087.211356103, 439032.5415370106 4628087.309218022, 439032.5666024266 4628087.405070065, 439032.601029721 4628087.49797136, 439032.64448095934 4628087.587009998, 439032.69652962906 4628087.671311986, 439032.7566648262 4628087.750049825, 439032.8242962702 4628087.822450633, 439032.83831505093 4628087.836041105, 439032.85576711316 4628087.853393818, 439032.8777253909 4628087.875499875, 439032.8821141319 4628087.879890808, 439032.90176874906 4628087.899433536, 439032.92118025146 4628087.919229245, 439032.9450214953 4628087.943542369, 439032.9667184247 4628087.965668739, 439032.9861652757 4628087.985745016, 439033.007453576 4628088.008011034, 439033.0309948754 4628088.032633523, 439033.0501709363 4628088.05269029, 439033.06910510716 4628088.073001668, 439033.07361647126 4628088.0778093, 439033.0926078707 4628088.097914664, 439033.1110543509 4628088.117969514, 439033.1155877605 4628088.122865315, 439033.1345274261 4628088.14318259, 439033.1532257306 4628088.1637553405, 439033.17616713064 4628088.188996546, 439033.19487215776 4628088.209576694, 439033.2133363169 4628088.230413243, 439033.21781777695 4628088.235436345, 439033.2362392504 4628088.255944918, 439033.2541200593 4628088.276402159, 439033.2586193309 4628088.28151449, 439033.27900255093 4628088.30451667, 439033.29720218445 4628088.325338673, 439033.31766005687 4628088.349018319, 439033.33775418776 4628088.372276941, 439033.3557231343 4628088.393367088, 439033.37370374374 4628088.414714924, 439033.39322433685 4628088.438220205, 439033.3976756063 4628088.4435424255, 439033.4174823598 4628088.467058383, 439033.435222023 4628088.488419199, 439033.4547374373 4628088.512186595, 439033.4739531353 4628088.535657885, 439033.4919184673 4628088.55785237, 439033.511648224 4628088.582501598, 439033.5150838667 4628088.586769871, 439033.532577485 4628088.608381601, 439033.5498325679 4628088.630253684, 439033.5687607144 4628088.6542465, 439033.5857591929 4628088.676112272, 439033.6049627877 4628088.701089738, 439033.60824139917 4628088.705330546, 439033.6274288861 4628088.730012124, 439033.64444211614 4628088.752140655, 439033.6612165909 4628088.774286237, 439033.68017675786 4628088.799592855, 439033.7001134522 4628088.826202867, 439033.718176939 4628088.850413582, 439033.73532325565 4628088.873647818, 439033.75340416457 4628088.898414946, 439033.7711900151 4628088.922888451, 439033.7896245086 4628088.948530236, 439033.80955717806 4628088.9762559375, 439033.8258729844 4628088.998950697, 439033.8398270492 4628089.018876765, 439033.8570531623 4628089.043867176, 439033.8641752114 4628089.054063064, 439033.8787874625 4628089.074707229, 439033.8932282987 4628089.095879402, 439033.89601401926 4628089.099942104, 439033.91321919765 4628089.124902145, 439033.92876899254 4628089.147825806, 439033.94643334806 4628089.174143122, 439033.9654614761 4628089.202492264, 439033.98105920415 4628089.225730606, 439033.99565250415 4628089.248061762, 439034.0133069399 4628089.275243464, 439034.01483899215 4628089.277595062, 439034.03149926267 4628089.303089168, 439034.04661306203 4628089.326603129, 439034.0629931074 4628089.352351363, 439034.0790828488 4628089.377808781, 439034.09597460524 4628089.404812137, 439034.1120654293 4628089.430535111, 439034.1278765603 4628089.456247302, 439034.13191724836 4628089.462762202, 439034.14595647855 4628089.48520548, 439034.1594874738 4628089.5075961, 439034.1611463261 4628089.510331218, 439034.17696890025 4628089.536325651, 439034.1905186627 4628089.558976905, 439034.2057654907 4628089.584920429, 439034.20972661825 4628089.591601033, 439034.22412555775 4628089.615671866, 439034.2382881846 4628089.640014511, 439034.2405037437 4628089.6438034475, 439034.2546317647 4628089.667843242, 439034.26852405944 4628089.692155202, 439034.28543861106 4628089.7217562, 439034.29935209843 4628089.746105244, 439034.3130293904 4628089.770727715, 439034.3287474615 4628089.799024086, 439034.3441621478 4628089.827017283, 439034.34594914305 4628089.830248349, 439034.36064953177 4628089.856712646, 439034.37219333265 4628089.877885836, 439034.38538786356 4628089.902795083, 439034.387304878 4628089.906396333, 439034.40234796295 4628089.934517409, 439034.41740309587 4628089.962939189, 439034.4315482583 4628089.989643078, 439034.44541682006 4628090.016336841, 439034.45836707164 4628090.041263067, 439034.4710809633 4628090.066466119, 439034.47285320266 4628090.069962216, 439034.48652982403 4628090.096811482, 439034.4058851116 4628091.607149912, 439034.40462293563 4628091.642564335, 439034.3943562974 4628092.215875447, 439023.3250838654 4628092.120773538, 439023.3250838654 4628367.555373874))"
CHI_57_2,CHI_57_2_P05,6903.317959768954,441.5395940821905,0.444967644710406,True,True,439058.06316967454,4628184.114515688,"POLYGON ((439039.3077072286 4628176.295997945, 439039.20634067594 4628183.909591189, 439039.0160434323 4628199.142831689, 439038.98243686405 4628201.690800085, 439038.9148492245 4628206.762593015, 439038.85354260873 4628211.846401435, 439038.8197470789 4628214.382183655, 439038.7184610248 4628221.996004235, 439038.62328303297 4628229.61559607, 439038.5896594946 4628232.1575463675, 439038.52207109344 4628237.229263148, 439038.4546718159 4628242.313166109, 439038.426970763 4628244.848929976, 439038.3256829773 4628252.4625982465, 439038.23048725456 4628260.076095834, 439038.16733659967 4628264.648142792, 439038.03410126996 4628275.309507127, 439075.94727776526 4628275.6355138095, 439076.03036195895 4628268.022128707, 439076.06223380525 4628264.974434157, 439076.10710518906 4628260.402671248, 439076.19011471636 4628252.789363502, 439076.30072973995 4628242.634122902, 439076.3497735807 4628237.550505229, 439076.40532812115 4628232.4789756555, 439076.43285856734 4628229.937120146, 439076.51577301975 4628222.317643169, 439076.59276405076 4628214.70427646, 439076.6204848522 4628212.174683291, 439076.67569836596 4628207.090969923, 439076.7586132947 4628199.471492956, 439076.8356059818 4628191.858202422, 439076.91844506096 4628184.2387266485, 439076.9461465283 4628181.702963055, 439077.0013616456 4628176.619325858, 439077.0506704337 4628171.547817035, 439077.07827628305 4628169.005884192, 439077.271810735 4628151.231242889, 439077.32102653175 4628146.153717153, 439077.37633548566 4628141.076096895, 439077.4038665622 4628138.534241405, 439077.4868602572 4628130.9148394605, 439077.5637758416 4628123.301397822, 439077.5854694323 4628121.552000901, 439077.68548363866 4628111.896678219, 439077.7297050423 4628108.068613243, 439077.79166734644 4628102.24125984, 439077.80652893975 4628100.449230862, 439077.89183438214 4628092.5859348085, 439040.3870080785 4628092.265763476, 439040.28342335287 4628100.129343904, 439040.2625448308 4628101.921466405, 439040.1883963383 4628107.749009457, 439040.1381579995 4628111.577168164, 439040.08710570645 4628115.362677633, 439040.01352457353 4628121.22677921, 439039.896712275 4628130.589901117, 439039.76181512757 4628140.75153769, 439039.7005075994 4628145.835346081, 439039.5991232322 4628153.442921197, 439039.50402116246 4628161.062587969, 439039.3691260407 4628171.224300734, 439039.3077072286 4628176.295997945))"
CHI_57_2,CHI_57_2_P06,5902.164106189584,322.2411455579927,0.7142646537921388,False,False,439135.936633151,4628331.596928498,"POLYGON ((439176.5798457693 4628367.555373874, 439176.67772247957 4628360.475177078, 439176.8102910728 4628351.337464761, 439176.93659493513 4628342.193678913, 439177.06908663886 4628333.05589163, 439177.19539095624 4628323.912105794, 439177.3279580958 4628314.774241182, 439177.454282417 4628305.636625796, 439177.58295059507 4628296.645167095, 439139.77176277246 4628296.3234172445, 439139.7724743775 4628296.252016486, 439139.84281798045 4628293.184801579, 439139.8452415726 4628293.174315441, 439139.8566393335 4628293.128199923, 439139.86827738385 4628293.0842392, 439139.8809972536 4628293.039555117, 439139.8939850139 4628292.996432383, 439139.9080717708 4628292.953035301, 439139.92356279254 4628292.907439494, 439139.93870890344 4628292.865212247, 439139.95471169497 4628292.82322022, 439139.971363442 4628292.7816667305, 439139.9901308642 4628292.737371085, 439140.00897906086 4628292.694184048, 439140.02737673087 4628292.654389614, 439140.04780067434 4628292.612140648, 439140.06796221726 4628292.571991068, 439140.09001332556 4628292.530339927, 439140.1119529739 4628292.489955686, 439140.1337398199 4628292.4520445885, 439140.1578805143 4628292.411446373, 439140.1831074302 4628292.37064901, 439140.20769682556 4628292.332043154, 439140.2320902631 4628292.295493195, 439140.2593847603 4628292.256093984, 439140.2862756946 4628292.218371786, 439140.3124206734 4628292.18322653, 439140.34065044136 4628292.146681932, 439140.37069714954 4628292.109088614, 439140.39882397396 4628292.0748617, 439140.4288886326 4628292.040019888, 439140.4595501115 4628292.005222766, 439140.4897332623 4628291.972562374, 439140.5226412569 4628291.937914352, 439140.55508035584 4628291.904905188, 439140.58798447624 4628291.872547559, 439140.62158393697 4628291.8406054145, 439140.6554829692 4628291.809468365, 439140.6885963413 4628291.780089457, 439140.72202466713 4628291.7516282145, 439140.7267267918 4628291.747770105, 439140.7994646737 4628291.681856571, 439140.86538984865 4628291.60912924, 439140.9238671018 4628291.530288868, 439140.9743329819 4628291.446095113, 439141.0163012303 4628291.357359216, 439141.0493674665 4628291.264936181, 439141.07321308414 4628291.16971654, 439141.0876083214 4628291.072617773, 439141.0924144746 4628290.974575465, 439141.08758523443 4628290.876534291, 439141.07316713256 4628290.779438916, 439141.0492990931 4628290.684224893, 439141.0162110939 4628290.591809647, 439140.97422195104 4628290.503083635, 439140.92373624624 4628290.418901767, 439140.86524042924 4628290.340075167, 439140.7992981302 4628290.267363362, 439140.72654472914 4628290.201466958, 439140.6476812337 4628290.143020893, 439140.5634675246 4628290.0925883185, 439140.4747150342 4628290.050655171, 439140.38227892754 4628290.017625495, 439140.2870498629 4628289.993817541, 439140.18994540983 4628289.979460711, 439140.09190120787 4628289.9746933365, 439132.8193307374 4628289.978426156, 439132.7231550482 4628289.983111379, 439132.6278758315 4628289.997024874, 439132.53437648894 4628290.020037641, 439132.4435239198 4628290.051936311, 439132.35616048303 4628290.092425129, 439132.27309618756 4628290.141128696, 439132.1951011818 4628290.197595443, 439132.1228986132 4628290.261301829, 439132.05715792335 4628290.331657185, 439131.99848864117 4628290.408009198, 439131.94743473147 4628290.489649952, 439131.9044695515 4628290.575822499, 439131.8699914622 4628290.665727871, 439131.84432013455 4628290.75853249, 439131.8276935858 4628290.8533759, 439131.82026597246 4628290.949378738, 439131.82210616133 4628291.045650896, 439131.8331970907 4628291.141299763, 439131.85343592864 4628291.235438511, 439131.8826350264 4628291.327194313, 439131.9205236583 4628291.415716435, 439131.9667505317 4628291.500184125, 439132.0208870443 4628291.579814223, 439132.08243125776 4628291.653868421, 439132.1508125518 4628291.72166011, 439132.22539691447 4628291.782560745, 439132.5398492736 4628292.015015938, 439132.84252530866 4628292.347921864, 439133.0712111789 4628292.733067436, 439133.21836015256 4628293.154706447, 439133.28044285235 4628293.617168124, 439133.2149006063 4628296.262889005, 439095.3016736764 4628295.94093533, 439095.2046997209 4628305.011133522, 439095.10269106814 4628314.154544462, 439095.0068335284 4628323.291765435, 439094.9110707452 4628332.4350794945, 439094.71922284306 4628350.715618095, 439094.617196965 4628359.852934802, 439094.5364618467 4628367.555373874, 439176.5798457693 4628367.555373874))"
CHI_57_2,CHI_57_2_P07,5768.975931095821,316.89521387255695,0.7219003145282227,False,False,439237.80951487325,4628332.099031341,"POLYGON ((439278.18929177505 4628367.555373874, 439278.25552533934 4628361.251871068, 439278.35136348766 4628352.108560383, 439278.44120330986 4628342.971437316, 439278.53704309644 4628333.828202807, 439278.6329752756 4628324.690909062, 439278.68394131906 4628320.119206466, 439278.72881433676 4628315.547598399, 439278.9182756683 4628297.510888018, 439241.34250447166 4628297.1880067345, 439241.3357925568 4628294.109245438, 439241.33233908756 4628294.028360779, 439241.32235401444 4628293.948020549, 439241.25311636174 4628293.529997513, 439241.29108109284 4628293.257323917, 439241.4070160426 4628293.007125292, 439241.6335404612 4628292.75531725, 439241.6457987432 4628292.745146368, 439241.71594419965 4628292.67398897, 439241.77863841737 4628292.596186685, 439241.8332554723 4628292.512516275, 439241.8792500809 4628292.423813082, 439241.9161630439 4628292.3309627, 439241.9436258312 4628292.234892123, 439241.96136426093 4628292.136560499, 439241.9692012368 4628292.036949544, 439241.96705851634 4628291.937053753, 439241.954957492 4628291.837870461, 439241.93301897746 4628291.740389888, 439241.9014620016 4628291.645585259, 439241.86060162174 4628291.554403081, 439241.81084577803 4628291.467753693, 439241.752691221 4628291.386502184, 439241.6867185518 4628291.311459747, 439241.61358642566 4628291.24337559, 439241.53402497625 4628291.182929447, 439241.448828526 4628291.1307248, 439241.35884765594 4628291.087282846, 439241.2649807134 4628291.053037299, 439241.16816484346 4628291.02833006, 439241.06936663267 4628291.0134077985, 439240.96957245853 4628291.008419495, 439235.0435401805 4628291.008631902, 439234.94587189035 4628291.0134163955, 439234.84913784586 4628291.0277171265, 439234.75426301645 4628291.051397351, 439234.66215459415 4628291.084230639, 439234.57369331823 4628291.125903039, 439234.48972505436 4628291.176016081, 439234.41105270584 4628291.234090583, 439234.33842853655 4628291.299571239, 439234.2725469779 4628291.371831924, 439234.2140379884 4628291.450181681, 439234.1634610302 4628291.533871331, 439234.1212997195 4628291.622100635, 439234.08795720217 4628291.714025946, 439234.0637522989 4628291.808768276, 439234.0489164566 4628291.9054216985, 439234.0435915354 4628292.003062015, 439234.0478284522 4628292.100755591, 439234.0615866936 4628292.197568282, 439234.08473470353 4628292.292574366, 439234.117051141 4628292.384865395, 439234.1582269966 4628292.473558885, 439234.2078685475 4628292.55780675, 439234.2655011218 4628292.636803412, 439234.3305736377 4628292.709793507, 439234.4024638725 4628292.776079104, 439234.4926685661 4628292.851434548, 439234.7019963796 4628293.130069126, 439234.84412153636 4628293.453941468, 439234.9102214612 4628293.797297269, 439234.8906298467 4628294.259986914, 439234.88973910175 4628294.299288118, 439234.8812235208 4628297.134236302, 439197.6975200561 4628296.814582608, 439197.5687390012 4628305.793853464, 439197.4423397148 4628314.931545697, 439197.3099432806 4628324.075501711, 439197.1834671035 4628333.213118976, 439197.0510515789 4628342.350904577, 439196.9247477311 4628351.494689926, 439196.7983484013 4628360.632306035, 439196.69802856946 4628367.555373874, 439278.18929177505 4628367.555373874))"
CHI_57_2,CHI_57_2_P08,3167.753758847934,242.72542152611692,0.6756639549877874,False,False,439321.1667002885,4628332.2660667375,"POLYGON ((439343.3250838654 4628291.53742882, 439336.7637677861 4628291.485798261, 439336.66510939796 4628291.489897215, 439336.56733623473 4628291.5037061805, 439336.471401612 4628291.527090515, 439336.3782409191 4628291.559822217, 439336.28876249876 4628291.601582141, 439336.2038387906 4628291.6519631175, 439336.12429782446 4628291.7104739165, 439336.0509151469 4628291.776544043, 439335.9844062595 4628291.849529294, 439335.9254196425 4628291.9287180435, 439335.8745304318 4628292.013338178, 439335.8322348115 4628292.102564629, 439335.79894517566 4628292.195527412, 439335.77498610754 4628292.291320115, 439335.7605912147 4628292.389008733, 439335.75590085133 4628292.487640774, 439335.7609607498 4628292.586254548, 439335.7757215748 4628292.683888543, 439335.800039404 4628292.779590801, 439335.8336771319 4628292.872428197, 439335.87630678125 4628292.961495543, 439335.927512701 4628293.045924405, 439335.98679561925 4628293.124891579, 439336.3019903791 4628293.504187742, 439336.5212811057 4628293.988868535, 439336.60935315135 4628294.559627766, 439336.54901111714 4628298.0085235685, 439298.87441943114 4628297.682761101, 439298.58254287846 4628325.6125122, 439298.4927014501 4628334.749558596, 439298.39686405886 4628343.892944935, 439298.3009311854 4628353.030162035, 439298.1485555114 4628367.555373874, 439343.3250838654 4628367.555373874, 439343.3250838654 4628298.065252881, 439343.2471788912 4628298.064571206, 439343.2622125281 4628295.76681, 439343.2576584254 4628295.6647159755, 439343.2018533399 4628295.083356305, 439343.252514951 4628294.602533888, 439343.3250838654 4628294.371894535, 439343.3250838654 4628291.53742882))"
CHI_57_2,CHI_57_2_P09,2175.446266263972,231.34512530643795,0.5107842753597568,False,False,439241.4927918002,4628061.0795172015,"POLYGON ((439201.0630044019 4628047.555373874, 439200.9521240207 4628055.206507857, 439200.6993327329 4628073.488062328, 439237.80929034547 4628073.804458606, 439237.7937060228 4628076.662504514, 439237.6075817391 4628077.32136377, 439237.26630175236 4628077.940712275, 439236.7961108311 4628078.470325134, 439236.53963481635 4628078.652617326, 439236.4635936324 4628078.712403803, 439236.39368457056 4628078.779257432, 439236.33056174795 4628078.852552682, 439236.27481578494 4628078.931603756, 439236.22696827893 4628079.015670994, 439236.18746692385 4628079.103967809, 439236.1566813215 4628079.195668034, 439236.13489952305 4628079.289913659, 439236.1223253339 4628079.385822857, 439236.11907640676 4628079.482498237, 439236.1251831408 4628079.5790352365, 439236.1405883973 4628079.674530591, 439236.16514803405 4628079.768090778, 439236.1986322543 4628079.858840387, 439236.2407277569 4628079.945930302, 439236.29104066733 4628080.028545649, 439236.3491002236 4628080.105913423, 439236.4143631808 4628080.177309718, 439236.486218894 4628080.242066502, 439236.56399503205 4628080.299577865, 439236.646963868 4628080.349305692, 439236.73434908874 4628080.390784696, 439236.8253330583 4628080.423626769, 439236.91906446835 4628080.447524621, 439237.0146663037 4628080.462254645, 439237.1112440481 4628080.467679018, 439244.8092779706 4628080.527132627, 439244.90654881636 4628080.52314497, 439245.0029709707 4628080.5097178705, 439245.0976305907 4628080.486978583, 439245.1896305381 4628080.45514262, 439245.2780988817 4628080.414511708, 439245.362197161 4628080.365470926, 439245.44112833304 4628080.30848506, 439245.51414432615 4628080.244094195, 439245.5805531299 4628080.172908595, 439245.6397253535 4628080.095602923, 439245.6911001912 4628080.012909847, 439245.73419073696 4628079.92561309, 439245.76858859934 4628079.83454001, 439245.7939677719 4628079.740553753, 439245.8100877231 4628079.644545076, 439245.8167956758 4628079.547423904, 439245.8140280552 4628079.450110703, 439245.80181109154 4628079.353527761, 439245.7802605713 4628079.258590445, 439245.7495807399 4628079.166198526, 439245.7100623661 4628079.077227648, 439245.66207998595 4628078.992521036, 439245.60608835344 4628078.912881499, 439245.5426181303 4628078.839063821, 439245.4722708567 4628078.771767611, 439245.3957132504 4628078.7116306685, 439245.3136708874 4628078.659222945, 439245.2269213258 4628078.615041134, 439245.1397582716 4628078.5808651345, 439244.8130640336 4628078.37780542, 439244.5418721533 4628078.101850658, 439244.3402292333 4628077.76924074, 439244.2204433045 4628077.400391387, 439244.18411665474 4628076.9442084, 439244.2123790672 4628073.863717798, 439281.63971058326 4628074.182672177, 439281.71688063734 4628066.197615735, 439281.89616034075 4628049.075246216, 439281.9121189453 4628047.555373874, 439201.0630044019 4628047.555373874))"
CHI_57_2,CHI_57_2_P10,2136.7503766208797,231.3646283540823,0.5016140888479637,False,False,439139.864938262,4628060.633623511,"POLYGON ((439098.74958109757 4628047.555373874, 439098.68849287217 4628053.038773228, 439098.5924765015 4628062.175996356, 439098.4801114808 4628072.611612716, 439135.8549975056 4628072.930411892, 439135.83690887113 4628076.8624615995, 439135.6893814457 4628077.150870855, 439135.4002130104 4628077.514250603, 439135.0460554291 4628077.814485787, 439134.9874894391 4628077.846758233, 439134.9046227108 4628077.897830788, 439134.8271141458 4628077.956718163, 439134.7556981611 4628078.022862381, 439134.6910514446 4628078.095636708, 439134.6337865434 4628078.174351583, 439134.5844460596 4628078.258261161, 439134.5434975091 4628078.346570372, 439134.51132889173 4628078.43844246, 439134.48824501486 4628078.533006909, 439134.4744646051 4628078.629367694, 439134.470118236 4628078.726611767, 439134.4752470907 4628078.823817709, 439134.48980257177 4628078.920064468, 439134.51364676165 4628079.014440075, 439134.5465537295 4628079.106050293, 439134.5882116719 4628079.194027087, 439134.6382258673 4628079.277536851, 439134.6961224162 4628079.355788306, 439134.7613527313 4628079.428039995, 439134.8332987359 4628079.4936073115, 439134.91127871996 4628079.5518689845, 439134.9945537996 4628079.602272969, 439135.08233491855 4628079.644341671, 439135.1737903242 4628079.6776764775, 439135.26805344917 4628079.70196153, 439135.364231122 4628079.716966722, 439135.46141203033 4628079.722549873, 439142.58507557365 4628079.78451462, 439142.682433557 4628079.780614409, 439142.77894982224 4628079.767257796, 439142.8737080644 4628079.744571585, 439142.96580866864 4628079.712771157, 439143.0543772515 4628079.672158416, 439143.1385729614 4628079.623118932, 439143.2175964621 4628079.566118275, 439143.29069752124 4628079.501697597, 439143.35718213284 4628079.430468495, 439143.416419106 4628079.353107203, 439143.4678460575 4628079.270348172, 439143.5109747506 4628079.182977099, 439143.5453957307 4628079.091823466, 439143.5707822123 4628078.997752667, 439143.5868931815 4628078.901657792, 439143.5935756841 4628078.8044511415, 439143.590766278 4628078.707055578, 439143.57849163486 4628078.610395754, 439143.55686828773 4628078.515389335, 439143.52610152407 4628078.422938296, 439143.48648343695 4628078.333920344, 439143.43839015224 4628078.249180598, 439143.3822782573 4628078.1695235595, 439143.3186804667 4628078.095705475, 439143.24820056424 4628078.028427158, 439143.1715076716 4628077.968327334, 439142.8882076188 4628077.767804137, 439142.6418687518 4628077.507994139, 439142.45566217083 4628077.202014965, 439142.3327498998 4628076.860863654, 439142.2803736679 4628076.504465203, 439142.4662979247 4628073.251172974, 439142.46783834667 4628073.207429763, 439142.4707127456 4628072.9915439505, 439180.59078054427 4628073.31854123, 439180.7336109254 4628062.882454586, 439180.86610958516 4628053.74466755, 439180.95160782855 4628047.555373874, 439098.74958109757 4628047.555373874))"
CHI_57_2,CHI_57_2_P11,1360.639509264417,159.67807836699023,0.6705981431753365,False,False,439051.0008626384,4628059.874730167,"POLYGON ((439023.3250838654 4628047.555373874, 439023.3250838654 4628071.983168068, 439035.2043410398 4628072.081774285, 439039.47110867494 4628072.119190411, 439078.37147752545 4628072.442092665, 439078.4559328613 4628064.523958861, 439078.5383781337 4628056.874016555, 439078.6389052904 4628047.555373874, 439023.3250838654 4628047.555373874))"
CHI_57_2,CHI_57_2_P12,1147.2041217598983,152.4071444245258,0.6206402121509798,False,False,439323.1230862359,4628061.499934179,"POLYGON ((439343.3250838654 4628047.555373874, 439302.0236380072 4628047.555373874, 439301.9399675823 4628056.071743629, 439301.7481810677 4628074.352194328, 439339.5044210331 4628074.676427675, 439339.4737291919 4628078.00786081, 439339.336832262 4628078.335710075, 439339.0845609057 4628078.712942669, 439338.76217652316 4628079.036735368, 439338.38605217036 4628079.296001214, 439338.1719126638 4628079.388073864, 439338.08430661645 4628079.430917584, 439338.00129035895 4628079.482090866, 439337.92365340923 4628079.541107032, 439337.85213412606 4628079.607404815, 439337.78741268674 4628079.6803536955, 439337.7301046183 4628079.7592599, 439337.68075494363 4628079.843372999, 439337.639832998 4628079.931893043, 439337.6077279657 4628080.023978171, 439337.58474517846 4628080.1187526155, 439337.571103212 4628080.215315034, 439337.56693180685 4628080.312747078, 439337.57227063476 4628080.41012213, 439337.5870689213 4628080.506514113, 439337.61118592886 4628080.601006302, 439337.6443922949 4628080.692700038, 439337.68637221353 4628080.780723275, 439337.7367264387 4628080.864238878, 439337.7949760814 4628080.942452578, 439337.860567164 4628081.014620533, 439337.93287588895 4628081.080056395, 439338.0112145709 4628081.138137845, 439338.09483817744 4628081.188312503, 439338.18295141426 4628081.230103187, 439338.2747162889 4628081.263112453, 439338.3692600804 4628081.287026368, 439338.465683639 4628081.301617501, 439338.56306993787 4628081.306747085, 439343.3250838654 4628081.3250519885, 439343.3250838654 4628047.555373874))"
CHI_63_1,CHI_63_1_P01,14965.682475321004,656.185039170839,0.43677094650728077,True,True,441194.97805862286,4626581.980681918,"POLYGON ((441154.0578281602 4626581.963668011, 441153.80502093595 4626600.238875841, 441153.684674406 4626609.3765001055, 441153.17891481554 4626645.927146744, 441153.0523978487 4626655.064714403, 441152.9321276669 4626664.202261368, 441152.81933279225 4626672.254868301, 441189.7200729779 4626672.681822987, 441189.69803486153 4626674.578558551, 441189.69452680286 4626674.60616668, 441189.68335382926 4626674.682453813, 441189.67068537406 4626674.759807762, 441189.6566987609 4626674.837501881, 441189.64186894253 4626674.912797604, 441189.62556465284 4626674.987580497, 441189.60758244654 4626675.06402633, 441189.58843277994 4626675.139854718, 441189.5680253204 4626675.215184713, 441189.5462236337 4626675.290755564, 441189.5238801667 4626675.363728621, 441189.4995945696 4626675.437398241, 441189.4736448103 4626675.512760573, 441189.44762197277 4626675.584294782, 441189.4195825956 4626675.656765649, 441189.39022975677 4626675.729519299, 441189.3599432438 4626675.800743715, 441189.32839063514 4626675.871776306, 441189.2958634901 4626675.9414739655, 441189.26114374143 4626676.0126432665, 441189.22636168246 4626676.081418922, 441189.189790924 4626676.150027928, 441189.15209985786 4626676.218557682, 441189.113988318 4626676.284703975, 441189.0734931052 4626676.352204702, 441189.03224544006 4626676.418781463, 441188.9904119698 4626676.483563779, 441188.94633215445 4626676.549364222, 441188.9025805278 4626676.612568579, 441188.85800176125 4626676.674218003, 441188.81062016543 4626676.737495586, 441188.7630774114 4626676.798978335, 441188.71363857336 4626676.860520981, 441188.6640767068 4626676.920530964, 441188.61473154527 4626676.9778398555, 441188.562109004 4626677.036759435, 441188.50950557034 4626677.094067096, 441188.45640006015 4626677.149596751, 441188.4009472763 4626677.20576588, 441188.3460780878 4626677.259609879, 441188.2894062387 4626677.312988578, 441188.230313335 4626677.367150203, 441188.1738158428 4626677.417292809, 441188.1153008066 4626677.466907137, 441188.05455952586 4626677.516962019, 441187.99311058334 4626677.56576572, 441187.98125112127 4626677.5748996455, 441187.90599169006 4626677.63903338, 441187.8374339134 4626677.710286093, 441187.7762480887 4626677.787961138, 441187.7230324371 4626677.871299079, 441187.6783072542 4626677.959485109, 441187.64250982355 4626678.051657023, 441187.6159901407 4626678.146913647, 441187.5990074917 4626678.244323643, 441187.5917279181 4626678.342934624, 441187.5942225929 4626678.44178246, 441187.60646712553 4626678.539900701, 441187.6283417997 4626678.6363300355, 441187.65963274415 4626678.7301276615, 441187.7000340236 4626678.820376509, 441187.7491506301 4626678.9061942035, 441187.8065023446 4626678.986741697, 441187.8715284328 4626679.061231467, 441187.9435931269 4626679.128935216, 441188.0219918419 4626679.189190999, 441188.1059580643 4626679.241409686, 441188.1946708465 4626679.285080731, 441188.28726283315 4626679.319777155, 441188.38282874145 4626679.345159729, 441188.4804342123 4626679.360980283, 441188.5791249455 4626679.367084137, 441197.5062492092 4626679.476980877, 441197.60432070366 4626679.473372295, 441197.70156622084 4626679.460168157, 441197.7970491854 4626679.437495632, 441197.889849997 4626679.405573081, 441197.9790748874 4626679.364707951, 441198.0638645281 4626679.315293817, 441198.14340230665 4626679.257806586, 441198.2169221916 4626679.192799922, 441198.28371611 4626679.120899905, 441198.3431407669 4626679.042799009, 441198.3946238411 4626678.959249426, 441198.43766949704 4626678.871055824, 441198.47186316026 4626678.7790676, 441198.4968755103 4626678.684170697, 441198.5124656522 4626678.58727907, 441198.51848343667 4626678.489325887, 441198.5148709062 4626678.391254538, 441198.5016628531 4626678.294009551, 441198.4789864849 4626678.1985275, 441198.44706019835 4626678.105727973, 441198.4061914769 4626678.016504728, 441198.35677392886 4626677.931717077, 441198.2992834966 4626677.8521816125, 441198.23427387275 4626677.778664345, 441198.16237116756 4626677.711873321, 441198.08426787914 4626677.652451808, 441198.05828650825 4626677.634627634, 441197.9943658579 4626677.588950605, 441197.93087135354 4626677.541865928, 441197.8686191923 4626677.493971184, 441197.806278271 4626677.444175362, 441197.74449423107 4626677.393213386, 441197.68451238645 4626677.3419204485, 441197.6264028539 4626677.290409414, 441197.56759840884 4626677.236130949, 441197.50870545476 4626677.180295497, 441197.4524080064 4626677.124983231, 441197.39789262123 4626677.069479208, 441197.3437953508 4626677.01213759, 441197.2888958467 4626676.952114538, 441197.23591395473 4626676.892331521, 441197.1855162804 4626676.833341888, 441197.1354395931 4626676.772333253, 441197.08522990445 4626676.709089023, 441197.0371146817 4626676.6465611085, 441196.99122726015 4626676.584284967, 441196.944274739 4626676.518163851, 441196.899064767 4626676.452575922, 441196.8558290222 4626676.38707729, 441196.8126729383 4626676.319263667, 441196.7709433826 4626676.251363497, 441196.7311316468 4626676.183834623, 441196.6921679966 4626676.114883035, 441196.65445486334 4626676.045435777, 441196.61829301517 4626675.975831968, 441196.58209739515 4626675.902935915, 441196.54755286645 4626675.831081673, 441196.51537264814 4626675.760358317, 441196.48358368163 4626675.687229621, 441196.45304480835 4626675.61358347, 441196.42375047045 4626675.539406243, 441196.3962201813 4626675.4660806805, 441196.37015689875 4626675.392224869, 441196.3446880888 4626675.315966905, 441196.3204817826 4626675.239442183, 441196.29796508787 4626675.16384564, 441196.2768334717 4626675.087617704, 441196.2570470005 4626675.011515265, 441196.2383746545 4626674.933360447, 441196.22097148927 4626674.856096423, 441196.2053117033 4626674.77856861, 441196.1906444026 4626674.700773626, 441196.1776800795 4626674.622474995, 441196.16551437665 4626674.542844323, 441196.15527144296 4626674.4657366015, 441196.14628233545 4626674.3867349755, 441196.1430809637 4626674.354038854, 441196.85077044147 4626624.152951041, 441196.7970576831 4626628.228595751, 441196.54425280826 4626646.503801499, 441196.2912988803 4626664.779161972, 441196.18344475393 4626672.752462604, 441234.6710322694 4626673.191609488, 441234.77962402825 4626665.260959862, 441234.90606453514 4626656.123395418, 441235.0264098593 4626646.985773155, 441235.1527734794 4626637.848133741, 441235.2792896511 4626628.710491977, 441235.4057298885 4626619.572851401, 441235.5260761221 4626610.435229168, 441235.65244183334 4626601.297665951, 441235.7789589154 4626592.160024219, 441235.9054000638 4626583.022383676, 441236.02574956993 4626573.884913801, 441236.1522661555 4626564.7471959265, 441236.40507388144 4626546.471916073, 441236.52542311646 4626537.3343700655, 441236.65194061236 4626528.196652223, 441236.9047513402 4626509.9214486005, 441237.02510148566 4626500.783902625, 441237.15162225586 4626491.646337141, 441198.7255158045 4626491.164882756, 441198.7830375332 4626487.084486697, 441198.7796945705 4626486.987488805, 441198.7669642672 4626486.891271832, 441198.74496653967 4626486.796742122, 441198.7139086016 4626486.704790118, 441198.70616743085 4626486.685082116, 441198.70503075334 4626486.682149476, 441198.70401958347 4626486.679227361, 441198.6989909603 4626486.6645044675, 441198.6983823415 4626486.662648358, 441198.6958839332 4626486.653391656, 441198.69302633667 4626486.642804151, 441198.69228908536 4626486.639770568, 441198.6901558493 4626486.630363757, 441198.6892034674 4626486.625903599, 441198.6885856354 4626486.622600704, 441198.6867392183 4626486.611851239, 441198.68606146117 4626486.607631247, 441198.68559958774 4626486.604148892, 441198.6843242547 4626486.593485368, 441198.6838774192 4626486.589292418, 441198.6835725476 4626486.585506373, 441198.6828492041 4626486.57468503, 441198.6826123279 4626486.570338913, 441198.6823159896 4626486.559941653, 441198.68219453155 4626486.555655181, 441198.6822371311 4626486.551582909, 441198.6823504565 4626486.5407497035, 441198.68250614364 4626486.5363941705, 441198.68269346154 4626486.532600498, 441198.6830100586 4626486.528395686, 441198.68395409617 4626486.517697761, 441198.68430775555 4626486.514202786, 441198.68485431914 4626486.5099638365, 441198.68636650784 4626486.499162256, 441198.6878548333 4626486.489568332, 441198.6886019359 4626486.485127133, 441198.6892310732 4626486.481890542, 441198.6914756422 4626486.471223353, 441198.6921785178 4626486.468036044, 441198.69294792524 4626486.465003275, 441198.6958064177 4626486.454148821, 441198.6966748434 4626486.451052774, 441198.6976195854 4626486.447978141, 441198.7004781757 4626486.439188684, 441198.7034298271 4626486.430476199, 441198.70647955994 4626486.421943387, 441198.7084027573 4626486.416761544, 441198.7096523615 4626486.413626419, 441198.71220348054 4626486.407527327, 441198.7134923136 4626486.404588307, 441198.7173756667 4626486.396267249, 441198.7212580746 4626486.388070034, 441198.72281578963 4626486.384968047, 441198.72563285497 4626486.37959387, 441198.7299767453 4626486.371650321, 441198.7317623779 4626486.368470276, 441198.73478581174 4626486.363430575, 441198.7395356462 4626486.355635013, 441198.7416747074 4626486.352289953, 441198.74486425804 4626486.347492927, 441198.7478636675 4626486.343153006, 441198.75017091865 4626486.339944319, 441198.8038917824 4626486.25684965, 441198.84913770383 4626486.168852709, 441198.8854656957 4626486.076815042, 441198.91252008325 4626485.981637758, 441198.9300359863 4626485.884252707, 441198.9378419127 4626485.785613351, 441198.9358614372 4626485.686685433, 441198.92411395005 4626485.588437524, 441198.90271446685 4626485.491831534, 441198.87187250255 4626485.3978133, 441198.83189002017 4626485.307303321, 441198.7831584744 4626485.22118775, 441198.726154979 4626485.140309715, 441198.6614376356 4626485.065461063, 441198.5896400693 4626484.997374614, 441198.51146522537 4626484.936716977, 441198.4276784867 4626484.8840820305, 441198.33910018037 4626484.839985105, 441198.24659754604 4626484.8048579395, 441198.1510762451 4626484.779044451, 441198.0534714937 4626484.762797371, 441197.95473890624 4626484.756275767, 441191.75990919763 4626484.654279144, 441191.6621717271 4626484.657451903, 441191.56521146244 4626484.670155707, 441191.46995560353 4626484.692269072, 441191.37731505174 4626484.723580535, 441191.28817569884 4626484.763790674, 441191.203389956 4626484.812514974, 441191.1237686021 4626484.869287498, 441191.0500730306 4626484.93356535, 441190.9830079686 4626485.004733861, 441190.92321473785 4626485.082112471, 441190.87126512185 4626485.16496123, 441190.8276558981 4626485.252487884, 441190.79280408775 4626485.343855443, 441190.7670429673 4626485.438190189, 441190.75061888224 4626485.534590028, 441190.74368889077 4626485.63213312, 441190.7463192622 4626485.729886691, 441190.7584848431 4626485.826915956, 441190.780069298 4626485.922293054, 441190.8108662216 4626486.015105925, 441190.8505811128 4626486.10446703, 441190.8988341909 4626486.189521835, 441190.95582163584 4626486.279425205, 441191.33007652167 4626486.983646048, 441191.64646057616 4626487.716335095, 441191.8618894951 4626488.343947098, 441191.83008502726 4626491.081234813, 441155.3107110749 4626490.624064902, 441155.18369941885 4626499.725072931, 441155.0632730414 4626508.862622124, 441154.9369049856 4626518.0001873, 441154.81046335725 4626527.137905994, 441154.68402077316 4626536.275548528, 441154.5575022553 4626545.4131922545, 441154.43113629037 4626554.550833626, 441154.31078862294 4626563.688457851, 441154.1843457692 4626572.826024255, 441154.0578281602 4626581.963668011))"
CHI_63_1,CHI_63_1_P02,14940.302300016569,709.9504143241522,0.37248879672905555,True,True,441296.9075298493,4626583.131786518,"POLYGON ((441336.5170804222 4626674.4094165005, 441336.626446444 4626666.533607697, 441336.89158741606 4626648.258141383, 441337.0180259308 4626639.120427164, 441337.2830171229 4626620.845039425, 441337.4095336663 4626611.707400217, 441337.54206850403 4626602.569743857, 441337.67460120533 4626593.431935182, 441337.80104226596 4626584.294297178, 441337.9336527721 4626575.156563499, 441338.06611117383 4626566.018832191, 441338.19255173724 4626556.881118048, 441338.4575470275 4626538.605730457, 441338.5840656203 4626529.468091318, 441338.71660250495 4626520.330435036, 441338.8491372563 4626511.192626432, 441338.97558036644 4626502.054988501, 441339.10819291807 4626492.917254895, 441300.55250247894 4626492.439870877, 441300.59744405514 4626489.40666271, 441300.59005108976 4626489.269581173, 441300.5265194756 4626488.7538644485, 441300.5835460497 4626488.371657449, 441300.7376234378 4626488.017867867, 441301.02419207967 4626487.66698223, 441301.0821764647 4626487.588451513, 441301.1322277053 4626487.504641395, 441301.1738688503 4626487.416350527, 441301.20670309017 4626487.324420254, 441301.23041753884 4626487.229726603, 441301.24478621513 4626487.133171937, 441301.24967219617 4626487.035676349, 441301.24502892216 4626486.938168901, 441301.23090064 4626486.841578767, 441301.20742198196 4626486.746826379, 441301.1748166822 4626486.654814657, 441301.1333954452 4626486.566420406, 441301.08355298475 4626486.482485958, 441301.0257642629 4626486.403811146, 441300.96057996334 4626486.331145682, 441300.8886212446 4626486.265182016, 441300.81057381997 4626486.206548733, 441300.727181424 4626486.155804563, 441300.6392387246 4626486.113433063, 441300.5475837509 4626486.079838, 441300.45308990724 4626486.0553395115, 441300.3566576502 4626486.040171049, 441300.25920590805 4626486.0344771575, 441293.4692170238 4626485.969745678, 441293.3714575016 4626485.973599807, 441293.27454246476 4626485.986988389, 441293.1793995625 4626486.009783271, 441293.0869394816 4626486.041766265, 441292.9980472295 4626486.082631238, 441292.9135736631 4626486.131987039, 441292.8343273448 4626486.189361244, 441292.7610668026 4626486.254204683, 441292.69449327036 4626486.325896686, 441292.6352439751 4626486.403751033, 441292.58388603793 4626486.487022522, 441292.5409110457 4626486.574914095, 441292.50673034554 4626486.666584473, 441292.48167110747 4626486.761156208, 441292.46597319294 4626486.85772408, 441292.45978685905 4626486.9553637635, 441292.46317131986 4626487.053140673, 441292.4760941802 4626487.150118908, 441292.4984317452 4626487.245370216, 441292.52997020475 4626487.337982872, 441292.57040767954 4626487.427070408, 441292.61935711117 4626487.511780099, 441292.6763499665 4626487.591301121, 441292.7408407224 4626487.664872317, 441292.74548610963 4626487.669675884, 441292.7465206781 4626487.670744089, 441292.79885449365 4626487.72469913, 441292.8450694626 4626487.774074258, 441292.8903030997 4626487.823940183, 441292.9348172282 4626487.87479213, 441292.97745185957 4626487.925074195, 441293.0200336215 4626487.977420086, 441293.0610113283 4626488.029155989, 441293.1008088651 4626488.0818672925, 441293.142003793 4626488.137935946, 441293.18013204046 4626488.191614709, 441293.2173465008 4626488.246304723, 441293.25416612934 4626488.302331764, 441293.2900264404 4626488.35910368, 441293.3253950649 4626488.41715137, 441293.35932440386 4626488.474919432, 441293.3919379393 4626488.532799675, 441293.4237074702 4626488.591592649, 441293.45479883574 4626488.6514369445, 441293.4839223541 4626488.710023184, 441293.51291684055 4626488.771319183, 441293.54119642713 4626488.833151935, 441293.5671969382 4626488.893061896, 441293.5930310102 4626488.955680149, 441293.6175379663 4626489.017533228, 441293.6408295624 4626489.080247341, 441293.6639780218 4626489.145073563, 441293.6849574166 4626489.20740691, 441293.7045712516 4626489.269433041, 441293.72400689765 4626489.335321701, 441293.74235828285 4626489.400261211, 441293.7587994945 4626489.463735756, 441293.77461802686 4626489.528797842, 441293.7827915301 4626489.565472488, 441293.74959322636 4626492.345459301, 441257.26121143834 4626491.895077889, 441257.13887664425 4626500.9046693, 441257.01235729834 4626510.042310455, 441256.8859893253 4626519.179873091, 441256.7656408298 4626528.317494747, 441256.639198328 4626537.455134742, 441256.512679893 4626546.592775929, 441256.3863140113 4626555.730414755, 441256.2659664269 4626564.868036442, 441256.13952365424 4626574.005600304, 441255.88664115866 4626592.280880385, 441255.7662921216 4626601.418349776, 441255.6398526222 4626610.556065996, 441255.3869719467 4626628.83134614, 441255.266625002 4626637.968891721, 441255.14018641534 4626647.106607975, 441255.01374569116 4626656.244171913, 441254.8933994298 4626665.381717515, 441254.78051012807 4626673.428229161, 441291.59042546194 4626673.84749613, 441291.6002595545 4626673.920152352, 441291.6187418637 4626674.019819023, 441291.6337490185 4626674.11073698, 441291.6474081439 4626674.204525846, 441291.6597517983 4626674.298431207, 441291.67015134986 4626674.39142545, 441291.67901472555 4626674.484432855, 441291.686091739 4626674.577730282, 441291.6917182515 4626674.672475957, 441291.69578436605 4626674.767202096, 441291.6982254564 4626674.859517642, 441291.69865067647 4626674.952977467, 441291.6977872391 4626675.048098522, 441291.69514365506 4626675.141488483, 441291.69089562347 4626675.236124648, 441291.68518083735 4626675.329610197, 441291.67766666744 4626675.422620637, 441291.6686187875 4626675.515937653, 441291.6578135147 4626675.608411371, 441291.6452471818 4626675.702354931, 441291.6311508896 4626675.7961375965, 441291.6157574396 4626675.887843907, 441291.59852867847 4626675.9795803325, 441291.57954911154 4626676.072129618, 441291.55930316 4626676.162878474, 441291.5368684974 4626676.255051793, 441291.51330633176 4626676.3463151315, 441291.4879398842 4626676.436799242, 441291.4612897811 4626676.527022152, 441291.4332198864 4626676.615265445, 441291.4032039266 4626676.70452707, 441291.3713640641 4626676.793792103, 441291.3384964686 4626676.881814205, 441291.304462813 4626676.967725917, 441291.2679298723 4626677.055232176, 441291.2300943904 4626677.1422331855, 441291.19144924876 4626677.226818632, 441291.1512701579 4626677.310654955, 441291.1090096613 4626677.39483349, 441291.0654529619 4626677.478250376, 441291.0203353929 4626677.560923066, 441290.9739066922 4626677.642861245, 441290.92627481325 4626677.7234487105, 441290.8767543659 4626677.803997733, 441290.8265503888 4626677.882811351, 441290.77478258265 4626677.960645478, 441290.72107595566 4626678.038672796, 441290.6671642206 4626678.114136343, 441290.61106430046 4626678.1894811215, 441290.5532848381 4626678.2646429865, 441290.49486492545 4626678.337941278, 441290.4351326752 4626678.410248832, 441290.37407707813 4626678.481577382, 441290.3116518039 4626678.551977256, 441290.24820023094 4626678.621083643, 441290.18412045704 4626678.688474427, 441290.11811169167 4626678.755258358, 441290.0750693238 4626678.797465015, 441290.0087168819 4626678.869217544, 441289.94968527637 4626678.947104265, 441289.8985383223 4626679.030381278, 441289.8557645279 4626679.118253198, 441289.82177242887 4626679.209880755, 441289.79688668606 4626679.304388805, 441289.78134498507 4626679.400874698, 441289.7752957658 4626679.498416888, 441289.7787968047 4626679.596083743, 441289.7918146632 4626679.69294244, 441289.81422500673 4626679.7880678745, 441289.84581379255 4626679.880551497, 441289.8862793138 4626679.96950999, 441289.9352350815 4626680.054093705, 441289.9922135155 4626680.133494775, 441290.0566704107 4626680.206954835, 441290.1279901347 4626680.273772264, 441290.2054915076 4626680.333308884, 441290.2884343084 4626680.384996055, 441290.37602634425 4626680.42834011, 441290.46743101743 4626680.462927067, 441290.56177531526 4626680.488426583, 441290.6581581487 4626680.50459511, 441290.7556589583 4626680.511278222, 441298.1685328602 4626680.656239627, 441298.26811476774 4626680.65322321, 441298.3669023222 4626680.640312976, 441298.4639149925 4626680.617637066, 441298.55818986427 4626680.5854205545, 441298.6487911977 4626680.543983211, 441298.7348197151 4626680.493736328, 441298.81542152714 4626680.435178638, 441298.88979660807 4626680.368891367, 441298.95720673644 4626680.295532457, 441299.01698282256 4626680.215830044, 441299.0685315497 4626680.130575227, 441299.1113412629 4626680.040614216, 441299.14498704765 4626679.946839932, 441299.16913494765 4626679.850183147, 441299.1835452791 4626679.751603244, 441299.18807500997 4626679.652078691, 441299.18267917976 4626679.552597336, 441299.1674113457 4626679.454146595, 441299.1424230509 4626679.357703657, 441299.1079623206 4626679.264225782, 441299.0643712002 4626679.174640798, 441299.01208236004 4626679.089837896, 441298.95161480113 4626679.010658799, 441298.88356870366 4626678.937889412, 441298.80861946964 4626678.872252018, 441298.7275110194 4626678.814398113, 441298.6410484074 4626678.764901933, 441298.50789687055 4626678.697250905, 441298.15350745944 4626678.380906935, 441297.89075982355 4626677.986224187, 441297.7380533452 4626677.5394414505, 441297.7030063305 4626677.065254208, 441297.81183955 4626676.473512202, 441297.8235029005 4626676.390818998, 441297.82822575484 4626676.307440978, 441298.99044262554 4626597.866807522, 441298.93204442837 4626602.089751045, 441298.80552762543 4626611.22739121, 441298.6790872136 4626620.365030205, 441298.5587400794 4626629.502574704, 441298.4322251415 4626638.640291057, 441298.1794208919 4626656.91549175, 441298.0590746679 4626666.053036281, 441297.9496324558 4626673.9288471, 441336.5170804222 4626674.4094165005))"
CHI_63_1,CHI_63_1_P03,11206.662355967792,629.1603527463953,0.3557651938916578,False,False,441103.28323536017,4626580.32730287,"POLYGON ((441072.79234122986 4626671.337672923, 441087.52189322904 4626671.509047811, 441087.48526260094 4626674.112830425, 441087.482697717 4626674.144137153, 441087.4768600114 4626674.201263204, 441087.46988190594 4626674.260204594, 441087.4622534013 4626674.3166308245, 441087.4531746689 4626674.374751564, 441087.443321714 4626674.432987661, 441087.4326315502 4626674.489356509, 441087.4207877983 4626674.546596214, 441087.4083364891 4626674.601858562, 441087.3941370207 4626674.659582537, 441087.3794752564 4626674.71607614, 441087.36364668445 4626674.77205598, 441087.34694256855 4626674.828373233, 441087.32981430925 4626674.882067245, 441087.31116009614 4626674.93712013, 441087.29068387573 4626674.994410399, 441087.27063404623 4626675.048328959, 441087.2501259214 4626675.099781736, 441087.22736712307 4626675.154256256, 441087.20355851407 4626675.208719156, 441087.1797979135 4626675.260773029, 441087.1544754588 4626675.313444481, 441087.1280318523 4626675.366473309, 441087.1010935932 4626675.41813877, 441087.07383184833 4626675.468386614, 441087.04538038344 4626675.51846946, 441087.0158705056 4626675.568463496, 441086.98486116575 4626675.6189027, 441086.9537144038 4626675.667950818, 441086.9216321695 4626675.716289216, 441086.8881690867 4626675.765148163, 441086.8544017548 4626675.812615444, 441086.8206500935 4626675.858398657, 441086.78599836596 4626675.903468839, 441086.748893173 4626675.950064202, 441086.7120194353 4626675.995016752, 441086.6750260127 4626676.038307946, 441086.6353715524 4626676.083138567, 441086.5953164549 4626676.127149039, 441086.556215775 4626676.168648461, 441086.5164061822 4626676.209245582, 441086.474884629 4626676.2501616245, 441086.432625706 4626676.290401361, 441086.38990660827 4626676.329708452, 441086.3427776181 4626676.371544355, 441086.27131390665 4626676.441685685, 441086.20722321497 4626676.518622357, 441086.15114817186 4626676.601582938, 441086.10365103453 4626676.689735591, 441086.0652080504 4626676.782196422, 441086.0362046823 4626676.878038339, 441086.0169317432 4626676.976300347, 441086.0075824802 4626677.075997185, 441086.0082506373 4626677.176129207, 441086.01892951474 4626677.275692403, 441086.03951203707 4626677.373688465, 441086.0697918259 4626677.469134799, 441086.10946526984 4626677.561074378, 441086.1581345684 4626677.648585335, 441086.2153117211 4626677.730790211, 441086.28042342 4626677.806864747, 441086.3528167987 4626677.876046154, 441086.4317659784 4626677.937640758, 441086.516479346 4626677.99103096, 441086.60610749177 4626678.035681423, 441086.699751726 4626678.071144442, 441086.7964730904 4626678.097064435, 441086.8953017725 4626678.1131815035, 441086.99524683016 4626678.119334046, 441094.7653026299 4626678.2078667525, 441094.8616623281 4626678.204315481, 441094.957232026 4626678.191500028, 441095.0511231352 4626678.16953955, 441095.1424626749 4626678.138638232, 441095.2304013878 4626678.099083387, 441095.31412163726 4626678.051242789, 441095.3928450089 4626677.9955612505, 441095.46583954815 4626677.932556488, 441095.5324265663 4626677.862814305, 441095.59198695037 4626677.786983153, 441095.6439669196 4626677.705768094, 441095.68788317457 4626677.61992425, 441095.7233273905 4626677.530249781, 441095.74997001403 4626677.43757846, 441095.7675633274 4626677.34277193, 441095.77594375133 4626677.246711681, 441095.7750333664 4626677.150290862, 441095.76484063716 4626677.054405977, 441095.74546033354 4626676.9599485425, 441095.7170726498 4626676.867796808, 441095.6799415291 4626676.778807579, 441095.6344122092 4626676.69380826, 441095.5809080128 4626676.613589161, 441095.55509056174 4626676.578655255, 441095.5057414061 4626676.509629289, 441095.45712868933 4626676.438484151, 441095.4088484908 4626676.365798139, 441095.3625115021 4626676.293114523, 441095.31743810856 4626676.219906362, 441095.2736126617 4626676.145652876, 441095.2306962465 4626676.070251891, 441095.19001057884 4626675.995823429, 441095.1501899039 4626675.919423693, 441095.1107847266 4626675.841074392, 441095.0735275931 4626675.763697865, 441095.038035054 4626675.686641011, 441095.00322980154 4626675.606972455, 441094.96954489884 4626675.527021304, 441094.9378612314 4626675.4473336125, 441094.9068551284 4626675.366015992, 441094.87798726815 4626675.2858503, 441094.8503300819 4626675.20455225, 441094.8234835136 4626675.121085637, 441094.798510141 4626675.0392642, 441094.775031908 4626674.956223348, 441094.7525627409 4626674.8726454405, 441094.73221409187 4626674.790159932, 441094.7127176161 4626674.705439847, 441094.6947610025 4626674.620713312, 441094.67812241113 4626674.535690404, 441094.6632148626 4626674.451536549, 441094.64978363283 4626674.366913444, 441094.63766902883 4626674.2808614485, 441094.62685294397 4626674.194688125, 441094.61770807824 4626674.109523067, 441094.61006975407 4626674.024251732, 441094.6038498349 4626673.937605296, 441094.6003278164 4626673.875645677, 441094.6253824266 4626671.587190254, 441132.71603689436 4626672.024247009, 441132.817262104 4626664.404529835, 441132.880529026 4626659.838754784, 441132.9245817055 4626656.784794331, 441133.0069673624 4626650.701035478, 441133.0258993682 4626649.1710178945, 441133.1331247863 4626641.545189351, 441133.23435062956 4626633.9254722, 441133.34159351984 4626626.305661734, 441133.4428958431 4626618.685943412, 441133.5502913757 4626611.066130597, 441133.651442869 4626603.446490811, 441133.75701643695 4626596.1070540855, 441133.8564970972 4626588.767711862, 441133.9559779051 4626581.428369645, 441133.9803662316 4626579.459309812, 441134.0555350251 4626574.089026253, 441134.110179874 4626570.151044125, 441134.1627767951 4626566.469063507, 441134.2400687327 4626560.842701103, 441134.2640815407 4626558.849421391, 441134.3713259903 4626551.229610982, 441134.50636049884 4626541.074126396, 441134.57987464184 4626535.990082314, 441134.68110267475 4626528.370365239, 441134.78851723653 4626520.75657056, 441134.8896522742 4626513.130836605, 441134.9529210783 4626508.5650616195, 441134.9969738368 4626505.51102505, 441135.0793643639 4626499.427418608, 441135.0982025043 4626497.891307996, 441135.20120843744 4626490.381264701, 441096.75552456954 4626489.898786769, 441096.65318008856 4626497.451482218, 441096.6344181053 4626498.987591813, 441096.5520275576 4626505.071198889, 441096.5139916802 4626508.125142469, 441096.45079902274 4626512.690916749, 441096.2147257163 4626530.478382509, 441096.1410224936 4626535.550241015, 441096.07359902165 4626540.634038808, 441096.03979340853 4626543.169882733, 441095.9914989162 4626546.807891568, 441096.6427372405 4626487.324632267, 441096.63939757296 4626487.231297577, 441096.6357856814 4626487.187606109, 441096.6333352297 4626487.152656411, 441096.6318258428 4626487.123574832, 441096.6309390046 4626487.09148414, 441096.63039434777 4626487.056365183, 441096.63047984726 4626487.024368294, 441096.6312141737 4626486.989507447, 441096.63227121206 4626486.957428492, 441096.6341113924 4626486.92547893, 441096.636552062 4626486.890233822, 441096.63905015006 4626486.861849066, 441096.64265217603 4626486.830000762, 441096.64734135644 4626486.792325851, 441096.6516725545 4626486.761049285, 441096.65638725436 4626486.731938704, 441096.6625093445 4626486.698201863, 441096.6691520083 4626486.664142585, 441096.67581488733 4626486.632941098, 441096.6828968575 4626486.602622549, 441096.6912489442 4626486.569723035, 441096.7002216276 4626486.536257467, 441096.7090476662 4626486.5054979315, 441096.71820868755 4626486.475733211, 441096.7288288322 4626486.443441294, 441096.73985284317 4626486.411381211, 441096.75052511145 4626486.382177054, 441096.76236667536 4626486.351601285, 441096.77502274717 4626486.320402994, 441096.78722492367 4626486.291710435, 441096.801160464 4626486.260811484, 441096.8155316344 4626486.229854708, 441096.8293074905 4626486.201787203, 441096.84404043545 4626486.17297334, 441096.8588267352 4626486.1453577615, 441096.8755512258 4626486.11548571, 441096.892434551 4626486.086261618, 441096.90917207196 4626486.058574431, 441096.9274158047 4626486.029416649, 441096.9456388681 4626486.001349301, 441096.9628084168 4626485.97585682, 441096.98156308866 4626485.94928576, 441097.00077307696 4626485.922827394, 441097.0209201839 4626485.89631316, 441097.04120817874 4626485.870284595, 441097.06185733236 4626485.844952121, 441097.0844567263 4626485.817960418, 441097.10337072844 4626485.7961393725, 441097.12567342696 4626485.771706804, 441097.1496223739 4626485.745918551, 441097.17124631826 4626485.7236133125, 441097.19455287326 4626485.700387352, 441097.21848070313 4626485.677336575, 441097.24410328246 4626485.653503603, 441097.2672135155 4626485.632544822, 441097.29070641386 4626485.6123103015, 441097.3172350843 4626485.590063999, 441097.3409637403 4626485.570884857, 441097.35925695027 4626485.55671644, 441097.4341009496 4626485.492606435, 441097.5022712761 4626485.421440969, 441097.56310587865 4626485.343911181, 441097.6160139488 4626485.260770017, 441097.66048165836 4626485.172824922, 441097.6960771495 4626485.080929994, 441097.7224547289 4626484.985977688, 441097.73935822496 4626484.8888901565, 441097.74662347574 4626484.7906102855, 441097.7441799232 4626484.692092541, 441097.7320512984 4626484.594293699, 441097.710355391 4626484.498163555, 441097.6793029057 4626484.404635698, 441097.63919541537 4626484.314618443, 441097.5904224326 4626484.228986013, 441097.53345762676 4626484.148570045, 441097.46885422396 4626484.074151517, 441097.3972396342 4626484.00645316, 441097.319309358 4626483.946132442, 441097.2358202323 4626483.893775181, 441097.1475830797 4626483.849889854, 441097.05545483454 4626483.814902665, 441096.96033022023 4626483.789153399, 441096.86313306016 4626483.772892125, 441096.76480730553 4626483.766276768, 441090.2314996162 4626483.649417578, 441090.13173636113 4626483.6526154075, 441090.03278886544 4626483.665742718, 441089.9356429364 4626483.688668721, 441089.8412664323 4626483.721165008, 441089.7505996201 4626483.76290782, 441089.66454580706 4626483.813481276, 441089.58396234165 4626483.872381516, 441089.5096520716 4626483.939021721, 441089.44235534495 4626484.012737959, 441089.38274263474 4626484.0927958, 441089.33140785823 4626484.178397633, 441089.28886246047 4626484.268690614, 441089.2555303184 4626484.362775158, 441089.2317435179 4626484.459713908, 441089.2177390453 4626484.55854107, 441089.21365642623 4626484.658272035, 441089.2195363355 4626484.757913191, 441089.235320192 4626484.856471818, 441089.2608507423 4626484.952965984, 441089.29587362707 4626485.046434325, 441089.34003991575 4626485.135945621, 441089.39290958253 4626485.220608078, 441089.45395589067 4626485.299578208, 441089.4710622391 4626485.319560671, 441089.50320941093 4626485.358436487, 441089.5339204794 4626485.397083418, 441089.56506503676 4626485.437815511, 441089.59631885926 4626485.480075158, 441089.6250766128 4626485.520291634, 441089.6536552701 4626485.562192116, 441089.6836167967 4626485.607430955, 441089.71107758663 4626485.650240343, 441089.7374044577 4626485.69327309, 441089.7642846286 4626485.738664554, 441089.7888323968 4626485.7818394, 441089.8129103019 4626485.826221064, 441089.8372680185 4626485.87287755, 441089.86048938177 4626485.91913283, 441089.8827829836 4626485.9656048, 441089.904028987 4626486.011750555, 441089.92392557446 4626486.057321132, 441089.9440298616 4626486.105742406, 441089.9639047958 4626486.155577052, 441089.9816003744 4626486.202038988, 441089.9984322414 4626486.249399299, 441090.015257496 4626486.298938201, 441090.0309642051 4626486.348124381, 441090.0461844692 4626486.398428671, 441090.05988778366 4626486.4466853645, 441090.0727031791 4626486.495396366, 441090.0847360876 4626486.54457334, 441090.0962400624 4626486.595627121, 441090.10706255556 4626486.646987953, 441090.11662278074 4626486.6968569085, 441090.1214810102 4626486.7248435505, 441090.07796637143 4626489.817956221, 441072.79234122986 4626489.603154295, 441072.79234122986 4626671.337672923))"
CHI_63_1,CHI_63_1_P04,6329.724441446246,432.7805308454866,0.4246774855473809,False,False,441375.3494021503,4626585.252542371,"POLYGON ((441392.79234122986 4626493.583289477, 441359.2177776935 4626493.166071627, 441359.0887841324 4626502.139272907, 441358.9563229674 4626511.2769274935, 441358.8298039344 4626520.414566115, 441358.69726824114 4626529.552298057, 441358.5708246456 4626538.68985935, 441358.30567941756 4626556.965400632, 441358.1793138475 4626566.10303693, 441358.046779296 4626575.240768916, 441357.914246149 4626584.378577071, 441357.78788008227 4626593.516137232, 441357.5227364044 4626611.791602446, 441357.3962948575 4626620.929163812, 441357.1311537265 4626639.204705239, 441357.0047902063 4626648.342341607, 441356.73972660623 4626666.6178819, 441356.6267416962 4626674.6582221, 441392.79234122986 4626675.1076198295, 441392.79234122986 4626493.583289477))"
CHI_63_1,CHI_63_1_P05,4047.844681899938,262.6133761985001,0.7375645212737418,False,False,441196.9824910521,4626446.309008363,"POLYGON ((441156.2539641553 4626421.582079768, 441156.1967434998 4626425.929135041, 441156.0702222316 4626435.066778673, 441155.8173315247 4626453.34198743, 441155.69705749897 4626462.479610386, 441155.5840875349 4626470.526125294, 441194.06624733825 4626471.008039338, 441198.94259648916 4626471.060397432, 441237.42482790694 4626471.5423101485, 441237.53805042256 4626463.124027645, 441237.66449478286 4626453.986387214, 441237.79101553827 4626444.848745608, 441237.91738301003 4626435.711030207, 441238.0377361869 4626426.573560457, 441238.1067659388 4626421.582079768, 441156.2539641553 4626421.582079768))"
CHI_63_1,CHI_63_1_P06,3929.2554459857233,271.0345070604353,0.6721573525668928,False,False,441294.8929184594,4626717.509713245,"POLYGON ((441335.5621584405 4626741.582079768, 441335.5930350314 4626739.391347898, 441335.8077620534 4626724.157749817, 441335.9137294561 4626716.848783508, 441336.0196786671 4626709.533722978, 441336.066560279 4626705.876287214, 441336.23162256676 4626694.513552309, 441297.8762759655 4626694.041180456, 441297.9246819072 4626690.382690202, 441297.9247311321 4626690.3607087545, 441297.924425156 4626690.325747313, 441297.9247501279 4626690.297520046, 441297.92545716075 4626690.26925609, 441297.9267385724 4626690.240942995, 441297.9284058157 4626690.212562987, 441297.9306242971 4626690.184470026, 441297.933216505 4626690.156649689, 441297.9360465152 4626690.131718897, 441297.93977337464 4626690.103873211, 441297.944362457 4626690.072969355, 441297.9488353486 4626690.045380183, 441297.9532792627 4626690.021217979, 441297.9588902457 4626689.993777759, 441297.96488674247 4626689.966495752, 441297.97145831294 4626689.939168482, 441297.9789937678 4626689.909748548, 441297.9860589432 4626689.883774103, 441297.99394774635 4626689.857043172, 441298.0022454248 4626689.830204377, 441298.01078191167 4626689.804544976, 441298.0196732725 4626689.779098097, 441298.02955213335 4626689.752650647, 441298.0405133732 4626689.72438886, 441298.05018897034 4626689.700689304, 441298.06090503844 4626689.675958341, 441298.0720099039 4626689.6513546035, 441298.0849852808 4626689.624155944, 441298.09816722746 4626689.597156086, 441298.11006968044 4626689.574025533, 441298.11898065236 4626689.557425838, 441298.1609526204 4626689.469136089, 441298.19410327385 4626689.377170008, 441298.21811580105 4626689.282406489, 441298.23276072065 4626689.1857511625, 441298.2378980754 4626689.088127736, 441298.2334787687 4626688.99046917, 441298.219545035 4626688.89370876, 441298.1962300349 4626688.798771218, 441298.16375658364 4626688.70656384, 441298.122435021 4626688.617967822, 441298.0726602458 4626688.533829854, 441298.014907942 4626688.454954019, 441297.94973003253 4626688.382094112, 441297.87774940475 4626688.3159464365, 441297.79965395783 4626688.257143145, 441297.7161900285 4626688.206246207, 441297.6281552587 4626688.163742028, 441297.5363909727 4626688.13003681, 441297.4417741363 4626688.105452666, 441297.34520897706 4626688.090224538, 441297.24761834147 4626688.0844979575, 441291.27957946993 4626688.026524641, 441291.18235864636 4626688.030313587, 441291.08596618846 4626688.043532464, 441290.99131457077 4626688.066056139, 441290.89929978875 4626688.097671397, 441290.8107928768 4626688.138078961, 441290.72663166304 4626688.186896321, 441290.6476128381 4626688.243661363, 441290.5744844134 4626688.307836733, 441290.5079386406 4626688.378814933, 441290.44860545825 4626688.455924064, 441290.3970465288 4626688.5384341935, 441290.35374992166 4626688.6255642595, 441290.31912549306 4626688.716489469, 441290.2935010064 4626688.810349099, 441290.27711902926 4626688.906254654, 441290.2701346375 4626689.003298268, 441290.27261394705 4626689.100561301, 441290.28453348816 4626689.197123039, 441290.3057804276 4626689.292069403, 441290.3361536365 4626689.384501611, 441290.3753655948 4626689.473544673, 441290.4230451124 4626689.558355688, 441290.47874084336 4626689.638131813, 441290.5419255581 4626689.712117869, 441290.5513324168 4626689.722105077, 441290.5762417524 4626689.749114818, 441290.60140651395 4626689.777744513, 441290.62496605754 4626689.804981289, 441290.64771894214 4626689.832833909, 441290.6727503651 4626689.863975775, 441290.693310346 4626689.890645408, 441290.7146555165 4626689.9195298385, 441290.73791202914 4626689.952058194, 441290.75938634126 4626689.982900953, 441290.7793858337 4626690.0129092885, 441290.79851118824 4626690.042595698, 441290.8180785427 4626690.0745035205, 441290.83744582406 4626690.106847076, 441290.85475104616 4626690.137274707, 441290.87286455533 4626690.170288155, 441290.89036837395 4626690.20356734, 441290.9068629436 4626690.236111171, 441290.92249048833 4626690.2685696175, 441290.93784658273 4626690.301725643, 441290.95353505947 4626690.337453822, 441290.96774974314 4626690.3707629815, 441290.9811369355 4626690.404452765, 441290.99505961314 4626690.440599172, 441291.0074252949 4626690.4746935675, 441291.0191779997 4626690.508794929, 441291.03032929514 4626690.543327205, 441291.0408777068 4626690.577899836, 441291.05102046736 4626690.613597456, 441291.0605138317 4626690.649018242, 441291.0698958003 4626690.68690815, 441291.07835694554 4626690.72276554, 441291.08530502167 4626690.755608752, 441291.0928495835 4626690.794662693, 441291.09952350886 4626690.83139503, 441291.1048419001 4626690.864903396, 441291.11032791954 4626690.903871464, 441291.11510620185 4626690.94099026, 441291.1182738308 4626690.970714053, 441291.0821939578 4626693.954632028, 441254.50725655816 4626693.538274682, 441254.4027556268 4626701.334781112, 441254.3028992683 4626708.649748769, 441254.2030430536 4626715.964716428, 441254.1030924851 4626723.273591044, 441253.9958504806 4626730.893322878, 441253.8944584036 4626738.507098019, 441253.8511804724 4626741.582079768, 441335.5621584405 4626741.582079768))"
CHI_63_1,CHI_63_1_P07,2996.957541677508,231.57429558810708,0.7022791114166703,False,False,441102.20941317204,4626716.225129876,"POLYGON ((441072.79234122986 4626741.582079768, 441131.7577579847 4626741.582079768, 441131.82124421065 4626736.932550399, 441131.928655625 4626729.318831731, 441131.9827329857 4626725.344367398, 441132.1031539807 4626716.206817513, 441132.12983029603 4626714.390237471, 441132.2296877735 4626707.075343539, 441132.3310805554 4626699.461565884, 441132.43676622014 4626692.134392538, 441094.1876313895 4626691.696337724, 441094.2227712521 4626689.18987551, 441094.2283368909 4626689.173612679, 441094.23882692325 4626689.143990747, 441094.250602312 4626689.110739189, 441094.2615638429 4626689.080069992, 441094.27330441214 4626689.047716124, 441094.28404172434 4626689.018126955, 441094.29503444827 4626688.988817902, 441094.3065559585 4626688.958098989, 441094.3183543422 4626688.927364751, 441094.32109012915 4626688.9201551955, 441094.3312659545 4626688.893024177, 441094.3419407359 4626688.865841358, 441094.3435946007 4626688.86160154, 441094.3553861937 4626688.831168463, 441094.36663418764 4626688.802790048, 441094.37899582624 4626688.772002948, 441094.39218716056 4626688.73945206, 441094.40393033536 4626688.710474641, 441094.4159277347 4626688.68177445, 441094.4171982061 4626688.678721047, 441094.43066433654 4626688.646205576, 441094.4426623844 4626688.617503838, 441094.4555761678 4626688.587260434, 441094.4685000022 4626688.556993491, 441094.48170226195 4626688.526710476, 441094.4957256597 4626688.494543959, 441094.5082271148 4626688.466136418, 441094.52170215076 4626688.436133304, 441094.5231285759 4626688.432942358, 441094.53518109495 4626688.405853633, 441094.54745083 4626688.379325518, 441094.54895294306 4626688.376062465, 441094.56427985546 4626688.342609623, 441094.5772988301 4626688.314194139, 441094.5905715278 4626688.286052644, 441094.6046220385 4626688.256261992, 441094.6189523063 4626688.226454602, 441094.63408486976 4626688.194978422, 441094.6484192706 4626688.165445139, 441094.66303260165 4626688.135614746, 441094.6768144576 4626688.107748207, 441094.6917127956 4626688.07817427, 441094.6950017856 4626688.07158519, 441094.70713382476 4626688.047054536, 441094.71972590237 4626688.022741143, 441094.72482743167 4626688.012754128, 441094.73885965213 4626687.984899484, 441094.7514691423 4626687.960552468, 441094.766938497 4626687.931209235, 441094.7831744016 4626687.900411967, 441094.7994080198 4626687.869915475, 441094.8158228894 4626687.8390784925, 441094.83157871285 4626687.809708679, 441094.845394559 4626687.7842028765, 441094.86042507377 4626687.757190701, 441094.8624268368 4626687.753575661, 441094.8774791044 4626687.72625933, 441094.8927848498 4626687.699211702, 441094.8963005118 4626687.692946583, 441094.9106096405 4626687.667230851, 441094.92543901026 4626687.641455207, 441094.9268804349 4626687.638941377, 441094.94425866357 4626687.608531916, 441094.9608711713 4626687.579656911, 441094.976420666 4626687.552893953, 441094.9933229387 4626687.524272179, 441095.01092281344 4626687.494469106, 441095.0267096828 4626687.46799991, 441095.04389448056 4626687.439644208, 441095.04615787545 4626687.435890972, 441095.06108841876 4626687.41100951, 441095.0762257294 4626687.386667045, 441095.07857995864 4626687.38286223, 441095.09672753164 4626687.353385645, 441095.1148713645 4626687.324208365, 441095.1323562891 4626687.296090685, 441095.148281224 4626687.27087525, 441095.1663515229 4626687.242695859, 441095.1676130827 4626687.240723465, 441095.1853830679 4626687.212869085, 441095.20339758473 4626687.185058574, 441095.2221065292 4626687.1561853215, 441095.27084918116 4626687.072308075, 441095.3112349861 4626686.984102489, 441095.34288386366 4626686.892398688, 441095.3654979586 4626686.798059718, 441095.3788644444 4626686.701973425, 441095.3828575258 4626686.605044101, 441095.377439623 4626686.50818397, 441095.36266172514 4626686.412304607, 441095.3386629105 4626686.318308354, 441095.3056690378 4626686.227079834, 441095.2639906201 4626686.139477619, 441095.214019903 4626686.056326155, 441095.1562271728 4626685.9784079995, 441095.0911563308 4626685.906456459, 441095.019419774 4626685.8411486875, 441094.94169263245 4626685.783099312, 441094.8587064147 4626685.732854648, 441094.7712421239 4626685.69088756, 441094.68012290733 4626685.657593012, 441094.58620630973 4626685.633284345, 441094.49037620256 4626685.618190335, 441094.39353446587 4626685.612453034, 441087.98683253524 4626685.544218352, 441087.8887706123 4626685.547989395, 441087.7915504986 4626685.561353939, 441087.696108459 4626685.584183275, 441087.60336363484 4626685.616257549, 441087.5142091923 4626685.657267876, 441087.42950372095 4626685.70681931, 441087.35006296507 4626685.764434653, 441087.2766519678 4626685.82955905, 441087.20997770363 4626685.901565327, 441087.1506822698 4626685.97976004, 441087.09933670284 4626686.063390143, 441087.0564354791 4626686.151650251, 441087.0223917528 4626686.243690385, 441086.9975333774 4626686.338624164, 441086.98209974804 4626686.435537346, 441086.9762394961 4626686.533496617, 441086.98000905797 4626686.631558597, 441086.99337213143 4626686.728778913, 441087.01620002516 4626686.824221297, 441087.0482728984 4626686.916966606, 441087.08928187774 4626687.006121668, 441087.13883203187 4626687.090827889, 441087.19644617464 4626687.170269515, 441087.19862126996 4626687.1729783155, 441087.21096366324 4626687.188046207, 441087.2306953232 4626687.211662131, 441087.244916145 4626687.229419399, 441087.26012512704 4626687.249056086, 441087.27542877675 4626687.269496487, 441087.288817183 4626687.287934624, 441087.3017270996 4626687.306581332, 441087.3156015246 4626687.327246509, 441087.32888348715 4626687.347853316, 441087.3409661545 4626687.367191607, 441087.3535152541 4626687.388338342, 441087.3649948642 4626687.408135495, 441087.3768400238 4626687.42987186, 441087.38925946376 4626687.45302194, 441087.39960621047 4626687.473431877, 441087.41054594435 4626687.49572863, 441087.4201318383 4626687.516303856, 441087.4295582566 4626687.537444791, 441087.4392583923 4626687.5603805445, 441087.44826949626 4626687.58252889, 441087.4570117669 4626687.6053692065, 441087.46561448165 4626687.628677465, 441087.4725557837 4626687.648774333, 441087.4806326493 4626687.673645239, 441087.48831159715 4626687.698296262, 441087.4943421436 4626687.718979891, 441087.50037044566 4626687.741434447, 441087.50669051096 4626687.766407093, 441087.5103437175 4626687.781886087, 441087.4581953573 4626691.610762854, 441072.79234122986 4626691.444437029, 441072.79234122986 4626741.582079768))"
CHI_63_1,CHI_63_1_P08,2229.724220391061,204.68876670572428,0.6687641696043684,False,False,441279.8923838142,4626447.534962414,"POLYGON ((441258.2217203849 4626421.582079768, 441258.1476689313 4626426.834640838, 441258.1284708511 4626428.352472962, 441258.0462669985 4626434.448187271, 441258.0020246786 4626437.49003671, 441257.93877335306 4626442.061904371, 441257.83752524364 4626449.6755246185, 441257.73003191757 4626457.289241732, 441257.62878294237 4626464.902785826, 441257.5344932144 4626471.791050814, 441293.6321073457 4626472.243014106, 441293.60507581575 4626473.973591556, 441293.60956879775 4626474.085171073, 441293.62647440593 4626474.195553932, 441293.6370701782 4626474.245798808, 441293.6448297514 4626474.285592013, 441293.65168699704 4626474.325229643, 441293.6584393014 4626474.368382202, 441293.664100967 4626474.408411236, 441293.6689323165 4626474.448899344, 441293.67342019896 4626474.49197186, 441293.67699276935 4626474.532501589, 441293.6797295127 4626474.57312024, 441293.6818449556 4626474.614101123, 441293.68319136504 4626474.6574491635, 441293.6840338795 4626474.6981662465, 441293.6838244947 4626474.739157513, 441293.6831509891 4626474.7824094845, 441293.6817655919 4626474.820600539, 441293.6793045513 4626474.863802573, 441293.6763796341 4626474.906983138, 441293.67300449085 4626474.945347224, 441293.66861912346 4626474.985477131, 441293.66325468844 4626475.028195413, 441293.65716081375 4626475.071348535, 441293.65091725194 4626475.111155568, 441293.6437583218 4626475.150990997, 441293.6354784665 4626475.193586624, 441293.6271616315 4626475.23273188, 441293.61802511086 4626475.271846134, 441293.6076595957 4626475.312937285, 441293.5964499983 4626475.354724868, 441293.58543423633 4626475.39326148, 441293.57357805053 4626475.431629119, 441293.5603273842 4626475.472150109, 441293.5467093347 4626475.5116013205, 441293.5321396408 4626475.551447267, 441293.5177442792 4626475.589119569, 441293.50236792973 4626475.626737483, 441293.4857837935 4626475.6657816265, 441293.46828589914 4626475.704912005, 441293.45128033974 4626475.74157951, 441293.433958714 4626475.776770799, 441293.41392131493 4626475.81587384, 441293.3950927563 4626475.851381907, 441293.37480817863 4626475.887586113, 441293.3540564507 4626475.923641387, 441293.3324017454 4626475.959338053, 441293.30989255465 4626475.995500624, 441293.28872008814 4626476.02794096, 441293.26411147584 4626476.064150437, 441293.2399013999 4626476.09891195, 441293.2162452591 4626476.131352324, 441293.1919178929 4626476.1636517085, 441293.1667066663 4626476.195650277, 441293.14005842747 4626476.228477171, 441293.1127302169 4626476.260895678, 441293.0849299531 4626476.292913992, 441293.0576295054 4626476.323211534, 441293.02991737035 4626476.3528645355, 441293.00157450937 4626476.382100378, 441292.97154523776 4626476.411961637, 441292.93974061223 4626476.442675367, 441292.9101127702 4626476.470461015, 441292.88127651653 4626476.496340962, 441292.8492917115 4626476.523994418, 441292.8180903933 4626476.550185765, 441292.7865609598 4626476.575503032, 441292.7520183697 4626476.602371725, 441292.7194450529 4626476.6269591395, 441292.68493105005 4626476.651858681, 441292.65075949166 4626476.6759222625, 441292.61736943177 4626476.698306821, 441292.5835375846 4626476.720293727, 441292.54814312514 4626476.742153587, 441292.5106443139 4626476.764719176, 441292.4756999331 4626476.784871482, 441292.43922010274 4626476.805016753, 441292.4015238297 4626476.825046781, 441292.3656529083 4626476.843367142, 441292.3302008331 4626476.860558629, 441292.31212578184 4626476.868906867, 441292.2238868287 4626476.915126135, 441292.14068387356 4626476.969894756, 441292.0633424838 4626477.032669297, 441291.9926300663 4626477.102826889, 441291.9292482534 4626477.179671403, 441291.8738259406 4626477.262440363, 441291.82691304653 4626477.350312509, 441291.78897505655 4626477.442415942, 441291.7603884041 4626477.537836784, 441291.7414367355 4626477.635628235, 441291.73230809544 4626477.734819976, 441291.7330930614 4626477.8344277935, 441291.7437838447 4626477.933463347, 441291.7642743678 4626478.030943971, 441291.79436131683 4626478.125902431, 441291.83374615916 4626478.217396517, 441291.88203810516 4626478.304518394, 441291.93875798606 4626478.386403611, 441292.0033430083 4626478.462239674, 441292.0751523377 4626478.531274114, 441292.1534734582 4626478.592821946, 441292.2375292415 4626478.646272474, 441292.326485658 4626478.691095343, 441292.4194600525 4626478.726845805, 441292.5155299021 4626478.753169132, 441292.61374196963 4626478.769804138, 441292.71312176227 4626478.776585761, 441301.49842201354 4626478.937442949, 441301.5954298837 4626478.9345087875, 441301.6916964572 4626478.922184705, 441301.7863149862 4626478.900586785, 441301.8783942457 4626478.86991846, 441301.9670669287 4626478.8304686, 441302.0514978151 4626478.7826087875, 441302.130891639 4626478.726789822, 441302.204500579 4626478.66353747, 441302.27163130254 4626478.593447512, 441302.33165149624 4626478.517180136, 441302.38399582164 4626478.435453717, 441302.4281712405 4626478.349038043, 441302.4637616584 4626478.2587470785, 441302.4904318445 4626478.165431285, 441302.50793058856 4626478.069969617, 441302.51609306765 4626477.97326124, 441302.5148423981 4626477.876217064, 441302.5041903603 4626477.779751162, 441302.4842372872 4626477.684772159, 441302.4551711195 4626477.592174675, 441302.41726563533 4626477.502830898, 441302.37087787164 4626477.41758237, 441302.3164447612 4626477.337232058, 441302.2544790167 4626477.262536792, 441302.18556430214 4626477.194200139, 441302.11034973443 4626477.132865768, 441302.0295437698 4626477.079111398, 441301.69329508627 4626476.878256946, 441301.20814702223 4626476.405697334, 441300.8448918442 4626475.834305681, 441300.6193097507 4626475.193158288, 441300.54997611244 4626474.521262692, 441300.6496023551 4626473.731239638, 441300.6573895635 4626473.61799863, 441301.2752857923 4626421.582079768, 441258.2217203849 4626421.582079768))"
CHI_63_1,CHI_63_1_P09,2127.0853077818556,196.63449416106525,0.691314014736224,False,False,441173.84304861055,4626716.672811794,"POLYGON ((441194.76063667843 4626741.582079768, 441195.09561985504 4626689.775829633, 441195.23662312544 4626689.506999021, 441195.51683365105 4626689.129626453, 441195.8547096505 4626688.797584569, 441195.9086605865 4626688.75520833, 441195.9784605988 4626688.688552096, 441196.0415097002 4626688.615477435, 441196.09722058236 4626688.536665045, 441196.14507429313 4626688.45284907, 441196.18462507054 4626688.364810264, 441196.2155044954 4626688.273368717, 441196.237424923 4626688.179376218, 441196.2501821623 4626688.083708311, 441196.2536573785 4626687.987256157, 441196.2478181996 4626687.890918214, 441196.2327190181 4626687.79559188, 441196.2085004844 4626687.702165128, 441196.17538819637 4626687.611508238, 441196.13369059813 4626687.524465688, 441196.0837961068 4626687.441848286, 441196.02616949426 4626687.364425623, 441195.961347558 4626687.292918897, 441195.88993412047 4626687.227994201, 441195.8125944047 4626687.170256313, 441195.73004883743 4626687.120243069, 441195.6430663385 4626687.078420346, 441195.5524571582 4626687.045177726, 441195.45906532975 4626687.020824869, 441195.3637608068 4626687.005588623, 441195.26743136015 4626686.999610916, 441189.91561318084 4626686.926290476, 441189.81924916565 4626686.929619268, 441189.72365369747 4626686.9422133425, 441189.62971553736 4626686.963955614, 441189.5383080381 4626686.99464394, 441189.45028102485 4626687.033993009, 441189.3664528938 4626687.081636988, 441189.28760300396 4626687.137132926, 441189.21446443093 4626687.199964872, 441189.1477171516 4626687.269548669, 441189.08798172243 4626687.345237392, 441189.03581351 4626687.426327354, 441188.99169752747 4626687.5120646525, 441188.95604392583 4626687.60165218, 441188.92918418034 4626687.69425703, 441188.9113680088 4626687.789018247, 441188.9027610501 4626687.885054827, 441188.9034433239 4626687.981473905, 441188.91340848716 4626688.077379066, 441188.9325638927 4626688.171878668, 441188.9607314506 4626688.264094138, 441188.99764928425 4626688.35316814, 441189.04297416477 4626688.438272543, 441189.05572757893 4626688.459664724, 441189.0687962949 4626688.481661267, 441189.07177915046 4626688.486648784, 441189.08112737816 4626688.502176988, 441189.0902845661 4626688.5179502405, 441189.103434419 4626688.540600849, 441189.116584185 4626688.563251311, 441189.1257768483 4626688.579085669, 441189.1347775289 4626688.595167909, 441189.1375038367 4626688.600007633, 441189.14897908334 4626688.620246757, 441189.15930812096 4626688.638702482, 441189.16936759034 4626688.656879379, 441189.1805993222 4626688.677439601, 441189.1931444976 4626688.700404147, 441189.2019384408 4626688.716501882, 441189.21054040315 4626688.732851194, 441189.2179349794 4626688.746642722, 441189.2242382081 4626688.758181084, 441189.23023646686 4626688.769874916, 441189.2375015004 4626688.783769063, 441189.2460550581 4626688.799819763, 441189.25441761373 4626688.816122884, 441189.25920740113 4626688.825342502, 441189.26658980426 4626688.8393738605, 441189.27355700085 4626688.85331513, 441189.2759825272 4626688.858136002, 441189.2867086261 4626688.879312223, 441189.29601697525 4626688.8979381025, 441189.3065475312 4626688.919276655, 441189.3087790195 4626688.923769985, 441189.31694273633 4626688.940105476, 441189.32491486665 4626688.956697231, 441189.33625087223 4626688.980289955, 441189.3475868935 4626689.003882715, 441189.3566231304 4626689.022689111, 441189.36440239963 4626689.039329943, 441189.3744454311 4626689.0610812865, 441189.3764417558 4626689.06537818, 441189.3842188265 4626689.082014309, 441189.3918033336 4626689.098910615, 441189.39620831853 4626689.108585792, 441189.40501621435 4626689.127662056, 441189.41137403913 4626689.141825635, 441189.4196566088 4626689.160819913, 441189.42399772734 4626689.170631336, 441189.43253233196 4626689.18964421, 441189.44081492885 4626689.208638545, 441189.4482071979 4626689.225591117, 441189.4554056259 4626689.242807981, 441189.45709515724 4626689.246824314, 441189.46636816923 4626689.268734331, 441189.4756546642 4626689.290945336, 441189.48369425384 4626689.310174051, 441189.49148333556 4626689.329385185, 441189.49560374924 4626689.339392003, 441189.5015382724 4626689.353585921, 441189.50708240864 4626689.367700535, 441189.5111277793 4626689.377836607, 441189.5181359362 4626689.395121655, 441189.5249484525 4626689.412674744, 441189.52642691135 4626689.416461296, 441189.53520140477 4626689.438799964, 441189.5420164502 4626689.456359566, 441189.5493176909 4626689.475797411, 441189.5507179061 4626689.479502846, 441189.559227067 4626689.501886734, 441189.5677482984 4626689.524572511, 441189.5750344626 4626689.543970216, 441189.5814291018 4626689.561579733, 441189.58970999613 4626689.584654431, 441189.59099033714 4626689.5882010525, 441189.59801411914 4626689.607543098, 441189.6041848979 4626689.6251409305, 441189.6121982852 4626689.648264415, 441189.61340402294 4626689.651723212, 441189.6210637854 4626689.673567328, 441189.5791917166 4626692.787624375, 441152.5462313669 4626692.364917048, 441152.436384956 4626700.612502839, 441152.31131472584 4626709.445398439, 441152.2837428605 4626711.59719073, 441152.1922615962 4626718.278200719, 441152.0734543252 4626727.117017536, 441151.9483859147 4626735.949989317, 441151.88403544266 4626740.838790396, 441151.87378860096 4626741.582079768, 441194.76063667843 4626741.582079768))"
CHI_63_1,CHI_63_1_P10,1964.020177663997,179.01405278821252,0.7701610652792229,False,False,441320.5342764834,4626447.07215244,"POLYGON ((441301.5940938983 4626421.582079768, 441301.5759998308 4626422.833439607, 441301.5127288205 4626427.399136329, 441301.44955590705 4626431.971154595, 441301.4114054431 4626435.01283301, 441301.3231860122 4626441.108716081, 441301.3039879936 4626442.626548028, 441301.20266375184 4626450.2401685575, 441301.09524661803 4626457.853883585, 441301.07621932955 4626459.377807404, 441300.99392151076 4626465.467427961, 441300.8991776627 4626472.331321126, 441339.3934899846 4626472.80695145, 441339.494818853 4626465.979600154, 441339.5832085166 4626459.889809575, 441339.6022357999 4626458.365885914, 441339.70965290617 4626450.752171685, 441339.8231643997 4626443.138439128, 441339.8423600505 4626441.620455011, 441339.97482296074 4626432.48279999, 441340.10126803326 4626423.345162127, 441340.1267613605 4626421.582079768, 441301.5940938983 4626421.582079768))"
CHI_63_1,CHI_63_1_P11,1867.1595724340368,174.00639617484885,0.774927145774166,False,False,441214.7909020309,4626717.332152792,"POLYGON ((441233.73833878484 4626741.582079768, 441233.8457882024 4626733.546212627, 441233.97307751444 4626724.463485577, 441234.09436614043 4626715.38679376, 441234.1989924198 4626707.986428494, 441234.2714176087 4626702.439371731, 441234.39785482635 4626693.30165493, 441195.90417419246 4626692.862604657, 441195.7839049763 4626702.000150576, 441195.70417891385 4626707.474339308, 441195.60564447753 4626714.87453469, 441195.47826158645 4626723.951245797, 441195.35714263644 4626733.033954284, 441195.2371066477 4626741.582079768, 441233.73833878484 4626741.582079768))"
CHI_63_1,CHI_63_1_P12,1861.8601931184837,173.76189896569778,0.774903856867897,False,False,441116.62518082064,4626445.806337574,"POLYGON ((441097.7058770305 4626421.582079768, 441097.5715148563 4626431.695671001, 441097.46419174393 4626439.315483304, 441097.3629618408 4626446.935201117, 441097.261730916 4626454.554842768, 441097.0592730846 4626469.794354585, 441135.4743209575 4626470.271215232, 441135.5755515397 4626462.651574368, 441135.68287178944 4626455.03161052, 441135.7841026889 4626447.411969664, 441135.89142561716 4626439.792158154, 441135.9925794864 4626432.172442325, 441136.0999788949 4626424.552629648, 441136.139473276 4626421.582079768, 441097.7058770305 4626421.582079768))"
CHI_63_1,CHI_63_1_P13,1713.9694505154105,166.75902107886063,0.7745229070114688,False,False,441374.3693320501,4626718.356483468,"POLYGON ((441392.79234122986 4626741.582079768, 441392.79234122986 4626695.21360584, 441356.34137719765 4626694.768373691, 441356.22017818224 4626703.064963271, 441356.0937400899 4626712.202600882, 441355.8287729903 4626730.484158175, 441355.70233558014 4626739.621795807, 441355.673943563 4626741.582079768, 441392.79234122986 4626741.582079768))"
CHI_63_1,CHI_63_1_P14,1701.6289676155825,169.21920709007927,0.746750329113008,False,False,441376.35241549794,4626447.521454656,"POLYGON ((441392.79234122986 4626421.582079768, 441360.2402021832 4626421.582079768, 441360.1401227444 4626428.464672402, 441360.00775423984 4626437.608419968, 441359.88130953215 4626446.7460573455, 441359.6163108699 4626465.021519929, 441359.5032465613 4626473.061937315, 441392.79234122986 4626473.472388729, 441392.79234122986 4626421.582079768))"
CHI_63_1,CHI_63_1_P15,1217.6557966896762,160.59893992733942,0.5932654485816091,False,False,441085.33195282135,4626446.507563797,"POLYGON ((441072.79234122986 4626421.582079768, 441072.79234122986 4626469.495461466, 441090.8135501093 4626469.718926329, 441090.8003458398 4626471.39777443, 441090.8055191043 4626471.507527938, 441090.82270213595 4626471.616051385, 441090.85168749077 4626471.722034613, 441090.8660731421 4626471.765166167, 441090.8777316115 4626471.802890484, 441090.8889794199 4626471.840874268, 441090.89886855846 4626471.877212285, 441090.9086304243 4626471.91544257, 441090.91777811956 4626471.95418858, 441090.9265166521 4626471.994000086, 441090.9339489496 4626472.030628643, 441090.94050174556 4626472.067053158, 441090.9469653948 4626472.106800579, 441090.95282678923 4626472.146881357, 441090.9579874551 4626472.18661877, 441090.96220623405 4626472.223960811, 441090.96562164114 4626472.261372819, 441090.96864770725 4626472.301873087, 441090.97101421416 4626472.342125576, 441090.9726152398 4626472.37987823, 441090.97345676064 4626472.42011153, 441090.9738673999 4626472.460641721, 441090.9734686919 4626472.495714292, 441090.9721389843 4626472.535868832, 441090.970370247 4626472.576149723, 441090.9679032463 4626472.613819697, 441090.9646010363 4626472.654255654, 441090.96066993236 4626472.69443769, 441090.9564381806 4626472.73133374, 441090.9513617282 4626472.7683419315, 441090.9451996789 4626472.808489028, 441090.93844797276 4626472.848253084, 441090.9311455211 4626472.887262407, 441090.9237448599 4626472.923401324, 441090.91482653306 4626472.962504628, 441090.90545866865 4626473.00168448, 441090.8960507422 4626473.037499266, 441090.88534776703 4626473.075595393, 441090.87400831416 4626473.113468535, 441090.8620285705 4626473.151133014, 441090.8494040032 4626473.188602916, 441090.83646103577 4626473.224960393, 441090.82343261427 4626473.259470469, 441090.8086433228 4626473.2963979365, 441090.79288253206 4626473.334196289, 441090.7774678626 4626473.3694681665, 441090.7614356789 4626473.40431206, 441090.7442418661 4626473.440075648, 441090.72585913644 4626473.476720314, 441090.7087413602 4626473.509638205, 441090.69019503146 4626473.543295388, 441090.66937517433 4626473.580025952, 441090.65043684485 4626473.612180327, 441090.6309046144 4626473.643716514, 441090.60874725546 4626473.678208751, 441090.58698317525 4626473.711000716, 441090.5658392084 4626473.741553533, 441090.54281406204 4626473.77348297, 441090.51811382145 4626473.8066677265, 441090.4942836557 4626473.837690684, 441090.4699998117 4626473.868066936, 441090.4459328223 4626473.897214597, 441090.42149372725 4626473.92550536, 441090.3940023405 4626473.956343162, 441090.3672055463 4626473.98549788, 441090.34004810627 4626474.013942235, 441090.31245954934 4626474.041968725, 441090.28556862863 4626474.068269089, 441090.25694068713 4626474.095214754, 441090.2264078439 4626474.123089096, 441090.1982190263 4626474.148048868, 441090.1696775072 4626474.172186461, 441090.13808574807 4626474.198050074, 441090.10862946353 4626474.221428894, 441090.07719883154 4626474.245236244, 441090.0442910283 4626474.269553048, 441090.0140204383 4626474.291024979, 441089.980267043 4626474.313994795, 441089.9474811513 4626474.335736008, 441089.91592952254 4626474.355662349, 441089.88186762435 4626474.376390844, 441089.8479037591 4626474.396288978, 441089.8103661415 4626474.417420017, 441089.78920084867 4626474.4290489005, 441089.7042931044 4626474.481374851, 441089.62501996657 4626474.541898398, 441089.55216999113 4626474.610017494, 441089.4864678409 4626474.685054535, 441089.4285670768 4626474.766263104, 441089.379043657 4626474.852835393, 441089.3383902071 4626474.943910236, 441089.30701112055 4626475.038581684, 441089.28521853534 4626475.135908008, 441089.2732292297 4626475.234921071, 441089.27116246504 4626475.334635958, 441089.27903880016 4626475.434060771, 441089.2967798867 4626475.532206499, 441089.32420924807 4626475.628096855, 441089.3610540354 4626475.720777985, 441089.40694774146 4626475.809327958, 441089.4614338464 4626475.892865941, 441089.5239703589 4626475.970560952, 441089.59393520764 4626476.041640134, 441089.67063242913 4626476.105396437, 441089.7532990909 4626476.16119566, 441089.8411128803 4626476.208482746, 441089.9332002846 4626476.246787316, 441090.02864528 4626476.275728343, 441090.12649844354 4626476.295017939, 441090.2257863976 4626476.304464225, 441090.32552149205 4626476.303973235, 441097.1388804422 4626475.930146744, 441097.2380613443 4626475.919724802, 441097.3357109904 4626475.89947598, 441097.43085820903 4626475.8696016595, 441097.5225567166 4626475.830398956, 441097.60989452846 4626475.782257759, 441097.6920030292 4626475.725656856, 441097.7680656114 4626475.661159167, 441097.837325797 4626475.589406154, 441097.89909476106 4626475.511111434, 441097.95275818225 4626475.4270536825, 441097.99778235273 4626475.338068896, 441098.03371948615 4626475.245042069, 441098.06021217076 4626475.148898396, 441098.0769969245 4626475.050594071, 441098.08390681504 4626474.9511067765, 441098.0808731204 4626474.851425962, 441098.06792601204 4626474.752542998, 441098.04519425496 4626474.655441322, 441098.01290392724 4626474.5610866565, 441097.9713761712 4626474.470417402, 441097.92102399986 4626474.384335307, 441097.86234818917 4626474.303696498, 441097.79593229736 4626474.229302967, 441097.27882675844 4626473.705209933, 441096.9906091054 4626473.18668485, 441096.85692296654 4626472.606854637, 441096.8892490512 4626471.873827473, 441096.89014186064 4626471.842272991, 441097.51855074574 4626421.582079768, 441072.79234122986 4626421.582079768))"
CHI_63_1,CHI_63_1_P16,1.084865109515679,4.5835965017752205,0.6488926388101663,False,False,441392.4778259714,4626690.463378445,"POLYGON ((441392.79234122986 4626689.494911572, 441392.7500337123 4626689.50536102, 441392.6583759206 4626689.537720068, 441392.57029278454 4626689.578825056, 441392.4866165363 4626689.628287611, 441392.4081377707 4626689.6856403975, 441392.3355979755 4626689.750341533, 441392.26968252554 4626689.821779704, 441392.2110142069 4626689.899279945, 441392.1601473331 4626689.982110011, 441392.11756250757 4626690.069487304, 441392.0836620827 4626690.160586262, 441392.0587663585 4626690.254546156, 441392.0431105562 4626690.35047923, 441392.03684259596 4626690.447479084, 441392.040021699 4626690.544629237, 441392.0526178283 4626690.6410117885, 441392.07451197243 4626690.735716092, 441392.1054972699 4626690.827847359, 441392.1452809635 4626690.9165351065, 441392.19348716666 4626691.00094139, 441392.2496604147 4626691.080268719, 441392.31326996814 4626691.153767587, 441392.3837148276 4626691.220743557, 441392.46032941167 4626691.280563824, 441392.54238984606 4626691.33266319, 441392.62912080245 4626691.376549407, 441392.7197028243 4626691.411807827, 441392.79234122986 4626691.432220993, 441392.79234122986 4626689.494911572))"
CHI_63_1,CHI_63_1_P17,0.5446962680988661,3.680090406480117,0.5054140237154817,False,False,441392.6043666597,4626680.702703509,"POLYGON ((441392.79234122986 4626679.862288404, 441392.74549994286 4626679.892803828, 441392.66846872476 4626679.954614379, 441392.5979104187 4626680.023722109, 441392.53451327543 4626680.0994529165, 441392.47889569297 4626680.181068094, 441392.4316001848 4626680.267771542, 441392.39308808814 4626680.358717522, 441392.36373506347 4626680.453018916, 441392.3438274305 4626680.549755873, 441392.33355937543 4626680.647984789, 441392.33303105645 4626680.746747503, 441392.3422476269 4626680.8450806495, 441392.36111918517 4626680.942025052, 441392.38946165144 4626681.03663508, 441392.4269985632 4626681.127987876, 441392.47336377227 4626681.215192349, 441392.52810501604 4626681.297397879, 441392.590688329 4626681.373802602, 441392.6605032515 4626681.443661241, 441392.7368687841 4626681.50629237, 441392.79234122986 4626681.543282008, 441392.79234122986 4626679.862288404))"
CHI_63_2,CHI_63_2_P01,47321.42622375861,935.7810610548188,0.6790772583224908,False,False,440844.4583936135,4627502.099270904,"POLYGON ((440770.5146712692 4627342.778188981, 440770.5146712692 4627662.778188981, 440916.51166503516 4627662.778188981, 440920.2765914018 4627342.778188981, 440770.5146712692 4627342.778188981))"
CHI_63_2,CHI_63_2_P02,13346.806311492357,504.2998990345142,0.6594918906086316,False,False,440978.39768043486,4627581.104643256,"POLYGON ((441018.340954675 4627662.778188981, 441018.4545877644 4627653.063830352, 441018.5496812325 4627645.438110666, 441018.6387946727 4627637.824672793, 441018.72781375557 4627630.205141869, 441018.8168329974 4627622.585610949, 441018.90611640876 4627614.9781888, 441018.9949664697 4627607.35264218, 441019.0841752163 4627599.745297383, 441019.17317673843 4627592.119672247, 441019.26230963715 4627584.512328643, 441019.4403673462 4627569.279284941, 441019.5354637365 4627561.653641475, 441019.624673432 4627554.046296707, 441019.7135997395 4627546.420672783, 441019.802809748 4627538.813328024, 441019.89173637575 4627531.1877041105, 441019.98085100466 4627523.574190144, 441020.1590659345 4627508.341296485, 441020.25183627254 4627500.575439015, 440982.32046370395 4627500.086645658, 440982.3548813535 4627496.153472314, 440982.3535256963 4627496.091940038, 440982.3519625499 4627496.062366181, 440982.3512806962 4627496.039887601, 440982.3508733496 4627496.013626965, 440982.35086034524 4627495.991442735, 440982.35134864657 4627495.969032465, 440982.35230315564 4627495.94274539, 440982.3534453481 4627495.92060934, 440982.35510242305 4627495.898197606, 440982.3574281455 4627495.8720135335, 440982.36010041216 4627495.846244134, 440982.3627138635 4627495.824388084, 440982.36581185565 4627495.802576641, 440982.3698047349 4627495.777353605, 440982.3736785601 4627495.755009717, 440982.378634618 4627495.729719155, 440982.38377953187 4627495.704641332, 440982.3878946821 4627495.686584473, 440982.394198739 4627495.66163411, 440982.40042598255 4627495.637710159, 440982.40650531306 4627495.616587845, 440982.413962044 4627495.591801038, 440982.4214447063 4627495.568518349, 440982.42856453394 4627495.547389193, 440982.43694737606 4627495.524314647, 440982.4454839684 4627495.50150252, 440982.4532737904 4627495.482087819, 440982.46269801084 4627495.459683772, 440982.4731177609 4627495.436022376, 440982.4832917917 4627495.413736881, 440982.4930896488 4627495.393356931, 440982.5032826316 4627495.373029678, 440982.5147701677 4627495.35120055, 440982.5270909152 4627495.32854513, 440982.536572545 4627495.311779883, 440982.54913320387 4627495.290897121, 440982.5635374785 4627495.26728705, 440982.5755792421 4627495.248432234, 440982.58911783114 4627495.2279855395, 440982.6018453046 4627495.2094332725, 440982.6149021502 4627495.191222656, 440982.63003487414 4627495.170828773, 440982.64530544495 4627495.1508822935, 440982.6606285311 4627495.131529055, 440982.6748917288 4627495.114101448, 440982.68791247887 4627495.098854727, 440982.70468843775 4627495.080025992, 440982.72343336855 4627495.059427445, 440982.736646487 4627495.045357857, 440982.79902799556 4627494.972179268, 440982.85409245285 4627494.893347395, 440982.90133070224 4627494.809591163, 440982.9403059524 4627494.721685029, 440982.97065781645 4627494.63044182, 440982.99210564414 4627494.536705226, 440983.0044511168 4627494.441341983, 440983.0075800813 4627494.345233876, 440983.0014636055 4627494.249269574, 440982.98615824577 4627494.154336416, 440982.9618055241 4627494.061312206, 440982.92863061914 4627493.9710571, 440982.88694028475 4627493.884405645, 440982.837120013 4627493.80215907, 440982.77963047003 4627493.725077872, 440982.71500323614 4627493.6538747875, 440982.6438358909 4627493.5892082, 440982.5667864874 4627493.531676052, 440982.48456746736 4627493.481810319, 440982.39793907385 4627493.440072087, 440982.3077023213 4627493.406847291, 440982.2146915892 4627493.382443145, 440982.1197669067 4627493.367085305, 440982.0238060005 4627493.360915777, 440975.29682173877 4627493.2525638025, 440975.199631328 4627493.255726955, 440975.10320765956 4627493.268314951, 440975.008462514 4627493.29020876, 440974.91629179945 4627493.321201353, 440974.8275670807 4627493.360999666, 440974.74312733684 4627493.4092273675, 440974.6637710287 4627493.465428416, 440974.590248548 4627493.529071376, 440974.52325512195 4627493.59955444, 440974.46342423913 4627493.6762111215, 440974.4113216592 4627493.758316558, 440974.3674400634 4627493.84509436, 440974.332194395 4627493.93572396, 440974.30591793667 4627494.029348365, 440974.2888591579 4627494.125082265, 440974.2811793663 4627494.222020402, 440974.28295118175 4627494.319246129, 440974.2941578501 4627494.415840084, 440974.3146934013 4627494.5108888745, 440974.3443636514 4627494.603493721, 440974.3828880392 4627494.692778956, 440974.4299022788 4627494.777900297, 440974.4849618044 4627494.8580528395, 440974.54754597414 4627494.9324786635, 440974.61706299346 4627495.000473998, 440974.9031670137 4627495.254302722, 440975.3179831888 4627495.794536851, 440975.6226736835 4627496.406396689, 440975.79242301366 4627497.012222383, 440975.72509179724 4627499.999772021, 440938.5444285377 4627499.514752179, 440938.4515819832 4627507.280612558, 440938.36239081906 4627514.894129391, 440938.27353880415 4627522.519677651, 440938.1843284244 4627530.127024093, 440938.09547790757 4627537.752648524, 440938.00619168096 4627545.359996159, 440937.828132914 4627560.593043225, 440937.7330364663 4627568.21868839, 440937.64382703503 4627575.82603486, 440937.55490130687 4627583.451660505, 440937.4656921872 4627591.059006986, 440937.37678512814 4627598.690726873, 440937.2876536723 4627606.298148346, 440937.1095372633 4627621.537138584, 440937.020499614 4627629.150576961, 440936.9314804794 4627636.770109582, 440936.83634891047 4627644.383566324, 440936.747256289 4627652.0032524625, 440936.6581419288 4627659.61661588, 440936.62120547605 4627662.778188981, 441018.340954675 4627662.778188981))"
CHI_63_2,CHI_63_2_P03,12359.627911392794,479.58567374048135,0.6752783993838811,False,False,441014.55978160957,4627439.743795987,"POLYGON ((441090.5146712692 4627399.99820986, 441084.81601131783 4627399.9224612685, 441077.1964634358 4627399.827343112, 441069.5828377762 4627399.726038564, 441061.96311890427 4627399.624828525, 441054.3495886198 4627399.529693185, 441046.7298682487 4627399.42840697, 441039.11625912215 4627399.333120474, 441035.3125697864 4627399.282495914, 441031.50271001656 4627399.231890884, 441023.8890834071 4627399.130586307, 441016.26945809694 4627399.035469289, 441008.65583117306 4627398.934164698, 441001.03628289234 4627398.839122654, 440993.42250214063 4627398.737744254, 440989.16164304566 4627398.681945794, 440985.8028566699 4627398.636456817, 440978.189324804 4627398.541321424, 440977.28108161804 4627398.531031476, 440970.5696040342 4627398.440111319, 440968.1374355545 4627398.410797964, 440962.95607067173 4627398.344899755, 440955.8483552273 4627398.247936752, 440947.7227225761 4627398.142461171, 440939.7312291094 4627398.040847057, 440939.29688349745 4627435.557864176, 440932.75725949614 4627435.446187309, 440932.6596598342 4627435.449288957, 440932.5628280053 4627435.461894953, 440932.4676873314 4627435.483885095, 440932.3751450087 4627435.5150497025, 440932.28608345723 4627435.555091609, 440932.201351907 4627435.603629003, 440932.1217582999 4627435.660199066, 440932.048061586 4627435.724262383, 440931.9809644866 4627435.79520809, 440931.9211067937 4627435.8723597, 440931.86905926914 4627435.954981546, 440931.82531820243 4627436.042285803, 440931.7903006784 4627436.133439997, 440931.7643406002 4627436.227574946, 440931.7476855052 4627436.323793042, 440931.7404942051 4627436.421176816, 440931.6220678991 4627441.1825302765, 440931.62448187545 4627441.281143799, 440931.63659980847 4627441.379039712, 440931.65830378514 4627441.475265444, 440931.6893826159 4627441.568884675, 440931.7295338896 4627441.658986447, 440931.7783669162 4627441.74469403, 440931.835406528 4627441.825173449, 440931.9000977038 4627441.899641602, 440931.97181096906 4627441.9673738815, 440932.0498485211 4627442.027711222, 440932.1334510192 4627442.080066512, 440932.22180497297 4627442.123930313, 440932.3140506584 4627442.158875808, 440932.40929048305 4627442.1845629625, 440932.50659772014 4627442.200741829, 440932.60502552614 4627442.207254981, 440939.21652567317 4627442.317902015, 440938.78100377636 4627479.405256675, 440948.2903284326 4627479.525910446, 440954.38612436183 4627479.608095799, 440957.43397503253 4627479.646141948, 440961.99975244945 4627479.709398735, 440966.5654341144 4627479.766486301, 440969.6193789188 4627479.804514099, 440975.7150983312 4627479.886700622, 440977.2330840339 4627479.905892007, 440984.852632844 4627480.00093238, 441003.8958419454 4627480.254124052, 441007.6995132727 4627480.298653542, 441015.3130629096 4627480.39988146, 441022.9328417796 4627480.495070589, 441030.54639346147 4627480.596450822, 441038.16001878586 4627480.697677541, 441045.7796436751 4627480.792792856, 441053.39326986374 4627480.89409573, 441063.14648553374 4627481.017136908, 441068.6326121802 4627481.090343216, 441072.5948936048 4627481.144753775, 441082.0310981592 4627481.266541589, 441083.8658631752 4627481.286837525, 441090.5146712692 4627481.375303026, 441090.5146712692 4627399.99820986))"
CHI_63_2,CHI_63_2_P04,8310.078077139218,441.5824642737969,0.5355392804374679,False,False,441065.03401214886,4627581.96398887,"POLYGON ((441090.5146712692 4627662.778188981, 441090.5146712692 4627501.477212752, 441084.2410339009 4627501.3973358525, 441084.2732773694 4627497.314226758, 441084.2731882632 4627497.290820395, 441084.2724714039 4627497.244606235, 441084.2723430436 4627497.210342969, 441084.2729605916 4627497.178779666, 441084.2743470498 4627497.141707399, 441084.27603300003 4627497.107401666, 441084.2785298789 4627497.073020848, 441084.2816536118 4627497.035991145, 441084.2851307369 4627497.002115265, 441084.2892571 4627496.967822909, 441084.2939410909 4627496.933882213, 441084.2991435864 4627496.900679278, 441084.3050200526 4627496.867211001, 441084.31162572623 4627496.833062614, 441084.31932633545 4627496.796616495, 441084.3266880864 4627496.763841171, 441084.33482337324 4627496.7313156845, 441084.34405504505 4627496.696324464, 441084.35338717076 4627496.6634392245, 441084.3638917008 4627496.628657422, 441084.373977374 4627496.596965023, 441084.384850437 4627496.565248584, 441084.3970511449 4627496.531333333, 441084.4102812458 4627496.496369057, 441084.422163719 4627496.4661622355, 441084.4347878424 4627496.436380474, 441084.4504124962 4627496.400823875, 441084.46485930216 4627496.369084341, 441084.4793524748 4627496.338937937, 441084.4938766759 4627496.309900722, 441084.5101816604 4627496.279153825, 441084.5275961572 4627496.247112073, 441084.54419318447 4627496.218049665, 441084.56318293564 4627496.186006967, 441084.5813039907 4627496.15632216, 441084.59875678754 4627496.129047459, 441084.6181854388 4627496.099846009, 441084.6384151356 4627496.070489546, 441084.6586748014 4627496.042096953, 441084.67852002697 4627496.015293989, 441084.7001378311 4627495.987289385, 441084.7219129394 4627495.959816749, 441084.74842349096 4627495.927775038, 441084.7491590013 4627495.926885026, 441084.7560384201 4627495.918550712, 441084.814592763 4627495.840084007, 441084.8651932949 4627495.756267414, 441084.90735497745 4627495.667904371, 441084.9406736642 4627495.575841892, 441084.9648299745 4627495.480962454, 441084.9795923547 4627495.384175539, 441084.98481929797 4627495.286408909, 441084.9804607008 4627495.188599719, 441084.9665583431 4627495.0916855335, 441084.94324548775 4627494.996595335, 441084.9107456034 4627494.904240626, 441084.86937022186 4627494.815506682, 441084.81951595267 4627494.731244076, 441084.76166068047 4627494.652260518, 441084.69635898486 4627494.579313116, 441084.62423682405 4627494.513101117, 441084.5459855348 4627494.454259204, 441084.46235520527 4627494.403351416, 441084.37414748536 4627494.3608657345, 441084.2822079021 4627494.327209413, 441084.18741775467 4627494.302705069, 441084.0906856669 4627494.287587591, 441083.99293887726 4627494.28200189, 441077.517002542 4627494.229482114, 441077.418308004 4627494.233560486, 441077.3204973242 4627494.247355987, 441077.22452486545 4627494.270734013, 441077.13132705446 4627494.303466459, 441077.04181324516 4627494.345233944, 441076.9568568456 4627494.395628936, 441076.8772867963 4627494.454159715, 441076.8038794816 4627494.520255185, 441076.7373511548 4627494.593270434, 441076.67835094896 4627494.672493036, 441076.6274545436 4627494.757149996, 441076.5851585473 4627494.846415295, 441076.5518756527 4627494.939417951, 441076.5279306089 4627495.035250512, 441076.5135570537 4627495.132977918, 441076.5088952334 4627495.231646618, 441076.5139906344 4627495.330293877, 441076.52879353974 4627495.427957172, 441076.55315951386 4627495.523683574, 441076.5868508119 4627495.616539061, 441076.62953869964 4627495.705617617, 441076.6808066609 4627495.790050082, 441076.74015446164 4627495.869012627, 441076.8070030309 4627495.9417347945, 441076.8807001108 4627496.007507018, 441076.88255165424 4627496.009001927, 441076.9099854379 4627496.030374384, 441076.9609641637 4627496.068684073, 441077.00661976857 4627496.104485614, 441077.04953765334 4627496.13895041, 441077.09156428673 4627496.1745601585, 441077.1364913232 4627496.213533127, 441077.177404219 4627496.250294788, 441077.2187533598 4627496.289004975, 441077.26043530984 4627496.3291784935, 441077.3004323957 4627496.369100922, 441077.33999886987 4627496.409983891, 441077.37747310527 4627496.45009806, 441077.4160416136 4627496.493121861, 441077.45432776486 4627496.536843091, 441077.4899175747 4627496.579163777, 441077.5261932758 4627496.623908364, 441077.5601904348 4627496.66713637, 441077.59404830483 4627496.712289644, 441077.62889672257 4627496.759988296, 441077.6613740503 4627496.806084671, 441077.69197167136 4627496.851242539, 441077.72263252054 4627496.898557211, 441077.75318806886 4627496.947276612, 441077.78279845783 4627496.9964724565, 441077.8117070998 4627497.046152277, 441077.8387938642 4627497.094734711, 441077.8658310192 4627497.145398869, 441077.8788816827 4627497.170745809, 441077.8639160209 4627501.307616014, 441040.35551723995 4627500.830387215, 441040.17347965564 4627516.209760161, 441039.9956064232 4627531.454836741, 441039.9064146186 4627539.06827531, 441039.8174698142 4627546.687804577, 441039.6394111845 4627561.920847416, 441039.55021883134 4627569.534209845, 441039.4611984956 4627577.153740309, 441039.37215996813 4627584.767176548, 441039.2830637849 4627592.3867082065, 441039.10493088677 4627607.619752287, 441039.0097225927 4627615.233208075, 441038.92062704347 4627622.852739754, 441038.8315894638 4627630.466176019, 441038.742475878 4627638.0796134705, 441038.6534741379 4627645.705162054, 441038.5643436965 4627653.312581447, 441038.47541961755 4627660.938205019, 441038.4538614776 4627662.778188981, 441090.5146712692 4627662.778188981))"
CHI_63_2,CHI_63_2_P05,5430.895718702786,372.9340289702236,0.49070140519221994,False,False,441016.0240474064,4627360.853111103,"POLYGON ((441090.5146712692 4627342.778188981, 440940.3865541011 4627342.778188981, 440939.9738096347 4627377.925240318, 440947.959207669 4627378.026797057, 440955.5789289004 4627378.128007595, 440963.1925569195 4627378.229312637, 440970.8121833244 4627378.324430111, 440978.4196406268 4627378.425754673, 440981.4737376437 4627378.463780946, 440986.04551327677 4627378.520851423, 440992.1351393262 4627378.603134137, 440993.6529726271 4627378.622328301, 441002.8027099176 4627378.742391623, 441008.88622428634 4627378.818674601, 441013.46418714494 4627378.88174361, 441024.11955265776 4627379.015095861, 441031.7452880164 4627379.116136851, 441035.39663505775 4627379.163182501, 441039.3467295298 4627379.21770703, 441046.66160716745 4627379.311456973, 441046.9724474045 4627379.312729937, 441054.57998047327 4627379.414129427, 441057.938671704 4627379.453525517, 441069.20371692243 4627379.601646459, 441077.4390425371 4627379.711667747, 441080.4807991161 4627379.749809216, 441085.0525746973 4627379.806955816, 441090.5146712692 4627379.881033114, 441090.5146712692 4627342.778188981))"
CHI_32_1,CHI_32_1_P01,8843.984034737054,401.90757070669974,0.688026934110874,False,False,447844.7235367413,4636529.308058963,"POLYGON ((447894.5651715944 4636484.871861005, 447795.2042220988 4636484.871861005, 447794.9753525598 4636502.888201809, 447794.72107644443 4636522.9976140335, 447794.08819970855 4636573.268053917, 447824.51579966245 4636573.544925973, 447845.8188590915 4636573.744163222, 447851.9018844534 4636573.795919715, 447864.08632685564 4636573.911335771, 447870.1816901149 4636573.962900568, 447894.5651715944 4636574.187000646, 447894.5651715944 4636484.871861005), (447840.0460834392 4636548.551191601, 447840.01458855346 4636550.8340375405, 447832.40759048605 4636550.763373183, 447832.4706540748 4636546.197527696, 447840.07765450416 4636546.268344473, 447840.0460834392 4636548.551191601))"
CHI_32_1,CHI_32_1_P02,8563.33533856785,370.688813339552,0.7831299891098853,False,False,447721.5479766829,4636528.736214688,"POLYGON ((447673.2266337717 4636484.871861005, 447672.09119856945 4636572.14673419, 447769.7131592524 4636573.043411639, 447770.82850486843 4636484.871861005, 447673.2266337717 4636484.871861005))"
CHI_32_1,CHI_32_1_P03,7225.476450514454,523.4522273380475,0.33137691439904504,False,False,447842.73182206776,4636770.029457321,"POLYGON ((447894.5651715944 4636804.871861005, 447894.5651715944 4636735.678467829, 447862.92627216224 4636735.400776097, 447862.9337325469 4636733.871238389, 447862.9295264799 4636733.774610522, 447862.91600523476 4636733.678840946, 447862.89329529775 4636733.584825552, 447862.86160911206 4636733.493443818, 447862.82124309044 4636733.405550587, 447862.77257484227 4636733.321968069, 447862.7160596413 4636733.243478147, 447862.6522261666 4636733.170815067, 447862.58167155716 4636733.1046585655, 447862.50505582563 4636733.045627511, 447862.4230956842 4636732.994274119, 447862.3365578402 4636732.951078781, 447862.2462518236 4636732.916445574, 447862.1530224143 4636732.890698478, 447862.05774173944 4636732.874078349, 447861.96130111505 4636732.866740662, 447858.12261646555 4636732.760919097, 447858.02321908425 4636732.763123222, 447857.9245318266 4636732.775186503, 447857.82753018633 4636732.796989699, 447857.7331729953 4636732.828317292, 447857.6423929458 4636732.868859618, 447857.55608737125 4636732.918215929, 447857.475109376 4636732.9758983515, 447857.40025940316 4636733.041336712, 447857.3322773221 4636733.113884174, 447857.27183511504 4636733.192823627, 447857.2195302349 4636733.277374778, 447857.17587969976 4636733.366701865, 447857.1413149818 4636733.459921915, 447857.11617774284 4636733.556113478, 447857.1007164569 4636733.654325728, 447857.09508395416 4636733.753587869, 447857.08397735324 4636735.351283237, 447834.80709082744 4636735.151205758, 447834.80850964587 4636733.0930728745, 447834.80392374954 4636732.996721415, 447834.79007589124 4636732.901260055, 447834.7670949202 4636732.80757703, 447834.73519466596 4636732.716544024, 447834.69467194873 4636732.629008068, 447834.6459038175 4636732.54578365, 447834.58934404195 4636732.467645144, 447834.5255188901 4636732.395319601, 447834.45502223173 4636732.329479981, 447834.3785100123 4636732.270738901, 447834.29669415014 4636732.219642922, 447834.21033591195 4636732.176667475, 447834.12023882946 4636732.142212432, 447834.02724122314 4636732.116598383, 447833.93220840173 4636732.100063657, 447833.8360246108 4636732.092762105, 447829.4699501275 4636731.972585257, 447829.37004215195 4636731.974830489, 447829.270857142 4636731.987036161, 447829.1733856232 4636732.009080382, 447829.0786010089 4636732.040743003, 447828.98744987935 4636732.081707819, 447828.90084252856 4636732.131565732, 447828.8196438733 4636732.1898188265, 447828.7446648157 4636732.2558853505, 447828.676654145 4636732.329105521, 447828.61629105953 4636732.408748113, 447828.564178384 4636732.494017766, 447828.5208365492 4636732.584062921, 447828.4866983947 4636732.67798433, 447828.462104846 4636732.774844033, 447828.4473015102 4636732.873674726, 447828.4424362229 4636732.973489422, 447828.4451597368 4636735.096642091, 447792.05110371887 4636734.777294531, 447791.8639814201 4636749.40671226, 447791.7763246875 4636756.709178669, 447791.49564572505 4636778.65349572, 447791.3303939649 4636791.99539128, 447785.8484893873 4636792.11137209, 447785.7525917428 4636792.118022325, 447785.657775708 4636792.133849625, 447785.56491743855 4636792.158707735, 447785.47487499897 4636792.192366953, 447785.3884804341 4636792.234516247, 447785.30653208 4636792.284766134, 447785.2297871875 4636792.342652275, 447785.15895492403 4636792.407639769, 447785.0946898212 4636792.479128092, 447785.03758572595 4636792.556456652, 447784.9881703136 4636792.638910887, 447784.94690021133 4636792.725728872, 447784.91415677895 4636792.816108358, 447784.890242585 4636792.909214186, 447784.8753786105 4636793.0041860035, 447784.86970220733 4636793.100146215, 447784.8268765177 4636796.992397876, 447784.8306642482 4636797.0910453405, 447784.8441601439 4636797.188838642, 447784.86723267834 4636797.28482472, 447784.8996569941 4636797.378068126, 447784.94111709454 4636797.46766014, 447784.9912089233 4636797.552727629, 447785.049444302 4636797.632441553, 447785.11525568785 4636797.706025047, 447785.1880017049 4636797.772760989, 447785.2669733946 4636797.831998995, 447785.35140112496 4636797.883161748, 447785.4404620913 4636797.925750635, 447785.5332883348 4636797.959350598, 447785.62897520175 4636797.983634183, 447785.7265901595 4636797.998364731, 447785.8251818851 4636798.003398681, 447786.12686289847 4636798.003891661, 447786.2242493625 4636797.999298183, 447786.320725679 4636797.985243157, 447786.415374819 4636797.961860177, 447786.50729712134 4636797.929371506, 447786.56017645315 4636797.904653325, 447791.2567514633 4636797.912570893, 447791.1677385628 4636804.871861005, 447894.5651715944 4636804.871861005), (447828.4639445447 4636749.74059728, 447828.51713844104 4636791.208630279, 447827.94139994704 4636791.220811194, 447828.0042945122 4636786.307539825, 447828.37253605307 4636757.054742485, 447828.4639445447 4636749.74059728), (447833.71842241107 4636798.158578581, 447836.0703353314 4636798.267023632, 447832.43128513725 4636798.232556735, 447827.8476905477 4636798.194073484, 447799.5238369191 4636797.926507688, 447801.36137993867 4636797.9296054505, 447816.59775738575 4636797.95493409, 447818.67197949096 4636797.958662368, 447820.5189531092 4636797.961961467, 447829.80383927777 4636797.977906314, 447833.71842241107 4636798.158578581))"
CHI_32_1,CHI_32_1_P04,6912.593701562763,336.91967403152444,0.7652408609350597,False,False,447718.2786708011,4636769.50152128,"POLYGON ((447766.7877016021 4636804.871861005, 447766.88897652924 4636796.861890144, 447766.9268680055 4636793.814095664, 447767.6762337701 4636734.558754731, 447738.34577276837 4636734.301339895, 447731.91541082226 4636734.242793745, 447704.6512900643 4636734.002181718, 447669.98766392213 4636733.6996453935, 447669.80986249074 4636747.359987665, 447669.724848752 4636754.052974118, 447669.48973219714 4636771.8644260885, 447669.2987741993 4636786.634232212, 447669.193864924 4636794.400144537, 447669.0573921643 4636804.871861005, 447766.7877016021 4636804.871861005))"
CHI_32_1,CHI_32_1_P05,5905.777022126958,319.4868859858199,0.727077720780378,False,False,447843.6706310031,4636686.175977336,"POLYGON ((447894.5651715944 4636657.531946333, 447861.1269266785 4636657.225236893, 447839.6288335655 4636657.028174276, 447793.03127609147 4636657.02149998, 447792.30536705715 4636714.6678057555, 447856.5493568262 4636715.235913384, 447894.5651715944 4636715.567983812, 447894.5651715944 4636657.531946333))"
CHI_32_1,CHI_32_1_P06,5836.926942038997,317.673122716017,0.7268305567320956,False,False,447844.0162624466,4636622.732777779,"POLYGON ((447894.5651715944 4636594.291996752, 447841.6877920084 4636593.810200076, 447810.9919147638 4636593.525309048, 447793.8337566211 4636593.371374514, 447793.10350608133 4636651.102886831, 447840.9636161319 4636651.535516082, 447855.3302593287 4636651.671874882, 447860.81591103 4636651.720722528, 447894.5651715944 4636652.0274868645, 447894.5651715944 4636594.291996752))"
CHI_32_1,CHI_32_1_P07,5637.665631953658,310.76761343849745,0.733563431232663,True,True,447720.27502641844,4636621.5682535935,"POLYGON ((447671.83067965606 4636592.25617409, 447671.07605795807 4636649.988160405, 447698.60838489496 4636650.2368766945, 447768.734558412 4636650.878155054, 447769.45879228605 4636593.146732389, 447671.83067965606 4636592.25617409))"
CHI_32_1,CHI_32_1_P08,5274.286030668684,303.3466434056445,0.7202697157130153,True,True,447719.37354913267,4636687.027307006,"POLYGON ((447670.61175860773 4636685.611124056, 447670.51914241636 4636692.9867266575, 447670.24819359544 4636713.596299353, 447711.42161645216 4636713.95599756, 447718.2848430877 4636714.02000751, 447732.73660297407 4636714.14285275, 447767.9305918127 4636714.455357561, 447768.6072401518 4636660.664964354, 447670.95796766074 4636659.392691197, 447670.80898562097 4636670.847391328, 447670.61175860773 4636685.611124056))"
CHI_32_1,CHI_32_1_P09,4651.198384449474,364.36163784648005,0.4402602099742136,False,False,447611.32489744446,4636767.048932133,"POLYGON ((447574.5651715944 4636804.871861005, 447644.6823604189 4636804.871861005, 447644.7746868285 4636798.003494138, 447644.9110763921 4636787.56164464, 447645.0650301561 4636775.5045026755, 447645.16335660894 4636768.104280763, 447645.255687302 4636760.710398793, 447645.6128043761 4636733.4871995095, 447617.4893620246 4636733.241502895, 447574.5651715944 4636732.860859655, 447574.5651715944 4636785.110189177, 447613.64918747626 4636784.99345434, 447613.77133153914 4636792.8548743, 447607.26001464337 4636792.874154492, 447607.25997604156 4636792.869248114, 447607.25442168687 4636792.7715721335, 447607.23934934364 4636792.674906357, 447607.2149032761 4636792.580176015, 447607.1813174686 4636792.488287814, 447607.13891338574 4636792.400121258, 447607.0880968961 4636792.316520227, 447607.02935438714 4636792.238284905, 447606.9632481096 4636792.166164119, 447606.8904107964 4636792.100848165, 447606.8115396059 4636792.042962216, 447606.7273894498 4636791.993060321, 447606.63876576675 4636791.951620114, 447606.54651681386 4636791.919038239, 447606.4515255471 4636791.895626551, 447606.3547011704 4636791.881609133, 447606.25697043334 4636791.877120153, 447603.06364805147 4636791.886816903, 447602.96549998864 4636791.891944627, 447602.86832930206 4636791.906682111, 447602.77307459596 4636791.9308870025, 447602.68065596756 4636791.964325497, 447602.5919661194 4636792.006674602, 447602.5078617366 4636792.057525251, 447602.4291552115 4636792.116386263, 447602.35660679697 4636792.182689078, 447602.29091726243 4636792.255793256, 447602.2327211252 4636792.334992659, 447602.1825805212 4636792.419522272, 447602.1409797755 4636792.508565598, 447602.10832072364 4636792.601262535, 447602.08491883037 4636792.696717693, 447602.0710001424 4636792.794009038, 447602.06669910497 4636792.8921968015, 447602.0884435441 4636796.9304715805, 447574.5651715944 4636796.674656011, 447574.5651715944 4636804.871861005))"
CHI_32_1,CHI_32_1_P10,4173.140906658099,259.735460364465,0.7773389360721442,False,False,447610.8705278111,4636620.422441977,"POLYGON ((447574.5651715944 4636648.412787534, 447598.05754559604 4636649.229141704, 447646.70551139384 4636649.665942516, 447647.45563224755 4636592.031609096, 447574.5651715944 4636591.366517287, 447574.5651715944 4636648.412787534))"
CHI_32_1,CHI_32_1_P11,3846.003965861474,250.67574004247422,0.7691215504782762,False,False,447610.25247970986,4636686.183703121,"POLYGON ((447574.5651715944 4636712.750297013, 447645.87316089316 4636713.377608053, 447646.288371517 4636681.655905391, 447646.56407758524 4636660.345453752, 447574.5651715944 4636658.44591965, 447574.5651715944 4636712.750297013))"
CHI_32_1,CHI_32_1_P12,2168.385127327643,189.52675021414134,0.7585867488576511,True,True,447628.8783333336,4636543.526096221,"POLYGON ((447609.3159549449 4636571.580158881, 447647.3760710738 4636571.925103469, 447647.7211189562 4636571.553242108, 447647.8141965816 4636564.503591104, 447648.10171799187 4636542.224119248, 447648.45414370595 4636515.482452319, 447610.0295400362 4636515.128703996, 447609.7872538335 4636534.445666269, 447609.6893947868 4636541.876277345, 447609.60362711304 4636549.300606157, 447609.5056922073 4636556.731218423, 447609.3159549449 4636571.580158881))"
CHI_32_1,CHI_32_1_P13,1952.9907403783138,193.574601631942,0.6549577717523158,False,False,447592.4448120678,4636544.185647964,"POLYGON ((447574.5651715944 4636571.256483684, 447580.789903603 4636571.310309044, 447588.10427713615 4636571.379577477, 447602.1493649034 4636571.506709653, 447602.1253540004 4636574.4991718475, 447602.1294246292 4636574.597687387, 447602.1431772525 4636574.695323175, 447602.16647816886 4636574.791130005, 447602.1991008496 4636574.884176458, 447602.2407281409 4636574.973557945, 447602.2909553471 4636575.05840551, 447602.3492941653 4636575.1378942765, 447602.4151774324 4636575.211251462, 447602.48796463903 4636575.2777638985, 447602.5669481567 4636575.336784959, 447602.65136011684 4636575.387740847, 447602.7403798765 4636575.430136177, 447602.8331419961 4636575.463558786, 447602.92874465324 4636575.487683742, 447603.02625841025 4636575.502276508, 447603.1247352499 4636575.507195212, 447608.2465275349 4636575.510199458, 447608.3441115445 4636575.505484261, 447608.4407697259 4636575.491269198, 447608.535579489 4636575.467689953, 447608.62763588695 4636575.434971585, 447608.71606025303 4636575.393426387, 447608.8000085881 4636575.343450902, 447608.878679616 4636575.285522141, 447608.95132243185 4636575.220193025, 447609.01724366925 4636575.148087113, 447609.0758141185 4636575.069892648, 447609.126474732 4636574.986355984, 447609.16874196084 4636574.898274468, 447609.20221236965 4636574.806488828, 447609.2265664877 4636574.711875145, 447609.241571858 4636574.615336495, 447609.2470852562 4636574.517794328, 447609.7080219272 4636513.827638186, 447609.7040058653 4636513.730191149, 447609.690516225 4636513.633598792, 447609.6676813205 4636513.538779908, 447609.6357183587 4636513.446636418, 447609.59493137285 4636513.358044797, 447609.54570833116 4636513.273847731, 447609.4885174457 4636513.194846109, 447609.4239027193 4636513.121791397, 447609.3524787707 4636513.055378498, 447609.27492498833 4636512.996239132, 447609.1919790679 4636512.944935838, 447609.1044299955 4636512.901956615, 447609.01311054267 4636512.867710283, 447608.91888934484 4636512.842522596, 447608.8226626391 4636512.82663314, 447608.7253457391 4636512.820193058, 447603.6302652012 4636512.732060602, 447603.531601836 4636512.735226938, 447603.4337313639 4636512.748105448, 447603.3376074823 4636512.770570636, 447603.2441668689 4636512.8024035925, 447603.1543200545 4636512.84329412, 447603.06894255 4636512.892843762, 447602.98886631517 4636512.950569683, 447602.9148716518 4636513.015909374, 447602.84767959977 4636513.088226131, 447602.78794491105 4636513.166815267, 447602.73624966945 4636513.25091097, 447602.69309761847 4636513.339693772, 447602.65890925267 4636513.432298528, 447602.63401772 4636513.527822855, 447602.61866557575 4636513.625335915, 447602.61300241854 4636513.723887496, 447602.5845360858 4636517.271626819, 447596.28245637193 4636517.21326942, 447581.4710170552 4636517.083739376, 447574.5651715944 4636517.018338694, 447574.5651715944 4636571.256483684))"
CHI_32_1,CHI_32_1_P14,1589.4300410125772,192.97130740267937,0.5363716346473826,False,False,447612.7760944785,4636495.621093518,"POLYGON ((447574.5651715944 4636484.871861005, 447574.5651715944 4636504.831599134, 447581.62289835856 4636504.8926269105, 447588.93727066985 4636504.961820506, 447604.05963911524 4636505.098709145, 447610.14885606756 4636505.156465123, 447610.12444717926 4636507.341541621, 447646.4288654586 4636507.703927089, 447647.4282500507 4636507.697541886, 447648.5565938523 4636507.335347464, 447648.685826696 4636497.439389243, 447648.85027062363 4636484.871861005, 447574.5651715944 4636484.871861005))"
CHI_32_2,CHI_32_2_P01,22334.262149367583,1044.6464938095291,0.25718330408016327,False,False,449167.7567935697,4637354.220104642,"POLYGON ((449315.71709088393 4637473.173017602, 449315.71709088393 4637431.041003418, 449273.85167061083 4637431.307505359, 449175.6271218656 4637432.14819326, 449175.51801571314 4637429.598168538, 449165.16263587505 4637429.550635602, 449164.8799631157 4637366.12342718, 449164.0569414605 4637270.146889216, 449163.3495628482 4637178.812417294, 449163.22556200286 4637153.173017602, 449112.51771583664 4637153.173017602, 449112.5268593342 4637155.289265951, 449113.53999557527 4637159.991928811, 449114.8399707973 4637167.17225049, 449115.89984392194 4637174.39286922, 449116.71947294916 4637181.644645637, 449117.29566940997 4637188.918487715, 449117.6313850936 4637196.208255214, 449117.72343152965 4637203.504856108, 449117.5747605067 4637210.802150151, 449117.18213621696 4637218.087998863, 449116.5454639824 4637225.356309342, 449115.6676955888 4637232.600941344, 449115.1609220485 4637236.070428922, 449112.969029385 4637257.628839098, 449113.86303423473 4637464.5448763855, 449113.9197911771 4637473.173017602, 449315.71709088393 4637473.173017602))"
CHI_32_2,CHI_32_2_P02,5660.1150836746065,372.64659493083707,0.5122014589017648,False,False,449014.62358174246,4637372.20256324,"POLYGON ((448995.71709088393 4637447.807148629, 449033.682032685 4637444.728596544, 449034.40302253066 4637363.661691788, 449034.4917601966 4637353.6841762345, 449032.85044064425 4637327.674366896, 449031.5435378585 4637296.6678264635, 448995.71709088393 4637297.224518068, 448995.71709088393 4637447.807148629))"
CHI_32_2,CHI_32_2_P03,3808.406645488991,320.39664322212025,0.4662053613804435,False,False,449010.71645639796,4637222.311752452,"POLYGON ((448995.71709088393 4637153.173017602, 448995.71709088393 4637282.171922827, 449030.9294938846 4637282.099889911, 449025.4338543399 4637211.990166897, 449018.6514276011 4637156.727937045, 449015.42702907 4637153.560199928, 449018.26089951815 4637153.558827489, 449018.143410934 4637153.173017602, 448995.71709088393 4637153.173017602))"
CHI_76_1,CHI_76_1_P01,102400.0,1280.0,0.7853981633974483,False,False,429466.85379408335,4647776.6241665175,"POLYGON ((429306.8537940834 4647616.6241665175, 429306.8537940834 4647936.6241665175, 429626.8537940834 4647936.6241665175, 429626.8537940834 4647616.6241665175, 429306.8537940834 4647616.6241665175))"
CHI_76_2,CHI_76_2_P01,37152.00551033242,820.2301052588743,0.693938073073626,False,False,425454.12973955245,4645894.580041682,"POLYGON ((425388.3839815188 4646043.2699522935, 425457.0479237364 4646043.2699522935, 425458.89609014813 4646039.491108348, 425461.4129804605 4646035.950945674, 425465.27160899964 4646031.389804433, 425478.94698768324 4646014.886970561, 425494.79130969034 4645995.421075363, 425503.6235680984 4645984.495103182, 425514.27864225477 4645971.325811674, 425521.56941130414 4645962.35294009, 425523.7459351277 4645959.889859224, 425529.42626901116 4645953.01403156, 425534.8955299212 4645946.355645593, 425535.73274293507 4645945.056676371, 425539.2319044713 4645940.358059764, 425541.4554429889 4645936.32246439, 425544.9392419775 4645930.6237886725, 425546.5152204556 4645926.31252812, 425548.433177802 4645920.99564754, 425549.11077811325 4645918.627278364, 425550.2035501001 4645915.395121326, 425551.35899928806 4645911.590504174, 425552.35140090936 4645906.502183665, 425553.1108033884 4645900.20303389, 425553.6648936345 4645894.4786638655, 425553.754504032 4645886.475182881, 425553.47259495803 4645882.121348578, 425552.5264497954 4645876.420224516, 425551.81563120696 4645872.073064659, 425550.5313403497 4645867.591757705, 425548.0574729224 4645860.128267268, 425545.38254190574 4645853.525432681, 425543.1585465643 4645848.344192779, 425541.17776110023 4645845.017093571, 425537.9592704084 4645840.208757243, 425534.1593287154 4645834.766398642, 425529.7979452888 4645829.975847108, 425524.50130575587 4645824.771235703, 425518.3486571525 4645819.651330398, 425511.90568835934 4645814.250100299, 425506.48066221806 4645809.976299112, 425504.96284288936 4645808.856748727, 425501.044519318 4645804.988114763, 425496.56909936003 4645802.056962719, 425492.71880924865 4645797.972913098, 425476.0764828349 4645784.514052142, 425460.3671881229 4645771.326313337, 425446.0374244733 4645759.546218539, 425438.7284446468 4645753.586977507, 425428.7389447002 4645745.240237191, 425423.1709784247 4645740.968458355, 425419.97027275886 4645737.30301273, 425411.2182764344 4645730.437412677, 425405.28660031286 4645725.742679389, 425402.6313315547 4645723.2699522935, 425388.3839815188 4645723.2699522935, 425388.3839815188 4646043.2699522935))"
CHI_76_2,CHI_76_2_P02,6120.217056860743,358.83989889111865,0.597276238712508,False,False,425643.05745668913,4646020.943867686,"POLYGON ((425708.3839815188 4645995.741620561, 425708.0663354791 4645995.745893076, 425685.918625196 4645995.804709496, 425673.4854018992 4645995.712550765, 425660.417042738 4645996.13027493, 425654.48847579036 4645996.2225342225, 425647.980480495 4645995.823611459, 425639.05386851623 4645996.105396942, 425625.05378539924 4645996.323263719, 425611.42388320796 4645997.392796795, 425606.57876758004 4645998.254137045, 425601.38782435574 4645999.835214901, 425596.27491933224 4646001.843791892, 425592.0982841797 4646004.3379979525, 425586.99983270606 4646007.275362732, 425584.0331112339 4646009.464898068, 425579.94906479184 4646013.315189632, 425576.0904372387 4646017.876329263, 425572.24848620355 4646023.509093295, 425569.88767003635 4646027.904053143, 425566.64283161686 4646035.170793776, 425564.5898216026 4646040.989975542, 425564.2118360128 4646043.2699522935, 425708.3839815188 4646043.2699522935, 425708.3839815188 4645995.741620561))"
