city_id,district_id,unit_id,family,feature,value,unit,numerator,denominator,source_entities,status,strict_cross_city_accepted,method
CHI,01,CHI:01,U1,land_use_entropy_cmap_area8,0.5994296493204544,index,,,1434.0,local_source_exploratory,False,"CMAP 2023 primary LANDUSE; eight broad groups; within-category union on land, conflicting-category overlap excluded; excludes water,6000,9999; secondary uses not split"
CHI,01,CHI:01,U1,land_use_share_residential,0.6327268941084289,fraction,2104534.267921195,3326133.735609073,,local_source_exploratory,False,"CMAP 2023 primary LANDUSE; eight broad groups; within-category union on land, conflicting-category overlap excluded; excludes water,6000,9999; secondary uses not split"
CHI,01,CHI:01,U1,land_use_share_commercial,0.09849481023893242,fraction,327606.91111812706,3326133.735609073,,local_source_exploratory,False,"CMAP 2023 primary LANDUSE; eight broad groups; within-category union on land, conflicting-category overlap excluded; excludes water,6000,9999; secondary uses not split"
CHI,01,CHI:01,U1,land_use_share_institutional,0.0979788450386402,fraction,325890.7418590348,3326133.735609073,,local_source_exploratory,False,"CMAP 2023 primary LANDUSE; eight broad groups; within-category union on land, conflicting-category overlap excluded; excludes water,6000,9999; secondary uses not split"
CHI,01,CHI:01,U1,land_use_share_industrial,0.060649097310410266,fraction,201727.0085983931,3326133.735609073,,local_source_exploratory,False,"CMAP 2023 primary LANDUSE; eight broad groups; within-category union on land, conflicting-category overlap excluded; excludes water,6000,9999; secondary uses not split"
CHI,01,CHI:01,U1,land_use_share_transport_utilities,0.046741683460349334,fraction,155469.09021662857,3326133.735609073,,local_source_exploratory,False,"CMAP 2023 primary LANDUSE; eight broad groups; within-category union on land, conflicting-category overlap excluded; excludes water,6000,9999; secondary uses not split"
CHI,01,CHI:01,U1,land_use_share_agriculture,0.0,fraction,0.0,3326133.735609073,,local_source_exploratory,False,"CMAP 2023 primary LANDUSE; eight broad groups; within-category union on land, conflicting-category overlap excluded; excludes water,6000,9999; secondary uses not split"
CHI,01,CHI:01,U1,land_use_share_open_space,0.0601200611885993,fraction,199967.36370628185,3326133.735609073,,local_source_exploratory,False,"CMAP 2023 primary LANDUSE; eight broad groups; within-category union on land, conflicting-category overlap excluded; excludes water,6000,9999; secondary uses not split"
CHI,01,CHI:01,U1,land_use_share_vacant_construction,0.0032886086546397102,fraction,10938.352189413108,3326133.735609073,,local_source_exploratory,False,"CMAP 2023 primary LANDUSE; eight broad groups; within-category union on land, conflicting-category overlap excluded; excludes water,6000,9999; secondary uses not split"
CHI,01,CHI:01,U1,lui_ambiguous_gross,9.189644035587267e-06,fraction,,,,diagnostic,False,Source coverage diagnostic
CHI,01,CHI:01,U1,lui_coverage_gross,0.998935101579371,fraction,,,,diagnostic,False,Source coverage diagnostic
CHI,01,CHI:01,U1,lui_overlap_gross,1.0733174358291518e-05,fraction,,,,diagnostic,False,Source coverage diagnostic
CHI,01,CHI:01,U1,lui_classified_land,0.6989649128313821,fraction,,,,diagnostic,False,Source coverage diagnostic
CHI,01,CHI:01,U1,lui_secondary_use_area_fraction,0.0017508312478524911,fraction,,,,diagnostic,False,Source coverage diagnostic
CHI,02,CHI:02,U1,land_use_entropy_cmap_area8,0.5237582226902968,index,,,2245.0,local_source_exploratory,False,"CMAP 2023 primary LANDUSE; eight broad groups; within-category union on land, conflicting-category overlap excluded; excludes water,6000,9999; secondary uses not split"
CHI,02,CHI:02,U1,land_use_share_residential,0.6607933793583011,fraction,4344929.9861259,6575323.1219496755,,local_source_exploratory,False,"CMAP 2023 primary LANDUSE; eight broad groups; within-category union on land, conflicting-category overlap excluded; excludes water,6000,9999; secondary uses not split"
CHI,02,CHI:02,U1,land_use_share_commercial,0.09948594206249897,fraction,654152.2151524953,6575323.1219496755,,local_source_exploratory,False,"CMAP 2023 primary LANDUSE; eight broad groups; within-category union on land, conflicting-category overlap excluded; excludes water,6000,9999; secondary uses not split"
CHI,02,CHI:02,U1,land_use_share_institutional,0.1019582876343645,fraction,670408.6861566326,6575323.1219496755,,local_source_exploratory,False,"CMAP 2023 primary LANDUSE; eight broad groups; within-category union on land, conflicting-category overlap excluded; excludes water,6000,9999; secondary uses not split"
CHI,02,CHI:02,U1,land_use_share_industrial,0.002032455176062189,fraction,13364.049513488011,6575323.1219496755,,local_source_exploratory,False,"CMAP 2023 primary LANDUSE; eight broad groups; within-category union on land, conflicting-category overlap excluded; excludes water,6000,9999; secondary uses not split"
CHI,02,CHI:02,U1,land_use_share_transport_utilities,0.013690171080367962,fraction,90017.29844819022,6575323.1219496755,,local_source_exploratory,False,"CMAP 2023 primary LANDUSE; eight broad groups; within-category union on land, conflicting-category overlap excluded; excludes water,6000,9999; secondary uses not split"
CHI,02,CHI:02,U1,land_use_share_agriculture,0.0,fraction,0.0,6575323.1219496755,,local_source_exploratory,False,"CMAP 2023 primary LANDUSE; eight broad groups; within-category union on land, conflicting-category overlap excluded; excludes water,6000,9999; secondary uses not split"
CHI,02,CHI:02,U1,land_use_share_open_space,0.11569812615286312,fraction,760752.5640591714,6575323.1219496755,,local_source_exploratory,False,"CMAP 2023 primary LANDUSE; eight broad groups; within-category union on land, conflicting-category overlap excluded; excludes water,6000,9999; secondary uses not split"
CHI,02,CHI:02,U1,land_use_share_vacant_construction,0.006341638535542128,fraction,41698.32249379723,6575323.1219496755,,local_source_exploratory,False,"CMAP 2023 primary LANDUSE; eight broad groups; within-category union on land, conflicting-category overlap excluded; excludes water,6000,9999; secondary uses not split"
CHI,02,CHI:02,U1,lui_ambiguous_gross,5.2007163088345655e-09,fraction,,,,diagnostic,False,Source coverage diagnostic
CHI,02,CHI:02,U1,lui_coverage_gross,0.9999999900797868,fraction,,,,diagnostic,False,Source coverage diagnostic
CHI,02,CHI:02,U1,lui_overlap_gross,1.207962151620327e-08,fraction,,,,diagnostic,False,Source coverage diagnostic
CHI,02,CHI:02,U1,lui_classified_land,0.7195851519724427,fraction,,,,diagnostic,False,Source coverage diagnostic
CHI,02,CHI:02,U1,lui_secondary_use_area_fraction,0.0024528896151045014,fraction,,,,diagnostic,False,Source coverage diagnostic
CHI,03,CHI:03,U1,land_use_entropy_cmap_area8,0.5817337140126316,index,,,1165.0,local_source_exploratory,False,"CMAP 2023 primary LANDUSE; eight broad groups; within-category union on land, conflicting-category overlap excluded; excludes water,6000,9999; secondary uses not split"
CHI,03,CHI:03,U1,land_use_share_residential,0.5368805336814169,fraction,1819718.3769567448,3389428.8632125366,,local_source_exploratory,False,"CMAP 2023 primary LANDUSE; eight broad groups; within-category union on land, conflicting-category overlap excluded; excludes water,6000,9999; secondary uses not split"
CHI,03,CHI:03,U1,land_use_share_commercial,0.10780052507920732,fraction,365382.2111729322,3389428.8632125366,,local_source_exploratory,False,"CMAP 2023 primary LANDUSE; eight broad groups; within-category union on land, conflicting-category overlap excluded; excludes water,6000,9999; secondary uses not split"
CHI,03,CHI:03,U1,land_use_share_institutional,0.28273717879001625,fraction,958317.5544941644,3389428.8632125366,,local_source_exploratory,False,"CMAP 2023 primary LANDUSE; eight broad groups; within-category union on land, conflicting-category overlap excluded; excludes water,6000,9999; secondary uses not split"
CHI,03,CHI:03,U1,land_use_share_industrial,0.008680692578901077,fraction,29422.589979602177,3389428.8632125366,,local_source_exploratory,False,"CMAP 2023 primary LANDUSE; eight broad groups; within-category union on land, conflicting-category overlap excluded; excludes water,6000,9999; secondary uses not split"
CHI,03,CHI:03,U1,land_use_share_transport_utilities,0.0271437091116278,fraction,92001.67111759639,3389428.8632125366,,local_source_exploratory,False,"CMAP 2023 primary LANDUSE; eight broad groups; within-category union on land, conflicting-category overlap excluded; excludes water,6000,9999; secondary uses not split"
CHI,03,CHI:03,U1,land_use_share_agriculture,0.0,fraction,0.0,3389428.8632125366,,local_source_exploratory,False,"CMAP 2023 primary LANDUSE; eight broad groups; within-category union on land, conflicting-category overlap excluded; excludes water,6000,9999; secondary uses not split"
CHI,03,CHI:03,U1,land_use_share_open_space,0.02972687774655364,fraction,100757.13744735936,3389428.8632125366,,local_source_exploratory,False,"CMAP 2023 primary LANDUSE; eight broad groups; within-category union on land, conflicting-category overlap excluded; excludes water,6000,9999; secondary uses not split"
CHI,03,CHI:03,U1,land_use_share_vacant_construction,0.007030483012277152,fraction,23829.322044137596,3389428.8632125366,,local_source_exploratory,False,"CMAP 2023 primary LANDUSE; eight broad groups; within-category union on land, conflicting-category overlap excluded; excludes water,6000,9999; secondary uses not split"
CHI,03,CHI:03,U1,lui_ambiguous_gross,5.000168449449525e-07,fraction,,,,diagnostic,False,Source coverage diagnostic
CHI,03,CHI:03,U1,lui_coverage_gross,0.9928257129241307,fraction,,,,diagnostic,False,Source coverage diagnostic
CHI,03,CHI:03,U1,lui_overlap_gross,5.087979288005161e-07,fraction,,,,diagnostic,False,Source coverage diagnostic
CHI,03,CHI:03,U1,lui_classified_land,0.5608811487896196,fraction,,,,diagnostic,False,Source coverage diagnostic
CHI,03,CHI:03,U1,lui_secondary_use_area_fraction,0.0038217738816537375,fraction,,,,diagnostic,False,Source coverage diagnostic
CHI,04,CHI:04,U1,land_use_entropy_cmap_area8,0.6367925296330533,index,,,2144.0,local_source_exploratory,False,"CMAP 2023 primary LANDUSE; eight broad groups; within-category union on land, conflicting-category overlap excluded; excludes water,6000,9999; secondary uses not split"
CHI,04,CHI:04,U1,land_use_share_residential,0.47705652277075683,fraction,2348982.500016272,4923908.149024606,,local_source_exploratory,False,"CMAP 2023 primary LANDUSE; eight broad groups; within-category union on land, conflicting-category overlap excluded; excludes water,6000,9999; secondary uses not split"
CHI,04,CHI:04,U1,land_use_share_commercial,0.07520619510651483,fraction,370308.3969421028,4923908.149024606,,local_source_exploratory,False,"CMAP 2023 primary LANDUSE; eight broad groups; within-category union on land, conflicting-category overlap excluded; excludes water,6000,9999; secondary uses not split"
CHI,04,CHI:04,U1,land_use_share_institutional,0.31558415019683445,fraction,1553907.3688571982,4923908.149024606,,local_source_exploratory,False,"CMAP 2023 primary LANDUSE; eight broad groups; within-category union on land, conflicting-category overlap excluded; excludes water,6000,9999; secondary uses not split"
CHI,04,CHI:04,U1,land_use_share_industrial,0.031863449904792535,fraction,156892.70064224527,4923908.149024606,,local_source_exploratory,False,"CMAP 2023 primary LANDUSE; eight broad groups; within-category union on land, conflicting-category overlap excluded; excludes water,6000,9999; secondary uses not split"
CHI,04,CHI:04,U1,land_use_share_transport_utilities,0.0298722300364184,fraction,147088.11690585816,4923908.149024606,,local_source_exploratory,False,"CMAP 2023 primary LANDUSE; eight broad groups; within-category union on land, conflicting-category overlap excluded; excludes water,6000,9999; secondary uses not split"
CHI,04,CHI:04,U1,land_use_share_agriculture,0.0,fraction,0.0,4923908.149024606,,local_source_exploratory,False,"CMAP 2023 primary LANDUSE; eight broad groups; within-category union on land, conflicting-category overlap excluded; excludes water,6000,9999; secondary uses not split"
CHI,04,CHI:04,U1,land_use_share_open_space,0.06785782192729928,fraction,334125.68236288946,4923908.149024606,,local_source_exploratory,False,"CMAP 2023 primary LANDUSE; eight broad groups; within-category union on land, conflicting-category overlap excluded; excludes water,6000,9999; secondary uses not split"
CHI,04,CHI:04,U1,land_use_share_vacant_construction,0.0025596300573835404,fraction,12603.383298039134,4923908.149024606,,local_source_exploratory,False,"CMAP 2023 primary LANDUSE; eight broad groups; within-category union on land, conflicting-category overlap excluded; excludes water,6000,9999; secondary uses not split"
CHI,04,CHI:04,U1,lui_ambiguous_gross,1.0530761098804888e-09,fraction,,,,diagnostic,False,Source coverage diagnostic
CHI,04,CHI:04,U1,lui_coverage_gross,0.9999999986520812,fraction,,,,diagnostic,False,Source coverage diagnostic
CHI,04,CHI:04,U1,lui_overlap_gross,5.181695623012581e-07,fraction,,,,diagnostic,False,Source coverage diagnostic
CHI,04,CHI:04,U1,lui_classified_land,0.7462456838519694,fraction,,,,diagnostic,False,Source coverage diagnostic
CHI,04,CHI:04,U1,lui_secondary_use_area_fraction,0.002283852681195021,fraction,,,,diagnostic,False,Source coverage diagnostic
CHI,05,CHI:05,U1,land_use_entropy_cmap_area8,0.62914414657023,index,,,3136.0,local_source_exploratory,False,"CMAP 2023 primary LANDUSE; eight broad groups; within-category union on land, conflicting-category overlap excluded; excludes water,6000,9999; secondary uses not split"
CHI,05,CHI:05,U1,land_use_share_residential,0.6047562760161868,fraction,2229388.2903117915,3686424.3972759037,,local_source_exploratory,False,"CMAP 2023 primary LANDUSE; eight broad groups; within-category union on land, conflicting-category overlap excluded; excludes water,6000,9999; secondary uses not split"
CHI,05,CHI:05,U1,land_use_share_commercial,0.12670487996282725,fraction,467087.96074888116,3686424.3972759037,,local_source_exploratory,False,"CMAP 2023 primary LANDUSE; eight broad groups; within-category union on land, conflicting-category overlap excluded; excludes water,6000,9999; secondary uses not split"
CHI,05,CHI:05,U1,land_use_share_institutional,0.08480242350320706,fraction,312617.722950346,3686424.3972759037,,local_source_exploratory,False,"CMAP 2023 primary LANDUSE; eight broad groups; within-category union on land, conflicting-category overlap excluded; excludes water,6000,9999; secondary uses not split"
CHI,05,CHI:05,U1,land_use_share_industrial,0.08272628884426628,fraction,304964.2094915966,3686424.3972759037,,local_source_exploratory,False,"CMAP 2023 primary LANDUSE; eight broad groups; within-category union on land, conflicting-category overlap excluded; excludes water,6000,9999; secondary uses not split"
CHI,05,CHI:05,U1,land_use_share_transport_utilities,0.042996144306325375,fraction,158502.0353596333,3686424.3972759037,,local_source_exploratory,False,"CMAP 2023 primary LANDUSE; eight broad groups; within-category union on land, conflicting-category overlap excluded; excludes water,6000,9999; secondary uses not split"
CHI,05,CHI:05,U1,land_use_share_agriculture,0.0,fraction,0.0,3686424.3972759037,,local_source_exploratory,False,"CMAP 2023 primary LANDUSE; eight broad groups; within-category union on land, conflicting-category overlap excluded; excludes water,6000,9999; secondary uses not split"
CHI,05,CHI:05,U1,land_use_share_open_space,0.04813127563290695,fraction,177432.3087651594,3686424.3972759037,,local_source_exploratory,False,"CMAP 2023 primary LANDUSE; eight broad groups; within-category union on land, conflicting-category overlap excluded; excludes water,6000,9999; secondary uses not split"
CHI,05,CHI:05,U1,land_use_share_vacant_construction,0.009882711734280292,fraction,36431.869648495725,3686424.3972759037,,local_source_exploratory,False,"CMAP 2023 primary LANDUSE; eight broad groups; within-category union on land, conflicting-category overlap excluded; excludes water,6000,9999; secondary uses not split"
CHI,05,CHI:05,U1,lui_ambiguous_gross,3.890387399122191e-06,fraction,,,,diagnostic,False,Source coverage diagnostic
CHI,05,CHI:05,U1,lui_coverage_gross,0.9999999674915362,fraction,,,,diagnostic,False,Source coverage diagnostic
CHI,05,CHI:05,U1,lui_overlap_gross,3.891590729060499e-06,fraction,,,,diagnostic,False,Source coverage diagnostic
CHI,05,CHI:05,U1,lui_classified_land,0.7037913952964343,fraction,,,,diagnostic,False,Source coverage diagnostic
CHI,05,CHI:05,U1,lui_secondary_use_area_fraction,0.0002669330874788381,fraction,,,,diagnostic,False,Source coverage diagnostic
CHI,06,CHI:06,U1,land_use_entropy_cmap_area8,0.5093244914549311,index,,,3777.0,local_source_exploratory,False,"CMAP 2023 primary LANDUSE; eight broad groups; within-category union on land, conflicting-category overlap excluded; excludes water,6000,9999; secondary uses not split"
CHI,06,CHI:06,U1,land_use_share_residential,0.6741966621620806,fraction,3515518.4073965475,5214381.21055455,,local_source_exploratory,False,"CMAP 2023 primary LANDUSE; eight broad groups; within-category union on land, conflicting-category overlap excluded; excludes water,6000,9999; secondary uses not split"
CHI,06,CHI:06,U1,land_use_share_commercial,0.16822410504064408,fraction,877184.6124862896,5214381.21055455,,local_source_exploratory,False,"CMAP 2023 primary LANDUSE; eight broad groups; within-category union on land, conflicting-category overlap excluded; excludes water,6000,9999; secondary uses not split"
CHI,06,CHI:06,U1,land_use_share_institutional,0.0737634283591771,fraction,384630.6348621797,5214381.21055455,,local_source_exploratory,False,"CMAP 2023 primary LANDUSE; eight broad groups; within-category union on land, conflicting-category overlap excluded; excludes water,6000,9999; secondary uses not split"
CHI,06,CHI:06,U1,land_use_share_industrial,0.007104812655840426,fraction,37047.20161712449,5214381.21055455,,local_source_exploratory,False,"CMAP 2023 primary LANDUSE; eight broad groups; within-category union on land, conflicting-category overlap excluded; excludes water,6000,9999; secondary uses not split"
CHI,06,CHI:06,U1,land_use_share_transport_utilities,0.022929411594952747,fraction,119562.69298979324,5214381.21055455,,local_source_exploratory,False,"CMAP 2023 primary LANDUSE; eight broad groups; within-category union on land, conflicting-category overlap excluded; excludes water,6000,9999; secondary uses not split"
CHI,06,CHI:06,U1,land_use_share_agriculture,0.0,fraction,0.0,5214381.21055455,,local_source_exploratory,False,"CMAP 2023 primary LANDUSE; eight broad groups; within-category union on land, conflicting-category overlap excluded; excludes water,6000,9999; secondary uses not split"
CHI,06,CHI:06,U1,land_use_share_open_space,0.04598099406257164,fraction,239762.4314824939,5214381.21055455,,local_source_exploratory,False,"CMAP 2023 primary LANDUSE; eight broad groups; within-category union on land, conflicting-category overlap excluded; excludes water,6000,9999; secondary uses not split"
CHI,06,CHI:06,U1,land_use_share_vacant_construction,0.007800586124733247,fraction,40675.22972012158,5214381.21055455,,local_source_exploratory,False,"CMAP 2023 primary LANDUSE; eight broad groups; within-category union on land, conflicting-category overlap excluded; excludes water,6000,9999; secondary uses not split"
CHI,06,CHI:06,U1,lui_ambiguous_gross,3.5473299471303684e-07,fraction,,,,diagnostic,False,Source coverage diagnostic
CHI,06,CHI:06,U1,lui_coverage_gross,0.9940523046055386,fraction,,,,diagnostic,False,Source coverage diagnostic
CHI,06,CHI:06,U1,lui_overlap_gross,4.0509365021922773e-07,fraction,,,,diagnostic,False,Source coverage diagnostic
CHI,06,CHI:06,U1,lui_classified_land,0.6440797238031156,fraction,,,,diagnostic,False,Source coverage diagnostic
CHI,06,CHI:06,U1,lui_secondary_use_area_fraction,0.008310697050413807,fraction,,,,diagnostic,False,Source coverage diagnostic
CHI,07,CHI:07,U1,land_use_entropy_cmap_area8,0.6760150795376085,index,,,3580.0,local_source_exploratory,False,"CMAP 2023 primary LANDUSE; eight broad groups; within-category union on land, conflicting-category overlap excluded; excludes water,6000,9999; secondary uses not split"
CHI,07,CHI:07,U1,land_use_share_residential,0.492173294393648,fraction,2831467.01578174,5752987.917132067,,local_source_exploratory,False,"CMAP 2023 primary LANDUSE; eight broad groups; within-category union on land, conflicting-category overlap excluded; excludes water,6000,9999; secondary uses not split"
CHI,07,CHI:07,U1,land_use_share_commercial,0.22359967191647756,fraction,1286366.2108101896,5752987.917132067,,local_source_exploratory,False,"CMAP 2023 primary LANDUSE; eight broad groups; within-category union on land, conflicting-category overlap excluded; excludes water,6000,9999; secondary uses not split"
CHI,07,CHI:07,U1,land_use_share_institutional,0.0660219171759513,fraction,379823.2917791419,5752987.917132067,,local_source_exploratory,False,"CMAP 2023 primary LANDUSE; eight broad groups; within-category union on land, conflicting-category overlap excluded; excludes water,6000,9999; secondary uses not split"
CHI,07,CHI:07,U1,land_use_share_industrial,0.010147073911717253,fraction,58375.99360835538,5752987.917132067,,local_source_exploratory,False,"CMAP 2023 primary LANDUSE; eight broad groups; within-category union on land, conflicting-category overlap excluded; excludes water,6000,9999; secondary uses not split"
CHI,07,CHI:07,U1,land_use_share_transport_utilities,0.030162287590718873,fraction,173523.27606246815,5752987.917132067,,local_source_exploratory,False,"CMAP 2023 primary LANDUSE; eight broad groups; within-category union on land, conflicting-category overlap excluded; excludes water,6000,9999; secondary uses not split"
CHI,07,CHI:07,U1,land_use_share_agriculture,0.0,fraction,0.0,5752987.917132067,,local_source_exploratory,False,"CMAP 2023 primary LANDUSE; eight broad groups; within-category union on land, conflicting-category overlap excluded; excludes water,6000,9999; secondary uses not split"
CHI,07,CHI:07,U1,land_use_share_open_space,0.14635416053171865,fraction,841973.7171609842,5752987.917132067,,local_source_exploratory,False,"CMAP 2023 primary LANDUSE; eight broad groups; within-category union on land, conflicting-category overlap excluded; excludes water,6000,9999; secondary uses not split"
CHI,07,CHI:07,U1,land_use_share_vacant_construction,0.031541594479768474,fraction,181458.41192918754,5752987.917132067,,local_source_exploratory,False,"CMAP 2023 primary LANDUSE; eight broad groups; within-category union on land, conflicting-category overlap excluded; excludes water,6000,9999; secondary uses not split"
CHI,07,CHI:07,U1,lui_ambiguous_gross,1.663018335360233e-06,fraction,,,,diagnostic,False,Source coverage diagnostic
CHI,07,CHI:07,U1,lui_coverage_gross,0.9981498070514739,fraction,,,,diagnostic,False,Source coverage diagnostic
CHI,07,CHI:07,U1,lui_overlap_gross,1.6995679581956936e-06,fraction,,,,diagnostic,False,Source coverage diagnostic
CHI,07,CHI:07,U1,lui_classified_land,0.7020311680273519,fraction,,,,diagnostic,False,Source coverage diagnostic
CHI,07,CHI:07,U1,lui_secondary_use_area_fraction,0.001803541155082126,fraction,,,,diagnostic,False,Source coverage diagnostic
CHI,08,CHI:08,U1,land_use_entropy_cmap_area8,0.7815874659844172,index,,,1731.0,local_source_exploratory,False,"CMAP 2023 primary LANDUSE; eight broad groups; within-category union on land, conflicting-category overlap excluded; excludes water,6000,9999; secondary uses not split"
CHI,08,CHI:08,U1,land_use_share_residential,0.3835591787451413,fraction,1654264.3314648548,4312931.154136303,,local_source_exploratory,False,"CMAP 2023 primary LANDUSE; eight broad groups; within-category union on land, conflicting-category overlap excluded; excludes water,6000,9999; secondary uses not split"
CHI,08,CHI:08,U1,land_use_share_commercial,0.2740165152611632,fraction,1181814.3654177366,4312931.154136303,,local_source_exploratory,False,"CMAP 2023 primary LANDUSE; eight broad groups; within-category union on land, conflicting-category overlap excluded; excludes water,6000,9999; secondary uses not split"
CHI,08,CHI:08,U1,land_use_share_institutional,0.1042111207564676,fraction,449455.38931802945,4312931.154136303,,local_source_exploratory,False,"CMAP 2023 primary LANDUSE; eight broad groups; within-category union on land, conflicting-category overlap excluded; excludes water,6000,9999; secondary uses not split"
CHI,08,CHI:08,U1,land_use_share_industrial,0.07237273150114949,fraction,312138.60840124945,4312931.154136303,,local_source_exploratory,False,"CMAP 2023 primary LANDUSE; eight broad groups; within-category union on land, conflicting-category overlap excluded; excludes water,6000,9999; secondary uses not split"
CHI,08,CHI:08,U1,land_use_share_transport_utilities,0.07004596592202747,fraction,302103.42864668206,4312931.154136303,,local_source_exploratory,False,"CMAP 2023 primary LANDUSE; eight broad groups; within-category union on land, conflicting-category overlap excluded; excludes water,6000,9999; secondary uses not split"
CHI,08,CHI:08,U1,land_use_share_agriculture,0.0,fraction,0.0,4312931.154136303,,local_source_exploratory,False,"CMAP 2023 primary LANDUSE; eight broad groups; within-category union on land, conflicting-category overlap excluded; excludes water,6000,9999; secondary uses not split"
CHI,08,CHI:08,U1,land_use_share_open_space,0.04662244482009403,fraction,201079.39474658426,4312931.154136303,,local_source_exploratory,False,"CMAP 2023 primary LANDUSE; eight broad groups; within-category union on land, conflicting-category overlap excluded; excludes water,6000,9999; secondary uses not split"
CHI,08,CHI:08,U1,land_use_share_vacant_construction,0.049172042993956805,fraction,212075.63614116603,4312931.154136303,,local_source_exploratory,False,"CMAP 2023 primary LANDUSE; eight broad groups; within-category union on land, conflicting-category overlap excluded; excludes water,6000,9999; secondary uses not split"
CHI,08,CHI:08,U1,lui_ambiguous_gross,3.28286745970706e-05,fraction,,,,diagnostic,False,Source coverage diagnostic
CHI,08,CHI:08,U1,lui_coverage_gross,0.9970089398230484,fraction,,,,diagnostic,False,Source coverage diagnostic
CHI,08,CHI:08,U1,lui_overlap_gross,3.5808198599844815e-05,fraction,,,,diagnostic,False,Source coverage diagnostic
CHI,08,CHI:08,U1,lui_classified_land,0.606340789257006,fraction,,,,diagnostic,False,Source coverage diagnostic
CHI,08,CHI:08,U1,lui_secondary_use_area_fraction,0.033110729660426455,fraction,,,,diagnostic,False,Source coverage diagnostic
CHI,09,CHI:09,U1,land_use_entropy_cmap_area8,0.345038875551946,index,,,510.0,local_source_exploratory,False,"CMAP 2023 primary LANDUSE; eight broad groups; within-category union on land, conflicting-category overlap excluded; excludes water,6000,9999; secondary uses not split"
CHI,09,CHI:09,U1,land_use_share_residential,0.8289967785080256,fraction,1696956.7051884646,2047000.3613796146,,local_source_exploratory,False,"CMAP 2023 primary LANDUSE; eight broad groups; within-category union on land, conflicting-category overlap excluded; excludes water,6000,9999; secondary uses not split"
CHI,09,CHI:09,U1,land_use_share_commercial,0.05996014255489608,fraction,122738.43347824548,2047000.3613796146,,local_source_exploratory,False,"CMAP 2023 primary LANDUSE; eight broad groups; within-category union on land, conflicting-category overlap excluded; excludes water,6000,9999; secondary uses not split"
CHI,09,CHI:09,U1,land_use_share_institutional,0.020288018455093506,fraction,41529.58110925269,2047000.3613796146,,local_source_exploratory,False,"CMAP 2023 primary LANDUSE; eight broad groups; within-category union on land, conflicting-category overlap excluded; excludes water,6000,9999; secondary uses not split"
CHI,09,CHI:09,U1,land_use_share_industrial,0.017759080438061882,fraction,36352.84407448232,2047000.3613796146,,local_source_exploratory,False,"CMAP 2023 primary LANDUSE; eight broad groups; within-category union on land, conflicting-category overlap excluded; excludes water,6000,9999; secondary uses not split"
CHI,09,CHI:09,U1,land_use_share_transport_utilities,0.03280783764517296,fraction,67157.65551575278,2047000.3613796146,,local_source_exploratory,False,"CMAP 2023 primary LANDUSE; eight broad groups; within-category union on land, conflicting-category overlap excluded; excludes water,6000,9999; secondary uses not split"
CHI,09,CHI:09,U1,land_use_share_agriculture,0.0,fraction,0.0,2047000.3613796146,,local_source_exploratory,False,"CMAP 2023 primary LANDUSE; eight broad groups; within-category union on land, conflicting-category overlap excluded; excludes water,6000,9999; secondary uses not split"
CHI,09,CHI:09,U1,land_use_share_open_space,0.039971841459573554,fraction,81822.37391275572,2047000.3613796146,,local_source_exploratory,False,"CMAP 2023 primary LANDUSE; eight broad groups; within-category union on land, conflicting-category overlap excluded; excludes water,6000,9999; secondary uses not split"
CHI,09,CHI:09,U1,land_use_share_vacant_construction,0.0002163009391763495,fraction,442.7681006607375,2047000.3613796146,,local_source_exploratory,False,"CMAP 2023 primary LANDUSE; eight broad groups; within-category union on land, conflicting-category overlap excluded; excludes water,6000,9999; secondary uses not split"
CHI,09,CHI:09,U1,lui_ambiguous_gross,7.400091993472355e-09,fraction,,,,diagnostic,False,Source coverage diagnostic
CHI,09,CHI:09,U1,lui_coverage_gross,0.9999999954647701,fraction,,,,diagnostic,False,Source coverage diagnostic
CHI,09,CHI:09,U1,lui_overlap_gross,7.655060718468482e-09,fraction,,,,diagnostic,False,Source coverage diagnostic
CHI,09,CHI:09,U1,lui_classified_land,0.6969432414778767,fraction,,,,diagnostic,False,Source coverage diagnostic
CHI,09,CHI:09,U1,lui_secondary_use_area_fraction,0.0,fraction,,,,diagnostic,False,Source coverage diagnostic
CHI,10,CHI:10,U1,land_use_entropy_cmap_area8,0.46744562388702915,index,,,1759.0,local_source_exploratory,False,"CMAP 2023 primary LANDUSE; eight broad groups; within-category union on land, conflicting-category overlap excluded; excludes water,6000,9999; secondary uses not split"
CHI,10,CHI:10,U1,land_use_share_residential,0.7334526568066599,fraction,5883274.900103749,8021342.407727614,,local_source_exploratory,False,"CMAP 2023 primary LANDUSE; eight broad groups; within-category union on land, conflicting-category overlap excluded; excludes water,6000,9999; secondary uses not split"
CHI,10,CHI:10,U1,land_use_share_commercial,0.05714971549255517,fraction,458417.4364700006,8021342.407727614,,local_source_exploratory,False,"CMAP 2023 primary LANDUSE; eight broad groups; within-category union on land, conflicting-category overlap excluded; excludes water,6000,9999; secondary uses not split"
CHI,10,CHI:10,U1,land_use_share_institutional,0.10069766116827153,fraction,807730.4198880426,8021342.407727614,,local_source_exploratory,False,"CMAP 2023 primary LANDUSE; eight broad groups; within-category union on land, conflicting-category overlap excluded; excludes water,6000,9999; secondary uses not split"
CHI,10,CHI:10,U1,land_use_share_industrial,0.007144295035360051,fraction,57306.83674045143,8021342.407727614,,local_source_exploratory,False,"CMAP 2023 primary LANDUSE; eight broad groups; within-category union on land, conflicting-category overlap excluded; excludes water,6000,9999; secondary uses not split"
CHI,10,CHI:10,U1,land_use_share_transport_utilities,0.04187733153006818,fraction,335912.4153246046,8021342.407727614,,local_source_exploratory,False,"CMAP 2023 primary LANDUSE; eight broad groups; within-category union on land, conflicting-category overlap excluded; excludes water,6000,9999; secondary uses not split"
CHI,10,CHI:10,U1,land_use_share_agriculture,0.0,fraction,0.0,8021342.407727614,,local_source_exploratory,False,"CMAP 2023 primary LANDUSE; eight broad groups; within-category union on land, conflicting-category overlap excluded; excludes water,6000,9999; secondary uses not split"
CHI,10,CHI:10,U1,land_use_share_open_space,0.056103662977808354,fraction,450026.6910727519,8021342.407727614,,local_source_exploratory,False,"CMAP 2023 primary LANDUSE; eight broad groups; within-category union on land, conflicting-category overlap excluded; excludes water,6000,9999; secondary uses not split"
CHI,10,CHI:10,U1,land_use_share_vacant_construction,0.0035746769892768078,fraction,28673.70812801413,8021342.407727614,,local_source_exploratory,False,"CMAP 2023 primary LANDUSE; eight broad groups; within-category union on land, conflicting-category overlap excluded; excludes water,6000,9999; secondary uses not split"
CHI,10,CHI:10,U1,lui_ambiguous_gross,1.1646309104504723e-08,fraction,,,,diagnostic,False,Source coverage diagnostic
CHI,10,CHI:10,U1,lui_coverage_gross,0.999999943002048,fraction,,,,diagnostic,False,Source coverage diagnostic
CHI,10,CHI:10,U1,lui_overlap_gross,2.420234936037223e-08,fraction,,,,diagnostic,False,Source coverage diagnostic
CHI,10,CHI:10,U1,lui_classified_land,0.7084352975935002,fraction,,,,diagnostic,False,Source coverage diagnostic
CHI,10,CHI:10,U1,lui_secondary_use_area_fraction,0.010079679853798306,fraction,,,,diagnostic,False,Source coverage diagnostic
CHI,11,CHI:11,U1,land_use_entropy_cmap_area8,0.573426385774678,index,,,1867.0,local_source_exploratory,False,"CMAP 2023 primary LANDUSE; eight broad groups; within-category union on land, conflicting-category overlap excluded; excludes water,6000,9999; secondary uses not split"
CHI,11,CHI:11,U1,land_use_share_residential,0.6456280116060262,fraction,2753945.942885341,4265530.450010661,,local_source_exploratory,False,"CMAP 2023 primary LANDUSE; eight broad groups; within-category union on land, conflicting-category overlap excluded; excludes water,6000,9999; secondary uses not split"
CHI,11,CHI:11,U1,land_use_share_commercial,0.06335077969588168,fraction,270224.67982470046,4265530.450010661,,local_source_exploratory,False,"CMAP 2023 primary LANDUSE; eight broad groups; within-category union on land, conflicting-category overlap excluded; excludes water,6000,9999; secondary uses not split"
CHI,11,CHI:11,U1,land_use_share_institutional,0.023391537728035375,fraction,99777.31645150809,4265530.450010661,,local_source_exploratory,False,"CMAP 2023 primary LANDUSE; eight broad groups; within-category union on land, conflicting-category overlap excluded; excludes water,6000,9999; secondary uses not split"
CHI,11,CHI:11,U1,land_use_share_industrial,0.05017551329263103,fraction,214025.17979463233,4265530.450010661,,local_source_exploratory,False,"CMAP 2023 primary LANDUSE; eight broad groups; within-category union on land, conflicting-category overlap excluded; excludes water,6000,9999; secondary uses not split"
CHI,11,CHI:11,U1,land_use_share_transport_utilities,0.08652310428982375,fraction,369066.93597769126,4265530.450010661,,local_source_exploratory,False,"CMAP 2023 primary LANDUSE; eight broad groups; within-category union on land, conflicting-category overlap excluded; excludes water,6000,9999; secondary uses not split"
CHI,11,CHI:11,U1,land_use_share_agriculture,0.0,fraction,0.0,4265530.450010661,,local_source_exploratory,False,"CMAP 2023 primary LANDUSE; eight broad groups; within-category union on land, conflicting-category overlap excluded; excludes water,6000,9999; secondary uses not split"
CHI,11,CHI:11,U1,land_use_share_open_space,0.1265448420258256,fraction,539780.8769529479,4265530.450010661,,local_source_exploratory,False,"CMAP 2023 primary LANDUSE; eight broad groups; within-category union on land, conflicting-category overlap excluded; excludes water,6000,9999; secondary uses not split"
CHI,11,CHI:11,U1,land_use_share_vacant_construction,0.004386211361776404,fraction,18709.51812383998,4265530.450010661,,local_source_exploratory,False,"CMAP 2023 primary LANDUSE; eight broad groups; within-category union on land, conflicting-category overlap excluded; excludes water,6000,9999; secondary uses not split"
CHI,11,CHI:11,U1,lui_ambiguous_gross,2.6033212590613567e-09,fraction,,,,diagnostic,False,Source coverage diagnostic
CHI,11,CHI:11,U1,lui_coverage_gross,0.9999999907068148,fraction,,,,diagnostic,False,Source coverage diagnostic
CHI,11,CHI:11,U1,lui_overlap_gross,1.038838021564061e-08,fraction,,,,diagnostic,False,Source coverage diagnostic
CHI,11,CHI:11,U1,lui_classified_land,0.7082965619639294,fraction,,,,diagnostic,False,Source coverage diagnostic
CHI,11,CHI:11,U1,lui_secondary_use_area_fraction,0.002199806861449023,fraction,,,,diagnostic,False,Source coverage diagnostic
CHI,12,CHI:12,U1,land_use_entropy_cmap_area8,0.5263790152503949,index,,,1102.0,local_source_exploratory,False,"CMAP 2023 primary LANDUSE; eight broad groups; within-category union on land, conflicting-category overlap excluded; excludes water,6000,9999; secondary uses not split"
CHI,12,CHI:12,U1,land_use_share_residential,0.5677661212809554,fraction,3471692.249614019,6114652.001041243,,local_source_exploratory,False,"CMAP 2023 primary LANDUSE; eight broad groups; within-category union on land, conflicting-category overlap excluded; excludes water,6000,9999; secondary uses not split"
CHI,12,CHI:12,U1,land_use_share_commercial,0.03416274428495948,fraction,208893.29270308776,6114652.001041243,,local_source_exploratory,False,"CMAP 2023 primary LANDUSE; eight broad groups; within-category union on land, conflicting-category overlap excluded; excludes water,6000,9999; secondary uses not split"
CHI,12,CHI:12,U1,land_use_share_institutional,0.02987281377861211,fraction,182661.86054812296,6114652.001041243,,local_source_exploratory,False,"CMAP 2023 primary LANDUSE; eight broad groups; within-category union on land, conflicting-category overlap excluded; excludes water,6000,9999; secondary uses not split"
CHI,12,CHI:12,U1,land_use_share_industrial,0.006948064611801699,fraction,42484.997181917104,6114652.001041243,,local_source_exploratory,False,"CMAP 2023 primary LANDUSE; eight broad groups; within-category union on land, conflicting-category overlap excluded; excludes water,6000,9999; secondary uses not split"
CHI,12,CHI:12,U1,land_use_share_transport_utilities,0.04803736545011272,fraction,293731.7727742812,6114652.001041243,,local_source_exploratory,False,"CMAP 2023 primary LANDUSE; eight broad groups; within-category union on land, conflicting-category overlap excluded; excludes water,6000,9999; secondary uses not split"
CHI,12,CHI:12,U1,land_use_share_agriculture,0.0,fraction,0.0,6114652.001041243,,local_source_exploratory,False,"CMAP 2023 primary LANDUSE; eight broad groups; within-category union on land, conflicting-category overlap excluded; excludes water,6000,9999; secondary uses not split"
CHI,12,CHI:12,U1,land_use_share_open_space,0.31180709043058785,fraction,1906591.849440242,6114652.001041243,,local_source_exploratory,False,"CMAP 2023 primary LANDUSE; eight broad groups; within-category union on land, conflicting-category overlap excluded; excludes water,6000,9999; secondary uses not split"
CHI,12,CHI:12,U1,land_use_share_vacant_construction,0.0014058001629707,fraction,8595.978779572897,6114652.001041243,,local_source_exploratory,False,"CMAP 2023 primary LANDUSE; eight broad groups; within-category union on land, conflicting-category overlap excluded; excludes water,6000,9999; secondary uses not split"
CHI,12,CHI:12,U1,lui_ambiguous_gross,3.8862977839892146e-08,fraction,,,,diagnostic,False,Source coverage diagnostic
CHI,12,CHI:12,U1,lui_coverage_gross,0.9999999492435488,fraction,,,,diagnostic,False,Source coverage diagnostic
CHI,12,CHI:12,U1,lui_overlap_gross,5.258070313757765e-08,fraction,,,,diagnostic,False,Source coverage diagnostic
CHI,12,CHI:12,U1,lui_classified_land,0.738957872600429,fraction,,,,diagnostic,False,Source coverage diagnostic
CHI,12,CHI:12,U1,lui_secondary_use_area_fraction,0.0021629787287275838,fraction,,,,diagnostic,False,Source coverage diagnostic
CHI,13,CHI:13,U1,land_use_entropy_cmap_area8,0.7258174689494794,index,,,804.0,local_source_exploratory,False,"CMAP 2023 primary LANDUSE; eight broad groups; within-category union on land, conflicting-category overlap excluded; excludes water,6000,9999; secondary uses not split"
CHI,13,CHI:13,U1,land_use_share_residential,0.36934827287989674,fraction,2015154.4149332633,5455973.569933393,,local_source_exploratory,False,"CMAP 2023 primary LANDUSE; eight broad groups; within-category union on land, conflicting-category overlap excluded; excludes water,6000,9999; secondary uses not split"
CHI,13,CHI:13,U1,land_use_share_commercial,0.052529383518624254,fraction,286598.9281225087,5455973.569933393,,local_source_exploratory,False,"CMAP 2023 primary LANDUSE; eight broad groups; within-category union on land, conflicting-category overlap excluded; excludes water,6000,9999; secondary uses not split"
CHI,13,CHI:13,U1,land_use_share_institutional,0.2921353433698793,fraction,1593882.712269478,5455973.569933393,,local_source_exploratory,False,"CMAP 2023 primary LANDUSE; eight broad groups; within-category union on land, conflicting-category overlap excluded; excludes water,6000,9999; secondary uses not split"
CHI,13,CHI:13,U1,land_use_share_industrial,0.05097133476687978,fraction,278098.25531232316,5455973.569933393,,local_source_exploratory,False,"CMAP 2023 primary LANDUSE; eight broad groups; within-category union on land, conflicting-category overlap excluded; excludes water,6000,9999; secondary uses not split"
CHI,13,CHI:13,U1,land_use_share_transport_utilities,0.04442191290849076,fraction,242364.78275460863,5455973.569933393,,local_source_exploratory,False,"CMAP 2023 primary LANDUSE; eight broad groups; within-category union on land, conflicting-category overlap excluded; excludes water,6000,9999; secondary uses not split"
CHI,13,CHI:13,U1,land_use_share_agriculture,0.00020820368001279272,fraction,1135.9537753126665,5455973.569933393,,local_source_exploratory,False,"CMAP 2023 primary LANDUSE; eight broad groups; within-category union on land, conflicting-category overlap excluded; excludes water,6000,9999; secondary uses not split"
CHI,13,CHI:13,U1,land_use_share_open_space,0.18634654779922277,fraction,1016701.8396408891,5455973.569933393,,local_source_exploratory,False,"CMAP 2023 primary LANDUSE; eight broad groups; within-category union on land, conflicting-category overlap excluded; excludes water,6000,9999; secondary uses not split"
CHI,13,CHI:13,U1,land_use_share_vacant_construction,0.004039001076993536,fraction,22036.68312500924,5455973.569933393,,local_source_exploratory,False,"CMAP 2023 primary LANDUSE; eight broad groups; within-category union on land, conflicting-category overlap excluded; excludes water,6000,9999; secondary uses not split"
CHI,13,CHI:13,U1,lui_ambiguous_gross,2.5355539724363446e-08,fraction,,,,diagnostic,False,Source coverage diagnostic
CHI,13,CHI:13,U1,lui_coverage_gross,0.9999999577355868,fraction,,,,diagnostic,False,Source coverage diagnostic
CHI,13,CHI:13,U1,lui_overlap_gross,2.6537507527619295e-08,fraction,,,,diagnostic,False,Source coverage diagnostic
CHI,13,CHI:13,U1,lui_classified_land,0.8361220933673165,fraction,,,,diagnostic,False,Source coverage diagnostic
CHI,13,CHI:13,U1,lui_secondary_use_area_fraction,0.0870361110068786,fraction,,,,diagnostic,False,Source coverage diagnostic
CHI,14,CHI:14,U1,land_use_entropy_cmap_area8,0.4746670742895898,index,,,1895.0,local_source_exploratory,False,"CMAP 2023 primary LANDUSE; eight broad groups; within-category union on land, conflicting-category overlap excluded; excludes water,6000,9999; secondary uses not split"
CHI,14,CHI:14,U1,land_use_share_residential,0.7156896001060117,fraction,2424590.033922701,3387767.5930508957,,local_source_exploratory,False,"CMAP 2023 primary LANDUSE; eight broad groups; within-category union on land, conflicting-category overlap excluded; excludes water,6000,9999; secondary uses not split"
CHI,14,CHI:14,U1,land_use_share_commercial,0.14022495222025716,fraction,475049.54886889743,3387767.5930508957,,local_source_exploratory,False,"CMAP 2023 primary LANDUSE; eight broad groups; within-category union on land, conflicting-category overlap excluded; excludes water,6000,9999; secondary uses not split"
CHI,14,CHI:14,U1,land_use_share_institutional,0.06637782807531663,fraction,224872.65485066158,3387767.5930508957,,local_source_exploratory,False,"CMAP 2023 primary LANDUSE; eight broad groups; within-category union on land, conflicting-category overlap excluded; excludes water,6000,9999; secondary uses not split"
CHI,14,CHI:14,U1,land_use_share_industrial,0.013049470683294,fraction,44208.57388733114,3387767.5930508957,,local_source_exploratory,False,"CMAP 2023 primary LANDUSE; eight broad groups; within-category union on land, conflicting-category overlap excluded; excludes water,6000,9999; secondary uses not split"
CHI,14,CHI:14,U1,land_use_share_transport_utilities,0.025734556025286237,fraction,87182.69492401739,3387767.5930508957,,local_source_exploratory,False,"CMAP 2023 primary LANDUSE; eight broad groups; within-category union on land, conflicting-category overlap excluded; excludes water,6000,9999; secondary uses not split"
CHI,14,CHI:14,U1,land_use_share_agriculture,0.0,fraction,0.0,3387767.5930508957,,local_source_exploratory,False,"CMAP 2023 primary LANDUSE; eight broad groups; within-category union on land, conflicting-category overlap excluded; excludes water,6000,9999; secondary uses not split"
CHI,14,CHI:14,U1,land_use_share_open_space,0.03390413449307224,fraction,114859.32810606918,3387767.5930508957,,local_source_exploratory,False,"CMAP 2023 primary LANDUSE; eight broad groups; within-category union on land, conflicting-category overlap excluded; excludes water,6000,9999; secondary uses not split"
CHI,14,CHI:14,U1,land_use_share_vacant_construction,0.005019458396762076,fraction,17004.758491217766,3387767.5930508957,,local_source_exploratory,False,"CMAP 2023 primary LANDUSE; eight broad groups; within-category union on land, conflicting-category overlap excluded; excludes water,6000,9999; secondary uses not split"
CHI,14,CHI:14,U1,lui_ambiguous_gross,3.4516606748387406e-09,fraction,,,,diagnostic,False,Source coverage diagnostic
CHI,14,CHI:14,U1,lui_coverage_gross,0.9999999840183033,fraction,,,,diagnostic,False,Source coverage diagnostic
CHI,14,CHI:14,U1,lui_overlap_gross,1.2885253246972674e-08,fraction,,,,diagnostic,False,Source coverage diagnostic
CHI,14,CHI:14,U1,lui_classified_land,0.685035364491731,fraction,,,,diagnostic,False,Source coverage diagnostic
CHI,14,CHI:14,U1,lui_secondary_use_area_fraction,0.0010797804655536404,fraction,,,,diagnostic,False,Source coverage diagnostic
CHI,15,CHI:15,U1,land_use_entropy_cmap_area8,0.4374639836960032,index,,,3688.0,local_source_exploratory,False,"CMAP 2023 primary LANDUSE; eight broad groups; within-category union on land, conflicting-category overlap excluded; excludes water,6000,9999; secondary uses not split"
CHI,15,CHI:15,U1,land_use_share_residential,0.7583545655259047,fraction,5434485.108665236,7166153.347934976,,local_source_exploratory,False,"CMAP 2023 primary LANDUSE; eight broad groups; within-category union on land, conflicting-category overlap excluded; excludes water,6000,9999; secondary uses not split"
CHI,15,CHI:15,U1,land_use_share_commercial,0.10387479410051911,fraction,744382.7035094914,7166153.347934976,,local_source_exploratory,False,"CMAP 2023 primary LANDUSE; eight broad groups; within-category union on land, conflicting-category overlap excluded; excludes water,6000,9999; secondary uses not split"
CHI,15,CHI:15,U1,land_use_share_institutional,0.05147301359123272,fraction,368863.5086751149,7166153.347934976,,local_source_exploratory,False,"CMAP 2023 primary LANDUSE; eight broad groups; within-category union on land, conflicting-category overlap excluded; excludes water,6000,9999; secondary uses not split"
CHI,15,CHI:15,U1,land_use_share_industrial,0.009492660300794362,fraction,68025.85939534695,7166153.347934976,,local_source_exploratory,False,"CMAP 2023 primary LANDUSE; eight broad groups; within-category union on land, conflicting-category overlap excluded; excludes water,6000,9999; secondary uses not split"
CHI,15,CHI:15,U1,land_use_share_transport_utilities,0.03063841747074736,fraction,219559.59793342566,7166153.347934976,,local_source_exploratory,False,"CMAP 2023 primary LANDUSE; eight broad groups; within-category union on land, conflicting-category overlap excluded; excludes water,6000,9999; secondary uses not split"
CHI,15,CHI:15,U1,land_use_share_agriculture,0.0,fraction,0.0,7166153.347934976,,local_source_exploratory,False,"CMAP 2023 primary LANDUSE; eight broad groups; within-category union on land, conflicting-category overlap excluded; excludes water,6000,9999; secondary uses not split"
CHI,15,CHI:15,U1,land_use_share_open_space,0.03953692557353013,fraction,283327.6715658089,7166153.347934976,,local_source_exploratory,False,"CMAP 2023 primary LANDUSE; eight broad groups; within-category union on land, conflicting-category overlap excluded; excludes water,6000,9999; secondary uses not split"
CHI,15,CHI:15,U1,land_use_share_vacant_construction,0.006629623437271584,fraction,47508.89819055195,7166153.347934976,,local_source_exploratory,False,"CMAP 2023 primary LANDUSE; eight broad groups; within-category union on land, conflicting-category overlap excluded; excludes water,6000,9999; secondary uses not split"
CHI,15,CHI:15,U1,lui_ambiguous_gross,3.221709630979433e-09,fraction,,,,diagnostic,False,Source coverage diagnostic
CHI,15,CHI:15,U1,lui_coverage_gross,0.9999999828106452,fraction,,,,diagnostic,False,Source coverage diagnostic
CHI,15,CHI:15,U1,lui_overlap_gross,3.502031633638298e-09,fraction,,,,diagnostic,False,Source coverage diagnostic
CHI,15,CHI:15,U1,lui_classified_land,0.7004789151387371,fraction,,,,diagnostic,False,Source coverage diagnostic
CHI,15,CHI:15,U1,lui_secondary_use_area_fraction,0.004856821093400633,fraction,,,,diagnostic,False,Source coverage diagnostic
CHI,16,CHI:16,U1,land_use_entropy_cmap_area8,0.5750621372026966,index,,,3849.0,local_source_exploratory,False,"CMAP 2023 primary LANDUSE; eight broad groups; within-category union on land, conflicting-category overlap excluded; excludes water,6000,9999; secondary uses not split"
CHI,16,CHI:16,U1,land_use_share_residential,0.6589642263055194,fraction,3753176.8832692914,5695570.007360588,,local_source_exploratory,False,"CMAP 2023 primary LANDUSE; eight broad groups; within-category union on land, conflicting-category overlap excluded; excludes water,6000,9999; secondary uses not split"
CHI,16,CHI:16,U1,land_use_share_commercial,0.10655220968281669,fraction,606875.5696874472,5695570.007360588,,local_source_exploratory,False,"CMAP 2023 primary LANDUSE; eight broad groups; within-category union on land, conflicting-category overlap excluded; excludes water,6000,9999; secondary uses not split"
CHI,16,CHI:16,U1,land_use_share_institutional,0.05053744620098797,fraction,287839.56283094635,5695570.007360588,,local_source_exploratory,False,"CMAP 2023 primary LANDUSE; eight broad groups; within-category union on land, conflicting-category overlap excluded; excludes water,6000,9999; secondary uses not split"
CHI,16,CHI:16,U1,land_use_share_industrial,0.041484140448271506,fraction,236275.8261183094,5695570.007360588,,local_source_exploratory,False,"CMAP 2023 primary LANDUSE; eight broad groups; within-category union on land, conflicting-category overlap excluded; excludes water,6000,9999; secondary uses not split"
CHI,16,CHI:16,U1,land_use_share_transport_utilities,0.06896274348579864,fraction,392782.1334230165,5695570.007360588,,local_source_exploratory,False,"CMAP 2023 primary LANDUSE; eight broad groups; within-category union on land, conflicting-category overlap excluded; excludes water,6000,9999; secondary uses not split"
CHI,16,CHI:16,U1,land_use_share_agriculture,0.0,fraction,0.0,5695570.007360588,,local_source_exploratory,False,"CMAP 2023 primary LANDUSE; eight broad groups; within-category union on land, conflicting-category overlap excluded; excludes water,6000,9999; secondary uses not split"
CHI,16,CHI:16,U1,land_use_share_open_space,0.06645473388515066,fraction,378497.5891633935,5695570.007360588,,local_source_exploratory,False,"CMAP 2023 primary LANDUSE; eight broad groups; within-category union on land, conflicting-category overlap excluded; excludes water,6000,9999; secondary uses not split"
CHI,16,CHI:16,U1,land_use_share_vacant_construction,0.0070444999914551385,fraction,40122.4428681838,5695570.007360588,,local_source_exploratory,False,"CMAP 2023 primary LANDUSE; eight broad groups; within-category union on land, conflicting-category overlap excluded; excludes water,6000,9999; secondary uses not split"
CHI,16,CHI:16,U1,lui_ambiguous_gross,9.144318411189952e-09,fraction,,,,diagnostic,False,Source coverage diagnostic
CHI,16,CHI:16,U1,lui_coverage_gross,0.9999999817549964,fraction,,,,diagnostic,False,Source coverage diagnostic
CHI,16,CHI:16,U1,lui_overlap_gross,1.3778787052486703e-08,fraction,,,,diagnostic,False,Source coverage diagnostic
CHI,16,CHI:16,U1,lui_classified_land,0.6873588868463906,fraction,,,,diagnostic,False,Source coverage diagnostic
CHI,16,CHI:16,U1,lui_secondary_use_area_fraction,0.002896861458156024,fraction,,,,diagnostic,False,Source coverage diagnostic
CHI,17,CHI:17,U1,land_use_entropy_cmap_area8,0.5126170715873289,index,,,1954.0,local_source_exploratory,False,"CMAP 2023 primary LANDUSE; eight broad groups; within-category union on land, conflicting-category overlap excluded; excludes water,6000,9999; secondary uses not split"
CHI,17,CHI:17,U1,land_use_share_residential,0.6573995967915959,fraction,4658674.769795093,7086519.055581277,,local_source_exploratory,False,"CMAP 2023 primary LANDUSE; eight broad groups; within-category union on land, conflicting-category overlap excluded; excludes water,6000,9999; secondary uses not split"
CHI,17,CHI:17,U1,land_use_share_commercial,0.05011098099628381,fraction,355112.4217240365,7086519.055581277,,local_source_exploratory,False,"CMAP 2023 primary LANDUSE; eight broad groups; within-category union on land, conflicting-category overlap excluded; excludes water,6000,9999; secondary uses not split"
CHI,17,CHI:17,U1,land_use_share_institutional,0.20426590056151328,fraction,1447534.1967346342,7086519.055581277,,local_source_exploratory,False,"CMAP 2023 primary LANDUSE; eight broad groups; within-category union on land, conflicting-category overlap excluded; excludes water,6000,9999; secondary uses not split"
CHI,17,CHI:17,U1,land_use_share_industrial,0.015849677113702273,fraction,112319.03889106162,7086519.055581277,,local_source_exploratory,False,"CMAP 2023 primary LANDUSE; eight broad groups; within-category union on land, conflicting-category overlap excluded; excludes water,6000,9999; secondary uses not split"
CHI,17,CHI:17,U1,land_use_share_transport_utilities,0.00910847586397407,fraction,64547.38777735439,7086519.055581277,,local_source_exploratory,False,"CMAP 2023 primary LANDUSE; eight broad groups; within-category union on land, conflicting-category overlap excluded; excludes water,6000,9999; secondary uses not split"
CHI,17,CHI:17,U1,land_use_share_agriculture,0.0,fraction,0.0,7086519.055581277,,local_source_exploratory,False,"CMAP 2023 primary LANDUSE; eight broad groups; within-category union on land, conflicting-category overlap excluded; excludes water,6000,9999; secondary uses not split"
CHI,17,CHI:17,U1,land_use_share_open_space,0.049896126587475276,fraction,353589.8518618391,7086519.055581277,,local_source_exploratory,False,"CMAP 2023 primary LANDUSE; eight broad groups; within-category union on land, conflicting-category overlap excluded; excludes water,6000,9999; secondary uses not split"
CHI,17,CHI:17,U1,land_use_share_vacant_construction,0.013369242085455296,fraction,94741.38879725813,7086519.055581277,,local_source_exploratory,False,"CMAP 2023 primary LANDUSE; eight broad groups; within-category union on land, conflicting-category overlap excluded; excludes water,6000,9999; secondary uses not split"
CHI,17,CHI:17,U1,lui_ambiguous_gross,3.2639009504742485e-09,fraction,,,,diagnostic,False,Source coverage diagnostic
CHI,17,CHI:17,U1,lui_coverage_gross,0.9999999937882343,fraction,,,,diagnostic,False,Source coverage diagnostic
CHI,17,CHI:17,U1,lui_overlap_gross,1.2077904683502098e-08,fraction,,,,diagnostic,False,Source coverage diagnostic
CHI,17,CHI:17,U1,lui_classified_land,0.7368192962080734,fraction,,,,diagnostic,False,Source coverage diagnostic
CHI,17,CHI:17,U1,lui_secondary_use_area_fraction,0.005403682439664967,fraction,,,,diagnostic,False,Source coverage diagnostic
CHI,18,CHI:18,U1,land_use_entropy_cmap_area8,0.5084961295399274,index,,,763.0,local_source_exploratory,False,"CMAP 2023 primary LANDUSE; eight broad groups; within-category union on land, conflicting-category overlap excluded; excludes water,6000,9999; secondary uses not split"
CHI,18,CHI:18,U1,land_use_share_residential,0.7034602545707239,fraction,1291462.3119331442,1835871.0439458159,,local_source_exploratory,False,"CMAP 2023 primary LANDUSE; eight broad groups; within-category union on land, conflicting-category overlap excluded; excludes water,6000,9999; secondary uses not split"
CHI,18,CHI:18,U1,land_use_share_commercial,0.12978896091350364,fraction,238275.79516491664,1835871.0439458159,,local_source_exploratory,False,"CMAP 2023 primary LANDUSE; eight broad groups; within-category union on land, conflicting-category overlap excluded; excludes water,6000,9999; secondary uses not split"
CHI,18,CHI:18,U1,land_use_share_institutional,0.0646230174031889,fraction,118639.52642292104,1835871.0439458159,,local_source_exploratory,False,"CMAP 2023 primary LANDUSE; eight broad groups; within-category union on land, conflicting-category overlap excluded; excludes water,6000,9999; secondary uses not split"
CHI,18,CHI:18,U1,land_use_share_industrial,0.03579666797270401,fraction,65718.06620082987,1835871.0439458159,,local_source_exploratory,False,"CMAP 2023 primary LANDUSE; eight broad groups; within-category union on land, conflicting-category overlap excluded; excludes water,6000,9999; secondary uses not split"
CHI,18,CHI:18,U1,land_use_share_transport_utilities,0.030896363867124146,fraction,56721.739786866994,1835871.0439458159,,local_source_exploratory,False,"CMAP 2023 primary LANDUSE; eight broad groups; within-category union on land, conflicting-category overlap excluded; excludes water,6000,9999; secondary uses not split"
CHI,18,CHI:18,U1,land_use_share_agriculture,0.0,fraction,0.0,1835871.0439458159,,local_source_exploratory,False,"CMAP 2023 primary LANDUSE; eight broad groups; within-category union on land, conflicting-category overlap excluded; excludes water,6000,9999; secondary uses not split"
CHI,18,CHI:18,U1,land_use_share_open_space,0.023031298364856873,fraction,42282.49377251735,1835871.0439458159,,local_source_exploratory,False,"CMAP 2023 primary LANDUSE; eight broad groups; within-category union on land, conflicting-category overlap excluded; excludes water,6000,9999; secondary uses not split"
CHI,18,CHI:18,U1,land_use_share_vacant_construction,0.012403436907898593,fraction,22771.110664619853,1835871.0439458159,,local_source_exploratory,False,"CMAP 2023 primary LANDUSE; eight broad groups; within-category union on land, conflicting-category overlap excluded; excludes water,6000,9999; secondary uses not split"
CHI,18,CHI:18,U1,lui_ambiguous_gross,7.571424583947806e-10,fraction,,,,diagnostic,False,Source coverage diagnostic
CHI,18,CHI:18,U1,lui_coverage_gross,0.9999999998542596,fraction,,,,diagnostic,False,Source coverage diagnostic
CHI,18,CHI:18,U1,lui_overlap_gross,7.571423098890114e-10,fraction,,,,diagnostic,False,Source coverage diagnostic
CHI,18,CHI:18,U1,lui_classified_land,0.717089038694411,fraction,,,,diagnostic,False,Source coverage diagnostic
CHI,18,CHI:18,U1,lui_secondary_use_area_fraction,0.0008895455226170896,fraction,,,,diagnostic,False,Source coverage diagnostic
CHI,19,CHI:19,U1,land_use_entropy_cmap_area8,0.5843049441406991,index,,,4315.0,local_source_exploratory,False,"CMAP 2023 primary LANDUSE; eight broad groups; within-category union on land, conflicting-category overlap excluded; excludes water,6000,9999; secondary uses not split"
CHI,19,CHI:19,U1,land_use_share_residential,0.6245596257535831,fraction,4484164.755327044,7179722.432292235,,local_source_exploratory,False,"CMAP 2023 primary LANDUSE; eight broad groups; within-category union on land, conflicting-category overlap excluded; excludes water,6000,9999; secondary uses not split"
CHI,19,CHI:19,U1,land_use_share_commercial,0.16115699639359465,fraction,1157062.5021279303,7179722.432292235,,local_source_exploratory,False,"CMAP 2023 primary LANDUSE; eight broad groups; within-category union on land, conflicting-category overlap excluded; excludes water,6000,9999; secondary uses not split"
CHI,19,CHI:19,U1,land_use_share_institutional,0.08451901881811207,fraction,606823.0953637287,7179722.432292235,,local_source_exploratory,False,"CMAP 2023 primary LANDUSE; eight broad groups; within-category union on land, conflicting-category overlap excluded; excludes water,6000,9999; secondary uses not split"
CHI,19,CHI:19,U1,land_use_share_industrial,0.06082569758267735,fraction,436711.62539417215,7179722.432292235,,local_source_exploratory,False,"CMAP 2023 primary LANDUSE; eight broad groups; within-category union on land, conflicting-category overlap excluded; excludes water,6000,9999; secondary uses not split"
CHI,19,CHI:19,U1,land_use_share_transport_utilities,0.026191816501826466,fraction,188049.9724806454,7179722.432292235,,local_source_exploratory,False,"CMAP 2023 primary LANDUSE; eight broad groups; within-category union on land, conflicting-category overlap excluded; excludes water,6000,9999; secondary uses not split"
CHI,19,CHI:19,U1,land_use_share_agriculture,0.0,fraction,0.0,7179722.432292235,,local_source_exploratory,False,"CMAP 2023 primary LANDUSE; eight broad groups; within-category union on land, conflicting-category overlap excluded; excludes water,6000,9999; secondary uses not split"
CHI,19,CHI:19,U1,land_use_share_open_space,0.036607368258919123,fraction,262830.74307574437,7179722.432292235,,local_source_exploratory,False,"CMAP 2023 primary LANDUSE; eight broad groups; within-category union on land, conflicting-category overlap excluded; excludes water,6000,9999; secondary uses not split"
CHI,19,CHI:19,U1,land_use_share_vacant_construction,0.006139476691287215,fraction,44079.738522970125,7179722.432292235,,local_source_exploratory,False,"CMAP 2023 primary LANDUSE; eight broad groups; within-category union on land, conflicting-category overlap excluded; excludes water,6000,9999; secondary uses not split"
CHI,19,CHI:19,U1,lui_ambiguous_gross,4.75978603026443e-09,fraction,,,,diagnostic,False,Source coverage diagnostic
CHI,19,CHI:19,U1,lui_coverage_gross,0.9999999165192911,fraction,,,,diagnostic,False,Source coverage diagnostic
CHI,19,CHI:19,U1,lui_overlap_gross,2.5185896096909388e-08,fraction,,,,diagnostic,False,Source coverage diagnostic
CHI,19,CHI:19,U1,lui_classified_land,0.7088592160089191,fraction,,,,diagnostic,False,Source coverage diagnostic
CHI,19,CHI:19,U1,lui_secondary_use_area_fraction,0.004881140024511871,fraction,,,,diagnostic,False,Source coverage diagnostic
CHI,20,CHI:20,U1,land_use_entropy_cmap_area8,0.6006860451416307,index,,,1469.0,local_source_exploratory,False,"CMAP 2023 primary LANDUSE; eight broad groups; within-category union on land, conflicting-category overlap excluded; excludes water,6000,9999; secondary uses not split"
CHI,20,CHI:20,U1,land_use_share_residential,0.5879132082889493,fraction,1267904.4170505481,2156618.3565438706,,local_source_exploratory,False,"CMAP 2023 primary LANDUSE; eight broad groups; within-category union on land, conflicting-category overlap excluded; excludes water,6000,9999; secondary uses not split"
CHI,20,CHI:20,U1,land_use_share_commercial,0.07591169809983325,fraction,163712.56159851686,2156618.3565438706,,local_source_exploratory,False,"CMAP 2023 primary LANDUSE; eight broad groups; within-category union on land, conflicting-category overlap excluded; excludes water,6000,9999; secondary uses not split"
CHI,20,CHI:20,U1,land_use_share_institutional,0.0360655521227253,fraction,77779.63174675914,2156618.3565438706,,local_source_exploratory,False,"CMAP 2023 primary LANDUSE; eight broad groups; within-category union on land, conflicting-category overlap excluded; excludes water,6000,9999; secondary uses not split"
CHI,20,CHI:20,U1,land_use_share_industrial,0.20862298249311578,fraction,449920.15364158404,2156618.3565438706,,local_source_exploratory,False,"CMAP 2023 primary LANDUSE; eight broad groups; within-category union on land, conflicting-category overlap excluded; excludes water,6000,9999; secondary uses not split"
CHI,20,CHI:20,U1,land_use_share_transport_utilities,0.05700894947843456,fraction,122946.54693247408,2156618.3565438706,,local_source_exploratory,False,"CMAP 2023 primary LANDUSE; eight broad groups; within-category union on land, conflicting-category overlap excluded; excludes water,6000,9999; secondary uses not split"
CHI,20,CHI:20,U1,land_use_share_agriculture,0.0,fraction,0.0,2156618.3565438706,,local_source_exploratory,False,"CMAP 2023 primary LANDUSE; eight broad groups; within-category union on land, conflicting-category overlap excluded; excludes water,6000,9999; secondary uses not split"
CHI,20,CHI:20,U1,land_use_share_open_space,0.029114947038877768,fraction,62789.8292338464,2156618.3565438706,,local_source_exploratory,False,"CMAP 2023 primary LANDUSE; eight broad groups; within-category union on land, conflicting-category overlap excluded; excludes water,6000,9999; secondary uses not split"
CHI,20,CHI:20,U1,land_use_share_vacant_construction,0.005362662478064219,fraction,11565.216340142337,2156618.3565438706,,local_source_exploratory,False,"CMAP 2023 primary LANDUSE; eight broad groups; within-category union on land, conflicting-category overlap excluded; excludes water,6000,9999; secondary uses not split"
CHI,20,CHI:20,U1,lui_ambiguous_gross,5.647581558263502e-10,fraction,,,,diagnostic,False,Source coverage diagnostic
CHI,20,CHI:20,U1,lui_coverage_gross,0.999999999534658,fraction,,,,diagnostic,False,Source coverage diagnostic
CHI,20,CHI:20,U1,lui_overlap_gross,6.124428253189491e-10,fraction,,,,diagnostic,False,Source coverage diagnostic
CHI,20,CHI:20,U1,lui_classified_land,0.7125396684645704,fraction,,,,diagnostic,False,Source coverage diagnostic
CHI,20,CHI:20,U1,lui_secondary_use_area_fraction,0.0,fraction,,,,diagnostic,False,Source coverage diagnostic
CHI,21,CHI:21,U1,land_use_entropy_cmap_area8,0.6601594542442335,index,,,2643.0,local_source_exploratory,False,"CMAP 2023 primary LANDUSE; eight broad groups; within-category union on land, conflicting-category overlap excluded; excludes water,6000,9999; secondary uses not split"
CHI,21,CHI:21,U1,land_use_share_residential,0.5312809275572972,fraction,1953988.0376670894,3677881.0160776144,,local_source_exploratory,False,"CMAP 2023 primary LANDUSE; eight broad groups; within-category union on land, conflicting-category overlap excluded; excludes water,6000,9999; secondary uses not split"
CHI,21,CHI:21,U1,land_use_share_commercial,0.16876648725579288,fraction,620703.0596281852,3677881.0160776144,,local_source_exploratory,False,"CMAP 2023 primary LANDUSE; eight broad groups; within-category union on land, conflicting-category overlap excluded; excludes water,6000,9999; secondary uses not split"
CHI,21,CHI:21,U1,land_use_share_institutional,0.03380593108694127,fraction,124334.19217548938,3677881.0160776144,,local_source_exploratory,False,"CMAP 2023 primary LANDUSE; eight broad groups; within-category union on land, conflicting-category overlap excluded; excludes water,6000,9999; secondary uses not split"
CHI,21,CHI:21,U1,land_use_share_industrial,0.11045248899682415,fraction,406231.1124599411,3677881.0160776144,,local_source_exploratory,False,"CMAP 2023 primary LANDUSE; eight broad groups; within-category union on land, conflicting-category overlap excluded; excludes water,6000,9999; secondary uses not split"
CHI,21,CHI:21,U1,land_use_share_transport_utilities,0.12888987924696985,fraction,474041.64004696644,3677881.0160776144,,local_source_exploratory,False,"CMAP 2023 primary LANDUSE; eight broad groups; within-category union on land, conflicting-category overlap excluded; excludes water,6000,9999; secondary uses not split"
CHI,21,CHI:21,U1,land_use_share_agriculture,0.0,fraction,0.0,3677881.0160776144,,local_source_exploratory,False,"CMAP 2023 primary LANDUSE; eight broad groups; within-category union on land, conflicting-category overlap excluded; excludes water,6000,9999; secondary uses not split"
CHI,21,CHI:21,U1,land_use_share_open_space,0.0096967861104108,fraction,35663.625552444966,3677881.0160776144,,local_source_exploratory,False,"CMAP 2023 primary LANDUSE; eight broad groups; within-category union on land, conflicting-category overlap excluded; excludes water,6000,9999; secondary uses not split"
CHI,21,CHI:21,U1,land_use_share_vacant_construction,0.01710749974576413,fraction,62919.34854749851,3677881.0160776144,,local_source_exploratory,False,"CMAP 2023 primary LANDUSE; eight broad groups; within-category union on land, conflicting-category overlap excluded; excludes water,6000,9999; secondary uses not split"
CHI,21,CHI:21,U1,lui_ambiguous_gross,4.971280722826853e-08,fraction,,,,diagnostic,False,Source coverage diagnostic
CHI,21,CHI:21,U1,lui_coverage_gross,0.9999999306749133,fraction,,,,diagnostic,False,Source coverage diagnostic
CHI,21,CHI:21,U1,lui_overlap_gross,5.5730269964483654e-08,fraction,,,,diagnostic,False,Source coverage diagnostic
CHI,21,CHI:21,U1,lui_classified_land,0.7190637349250439,fraction,,,,diagnostic,False,Source coverage diagnostic
CHI,21,CHI:21,U1,lui_secondary_use_area_fraction,0.002510208209236831,fraction,,,,diagnostic,False,Source coverage diagnostic
CHI,22,CHI:22,U1,land_use_entropy_cmap_area8,0.6096913354167661,index,,,5347.0,local_source_exploratory,False,"CMAP 2023 primary LANDUSE; eight broad groups; within-category union on land, conflicting-category overlap excluded; excludes water,6000,9999; secondary uses not split"
CHI,22,CHI:22,U1,land_use_share_residential,0.6055327266626783,fraction,3789047.457257575,6257378.487436112,,local_source_exploratory,False,"CMAP 2023 primary LANDUSE; eight broad groups; within-category union on land, conflicting-category overlap excluded; excludes water,6000,9999; secondary uses not split"
CHI,22,CHI:22,U1,land_use_share_commercial,0.1772169769258647,fraction,1108913.6990243676,6257378.487436112,,local_source_exploratory,False,"CMAP 2023 primary LANDUSE; eight broad groups; within-category union on land, conflicting-category overlap excluded; excludes water,6000,9999; secondary uses not split"
CHI,22,CHI:22,U1,land_use_share_institutional,0.04345634558703521,fraction,271922.80201890337,6257378.487436112,,local_source_exploratory,False,"CMAP 2023 primary LANDUSE; eight broad groups; within-category union on land, conflicting-category overlap excluded; excludes water,6000,9999; secondary uses not split"
CHI,22,CHI:22,U1,land_use_share_industrial,0.05800709854603367,fraction,362972.3705605377,6257378.487436112,,local_source_exploratory,False,"CMAP 2023 primary LANDUSE; eight broad groups; within-category union on land, conflicting-category overlap excluded; excludes water,6000,9999; secondary uses not split"
CHI,22,CHI:22,U1,land_use_share_transport_utilities,0.07164760678404018,fraction,448326.1933667347,6257378.487436112,,local_source_exploratory,False,"CMAP 2023 primary LANDUSE; eight broad groups; within-category union on land, conflicting-category overlap excluded; excludes water,6000,9999; secondary uses not split"
CHI,22,CHI:22,U1,land_use_share_agriculture,0.0,fraction,0.0,6257378.487436112,,local_source_exploratory,False,"CMAP 2023 primary LANDUSE; eight broad groups; within-category union on land, conflicting-category overlap excluded; excludes water,6000,9999; secondary uses not split"
CHI,22,CHI:22,U1,land_use_share_open_space,0.027245304844330423,fraction,170484.18441655207,6257378.487436112,,local_source_exploratory,False,"CMAP 2023 primary LANDUSE; eight broad groups; within-category union on land, conflicting-category overlap excluded; excludes water,6000,9999; secondary uses not split"
CHI,22,CHI:22,U1,land_use_share_vacant_construction,0.016893940650017477,fraction,105711.78079144181,6257378.487436112,,local_source_exploratory,False,"CMAP 2023 primary LANDUSE; eight broad groups; within-category union on land, conflicting-category overlap excluded; excludes water,6000,9999; secondary uses not split"
CHI,22,CHI:22,U1,lui_ambiguous_gross,8.14927657129274e-09,fraction,,,,diagnostic,False,Source coverage diagnostic
CHI,22,CHI:22,U1,lui_coverage_gross,0.9999999856767647,fraction,,,,diagnostic,False,Source coverage diagnostic
CHI,22,CHI:22,U1,lui_overlap_gross,1.4927512137914592e-08,fraction,,,,diagnostic,False,Source coverage diagnostic
CHI,22,CHI:22,U1,lui_classified_land,0.6739232376484632,fraction,,,,diagnostic,False,Source coverage diagnostic
CHI,22,CHI:22,U1,lui_secondary_use_area_fraction,0.005309698534427831,fraction,,,,diagnostic,False,Source coverage diagnostic
CHI,23,CHI:23,U1,land_use_entropy_cmap_area8,0.772170565523314,index,,,4903.0,local_source_exploratory,False,"CMAP 2023 primary LANDUSE; eight broad groups; within-category union on land, conflicting-category overlap excluded; excludes water,6000,9999; secondary uses not split"
CHI,23,CHI:23,U1,land_use_share_residential,0.4201922662754586,fraction,2860311.9944983968,6807150.49768029,,local_source_exploratory,False,"CMAP 2023 primary LANDUSE; eight broad groups; within-category union on land, conflicting-category overlap excluded; excludes water,6000,9999; secondary uses not split"
CHI,23,CHI:23,U1,land_use_share_commercial,0.10256788054338088,fraction,698194.9990868877,6807150.49768029,,local_source_exploratory,False,"CMAP 2023 primary LANDUSE; eight broad groups; within-category union on land, conflicting-category overlap excluded; excludes water,6000,9999; secondary uses not split"
CHI,23,CHI:23,U1,land_use_share_institutional,0.08859568779901898,fraction,603084.1802934196,6807150.49768029,,local_source_exploratory,False,"CMAP 2023 primary LANDUSE; eight broad groups; within-category union on land, conflicting-category overlap excluded; excludes water,6000,9999; secondary uses not split"
CHI,23,CHI:23,U1,land_use_share_industrial,0.19582035076622586,fraction,1332978.5981742432,6807150.49768029,,local_source_exploratory,False,"CMAP 2023 primary LANDUSE; eight broad groups; within-category union on land, conflicting-category overlap excluded; excludes water,6000,9999; secondary uses not split"
CHI,23,CHI:23,U1,land_use_share_transport_utilities,0.1195945707326592,fraction,814098.2416826816,6807150.49768029,,local_source_exploratory,False,"CMAP 2023 primary LANDUSE; eight broad groups; within-category union on land, conflicting-category overlap excluded; excludes water,6000,9999; secondary uses not split"
CHI,23,CHI:23,U1,land_use_share_agriculture,0.0,fraction,0.0,6807150.49768029,,local_source_exploratory,False,"CMAP 2023 primary LANDUSE; eight broad groups; within-category union on land, conflicting-category overlap excluded; excludes water,6000,9999; secondary uses not split"
CHI,23,CHI:23,U1,land_use_share_open_space,0.009551565720948592,fraction,65018.9453509812,6807150.49768029,,local_source_exploratory,False,"CMAP 2023 primary LANDUSE; eight broad groups; within-category union on land, conflicting-category overlap excluded; excludes water,6000,9999; secondary uses not split"
CHI,23,CHI:23,U1,land_use_share_vacant_construction,0.06367767816230795,fraction,433463.53859367984,6807150.49768029,,local_source_exploratory,False,"CMAP 2023 primary LANDUSE; eight broad groups; within-category union on land, conflicting-category overlap excluded; excludes water,6000,9999; secondary uses not split"
CHI,23,CHI:23,U1,lui_ambiguous_gross,2.9721329321588924e-08,fraction,,,,diagnostic,False,Source coverage diagnostic
CHI,23,CHI:23,U1,lui_coverage_gross,0.9999999073160724,fraction,,,,diagnostic,False,Source coverage diagnostic
CHI,23,CHI:23,U1,lui_overlap_gross,3.372423354184999e-08,fraction,,,,diagnostic,False,Source coverage diagnostic
CHI,23,CHI:23,U1,lui_classified_land,0.7297354140962393,fraction,,,,diagnostic,False,Source coverage diagnostic
CHI,23,CHI:23,U1,lui_secondary_use_area_fraction,0.013783675725700878,fraction,,,,diagnostic,False,Source coverage diagnostic
CHI,24,CHI:24,U1,land_use_entropy_cmap_area8,0.7641782060622734,index,,,6280.0,local_source_exploratory,False,"CMAP 2023 primary LANDUSE; eight broad groups; within-category union on land, conflicting-category overlap excluded; excludes water,6000,9999; secondary uses not split"
CHI,24,CHI:24,U1,land_use_share_residential,0.4700162382445453,fraction,3856212.9431428644,8204424.931243569,,local_source_exploratory,False,"CMAP 2023 primary LANDUSE; eight broad groups; within-category union on land, conflicting-category overlap excluded; excludes water,6000,9999; secondary uses not split"
CHI,24,CHI:24,U1,land_use_share_commercial,0.14502936781635697,fraction,1189882.561075013,8204424.931243569,,local_source_exploratory,False,"CMAP 2023 primary LANDUSE; eight broad groups; within-category union on land, conflicting-category overlap excluded; excludes water,6000,9999; secondary uses not split"
CHI,24,CHI:24,U1,land_use_share_institutional,0.0639479635257316,fraction,524656.2662527667,8204424.931243569,,local_source_exploratory,False,"CMAP 2023 primary LANDUSE; eight broad groups; within-category union on land, conflicting-category overlap excluded; excludes water,6000,9999; secondary uses not split"
CHI,24,CHI:24,U1,land_use_share_industrial,0.09222225282938916,fraction,756630.5503288881,8204424.931243569,,local_source_exploratory,False,"CMAP 2023 primary LANDUSE; eight broad groups; within-category union on land, conflicting-category overlap excluded; excludes water,6000,9999; secondary uses not split"
CHI,24,CHI:24,U1,land_use_share_transport_utilities,0.07621830595995516,fraction,625327.3696350064,8204424.931243569,,local_source_exploratory,False,"CMAP 2023 primary LANDUSE; eight broad groups; within-category union on land, conflicting-category overlap excluded; excludes water,6000,9999; secondary uses not split"
CHI,24,CHI:24,U1,land_use_share_agriculture,0.0,fraction,0.0,8204424.931243569,,local_source_exploratory,False,"CMAP 2023 primary LANDUSE; eight broad groups; within-category union on land, conflicting-category overlap excluded; excludes water,6000,9999; secondary uses not split"
CHI,24,CHI:24,U1,land_use_share_open_space,0.12266866164106471,fraction,1006425.825850233,8204424.931243569,,local_source_exploratory,False,"CMAP 2023 primary LANDUSE; eight broad groups; within-category union on land, conflicting-category overlap excluded; excludes water,6000,9999; secondary uses not split"
CHI,24,CHI:24,U1,land_use_share_vacant_construction,0.029897209982957154,fraction,245289.41495879777,8204424.931243569,,local_source_exploratory,False,"CMAP 2023 primary LANDUSE; eight broad groups; within-category union on land, conflicting-category overlap excluded; excludes water,6000,9999; secondary uses not split"
CHI,24,CHI:24,U1,lui_ambiguous_gross,2.2622326273784567e-08,fraction,,,,diagnostic,False,Source coverage diagnostic
CHI,24,CHI:24,U1,lui_coverage_gross,0.9999999643307103,fraction,,,,diagnostic,False,Source coverage diagnostic
CHI,24,CHI:24,U1,lui_overlap_gross,1.3650351354403642e-07,fraction,,,,diagnostic,False,Source coverage diagnostic
CHI,24,CHI:24,U1,lui_classified_land,0.6930477564679788,fraction,,,,diagnostic,False,Source coverage diagnostic
CHI,24,CHI:24,U1,lui_secondary_use_area_fraction,0.0016020650338986425,fraction,,,,diagnostic,False,Source coverage diagnostic
CHI,25,CHI:25,U1,land_use_entropy_cmap_area8,0.7348583594325008,index,,,6812.0,local_source_exploratory,False,"CMAP 2023 primary LANDUSE; eight broad groups; within-category union on land, conflicting-category overlap excluded; excludes water,6000,9999; secondary uses not split"
CHI,25,CHI:25,U1,land_use_share_residential,0.5196003657292217,fraction,7017073.018906651,13504749.961171973,,local_source_exploratory,False,"CMAP 2023 primary LANDUSE; eight broad groups; within-category union on land, conflicting-category overlap excluded; excludes water,6000,9999; secondary uses not split"
CHI,25,CHI:25,U1,land_use_share_commercial,0.07532176746225175,fraction,1017201.6362112487,13504749.961171973,,local_source_exploratory,False,"CMAP 2023 primary LANDUSE; eight broad groups; within-category union on land, conflicting-category overlap excluded; excludes water,6000,9999; secondary uses not split"
CHI,25,CHI:25,U1,land_use_share_institutional,0.06632142480012983,fraction,895654.2589944232,13504749.961171973,,local_source_exploratory,False,"CMAP 2023 primary LANDUSE; eight broad groups; within-category union on land, conflicting-category overlap excluded; excludes water,6000,9999; secondary uses not split"
CHI,25,CHI:25,U1,land_use_share_industrial,0.14147296157265937,fraction,1910556.9723052557,13504749.961171973,,local_source_exploratory,False,"CMAP 2023 primary LANDUSE; eight broad groups; within-category union on land, conflicting-category overlap excluded; excludes water,6000,9999; secondary uses not split"
CHI,25,CHI:25,U1,land_use_share_transport_utilities,0.07064250062633282,fraction,954009.3075905591,13504749.961171973,,local_source_exploratory,False,"CMAP 2023 primary LANDUSE; eight broad groups; within-category union on land, conflicting-category overlap excluded; excludes water,6000,9999; secondary uses not split"
CHI,25,CHI:25,U1,land_use_share_agriculture,0.0,fraction,0.0,13504749.961171973,,local_source_exploratory,False,"CMAP 2023 primary LANDUSE; eight broad groups; within-category union on land, conflicting-category overlap excluded; excludes water,6000,9999; secondary uses not split"
CHI,25,CHI:25,U1,land_use_share_open_space,0.06007750884121599,fraction,811331.7351907205,13504749.961171973,,local_source_exploratory,False,"CMAP 2023 primary LANDUSE; eight broad groups; within-category union on land, conflicting-category overlap excluded; excludes water,6000,9999; secondary uses not split"
CHI,25,CHI:25,U1,land_use_share_vacant_construction,0.0665634709681884,fraction,898923.0319731141,13504749.961171973,,local_source_exploratory,False,"CMAP 2023 primary LANDUSE; eight broad groups; within-category union on land, conflicting-category overlap excluded; excludes water,6000,9999; secondary uses not split"
CHI,25,CHI:25,U1,lui_ambiguous_gross,3.2436670798198764e-07,fraction,,,,diagnostic,False,Source coverage diagnostic
CHI,25,CHI:25,U1,lui_coverage_gross,0.9999999871355161,fraction,,,,diagnostic,False,Source coverage diagnostic
CHI,25,CHI:25,U1,lui_overlap_gross,3.256288492773588e-07,fraction,,,,diagnostic,False,Source coverage diagnostic
CHI,25,CHI:25,U1,lui_classified_land,0.7300527840230219,fraction,,,,diagnostic,False,Source coverage diagnostic
CHI,25,CHI:25,U1,lui_secondary_use_area_fraction,0.00025057514241271433,fraction,,,,diagnostic,False,Source coverage diagnostic
CHI,26,CHI:26,U1,land_use_entropy_cmap_area8,0.7637722459205798,index,,,2315.0,local_source_exploratory,False,"CMAP 2023 primary LANDUSE; eight broad groups; within-category union on land, conflicting-category overlap excluded; excludes water,6000,9999; secondary uses not split"
CHI,26,CHI:26,U1,land_use_share_residential,0.4161949747410995,fraction,936943.7423262715,2251213.491727313,,local_source_exploratory,False,"CMAP 2023 primary LANDUSE; eight broad groups; within-category union on land, conflicting-category overlap excluded; excludes water,6000,9999; secondary uses not split"
CHI,26,CHI:26,U1,land_use_share_commercial,0.07866818840823525,fraction,177098.8871143654,2251213.491727313,,local_source_exploratory,False,"CMAP 2023 primary LANDUSE; eight broad groups; within-category union on land, conflicting-category overlap excluded; excludes water,6000,9999; secondary uses not split"
CHI,26,CHI:26,U1,land_use_share_institutional,0.07547565933695242,fraction,169911.82259636183,2251213.491727313,,local_source_exploratory,False,"CMAP 2023 primary LANDUSE; eight broad groups; within-category union on land, conflicting-category overlap excluded; excludes water,6000,9999; secondary uses not split"
CHI,26,CHI:26,U1,land_use_share_industrial,0.0727689740805637,fraction,163818.49622932012,2251213.491727313,,local_source_exploratory,False,"CMAP 2023 primary LANDUSE; eight broad groups; within-category union on land, conflicting-category overlap excluded; excludes water,6000,9999; secondary uses not split"
CHI,26,CHI:26,U1,land_use_share_transport_utilities,0.1121213300104065,fraction,252409.0508298376,2251213.491727313,,local_source_exploratory,False,"CMAP 2023 primary LANDUSE; eight broad groups; within-category union on land, conflicting-category overlap excluded; excludes water,6000,9999; secondary uses not split"
CHI,26,CHI:26,U1,land_use_share_agriculture,0.0,fraction,0.0,2251213.491727313,,local_source_exploratory,False,"CMAP 2023 primary LANDUSE; eight broad groups; within-category union on land, conflicting-category overlap excluded; excludes water,6000,9999; secondary uses not split"
CHI,26,CHI:26,U1,land_use_share_open_space,0.011975902451901657,fraction,26960.31317533122,2251213.491727313,,local_source_exploratory,False,"CMAP 2023 primary LANDUSE; eight broad groups; within-category union on land, conflicting-category overlap excluded; excludes water,6000,9999; secondary uses not split"
CHI,26,CHI:26,U1,land_use_share_vacant_construction,0.23279497097084106,fraction,524071.1794558256,2251213.491727313,,local_source_exploratory,False,"CMAP 2023 primary LANDUSE; eight broad groups; within-category union on land, conflicting-category overlap excluded; excludes water,6000,9999; secondary uses not split"
CHI,26,CHI:26,U1,lui_ambiguous_gross,2.3989696339153948e-08,fraction,,,,diagnostic,False,Source coverage diagnostic
CHI,26,CHI:26,U1,lui_coverage_gross,0.9999999585901084,fraction,,,,diagnostic,False,Source coverage diagnostic
CHI,26,CHI:26,U1,lui_overlap_gross,7.712385204260757e-08,fraction,,,,diagnostic,False,Source coverage diagnostic
CHI,26,CHI:26,U1,lui_classified_land,0.6718575009241978,fraction,,,,diagnostic,False,Source coverage diagnostic
CHI,26,CHI:26,U1,lui_secondary_use_area_fraction,0.0,fraction,,,,diagnostic,False,Source coverage diagnostic
CHI,27,CHI:27,U1,land_use_entropy_cmap_area8,0.8659233073504514,index,,,2767.0,local_source_exploratory,False,"CMAP 2023 primary LANDUSE; eight broad groups; within-category union on land, conflicting-category overlap excluded; excludes water,6000,9999; secondary uses not split"
CHI,27,CHI:27,U1,land_use_share_residential,0.292785682321399,fraction,1078659.248087077,3684125.670130968,,local_source_exploratory,False,"CMAP 2023 primary LANDUSE; eight broad groups; within-category union on land, conflicting-category overlap excluded; excludes water,6000,9999; secondary uses not split"
CHI,27,CHI:27,U1,land_use_share_commercial,0.05281910502447543,fraction,194592.22069401352,3684125.670130968,,local_source_exploratory,False,"CMAP 2023 primary LANDUSE; eight broad groups; within-category union on land, conflicting-category overlap excluded; excludes water,6000,9999; secondary uses not split"
CHI,27,CHI:27,U1,land_use_share_institutional,0.10174784550237909,fraction,374851.84949583455,3684125.670130968,,local_source_exploratory,False,"CMAP 2023 primary LANDUSE; eight broad groups; within-category union on land, conflicting-category overlap excluded; excludes water,6000,9999; secondary uses not split"
CHI,27,CHI:27,U1,land_use_share_industrial,0.07924466860898254,fraction,291947.3178433743,3684125.670130968,,local_source_exploratory,False,"CMAP 2023 primary LANDUSE; eight broad groups; within-category union on land, conflicting-category overlap excluded; excludes water,6000,9999; secondary uses not split"
CHI,27,CHI:27,U1,land_use_share_transport_utilities,0.09379341886683662,fraction,345546.74213665904,3684125.670130968,,local_source_exploratory,False,"CMAP 2023 primary LANDUSE; eight broad groups; within-category union on land, conflicting-category overlap excluded; excludes water,6000,9999; secondary uses not split"
CHI,27,CHI:27,U1,land_use_share_agriculture,0.0,fraction,0.0,3684125.670130968,,local_source_exploratory,False,"CMAP 2023 primary LANDUSE; eight broad groups; within-category union on land, conflicting-category overlap excluded; excludes water,6000,9999; secondary uses not split"
CHI,27,CHI:27,U1,land_use_share_open_space,0.20001713549481293,fraction,736888.2633425043,3684125.670130968,,local_source_exploratory,False,"CMAP 2023 primary LANDUSE; eight broad groups; within-category union on land, conflicting-category overlap excluded; excludes water,6000,9999; secondary uses not split"
CHI,27,CHI:27,U1,land_use_share_vacant_construction,0.17959214418111433,fraction,661640.0285315053,3684125.670130968,,local_source_exploratory,False,"CMAP 2023 primary LANDUSE; eight broad groups; within-category union on land, conflicting-category overlap excluded; excludes water,6000,9999; secondary uses not split"
CHI,27,CHI:27,U1,lui_ambiguous_gross,4.4539206781082195e-07,fraction,,,,diagnostic,False,Source coverage diagnostic
CHI,27,CHI:27,U1,lui_coverage_gross,0.9999999721913635,fraction,,,,diagnostic,False,Source coverage diagnostic
CHI,27,CHI:27,U1,lui_overlap_gross,4.4562251730374206e-07,fraction,,,,diagnostic,False,Source coverage diagnostic
CHI,27,CHI:27,U1,lui_classified_land,0.7364907814797662,fraction,,,,diagnostic,False,Source coverage diagnostic
CHI,27,CHI:27,U1,lui_secondary_use_area_fraction,0.004813991927110453,fraction,,,,diagnostic,False,Source coverage diagnostic
CHI,28,CHI:28,U1,land_use_entropy_cmap_area8,0.863274267389229,index,,,3447.0,local_source_exploratory,False,"CMAP 2023 primary LANDUSE; eight broad groups; within-category union on land, conflicting-category overlap excluded; excludes water,6000,9999; secondary uses not split"
CHI,28,CHI:28,U1,land_use_share_residential,0.2104337679714046,fraction,2248498.745907802,10685066.220994275,,local_source_exploratory,False,"CMAP 2023 primary LANDUSE; eight broad groups; within-category union on land, conflicting-category overlap excluded; excludes water,6000,9999; secondary uses not split"
CHI,28,CHI:28,U1,land_use_share_commercial,0.17556563909797873,fraction,1875930.4798930844,10685066.220994275,,local_source_exploratory,False,"CMAP 2023 primary LANDUSE; eight broad groups; within-category union on land, conflicting-category overlap excluded; excludes water,6000,9999; secondary uses not split"
CHI,28,CHI:28,U1,land_use_share_institutional,0.20817146683708243,fraction,2224325.9084757394,10685066.220994275,,local_source_exploratory,False,"CMAP 2023 primary LANDUSE; eight broad groups; within-category union on land, conflicting-category overlap excluded; excludes water,6000,9999; secondary uses not split"
CHI,28,CHI:28,U1,land_use_share_industrial,0.09680679198932439,fraction,1034386.9830479492,10685066.220994275,,local_source_exploratory,False,"CMAP 2023 primary LANDUSE; eight broad groups; within-category union on land, conflicting-category overlap excluded; excludes water,6000,9999; secondary uses not split"
CHI,28,CHI:28,U1,land_use_share_transport_utilities,0.21256950312285922,fraction,2271319.2174316,10685066.220994275,,local_source_exploratory,False,"CMAP 2023 primary LANDUSE; eight broad groups; within-category union on land, conflicting-category overlap excluded; excludes water,6000,9999; secondary uses not split"
CHI,28,CHI:28,U1,land_use_share_agriculture,0.0004178131863934517,fraction,4464.361564618655,10685066.220994275,,local_source_exploratory,False,"CMAP 2023 primary LANDUSE; eight broad groups; within-category union on land, conflicting-category overlap excluded; excludes water,6000,9999; secondary uses not split"
CHI,28,CHI:28,U1,land_use_share_open_space,0.021878035411841468,fraction,233768.25716078383,10685066.220994275,,local_source_exploratory,False,"CMAP 2023 primary LANDUSE; eight broad groups; within-category union on land, conflicting-category overlap excluded; excludes water,6000,9999; secondary uses not split"
CHI,28,CHI:28,U1,land_use_share_vacant_construction,0.07415698238311576,fraction,792372.2675126977,10685066.220994275,,local_source_exploratory,False,"CMAP 2023 primary LANDUSE; eight broad groups; within-category union on land, conflicting-category overlap excluded; excludes water,6000,9999; secondary uses not split"
CHI,28,CHI:28,U1,lui_ambiguous_gross,2.4925446144237974e-06,fraction,,,,diagnostic,False,Source coverage diagnostic
CHI,28,CHI:28,U1,lui_coverage_gross,0.9999999517651129,fraction,,,,diagnostic,False,Source coverage diagnostic
CHI,28,CHI:28,U1,lui_overlap_gross,3.129941796799914e-06,fraction,,,,diagnostic,False,Source coverage diagnostic
CHI,28,CHI:28,U1,lui_classified_land,0.72625411117559,fraction,,,,diagnostic,False,Source coverage diagnostic
CHI,28,CHI:28,U1,lui_secondary_use_area_fraction,0.004837647044294464,fraction,,,,diagnostic,False,Source coverage diagnostic
CHI,29,CHI:29,U1,land_use_entropy_cmap_area8,0.8673976389154104,index,,,4463.0,local_source_exploratory,False,"CMAP 2023 primary LANDUSE; eight broad groups; within-category union on land, conflicting-category overlap excluded; excludes water,6000,9999; secondary uses not split"
CHI,29,CHI:29,U1,land_use_share_residential,0.3054254070419778,fraction,1851531.539470115,6062139.8769737575,,local_source_exploratory,False,"CMAP 2023 primary LANDUSE; eight broad groups; within-category union on land, conflicting-category overlap excluded; excludes water,6000,9999; secondary uses not split"
CHI,29,CHI:29,U1,land_use_share_commercial,0.05936711825870335,fraction,359891.7749771024,6062139.8769737575,,local_source_exploratory,False,"CMAP 2023 primary LANDUSE; eight broad groups; within-category union on land, conflicting-category overlap excluded; excludes water,6000,9999; secondary uses not split"
CHI,29,CHI:29,U1,land_use_share_institutional,0.09336407796366304,fraction,565986.1001004085,6062139.8769737575,,local_source_exploratory,False,"CMAP 2023 primary LANDUSE; eight broad groups; within-category union on land, conflicting-category overlap excluded; excludes water,6000,9999; secondary uses not split"
CHI,29,CHI:29,U1,land_use_share_industrial,0.14436440305481768,fraction,875157.2045741223,6062139.8769737575,,local_source_exploratory,False,"CMAP 2023 primary LANDUSE; eight broad groups; within-category union on land, conflicting-category overlap excluded; excludes water,6000,9999; secondary uses not split"
CHI,29,CHI:29,U1,land_use_share_transport_utilities,0.07898006404113671,fraction,478788.19570971595,6062139.8769737575,,local_source_exploratory,False,"CMAP 2023 primary LANDUSE; eight broad groups; within-category union on land, conflicting-category overlap excluded; excludes water,6000,9999; secondary uses not split"
CHI,29,CHI:29,U1,land_use_share_agriculture,0.0,fraction,0.0,6062139.8769737575,,local_source_exploratory,False,"CMAP 2023 primary LANDUSE; eight broad groups; within-category union on land, conflicting-category overlap excluded; excludes water,6000,9999; secondary uses not split"
CHI,29,CHI:29,U1,land_use_share_open_space,0.11464255702719352,fraction,694979.2165527879,6062139.8769737575,,local_source_exploratory,False,"CMAP 2023 primary LANDUSE; eight broad groups; within-category union on land, conflicting-category overlap excluded; excludes water,6000,9999; secondary uses not split"
CHI,29,CHI:29,U1,land_use_share_vacant_construction,0.20385637261250786,fraction,1235805.8455895048,6062139.8769737575,,local_source_exploratory,False,"CMAP 2023 primary LANDUSE; eight broad groups; within-category union on land, conflicting-category overlap excluded; excludes water,6000,9999; secondary uses not split"
CHI,29,CHI:29,U1,lui_ambiguous_gross,1.708074959024188e-08,fraction,,,,diagnostic,False,Source coverage diagnostic
CHI,29,CHI:29,U1,lui_coverage_gross,0.999999942278636,fraction,,,,diagnostic,False,Source coverage diagnostic
CHI,29,CHI:29,U1,lui_overlap_gross,2.1383638869483402e-08,fraction,,,,diagnostic,False,Source coverage diagnostic
CHI,29,CHI:29,U1,lui_classified_land,0.7297063975730702,fraction,,,,diagnostic,False,Source coverage diagnostic
CHI,29,CHI:29,U1,lui_secondary_use_area_fraction,0.0003176681881167951,fraction,,,,diagnostic,False,Source coverage diagnostic
CHI,30,CHI:30,U1,land_use_entropy_cmap_area8,0.8405473423619724,index,,,4406.0,local_source_exploratory,False,"CMAP 2023 primary LANDUSE; eight broad groups; within-category union on land, conflicting-category overlap excluded; excludes water,6000,9999; secondary uses not split"
CHI,30,CHI:30,U1,land_use_share_residential,0.29857861972792477,fraction,2718384.298784191,9104417.125584133,,local_source_exploratory,False,"CMAP 2023 primary LANDUSE; eight broad groups; within-category union on land, conflicting-category overlap excluded; excludes water,6000,9999; secondary uses not split"
CHI,30,CHI:30,U1,land_use_share_commercial,0.0649940691867821,fraction,591733.116565539,9104417.125584133,,local_source_exploratory,False,"CMAP 2023 primary LANDUSE; eight broad groups; within-category union on land, conflicting-category overlap excluded; excludes water,6000,9999; secondary uses not split"
CHI,30,CHI:30,U1,land_use_share_institutional,0.14166096253832633,fraction,1289740.4933606705,9104417.125584133,,local_source_exploratory,False,"CMAP 2023 primary LANDUSE; eight broad groups; within-category union on land, conflicting-category overlap excluded; excludes water,6000,9999; secondary uses not split"
CHI,30,CHI:30,U1,land_use_share_industrial,0.21604507015430324,fraction,1966964.4366108638,9104417.125584133,,local_source_exploratory,False,"CMAP 2023 primary LANDUSE; eight broad groups; within-category union on land, conflicting-category overlap excluded; excludes water,6000,9999; secondary uses not split"
CHI,30,CHI:30,U1,land_use_share_transport_utilities,0.1610160552026782,fraction,1465957.3304812636,9104417.125584133,,local_source_exploratory,False,"CMAP 2023 primary LANDUSE; eight broad groups; within-category union on land, conflicting-category overlap excluded; excludes water,6000,9999; secondary uses not split"
CHI,30,CHI:30,U1,land_use_share_agriculture,0.0,fraction,0.0,9104417.125584133,,local_source_exploratory,False,"CMAP 2023 primary LANDUSE; eight broad groups; within-category union on land, conflicting-category overlap excluded; excludes water,6000,9999; secondary uses not split"
CHI,30,CHI:30,U1,land_use_share_open_space,0.021214777247614232,fraction,193148.18128863163,9104417.125584133,,local_source_exploratory,False,"CMAP 2023 primary LANDUSE; eight broad groups; within-category union on land, conflicting-category overlap excluded; excludes water,6000,9999; secondary uses not split"
CHI,30,CHI:30,U1,land_use_share_vacant_construction,0.09649044594237105,fraction,878489.2684929731,9104417.125584133,,local_source_exploratory,False,"CMAP 2023 primary LANDUSE; eight broad groups; within-category union on land, conflicting-category overlap excluded; excludes water,6000,9999; secondary uses not split"
CHI,30,CHI:30,U1,lui_ambiguous_gross,1.3891234630151605e-06,fraction,,,,diagnostic,False,Source coverage diagnostic
CHI,30,CHI:30,U1,lui_coverage_gross,0.9999999649625216,fraction,,,,diagnostic,False,Source coverage diagnostic
CHI,30,CHI:30,U1,lui_overlap_gross,1.4040539868094014e-06,fraction,,,,diagnostic,False,Source coverage diagnostic
CHI,30,CHI:30,U1,lui_classified_land,0.7900824670097363,fraction,,,,diagnostic,False,Source coverage diagnostic
CHI,30,CHI:30,U1,lui_secondary_use_area_fraction,0.0016043701445185598,fraction,,,,diagnostic,False,Source coverage diagnostic
CHI,31,CHI:31,U1,land_use_entropy_cmap_area8,0.7891724552824467,index,,,2822.0,local_source_exploratory,False,"CMAP 2023 primary LANDUSE; eight broad groups; within-category union on land, conflicting-category overlap excluded; excludes water,6000,9999; secondary uses not split"
CHI,31,CHI:31,U1,land_use_share_residential,0.21669414259468273,fraction,1213587.9301166453,5600464.85606494,,local_source_exploratory,False,"CMAP 2023 primary LANDUSE; eight broad groups; within-category union on land, conflicting-category overlap excluded; excludes water,6000,9999; secondary uses not split"
CHI,31,CHI:31,U1,land_use_share_commercial,0.09735396122087146,fraction,545227.4384161996,5600464.85606494,,local_source_exploratory,False,"CMAP 2023 primary LANDUSE; eight broad groups; within-category union on land, conflicting-category overlap excluded; excludes water,6000,9999; secondary uses not split"
CHI,31,CHI:31,U1,land_use_share_institutional,0.06452986969166273,fraction,361397.26737460727,5600464.85606494,,local_source_exploratory,False,"CMAP 2023 primary LANDUSE; eight broad groups; within-category union on land, conflicting-category overlap excluded; excludes water,6000,9999; secondary uses not split"
CHI,31,CHI:31,U1,land_use_share_industrial,0.36958688274196094,fraction,2069858.3480589462,5600464.85606494,,local_source_exploratory,False,"CMAP 2023 primary LANDUSE; eight broad groups; within-category union on land, conflicting-category overlap excluded; excludes water,6000,9999; secondary uses not split"
CHI,31,CHI:31,U1,land_use_share_transport_utilities,0.18437807408483908,fraction,1032602.9241410791,5600464.85606494,,local_source_exploratory,False,"CMAP 2023 primary LANDUSE; eight broad groups; within-category union on land, conflicting-category overlap excluded; excludes water,6000,9999; secondary uses not split"
CHI,31,CHI:31,U1,land_use_share_agriculture,0.0,fraction,0.0,5600464.85606494,,local_source_exploratory,False,"CMAP 2023 primary LANDUSE; eight broad groups; within-category union on land, conflicting-category overlap excluded; excludes water,6000,9999; secondary uses not split"
CHI,31,CHI:31,U1,land_use_share_open_space,0.025104244193105654,fraction,140595.43734156055,5600464.85606494,,local_source_exploratory,False,"CMAP 2023 primary LANDUSE; eight broad groups; within-category union on land, conflicting-category overlap excluded; excludes water,6000,9999; secondary uses not split"
CHI,31,CHI:31,U1,land_use_share_vacant_construction,0.04235282547287754,fraction,237195.51061590263,5600464.85606494,,local_source_exploratory,False,"CMAP 2023 primary LANDUSE; eight broad groups; within-category union on land, conflicting-category overlap excluded; excludes water,6000,9999; secondary uses not split"
CHI,31,CHI:31,U1,lui_ambiguous_gross,7.883794425664815e-07,fraction,,,,diagnostic,False,Source coverage diagnostic
CHI,31,CHI:31,U1,lui_coverage_gross,0.9999998852024862,fraction,,,,diagnostic,False,Source coverage diagnostic
CHI,31,CHI:31,U1,lui_overlap_gross,8.250651156367459e-07,fraction,,,,diagnostic,False,Source coverage diagnostic
CHI,31,CHI:31,U1,lui_classified_land,0.7561882341515765,fraction,,,,diagnostic,False,Source coverage diagnostic
CHI,31,CHI:31,U1,lui_secondary_use_area_fraction,0.0015798422785420348,fraction,,,,diagnostic,False,Source coverage diagnostic
CHI,32,CHI:32,U1,land_use_entropy_cmap_area8,0.7163251053439088,index,,,589.0,local_source_exploratory,False,"CMAP 2023 primary LANDUSE; eight broad groups; within-category union on land, conflicting-category overlap excluded; excludes water,6000,9999; secondary uses not split"
CHI,32,CHI:32,U1,land_use_share_residential,0.15998063149222297,fraction,459868.11158861,2874523.6676413873,,local_source_exploratory,False,"CMAP 2023 primary LANDUSE; eight broad groups; within-category union on land, conflicting-category overlap excluded; excludes water,6000,9999; secondary uses not split"
CHI,32,CHI:32,U1,land_use_share_commercial,0.29930934700521117,fraction,860371.8019127683,2874523.6676413873,,local_source_exploratory,False,"CMAP 2023 primary LANDUSE; eight broad groups; within-category union on land, conflicting-category overlap excluded; excludes water,6000,9999; secondary uses not split"
CHI,32,CHI:32,U1,land_use_share_institutional,0.05260046444611579,fraction,151201.27997928916,2874523.6676413873,,local_source_exploratory,False,"CMAP 2023 primary LANDUSE; eight broad groups; within-category union on land, conflicting-category overlap excluded; excludes water,6000,9999; secondary uses not split"
CHI,32,CHI:32,U1,land_use_share_industrial,0.0005397724379140801,fraction,1551.5886479245146,2874523.6676413873,,local_source_exploratory,False,"CMAP 2023 primary LANDUSE; eight broad groups; within-category union on land, conflicting-category overlap excluded; excludes water,6000,9999; secondary uses not split"
CHI,32,CHI:32,U1,land_use_share_transport_utilities,0.09874854910339692,fraction,283855.04154296214,2874523.6676413873,,local_source_exploratory,False,"CMAP 2023 primary LANDUSE; eight broad groups; within-category union on land, conflicting-category overlap excluded; excludes water,6000,9999; secondary uses not split"
CHI,32,CHI:32,U1,land_use_share_agriculture,0.0,fraction,0.0,2874523.6676413873,,local_source_exploratory,False,"CMAP 2023 primary LANDUSE; eight broad groups; within-category union on land, conflicting-category overlap excluded; excludes water,6000,9999; secondary uses not split"
CHI,32,CHI:32,U1,land_use_share_open_space,0.3682700711197245,fraction,1058601.035517625,2874523.6676413873,,local_source_exploratory,False,"CMAP 2023 primary LANDUSE; eight broad groups; within-category union on land, conflicting-category overlap excluded; excludes water,6000,9999; secondary uses not split"
CHI,32,CHI:32,U1,land_use_share_vacant_construction,0.020551164395414503,fraction,59074.80845220799,2874523.6676413873,,local_source_exploratory,False,"CMAP 2023 primary LANDUSE; eight broad groups; within-category union on land, conflicting-category overlap excluded; excludes water,6000,9999; secondary uses not split"
CHI,32,CHI:32,U1,lui_ambiguous_gross,1.8830412520401262e-05,fraction,,,,diagnostic,False,Source coverage diagnostic
CHI,32,CHI:32,U1,lui_coverage_gross,0.9954218414322318,fraction,,,,diagnostic,False,Source coverage diagnostic
CHI,32,CHI:32,U1,lui_overlap_gross,7.341283210934701e-05,fraction,,,,diagnostic,False,Source coverage diagnostic
CHI,32,CHI:32,U1,lui_classified_land,0.6697429311254031,fraction,,,,diagnostic,False,Source coverage diagnostic
CHI,32,CHI:32,U1,lui_secondary_use_area_fraction,0.03619523141013626,fraction,,,,diagnostic,False,Source coverage diagnostic
CHI,33,CHI:33,U1,land_use_entropy_cmap_area8,0.8014443806779852,index,,,667.0,local_source_exploratory,False,"CMAP 2023 primary LANDUSE; eight broad groups; within-category union on land, conflicting-category overlap excluded; excludes water,6000,9999; secondary uses not split"
CHI,33,CHI:33,U1,land_use_share_residential,0.19436203854257003,fraction,692253.9843807442,3561672.791516455,,local_source_exploratory,False,"CMAP 2023 primary LANDUSE; eight broad groups; within-category union on land, conflicting-category overlap excluded; excludes water,6000,9999; secondary uses not split"
CHI,33,CHI:33,U1,land_use_share_commercial,0.36451647725948744,fraction,1298288.419114543,3561672.791516455,,local_source_exploratory,False,"CMAP 2023 primary LANDUSE; eight broad groups; within-category union on land, conflicting-category overlap excluded; excludes water,6000,9999; secondary uses not split"
CHI,33,CHI:33,U1,land_use_share_institutional,0.056348411686812414,fraction,200694.6047500876,3561672.791516455,,local_source_exploratory,False,"CMAP 2023 primary LANDUSE; eight broad groups; within-category union on land, conflicting-category overlap excluded; excludes water,6000,9999; secondary uses not split"
CHI,33,CHI:33,U1,land_use_share_industrial,0.01767716816212944,fraction,62960.28887411735,3561672.791516455,,local_source_exploratory,False,"CMAP 2023 primary LANDUSE; eight broad groups; within-category union on land, conflicting-category overlap excluded; excludes water,6000,9999; secondary uses not split"
CHI,33,CHI:33,U1,land_use_share_transport_utilities,0.08497736188330073,fraction,302661.5577145997,3561672.791516455,,local_source_exploratory,False,"CMAP 2023 primary LANDUSE; eight broad groups; within-category union on land, conflicting-category overlap excluded; excludes water,6000,9999; secondary uses not split"
CHI,33,CHI:33,U1,land_use_share_agriculture,0.0,fraction,0.0,3561672.791516455,,local_source_exploratory,False,"CMAP 2023 primary LANDUSE; eight broad groups; within-category union on land, conflicting-category overlap excluded; excludes water,6000,9999; secondary uses not split"
CHI,33,CHI:33,U1,land_use_share_open_space,0.18684642417543088,fraction,665485.8251777745,3561672.791516455,,local_source_exploratory,False,"CMAP 2023 primary LANDUSE; eight broad groups; within-category union on land, conflicting-category overlap excluded; excludes water,6000,9999; secondary uses not split"
CHI,33,CHI:33,U1,land_use_share_vacant_construction,0.09527211829026903,fraction,339328.1115045884,3561672.791516455,,local_source_exploratory,False,"CMAP 2023 primary LANDUSE; eight broad groups; within-category union on land, conflicting-category overlap excluded; excludes water,6000,9999; secondary uses not split"
CHI,33,CHI:33,U1,lui_ambiguous_gross,7.769351459708072e-06,fraction,,,,diagnostic,False,Source coverage diagnostic
CHI,33,CHI:33,U1,lui_coverage_gross,0.9984922465317648,fraction,,,,diagnostic,False,Source coverage diagnostic
CHI,33,CHI:33,U1,lui_overlap_gross,8.670229142904289e-06,fraction,,,,diagnostic,False,Source coverage diagnostic
CHI,33,CHI:33,U1,lui_classified_land,0.7708978178758971,fraction,,,,diagnostic,False,Source coverage diagnostic
CHI,33,CHI:33,U1,lui_secondary_use_area_fraction,0.012752418177582167,fraction,,,,diagnostic,False,Source coverage diagnostic
CHI,34,CHI:34,U1,land_use_entropy_cmap_area8,0.7172184085639498,index,,,842.0,local_source_exploratory,False,"CMAP 2023 primary LANDUSE; eight broad groups; within-category union on land, conflicting-category overlap excluded; excludes water,6000,9999; secondary uses not split"
CHI,34,CHI:34,U1,land_use_share_residential,0.3010975314549213,fraction,548118.8189725886,1820402.898436416,,local_source_exploratory,False,"CMAP 2023 primary LANDUSE; eight broad groups; within-category union on land, conflicting-category overlap excluded; excludes water,6000,9999; secondary uses not split"
CHI,34,CHI:34,U1,land_use_share_commercial,0.22827048615514237,fraction,415544.25462431094,1820402.898436416,,local_source_exploratory,False,"CMAP 2023 primary LANDUSE; eight broad groups; within-category union on land, conflicting-category overlap excluded; excludes water,6000,9999; secondary uses not split"
CHI,34,CHI:34,U1,land_use_share_institutional,0.026293546101132007,fraction,47864.847532672225,1820402.898436416,,local_source_exploratory,False,"CMAP 2023 primary LANDUSE; eight broad groups; within-category union on land, conflicting-category overlap excluded; excludes water,6000,9999; secondary uses not split"
CHI,34,CHI:34,U1,land_use_share_industrial,0.03188787221695299,fraction,58048.77500871128,1820402.898436416,,local_source_exploratory,False,"CMAP 2023 primary LANDUSE; eight broad groups; within-category union on land, conflicting-category overlap excluded; excludes water,6000,9999; secondary uses not split"
CHI,34,CHI:34,U1,land_use_share_transport_utilities,0.34858537910592297,fraction,634565.834476979,1820402.898436416,,local_source_exploratory,False,"CMAP 2023 primary LANDUSE; eight broad groups; within-category union on land, conflicting-category overlap excluded; excludes water,6000,9999; secondary uses not split"
CHI,34,CHI:34,U1,land_use_share_agriculture,0.0,fraction,0.0,1820402.898436416,,local_source_exploratory,False,"CMAP 2023 primary LANDUSE; eight broad groups; within-category union on land, conflicting-category overlap excluded; excludes water,6000,9999; secondary uses not split"
CHI,34,CHI:34,U1,land_use_share_open_space,0.03341399824569574,fraction,60826.93925481384,1820402.898436416,,local_source_exploratory,False,"CMAP 2023 primary LANDUSE; eight broad groups; within-category union on land, conflicting-category overlap excluded; excludes water,6000,9999; secondary uses not split"
CHI,34,CHI:34,U1,land_use_share_vacant_construction,0.030451186720232584,fraction,55433.42856633989,1820402.898436416,,local_source_exploratory,False,"CMAP 2023 primary LANDUSE; eight broad groups; within-category union on land, conflicting-category overlap excluded; excludes water,6000,9999; secondary uses not split"
CHI,34,CHI:34,U1,lui_ambiguous_gross,1.1803900748653133e-07,fraction,,,,diagnostic,False,Source coverage diagnostic
CHI,34,CHI:34,U1,lui_coverage_gross,0.9999999019136798,fraction,,,,diagnostic,False,Source coverage diagnostic
CHI,34,CHI:34,U1,lui_overlap_gross,1.356802122408745e-07,fraction,,,,diagnostic,False,Source coverage diagnostic
CHI,34,CHI:34,U1,lui_classified_land,0.7073055405595424,fraction,,,,diagnostic,False,Source coverage diagnostic
CHI,34,CHI:34,U1,lui_secondary_use_area_fraction,0.003696259252781722,fraction,,,,diagnostic,False,Source coverage diagnostic
CHI,35,CHI:35,U1,land_use_entropy_cmap_area8,0.7947030974647532,index,,,881.0,local_source_exploratory,False,"CMAP 2023 primary LANDUSE; eight broad groups; within-category union on land, conflicting-category overlap excluded; excludes water,6000,9999; secondary uses not split"
CHI,35,CHI:35,U1,land_use_share_residential,0.32643820792471473,fraction,972377.334793651,2978748.5385837764,,local_source_exploratory,False,"CMAP 2023 primary LANDUSE; eight broad groups; within-category union on land, conflicting-category overlap excluded; excludes water,6000,9999; secondary uses not split"
CHI,35,CHI:35,U1,land_use_share_commercial,0.0923716384800483,fraction,275151.8831290328,2978748.5385837764,,local_source_exploratory,False,"CMAP 2023 primary LANDUSE; eight broad groups; within-category union on land, conflicting-category overlap excluded; excludes water,6000,9999; secondary uses not split"
CHI,35,CHI:35,U1,land_use_share_institutional,0.2536595360168846,fraction,755587.9722081339,2978748.5385837764,,local_source_exploratory,False,"CMAP 2023 primary LANDUSE; eight broad groups; within-category union on land, conflicting-category overlap excluded; excludes water,6000,9999; secondary uses not split"
CHI,35,CHI:35,U1,land_use_share_industrial,0.00129011273638092,fraction,3842.921428102982,2978748.5385837764,,local_source_exploratory,False,"CMAP 2023 primary LANDUSE; eight broad groups; within-category union on land, conflicting-category overlap excluded; excludes water,6000,9999; secondary uses not split"
CHI,35,CHI:35,U1,land_use_share_transport_utilities,0.07490586467125124,fraction,223125.73492084374,2978748.5385837764,,local_source_exploratory,False,"CMAP 2023 primary LANDUSE; eight broad groups; within-category union on land, conflicting-category overlap excluded; excludes water,6000,9999; secondary uses not split"
CHI,35,CHI:35,U1,land_use_share_agriculture,0.0,fraction,0.0,2978748.5385837764,,local_source_exploratory,False,"CMAP 2023 primary LANDUSE; eight broad groups; within-category union on land, conflicting-category overlap excluded; excludes water,6000,9999; secondary uses not split"
CHI,35,CHI:35,U1,land_use_share_open_space,0.1009373641757527,fraction,300667.0260270218,2978748.5385837764,,local_source_exploratory,False,"CMAP 2023 primary LANDUSE; eight broad groups; within-category union on land, conflicting-category overlap excluded; excludes water,6000,9999; secondary uses not split"
CHI,35,CHI:35,U1,land_use_share_vacant_construction,0.15039727599496744,fraction,447995.66607699014,2978748.5385837764,,local_source_exploratory,False,"CMAP 2023 primary LANDUSE; eight broad groups; within-category union on land, conflicting-category overlap excluded; excludes water,6000,9999; secondary uses not split"
CHI,35,CHI:35,U1,lui_ambiguous_gross,1.4674566436641017e-08,fraction,,,,diagnostic,False,Source coverage diagnostic
CHI,35,CHI:35,U1,lui_coverage_gross,0.99338318892017,fraction,,,,diagnostic,False,Source coverage diagnostic
CHI,35,CHI:35,U1,lui_overlap_gross,1.666514276223568e-08,fraction,,,,diagnostic,False,Source coverage diagnostic
CHI,35,CHI:35,U1,lui_classified_land,0.6974867222887967,fraction,,,,diagnostic,False,Source coverage diagnostic
CHI,35,CHI:35,U1,lui_secondary_use_area_fraction,0.00292509565162108,fraction,,,,diagnostic,False,Source coverage diagnostic
CHI,36,CHI:36,U1,land_use_entropy_cmap_area8,0.7006242009064114,index,,,417.0,local_source_exploratory,False,"CMAP 2023 primary LANDUSE; eight broad groups; within-category union on land, conflicting-category overlap excluded; excludes water,6000,9999; secondary uses not split"
CHI,36,CHI:36,U1,land_use_share_residential,0.46531252670207984,fraction,361077.9388192093,775990.1530662904,,local_source_exploratory,False,"CMAP 2023 primary LANDUSE; eight broad groups; within-category union on land, conflicting-category overlap excluded; excludes water,6000,9999; secondary uses not split"
CHI,36,CHI:36,U1,land_use_share_commercial,0.026414175515470418,fraction,20497.14010136975,775990.1530662904,,local_source_exploratory,False,"CMAP 2023 primary LANDUSE; eight broad groups; within-category union on land, conflicting-category overlap excluded; excludes water,6000,9999; secondary uses not split"
CHI,36,CHI:36,U1,land_use_share_institutional,0.0684717275712308,fraction,53133.38635871272,775990.1530662904,,local_source_exploratory,False,"CMAP 2023 primary LANDUSE; eight broad groups; within-category union on land, conflicting-category overlap excluded; excludes water,6000,9999; secondary uses not split"
CHI,36,CHI:36,U1,land_use_share_industrial,0.0,fraction,0.0,775990.1530662904,,local_source_exploratory,False,"CMAP 2023 primary LANDUSE; eight broad groups; within-category union on land, conflicting-category overlap excluded; excludes water,6000,9999; secondary uses not split"
CHI,36,CHI:36,U1,land_use_share_transport_utilities,0.18136230818955892,fraction,140735.36529247157,775990.1530662904,,local_source_exploratory,False,"CMAP 2023 primary LANDUSE; eight broad groups; within-category union on land, conflicting-category overlap excluded; excludes water,6000,9999; secondary uses not split"
CHI,36,CHI:36,U1,land_use_share_agriculture,0.0,fraction,0.0,775990.1530662904,,local_source_exploratory,False,"CMAP 2023 primary LANDUSE; eight broad groups; within-category union on land, conflicting-category overlap excluded; excludes water,6000,9999; secondary uses not split"
CHI,36,CHI:36,U1,land_use_share_open_space,0.08271107572987305,fraction,64182.980315901725,775990.1530662904,,local_source_exploratory,False,"CMAP 2023 primary LANDUSE; eight broad groups; within-category union on land, conflicting-category overlap excluded; excludes water,6000,9999; secondary uses not split"
CHI,36,CHI:36,U1,land_use_share_vacant_construction,0.17572818629178694,fraction,136363.34217862535,775990.1530662904,,local_source_exploratory,False,"CMAP 2023 primary LANDUSE; eight broad groups; within-category union on land, conflicting-category overlap excluded; excludes water,6000,9999; secondary uses not split"
CHI,36,CHI:36,U1,lui_ambiguous_gross,8.627678022362716e-08,fraction,,,,diagnostic,False,Source coverage diagnostic
CHI,36,CHI:36,U1,lui_coverage_gross,0.941334412114822,fraction,,,,diagnostic,False,Source coverage diagnostic
CHI,36,CHI:36,U1,lui_overlap_gross,1.0813983715256638e-07,fraction,,,,diagnostic,False,Source coverage diagnostic
CHI,36,CHI:36,U1,lui_classified_land,0.4942167829213114,fraction,,,,diagnostic,False,Source coverage diagnostic
CHI,36,CHI:36,U1,lui_secondary_use_area_fraction,0.0007738393443294799,fraction,,,,diagnostic,False,Source coverage diagnostic
CHI,37,CHI:37,U1,land_use_entropy_cmap_area8,0.7593418291958139,index,,,916.0,local_source_exploratory,False,"CMAP 2023 primary LANDUSE; eight broad groups; within-category union on land, conflicting-category overlap excluded; excludes water,6000,9999; secondary uses not split"
CHI,37,CHI:37,U1,land_use_share_residential,0.15214079452707885,fraction,213650.2388806334,1404292.908714939,,local_source_exploratory,False,"CMAP 2023 primary LANDUSE; eight broad groups; within-category union on land, conflicting-category overlap excluded; excludes water,6000,9999; secondary uses not split"
CHI,37,CHI:37,U1,land_use_share_commercial,0.05467067540287291,fraction,76773.64178291066,1404292.908714939,,local_source_exploratory,False,"CMAP 2023 primary LANDUSE; eight broad groups; within-category union on land, conflicting-category overlap excluded; excludes water,6000,9999; secondary uses not split"
CHI,37,CHI:37,U1,land_use_share_institutional,0.053572353689681405,fraction,75231.2763895882,1404292.908714939,,local_source_exploratory,False,"CMAP 2023 primary LANDUSE; eight broad groups; within-category union on land, conflicting-category overlap excluded; excludes water,6000,9999; secondary uses not split"
CHI,37,CHI:37,U1,land_use_share_industrial,0.06327355885856138,fraction,88854.61001423506,1404292.908714939,,local_source_exploratory,False,"CMAP 2023 primary LANDUSE; eight broad groups; within-category union on land, conflicting-category overlap excluded; excludes water,6000,9999; secondary uses not split"
CHI,37,CHI:37,U1,land_use_share_transport_utilities,0.44349055057447173,fraction,622790.6352538146,1404292.908714939,,local_source_exploratory,False,"CMAP 2023 primary LANDUSE; eight broad groups; within-category union on land, conflicting-category overlap excluded; excludes water,6000,9999; secondary uses not split"
CHI,37,CHI:37,U1,land_use_share_agriculture,0.0,fraction,0.0,1404292.908714939,,local_source_exploratory,False,"CMAP 2023 primary LANDUSE; eight broad groups; within-category union on land, conflicting-category overlap excluded; excludes water,6000,9999; secondary uses not split"
CHI,37,CHI:37,U1,land_use_share_open_space,0.03718064213913186,fraction,52212.51209745071,1404292.908714939,,local_source_exploratory,False,"CMAP 2023 primary LANDUSE; eight broad groups; within-category union on land, conflicting-category overlap excluded; excludes water,6000,9999; secondary uses not split"
CHI,37,CHI:37,U1,land_use_share_vacant_construction,0.19567142480820196,fraction,274779.9942963064,1404292.908714939,,local_source_exploratory,False,"CMAP 2023 primary LANDUSE; eight broad groups; within-category union on land, conflicting-category overlap excluded; excludes water,6000,9999; secondary uses not split"
CHI,37,CHI:37,U1,lui_ambiguous_gross,4.7859570439220823e-08,fraction,,,,diagnostic,False,Source coverage diagnostic
CHI,37,CHI:37,U1,lui_coverage_gross,0.9999999703604348,fraction,,,,diagnostic,False,Source coverage diagnostic
CHI,37,CHI:37,U1,lui_overlap_gross,4.785957140220927e-08,fraction,,,,diagnostic,False,Source coverage diagnostic
CHI,37,CHI:37,U1,lui_classified_land,0.7595232620300351,fraction,,,,diagnostic,False,Source coverage diagnostic
CHI,37,CHI:37,U1,lui_secondary_use_area_fraction,0.0003432550726490399,fraction,,,,diagnostic,False,Source coverage diagnostic
CHI,38,CHI:38,U1,land_use_entropy_cmap_area8,0.7063544060584982,index,,,2325.0,local_source_exploratory,False,"CMAP 2023 primary LANDUSE; eight broad groups; within-category union on land, conflicting-category overlap excluded; excludes water,6000,9999; secondary uses not split"
CHI,38,CHI:38,U1,land_use_share_residential,0.44826887996809234,fraction,1388906.2500490115,3098377.585675529,,local_source_exploratory,False,"CMAP 2023 primary LANDUSE; eight broad groups; within-category union on land, conflicting-category overlap excluded; excludes water,6000,9999; secondary uses not split"
CHI,38,CHI:38,U1,land_use_share_commercial,0.0640490451549358,fraction,198448.12589197294,3098377.585675529,,local_source_exploratory,False,"CMAP 2023 primary LANDUSE; eight broad groups; within-category union on land, conflicting-category overlap excluded; excludes water,6000,9999; secondary uses not split"
CHI,38,CHI:38,U1,land_use_share_institutional,0.14044531059164023,fraction,435152.6023503761,3098377.585675529,,local_source_exploratory,False,"CMAP 2023 primary LANDUSE; eight broad groups; within-category union on land, conflicting-category overlap excluded; excludes water,6000,9999; secondary uses not split"
CHI,38,CHI:38,U1,land_use_share_industrial,0.010375127491341514,fraction,32146.062467698528,3098377.585675529,,local_source_exploratory,False,"CMAP 2023 primary LANDUSE; eight broad groups; within-category union on land, conflicting-category overlap excluded; excludes water,6000,9999; secondary uses not split"
CHI,38,CHI:38,U1,land_use_share_transport_utilities,0.03592644581285386,fraction,111313.69443953288,3098377.585675529,,local_source_exploratory,False,"CMAP 2023 primary LANDUSE; eight broad groups; within-category union on land, conflicting-category overlap excluded; excludes water,6000,9999; secondary uses not split"
CHI,38,CHI:38,U1,land_use_share_agriculture,0.002377010116769203,fraction,7364.874866721671,3098377.585675529,,local_source_exploratory,False,"CMAP 2023 primary LANDUSE; eight broad groups; within-category union on land, conflicting-category overlap excluded; excludes water,6000,9999; secondary uses not split"
CHI,38,CHI:38,U1,land_use_share_open_space,0.03877909814685986,fraction,120152.28849094205,3098377.585675529,,local_source_exploratory,False,"CMAP 2023 primary LANDUSE; eight broad groups; within-category union on land, conflicting-category overlap excluded; excludes water,6000,9999; secondary uses not split"
CHI,38,CHI:38,U1,land_use_share_vacant_construction,0.25977908271750716,fraction,804893.6871192735,3098377.585675529,,local_source_exploratory,False,"CMAP 2023 primary LANDUSE; eight broad groups; within-category union on land, conflicting-category overlap excluded; excludes water,6000,9999; secondary uses not split"
CHI,38,CHI:38,U1,lui_ambiguous_gross,8.768399367390265e-08,fraction,,,,diagnostic,False,Source coverage diagnostic
CHI,38,CHI:38,U1,lui_coverage_gross,0.9999999590250361,fraction,,,,diagnostic,False,Source coverage diagnostic
CHI,38,CHI:38,U1,lui_overlap_gross,1.1434280777146246e-07,fraction,,,,diagnostic,False,Source coverage diagnostic
CHI,38,CHI:38,U1,lui_classified_land,0.6882773339226655,fraction,,,,diagnostic,False,Source coverage diagnostic
CHI,38,CHI:38,U1,lui_secondary_use_area_fraction,0.0034209494893902453,fraction,,,,diagnostic,False,Source coverage diagnostic
CHI,39,CHI:39,U1,land_use_entropy_cmap_area8,0.627461215591261,index,,,638.0,local_source_exploratory,False,"CMAP 2023 primary LANDUSE; eight broad groups; within-category union on land, conflicting-category overlap excluded; excludes water,6000,9999; secondary uses not split"
CHI,39,CHI:39,U1,land_use_share_residential,0.5940454582913209,fraction,1081059.4240301275,1819826.0906490663,,local_source_exploratory,False,"CMAP 2023 primary LANDUSE; eight broad groups; within-category union on land, conflicting-category overlap excluded; excludes water,6000,9999; secondary uses not split"
CHI,39,CHI:39,U1,land_use_share_commercial,0.05817342143660585,fraction,105865.51011265902,1819826.0906490663,,local_source_exploratory,False,"CMAP 2023 primary LANDUSE; eight broad groups; within-category union on land, conflicting-category overlap excluded; excludes water,6000,9999; secondary uses not split"
CHI,39,CHI:39,U1,land_use_share_institutional,0.11649853550661268,fraction,212007.0744373404,1819826.0906490663,,local_source_exploratory,False,"CMAP 2023 primary LANDUSE; eight broad groups; within-category union on land, conflicting-category overlap excluded; excludes water,6000,9999; secondary uses not split"
CHI,39,CHI:39,U1,land_use_share_industrial,0.0013506359487091518,fraction,2457.9225384294687,1819826.0906490663,,local_source_exploratory,False,"CMAP 2023 primary LANDUSE; eight broad groups; within-category union on land, conflicting-category overlap excluded; excludes water,6000,9999; secondary uses not split"
CHI,39,CHI:39,U1,land_use_share_transport_utilities,0.08813218959137889,fraction,160385.25804442138,1819826.0906490663,,local_source_exploratory,False,"CMAP 2023 primary LANDUSE; eight broad groups; within-category union on land, conflicting-category overlap excluded; excludes water,6000,9999; secondary uses not split"
CHI,39,CHI:39,U1,land_use_share_agriculture,0.0,fraction,0.0,1819826.0906490663,,local_source_exploratory,False,"CMAP 2023 primary LANDUSE; eight broad groups; within-category union on land, conflicting-category overlap excluded; excludes water,6000,9999; secondary uses not split"
CHI,39,CHI:39,U1,land_use_share_open_space,0.10657022528795768,fraction,193939.27646537428,1819826.0906490663,,local_source_exploratory,False,"CMAP 2023 primary LANDUSE; eight broad groups; within-category union on land, conflicting-category overlap excluded; excludes water,6000,9999; secondary uses not split"
CHI,39,CHI:39,U1,land_use_share_vacant_construction,0.03522953393741487,fraction,64111.6250207143,1819826.0906490663,,local_source_exploratory,False,"CMAP 2023 primary LANDUSE; eight broad groups; within-category union on land, conflicting-category overlap excluded; excludes water,6000,9999; secondary uses not split"
CHI,39,CHI:39,U1,lui_ambiguous_gross,2.1199258451443673e-06,fraction,,,,diagnostic,False,Source coverage diagnostic
CHI,39,CHI:39,U1,lui_coverage_gross,0.9956477234913732,fraction,,,,diagnostic,False,Source coverage diagnostic
CHI,39,CHI:39,U1,lui_overlap_gross,2.135754016376274e-06,fraction,,,,diagnostic,False,Source coverage diagnostic
CHI,39,CHI:39,U1,lui_classified_land,0.6743212197500598,fraction,,,,diagnostic,False,Source coverage diagnostic
CHI,39,CHI:39,U1,lui_secondary_use_area_fraction,0.0,fraction,,,,diagnostic,False,Source coverage diagnostic
CHI,40,CHI:40,U1,land_use_entropy_cmap_area8,0.7307675071599472,index,,,1132.0,local_source_exploratory,False,"CMAP 2023 primary LANDUSE; eight broad groups; within-category union on land, conflicting-category overlap excluded; excludes water,6000,9999; secondary uses not split"
CHI,40,CHI:40,U1,land_use_share_residential,0.18575389549280752,fraction,586999.0434282422,3160090.0851684753,,local_source_exploratory,False,"CMAP 2023 primary LANDUSE; eight broad groups; within-category union on land, conflicting-category overlap excluded; excludes water,6000,9999; secondary uses not split"
CHI,40,CHI:40,U1,land_use_share_commercial,0.05434702305747411,fraction,171741.48872234646,3160090.0851684753,,local_source_exploratory,False,"CMAP 2023 primary LANDUSE; eight broad groups; within-category union on land, conflicting-category overlap excluded; excludes water,6000,9999; secondary uses not split"
CHI,40,CHI:40,U1,land_use_share_institutional,0.0548885374284867,fraction,173452.72291715958,3160090.0851684753,,local_source_exploratory,False,"CMAP 2023 primary LANDUSE; eight broad groups; within-category union on land, conflicting-category overlap excluded; excludes water,6000,9999; secondary uses not split"
CHI,40,CHI:40,U1,land_use_share_industrial,0.010816040087526154,fraction,34179.66104137617,3160090.0851684753,,local_source_exploratory,False,"CMAP 2023 primary LANDUSE; eight broad groups; within-category union on land, conflicting-category overlap excluded; excludes water,6000,9999; secondary uses not split"
CHI,40,CHI:40,U1,land_use_share_transport_utilities,0.05971507633196968,fraction,188705.02065173606,3160090.0851684753,,local_source_exploratory,False,"CMAP 2023 primary LANDUSE; eight broad groups; within-category union on land, conflicting-category overlap excluded; excludes water,6000,9999; secondary uses not split"
CHI,40,CHI:40,U1,land_use_share_agriculture,0.0,fraction,0.0,3160090.0851684753,,local_source_exploratory,False,"CMAP 2023 primary LANDUSE; eight broad groups; within-category union on land, conflicting-category overlap excluded; excludes water,6000,9999; secondary uses not split"
CHI,40,CHI:40,U1,land_use_share_open_space,0.4489571794129237,fraction,1418745.1313279844,3160090.0851684753,,local_source_exploratory,False,"CMAP 2023 primary LANDUSE; eight broad groups; within-category union on land, conflicting-category overlap excluded; excludes water,6000,9999; secondary uses not split"
CHI,40,CHI:40,U1,land_use_share_vacant_construction,0.1855222481888122,fraction,586267.0170796305,3160090.0851684753,,local_source_exploratory,False,"CMAP 2023 primary LANDUSE; eight broad groups; within-category union on land, conflicting-category overlap excluded; excludes water,6000,9999; secondary uses not split"
CHI,40,CHI:40,U1,lui_ambiguous_gross,2.1942267492240868e-09,fraction,,,,diagnostic,False,Source coverage diagnostic
CHI,40,CHI:40,U1,lui_coverage_gross,0.9999999355829402,fraction,,,,diagnostic,False,Source coverage diagnostic
CHI,40,CHI:40,U1,lui_overlap_gross,1.0750625669442872e-08,fraction,,,,diagnostic,False,Source coverage diagnostic
CHI,40,CHI:40,U1,lui_classified_land,0.8033502564700646,fraction,,,,diagnostic,False,Source coverage diagnostic
CHI,40,CHI:40,U1,lui_secondary_use_area_fraction,0.0003276702089807023,fraction,,,,diagnostic,False,Source coverage diagnostic
CHI,41,CHI:41,U1,land_use_entropy_cmap_area8,0.660720525540697,index,,,699.0,local_source_exploratory,False,"CMAP 2023 primary LANDUSE; eight broad groups; within-category union on land, conflicting-category overlap excluded; excludes water,6000,9999; secondary uses not split"
CHI,41,CHI:41,U1,land_use_share_residential,0.3416538699517858,fraction,1118905.3458931842,3274967.57478873,,local_source_exploratory,False,"CMAP 2023 primary LANDUSE; eight broad groups; within-category union on land, conflicting-category overlap excluded; excludes water,6000,9999; secondary uses not split"
CHI,41,CHI:41,U1,land_use_share_commercial,0.04669866112648947,fraction,152936.60097529995,3274967.57478873,,local_source_exploratory,False,"CMAP 2023 primary LANDUSE; eight broad groups; within-category union on land, conflicting-category overlap excluded; excludes water,6000,9999; secondary uses not split"
CHI,41,CHI:41,U1,land_use_share_institutional,0.22504394348784845,fraction,737011.6178252911,3274967.57478873,,local_source_exploratory,False,"CMAP 2023 primary LANDUSE; eight broad groups; within-category union on land, conflicting-category overlap excluded; excludes water,6000,9999; secondary uses not split"
CHI,41,CHI:41,U1,land_use_share_industrial,0.0023099140875086667,fraction,7564.89373713858,3274967.57478873,,local_source_exploratory,False,"CMAP 2023 primary LANDUSE; eight broad groups; within-category union on land, conflicting-category overlap excluded; excludes water,6000,9999; secondary uses not split"
CHI,41,CHI:41,U1,land_use_share_transport_utilities,0.04037255118179197,fraction,132218.79603186712,3274967.57478873,,local_source_exploratory,False,"CMAP 2023 primary LANDUSE; eight broad groups; within-category union on land, conflicting-category overlap excluded; excludes water,6000,9999; secondary uses not split"
CHI,41,CHI:41,U1,land_use_share_agriculture,0.0,fraction,0.0,3274967.57478873,,local_source_exploratory,False,"CMAP 2023 primary LANDUSE; eight broad groups; within-category union on land, conflicting-category overlap excluded; excludes water,6000,9999; secondary uses not split"
CHI,41,CHI:41,U1,land_use_share_open_space,0.340840300110207,fraction,1116240.9310421876,3274967.57478873,,local_source_exploratory,False,"CMAP 2023 primary LANDUSE; eight broad groups; within-category union on land, conflicting-category overlap excluded; excludes water,6000,9999; secondary uses not split"
CHI,41,CHI:41,U1,land_use_share_vacant_construction,0.0030807600543686004,fraction,10089.389283761531,3274967.57478873,,local_source_exploratory,False,"CMAP 2023 primary LANDUSE; eight broad groups; within-category union on land, conflicting-category overlap excluded; excludes water,6000,9999; secondary uses not split"
CHI,41,CHI:41,U1,lui_ambiguous_gross,1.0907107097917934e-08,fraction,,,,diagnostic,False,Source coverage diagnostic
CHI,41,CHI:41,U1,lui_coverage_gross,0.9969020955016868,fraction,,,,diagnostic,False,Source coverage diagnostic
CHI,41,CHI:41,U1,lui_overlap_gross,3.061349359556509e-08,fraction,,,,diagnostic,False,Source coverage diagnostic
CHI,41,CHI:41,U1,lui_classified_land,0.7821452633358552,fraction,,,,diagnostic,False,Source coverage diagnostic
CHI,41,CHI:41,U1,lui_secondary_use_area_fraction,0.004089610192050742,fraction,,,,diagnostic,False,Source coverage diagnostic
CHI,42,CHI:42,U1,land_use_entropy_cmap_area8,0.7287252303650109,index,,,2035.0,local_source_exploratory,False,"CMAP 2023 primary LANDUSE; eight broad groups; within-category union on land, conflicting-category overlap excluded; excludes water,6000,9999; secondary uses not split"
CHI,42,CHI:42,U1,land_use_share_residential,0.32623333672987415,fraction,1312651.0328581664,4023656.9506232287,,local_source_exploratory,False,"CMAP 2023 primary LANDUSE; eight broad groups; within-category union on land, conflicting-category overlap excluded; excludes water,6000,9999; secondary uses not split"
CHI,42,CHI:42,U1,land_use_share_commercial,0.04082814136360147,fraction,164278.4347786828,4023656.9506232287,,local_source_exploratory,False,"CMAP 2023 primary LANDUSE; eight broad groups; within-category union on land, conflicting-category overlap excluded; excludes water,6000,9999; secondary uses not split"
CHI,42,CHI:42,U1,land_use_share_institutional,0.14850016556464307,fraction,597513.7233428763,4023656.9506232287,,local_source_exploratory,False,"CMAP 2023 primary LANDUSE; eight broad groups; within-category union on land, conflicting-category overlap excluded; excludes water,6000,9999; secondary uses not split"
CHI,42,CHI:42,U1,land_use_share_industrial,0.004615182641415713,fraction,18569.911713528007,4023656.9506232287,,local_source_exploratory,False,"CMAP 2023 primary LANDUSE; eight broad groups; within-category union on land, conflicting-category overlap excluded; excludes water,6000,9999; secondary uses not split"
CHI,42,CHI:42,U1,land_use_share_transport_utilities,0.029511814817228733,fraction,118745.41881484799,4023656.9506232287,,local_source_exploratory,False,"CMAP 2023 primary LANDUSE; eight broad groups; within-category union on land, conflicting-category overlap excluded; excludes water,6000,9999; secondary uses not split"
CHI,42,CHI:42,U1,land_use_share_agriculture,0.0,fraction,0.0,4023656.9506232287,,local_source_exploratory,False,"CMAP 2023 primary LANDUSE; eight broad groups; within-category union on land, conflicting-category overlap excluded; excludes water,6000,9999; secondary uses not split"
CHI,42,CHI:42,U1,land_use_share_open_space,0.34232321298964113,fraction,1377391.1753054454,4023656.9506232287,,local_source_exploratory,False,"CMAP 2023 primary LANDUSE; eight broad groups; within-category union on land, conflicting-category overlap excluded; excludes water,6000,9999; secondary uses not split"
CHI,42,CHI:42,U1,land_use_share_vacant_construction,0.10798814589359569,fraction,434507.25380968157,4023656.9506232287,,local_source_exploratory,False,"CMAP 2023 primary LANDUSE; eight broad groups; within-category union on land, conflicting-category overlap excluded; excludes water,6000,9999; secondary uses not split"
CHI,42,CHI:42,U1,lui_ambiguous_gross,5.2529828687556826e-08,fraction,,,,diagnostic,False,Source coverage diagnostic
CHI,42,CHI:42,U1,lui_coverage_gross,0.9986185979154275,fraction,,,,diagnostic,False,Source coverage diagnostic
CHI,42,CHI:42,U1,lui_overlap_gross,5.274045734645495e-08,fraction,,,,diagnostic,False,Source coverage diagnostic
CHI,42,CHI:42,U1,lui_classified_land,0.7496996751123624,fraction,,,,diagnostic,False,Source coverage diagnostic
CHI,42,CHI:42,U1,lui_secondary_use_area_fraction,0.0012916180088230768,fraction,,,,diagnostic,False,Source coverage diagnostic
CHI,43,CHI:43,U1,land_use_entropy_cmap_area8,0.58139715705778,index,,,2488.0,local_source_exploratory,False,"CMAP 2023 primary LANDUSE; eight broad groups; within-category union on land, conflicting-category overlap excluded; excludes water,6000,9999; secondary uses not split"
CHI,43,CHI:43,U1,land_use_share_residential,0.6472251159528968,fraction,3371457.1701138387,5209095.084559734,,local_source_exploratory,False,"CMAP 2023 primary LANDUSE; eight broad groups; within-category union on land, conflicting-category overlap excluded; excludes water,6000,9999; secondary uses not split"
CHI,43,CHI:43,U1,land_use_share_commercial,0.08410743044114904,fraction,438123.6024859392,5209095.084559734,,local_source_exploratory,False,"CMAP 2023 primary LANDUSE; eight broad groups; within-category union on land, conflicting-category overlap excluded; excludes water,6000,9999; secondary uses not split"
CHI,43,CHI:43,U1,land_use_share_institutional,0.06127024142024399,fraction,319162.51341198117,5209095.084559734,,local_source_exploratory,False,"CMAP 2023 primary LANDUSE; eight broad groups; within-category union on land, conflicting-category overlap excluded; excludes water,6000,9999; secondary uses not split"
CHI,43,CHI:43,U1,land_use_share_industrial,0.007792271900588978,fraction,40590.68525491098,5209095.084559734,,local_source_exploratory,False,"CMAP 2023 primary LANDUSE; eight broad groups; within-category union on land, conflicting-category overlap excluded; excludes water,6000,9999; secondary uses not split"
CHI,43,CHI:43,U1,land_use_share_transport_utilities,0.023126822628610048,fraction,120469.81807617743,5209095.084559734,,local_source_exploratory,False,"CMAP 2023 primary LANDUSE; eight broad groups; within-category union on land, conflicting-category overlap excluded; excludes water,6000,9999; secondary uses not split"
CHI,43,CHI:43,U1,land_use_share_agriculture,0.0,fraction,0.0,5209095.084559734,,local_source_exploratory,False,"CMAP 2023 primary LANDUSE; eight broad groups; within-category union on land, conflicting-category overlap excluded; excludes water,6000,9999; secondary uses not split"
CHI,43,CHI:43,U1,land_use_share_open_space,0.10974758684244142,fraction,571685.6151632541,5209095.084559734,,local_source_exploratory,False,"CMAP 2023 primary LANDUSE; eight broad groups; within-category union on land, conflicting-category overlap excluded; excludes water,6000,9999; secondary uses not split"
CHI,43,CHI:43,U1,land_use_share_vacant_construction,0.06673053081406968,fraction,347605.68005363224,5209095.084559734,,local_source_exploratory,False,"CMAP 2023 primary LANDUSE; eight broad groups; within-category union on land, conflicting-category overlap excluded; excludes water,6000,9999; secondary uses not split"
CHI,43,CHI:43,U1,lui_ambiguous_gross,3.0969521343362734e-09,fraction,,,,diagnostic,False,Source coverage diagnostic
CHI,43,CHI:43,U1,lui_coverage_gross,0.9986049428433923,fraction,,,,diagnostic,False,Source coverage diagnostic
CHI,43,CHI:43,U1,lui_overlap_gross,3.1290688763837237e-09,fraction,,,,diagnostic,False,Source coverage diagnostic
CHI,43,CHI:43,U1,lui_classified_land,0.6859487876388608,fraction,,,,diagnostic,False,Source coverage diagnostic
CHI,43,CHI:43,U1,lui_secondary_use_area_fraction,0.003984756638289363,fraction,,,,diagnostic,False,Source coverage diagnostic
CHI,44,CHI:44,U1,land_use_entropy_cmap_area8,0.6562597942550739,index,,,2071.0,local_source_exploratory,False,"CMAP 2023 primary LANDUSE; eight broad groups; within-category union on land, conflicting-category overlap excluded; excludes water,6000,9999; secondary uses not split"
CHI,44,CHI:44,U1,land_use_share_residential,0.5817040749307173,fraction,3160793.382161591,5433679.285361808,,local_source_exploratory,False,"CMAP 2023 primary LANDUSE; eight broad groups; within-category union on land, conflicting-category overlap excluded; excludes water,6000,9999; secondary uses not split"
CHI,44,CHI:44,U1,land_use_share_commercial,0.13779875793951257,fraction,748754.2565645154,5433679.285361808,,local_source_exploratory,False,"CMAP 2023 primary LANDUSE; eight broad groups; within-category union on land, conflicting-category overlap excluded; excludes water,6000,9999; secondary uses not split"
CHI,44,CHI:44,U1,land_use_share_institutional,0.06908425017084426,fraction,375381.65909806936,5433679.285361808,,local_source_exploratory,False,"CMAP 2023 primary LANDUSE; eight broad groups; within-category union on land, conflicting-category overlap excluded; excludes water,6000,9999; secondary uses not split"
CHI,44,CHI:44,U1,land_use_share_industrial,0.029948464026346724,fraction,162730.34860836348,5433679.285361808,,local_source_exploratory,False,"CMAP 2023 primary LANDUSE; eight broad groups; within-category union on land, conflicting-category overlap excluded; excludes water,6000,9999; secondary uses not split"
CHI,44,CHI:44,U1,land_use_share_transport_utilities,0.10276463409407387,fraction,558390.063544755,5433679.285361808,,local_source_exploratory,False,"CMAP 2023 primary LANDUSE; eight broad groups; within-category union on land, conflicting-category overlap excluded; excludes water,6000,9999; secondary uses not split"
CHI,44,CHI:44,U1,land_use_share_agriculture,0.0,fraction,0.0,5433679.285361808,,local_source_exploratory,False,"CMAP 2023 primary LANDUSE; eight broad groups; within-category union on land, conflicting-category overlap excluded; excludes water,6000,9999; secondary uses not split"
CHI,44,CHI:44,U1,land_use_share_open_space,0.031087482929739403,fraction,168919.4120293638,5433679.285361808,,local_source_exploratory,False,"CMAP 2023 primary LANDUSE; eight broad groups; within-category union on land, conflicting-category overlap excluded; excludes water,6000,9999; secondary uses not split"
CHI,44,CHI:44,U1,land_use_share_vacant_construction,0.047612335908765846,fraction,258710.16335514915,5433679.285361808,,local_source_exploratory,False,"CMAP 2023 primary LANDUSE; eight broad groups; within-category union on land, conflicting-category overlap excluded; excludes water,6000,9999; secondary uses not split"
CHI,44,CHI:44,U1,lui_ambiguous_gross,1.358497302995789e-07,fraction,,,,diagnostic,False,Source coverage diagnostic
CHI,44,CHI:44,U1,lui_coverage_gross,0.9999999784731916,fraction,,,,diagnostic,False,Source coverage diagnostic
CHI,44,CHI:44,U1,lui_overlap_gross,1.3777689688489394e-07,fraction,,,,diagnostic,False,Source coverage diagnostic
CHI,44,CHI:44,U1,lui_classified_land,0.7110321306847236,fraction,,,,diagnostic,False,Source coverage diagnostic
CHI,44,CHI:44,U1,lui_secondary_use_area_fraction,0.005868188895234149,fraction,,,,diagnostic,False,Source coverage diagnostic
CHI,45,CHI:45,U1,land_use_entropy_cmap_area8,0.6507553815470294,index,,,695.0,local_source_exploratory,False,"CMAP 2023 primary LANDUSE; eight broad groups; within-category union on land, conflicting-category overlap excluded; excludes water,6000,9999; secondary uses not split"
CHI,45,CHI:45,U1,land_use_share_residential,0.5865777234454123,fraction,1344156.6145548637,2291523.460283525,,local_source_exploratory,False,"CMAP 2023 primary LANDUSE; eight broad groups; within-category union on land, conflicting-category overlap excluded; excludes water,6000,9999; secondary uses not split"
CHI,45,CHI:45,U1,land_use_share_commercial,0.08352866426932563,fraction,191407.8937793059,2291523.460283525,,local_source_exploratory,False,"CMAP 2023 primary LANDUSE; eight broad groups; within-category union on land, conflicting-category overlap excluded; excludes water,6000,9999; secondary uses not split"
CHI,45,CHI:45,U1,land_use_share_institutional,0.07388208265674219,fraction,169302.52570253127,2291523.460283525,,local_source_exploratory,False,"CMAP 2023 primary LANDUSE; eight broad groups; within-category union on land, conflicting-category overlap excluded; excludes water,6000,9999; secondary uses not split"
CHI,45,CHI:45,U1,land_use_share_industrial,0.01801480324576966,fraction,41281.344270072965,2291523.460283525,,local_source_exploratory,False,"CMAP 2023 primary LANDUSE; eight broad groups; within-category union on land, conflicting-category overlap excluded; excludes water,6000,9999; secondary uses not split"
CHI,45,CHI:45,U1,land_use_share_transport_utilities,0.14155198064443875,fraction,324369.6844963308,2291523.460283525,,local_source_exploratory,False,"CMAP 2023 primary LANDUSE; eight broad groups; within-category union on land, conflicting-category overlap excluded; excludes water,6000,9999; secondary uses not split"
CHI,45,CHI:45,U1,land_use_share_agriculture,0.0,fraction,0.0,2291523.460283525,,local_source_exploratory,False,"CMAP 2023 primary LANDUSE; eight broad groups; within-category union on land, conflicting-category overlap excluded; excludes water,6000,9999; secondary uses not split"
CHI,45,CHI:45,U1,land_use_share_open_space,0.05539067061489708,fraction,126929.02119487392,2291523.460283525,,local_source_exploratory,False,"CMAP 2023 primary LANDUSE; eight broad groups; within-category union on land, conflicting-category overlap excluded; excludes water,6000,9999; secondary uses not split"
CHI,45,CHI:45,U1,land_use_share_vacant_construction,0.041054075123414316,fraction,94076.37628554615,2291523.460283525,,local_source_exploratory,False,"CMAP 2023 primary LANDUSE; eight broad groups; within-category union on land, conflicting-category overlap excluded; excludes water,6000,9999; secondary uses not split"
CHI,45,CHI:45,U1,lui_ambiguous_gross,1.2185728889574577e-09,fraction,,,,diagnostic,False,Source coverage diagnostic
CHI,45,CHI:45,U1,lui_coverage_gross,0.9999999833311324,fraction,,,,diagnostic,False,Source coverage diagnostic
CHI,45,CHI:45,U1,lui_overlap_gross,1.6725490006537463e-09,fraction,,,,diagnostic,False,Source coverage diagnostic
CHI,45,CHI:45,U1,lui_classified_land,0.7082675921956382,fraction,,,,diagnostic,False,Source coverage diagnostic
CHI,45,CHI:45,U1,lui_secondary_use_area_fraction,0.0,fraction,,,,diagnostic,False,Source coverage diagnostic
CHI,46,CHI:46,U1,land_use_entropy_cmap_area8,0.7014796247477447,index,,,3545.0,local_source_exploratory,False,"CMAP 2023 primary LANDUSE; eight broad groups; within-category union on land, conflicting-category overlap excluded; excludes water,6000,9999; secondary uses not split"
CHI,46,CHI:46,U1,land_use_share_residential,0.3988553004032719,fraction,2539929.155215077,6368046.639086965,,local_source_exploratory,False,"CMAP 2023 primary LANDUSE; eight broad groups; within-category union on land, conflicting-category overlap excluded; excludes water,6000,9999; secondary uses not split"
CHI,46,CHI:46,U1,land_use_share_commercial,0.054106292746770944,fraction,344551.3956795301,6368046.639086965,,local_source_exploratory,False,"CMAP 2023 primary LANDUSE; eight broad groups; within-category union on land, conflicting-category overlap excluded; excludes water,6000,9999; secondary uses not split"
CHI,46,CHI:46,U1,land_use_share_institutional,0.04708330426241435,fraction,299828.6774653766,6368046.639086965,,local_source_exploratory,False,"CMAP 2023 primary LANDUSE; eight broad groups; within-category union on land, conflicting-category overlap excluded; excludes water,6000,9999; secondary uses not split"
CHI,46,CHI:46,U1,land_use_share_industrial,0.021586396003060455,fraction,137463.17651728942,6368046.639086965,,local_source_exploratory,False,"CMAP 2023 primary LANDUSE; eight broad groups; within-category union on land, conflicting-category overlap excluded; excludes water,6000,9999; secondary uses not split"
CHI,46,CHI:46,U1,land_use_share_transport_utilities,0.043641882716989266,fraction,277913.544559351,6368046.639086965,,local_source_exploratory,False,"CMAP 2023 primary LANDUSE; eight broad groups; within-category union on land, conflicting-category overlap excluded; excludes water,6000,9999; secondary uses not split"
CHI,46,CHI:46,U1,land_use_share_agriculture,0.0,fraction,0.0,6368046.639086965,,local_source_exploratory,False,"CMAP 2023 primary LANDUSE; eight broad groups; within-category union on land, conflicting-category overlap excluded; excludes water,6000,9999; secondary uses not split"
CHI,46,CHI:46,U1,land_use_share_open_space,0.08081284631229609,fraction,514619.9743540685,6368046.639086965,,local_source_exploratory,False,"CMAP 2023 primary LANDUSE; eight broad groups; within-category union on land, conflicting-category overlap excluded; excludes water,6000,9999; secondary uses not split"
CHI,46,CHI:46,U1,land_use_share_vacant_construction,0.35391397755519693,fraction,2253740.7152962713,6368046.639086965,,local_source_exploratory,False,"CMAP 2023 primary LANDUSE; eight broad groups; within-category union on land, conflicting-category overlap excluded; excludes water,6000,9999; secondary uses not split"
CHI,46,CHI:46,U1,lui_ambiguous_gross,2.898862512242893e-09,fraction,,,,diagnostic,False,Source coverage diagnostic
CHI,46,CHI:46,U1,lui_coverage_gross,0.9995492126786443,fraction,,,,diagnostic,False,Source coverage diagnostic
CHI,46,CHI:46,U1,lui_overlap_gross,4.537368586935854e-09,fraction,,,,diagnostic,False,Source coverage diagnostic
CHI,46,CHI:46,U1,lui_classified_land,0.7357661564117709,fraction,,,,diagnostic,False,Source coverage diagnostic
CHI,46,CHI:46,U1,lui_secondary_use_area_fraction,0.0008214416980745085,fraction,,,,diagnostic,False,Source coverage diagnostic
CHI,47,CHI:47,U1,land_use_entropy_cmap_area8,0.7578073050902298,index,,,401.0,local_source_exploratory,False,"CMAP 2023 primary LANDUSE; eight broad groups; within-category union on land, conflicting-category overlap excluded; excludes water,6000,9999; secondary uses not split"
CHI,47,CHI:47,U1,land_use_share_residential,0.2448156905167184,fraction,320946.7926982977,1310973.1325671724,,local_source_exploratory,False,"CMAP 2023 primary LANDUSE; eight broad groups; within-category union on land, conflicting-category overlap excluded; excludes water,6000,9999; secondary uses not split"
CHI,47,CHI:47,U1,land_use_share_commercial,0.047281978728852744,fraction,61985.403768138494,1310973.1325671724,,local_source_exploratory,False,"CMAP 2023 primary LANDUSE; eight broad groups; within-category union on land, conflicting-category overlap excluded; excludes water,6000,9999; secondary uses not split"
CHI,47,CHI:47,U1,land_use_share_institutional,0.02309136492620642,fraction,30272.159012560565,1310973.1325671724,,local_source_exploratory,False,"CMAP 2023 primary LANDUSE; eight broad groups; within-category union on land, conflicting-category overlap excluded; excludes water,6000,9999; secondary uses not split"
CHI,47,CHI:47,U1,land_use_share_industrial,0.3695850925791601,fraction,484516.12656863,1310973.1325671724,,local_source_exploratory,False,"CMAP 2023 primary LANDUSE; eight broad groups; within-category union on land, conflicting-category overlap excluded; excludes water,6000,9999; secondary uses not split"
CHI,47,CHI:47,U1,land_use_share_transport_utilities,0.19200855306831485,fraction,251718.0542956589,1310973.1325671724,,local_source_exploratory,False,"CMAP 2023 primary LANDUSE; eight broad groups; within-category union on land, conflicting-category overlap excluded; excludes water,6000,9999; secondary uses not split"
CHI,47,CHI:47,U1,land_use_share_agriculture,0.0,fraction,0.0,1310973.1325671724,,local_source_exploratory,False,"CMAP 2023 primary LANDUSE; eight broad groups; within-category union on land, conflicting-category overlap excluded; excludes water,6000,9999; secondary uses not split"
CHI,47,CHI:47,U1,land_use_share_open_space,0.0216495612273064,fraction,28381.993100866668,1310973.1325671724,,local_source_exploratory,False,"CMAP 2023 primary LANDUSE; eight broad groups; within-category union on land, conflicting-category overlap excluded; excludes water,6000,9999; secondary uses not split"
CHI,47,CHI:47,U1,land_use_share_vacant_construction,0.10156775895344117,fraction,133152.60312302024,1310973.1325671724,,local_source_exploratory,False,"CMAP 2023 primary LANDUSE; eight broad groups; within-category union on land, conflicting-category overlap excluded; excludes water,6000,9999; secondary uses not split"
CHI,47,CHI:47,U1,lui_ambiguous_gross,5.044393485370283e-09,fraction,,,,diagnostic,False,Source coverage diagnostic
CHI,47,CHI:47,U1,lui_coverage_gross,0.9999999978082293,fraction,,,,diagnostic,False,Source coverage diagnostic
CHI,47,CHI:47,U1,lui_overlap_gross,5.044395668602798e-09,fraction,,,,diagnostic,False,Source coverage diagnostic
CHI,47,CHI:47,U1,lui_classified_land,0.8309128349924406,fraction,,,,diagnostic,False,Source coverage diagnostic
CHI,47,CHI:47,U1,lui_secondary_use_area_fraction,0.04009146570731054,fraction,,,,diagnostic,False,Source coverage diagnostic
CHI,48,CHI:48,U1,land_use_entropy_cmap_area8,0.594481675263824,index,,,1038.0,local_source_exploratory,False,"CMAP 2023 primary LANDUSE; eight broad groups; within-category union on land, conflicting-category overlap excluded; excludes water,6000,9999; secondary uses not split"
CHI,48,CHI:48,U1,land_use_share_residential,0.6315072087455863,fraction,1968977.763638082,3117902.276284734,,local_source_exploratory,False,"CMAP 2023 primary LANDUSE; eight broad groups; within-category union on land, conflicting-category overlap excluded; excludes water,6000,9999; secondary uses not split"
CHI,48,CHI:48,U1,land_use_share_commercial,0.05582282263609197,fraction,174050.10576571012,3117902.276284734,,local_source_exploratory,False,"CMAP 2023 primary LANDUSE; eight broad groups; within-category union on land, conflicting-category overlap excluded; excludes water,6000,9999; secondary uses not split"
CHI,48,CHI:48,U1,land_use_share_institutional,0.03821623196887826,fraction,119154.47664679094,3117902.276284734,,local_source_exploratory,False,"CMAP 2023 primary LANDUSE; eight broad groups; within-category union on land, conflicting-category overlap excluded; excludes water,6000,9999; secondary uses not split"
CHI,48,CHI:48,U1,land_use_share_industrial,0.01879180082345436,fraction,58590.99856293769,3117902.276284734,,local_source_exploratory,False,"CMAP 2023 primary LANDUSE; eight broad groups; within-category union on land, conflicting-category overlap excluded; excludes water,6000,9999; secondary uses not split"
CHI,48,CHI:48,U1,land_use_share_transport_utilities,0.14611331970290273,fraction,455567.0520971995,3117902.276284734,,local_source_exploratory,False,"CMAP 2023 primary LANDUSE; eight broad groups; within-category union on land, conflicting-category overlap excluded; excludes water,6000,9999; secondary uses not split"
CHI,48,CHI:48,U1,land_use_share_agriculture,0.0,fraction,0.0,3117902.276284734,,local_source_exploratory,False,"CMAP 2023 primary LANDUSE; eight broad groups; within-category union on land, conflicting-category overlap excluded; excludes water,6000,9999; secondary uses not split"
CHI,48,CHI:48,U1,land_use_share_open_space,0.02785622086253372,fraction,86852.97443598417,3117902.276284734,,local_source_exploratory,False,"CMAP 2023 primary LANDUSE; eight broad groups; within-category union on land, conflicting-category overlap excluded; excludes water,6000,9999; secondary uses not split"
CHI,48,CHI:48,U1,land_use_share_vacant_construction,0.08169239526055264,fraction,254708.90513802928,3117902.276284734,,local_source_exploratory,False,"CMAP 2023 primary LANDUSE; eight broad groups; within-category union on land, conflicting-category overlap excluded; excludes water,6000,9999; secondary uses not split"
CHI,48,CHI:48,U1,lui_ambiguous_gross,5.077943595705022e-09,fraction,,,,diagnostic,False,Source coverage diagnostic
CHI,48,CHI:48,U1,lui_coverage_gross,0.9999999973274859,fraction,,,,diagnostic,False,Source coverage diagnostic
CHI,48,CHI:48,U1,lui_overlap_gross,5.083982147875201e-09,fraction,,,,diagnostic,False,Source coverage diagnostic
CHI,48,CHI:48,U1,lui_classified_land,0.6878945348449169,fraction,,,,diagnostic,False,Source coverage diagnostic
CHI,48,CHI:48,U1,lui_secondary_use_area_fraction,0.00695614856579161,fraction,,,,diagnostic,False,Source coverage diagnostic
CHI,49,CHI:49,U1,land_use_entropy_cmap_area8,0.6231246318739551,index,,,4761.0,local_source_exploratory,False,"CMAP 2023 primary LANDUSE; eight broad groups; within-category union on land, conflicting-category overlap excluded; excludes water,6000,9999; secondary uses not split"
CHI,49,CHI:49,U1,land_use_share_residential,0.5881158869701196,fraction,5226816.994108631,8887392.960996801,,local_source_exploratory,False,"CMAP 2023 primary LANDUSE; eight broad groups; within-category union on land, conflicting-category overlap excluded; excludes water,6000,9999; secondary uses not split"
CHI,49,CHI:49,U1,land_use_share_commercial,0.03695307353286202,fraction,328416.4856031551,8887392.960996801,,local_source_exploratory,False,"CMAP 2023 primary LANDUSE; eight broad groups; within-category union on land, conflicting-category overlap excluded; excludes water,6000,9999; secondary uses not split"
CHI,49,CHI:49,U1,land_use_share_institutional,0.14733572330925132,fraction,1309430.4702420125,8887392.960996801,,local_source_exploratory,False,"CMAP 2023 primary LANDUSE; eight broad groups; within-category union on land, conflicting-category overlap excluded; excludes water,6000,9999; secondary uses not split"
CHI,49,CHI:49,U1,land_use_share_industrial,0.004017424214883977,fraction,35704.42768869796,8887392.960996801,,local_source_exploratory,False,"CMAP 2023 primary LANDUSE; eight broad groups; within-category union on land, conflicting-category overlap excluded; excludes water,6000,9999; secondary uses not split"
CHI,49,CHI:49,U1,land_use_share_transport_utilities,0.10998717960488127,fraction,977499.2858203128,8887392.960996801,,local_source_exploratory,False,"CMAP 2023 primary LANDUSE; eight broad groups; within-category union on land, conflicting-category overlap excluded; excludes water,6000,9999; secondary uses not split"
CHI,49,CHI:49,U1,land_use_share_agriculture,0.0,fraction,0.0,8887392.960996801,,local_source_exploratory,False,"CMAP 2023 primary LANDUSE; eight broad groups; within-category union on land, conflicting-category overlap excluded; excludes water,6000,9999; secondary uses not split"
CHI,49,CHI:49,U1,land_use_share_open_space,0.03196606165902087,fraction,284094.9513791718,8887392.960996801,,local_source_exploratory,False,"CMAP 2023 primary LANDUSE; eight broad groups; within-category union on land, conflicting-category overlap excluded; excludes water,6000,9999; secondary uses not split"
CHI,49,CHI:49,U1,land_use_share_vacant_construction,0.081624650708981,fraction,725430.3461548203,8887392.960996801,,local_source_exploratory,False,"CMAP 2023 primary LANDUSE; eight broad groups; within-category union on land, conflicting-category overlap excluded; excludes water,6000,9999; secondary uses not split"
CHI,49,CHI:49,U1,lui_ambiguous_gross,7.244089881028818e-10,fraction,,,,diagnostic,False,Source coverage diagnostic
CHI,49,CHI:49,U1,lui_coverage_gross,0.9999999978476553,fraction,,,,diagnostic,False,Source coverage diagnostic
CHI,49,CHI:49,U1,lui_overlap_gross,7.897815589691361e-10,fraction,,,,diagnostic,False,Source coverage diagnostic
CHI,49,CHI:49,U1,lui_classified_land,0.7127819971184541,fraction,,,,diagnostic,False,Source coverage diagnostic
CHI,49,CHI:49,U1,lui_secondary_use_area_fraction,0.0006676085015291718,fraction,,,,diagnostic,False,Source coverage diagnostic
CHI,50,CHI:50,U1,land_use_entropy_cmap_area8,0.791236109256195,index,,,542.0,local_source_exploratory,False,"CMAP 2023 primary LANDUSE; eight broad groups; within-category union on land, conflicting-category overlap excluded; excludes water,6000,9999; secondary uses not split"
CHI,50,CHI:50,U1,land_use_share_residential,0.21815220048069164,fraction,880589.2046180936,4036581.8115872424,,local_source_exploratory,False,"CMAP 2023 primary LANDUSE; eight broad groups; within-category union on land, conflicting-category overlap excluded; excludes water,6000,9999; secondary uses not split"
CHI,50,CHI:50,U1,land_use_share_commercial,0.07601852170755771,fraction,306854.98206847743,4036581.8115872424,,local_source_exploratory,False,"CMAP 2023 primary LANDUSE; eight broad groups; within-category union on land, conflicting-category overlap excluded; excludes water,6000,9999; secondary uses not split"
CHI,50,CHI:50,U1,land_use_share_institutional,0.17001026873846395,fraction,686260.3585727428,4036581.8115872424,,local_source_exploratory,False,"CMAP 2023 primary LANDUSE; eight broad groups; within-category union on land, conflicting-category overlap excluded; excludes water,6000,9999; secondary uses not split"
CHI,50,CHI:50,U1,land_use_share_industrial,0.357468047535482,fraction,1442949.0189053304,4036581.8115872424,,local_source_exploratory,False,"CMAP 2023 primary LANDUSE; eight broad groups; within-category union on land, conflicting-category overlap excluded; excludes water,6000,9999; secondary uses not split"
CHI,50,CHI:50,U1,land_use_share_transport_utilities,0.07011952251192523,fraction,283043.1892088196,4036581.8115872424,,local_source_exploratory,False,"CMAP 2023 primary LANDUSE; eight broad groups; within-category union on land, conflicting-category overlap excluded; excludes water,6000,9999; secondary uses not split"
CHI,50,CHI:50,U1,land_use_share_agriculture,0.0,fraction,0.0,4036581.8115872424,,local_source_exploratory,False,"CMAP 2023 primary LANDUSE; eight broad groups; within-category union on land, conflicting-category overlap excluded; excludes water,6000,9999; secondary uses not split"
CHI,50,CHI:50,U1,land_use_share_open_space,0.005357984529885235,fraction,21627.942900100563,4036581.8115872424,,local_source_exploratory,False,"CMAP 2023 primary LANDUSE; eight broad groups; within-category union on land, conflicting-category overlap excluded; excludes water,6000,9999; secondary uses not split"
CHI,50,CHI:50,U1,land_use_share_vacant_construction,0.10287345449599428,fraction,415257.11531367834,4036581.8115872424,,local_source_exploratory,False,"CMAP 2023 primary LANDUSE; eight broad groups; within-category union on land, conflicting-category overlap excluded; excludes water,6000,9999; secondary uses not split"
CHI,50,CHI:50,U1,lui_ambiguous_gross,1.3454753981318463e-07,fraction,,,,diagnostic,False,Source coverage diagnostic
CHI,50,CHI:50,U1,lui_coverage_gross,0.9999999952306626,fraction,,,,diagnostic,False,Source coverage diagnostic
CHI,50,CHI:50,U1,lui_overlap_gross,8.484494649376396e-07,fraction,,,,diagnostic,False,Source coverage diagnostic
CHI,50,CHI:50,U1,lui_classified_land,0.7369837738628592,fraction,,,,diagnostic,False,Source coverage diagnostic
CHI,50,CHI:50,U1,lui_secondary_use_area_fraction,0.0,fraction,,,,diagnostic,False,Source coverage diagnostic
CHI,51,CHI:51,U1,land_use_entropy_cmap_area8,0.6241257474325025,index,,,1489.0,local_source_exploratory,False,"CMAP 2023 primary LANDUSE; eight broad groups; within-category union on land, conflicting-category overlap excluded; excludes water,6000,9999; secondary uses not split"
CHI,51,CHI:51,U1,land_use_share_residential,0.07943291646916288,fraction,1938192.0027360874,24400363.084849395,,local_source_exploratory,False,"CMAP 2023 primary LANDUSE; eight broad groups; within-category union on land, conflicting-category overlap excluded; excludes water,6000,9999; secondary uses not split"
CHI,51,CHI:51,U1,land_use_share_commercial,0.011503176702254671,fraction,280681.68816419446,24400363.084849395,,local_source_exploratory,False,"CMAP 2023 primary LANDUSE; eight broad groups; within-category union on land, conflicting-category overlap excluded; excludes water,6000,9999; secondary uses not split"
CHI,51,CHI:51,U1,land_use_share_institutional,0.0062567378573614935,fraction,152666.67544634308,24400363.084849395,,local_source_exploratory,False,"CMAP 2023 primary LANDUSE; eight broad groups; within-category union on land, conflicting-category overlap excluded; excludes water,6000,9999; secondary uses not split"
CHI,51,CHI:51,U1,land_use_share_industrial,0.11910011679935073,fraction,2906086.0933521288,24400363.084849395,,local_source_exploratory,False,"CMAP 2023 primary LANDUSE; eight broad groups; within-category union on land, conflicting-category overlap excluded; excludes water,6000,9999; secondary uses not split"
CHI,51,CHI:51,U1,land_use_share_transport_utilities,0.5900608020447606,fraction,14397697.812029604,24400363.084849395,,local_source_exploratory,False,"CMAP 2023 primary LANDUSE; eight broad groups; within-category union on land, conflicting-category overlap excluded; excludes water,6000,9999; secondary uses not split"
CHI,51,CHI:51,U1,land_use_share_agriculture,0.0,fraction,0.0,24400363.084849395,,local_source_exploratory,False,"CMAP 2023 primary LANDUSE; eight broad groups; within-category union on land, conflicting-category overlap excluded; excludes water,6000,9999; secondary uses not split"
CHI,51,CHI:51,U1,land_use_share_open_space,0.11465251502448319,fraction,2797562.9951885403,24400363.084849395,,local_source_exploratory,False,"CMAP 2023 primary LANDUSE; eight broad groups; within-category union on land, conflicting-category overlap excluded; excludes water,6000,9999; secondary uses not split"
CHI,51,CHI:51,U1,land_use_share_vacant_construction,0.07899373510262647,fraction,1927475.8179324986,24400363.084849395,,local_source_exploratory,False,"CMAP 2023 primary LANDUSE; eight broad groups; within-category union on land, conflicting-category overlap excluded; excludes water,6000,9999; secondary uses not split"
CHI,51,CHI:51,U1,lui_ambiguous_gross,7.903819818198064e-09,fraction,,,,diagnostic,False,Source coverage diagnostic
CHI,51,CHI:51,U1,lui_coverage_gross,0.9999999918066776,fraction,,,,diagnostic,False,Source coverage diagnostic
CHI,51,CHI:51,U1,lui_overlap_gross,9.036437617163853e-09,fraction,,,,diagnostic,False,Source coverage diagnostic
CHI,51,CHI:51,U1,lui_classified_land,0.8700858943052631,fraction,,,,diagnostic,False,Source coverage diagnostic
CHI,51,CHI:51,U1,lui_secondary_use_area_fraction,0.00045017365142826056,fraction,,,,diagnostic,False,Source coverage diagnostic
CHI,52,CHI:52,U1,land_use_entropy_cmap_area8,0.8055209660015348,index,,,1769.0,local_source_exploratory,False,"CMAP 2023 primary LANDUSE; eight broad groups; within-category union on land, conflicting-category overlap excluded; excludes water,6000,9999; secondary uses not split"
CHI,52,CHI:52,U1,land_use_share_residential,0.388821449204673,fraction,2206165.2104733433,5673980.216333263,,local_source_exploratory,False,"CMAP 2023 primary LANDUSE; eight broad groups; within-category union on land, conflicting-category overlap excluded; excludes water,6000,9999; secondary uses not split"
CHI,52,CHI:52,U1,land_use_share_commercial,0.05045560351462948,fraction,286284.0961451627,5673980.216333263,,local_source_exploratory,False,"CMAP 2023 primary LANDUSE; eight broad groups; within-category union on land, conflicting-category overlap excluded; excludes water,6000,9999; secondary uses not split"
CHI,52,CHI:52,U1,land_use_share_institutional,0.06541175456653762,fraction,371145.00132618146,5673980.216333263,,local_source_exploratory,False,"CMAP 2023 primary LANDUSE; eight broad groups; within-category union on land, conflicting-category overlap excluded; excludes water,6000,9999; secondary uses not split"
CHI,52,CHI:52,U1,land_use_share_industrial,0.07847281220069413,fraction,445253.183946774,5673980.216333263,,local_source_exploratory,False,"CMAP 2023 primary LANDUSE; eight broad groups; within-category union on land, conflicting-category overlap excluded; excludes water,6000,9999; secondary uses not split"
CHI,52,CHI:52,U1,land_use_share_transport_utilities,0.22031377261380103,fraction,1250055.987196452,5673980.216333263,,local_source_exploratory,False,"CMAP 2023 primary LANDUSE; eight broad groups; within-category union on land, conflicting-category overlap excluded; excludes water,6000,9999; secondary uses not split"
CHI,52,CHI:52,U1,land_use_share_agriculture,0.0,fraction,0.0,5673980.216333263,,local_source_exploratory,False,"CMAP 2023 primary LANDUSE; eight broad groups; within-category union on land, conflicting-category overlap excluded; excludes water,6000,9999; secondary uses not split"
CHI,52,CHI:52,U1,land_use_share_open_space,0.12976184703247398,fraction,736266.1528971205,5673980.216333263,,local_source_exploratory,False,"CMAP 2023 primary LANDUSE; eight broad groups; within-category union on land, conflicting-category overlap excluded; excludes water,6000,9999; secondary uses not split"
CHI,52,CHI:52,U1,land_use_share_vacant_construction,0.06676276086719075,fraction,378810.5843482289,5673980.216333263,,local_source_exploratory,False,"CMAP 2023 primary LANDUSE; eight broad groups; within-category union on land, conflicting-category overlap excluded; excludes water,6000,9999; secondary uses not split"
CHI,52,CHI:52,U1,lui_ambiguous_gross,1.5344401988038412e-09,fraction,,,,diagnostic,False,Source coverage diagnostic
CHI,52,CHI:52,U1,lui_coverage_gross,0.9984064744901726,fraction,,,,diagnostic,False,Source coverage diagnostic
CHI,52,CHI:52,U1,lui_overlap_gross,1.9956004660837455e-09,fraction,,,,diagnostic,False,Source coverage diagnostic
CHI,52,CHI:52,U1,lui_classified_land,0.7377156808712761,fraction,,,,diagnostic,False,Source coverage diagnostic
CHI,52,CHI:52,U1,lui_secondary_use_area_fraction,0.0018651015421533345,fraction,,,,diagnostic,False,Source coverage diagnostic
CHI,53,CHI:53,U1,land_use_entropy_cmap_area8,0.6584994139594537,index,,,3471.0,local_source_exploratory,False,"CMAP 2023 primary LANDUSE; eight broad groups; within-category union on land, conflicting-category overlap excluded; excludes water,6000,9999; secondary uses not split"
CHI,53,CHI:53,U1,land_use_share_residential,0.586794689275564,fraction,3864183.9438064145,6585240.1434937995,,local_source_exploratory,False,"CMAP 2023 primary LANDUSE; eight broad groups; within-category union on land, conflicting-category overlap excluded; excludes water,6000,9999; secondary uses not split"
CHI,53,CHI:53,U1,land_use_share_commercial,0.03336003984901964,fraction,219683.87360231695,6585240.1434937995,,local_source_exploratory,False,"CMAP 2023 primary LANDUSE; eight broad groups; within-category union on land, conflicting-category overlap excluded; excludes water,6000,9999; secondary uses not split"
CHI,53,CHI:53,U1,land_use_share_institutional,0.05254239721729891,fraction,346004.3033907537,6585240.1434937995,,local_source_exploratory,False,"CMAP 2023 primary LANDUSE; eight broad groups; within-category union on land, conflicting-category overlap excluded; excludes water,6000,9999; secondary uses not split"
CHI,53,CHI:53,U1,land_use_share_industrial,0.03922026600134166,fraction,258274.87011054016,6585240.1434937995,,local_source_exploratory,False,"CMAP 2023 primary LANDUSE; eight broad groups; within-category union on land, conflicting-category overlap excluded; excludes water,6000,9999; secondary uses not split"
CHI,53,CHI:53,U1,land_use_share_transport_utilities,0.08884697033827857,fraction,585078.6356994349,6585240.1434937995,,local_source_exploratory,False,"CMAP 2023 primary LANDUSE; eight broad groups; within-category union on land, conflicting-category overlap excluded; excludes water,6000,9999; secondary uses not split"
CHI,53,CHI:53,U1,land_use_share_agriculture,0.00013051125205801832,fraction,859.4479362301,6585240.1434937995,,local_source_exploratory,False,"CMAP 2023 primary LANDUSE; eight broad groups; within-category union on land, conflicting-category overlap excluded; excludes water,6000,9999; secondary uses not split"
CHI,53,CHI:53,U1,land_use_share_open_space,0.06221716096440699,fraction,409714.9459970283,6585240.1434937995,,local_source_exploratory,False,"CMAP 2023 primary LANDUSE; eight broad groups; within-category union on land, conflicting-category overlap excluded; excludes water,6000,9999; secondary uses not split"
CHI,53,CHI:53,U1,land_use_share_vacant_construction,0.13688796510203216,fraction,901440.1229510804,6585240.1434937995,,local_source_exploratory,False,"CMAP 2023 primary LANDUSE; eight broad groups; within-category union on land, conflicting-category overlap excluded; excludes water,6000,9999; secondary uses not split"
CHI,53,CHI:53,U1,lui_ambiguous_gross,3.686218591868915e-09,fraction,,,,diagnostic,False,Source coverage diagnostic
CHI,53,CHI:53,U1,lui_coverage_gross,0.9999999943748116,fraction,,,,diagnostic,False,Source coverage diagnostic
CHI,53,CHI:53,U1,lui_overlap_gross,3.6975309958101487e-09,fraction,,,,diagnostic,False,Source coverage diagnostic
CHI,53,CHI:53,U1,lui_classified_land,0.7159546860549999,fraction,,,,diagnostic,False,Source coverage diagnostic
CHI,53,CHI:53,U1,lui_secondary_use_area_fraction,0.008845776717835728,fraction,,,,diagnostic,False,Source coverage diagnostic
CHI,54,CHI:54,U1,land_use_entropy_cmap_area8,0.7760418245260806,index,,,421.0,local_source_exploratory,False,"CMAP 2023 primary LANDUSE; eight broad groups; within-category union on land, conflicting-category overlap excluded; excludes water,6000,9999; secondary uses not split"
CHI,54,CHI:54,U1,land_use_share_residential,0.1363612567531602,fraction,1079775.7998095073,7918494.046766575,,local_source_exploratory,False,"CMAP 2023 primary LANDUSE; eight broad groups; within-category union on land, conflicting-category overlap excluded; excludes water,6000,9999; secondary uses not split"
CHI,54,CHI:54,U1,land_use_share_commercial,0.019661999275945006,fraction,155693.42421409924,7918494.046766575,,local_source_exploratory,False,"CMAP 2023 primary LANDUSE; eight broad groups; within-category union on land, conflicting-category overlap excluded; excludes water,6000,9999; secondary uses not split"
CHI,54,CHI:54,U1,land_use_share_institutional,0.029938759311463413,fraction,237069.8873754004,7918494.046766575,,local_source_exploratory,False,"CMAP 2023 primary LANDUSE; eight broad groups; within-category union on land, conflicting-category overlap excluded; excludes water,6000,9999; secondary uses not split"
CHI,54,CHI:54,U1,land_use_share_industrial,0.11266401219629532,fraction,892129.3098612013,7918494.046766575,,local_source_exploratory,False,"CMAP 2023 primary LANDUSE; eight broad groups; within-category union on land, conflicting-category overlap excluded; excludes water,6000,9999; secondary uses not split"
CHI,54,CHI:54,U1,land_use_share_transport_utilities,0.43075883890292893,fraction,3410961.301444925,7918494.046766575,,local_source_exploratory,False,"CMAP 2023 primary LANDUSE; eight broad groups; within-category union on land, conflicting-category overlap excluded; excludes water,6000,9999; secondary uses not split"
CHI,54,CHI:54,U1,land_use_share_agriculture,0.0018442703529603542,fraction,14603.843810544655,7918494.046766575,,local_source_exploratory,False,"CMAP 2023 primary LANDUSE; eight broad groups; within-category union on land, conflicting-category overlap excluded; excludes water,6000,9999; secondary uses not split"
CHI,54,CHI:54,U1,land_use_share_open_space,0.13753253317576936,fraction,1089050.545189056,7918494.046766575,,local_source_exploratory,False,"CMAP 2023 primary LANDUSE; eight broad groups; within-category union on land, conflicting-category overlap excluded; excludes water,6000,9999; secondary uses not split"
CHI,54,CHI:54,U1,land_use_share_vacant_construction,0.1312383300314774,fraction,1039209.9350618407,7918494.046766575,,local_source_exploratory,False,"CMAP 2023 primary LANDUSE; eight broad groups; within-category union on land, conflicting-category overlap excluded; excludes water,6000,9999; secondary uses not split"
CHI,54,CHI:54,U1,lui_ambiguous_gross,5.434824755739657e-10,fraction,,,,diagnostic,False,Source coverage diagnostic
CHI,54,CHI:54,U1,lui_coverage_gross,0.9999999930700976,fraction,,,,diagnostic,False,Source coverage diagnostic
CHI,54,CHI:54,U1,lui_overlap_gross,5.455140046163637e-10,fraction,,,,diagnostic,False,Source coverage diagnostic
CHI,54,CHI:54,U1,lui_classified_land,0.8678631117732841,fraction,,,,diagnostic,False,Source coverage diagnostic
CHI,54,CHI:54,U1,lui_secondary_use_area_fraction,0.0,fraction,,,,diagnostic,False,Source coverage diagnostic
CHI,55,CHI:55,U1,land_use_entropy_cmap_area8,0.807308077228154,index,,,1078.0,local_source_exploratory,False,"CMAP 2023 primary LANDUSE; eight broad groups; within-category union on land, conflicting-category overlap excluded; excludes water,6000,9999; secondary uses not split"
CHI,55,CHI:55,U1,land_use_share_residential,0.16786926461526508,fraction,1646588.1490988762,9808752.97734011,,local_source_exploratory,False,"CMAP 2023 primary LANDUSE; eight broad groups; within-category union on land, conflicting-category overlap excluded; excludes water,6000,9999; secondary uses not split"
CHI,55,CHI:55,U1,land_use_share_commercial,0.022712623722340196,fraction,222782.51555971,9808752.97734011,,local_source_exploratory,False,"CMAP 2023 primary LANDUSE; eight broad groups; within-category union on land, conflicting-category overlap excluded; excludes water,6000,9999; secondary uses not split"
CHI,55,CHI:55,U1,land_use_share_institutional,0.007180276430371316,fraction,70429.55781452966,9808752.97734011,,local_source_exploratory,False,"CMAP 2023 primary LANDUSE; eight broad groups; within-category union on land, conflicting-category overlap excluded; excludes water,6000,9999; secondary uses not split"
CHI,55,CHI:55,U1,land_use_share_industrial,0.16943460387438777,fraction,1661942.1752173433,9808752.97734011,,local_source_exploratory,False,"CMAP 2023 primary LANDUSE; eight broad groups; within-category union on land, conflicting-category overlap excluded; excludes water,6000,9999; secondary uses not split"
CHI,55,CHI:55,U1,land_use_share_transport_utilities,0.25166689004137566,fraction,2468538.3569912696,9808752.97734011,,local_source_exploratory,False,"CMAP 2023 primary LANDUSE; eight broad groups; within-category union on land, conflicting-category overlap excluded; excludes water,6000,9999; secondary uses not split"
CHI,55,CHI:55,U1,land_use_share_agriculture,0.0,fraction,0.0,9808752.97734011,,local_source_exploratory,False,"CMAP 2023 primary LANDUSE; eight broad groups; within-category union on land, conflicting-category overlap excluded; excludes water,6000,9999; secondary uses not split"
CHI,55,CHI:55,U1,land_use_share_open_space,0.2547823718894216,fraction,2499097.348844139,9808752.97734011,,local_source_exploratory,False,"CMAP 2023 primary LANDUSE; eight broad groups; within-category union on land, conflicting-category overlap excluded; excludes water,6000,9999; secondary uses not split"
CHI,55,CHI:55,U1,land_use_share_vacant_construction,0.12635396942683835,fraction,1239374.873814242,9808752.97734011,,local_source_exploratory,False,"CMAP 2023 primary LANDUSE; eight broad groups; within-category union on land, conflicting-category overlap excluded; excludes water,6000,9999; secondary uses not split"
CHI,55,CHI:55,U1,lui_ambiguous_gross,9.589136677803304e-09,fraction,,,,diagnostic,False,Source coverage diagnostic
CHI,55,CHI:55,U1,lui_coverage_gross,0.9999330458452143,fraction,,,,diagnostic,False,Source coverage diagnostic
CHI,55,CHI:55,U1,lui_overlap_gross,1.1388586866083802e-08,fraction,,,,diagnostic,False,Source coverage diagnostic
CHI,55,CHI:55,U1,lui_classified_land,0.7368099878856835,fraction,,,,diagnostic,False,Source coverage diagnostic
CHI,55,CHI:55,U1,lui_secondary_use_area_fraction,0.0008554623161179778,fraction,,,,diagnostic,False,Source coverage diagnostic
CHI,56,CHI:56,U1,land_use_entropy_cmap_area8,0.6309043787396261,index,,,1677.0,local_source_exploratory,False,"CMAP 2023 primary LANDUSE; eight broad groups; within-category union on land, conflicting-category overlap excluded; excludes water,6000,9999; secondary uses not split"
CHI,56,CHI:56,U1,land_use_share_residential,0.5403919337005311,fraction,4424400.615016161,8187392.037328283,,local_source_exploratory,False,"CMAP 2023 primary LANDUSE; eight broad groups; within-category union on land, conflicting-category overlap excluded; excludes water,6000,9999; secondary uses not split"
CHI,56,CHI:56,U1,land_use_share_commercial,0.05741824344300809,fraction,470105.66916266136,8187392.037328283,,local_source_exploratory,False,"CMAP 2023 primary LANDUSE; eight broad groups; within-category union on land, conflicting-category overlap excluded; excludes water,6000,9999; secondary uses not split"
CHI,56,CHI:56,U1,land_use_share_institutional,0.02715949941604729,fraction,222365.46925676774,8187392.037328283,,local_source_exploratory,False,"CMAP 2023 primary LANDUSE; eight broad groups; within-category union on land, conflicting-category overlap excluded; excludes water,6000,9999; secondary uses not split"
CHI,56,CHI:56,U1,land_use_share_industrial,0.05678476629031202,fraction,464919.1433668481,8187392.037328283,,local_source_exploratory,False,"CMAP 2023 primary LANDUSE; eight broad groups; within-category union on land, conflicting-category overlap excluded; excludes water,6000,9999; secondary uses not split"
CHI,56,CHI:56,U1,land_use_share_transport_utilities,0.25994873689502246,fraction,2128302.218567852,8187392.037328283,,local_source_exploratory,False,"CMAP 2023 primary LANDUSE; eight broad groups; within-category union on land, conflicting-category overlap excluded; excludes water,6000,9999; secondary uses not split"
CHI,56,CHI:56,U1,land_use_share_agriculture,0.0,fraction,0.0,8187392.037328283,,local_source_exploratory,False,"CMAP 2023 primary LANDUSE; eight broad groups; within-category union on land, conflicting-category overlap excluded; excludes water,6000,9999; secondary uses not split"
CHI,56,CHI:56,U1,land_use_share_open_space,0.021798891654941446,fraction,178476.07195824955,8187392.037328283,,local_source_exploratory,False,"CMAP 2023 primary LANDUSE; eight broad groups; within-category union on land, conflicting-category overlap excluded; excludes water,6000,9999; secondary uses not split"
CHI,56,CHI:56,U1,land_use_share_vacant_construction,0.03649792860013753,fraction,298822.84999974223,8187392.037328283,,local_source_exploratory,False,"CMAP 2023 primary LANDUSE; eight broad groups; within-category union on land, conflicting-category overlap excluded; excludes water,6000,9999; secondary uses not split"
CHI,56,CHI:56,U1,lui_ambiguous_gross,3.1990353918058465e-10,fraction,,,,diagnostic,False,Source coverage diagnostic
CHI,56,CHI:56,U1,lui_coverage_gross,0.9999999908270554,fraction,,,,diagnostic,False,Source coverage diagnostic
CHI,56,CHI:56,U1,lui_overlap_gross,1.555193132560135e-07,fraction,,,,diagnostic,False,Source coverage diagnostic
CHI,56,CHI:56,U1,lui_classified_land,0.7508185184852715,fraction,,,,diagnostic,False,Source coverage diagnostic
CHI,56,CHI:56,U1,lui_secondary_use_area_fraction,0.000287075417184405,fraction,,,,diagnostic,False,Source coverage diagnostic
CHI,57,CHI:57,U1,land_use_entropy_cmap_area8,0.7300623626872309,index,,,1048.0,local_source_exploratory,False,"CMAP 2023 primary LANDUSE; eight broad groups; within-category union on land, conflicting-category overlap excluded; excludes water,6000,9999; secondary uses not split"
CHI,57,CHI:57,U1,land_use_share_residential,0.23134884199857367,fraction,958412.5924278924,4142716.1862941217,,local_source_exploratory,False,"CMAP 2023 primary LANDUSE; eight broad groups; within-category union on land, conflicting-category overlap excluded; excludes water,6000,9999; secondary uses not split"
CHI,57,CHI:57,U1,land_use_share_commercial,0.08079692765923906,fraction,334718.74001676484,4142716.1862941217,,local_source_exploratory,False,"CMAP 2023 primary LANDUSE; eight broad groups; within-category union on land, conflicting-category overlap excluded; excludes water,6000,9999; secondary uses not split"
CHI,57,CHI:57,U1,land_use_share_institutional,0.03705791173379411,fraction,153520.41076984772,4142716.1862941217,,local_source_exploratory,False,"CMAP 2023 primary LANDUSE; eight broad groups; within-category union on land, conflicting-category overlap excluded; excludes water,6000,9999; secondary uses not split"
CHI,57,CHI:57,U1,land_use_share_industrial,0.33095284164290223,fraction,1371043.6939740863,4142716.1862941217,,local_source_exploratory,False,"CMAP 2023 primary LANDUSE; eight broad groups; within-category union on land, conflicting-category overlap excluded; excludes water,6000,9999; secondary uses not split"
CHI,57,CHI:57,U1,land_use_share_transport_utilities,0.2887436454805654,fraction,1196182.9738219099,4142716.1862941217,,local_source_exploratory,False,"CMAP 2023 primary LANDUSE; eight broad groups; within-category union on land, conflicting-category overlap excluded; excludes water,6000,9999; secondary uses not split"
CHI,57,CHI:57,U1,land_use_share_agriculture,0.0,fraction,0.0,4142716.1862941217,,local_source_exploratory,False,"CMAP 2023 primary LANDUSE; eight broad groups; within-category union on land, conflicting-category overlap excluded; excludes water,6000,9999; secondary uses not split"
CHI,57,CHI:57,U1,land_use_share_open_space,0.014647457273870915,fraction,60680.25833651661,4142716.1862941217,,local_source_exploratory,False,"CMAP 2023 primary LANDUSE; eight broad groups; within-category union on land, conflicting-category overlap excluded; excludes water,6000,9999; secondary uses not split"
CHI,57,CHI:57,U1,land_use_share_vacant_construction,0.01645237421105465,fraction,68157.51694710409,4142716.1862941217,,local_source_exploratory,False,"CMAP 2023 primary LANDUSE; eight broad groups; within-category union on land, conflicting-category overlap excluded; excludes water,6000,9999; secondary uses not split"
CHI,57,CHI:57,U1,lui_ambiguous_gross,3.2978741519048e-09,fraction,,,,diagnostic,False,Source coverage diagnostic
CHI,57,CHI:57,U1,lui_coverage_gross,0.9999999754773093,fraction,,,,diagnostic,False,Source coverage diagnostic
CHI,57,CHI:57,U1,lui_overlap_gross,1.1476614348026777e-07,fraction,,,,diagnostic,False,Source coverage diagnostic
CHI,57,CHI:57,U1,lui_classified_land,0.7979596717820745,fraction,,,,diagnostic,False,Source coverage diagnostic
CHI,57,CHI:57,U1,lui_secondary_use_area_fraction,0.0033315383679422806,fraction,,,,diagnostic,False,Source coverage diagnostic
CHI,58,CHI:58,U1,land_use_entropy_cmap_area8,0.7269395258918482,index,,,3107.0,local_source_exploratory,False,"CMAP 2023 primary LANDUSE; eight broad groups; within-category union on land, conflicting-category overlap excluded; excludes water,6000,9999; secondary uses not split"
CHI,58,CHI:58,U1,land_use_share_residential,0.42983961329606246,fraction,2240268.945978664,5211871.769565417,,local_source_exploratory,False,"CMAP 2023 primary LANDUSE; eight broad groups; within-category union on land, conflicting-category overlap excluded; excludes water,6000,9999; secondary uses not split"
CHI,58,CHI:58,U1,land_use_share_commercial,0.09884048171869791,fraction,515143.9163599284,5211871.769565417,,local_source_exploratory,False,"CMAP 2023 primary LANDUSE; eight broad groups; within-category union on land, conflicting-category overlap excluded; excludes water,6000,9999; secondary uses not split"
CHI,58,CHI:58,U1,land_use_share_institutional,0.03973884065146917,fraction,207113.74174665075,5211871.769565417,,local_source_exploratory,False,"CMAP 2023 primary LANDUSE; eight broad groups; within-category union on land, conflicting-category overlap excluded; excludes water,6000,9999; secondary uses not split"
CHI,58,CHI:58,U1,land_use_share_industrial,0.20264668676775283,fraction,1056168.5459608168,5211871.769565417,,local_source_exploratory,False,"CMAP 2023 primary LANDUSE; eight broad groups; within-category union on land, conflicting-category overlap excluded; excludes water,6000,9999; secondary uses not split"
CHI,58,CHI:58,U1,land_use_share_transport_utilities,0.19026391480990185,fraction,991631.1263647269,5211871.769565417,,local_source_exploratory,False,"CMAP 2023 primary LANDUSE; eight broad groups; within-category union on land, conflicting-category overlap excluded; excludes water,6000,9999; secondary uses not split"
CHI,58,CHI:58,U1,land_use_share_agriculture,0.0,fraction,0.0,5211871.769565417,,local_source_exploratory,False,"CMAP 2023 primary LANDUSE; eight broad groups; within-category union on land, conflicting-category overlap excluded; excludes water,6000,9999; secondary uses not split"
CHI,58,CHI:58,U1,land_use_share_open_space,0.019582342231486794,fraction,102060.65665825468,5211871.769565417,,local_source_exploratory,False,"CMAP 2023 primary LANDUSE; eight broad groups; within-category union on land, conflicting-category overlap excluded; excludes water,6000,9999; secondary uses not split"
CHI,58,CHI:58,U1,land_use_share_vacant_construction,0.019088120524629017,fraction,99484.8364963762,5211871.769565417,,local_source_exploratory,False,"CMAP 2023 primary LANDUSE; eight broad groups; within-category union on land, conflicting-category overlap excluded; excludes water,6000,9999; secondary uses not split"
CHI,58,CHI:58,U1,lui_ambiguous_gross,8.426454522358553e-08,fraction,,,,diagnostic,False,Source coverage diagnostic
CHI,58,CHI:58,U1,lui_coverage_gross,0.9999999681181503,fraction,,,,diagnostic,False,Source coverage diagnostic
CHI,58,CHI:58,U1,lui_overlap_gross,8.910480798026726e-08,fraction,,,,diagnostic,False,Source coverage diagnostic
CHI,58,CHI:58,U1,lui_classified_land,0.7397432262824779,fraction,,,,diagnostic,False,Source coverage diagnostic
CHI,58,CHI:58,U1,lui_secondary_use_area_fraction,0.0022206261264485472,fraction,,,,diagnostic,False,Source coverage diagnostic
CHI,59,CHI:59,U1,land_use_entropy_cmap_area8,0.7996435802998386,index,,,1606.0,local_source_exploratory,False,"CMAP 2023 primary LANDUSE; eight broad groups; within-category union on land, conflicting-category overlap excluded; excludes water,6000,9999; secondary uses not split"
CHI,59,CHI:59,U1,land_use_share_residential,0.3558136788588778,fraction,956619.0409367104,2688539.248981833,,local_source_exploratory,False,"CMAP 2023 primary LANDUSE; eight broad groups; within-category union on land, conflicting-category overlap excluded; excludes water,6000,9999; secondary uses not split"
CHI,59,CHI:59,U1,land_use_share_commercial,0.11081927448050634,fraction,297941.9689845321,2688539.248981833,,local_source_exploratory,False,"CMAP 2023 primary LANDUSE; eight broad groups; within-category union on land, conflicting-category overlap excluded; excludes water,6000,9999; secondary uses not split"
CHI,59,CHI:59,U1,land_use_share_institutional,0.03369918145908041,fraction,90601.57201129854,2688539.248981833,,local_source_exploratory,False,"CMAP 2023 primary LANDUSE; eight broad groups; within-category union on land, conflicting-category overlap excluded; excludes water,6000,9999; secondary uses not split"
CHI,59,CHI:59,U1,land_use_share_industrial,0.24175039841133067,fraction,649955.4345858579,2688539.248981833,,local_source_exploratory,False,"CMAP 2023 primary LANDUSE; eight broad groups; within-category union on land, conflicting-category overlap excluded; excludes water,6000,9999; secondary uses not split"
CHI,59,CHI:59,U1,land_use_share_transport_utilities,0.12133707328030062,fraction,326219.48387067305,2688539.248981833,,local_source_exploratory,False,"CMAP 2023 primary LANDUSE; eight broad groups; within-category union on land, conflicting-category overlap excluded; excludes water,6000,9999; secondary uses not split"
CHI,59,CHI:59,U1,land_use_share_agriculture,0.0,fraction,0.0,2688539.248981833,,local_source_exploratory,False,"CMAP 2023 primary LANDUSE; eight broad groups; within-category union on land, conflicting-category overlap excluded; excludes water,6000,9999; secondary uses not split"
CHI,59,CHI:59,U1,land_use_share_open_space,0.11089998792391668,fraction,298158.9702450613,2688539.248981833,,local_source_exploratory,False,"CMAP 2023 primary LANDUSE; eight broad groups; within-category union on land, conflicting-category overlap excluded; excludes water,6000,9999; secondary uses not split"
CHI,59,CHI:59,U1,land_use_share_vacant_construction,0.025680405585987543,fraction,69042.77834769982,2688539.248981833,,local_source_exploratory,False,"CMAP 2023 primary LANDUSE; eight broad groups; within-category union on land, conflicting-category overlap excluded; excludes water,6000,9999; secondary uses not split"
CHI,59,CHI:59,U1,lui_ambiguous_gross,2.184934657662829e-08,fraction,,,,diagnostic,False,Source coverage diagnostic
CHI,59,CHI:59,U1,lui_coverage_gross,0.9999999652433688,fraction,,,,diagnostic,False,Source coverage diagnostic
CHI,59,CHI:59,U1,lui_overlap_gross,6.30548914391943e-08,fraction,,,,diagnostic,False,Source coverage diagnostic
CHI,59,CHI:59,U1,lui_classified_land,0.7344508922138991,fraction,,,,diagnostic,False,Source coverage diagnostic
CHI,59,CHI:59,U1,lui_secondary_use_area_fraction,0.00286298659286708,fraction,,,,diagnostic,False,Source coverage diagnostic
CHI,60,CHI:60,U1,land_use_entropy_cmap_area8,0.7135052531666484,index,,,3415.0,local_source_exploratory,False,"CMAP 2023 primary LANDUSE; eight broad groups; within-category union on land, conflicting-category overlap excluded; excludes water,6000,9999; secondary uses not split"
CHI,60,CHI:60,U1,land_use_share_residential,0.5191554618559205,fraction,1987898.753375232,3829101.10637905,,local_source_exploratory,False,"CMAP 2023 primary LANDUSE; eight broad groups; within-category union on land, conflicting-category overlap excluded; excludes water,6000,9999; secondary uses not split"
CHI,60,CHI:60,U1,land_use_share_commercial,0.09477837138472256,fraction,362915.9667300456,3829101.10637905,,local_source_exploratory,False,"CMAP 2023 primary LANDUSE; eight broad groups; within-category union on land, conflicting-category overlap excluded; excludes water,6000,9999; secondary uses not split"
CHI,60,CHI:60,U1,land_use_share_institutional,0.0361977123458869,fraction,138604.70039202613,3829101.10637905,,local_source_exploratory,False,"CMAP 2023 primary LANDUSE; eight broad groups; within-category union on land, conflicting-category overlap excluded; excludes water,6000,9999; secondary uses not split"
CHI,60,CHI:60,U1,land_use_share_industrial,0.15779310935516588,fraction,604205.7696108561,3829101.10637905,,local_source_exploratory,False,"CMAP 2023 primary LANDUSE; eight broad groups; within-category union on land, conflicting-category overlap excluded; excludes water,6000,9999; secondary uses not split"
CHI,60,CHI:60,U1,land_use_share_transport_utilities,0.10494321459821401,fraction,401838.1791249953,3829101.10637905,,local_source_exploratory,False,"CMAP 2023 primary LANDUSE; eight broad groups; within-category union on land, conflicting-category overlap excluded; excludes water,6000,9999; secondary uses not split"
CHI,60,CHI:60,U1,land_use_share_agriculture,0.0,fraction,0.0,3829101.10637905,,local_source_exploratory,False,"CMAP 2023 primary LANDUSE; eight broad groups; within-category union on land, conflicting-category overlap excluded; excludes water,6000,9999; secondary uses not split"
CHI,60,CHI:60,U1,land_use_share_open_space,0.050330611912328696,fraction,192721.0017582324,3829101.10637905,,local_source_exploratory,False,"CMAP 2023 primary LANDUSE; eight broad groups; within-category union on land, conflicting-category overlap excluded; excludes water,6000,9999; secondary uses not split"
CHI,60,CHI:60,U1,land_use_share_vacant_construction,0.03680151854776152,fraction,140916.73538766277,3829101.10637905,,local_source_exploratory,False,"CMAP 2023 primary LANDUSE; eight broad groups; within-category union on land, conflicting-category overlap excluded; excludes water,6000,9999; secondary uses not split"
CHI,60,CHI:60,U1,lui_ambiguous_gross,4.103712858133682e-08,fraction,,,,diagnostic,False,Source coverage diagnostic
CHI,60,CHI:60,U1,lui_coverage_gross,0.9999999139547329,fraction,,,,diagnostic,False,Source coverage diagnostic
CHI,60,CHI:60,U1,lui_overlap_gross,6.880653961252146e-08,fraction,,,,diagnostic,False,Source coverage diagnostic
CHI,60,CHI:60,U1,lui_classified_land,0.7092348763354535,fraction,,,,diagnostic,False,Source coverage diagnostic
CHI,60,CHI:60,U1,lui_secondary_use_area_fraction,0.003077881192266567,fraction,,,,diagnostic,False,Source coverage diagnostic
CHI,61,CHI:61,U1,land_use_entropy_cmap_area8,0.829989748660419,index,,,6147.0,local_source_exploratory,False,"CMAP 2023 primary LANDUSE; eight broad groups; within-category union on land, conflicting-category overlap excluded; excludes water,6000,9999; secondary uses not split"
CHI,61,CHI:61,U1,land_use_share_residential,0.2323072188711247,fraction,2287741.787579992,9847915.181874502,,local_source_exploratory,False,"CMAP 2023 primary LANDUSE; eight broad groups; within-category union on land, conflicting-category overlap excluded; excludes water,6000,9999; secondary uses not split"
CHI,61,CHI:61,U1,land_use_share_commercial,0.07919447883417997,fraction,779900.5104317599,9847915.181874502,,local_source_exploratory,False,"CMAP 2023 primary LANDUSE; eight broad groups; within-category union on land, conflicting-category overlap excluded; excludes water,6000,9999; secondary uses not split"
CHI,61,CHI:61,U1,land_use_share_institutional,0.039390000293994025,fraction,387909.3819092649,9847915.181874502,,local_source_exploratory,False,"CMAP 2023 primary LANDUSE; eight broad groups; within-category union on land, conflicting-category overlap excluded; excludes water,6000,9999; secondary uses not split"
CHI,61,CHI:61,U1,land_use_share_industrial,0.29698276860946543,fraction,2924661.115744277,9847915.181874502,,local_source_exploratory,False,"CMAP 2023 primary LANDUSE; eight broad groups; within-category union on land, conflicting-category overlap excluded; excludes water,6000,9999; secondary uses not split"
CHI,61,CHI:61,U1,land_use_share_transport_utilities,0.18456210848214744,fraction,1817551.9901201087,9847915.181874502,,local_source_exploratory,False,"CMAP 2023 primary LANDUSE; eight broad groups; within-category union on land, conflicting-category overlap excluded; excludes water,6000,9999; secondary uses not split"
CHI,61,CHI:61,U1,land_use_share_agriculture,0.0,fraction,0.0,9847915.181874502,,local_source_exploratory,False,"CMAP 2023 primary LANDUSE; eight broad groups; within-category union on land, conflicting-category overlap excluded; excludes water,6000,9999; secondary uses not split"
CHI,61,CHI:61,U1,land_use_share_open_space,0.03573000316741248,fraction,351866.0406407855,9847915.181874502,,local_source_exploratory,False,"CMAP 2023 primary LANDUSE; eight broad groups; within-category union on land, conflicting-category overlap excluded; excludes water,6000,9999; secondary uses not split"
CHI,61,CHI:61,U1,land_use_share_vacant_construction,0.13183342174167584,fraction,1298284.3554483135,9847915.181874502,,local_source_exploratory,False,"CMAP 2023 primary LANDUSE; eight broad groups; within-category union on land, conflicting-category overlap excluded; excludes water,6000,9999; secondary uses not split"
CHI,61,CHI:61,U1,lui_ambiguous_gross,3.8398527219229874e-06,fraction,,,,diagnostic,False,Source coverage diagnostic
CHI,61,CHI:61,U1,lui_coverage_gross,0.9999999413769419,fraction,,,,diagnostic,False,Source coverage diagnostic
CHI,61,CHI:61,U1,lui_overlap_gross,3.979047542168661e-06,fraction,,,,diagnostic,False,Source coverage diagnostic
CHI,61,CHI:61,U1,lui_classified_land,0.7879081538944605,fraction,,,,diagnostic,False,Source coverage diagnostic
CHI,61,CHI:61,U1,lui_secondary_use_area_fraction,0.0005058537196607069,fraction,,,,diagnostic,False,Source coverage diagnostic
CHI,62,CHI:62,U1,land_use_entropy_cmap_area8,0.5053136841743613,index,,,786.0,local_source_exploratory,False,"CMAP 2023 primary LANDUSE; eight broad groups; within-category union on land, conflicting-category overlap excluded; excludes water,6000,9999; secondary uses not split"
CHI,62,CHI:62,U1,land_use_share_residential,0.7202035892202361,fraction,1549881.5634632348,2152004.7756791804,,local_source_exploratory,False,"CMAP 2023 primary LANDUSE; eight broad groups; within-category union on land, conflicting-category overlap excluded; excludes water,6000,9999; secondary uses not split"
CHI,62,CHI:62,U1,land_use_share_commercial,0.09630944481369176,fraction,207258.38518207514,2152004.7756791804,,local_source_exploratory,False,"CMAP 2023 primary LANDUSE; eight broad groups; within-category union on land, conflicting-category overlap excluded; excludes water,6000,9999; secondary uses not split"
CHI,62,CHI:62,U1,land_use_share_institutional,0.028709689589674747,fraction,61783.389105246904,2152004.7756791804,,local_source_exploratory,False,"CMAP 2023 primary LANDUSE; eight broad groups; within-category union on land, conflicting-category overlap excluded; excludes water,6000,9999; secondary uses not split"
CHI,62,CHI:62,U1,land_use_share_industrial,0.06676704034675457,fraction,143682.98968418036,2152004.7756791804,,local_source_exploratory,False,"CMAP 2023 primary LANDUSE; eight broad groups; within-category union on land, conflicting-category overlap excluded; excludes water,6000,9999; secondary uses not split"
CHI,62,CHI:62,U1,land_use_share_transport_utilities,0.039805636782396424,fraction,85661.92045466795,2152004.7756791804,,local_source_exploratory,False,"CMAP 2023 primary LANDUSE; eight broad groups; within-category union on land, conflicting-category overlap excluded; excludes water,6000,9999; secondary uses not split"
CHI,62,CHI:62,U1,land_use_share_agriculture,0.0,fraction,0.0,2152004.7756791804,,local_source_exploratory,False,"CMAP 2023 primary LANDUSE; eight broad groups; within-category union on land, conflicting-category overlap excluded; excludes water,6000,9999; secondary uses not split"
CHI,62,CHI:62,U1,land_use_share_open_space,0.03017687717528354,fraction,64940.78379629423,2152004.7756791804,,local_source_exploratory,False,"CMAP 2023 primary LANDUSE; eight broad groups; within-category union on land, conflicting-category overlap excluded; excludes water,6000,9999; secondary uses not split"
CHI,62,CHI:62,U1,land_use_share_vacant_construction,0.01802772207196294,fraction,38795.743993481214,2152004.7756791804,,local_source_exploratory,False,"CMAP 2023 primary LANDUSE; eight broad groups; within-category union on land, conflicting-category overlap excluded; excludes water,6000,9999; secondary uses not split"
CHI,62,CHI:62,U1,lui_ambiguous_gross,2.511381787124481e-07,fraction,,,,diagnostic,False,Source coverage diagnostic
CHI,62,CHI:62,U1,lui_coverage_gross,0.9999999837054733,fraction,,,,diagnostic,False,Source coverage diagnostic
CHI,62,CHI:62,U1,lui_overlap_gross,2.5113817727639613e-07,fraction,,,,diagnostic,False,Source coverage diagnostic
CHI,62,CHI:62,U1,lui_classified_land,0.7086487044012455,fraction,,,,diagnostic,False,Source coverage diagnostic
CHI,62,CHI:62,U1,lui_secondary_use_area_fraction,0.0024477945550311474,fraction,,,,diagnostic,False,Source coverage diagnostic
CHI,63,CHI:63,U1,land_use_entropy_cmap_area8,0.6721688951181269,index,,,2208.0,local_source_exploratory,False,"CMAP 2023 primary LANDUSE; eight broad groups; within-category union on land, conflicting-category overlap excluded; excludes water,6000,9999; secondary uses not split"
CHI,63,CHI:63,U1,land_use_share_residential,0.549410190039003,fraction,2273106.3714897847,4137357.5021031466,,local_source_exploratory,False,"CMAP 2023 primary LANDUSE; eight broad groups; within-category union on land, conflicting-category overlap excluded; excludes water,6000,9999; secondary uses not split"
CHI,63,CHI:63,U1,land_use_share_commercial,0.08136762678464261,fraction,336646.96110577,4137357.5021031466,,local_source_exploratory,False,"CMAP 2023 primary LANDUSE; eight broad groups; within-category union on land, conflicting-category overlap excluded; excludes water,6000,9999; secondary uses not split"
CHI,63,CHI:63,U1,land_use_share_institutional,0.09966091989185702,fraction,412332.8545810754,4137357.5021031466,,local_source_exploratory,False,"CMAP 2023 primary LANDUSE; eight broad groups; within-category union on land, conflicting-category overlap excluded; excludes water,6000,9999; secondary uses not split"
CHI,63,CHI:63,U1,land_use_share_industrial,0.15841822839487152,fraction,655432.8457194114,4137357.5021031466,,local_source_exploratory,False,"CMAP 2023 primary LANDUSE; eight broad groups; within-category union on land, conflicting-category overlap excluded; excludes water,6000,9999; secondary uses not split"
CHI,63,CHI:63,U1,land_use_share_transport_utilities,0.07242583887848691,fraction,299651.58783002157,4137357.5021031466,,local_source_exploratory,False,"CMAP 2023 primary LANDUSE; eight broad groups; within-category union on land, conflicting-category overlap excluded; excludes water,6000,9999; secondary uses not split"
CHI,63,CHI:63,U1,land_use_share_agriculture,0.0,fraction,0.0,4137357.5021031466,,local_source_exploratory,False,"CMAP 2023 primary LANDUSE; eight broad groups; within-category union on land, conflicting-category overlap excluded; excludes water,6000,9999; secondary uses not split"
CHI,63,CHI:63,U1,land_use_share_open_space,0.019034980570096872,fraction,78754.51966407793,4137357.5021031466,,local_source_exploratory,False,"CMAP 2023 primary LANDUSE; eight broad groups; within-category union on land, conflicting-category overlap excluded; excludes water,6000,9999; secondary uses not split"
CHI,63,CHI:63,U1,land_use_share_vacant_construction,0.019682215441042004,fraction,81432.36171300554,4137357.5021031466,,local_source_exploratory,False,"CMAP 2023 primary LANDUSE; eight broad groups; within-category union on land, conflicting-category overlap excluded; excludes water,6000,9999; secondary uses not split"
CHI,63,CHI:63,U1,lui_ambiguous_gross,1.9583653963258597e-08,fraction,,,,diagnostic,False,Source coverage diagnostic
CHI,63,CHI:63,U1,lui_coverage_gross,0.9999999556354298,fraction,,,,diagnostic,False,Source coverage diagnostic
CHI,63,CHI:63,U1,lui_overlap_gross,1.958365583091444e-08,fraction,,,,diagnostic,False,Source coverage diagnostic
CHI,63,CHI:63,U1,lui_classified_land,0.7272066862813129,fraction,,,,diagnostic,False,Source coverage diagnostic
CHI,63,CHI:63,U1,lui_secondary_use_area_fraction,0.005528171838755829,fraction,,,,diagnostic,False,Source coverage diagnostic
CHI,64,CHI:64,U1,land_use_entropy_cmap_area8,0.6410480908167561,index,,,1197.0,local_source_exploratory,False,"CMAP 2023 primary LANDUSE; eight broad groups; within-category union on land, conflicting-category overlap excluded; excludes water,6000,9999; secondary uses not split"
CHI,64,CHI:64,U1,land_use_share_residential,0.47483166689820605,fraction,2412805.7663652874,5081391.858564779,,local_source_exploratory,False,"CMAP 2023 primary LANDUSE; eight broad groups; within-category union on land, conflicting-category overlap excluded; excludes water,6000,9999; secondary uses not split"
CHI,64,CHI:64,U1,land_use_share_commercial,0.04311409553214735,fraction,219079.61402643766,5081391.858564779,,local_source_exploratory,False,"CMAP 2023 primary LANDUSE; eight broad groups; within-category union on land, conflicting-category overlap excluded; excludes water,6000,9999; secondary uses not split"
CHI,64,CHI:64,U1,land_use_share_institutional,0.021732772286209543,fraction,110432.73215918744,5081391.858564779,,local_source_exploratory,False,"CMAP 2023 primary LANDUSE; eight broad groups; within-category union on land, conflicting-category overlap excluded; excludes water,6000,9999; secondary uses not split"
CHI,64,CHI:64,U1,land_use_share_industrial,0.0977298750632033,fraction,496603.79148471425,5081391.858564779,,local_source_exploratory,False,"CMAP 2023 primary LANDUSE; eight broad groups; within-category union on land, conflicting-category overlap excluded; excludes water,6000,9999; secondary uses not split"
CHI,64,CHI:64,U1,land_use_share_transport_utilities,0.31774409606690013,fraction,1614582.2628613713,5081391.858564779,,local_source_exploratory,False,"CMAP 2023 primary LANDUSE; eight broad groups; within-category union on land, conflicting-category overlap excluded; excludes water,6000,9999; secondary uses not split"
CHI,64,CHI:64,U1,land_use_share_agriculture,0.0,fraction,0.0,5081391.858564779,,local_source_exploratory,False,"CMAP 2023 primary LANDUSE; eight broad groups; within-category union on land, conflicting-category overlap excluded; excludes water,6000,9999; secondary uses not split"
CHI,64,CHI:64,U1,land_use_share_open_space,0.02774840657208289,fraction,141000.5272435274,5081391.858564779,,local_source_exploratory,False,"CMAP 2023 primary LANDUSE; eight broad groups; within-category union on land, conflicting-category overlap excluded; excludes water,6000,9999; secondary uses not split"
CHI,64,CHI:64,U1,land_use_share_vacant_construction,0.017099087581250748,fraction,86887.16442425367,5081391.858564779,,local_source_exploratory,False,"CMAP 2023 primary LANDUSE; eight broad groups; within-category union on land, conflicting-category overlap excluded; excludes water,6000,9999; secondary uses not split"
CHI,64,CHI:64,U1,lui_ambiguous_gross,5.008776138880118e-10,fraction,,,,diagnostic,False,Source coverage diagnostic
CHI,64,CHI:64,U1,lui_coverage_gross,0.9999999869401264,fraction,,,,diagnostic,False,Source coverage diagnostic
CHI,64,CHI:64,U1,lui_overlap_gross,7.800988867288055e-08,fraction,,,,diagnostic,False,Source coverage diagnostic
CHI,64,CHI:64,U1,lui_classified_land,0.7693274068387543,fraction,,,,diagnostic,False,Source coverage diagnostic
CHI,64,CHI:64,U1,lui_secondary_use_area_fraction,0.0014714338656468685,fraction,,,,diagnostic,False,Source coverage diagnostic
CHI,65,CHI:65,U1,land_use_entropy_cmap_area8,0.7281177205984187,index,,,1401.0,local_source_exploratory,False,"CMAP 2023 primary LANDUSE; eight broad groups; within-category union on land, conflicting-category overlap excluded; excludes water,6000,9999; secondary uses not split"
CHI,65,CHI:65,U1,land_use_share_residential,0.4698602747149407,fraction,2829469.7443385953,6021938.641344397,,local_source_exploratory,False,"CMAP 2023 primary LANDUSE; eight broad groups; within-category union on land, conflicting-category overlap excluded; excludes water,6000,9999; secondary uses not split"
CHI,65,CHI:65,U1,land_use_share_commercial,0.12129683004303149,fraction,730442.0679087153,6021938.641344397,,local_source_exploratory,False,"CMAP 2023 primary LANDUSE; eight broad groups; within-category union on land, conflicting-category overlap excluded; excludes water,6000,9999; secondary uses not split"
CHI,65,CHI:65,U1,land_use_share_institutional,0.07512292246078238,fraction,452385.62961730437,6021938.641344397,,local_source_exploratory,False,"CMAP 2023 primary LANDUSE; eight broad groups; within-category union on land, conflicting-category overlap excluded; excludes water,6000,9999; secondary uses not split"
CHI,65,CHI:65,U1,land_use_share_industrial,0.13927770380180668,fraction,838721.7864018191,6021938.641344397,,local_source_exploratory,False,"CMAP 2023 primary LANDUSE; eight broad groups; within-category union on land, conflicting-category overlap excluded; excludes water,6000,9999; secondary uses not split"
CHI,65,CHI:65,U1,land_use_share_transport_utilities,0.15842599129193766,fraction,954031.5987542104,6021938.641344397,,local_source_exploratory,False,"CMAP 2023 primary LANDUSE; eight broad groups; within-category union on land, conflicting-category overlap excluded; excludes water,6000,9999; secondary uses not split"
CHI,65,CHI:65,U1,land_use_share_agriculture,0.0,fraction,0.0,6021938.641344397,,local_source_exploratory,False,"CMAP 2023 primary LANDUSE; eight broad groups; within-category union on land, conflicting-category overlap excluded; excludes water,6000,9999; secondary uses not split"
CHI,65,CHI:65,U1,land_use_share_open_space,0.011661880867068904,fraction,70227.13102415713,6021938.641344397,,local_source_exploratory,False,"CMAP 2023 primary LANDUSE; eight broad groups; within-category union on land, conflicting-category overlap excluded; excludes water,6000,9999; secondary uses not split"
CHI,65,CHI:65,U1,land_use_share_vacant_construction,0.024354396820432053,fraction,146660.6832995949,6021938.641344397,,local_source_exploratory,False,"CMAP 2023 primary LANDUSE; eight broad groups; within-category union on land, conflicting-category overlap excluded; excludes water,6000,9999; secondary uses not split"
CHI,65,CHI:65,U1,lui_ambiguous_gross,3.374940509211743e-09,fraction,,,,diagnostic,False,Source coverage diagnostic
CHI,65,CHI:65,U1,lui_coverage_gross,0.9999999934348938,fraction,,,,diagnostic,False,Source coverage diagnostic
CHI,65,CHI:65,U1,lui_overlap_gross,1.7277908195275656e-06,fraction,,,,diagnostic,False,Source coverage diagnostic
CHI,65,CHI:65,U1,lui_classified_land,0.7880213955549537,fraction,,,,diagnostic,False,Source coverage diagnostic
CHI,65,CHI:65,U1,lui_secondary_use_area_fraction,0.003164085190000649,fraction,,,,diagnostic,False,Source coverage diagnostic
CHI,66,CHI:66,U1,land_use_entropy_cmap_area8,0.6698053880416457,index,,,3198.0,local_source_exploratory,False,"CMAP 2023 primary LANDUSE; eight broad groups; within-category union on land, conflicting-category overlap excluded; excludes water,6000,9999; secondary uses not split"
CHI,66,CHI:66,U1,land_use_share_residential,0.5551394276673994,fraction,3733352.123294366,6725071.103274489,,local_source_exploratory,False,"CMAP 2023 primary LANDUSE; eight broad groups; within-category union on land, conflicting-category overlap excluded; excludes water,6000,9999; secondary uses not split"
CHI,66,CHI:66,U1,land_use_share_commercial,0.07817181774455371,fraction,525711.0326043381,6725071.103274489,,local_source_exploratory,False,"CMAP 2023 primary LANDUSE; eight broad groups; within-category union on land, conflicting-category overlap excluded; excludes water,6000,9999; secondary uses not split"
CHI,66,CHI:66,U1,land_use_share_institutional,0.03984428791534485,fraction,267955.66929003457,6725071.103274489,,local_source_exploratory,False,"CMAP 2023 primary LANDUSE; eight broad groups; within-category union on land, conflicting-category overlap excluded; excludes water,6000,9999; secondary uses not split"
CHI,66,CHI:66,U1,land_use_share_industrial,0.03508592101485422,fraction,235955.31354876724,6725071.103274489,,local_source_exploratory,False,"CMAP 2023 primary LANDUSE; eight broad groups; within-category union on land, conflicting-category overlap excluded; excludes water,6000,9999; secondary uses not split"
CHI,66,CHI:66,U1,land_use_share_transport_utilities,0.0667696004680071,fraction,449030.3106845773,6725071.103274489,,local_source_exploratory,False,"CMAP 2023 primary LANDUSE; eight broad groups; within-category union on land, conflicting-category overlap excluded; excludes water,6000,9999; secondary uses not split"
CHI,66,CHI:66,U1,land_use_share_agriculture,0.0,fraction,0.0,6725071.103274489,,local_source_exploratory,False,"CMAP 2023 primary LANDUSE; eight broad groups; within-category union on land, conflicting-category overlap excluded; excludes water,6000,9999; secondary uses not split"
CHI,66,CHI:66,U1,land_use_share_open_space,0.18545727254164676,fraction,1247213.34446193,6725071.103274489,,local_source_exploratory,False,"CMAP 2023 primary LANDUSE; eight broad groups; within-category union on land, conflicting-category overlap excluded; excludes water,6000,9999; secondary uses not split"
CHI,66,CHI:66,U1,land_use_share_vacant_construction,0.03953167264819383,fraction,265853.3093904748,6725071.103274489,,local_source_exploratory,False,"CMAP 2023 primary LANDUSE; eight broad groups; within-category union on land, conflicting-category overlap excluded; excludes water,6000,9999; secondary uses not split"
CHI,66,CHI:66,U1,lui_ambiguous_gross,1.2924209540954516e-07,fraction,,,,diagnostic,False,Source coverage diagnostic
CHI,66,CHI:66,U1,lui_coverage_gross,0.9999999979456794,fraction,,,,diagnostic,False,Source coverage diagnostic
CHI,66,CHI:66,U1,lui_overlap_gross,1.2931064801851392e-07,fraction,,,,diagnostic,False,Source coverage diagnostic
CHI,66,CHI:66,U1,lui_classified_land,0.7370933810604786,fraction,,,,diagnostic,False,Source coverage diagnostic
CHI,66,CHI:66,U1,lui_secondary_use_area_fraction,0.002916885591190724,fraction,,,,diagnostic,False,Source coverage diagnostic
CHI,67,CHI:67,U1,land_use_entropy_cmap_area8,0.7341371658681112,index,,,6428.0,local_source_exploratory,False,"CMAP 2023 primary LANDUSE; eight broad groups; within-category union on land, conflicting-category overlap excluded; excludes water,6000,9999; secondary uses not split"
CHI,67,CHI:67,U1,land_use_share_residential,0.4633140009189518,fraction,2636280.8882607827,5690052.282106517,,local_source_exploratory,False,"CMAP 2023 primary LANDUSE; eight broad groups; within-category union on land, conflicting-category overlap excluded; excludes water,6000,9999; secondary uses not split"
CHI,67,CHI:67,U1,land_use_share_commercial,0.04751820580008237,fraction,270381.0753543658,5690052.282106517,,local_source_exploratory,False,"CMAP 2023 primary LANDUSE; eight broad groups; within-category union on land, conflicting-category overlap excluded; excludes water,6000,9999; secondary uses not split"
CHI,67,CHI:67,U1,land_use_share_institutional,0.06748217648291968,fraction,383977.1122981519,5690052.282106517,,local_source_exploratory,False,"CMAP 2023 primary LANDUSE; eight broad groups; within-category union on land, conflicting-category overlap excluded; excludes water,6000,9999; secondary uses not split"
CHI,67,CHI:67,U1,land_use_share_industrial,0.029390460419334286,fraction,167233.2563811943,5690052.282106517,,local_source_exploratory,False,"CMAP 2023 primary LANDUSE; eight broad groups; within-category union on land, conflicting-category overlap excluded; excludes water,6000,9999; secondary uses not split"
CHI,67,CHI:67,U1,land_use_share_transport_utilities,0.10087131327460146,fraction,573963.0462972274,5690052.282106517,,local_source_exploratory,False,"CMAP 2023 primary LANDUSE; eight broad groups; within-category union on land, conflicting-category overlap excluded; excludes water,6000,9999; secondary uses not split"
CHI,67,CHI:67,U1,land_use_share_agriculture,0.0,fraction,0.0,5690052.282106517,,local_source_exploratory,False,"CMAP 2023 primary LANDUSE; eight broad groups; within-category union on land, conflicting-category overlap excluded; excludes water,6000,9999; secondary uses not split"
CHI,67,CHI:67,U1,land_use_share_open_space,0.060671800002104516,fraction,345225.71406148496,5690052.282106517,,local_source_exploratory,False,"CMAP 2023 primary LANDUSE; eight broad groups; within-category union on land, conflicting-category overlap excluded; excludes water,6000,9999; secondary uses not split"
CHI,67,CHI:67,U1,land_use_share_vacant_construction,0.23075204310200603,fraction,1312991.1894533108,5690052.282106517,,local_source_exploratory,False,"CMAP 2023 primary LANDUSE; eight broad groups; within-category union on land, conflicting-category overlap excluded; excludes water,6000,9999; secondary uses not split"
CHI,67,CHI:67,U1,lui_ambiguous_gross,8.131895216863583e-10,fraction,,,,diagnostic,False,Source coverage diagnostic
CHI,67,CHI:67,U1,lui_coverage_gross,0.9999999925277817,fraction,,,,diagnostic,False,Source coverage diagnostic
CHI,67,CHI:67,U1,lui_overlap_gross,1.750403230156264e-08,fraction,,,,diagnostic,False,Source coverage diagnostic
CHI,67,CHI:67,U1,lui_classified_land,0.6969248548531219,fraction,,,,diagnostic,False,Source coverage diagnostic
CHI,67,CHI:67,U1,lui_secondary_use_area_fraction,0.0006538360186666699,fraction,,,,diagnostic,False,Source coverage diagnostic
CHI,68,CHI:68,U1,land_use_entropy_cmap_area8,0.7438371451811947,index,,,6020.0,local_source_exploratory,False,"CMAP 2023 primary LANDUSE; eight broad groups; within-category union on land, conflicting-category overlap excluded; excludes water,6000,9999; secondary uses not split"
CHI,68,CHI:68,U1,land_use_share_residential,0.36349202670442654,fraction,2041633.7794589237,5616722.319796791,,local_source_exploratory,False,"CMAP 2023 primary LANDUSE; eight broad groups; within-category union on land, conflicting-category overlap excluded; excludes water,6000,9999; secondary uses not split"
CHI,68,CHI:68,U1,land_use_share_commercial,0.039224578262033634,fraction,220313.56420898033,5616722.319796791,,local_source_exploratory,False,"CMAP 2023 primary LANDUSE; eight broad groups; within-category union on land, conflicting-category overlap excluded; excludes water,6000,9999; secondary uses not split"
CHI,68,CHI:68,U1,land_use_share_institutional,0.1286300228307834,fraction,722479.1202296319,5616722.319796791,,local_source_exploratory,False,"CMAP 2023 primary LANDUSE; eight broad groups; within-category union on land, conflicting-category overlap excluded; excludes water,6000,9999; secondary uses not split"
CHI,68,CHI:68,U1,land_use_share_industrial,0.011531848098095054,fraction,64771.18860107667,5616722.319796791,,local_source_exploratory,False,"CMAP 2023 primary LANDUSE; eight broad groups; within-category union on land, conflicting-category overlap excluded; excludes water,6000,9999; secondary uses not split"
CHI,68,CHI:68,U1,land_use_share_transport_utilities,0.12944622797447095,fraction,727063.5178777147,5616722.319796791,,local_source_exploratory,False,"CMAP 2023 primary LANDUSE; eight broad groups; within-category union on land, conflicting-category overlap excluded; excludes water,6000,9999; secondary uses not split"
CHI,68,CHI:68,U1,land_use_share_agriculture,0.0,fraction,0.0,5616722.319796791,,local_source_exploratory,False,"CMAP 2023 primary LANDUSE; eight broad groups; within-category union on land, conflicting-category overlap excluded; excludes water,6000,9999; secondary uses not split"
CHI,68,CHI:68,U1,land_use_share_open_space,0.03270197521046689,fraction,183677.91406607075,5616722.319796791,,local_source_exploratory,False,"CMAP 2023 primary LANDUSE; eight broad groups; within-category union on land, conflicting-category overlap excluded; excludes water,6000,9999; secondary uses not split"
CHI,68,CHI:68,U1,land_use_share_vacant_construction,0.2949733209197235,fraction,1656783.2353543928,5616722.319796791,,local_source_exploratory,False,"CMAP 2023 primary LANDUSE; eight broad groups; within-category union on land, conflicting-category overlap excluded; excludes water,6000,9999; secondary uses not split"
CHI,68,CHI:68,U1,lui_ambiguous_gross,2.2700851120310907e-08,fraction,,,,diagnostic,False,Source coverage diagnostic
CHI,68,CHI:68,U1,lui_coverage_gross,0.9999999864217349,fraction,,,,diagnostic,False,Source coverage diagnostic
CHI,68,CHI:68,U1,lui_overlap_gross,2.856237254764753e-08,fraction,,,,diagnostic,False,Source coverage diagnostic
CHI,68,CHI:68,U1,lui_classified_land,0.7063869931404605,fraction,,,,diagnostic,False,Source coverage diagnostic
CHI,68,CHI:68,U1,lui_secondary_use_area_fraction,0.0012536290608231024,fraction,,,,diagnostic,False,Source coverage diagnostic
CHI,69,CHI:69,U1,land_use_entropy_cmap_area8,0.7416926926033319,index,,,3730.0,local_source_exploratory,False,"CMAP 2023 primary LANDUSE; eight broad groups; within-category union on land, conflicting-category overlap excluded; excludes water,6000,9999; secondary uses not split"
CHI,69,CHI:69,U1,land_use_share_residential,0.4158375243397854,fraction,2803036.756424329,6740701.818275392,,local_source_exploratory,False,"CMAP 2023 primary LANDUSE; eight broad groups; within-category union on land, conflicting-category overlap excluded; excludes water,6000,9999; secondary uses not split"
CHI,69,CHI:69,U1,land_use_share_commercial,0.05798695411947915,fraction,390872.76706942485,6740701.818275392,,local_source_exploratory,False,"CMAP 2023 primary LANDUSE; eight broad groups; within-category union on land, conflicting-category overlap excluded; excludes water,6000,9999; secondary uses not split"
CHI,69,CHI:69,U1,land_use_share_institutional,0.1635354456375607,fraction,1102343.6757615819,6740701.818275392,,local_source_exploratory,False,"CMAP 2023 primary LANDUSE; eight broad groups; within-category union on land, conflicting-category overlap excluded; excludes water,6000,9999; secondary uses not split"
CHI,69,CHI:69,U1,land_use_share_industrial,0.022867246887682397,fraction,154141.29267475303,6740701.818275392,,local_source_exploratory,False,"CMAP 2023 primary LANDUSE; eight broad groups; within-category union on land, conflicting-category overlap excluded; excludes water,6000,9999; secondary uses not split"
CHI,69,CHI:69,U1,land_use_share_transport_utilities,0.23585193411701366,fraction,1589807.561146322,6740701.818275392,,local_source_exploratory,False,"CMAP 2023 primary LANDUSE; eight broad groups; within-category union on land, conflicting-category overlap excluded; excludes water,6000,9999; secondary uses not split"
CHI,69,CHI:69,U1,land_use_share_agriculture,0.0,fraction,0.0,6740701.818275392,,local_source_exploratory,False,"CMAP 2023 primary LANDUSE; eight broad groups; within-category union on land, conflicting-category overlap excluded; excludes water,6000,9999; secondary uses not split"
CHI,69,CHI:69,U1,land_use_share_open_space,0.022122098583329326,fraction,149118.47014471545,6740701.818275392,,local_source_exploratory,False,"CMAP 2023 primary LANDUSE; eight broad groups; within-category union on land, conflicting-category overlap excluded; excludes water,6000,9999; secondary uses not split"
CHI,69,CHI:69,U1,land_use_share_vacant_construction,0.0817987963151493,fraction,551381.2950542653,6740701.818275392,,local_source_exploratory,False,"CMAP 2023 primary LANDUSE; eight broad groups; within-category union on land, conflicting-category overlap excluded; excludes water,6000,9999; secondary uses not split"
CHI,69,CHI:69,U1,lui_ambiguous_gross,1.4524589666232495e-08,fraction,,,,diagnostic,False,Source coverage diagnostic
CHI,69,CHI:69,U1,lui_coverage_gross,0.9999999793614212,fraction,,,,diagnostic,False,Source coverage diagnostic
CHI,69,CHI:69,U1,lui_overlap_gross,2.143141002593459e-08,fraction,,,,diagnostic,False,Source coverage diagnostic
CHI,69,CHI:69,U1,lui_classified_land,0.7345453409841356,fraction,,,,diagnostic,False,Source coverage diagnostic
CHI,69,CHI:69,U1,lui_secondary_use_area_fraction,0.0023175408518066364,fraction,,,,diagnostic,False,Source coverage diagnostic
CHI,70,CHI:70,U1,land_use_entropy_cmap_area8,0.6806916842201923,index,,,1330.0,local_source_exploratory,False,"CMAP 2023 primary LANDUSE; eight broad groups; within-category union on land, conflicting-category overlap excluded; excludes water,6000,9999; secondary uses not split"
CHI,70,CHI:70,U1,land_use_share_residential,0.5601150646045306,fraction,5294038.366029937,9451697.875271028,,local_source_exploratory,False,"CMAP 2023 primary LANDUSE; eight broad groups; within-category union on land, conflicting-category overlap excluded; excludes water,6000,9999; secondary uses not split"
CHI,70,CHI:70,U1,land_use_share_commercial,0.058291093213427056,fraction,550949.8018725739,9451697.875271028,,local_source_exploratory,False,"CMAP 2023 primary LANDUSE; eight broad groups; within-category union on land, conflicting-category overlap excluded; excludes water,6000,9999; secondary uses not split"
CHI,70,CHI:70,U1,land_use_share_institutional,0.06334968084960259,fraction,598762.0438852865,9451697.875271028,,local_source_exploratory,False,"CMAP 2023 primary LANDUSE; eight broad groups; within-category union on land, conflicting-category overlap excluded; excludes water,6000,9999; secondary uses not split"
CHI,70,CHI:70,U1,land_use_share_industrial,0.05978755163532277,fraction,565093.874759237,9451697.875271028,,local_source_exploratory,False,"CMAP 2023 primary LANDUSE; eight broad groups; within-category union on land, conflicting-category overlap excluded; excludes water,6000,9999; secondary uses not split"
CHI,70,CHI:70,U1,land_use_share_transport_utilities,0.12877881549747044,fraction,1217178.456817361,9451697.875271028,,local_source_exploratory,False,"CMAP 2023 primary LANDUSE; eight broad groups; within-category union on land, conflicting-category overlap excluded; excludes water,6000,9999; secondary uses not split"
CHI,70,CHI:70,U1,land_use_share_agriculture,0.0,fraction,0.0,9451697.875271028,,local_source_exploratory,False,"CMAP 2023 primary LANDUSE; eight broad groups; within-category union on land, conflicting-category overlap excluded; excludes water,6000,9999; secondary uses not split"
CHI,70,CHI:70,U1,land_use_share_open_space,0.11121233981764335,fraction,1051145.4359583391,9451697.875271028,,local_source_exploratory,False,"CMAP 2023 primary LANDUSE; eight broad groups; within-category union on land, conflicting-category overlap excluded; excludes water,6000,9999; secondary uses not split"
CHI,70,CHI:70,U1,land_use_share_vacant_construction,0.018465454382003185,fraction,174529.8959482936,9451697.875271028,,local_source_exploratory,False,"CMAP 2023 primary LANDUSE; eight broad groups; within-category union on land, conflicting-category overlap excluded; excludes water,6000,9999; secondary uses not split"
CHI,70,CHI:70,U1,lui_ambiguous_gross,1.0975715484513627e-07,fraction,,,,diagnostic,False,Source coverage diagnostic
CHI,70,CHI:70,U1,lui_coverage_gross,0.9999999665484045,fraction,,,,diagnostic,False,Source coverage diagnostic
CHI,70,CHI:70,U1,lui_overlap_gross,5.9507513360885144e-06,fraction,,,,diagnostic,False,Source coverage diagnostic
CHI,70,CHI:70,U1,lui_classified_land,0.751594488170188,fraction,,,,diagnostic,False,Source coverage diagnostic
CHI,70,CHI:70,U1,lui_secondary_use_area_fraction,0.0017840145697018857,fraction,,,,diagnostic,False,Source coverage diagnostic
CHI,71,CHI:71,U1,land_use_entropy_cmap_area8,0.594489348859336,index,,,3550.0,local_source_exploratory,False,"CMAP 2023 primary LANDUSE; eight broad groups; within-category union on land, conflicting-category overlap excluded; excludes water,6000,9999; secondary uses not split"
CHI,71,CHI:71,U1,land_use_share_residential,0.6588233267865602,fraction,4488850.049490329,6813435.20634719,,local_source_exploratory,False,"CMAP 2023 primary LANDUSE; eight broad groups; within-category union on land, conflicting-category overlap excluded; excludes water,6000,9999; secondary uses not split"
CHI,71,CHI:71,U1,land_use_share_commercial,0.06875293229880239,fraction,468443.64946426504,6813435.20634719,,local_source_exploratory,False,"CMAP 2023 primary LANDUSE; eight broad groups; within-category union on land, conflicting-category overlap excluded; excludes water,6000,9999; secondary uses not split"
CHI,71,CHI:71,U1,land_use_share_institutional,0.06399032616173393,fraction,435993.94113599765,6813435.20634719,,local_source_exploratory,False,"CMAP 2023 primary LANDUSE; eight broad groups; within-category union on land, conflicting-category overlap excluded; excludes water,6000,9999; secondary uses not split"
CHI,71,CHI:71,U1,land_use_share_industrial,0.031079020402448625,fraction,211754.89178882606,6813435.20634719,,local_source_exploratory,False,"CMAP 2023 primary LANDUSE; eight broad groups; within-category union on land, conflicting-category overlap excluded; excludes water,6000,9999; secondary uses not split"
CHI,71,CHI:71,U1,land_use_share_transport_utilities,0.06344622171208812,fraction,432286.7207228507,6813435.20634719,,local_source_exploratory,False,"CMAP 2023 primary LANDUSE; eight broad groups; within-category union on land, conflicting-category overlap excluded; excludes water,6000,9999; secondary uses not split"
CHI,71,CHI:71,U1,land_use_share_agriculture,0.0,fraction,0.0,6813435.20634719,,local_source_exploratory,False,"CMAP 2023 primary LANDUSE; eight broad groups; within-category union on land, conflicting-category overlap excluded; excludes water,6000,9999; secondary uses not split"
CHI,71,CHI:71,U1,land_use_share_open_space,0.035934660947072664,fraction,244838.48402493433,6813435.20634719,,local_source_exploratory,False,"CMAP 2023 primary LANDUSE; eight broad groups; within-category union on land, conflicting-category overlap excluded; excludes water,6000,9999; secondary uses not split"
CHI,71,CHI:71,U1,land_use_share_vacant_construction,0.07797351169129406,fraction,531267.4697199871,6813435.20634719,,local_source_exploratory,False,"CMAP 2023 primary LANDUSE; eight broad groups; within-category union on land, conflicting-category overlap excluded; excludes water,6000,9999; secondary uses not split"
CHI,71,CHI:71,U1,lui_ambiguous_gross,1.177298454422795e-09,fraction,,,,diagnostic,False,Source coverage diagnostic
CHI,71,CHI:71,U1,lui_coverage_gross,0.9999999957996162,fraction,,,,diagnostic,False,Source coverage diagnostic
CHI,71,CHI:71,U1,lui_overlap_gross,1.268663326818348e-09,fraction,,,,diagnostic,False,Source coverage diagnostic
CHI,71,CHI:71,U1,lui_classified_land,0.6985584893461175,fraction,,,,diagnostic,False,Source coverage diagnostic
CHI,71,CHI:71,U1,lui_secondary_use_area_fraction,0.00411579787766871,fraction,,,,diagnostic,False,Source coverage diagnostic
CHI,72,CHI:72,U1,land_use_entropy_cmap_area8,0.4369116961667339,index,,,940.0,local_source_exploratory,False,"CMAP 2023 primary LANDUSE; eight broad groups; within-category union on land, conflicting-category overlap excluded; excludes water,6000,9999; secondary uses not split"
CHI,72,CHI:72,U1,land_use_share_residential,0.7224031914633678,fraction,4459698.057147728,6173419.649647096,,local_source_exploratory,False,"CMAP 2023 primary LANDUSE; eight broad groups; within-category union on land, conflicting-category overlap excluded; excludes water,6000,9999; secondary uses not split"
CHI,72,CHI:72,U1,land_use_share_commercial,0.05008767397449633,fraction,309212.2307192731,6173419.649647096,,local_source_exploratory,False,"CMAP 2023 primary LANDUSE; eight broad groups; within-category union on land, conflicting-category overlap excluded; excludes water,6000,9999; secondary uses not split"
CHI,72,CHI:72,U1,land_use_share_institutional,0.02793297076961179,fraction,172441.95062213938,6173419.649647096,,local_source_exploratory,False,"CMAP 2023 primary LANDUSE; eight broad groups; within-category union on land, conflicting-category overlap excluded; excludes water,6000,9999; secondary uses not split"
CHI,72,CHI:72,U1,land_use_share_industrial,0.00035618086478585626,fraction,2198.8539494973006,6173419.649647096,,local_source_exploratory,False,"CMAP 2023 primary LANDUSE; eight broad groups; within-category union on land, conflicting-category overlap excluded; excludes water,6000,9999; secondary uses not split"
CHI,72,CHI:72,U1,land_use_share_transport_utilities,0.025053050173929153,fraction,154662.99222732882,6173419.649647096,,local_source_exploratory,False,"CMAP 2023 primary LANDUSE; eight broad groups; within-category union on land, conflicting-category overlap excluded; excludes water,6000,9999; secondary uses not split"
CHI,72,CHI:72,U1,land_use_share_agriculture,0.0,fraction,0.0,6173419.649647096,,local_source_exploratory,False,"CMAP 2023 primary LANDUSE; eight broad groups; within-category union on land, conflicting-category overlap excluded; excludes water,6000,9999; secondary uses not split"
CHI,72,CHI:72,U1,land_use_share_open_space,0.16874989434840398,fraction,1041763.9136463086,6173419.649647096,,local_source_exploratory,False,"CMAP 2023 primary LANDUSE; eight broad groups; within-category union on land, conflicting-category overlap excluded; excludes water,6000,9999; secondary uses not split"
CHI,72,CHI:72,U1,land_use_share_vacant_construction,0.0054170384054051295,fraction,33441.651334821,6173419.649647096,,local_source_exploratory,False,"CMAP 2023 primary LANDUSE; eight broad groups; within-category union on land, conflicting-category overlap excluded; excludes water,6000,9999; secondary uses not split"
CHI,72,CHI:72,U1,lui_ambiguous_gross,5.700914603537545e-10,fraction,,,,diagnostic,False,Source coverage diagnostic
CHI,72,CHI:72,U1,lui_coverage_gross,0.9999999902404111,fraction,,,,diagnostic,False,Source coverage diagnostic
CHI,72,CHI:72,U1,lui_overlap_gross,6.047250542086233e-10,fraction,,,,diagnostic,False,Source coverage diagnostic
CHI,72,CHI:72,U1,lui_classified_land,0.7490421133333862,fraction,,,,diagnostic,False,Source coverage diagnostic
CHI,72,CHI:72,U1,lui_secondary_use_area_fraction,0.0014769792981367171,fraction,,,,diagnostic,False,Source coverage diagnostic
CHI,73,CHI:73,U1,land_use_entropy_cmap_area8,0.5473797842378406,index,,,1662.0,local_source_exploratory,False,"CMAP 2023 primary LANDUSE; eight broad groups; within-category union on land, conflicting-category overlap excluded; excludes water,6000,9999; secondary uses not split"
CHI,73,CHI:73,U1,land_use_share_residential,0.6949930351539575,fraction,3512595.7671431145,5054145.278398353,,local_source_exploratory,False,"CMAP 2023 primary LANDUSE; eight broad groups; within-category union on land, conflicting-category overlap excluded; excludes water,6000,9999; secondary uses not split"
CHI,73,CHI:73,U1,land_use_share_commercial,0.05118206940824963,fraction,258681.61443836166,5054145.278398353,,local_source_exploratory,False,"CMAP 2023 primary LANDUSE; eight broad groups; within-category union on land, conflicting-category overlap excluded; excludes water,6000,9999; secondary uses not split"
CHI,73,CHI:73,U1,land_use_share_institutional,0.06889355082555162,fraction,348198.0146170587,5054145.278398353,,local_source_exploratory,False,"CMAP 2023 primary LANDUSE; eight broad groups; within-category union on land, conflicting-category overlap excluded; excludes water,6000,9999; secondary uses not split"
CHI,73,CHI:73,U1,land_use_share_industrial,0.028834275671415555,fraction,145732.6182407214,5054145.278398353,,local_source_exploratory,False,"CMAP 2023 primary LANDUSE; eight broad groups; within-category union on land, conflicting-category overlap excluded; excludes water,6000,9999; secondary uses not split"
CHI,73,CHI:73,U1,land_use_share_transport_utilities,0.08499165623136413,fraction,429560.17804500496,5054145.278398353,,local_source_exploratory,False,"CMAP 2023 primary LANDUSE; eight broad groups; within-category union on land, conflicting-category overlap excluded; excludes water,6000,9999; secondary uses not split"
CHI,73,CHI:73,U1,land_use_share_agriculture,0.0,fraction,0.0,5054145.278398353,,local_source_exploratory,False,"CMAP 2023 primary LANDUSE; eight broad groups; within-category union on land, conflicting-category overlap excluded; excludes water,6000,9999; secondary uses not split"
CHI,73,CHI:73,U1,land_use_share_open_space,0.03744135643992492,fraction,189234.05486767628,5054145.278398353,,local_source_exploratory,False,"CMAP 2023 primary LANDUSE; eight broad groups; within-category union on land, conflicting-category overlap excluded; excludes water,6000,9999; secondary uses not split"
CHI,73,CHI:73,U1,land_use_share_vacant_construction,0.03366405626953665,fraction,170143.03104641513,5054145.278398353,,local_source_exploratory,False,"CMAP 2023 primary LANDUSE; eight broad groups; within-category union on land, conflicting-category overlap excluded; excludes water,6000,9999; secondary uses not split"
CHI,73,CHI:73,U1,lui_ambiguous_gross,1.8273846755971819e-07,fraction,,,,diagnostic,False,Source coverage diagnostic
CHI,73,CHI:73,U1,lui_coverage_gross,0.9999999986548924,fraction,,,,diagnostic,False,Source coverage diagnostic
CHI,73,CHI:73,U1,lui_overlap_gross,1.827176256711782e-07,fraction,,,,diagnostic,False,Source coverage diagnostic
CHI,73,CHI:73,U1,lui_classified_land,0.6836554309020116,fraction,,,,diagnostic,False,Source coverage diagnostic
CHI,73,CHI:73,U1,lui_secondary_use_area_fraction,0.0035523984682914894,fraction,,,,diagnostic,False,Source coverage diagnostic
CHI,74,CHI:74,U1,land_use_entropy_cmap_area8,0.45557874973922247,index,,,532.0,local_source_exploratory,False,"CMAP 2023 primary LANDUSE; eight broad groups; within-category union on land, conflicting-category overlap excluded; excludes water,6000,9999; secondary uses not split"
CHI,74,CHI:74,U1,land_use_share_residential,0.5562917489476932,fraction,3114632.010455447,5598918.222941876,,local_source_exploratory,False,"CMAP 2023 primary LANDUSE; eight broad groups; within-category union on land, conflicting-category overlap excluded; excludes water,6000,9999; secondary uses not split"
CHI,74,CHI:74,U1,land_use_share_commercial,0.03265003212052387,fraction,182804.85981923869,5598918.222941876,,local_source_exploratory,False,"CMAP 2023 primary LANDUSE; eight broad groups; within-category union on land, conflicting-category overlap excluded; excludes water,6000,9999; secondary uses not split"
CHI,74,CHI:74,U1,land_use_share_institutional,0.3774061429065689,fraction,2113066.1309697945,5598918.222941876,,local_source_exploratory,False,"CMAP 2023 primary LANDUSE; eight broad groups; within-category union on land, conflicting-category overlap excluded; excludes water,6000,9999; secondary uses not split"
CHI,74,CHI:74,U1,land_use_share_industrial,0.000561802745138215,fraction,3145.487627453123,5598918.222941876,,local_source_exploratory,False,"CMAP 2023 primary LANDUSE; eight broad groups; within-category union on land, conflicting-category overlap excluded; excludes water,6000,9999; secondary uses not split"
CHI,74,CHI:74,U1,land_use_share_transport_utilities,0.010099693721280275,fraction,56547.359222207786,5598918.222941876,,local_source_exploratory,False,"CMAP 2023 primary LANDUSE; eight broad groups; within-category union on land, conflicting-category overlap excluded; excludes water,6000,9999; secondary uses not split"
CHI,74,CHI:74,U1,land_use_share_agriculture,0.0,fraction,0.0,5598918.222941876,,local_source_exploratory,False,"CMAP 2023 primary LANDUSE; eight broad groups; within-category union on land, conflicting-category overlap excluded; excludes water,6000,9999; secondary uses not split"
CHI,74,CHI:74,U1,land_use_share_open_space,0.021938902475496957,fraction,122834.12086140456,5598918.222941876,,local_source_exploratory,False,"CMAP 2023 primary LANDUSE; eight broad groups; within-category union on land, conflicting-category overlap excluded; excludes water,6000,9999; secondary uses not split"
CHI,74,CHI:74,U1,land_use_share_vacant_construction,0.0010516770832985976,fraction,5888.253986330879,5598918.222941876,,local_source_exploratory,False,"CMAP 2023 primary LANDUSE; eight broad groups; within-category union on land, conflicting-category overlap excluded; excludes water,6000,9999; secondary uses not split"
CHI,74,CHI:74,U1,lui_ambiguous_gross,6.022286473210673e-10,fraction,,,,diagnostic,False,Source coverage diagnostic
CHI,74,CHI:74,U1,lui_coverage_gross,0.9999999959201579,fraction,,,,diagnostic,False,Source coverage diagnostic
CHI,74,CHI:74,U1,lui_overlap_gross,1.0883081176070906e-09,fraction,,,,diagnostic,False,Source coverage diagnostic
CHI,74,CHI:74,U1,lui_classified_land,0.797916652245019,fraction,,,,diagnostic,False,Source coverage diagnostic
CHI,74,CHI:74,U1,lui_secondary_use_area_fraction,0.002044354223530356,fraction,,,,diagnostic,False,Source coverage diagnostic
CHI,75,CHI:75,U1,land_use_entropy_cmap_area8,0.6198304344172985,index,,,1628.0,local_source_exploratory,False,"CMAP 2023 primary LANDUSE; eight broad groups; within-category union on land, conflicting-category overlap excluded; excludes water,6000,9999; secondary uses not split"
CHI,75,CHI:75,U1,land_use_share_residential,0.6305874340503727,fraction,3942052.3400234375,6251396.9152587615,,local_source_exploratory,False,"CMAP 2023 primary LANDUSE; eight broad groups; within-category union on land, conflicting-category overlap excluded; excludes water,6000,9999; secondary uses not split"
CHI,75,CHI:75,U1,land_use_share_commercial,0.06998208605082623,fraction,437485.7968615083,6251396.9152587615,,local_source_exploratory,False,"CMAP 2023 primary LANDUSE; eight broad groups; within-category union on land, conflicting-category overlap excluded; excludes water,6000,9999; secondary uses not split"
CHI,75,CHI:75,U1,land_use_share_institutional,0.11843296528726757,fraction,740371.4738617725,6251396.9152587615,,local_source_exploratory,False,"CMAP 2023 primary LANDUSE; eight broad groups; within-category union on land, conflicting-category overlap excluded; excludes water,6000,9999; secondary uses not split"
CHI,75,CHI:75,U1,land_use_share_industrial,0.041118395484604546,fraction,257047.41069284664,6251396.9152587615,,local_source_exploratory,False,"CMAP 2023 primary LANDUSE; eight broad groups; within-category union on land, conflicting-category overlap excluded; excludes water,6000,9999; secondary uses not split"
CHI,75,CHI:75,U1,land_use_share_transport_utilities,0.05316010961276394,fraction,332324.94524805015,6251396.9152587615,,local_source_exploratory,False,"CMAP 2023 primary LANDUSE; eight broad groups; within-category union on land, conflicting-category overlap excluded; excludes water,6000,9999; secondary uses not split"
CHI,75,CHI:75,U1,land_use_share_agriculture,0.0,fraction,0.0,6251396.9152587615,,local_source_exploratory,False,"CMAP 2023 primary LANDUSE; eight broad groups; within-category union on land, conflicting-category overlap excluded; excludes water,6000,9999; secondary uses not split"
CHI,75,CHI:75,U1,land_use_share_open_space,0.04401834124032256,fraction,275176.12264456,6251396.9152587615,,local_source_exploratory,False,"CMAP 2023 primary LANDUSE; eight broad groups; within-category union on land, conflicting-category overlap excluded; excludes water,6000,9999; secondary uses not split"
CHI,75,CHI:75,U1,land_use_share_vacant_construction,0.04270066827384247,fraction,266938.82592658646,6251396.9152587615,,local_source_exploratory,False,"CMAP 2023 primary LANDUSE; eight broad groups; within-category union on land, conflicting-category overlap excluded; excludes water,6000,9999; secondary uses not split"
CHI,75,CHI:75,U1,lui_ambiguous_gross,5.894803027774708e-09,fraction,,,,diagnostic,False,Source coverage diagnostic
CHI,75,CHI:75,U1,lui_coverage_gross,0.9999999801021044,fraction,,,,diagnostic,False,Source coverage diagnostic
CHI,75,CHI:75,U1,lui_overlap_gross,9.05552559064315e-09,fraction,,,,diagnostic,False,Source coverage diagnostic
CHI,75,CHI:75,U1,lui_classified_land,0.7329296977399699,fraction,,,,diagnostic,False,Source coverage diagnostic
CHI,75,CHI:75,U1,lui_secondary_use_area_fraction,0.0006225370858872403,fraction,,,,diagnostic,False,Source coverage diagnostic
CHI,76,CHI:76,U1,land_use_entropy_cmap_area8,0.35149267787657423,index,,,255.0,local_source_exploratory,False,"CMAP 2023 primary LANDUSE; eight broad groups; within-category union on land, conflicting-category overlap excluded; excludes water,6000,9999; secondary uses not split"
CHI,76,CHI:76,U1,land_use_share_residential,0.027964773007741778,fraction,936064.592717705,33472990.911049575,,local_source_exploratory,False,"CMAP 2023 primary LANDUSE; eight broad groups; within-category union on land, conflicting-category overlap excluded; excludes water,6000,9999; secondary uses not split"
CHI,76,CHI:76,U1,land_use_share_commercial,0.016474727091670607,fraction,551458.3902015124,33472990.911049575,,local_source_exploratory,False,"CMAP 2023 primary LANDUSE; eight broad groups; within-category union on land, conflicting-category overlap excluded; excludes water,6000,9999; secondary uses not split"
CHI,76,CHI:76,U1,land_use_share_institutional,0.005983836331810885,fraction,200296.899147914,33472990.911049575,,local_source_exploratory,False,"CMAP 2023 primary LANDUSE; eight broad groups; within-category union on land, conflicting-category overlap excluded; excludes water,6000,9999; secondary uses not split"
CHI,76,CHI:76,U1,land_use_share_industrial,0.0039617317524128825,fraction,132611.01094053293,33472990.911049575,,local_source_exploratory,False,"CMAP 2023 primary LANDUSE; eight broad groups; within-category union on land, conflicting-category overlap excluded; excludes water,6000,9999; secondary uses not split"
CHI,76,CHI:76,U1,land_use_share_transport_utilities,0.7694765982410341,fraction,25756683.17918748,33472990.911049575,,local_source_exploratory,False,"CMAP 2023 primary LANDUSE; eight broad groups; within-category union on land, conflicting-category overlap excluded; excludes water,6000,9999; secondary uses not split"
CHI,76,CHI:76,U1,land_use_share_agriculture,0.0,fraction,0.0,33472990.911049575,,local_source_exploratory,False,"CMAP 2023 primary LANDUSE; eight broad groups; within-category union on land, conflicting-category overlap excluded; excludes water,6000,9999; secondary uses not split"
CHI,76,CHI:76,U1,land_use_share_open_space,0.1756777699514468,fraction,5880460.396858237,33472990.911049575,,local_source_exploratory,False,"CMAP 2023 primary LANDUSE; eight broad groups; within-category union on land, conflicting-category overlap excluded; excludes water,6000,9999; secondary uses not split"
CHI,76,CHI:76,U1,land_use_share_vacant_construction,0.0004605636238829136,fraction,15416.441996192822,33472990.911049575,,local_source_exploratory,False,"CMAP 2023 primary LANDUSE; eight broad groups; within-category union on land, conflicting-category overlap excluded; excludes water,6000,9999; secondary uses not split"
CHI,76,CHI:76,U1,lui_ambiguous_gross,1.4813965055221016e-08,fraction,,,,diagnostic,False,Source coverage diagnostic
CHI,76,CHI:76,U1,lui_coverage_gross,0.9999999742946741,fraction,,,,diagnostic,False,Source coverage diagnostic
CHI,76,CHI:76,U1,lui_overlap_gross,4.6892732454341636e-05,fraction,,,,diagnostic,False,Source coverage diagnostic
CHI,76,CHI:76,U1,lui_classified_land,0.9696393508860736,fraction,,,,diagnostic,False,Source coverage diagnostic
CHI,76,CHI:76,U1,lui_secondary_use_area_fraction,0.0,fraction,,,,diagnostic,False,Source coverage diagnostic
CHI,77,CHI:77,U1,land_use_entropy_cmap_area8,0.46125670222105686,index,,,1745.0,local_source_exploratory,False,"CMAP 2023 primary LANDUSE; eight broad groups; within-category union on land, conflicting-category overlap excluded; excludes water,6000,9999; secondary uses not split"
CHI,77,CHI:77,U1,land_use_share_residential,0.7119975896680015,fraction,2044898.1827611863,2872057.732266629,,local_source_exploratory,False,"CMAP 2023 primary LANDUSE; eight broad groups; within-category union on land, conflicting-category overlap excluded; excludes water,6000,9999; secondary uses not split"
CHI,77,CHI:77,U1,land_use_share_commercial,0.14578020439476266,fraction,418689.1632433877,2872057.732266629,,local_source_exploratory,False,"CMAP 2023 primary LANDUSE; eight broad groups; within-category union on land, conflicting-category overlap excluded; excludes water,6000,9999; secondary uses not split"
CHI,77,CHI:77,U1,land_use_share_institutional,0.0895962812675355,fraction,257325.69239676103,2872057.732266629,,local_source_exploratory,False,"CMAP 2023 primary LANDUSE; eight broad groups; within-category union on land, conflicting-category overlap excluded; excludes water,6000,9999; secondary uses not split"
CHI,77,CHI:77,U1,land_use_share_industrial,0.006789703183248344,fraction,19500.41952724375,2872057.732266629,,local_source_exploratory,False,"CMAP 2023 primary LANDUSE; eight broad groups; within-category union on land, conflicting-category overlap excluded; excludes water,6000,9999; secondary uses not split"
CHI,77,CHI:77,U1,land_use_share_transport_utilities,0.024651257642841512,fraction,70799.8351232198,2872057.732266629,,local_source_exploratory,False,"CMAP 2023 primary LANDUSE; eight broad groups; within-category union on land, conflicting-category overlap excluded; excludes water,6000,9999; secondary uses not split"
CHI,77,CHI:77,U1,land_use_share_agriculture,0.0,fraction,0.0,2872057.732266629,,local_source_exploratory,False,"CMAP 2023 primary LANDUSE; eight broad groups; within-category union on land, conflicting-category overlap excluded; excludes water,6000,9999; secondary uses not split"
CHI,77,CHI:77,U1,land_use_share_open_space,0.013950394361443014,fraction,40066.337993951194,2872057.732266629,,local_source_exploratory,False,"CMAP 2023 primary LANDUSE; eight broad groups; within-category union on land, conflicting-category overlap excluded; excludes water,6000,9999; secondary uses not split"
CHI,77,CHI:77,U1,land_use_share_vacant_construction,0.007234569482167444,fraction,20778.10122087919,2872057.732266629,,local_source_exploratory,False,"CMAP 2023 primary LANDUSE; eight broad groups; within-category union on land, conflicting-category overlap excluded; excludes water,6000,9999; secondary uses not split"
CHI,77,CHI:77,U1,lui_ambiguous_gross,4.1147127339974456e-08,fraction,,,,diagnostic,False,Source coverage diagnostic
CHI,77,CHI:77,U1,lui_coverage_gross,0.9987707763430427,fraction,,,,diagnostic,False,Source coverage diagnostic
CHI,77,CHI:77,U1,lui_overlap_gross,4.1147137303022336e-08,fraction,,,,diagnostic,False,Source coverage diagnostic
CHI,77,CHI:77,U1,lui_classified_land,0.6385490010775853,fraction,,,,diagnostic,False,Source coverage diagnostic
CHI,77,CHI:77,U1,lui_secondary_use_area_fraction,0.0024036845348611767,fraction,,,,diagnostic,False,Source coverage diagnostic
CHI,01,CHI:01,M1,street_density_municipal_km_km2,12.57694314994901,km/km2,59.84934884989642,4.758656228015077,531.0,local_source_exploratory,False,"Exploratory source-code universe. N selected, other status codes withheld pending documentation. Code 4 retained by code without asserting its label. Named alleys, sidewalks, river and extent lines excluded. Not equivalent to SP municipal or proposed shared Overture network."
CHI,01,CHI:01,M6,road_share_code_1,0.0,fraction,0.0,59849.34884989642,,local_source_exploratory,False,"Length shares of the same M1 universe; source codes, not SP categories"
CHI,01,CHI:01,M6,road_share_code_2,0.062047238620365576,fraction,3713.486829363025,59849.34884989642,,local_source_exploratory,False,"Length shares of the same M1 universe; source codes, not SP categories"
CHI,01,CHI:01,M6,road_share_code_3,0.18277407867935466,fraction,10938.909595599112,59849.34884989642,,local_source_exploratory,False,"Length shares of the same M1 universe; source codes, not SP categories"
CHI,01,CHI:01,M6,road_share_code_4,0.7551786827002797,fraction,45196.95242493428,59849.34884989642,,local_source_exploratory,False,"Length shares of the same M1 universe; source codes, not SP categories"
CHI,01,CHI:01,M6,road_share_code_7,0.0,fraction,0.0,59849.34884989642,,local_source_exploratory,False,"Length shares of the same M1 universe; source codes, not SP categories"
CHI,01,CHI:01,M6,road_share_code_9,0.0,fraction,0.0,59849.34884989642,,local_source_exploratory,False,"Length shares of the same M1 universe; source codes, not SP categories"
CHI,01,CHI:01,M6,road_share_code_99,0.0,fraction,0.0,59849.34884989642,,local_source_exploratory,False,"Length shares of the same M1 universe; source codes, not SP categories"
CHI,02,CHI:02,M1,street_density_municipal_km_km2,13.100825940063528,km/km2,119.71086880296951,9.13765814084154,948.0,local_source_exploratory,False,"Exploratory source-code universe. N selected, other status codes withheld pending documentation. Code 4 retained by code without asserting its label. Named alleys, sidewalks, river and extent lines excluded. Not equivalent to SP municipal or proposed shared Overture network."
CHI,02,CHI:02,M6,road_share_code_1,0.0,fraction,0.0,119710.86880296952,,local_source_exploratory,False,"Length shares of the same M1 universe; source codes, not SP categories"
CHI,02,CHI:02,M6,road_share_code_2,0.11240809690996324,fraction,13456.470941580093,119710.86880296952,,local_source_exploratory,False,"Length shares of the same M1 universe; source codes, not SP categories"
CHI,02,CHI:02,M6,road_share_code_3,0.10430431798059946,fraction,12486.360525358756,119710.86880296952,,local_source_exploratory,False,"Length shares of the same M1 universe; source codes, not SP categories"
CHI,02,CHI:02,M6,road_share_code_4,0.7832875851094374,fraction,93768.03733603068,119710.86880296952,,local_source_exploratory,False,"Length shares of the same M1 universe; source codes, not SP categories"
CHI,02,CHI:02,M6,road_share_code_7,0.0,fraction,0.0,119710.86880296952,,local_source_exploratory,False,"Length shares of the same M1 universe; source codes, not SP categories"
CHI,02,CHI:02,M6,road_share_code_9,0.0,fraction,0.0,119710.86880296952,,local_source_exploratory,False,"Length shares of the same M1 universe; source codes, not SP categories"
CHI,02,CHI:02,M6,road_share_code_99,0.0,fraction,0.0,119710.86880296952,,local_source_exploratory,False,"Length shares of the same M1 universe; source codes, not SP categories"
CHI,03,CHI:03,M1,street_density_municipal_km_km2,10.91164909525991,km/km2,65.93956396739809,6.043042934366598,535.0,local_source_exploratory,False,"Exploratory source-code universe. N selected, other status codes withheld pending documentation. Code 4 retained by code without asserting its label. Named alleys, sidewalks, river and extent lines excluded. Not equivalent to SP municipal or proposed shared Overture network."
CHI,03,CHI:03,M6,road_share_code_1,0.0756252151734285,fraction,4986.693713476534,65939.56396739809,,local_source_exploratory,False,"Length shares of the same M1 universe; source codes, not SP categories"
CHI,03,CHI:03,M6,road_share_code_2,0.1013428452323545,fraction,6682.503025836964,65939.56396739809,,local_source_exploratory,False,"Length shares of the same M1 universe; source codes, not SP categories"
CHI,03,CHI:03,M6,road_share_code_3,0.1586659517482063,fraction,10462.363674748949,65939.56396739809,,local_source_exploratory,False,"Length shares of the same M1 universe; source codes, not SP categories"
CHI,03,CHI:03,M6,road_share_code_4,0.6179547937517891,fraction,40747.66965155639,65939.56396739809,,local_source_exploratory,False,"Length shares of the same M1 universe; source codes, not SP categories"
CHI,03,CHI:03,M6,road_share_code_7,0.0,fraction,0.0,65939.56396739809,,local_source_exploratory,False,"Length shares of the same M1 universe; source codes, not SP categories"
CHI,03,CHI:03,M6,road_share_code_9,0.046411194094221585,fraction,3060.3339017792528,65939.56396739809,,local_source_exploratory,False,"Length shares of the same M1 universe; source codes, not SP categories"
CHI,03,CHI:03,M6,road_share_code_99,0.0,fraction,0.0,65939.56396739809,,local_source_exploratory,False,"Length shares of the same M1 universe; source codes, not SP categories"
CHI,04,CHI:04,M1,street_density_municipal_km_km2,11.241984678390375,km/km2,74.46652544618695,6.6239661035411626,692.0,local_source_exploratory,False,"Exploratory source-code universe. N selected, other status codes withheld pending documentation. Code 4 retained by code without asserting its label. Named alleys, sidewalks, river and extent lines excluded. Not equivalent to SP municipal or proposed shared Overture network."
CHI,04,CHI:04,M6,road_share_code_1,0.0,fraction,0.0,74466.52544618695,,local_source_exploratory,False,"Length shares of the same M1 universe; source codes, not SP categories"
CHI,04,CHI:04,M6,road_share_code_2,0.06351665726171703,fraction,4729.8647742363855,74466.52544618695,,local_source_exploratory,False,"Length shares of the same M1 universe; source codes, not SP categories"
CHI,04,CHI:04,M6,road_share_code_3,0.13606691850696925,fraction,10132.430649383472,74466.52544618695,,local_source_exploratory,False,"Length shares of the same M1 universe; source codes, not SP categories"
CHI,04,CHI:04,M6,road_share_code_4,0.8004164242313135,fraction,59604.23002256708,74466.52544618695,,local_source_exploratory,False,"Length shares of the same M1 universe; source codes, not SP categories"
CHI,04,CHI:04,M6,road_share_code_7,0.0,fraction,0.0,74466.52544618695,,local_source_exploratory,False,"Length shares of the same M1 universe; source codes, not SP categories"
CHI,04,CHI:04,M6,road_share_code_9,0.0,fraction,0.0,74466.52544618695,,local_source_exploratory,False,"Length shares of the same M1 universe; source codes, not SP categories"
CHI,04,CHI:04,M6,road_share_code_99,0.0,fraction,0.0,74466.52544618695,,local_source_exploratory,False,"Length shares of the same M1 universe; source codes, not SP categories"
CHI,05,CHI:05,M1,street_density_municipal_km_km2,13.543280911303558,km/km2,71.73324831058557,5.296593106232864,606.0,local_source_exploratory,False,"Exploratory source-code universe. N selected, other status codes withheld pending documentation. Code 4 retained by code without asserting its label. Named alleys, sidewalks, river and extent lines excluded. Not equivalent to SP municipal or proposed shared Overture network."
CHI,05,CHI:05,M6,road_share_code_1,0.0,fraction,0.0,71733.24831058556,,local_source_exploratory,False,"Length shares of the same M1 universe; source codes, not SP categories"
CHI,05,CHI:05,M6,road_share_code_2,0.10491190609886664,fraction,7525.671810926837,71733.24831058556,,local_source_exploratory,False,"Length shares of the same M1 universe; source codes, not SP categories"
CHI,05,CHI:05,M6,road_share_code_3,0.1232686388140666,fraction,8842.459876957326,71733.24831058556,,local_source_exploratory,False,"Length shares of the same M1 universe; source codes, not SP categories"
CHI,05,CHI:05,M6,road_share_code_4,0.7718194550870666,fraction,55365.11662270139,71733.24831058556,,local_source_exploratory,False,"Length shares of the same M1 universe; source codes, not SP categories"
CHI,05,CHI:05,M6,road_share_code_7,0.0,fraction,0.0,71733.24831058556,,local_source_exploratory,False,"Length shares of the same M1 universe; source codes, not SP categories"
CHI,05,CHI:05,M6,road_share_code_9,0.0,fraction,0.0,71733.24831058556,,local_source_exploratory,False,"Length shares of the same M1 universe; source codes, not SP categories"
CHI,05,CHI:05,M6,road_share_code_99,0.0,fraction,0.0,71733.24831058556,,local_source_exploratory,False,"Length shares of the same M1 universe; source codes, not SP categories"
CHI,06,CHI:06,M1,street_density_municipal_km_km2,13.718296657561133,km/km2,111.06933148971393,8.096437499658217,918.0,local_source_exploratory,False,"Exploratory source-code universe. N selected, other status codes withheld pending documentation. Code 4 retained by code without asserting its label. Named alleys, sidewalks, river and extent lines excluded. Not equivalent to SP municipal or proposed shared Overture network."
CHI,06,CHI:06,M6,road_share_code_1,0.049332804638677105,fraction,5479.361631730525,111069.33148971394,,local_source_exploratory,False,"Length shares of the same M1 universe; source codes, not SP categories"
CHI,06,CHI:06,M6,road_share_code_2,0.08610970610478587,fraction,9564.147491834305,111069.33148971394,,local_source_exploratory,False,"Length shares of the same M1 universe; source codes, not SP categories"
CHI,06,CHI:06,M6,road_share_code_3,0.2101161858418734,fraction,23337.464296625374,111069.33148971394,,local_source_exploratory,False,"Length shares of the same M1 universe; source codes, not SP categories"
CHI,06,CHI:06,M6,road_share_code_4,0.6435376164121223,fraction,71477.29284337838,111069.33148971394,,local_source_exploratory,False,"Length shares of the same M1 universe; source codes, not SP categories"
CHI,06,CHI:06,M6,road_share_code_7,0.0,fraction,0.0,111069.33148971394,,local_source_exploratory,False,"Length shares of the same M1 universe; source codes, not SP categories"
CHI,06,CHI:06,M6,road_share_code_9,0.010903687002541487,fraction,1211.0652261453656,111069.33148971394,,local_source_exploratory,False,"Length shares of the same M1 universe; source codes, not SP categories"
CHI,06,CHI:06,M6,road_share_code_99,0.0,fraction,0.0,111069.33148971394,,local_source_exploratory,False,"Length shares of the same M1 universe; source codes, not SP categories"
CHI,07,CHI:07,M1,street_density_municipal_km_km2,12.410035386925696,km/km2,101.74589229810493,8.198678660118645,873.0,local_source_exploratory,False,"Exploratory source-code universe. N selected, other status codes withheld pending documentation. Code 4 retained by code without asserting its label. Named alleys, sidewalks, river and extent lines excluded. Not equivalent to SP municipal or proposed shared Overture network."
CHI,07,CHI:07,M6,road_share_code_1,0.04760530936248463,fraction,4843.644679213328,101745.89229810494,,local_source_exploratory,False,"Length shares of the same M1 universe; source codes, not SP categories"
CHI,07,CHI:07,M6,road_share_code_2,0.0830332364099938,fraction,8448.290728934315,101745.89229810494,,local_source_exploratory,False,"Length shares of the same M1 universe; source codes, not SP categories"
CHI,07,CHI:07,M6,road_share_code_3,0.17507503227110602,fraction,17813.1653775432,101745.89229810494,,local_source_exploratory,False,"Length shares of the same M1 universe; source codes, not SP categories"
CHI,07,CHI:07,M6,road_share_code_4,0.6766644537470818,fraction,68847.8286329066,101745.89229810494,,local_source_exploratory,False,"Length shares of the same M1 universe; source codes, not SP categories"
CHI,07,CHI:07,M6,road_share_code_7,0.0,fraction,0.0,101745.89229810494,,local_source_exploratory,False,"Length shares of the same M1 universe; source codes, not SP categories"
CHI,07,CHI:07,M6,road_share_code_9,0.017621968209333542,fraction,1792.9628795074796,101745.89229810494,,local_source_exploratory,False,"Length shares of the same M1 universe; source codes, not SP categories"
CHI,07,CHI:07,M6,road_share_code_99,0.0,fraction,0.0,101745.89229810494,,local_source_exploratory,False,"Length shares of the same M1 universe; source codes, not SP categories"
CHI,08,CHI:08,M1,street_density_municipal_km_km2,14.359582837851018,km/km2,102.21155862338279,7.118003341570558,1043.0,local_source_exploratory,False,"Exploratory source-code universe. N selected, other status codes withheld pending documentation. Code 4 retained by code without asserting its label. Named alleys, sidewalks, river and extent lines excluded. Not equivalent to SP municipal or proposed shared Overture network."
CHI,08,CHI:08,M6,road_share_code_1,0.08181587100418852,fraction,8362.52769546774,102211.55862338279,,local_source_exploratory,False,"Length shares of the same M1 universe; source codes, not SP categories"
CHI,08,CHI:08,M6,road_share_code_2,0.05831166048290148,fraction,5960.125703874878,102211.55862338279,,local_source_exploratory,False,"Length shares of the same M1 universe; source codes, not SP categories"
CHI,08,CHI:08,M6,road_share_code_3,0.11713762946087168,fraction,11972.819680643977,102211.55862338279,,local_source_exploratory,False,"Length shares of the same M1 universe; source codes, not SP categories"
CHI,08,CHI:08,M6,road_share_code_4,0.694847045935901,fraction,71021.3995699617,102211.55862338279,,local_source_exploratory,False,"Length shares of the same M1 universe; source codes, not SP categories"
CHI,08,CHI:08,M6,road_share_code_7,0.01982964828291791,fraction,2026.8192579505258,102211.55862338279,,local_source_exploratory,False,"Length shares of the same M1 universe; source codes, not SP categories"
CHI,08,CHI:08,M6,road_share_code_9,0.028058144833219393,fraction,2867.866715483969,102211.55862338279,,local_source_exploratory,False,"Length shares of the same M1 universe; source codes, not SP categories"
CHI,08,CHI:08,M6,road_share_code_99,0.0,fraction,0.0,102211.55862338279,,local_source_exploratory,False,"Length shares of the same M1 universe; source codes, not SP categories"
CHI,09,CHI:09,M1,street_density_municipal_km_km2,14.836878285055777,km/km2,43.577573328428144,2.9371120050449564,380.0,local_source_exploratory,False,"Exploratory source-code universe. N selected, other status codes withheld pending documentation. Code 4 retained by code without asserting its label. Named alleys, sidewalks, river and extent lines excluded. Not equivalent to SP municipal or proposed shared Overture network."
CHI,09,CHI:09,M6,road_share_code_1,0.0,fraction,0.0,43577.573328428145,,local_source_exploratory,False,"Length shares of the same M1 universe; source codes, not SP categories"
CHI,09,CHI:09,M6,road_share_code_2,0.08902419361100113,fraction,3879.4583250875858,43577.573328428145,,local_source_exploratory,False,"Length shares of the same M1 universe; source codes, not SP categories"
CHI,09,CHI:09,M6,road_share_code_3,0.09231930482407773,fraction,4023.0512756007574,43577.573328428145,,local_source_exploratory,False,"Length shares of the same M1 universe; source codes, not SP categories"
CHI,09,CHI:09,M6,road_share_code_4,0.8186565015649212,fraction,35675.063727739805,43577.573328428145,,local_source_exploratory,False,"Length shares of the same M1 universe; source codes, not SP categories"
CHI,09,CHI:09,M6,road_share_code_7,0.0,fraction,0.0,43577.573328428145,,local_source_exploratory,False,"Length shares of the same M1 universe; source codes, not SP categories"
CHI,09,CHI:09,M6,road_share_code_9,0.0,fraction,0.0,43577.573328428145,,local_source_exploratory,False,"Length shares of the same M1 universe; source codes, not SP categories"
CHI,09,CHI:09,M6,road_share_code_99,0.0,fraction,0.0,43577.573328428145,,local_source_exploratory,False,"Length shares of the same M1 universe; source codes, not SP categories"
CHI,10,CHI:10,M1,street_density_municipal_km_km2,14.574803298994977,km/km2,165.024933375919,11.322618219300324,1426.0,local_source_exploratory,False,"Exploratory source-code universe. N selected, other status codes withheld pending documentation. Code 4 retained by code without asserting its label. Named alleys, sidewalks, river and extent lines excluded. Not equivalent to SP municipal or proposed shared Overture network."
CHI,10,CHI:10,M6,road_share_code_1,0.049380338616938836,fraction,8148.987090340652,165024.933375919,,local_source_exploratory,False,"Length shares of the same M1 universe; source codes, not SP categories"
CHI,10,CHI:10,M6,road_share_code_2,0.07414669891939178,fraction,12236.054049216955,165024.933375919,,local_source_exploratory,False,"Length shares of the same M1 universe; source codes, not SP categories"
CHI,10,CHI:10,M6,road_share_code_3,0.12540620689897708,fraction,20695.150938430408,165024.933375919,,local_source_exploratory,False,"Length shares of the same M1 universe; source codes, not SP categories"
CHI,10,CHI:10,M6,road_share_code_4,0.7172435978115882,fraction,118363.0769431618,165024.933375919,,local_source_exploratory,False,"Length shares of the same M1 universe; source codes, not SP categories"
CHI,10,CHI:10,M6,road_share_code_7,0.0,fraction,0.0,165024.933375919,,local_source_exploratory,False,"Length shares of the same M1 universe; source codes, not SP categories"
CHI,10,CHI:10,M6,road_share_code_9,0.03382315775310414,fraction,5581.664354769209,165024.933375919,,local_source_exploratory,False,"Length shares of the same M1 universe; source codes, not SP categories"
CHI,10,CHI:10,M6,road_share_code_99,0.0,fraction,0.0,165024.933375919,,local_source_exploratory,False,"Length shares of the same M1 universe; source codes, not SP categories"
CHI,11,CHI:11,M1,street_density_municipal_km_km2,14.44717111832642,km/km2,87.00430247870406,6.02223797074972,786.0,local_source_exploratory,False,"Exploratory source-code universe. N selected, other status codes withheld pending documentation. Code 4 retained by code without asserting its label. Named alleys, sidewalks, river and extent lines excluded. Not equivalent to SP municipal or proposed shared Overture network."
CHI,11,CHI:11,M6,road_share_code_1,0.07232007279317972,fraction,6292.1574885797045,87004.30247870406,,local_source_exploratory,False,"Length shares of the same M1 universe; source codes, not SP categories"
CHI,11,CHI:11,M6,road_share_code_2,0.056766099976526416,fraction,4938.89493289406,87004.30247870406,,local_source_exploratory,False,"Length shares of the same M1 universe; source codes, not SP categories"
CHI,11,CHI:11,M6,road_share_code_3,0.15875470539639783,fraction,13812.34240822575,87004.30247870406,,local_source_exploratory,False,"Length shares of the same M1 universe; source codes, not SP categories"
CHI,11,CHI:11,M6,road_share_code_4,0.682823923882778,fraction,59408.61921319282,87004.30247870406,,local_source_exploratory,False,"Length shares of the same M1 universe; source codes, not SP categories"
CHI,11,CHI:11,M6,road_share_code_7,0.0,fraction,0.0,87004.30247870406,,local_source_exploratory,False,"Length shares of the same M1 universe; source codes, not SP categories"
CHI,11,CHI:11,M6,road_share_code_9,0.029335197951118032,fraction,2552.288435811733,87004.30247870406,,local_source_exploratory,False,"Length shares of the same M1 universe; source codes, not SP categories"
CHI,11,CHI:11,M6,road_share_code_99,0.0,fraction,0.0,87004.30247870406,,local_source_exploratory,False,"Length shares of the same M1 universe; source codes, not SP categories"
CHI,12,CHI:12,M1,street_density_municipal_km_km2,12.158543114987971,km/km2,100.60825216758678,8.274696336238334,870.0,local_source_exploratory,False,"Exploratory source-code universe. N selected, other status codes withheld pending documentation. Code 4 retained by code without asserting its label. Named alleys, sidewalks, river and extent lines excluded. Not equivalent to SP municipal or proposed shared Overture network."
CHI,12,CHI:12,M6,road_share_code_1,0.03429528927130992,fraction,3450.3891111682824,100608.25216758679,,local_source_exploratory,False,"Length shares of the same M1 universe; source codes, not SP categories"
CHI,12,CHI:12,M6,road_share_code_2,0.10827325885208139,fraction,10893.183329596603,100608.25216758679,,local_source_exploratory,False,"Length shares of the same M1 universe; source codes, not SP categories"
CHI,12,CHI:12,M6,road_share_code_3,0.09557156303968908,fraction,9615.287914347457,100608.25216758679,,local_source_exploratory,False,"Length shares of the same M1 universe; source codes, not SP categories"
CHI,12,CHI:12,M6,road_share_code_4,0.7387062279940849,fraction,74319.94246379576,100608.25216758679,,local_source_exploratory,False,"Length shares of the same M1 universe; source codes, not SP categories"
CHI,12,CHI:12,M6,road_share_code_7,0.0,fraction,0.0,100608.25216758679,,local_source_exploratory,False,"Length shares of the same M1 universe; source codes, not SP categories"
CHI,12,CHI:12,M6,road_share_code_9,0.02315366084283481,fraction,2329.4493486787046,100608.25216758679,,local_source_exploratory,False,"Length shares of the same M1 universe; source codes, not SP categories"
CHI,12,CHI:12,M6,road_share_code_99,0.0,fraction,0.0,100608.25216758679,,local_source_exploratory,False,"Length shares of the same M1 universe; source codes, not SP categories"
CHI,13,CHI:13,M1,street_density_municipal_km_km2,7.87447642132458,km/km2,51.383566554001604,6.525331184540938,454.0,local_source_exploratory,False,"Exploratory source-code universe. N selected, other status codes withheld pending documentation. Code 4 retained by code without asserting its label. Named alleys, sidewalks, river and extent lines excluded. Not equivalent to SP municipal or proposed shared Overture network."
CHI,13,CHI:13,M6,road_share_code_1,0.032386478760420286,fraction,1664.132786835815,51383.566554001605,,local_source_exploratory,False,"Length shares of the same M1 universe; source codes, not SP categories"
CHI,13,CHI:13,M6,road_share_code_2,0.1261881019441105,fraction,6483.994734568341,51383.566554001605,,local_source_exploratory,False,"Length shares of the same M1 universe; source codes, not SP categories"
CHI,13,CHI:13,M6,road_share_code_3,0.20565534706553723,fraction,10567.305213128331,51383.566554001605,,local_source_exploratory,False,"Length shares of the same M1 universe; source codes, not SP categories"
CHI,13,CHI:13,M6,road_share_code_4,0.6241167335832521,fraction,32069.343717541127,51383.566554001605,,local_source_exploratory,False,"Length shares of the same M1 universe; source codes, not SP categories"
CHI,13,CHI:13,M6,road_share_code_7,0.0,fraction,0.0,51383.566554001605,,local_source_exploratory,False,"Length shares of the same M1 universe; source codes, not SP categories"
CHI,13,CHI:13,M6,road_share_code_9,0.011653338646679813,fraction,598.7901019279911,51383.566554001605,,local_source_exploratory,False,"Length shares of the same M1 universe; source codes, not SP categories"
CHI,13,CHI:13,M6,road_share_code_99,0.0,fraction,0.0,51383.566554001605,,local_source_exploratory,False,"Length shares of the same M1 universe; source codes, not SP categories"
CHI,14,CHI:14,M1,street_density_municipal_km_km2,14.524904518340769,km/km2,72.19819922339443,4.970648800632659,667.0,local_source_exploratory,False,"Exploratory source-code universe. N selected, other status codes withheld pending documentation. Code 4 retained by code without asserting its label. Named alleys, sidewalks, river and extent lines excluded. Not equivalent to SP municipal or proposed shared Overture network."
CHI,14,CHI:14,M6,road_share_code_1,0.02250401353068774,fraction,1624.7492522145571,72198.19922339442,,local_source_exploratory,False,"Length shares of the same M1 universe; source codes, not SP categories"
CHI,14,CHI:14,M6,road_share_code_2,0.09182236048697551,fraction,6629.409075600997,72198.19922339442,,local_source_exploratory,False,"Length shares of the same M1 universe; source codes, not SP categories"
CHI,14,CHI:14,M6,road_share_code_3,0.08461525864720491,fraction,6109.069301149948,72198.19922339442,,local_source_exploratory,False,"Length shares of the same M1 universe; source codes, not SP categories"
CHI,14,CHI:14,M6,road_share_code_4,0.7980628486307314,fraction,57618.700538231205,72198.19922339442,,local_source_exploratory,False,"Length shares of the same M1 universe; source codes, not SP categories"
CHI,14,CHI:14,M6,road_share_code_7,0.0,fraction,0.0,72198.19922339442,,local_source_exploratory,False,"Length shares of the same M1 universe; source codes, not SP categories"
CHI,14,CHI:14,M6,road_share_code_9,0.0029955187044006706,fraction,216.27105619772394,72198.19922339442,,local_source_exploratory,False,"Length shares of the same M1 universe; source codes, not SP categories"
CHI,14,CHI:14,M6,road_share_code_99,0.0,fraction,0.0,72198.19922339442,,local_source_exploratory,False,"Length shares of the same M1 universe; source codes, not SP categories"
CHI,15,CHI:15,M1,street_density_municipal_km_km2,14.131933727878913,km/km2,144.57480733274707,10.230362674821754,1179.0,local_source_exploratory,False,"Exploratory source-code universe. N selected, other status codes withheld pending documentation. Code 4 retained by code without asserting its label. Named alleys, sidewalks, river and extent lines excluded. Not equivalent to SP municipal or proposed shared Overture network."
CHI,15,CHI:15,M6,road_share_code_1,0.0125177039869656,fraction,1809.7446421639113,144574.80733274706,,local_source_exploratory,False,"Length shares of the same M1 universe; source codes, not SP categories"
CHI,15,CHI:15,M6,road_share_code_2,0.10489495196864078,fraction,15165.167471043998,144574.80733274706,,local_source_exploratory,False,"Length shares of the same M1 universe; source codes, not SP categories"
CHI,15,CHI:15,M6,road_share_code_3,0.10082140381385439,fraction,14576.23503140509,144574.80733274706,,local_source_exploratory,False,"Length shares of the same M1 universe; source codes, not SP categories"
CHI,15,CHI:15,M6,road_share_code_4,0.7785040399161202,fraction,112552.07157863831,144574.80733274706,,local_source_exploratory,False,"Length shares of the same M1 universe; source codes, not SP categories"
CHI,15,CHI:15,M6,road_share_code_7,0.0,fraction,0.0,144574.80733274706,,local_source_exploratory,False,"Length shares of the same M1 universe; source codes, not SP categories"
CHI,15,CHI:15,M6,road_share_code_9,0.003261900314418914,fraction,471.58860949574154,144574.80733274706,,local_source_exploratory,False,"Length shares of the same M1 universe; source codes, not SP categories"
CHI,15,CHI:15,M6,road_share_code_99,0.0,fraction,0.0,144574.80733274706,,local_source_exploratory,False,"Length shares of the same M1 universe; source codes, not SP categories"
CHI,16,CHI:16,M1,street_density_municipal_km_km2,15.328458486778704,km/km2,127.52010173543734,8.319173245334982,1119.0,local_source_exploratory,False,"Exploratory source-code universe. N selected, other status codes withheld pending documentation. Code 4 retained by code without asserting its label. Named alleys, sidewalks, river and extent lines excluded. Not equivalent to SP municipal or proposed shared Overture network."
CHI,16,CHI:16,M6,road_share_code_1,0.06273458261249869,fraction,7999.920357076031,127520.10173543733,,local_source_exploratory,False,"Length shares of the same M1 universe; source codes, not SP categories"
CHI,16,CHI:16,M6,road_share_code_2,0.07368698989350919,fraction,9396.572447798435,127520.10173543733,,local_source_exploratory,False,"Length shares of the same M1 universe; source codes, not SP categories"
CHI,16,CHI:16,M6,road_share_code_3,0.11489263202909561,fraction,14651.120125002439,127520.10173543733,,local_source_exploratory,False,"Length shares of the same M1 universe; source codes, not SP categories"
CHI,16,CHI:16,M6,road_share_code_4,0.6758676737999357,fraction,86186.71452266118,127520.10173543733,,local_source_exploratory,False,"Length shares of the same M1 universe; source codes, not SP categories"
CHI,16,CHI:16,M6,road_share_code_7,0.0,fraction,0.0,127520.10173543733,,local_source_exploratory,False,"Length shares of the same M1 universe; source codes, not SP categories"
CHI,16,CHI:16,M6,road_share_code_9,0.07281812166496078,fraction,9285.774282899252,127520.10173543733,,local_source_exploratory,False,"Length shares of the same M1 universe; source codes, not SP categories"
CHI,16,CHI:16,M6,road_share_code_99,0.0,fraction,0.0,127520.10173543733,,local_source_exploratory,False,"Length shares of the same M1 universe; source codes, not SP categories"
CHI,17,CHI:17,M1,street_density_municipal_km_km2,12.449717081463639,km/km2,119.73784859927633,9.617716436107115,954.0,local_source_exploratory,False,"Exploratory source-code universe. N selected, other status codes withheld pending documentation. Code 4 retained by code without asserting its label. Named alleys, sidewalks, river and extent lines excluded. Not equivalent to SP municipal or proposed shared Overture network."
CHI,17,CHI:17,M6,road_share_code_1,0.0,fraction,0.0,119737.84859927633,,local_source_exploratory,False,"Length shares of the same M1 universe; source codes, not SP categories"
CHI,17,CHI:17,M6,road_share_code_2,0.09256193650597541,fraction,11083.167139408313,119737.84859927633,,local_source_exploratory,False,"Length shares of the same M1 universe; source codes, not SP categories"
CHI,17,CHI:17,M6,road_share_code_3,0.11101745737909319,fraction,13292.991503534473,119737.84859927633,,local_source_exploratory,False,"Length shares of the same M1 universe; source codes, not SP categories"
CHI,17,CHI:17,M6,road_share_code_4,0.7964206061149315,fraction,95361.68995633356,119737.84859927633,,local_source_exploratory,False,"Length shares of the same M1 universe; source codes, not SP categories"
CHI,17,CHI:17,M6,road_share_code_7,0.0,fraction,0.0,119737.84859927633,,local_source_exploratory,False,"Length shares of the same M1 universe; source codes, not SP categories"
CHI,17,CHI:17,M6,road_share_code_9,0.0,fraction,0.0,119737.84859927633,,local_source_exploratory,False,"Length shares of the same M1 universe; source codes, not SP categories"
CHI,17,CHI:17,M6,road_share_code_99,0.0,fraction,0.0,119737.84859927633,,local_source_exploratory,False,"Length shares of the same M1 universe; source codes, not SP categories"
CHI,18,CHI:18,M1,street_density_municipal_km_km2,12.63279663930372,km/km2,32.342128107799944,2.5601716730858843,284.0,local_source_exploratory,False,"Exploratory source-code universe. N selected, other status codes withheld pending documentation. Code 4 retained by code without asserting its label. Named alleys, sidewalks, river and extent lines excluded. Not equivalent to SP municipal or proposed shared Overture network."
CHI,18,CHI:18,M6,road_share_code_1,0.0,fraction,0.0,32342.128107799945,,local_source_exploratory,False,"Length shares of the same M1 universe; source codes, not SP categories"
CHI,18,CHI:18,M6,road_share_code_2,0.022696198928089793,fraction,734.0433732923918,32342.128107799945,,local_source_exploratory,False,"Length shares of the same M1 universe; source codes, not SP categories"
CHI,18,CHI:18,M6,road_share_code_3,0.14269086767337225,fraction,4614.926322105335,32342.128107799945,,local_source_exploratory,False,"Length shares of the same M1 universe; source codes, not SP categories"
CHI,18,CHI:18,M6,road_share_code_4,0.834612933398538,fraction,26993.15841240222,32342.128107799945,,local_source_exploratory,False,"Length shares of the same M1 universe; source codes, not SP categories"
CHI,18,CHI:18,M6,road_share_code_7,0.0,fraction,0.0,32342.128107799945,,local_source_exploratory,False,"Length shares of the same M1 universe; source codes, not SP categories"
CHI,18,CHI:18,M6,road_share_code_9,0.0,fraction,0.0,32342.128107799945,,local_source_exploratory,False,"Length shares of the same M1 universe; source codes, not SP categories"
CHI,18,CHI:18,M6,road_share_code_99,0.0,fraction,0.0,32342.128107799945,,local_source_exploratory,False,"Length shares of the same M1 universe; source codes, not SP categories"
CHI,19,CHI:19,M1,street_density_municipal_km_km2,12.901866928744925,km/km2,130.67732113056636,10.128559056784386,1018.0,local_source_exploratory,False,"Exploratory source-code universe. N selected, other status codes withheld pending documentation. Code 4 retained by code without asserting its label. Named alleys, sidewalks, river and extent lines excluded. Not equivalent to SP municipal or proposed shared Overture network."
CHI,19,CHI:19,M6,road_share_code_1,0.0,fraction,0.0,130677.32113056636,,local_source_exploratory,False,"Length shares of the same M1 universe; source codes, not SP categories"
CHI,19,CHI:19,M6,road_share_code_2,0.09215488490117534,fraction,12042.55348798127,130677.32113056636,,local_source_exploratory,False,"Length shares of the same M1 universe; source codes, not SP categories"
CHI,19,CHI:19,M6,road_share_code_3,0.10373293926528555,fraction,13555.542616187256,130677.32113056636,,local_source_exploratory,False,"Length shares of the same M1 universe; source codes, not SP categories"
CHI,19,CHI:19,M6,road_share_code_4,0.804112175833539,fraction,105079.22502639782,130677.32113056636,,local_source_exploratory,False,"Length shares of the same M1 universe; source codes, not SP categories"
CHI,19,CHI:19,M6,road_share_code_7,0.0,fraction,0.0,130677.32113056636,,local_source_exploratory,False,"Length shares of the same M1 universe; source codes, not SP categories"
CHI,19,CHI:19,M6,road_share_code_9,0.0,fraction,0.0,130677.32113056636,,local_source_exploratory,False,"Length shares of the same M1 universe; source codes, not SP categories"
CHI,19,CHI:19,M6,road_share_code_99,0.0,fraction,0.0,130677.32113056636,,local_source_exploratory,False,"Length shares of the same M1 universe; source codes, not SP categories"
CHI,20,CHI:20,M1,street_density_municipal_km_km2,13.203248343154227,km/km2,39.96180002751619,3.0266642714658962,333.0,local_source_exploratory,False,"Exploratory source-code universe. N selected, other status codes withheld pending documentation. Code 4 retained by code without asserting its label. Named alleys, sidewalks, river and extent lines excluded. Not equivalent to SP municipal or proposed shared Overture network."
CHI,20,CHI:20,M6,road_share_code_1,0.0,fraction,0.0,39961.80002751619,,local_source_exploratory,False,"Length shares of the same M1 universe; source codes, not SP categories"
CHI,20,CHI:20,M6,road_share_code_2,0.05878541994802109,fraction,2349.17119649638,39961.80002751619,,local_source_exploratory,False,"Length shares of the same M1 universe; source codes, not SP categories"
CHI,20,CHI:20,M6,road_share_code_3,0.12889709244244238,fraction,5150.95983231315,39961.80002751619,,local_source_exploratory,False,"Length shares of the same M1 universe; source codes, not SP categories"
CHI,20,CHI:20,M6,road_share_code_4,0.8123174876095363,fraction,32461.66899870665,39961.80002751619,,local_source_exploratory,False,"Length shares of the same M1 universe; source codes, not SP categories"
CHI,20,CHI:20,M6,road_share_code_7,0.0,fraction,0.0,39961.80002751619,,local_source_exploratory,False,"Length shares of the same M1 universe; source codes, not SP categories"
CHI,20,CHI:20,M6,road_share_code_9,0.0,fraction,0.0,39961.80002751619,,local_source_exploratory,False,"Length shares of the same M1 universe; source codes, not SP categories"
CHI,20,CHI:20,M6,road_share_code_99,0.0,fraction,0.0,39961.80002751619,,local_source_exploratory,False,"Length shares of the same M1 universe; source codes, not SP categories"
CHI,21,CHI:21,M1,street_density_municipal_km_km2,14.978330334359189,km/km2,76.88281413381091,5.132936209682022,769.0,local_source_exploratory,False,"Exploratory source-code universe. N selected, other status codes withheld pending documentation. Code 4 retained by code without asserting its label. Named alleys, sidewalks, river and extent lines excluded. Not equivalent to SP municipal or proposed shared Overture network."
CHI,21,CHI:21,M6,road_share_code_1,0.07247116533263512,fraction,5571.7871343296665,76882.81413381091,,local_source_exploratory,False,"Length shares of the same M1 universe; source codes, not SP categories"
CHI,21,CHI:21,M6,road_share_code_2,0.07405338070532609,fraction,5693.432304747925,76882.81413381091,,local_source_exploratory,False,"Length shares of the same M1 universe; source codes, not SP categories"
CHI,21,CHI:21,M6,road_share_code_3,0.16547824697426197,fraction,12722.433305311042,76882.81413381091,,local_source_exploratory,False,"Length shares of the same M1 universe; source codes, not SP categories"
CHI,21,CHI:21,M6,road_share_code_4,0.6151312985402695,fraction,47293.025293561295,76882.81413381091,,local_source_exploratory,False,"Length shares of the same M1 universe; source codes, not SP categories"
CHI,21,CHI:21,M6,road_share_code_7,0.0,fraction,0.0,76882.81413381091,,local_source_exploratory,False,"Length shares of the same M1 universe; source codes, not SP categories"
CHI,21,CHI:21,M6,road_share_code_9,0.07286590844750719,fraction,5602.136095860978,76882.81413381091,,local_source_exploratory,False,"Length shares of the same M1 universe; source codes, not SP categories"
CHI,21,CHI:21,M6,road_share_code_99,0.0,fraction,0.0,76882.81413381091,,local_source_exploratory,False,"Length shares of the same M1 universe; source codes, not SP categories"
CHI,22,CHI:22,M1,street_density_municipal_km_km2,15.583456479088943,km/km2,144.75246579350042,9.288854881953833,1421.0,local_source_exploratory,False,"Exploratory source-code universe. N selected, other status codes withheld pending documentation. Code 4 retained by code without asserting its label. Named alleys, sidewalks, river and extent lines excluded. Not equivalent to SP municipal or proposed shared Overture network."
CHI,22,CHI:22,M6,road_share_code_1,0.06549385965101766,fraction,9480.397678818252,144752.46579350042,,local_source_exploratory,False,"Length shares of the same M1 universe; source codes, not SP categories"
CHI,22,CHI:22,M6,road_share_code_2,0.06431418196017287,fraction,9309.636424226885,144752.46579350042,,local_source_exploratory,False,"Length shares of the same M1 universe; source codes, not SP categories"
CHI,22,CHI:22,M6,road_share_code_3,0.16978306954489392,fraction,24576.51796661276,144752.46579350042,,local_source_exploratory,False,"Length shares of the same M1 universe; source codes, not SP categories"
CHI,22,CHI:22,M6,road_share_code_4,0.6723531830772759,fraction,97324.78113454451,144752.46579350042,,local_source_exploratory,False,"Length shares of the same M1 universe; source codes, not SP categories"
CHI,22,CHI:22,M6,road_share_code_7,0.0,fraction,0.0,144752.46579350042,,local_source_exploratory,False,"Length shares of the same M1 universe; source codes, not SP categories"
CHI,22,CHI:22,M6,road_share_code_9,0.028055705766639624,fraction,4061.132589298015,144752.46579350042,,local_source_exploratory,False,"Length shares of the same M1 universe; source codes, not SP categories"
CHI,22,CHI:22,M6,road_share_code_99,0.0,fraction,0.0,144752.46579350042,,local_source_exploratory,False,"Length shares of the same M1 universe; source codes, not SP categories"
CHI,23,CHI:23,M1,street_density_municipal_km_km2,12.295102481845802,km/km2,114.69172437242986,9.328244684562545,955.0,local_source_exploratory,False,"Exploratory source-code universe. N selected, other status codes withheld pending documentation. Code 4 retained by code without asserting its label. Named alleys, sidewalks, river and extent lines excluded. Not equivalent to SP municipal or proposed shared Overture network."
CHI,23,CHI:23,M6,road_share_code_1,0.0,fraction,0.0,114691.72437242986,,local_source_exploratory,False,"Length shares of the same M1 universe; source codes, not SP categories"
CHI,23,CHI:23,M6,road_share_code_2,0.11005442309088043,fraction,12622.331559106038,114691.72437242986,,local_source_exploratory,False,"Length shares of the same M1 universe; source codes, not SP categories"
CHI,23,CHI:23,M6,road_share_code_3,0.18633965462030683,fraction,21371.616307366006,114691.72437242986,,local_source_exploratory,False,"Length shares of the same M1 universe; source codes, not SP categories"
CHI,23,CHI:23,M6,road_share_code_4,0.7036059222888128,fraction,80697.77650595782,114691.72437242986,,local_source_exploratory,False,"Length shares of the same M1 universe; source codes, not SP categories"
CHI,23,CHI:23,M6,road_share_code_7,0.0,fraction,0.0,114691.72437242986,,local_source_exploratory,False,"Length shares of the same M1 universe; source codes, not SP categories"
CHI,23,CHI:23,M6,road_share_code_9,0.0,fraction,0.0,114691.72437242986,,local_source_exploratory,False,"Length shares of the same M1 universe; source codes, not SP categories"
CHI,23,CHI:23,M6,road_share_code_99,0.0,fraction,0.0,114691.72437242986,,local_source_exploratory,False,"Length shares of the same M1 universe; source codes, not SP categories"
CHI,24,CHI:24,M1,street_density_municipal_km_km2,15.336428506263767,km/km2,181.61696206981117,11.842194028135978,1794.0,local_source_exploratory,False,"Exploratory source-code universe. N selected, other status codes withheld pending documentation. Code 4 retained by code without asserting its label. Named alleys, sidewalks, river and extent lines excluded. Not equivalent to SP municipal or proposed shared Overture network."
CHI,24,CHI:24,M6,road_share_code_1,0.05181154562618233,fraction,9409.855516768646,181616.96206981115,,local_source_exploratory,False,"Length shares of the same M1 universe; source codes, not SP categories"
CHI,24,CHI:24,M6,road_share_code_2,0.08154682531908466,fraction,14810.286680889716,181616.96206981115,,local_source_exploratory,False,"Length shares of the same M1 universe; source codes, not SP categories"
CHI,24,CHI:24,M6,road_share_code_3,0.12357455216588907,fraction,22443.234753506174,181616.96206981115,,local_source_exploratory,False,"Length shares of the same M1 universe; source codes, not SP categories"
CHI,24,CHI:24,M6,road_share_code_4,0.6975938508837586,fraction,126694.87595608909,181616.96206981115,,local_source_exploratory,False,"Length shares of the same M1 universe; source codes, not SP categories"
CHI,24,CHI:24,M6,road_share_code_7,0.0,fraction,0.0,181616.96206981115,,local_source_exploratory,False,"Length shares of the same M1 universe; source codes, not SP categories"
CHI,24,CHI:24,M6,road_share_code_9,0.04547322600508516,fraction,8258.709162557501,181616.96206981115,,local_source_exploratory,False,"Length shares of the same M1 universe; source codes, not SP categories"
CHI,24,CHI:24,M6,road_share_code_99,0.0,fraction,0.0,181616.96206981115,,local_source_exploratory,False,"Length shares of the same M1 universe; source codes, not SP categories"
CHI,25,CHI:25,M1,street_density_municipal_km_km2,12.359798686206883,km/km2,228.6355103090497,18.49831992524273,1771.0,local_source_exploratory,False,"Exploratory source-code universe. N selected, other status codes withheld pending documentation. Code 4 retained by code without asserting its label. Named alleys, sidewalks, river and extent lines excluded. Not equivalent to SP municipal or proposed shared Overture network."
CHI,25,CHI:25,M6,road_share_code_1,0.024969160895489322,fraction,5708.836843328969,228635.51030904969,,local_source_exploratory,False,"Length shares of the same M1 universe; source codes, not SP categories"
CHI,25,CHI:25,M6,road_share_code_2,0.10478361056307635,fraction,23957.25427311369,228635.51030904969,,local_source_exploratory,False,"Length shares of the same M1 universe; source codes, not SP categories"
CHI,25,CHI:25,M6,road_share_code_3,0.09139878315462586,fraction,20897.007428184057,228635.51030904969,,local_source_exploratory,False,"Length shares of the same M1 universe; source codes, not SP categories"
CHI,25,CHI:25,M6,road_share_code_4,0.7652947834660884,fraction,174973.5633546228,228635.51030904969,,local_source_exploratory,False,"Length shares of the same M1 universe; source codes, not SP categories"
CHI,25,CHI:25,M6,road_share_code_7,0.0,fraction,0.0,228635.51030904969,,local_source_exploratory,False,"Length shares of the same M1 universe; source codes, not SP categories"
CHI,25,CHI:25,M6,road_share_code_9,0.013553661920719998,fraction,3098.8484098001513,228635.51030904969,,local_source_exploratory,False,"Length shares of the same M1 universe; source codes, not SP categories"
CHI,25,CHI:25,M6,road_share_code_99,0.0,fraction,0.0,228635.51030904969,,local_source_exploratory,False,"Length shares of the same M1 universe; source codes, not SP categories"
CHI,26,CHI:26,M1,street_density_municipal_km_km2,15.751180823142112,km/km2,52.77796367669749,3.350730606758987,449.0,local_source_exploratory,False,"Exploratory source-code universe. N selected, other status codes withheld pending documentation. Code 4 retained by code without asserting its label. Named alleys, sidewalks, river and extent lines excluded. Not equivalent to SP municipal or proposed shared Overture network."
CHI,26,CHI:26,M6,road_share_code_1,0.0636726572136061,fraction,3360.5131896185126,52777.96367669749,,local_source_exploratory,False,"Length shares of the same M1 universe; source codes, not SP categories"
CHI,26,CHI:26,M6,road_share_code_2,0.07176187850146448,fraction,3787.4458169218706,52777.96367669749,,local_source_exploratory,False,"Length shares of the same M1 universe; source codes, not SP categories"
CHI,26,CHI:26,M6,road_share_code_3,0.14554784271872676,fraction,7681.718756230639,52777.96367669749,,local_source_exploratory,False,"Length shares of the same M1 universe; source codes, not SP categories"
CHI,26,CHI:26,M6,road_share_code_4,0.693957275404793,fraction,36625.65187449412,52777.96367669749,,local_source_exploratory,False,"Length shares of the same M1 universe; source codes, not SP categories"
CHI,26,CHI:26,M6,road_share_code_7,0.0,fraction,0.0,52777.96367669749,,local_source_exploratory,False,"Length shares of the same M1 universe; source codes, not SP categories"
CHI,26,CHI:26,M6,road_share_code_9,0.025060346161409647,fraction,1322.6340394323436,52777.96367669749,,local_source_exploratory,False,"Length shares of the same M1 universe; source codes, not SP categories"
CHI,26,CHI:26,M6,road_share_code_99,0.0,fraction,0.0,52777.96367669749,,local_source_exploratory,False,"Length shares of the same M1 universe; source codes, not SP categories"
CHI,27,CHI:27,M1,street_density_municipal_km_km2,14.728226991562675,km/km2,73.67456660640165,5.002269903132769,639.0,local_source_exploratory,False,"Exploratory source-code universe. N selected, other status codes withheld pending documentation. Code 4 retained by code without asserting its label. Named alleys, sidewalks, river and extent lines excluded. Not equivalent to SP municipal or proposed shared Overture network."
CHI,27,CHI:27,M6,road_share_code_1,0.06576909754848043,fraction,4845.509757978449,73674.56660640166,,local_source_exploratory,False,"Length shares of the same M1 universe; source codes, not SP categories"
CHI,27,CHI:27,M6,road_share_code_2,0.061796179901619286,fraction,4552.806772183029,73674.56660640166,,local_source_exploratory,False,"Length shares of the same M1 universe; source codes, not SP categories"
CHI,27,CHI:27,M6,road_share_code_3,0.2035585182351466,fraction,14997.085610015734,73674.56660640166,,local_source_exploratory,False,"Length shares of the same M1 universe; source codes, not SP categories"
CHI,27,CHI:27,M6,road_share_code_4,0.6389793879798599,fraction,47076.52947983995,73674.56660640166,,local_source_exploratory,False,"Length shares of the same M1 universe; source codes, not SP categories"
CHI,27,CHI:27,M6,road_share_code_7,0.0,fraction,0.0,73674.56660640166,,local_source_exploratory,False,"Length shares of the same M1 universe; source codes, not SP categories"
CHI,27,CHI:27,M6,road_share_code_9,0.029896816334893904,fraction,2202.634986384498,73674.56660640166,,local_source_exploratory,False,"Length shares of the same M1 universe; source codes, not SP categories"
CHI,27,CHI:27,M6,road_share_code_99,0.0,fraction,0.0,73674.56660640166,,local_source_exploratory,False,"Length shares of the same M1 universe; source codes, not SP categories"
CHI,28,CHI:28,M1,street_density_municipal_km_km2,14.47369544905029,km/km2,212.95768058813792,14.713428325045447,2352.0,local_source_exploratory,False,"Exploratory source-code universe. N selected, other status codes withheld pending documentation. Code 4 retained by code without asserting its label. Named alleys, sidewalks, river and extent lines excluded. Not equivalent to SP municipal or proposed shared Overture network."
CHI,28,CHI:28,M6,road_share_code_1,0.07341142357121433,fraction,15633.52649239916,212957.6805881379,,local_source_exploratory,False,"Length shares of the same M1 universe; source codes, not SP categories"
CHI,28,CHI:28,M6,road_share_code_2,0.0883806608822619,fraction,18821.340550333265,212957.6805881379,,local_source_exploratory,False,"Length shares of the same M1 universe; source codes, not SP categories"
CHI,28,CHI:28,M6,road_share_code_3,0.1175391036913029,fraction,25030.854900508504,212957.6805881379,,local_source_exploratory,False,"Length shares of the same M1 universe; source codes, not SP categories"
CHI,28,CHI:28,M6,road_share_code_4,0.6429396209108521,fraction,136918.93042739172,212957.6805881379,,local_source_exploratory,False,"Length shares of the same M1 universe; source codes, not SP categories"
CHI,28,CHI:28,M6,road_share_code_7,0.0,fraction,0.0,212957.6805881379,,local_source_exploratory,False,"Length shares of the same M1 universe; source codes, not SP categories"
CHI,28,CHI:28,M6,road_share_code_9,0.0777291909443688,fraction,16553.02821750527,212957.6805881379,,local_source_exploratory,False,"Length shares of the same M1 universe; source codes, not SP categories"
CHI,28,CHI:28,M6,road_share_code_99,0.0,fraction,0.0,212957.6805881379,,local_source_exploratory,False,"Length shares of the same M1 universe; source codes, not SP categories"
CHI,29,CHI:29,M1,street_density_municipal_km_km2,13.14929964615449,km/km2,109.23968051307638,8.307642494482472,991.0,local_source_exploratory,False,"Exploratory source-code universe. N selected, other status codes withheld pending documentation. Code 4 retained by code without asserting its label. Named alleys, sidewalks, river and extent lines excluded. Not equivalent to SP municipal or proposed shared Overture network."
CHI,29,CHI:29,M6,road_share_code_1,0.0,fraction,0.0,109239.68051307638,,local_source_exploratory,False,"Length shares of the same M1 universe; source codes, not SP categories"
CHI,29,CHI:29,M6,road_share_code_2,0.09346404973887737,fraction,10209.982932933244,109239.68051307638,,local_source_exploratory,False,"Length shares of the same M1 universe; source codes, not SP categories"
CHI,29,CHI:29,M6,road_share_code_3,0.19738163449203136,fraction,21561.906691058324,109239.68051307638,,local_source_exploratory,False,"Length shares of the same M1 universe; source codes, not SP categories"
CHI,29,CHI:29,M6,road_share_code_4,0.709154315769091,fraction,77467.79088908479,109239.68051307638,,local_source_exploratory,False,"Length shares of the same M1 universe; source codes, not SP categories"
CHI,29,CHI:29,M6,road_share_code_7,0.0,fraction,0.0,109239.68051307638,,local_source_exploratory,False,"Length shares of the same M1 universe; source codes, not SP categories"
CHI,29,CHI:29,M6,road_share_code_9,0.0,fraction,0.0,109239.68051307638,,local_source_exploratory,False,"Length shares of the same M1 universe; source codes, not SP categories"
CHI,29,CHI:29,M6,road_share_code_99,0.0,fraction,0.0,109239.68051307638,,local_source_exploratory,False,"Length shares of the same M1 universe; source codes, not SP categories"
CHI,30,CHI:30,M1,street_density_municipal_km_km2,8.984723788092403,km/km2,106.76381917665634,11.882815954581945,861.0,local_source_exploratory,False,"Exploratory source-code universe. N selected, other status codes withheld pending documentation. Code 4 retained by code without asserting its label. Named alleys, sidewalks, river and extent lines excluded. Not equivalent to SP municipal or proposed shared Overture network."
CHI,30,CHI:30,M6,road_share_code_1,0.039903677495211655,fraction,4260.269008582388,106763.81917665634,,local_source_exploratory,False,"Length shares of the same M1 universe; source codes, not SP categories"
CHI,30,CHI:30,M6,road_share_code_2,0.11100739868690117,fraction,11851.573840679315,106763.81917665634,,local_source_exploratory,False,"Length shares of the same M1 universe; source codes, not SP categories"
CHI,30,CHI:30,M6,road_share_code_3,0.08987328577499872,fraction,9595.215231293923,106763.81917665634,,local_source_exploratory,False,"Length shares of the same M1 universe; source codes, not SP categories"
CHI,30,CHI:30,M6,road_share_code_4,0.7373327853821381,fraction,78720.46417155895,106763.81917665634,,local_source_exploratory,False,"Length shares of the same M1 universe; source codes, not SP categories"
CHI,30,CHI:30,M6,road_share_code_7,0.0,fraction,0.0,106763.81917665634,,local_source_exploratory,False,"Length shares of the same M1 universe; source codes, not SP categories"
CHI,30,CHI:30,M6,road_share_code_9,0.021882852660750338,fraction,2336.296924541762,106763.81917665634,,local_source_exploratory,False,"Length shares of the same M1 universe; source codes, not SP categories"
CHI,30,CHI:30,M6,road_share_code_99,0.0,fraction,0.0,106763.81917665634,,local_source_exploratory,False,"Length shares of the same M1 universe; source codes, not SP categories"
CHI,31,CHI:31,M1,street_density_municipal_km_km2,11.003834732896733,km/km2,83.30631573587858,7.5706622062242115,856.0,local_source_exploratory,False,"Exploratory source-code universe. N selected, other status codes withheld pending documentation. Code 4 retained by code without asserting its label. Named alleys, sidewalks, river and extent lines excluded. Not equivalent to SP municipal or proposed shared Overture network."
CHI,31,CHI:31,M6,road_share_code_1,0.05291616389314439,fraction,4408.250656813784,83306.31573587858,,local_source_exploratory,False,"Length shares of the same M1 universe; source codes, not SP categories"
CHI,31,CHI:31,M6,road_share_code_2,0.13589322036839196,fraction,11320.763522374587,83306.31573587858,,local_source_exploratory,False,"Length shares of the same M1 universe; source codes, not SP categories"
CHI,31,CHI:31,M6,road_share_code_3,0.11508168893731358,fraction,9587.03151403001,83306.31573587858,,local_source_exploratory,False,"Length shares of the same M1 universe; source codes, not SP categories"
CHI,31,CHI:31,M6,road_share_code_4,0.6352881428334543,fraction,52923.51461014367,83306.31573587858,,local_source_exploratory,False,"Length shares of the same M1 universe; source codes, not SP categories"
CHI,31,CHI:31,M6,road_share_code_7,0.0,fraction,0.0,83306.31573587858,,local_source_exploratory,False,"Length shares of the same M1 universe; source codes, not SP categories"
CHI,31,CHI:31,M6,road_share_code_9,0.06082078396769575,fraction,5066.755432516525,83306.31573587858,,local_source_exploratory,False,"Length shares of the same M1 universe; source codes, not SP categories"
CHI,31,CHI:31,M6,road_share_code_99,0.0,fraction,0.0,83306.31573587858,,local_source_exploratory,False,"Length shares of the same M1 universe; source codes, not SP categories"
CHI,32,CHI:32,M1,street_density_municipal_km_km2,16.183073082897625,km/km2,69.61025002044695,4.301423448060153,758.0,local_source_exploratory,False,"Exploratory source-code universe. N selected, other status codes withheld pending documentation. Code 4 retained by code without asserting its label. Named alleys, sidewalks, river and extent lines excluded. Not equivalent to SP municipal or proposed shared Overture network."
CHI,32,CHI:32,M6,road_share_code_1,0.07840501049399669,fraction,5457.792383342877,69610.25002044695,,local_source_exploratory,False,"Length shares of the same M1 universe; source codes, not SP categories"
CHI,32,CHI:32,M6,road_share_code_2,0.05719010132855954,fraction,3981.017252175725,69610.25002044695,,local_source_exploratory,False,"Length shares of the same M1 universe; source codes, not SP categories"
CHI,32,CHI:32,M6,road_share_code_3,0.1389788969409348,fraction,9674.355763624402,69610.25002044695,,local_source_exploratory,False,"Length shares of the same M1 universe; source codes, not SP categories"
CHI,32,CHI:32,M6,road_share_code_4,0.5184552745533774,fraction,36089.801286080066,69610.25002044695,,local_source_exploratory,False,"Length shares of the same M1 universe; source codes, not SP categories"
CHI,32,CHI:32,M6,road_share_code_7,0.17564046746755807,fraction,12226.376854124897,69610.25002044695,,local_source_exploratory,False,"Length shares of the same M1 universe; source codes, not SP categories"
CHI,32,CHI:32,M6,road_share_code_9,0.031330249215573557,fraction,2180.9064810989876,69610.25002044695,,local_source_exploratory,False,"Length shares of the same M1 universe; source codes, not SP categories"
CHI,32,CHI:32,M6,road_share_code_99,0.0,fraction,0.0,69610.25002044695,,local_source_exploratory,False,"Length shares of the same M1 universe; source codes, not SP categories"
CHI,33,CHI:33,M1,street_density_municipal_km_km2,11.276512225770093,km/km2,52.0998005593754,4.620205212061252,520.0,local_source_exploratory,False,"Exploratory source-code universe. N selected, other status codes withheld pending documentation. Code 4 retained by code without asserting its label. Named alleys, sidewalks, river and extent lines excluded. Not equivalent to SP municipal or proposed shared Overture network."
CHI,33,CHI:33,M6,road_share_code_1,0.17598111919974416,fraction,9168.58121252234,52099.800559375406,,local_source_exploratory,False,"Length shares of the same M1 universe; source codes, not SP categories"
CHI,33,CHI:33,M6,road_share_code_2,0.07251334425362907,fraction,3777.930773507405,52099.800559375406,,local_source_exploratory,False,"Length shares of the same M1 universe; source codes, not SP categories"
CHI,33,CHI:33,M6,road_share_code_3,0.16651068471058583,fraction,8675.173464426562,52099.800559375406,,local_source_exploratory,False,"Length shares of the same M1 universe; source codes, not SP categories"
CHI,33,CHI:33,M6,road_share_code_4,0.482784779169068,fraction,25152.99070781054,52099.800559375406,,local_source_exploratory,False,"Length shares of the same M1 universe; source codes, not SP categories"
CHI,33,CHI:33,M6,road_share_code_7,0.0,fraction,0.0,52099.800559375406,,local_source_exploratory,False,"Length shares of the same M1 universe; source codes, not SP categories"
CHI,33,CHI:33,M6,road_share_code_9,0.10221007266697306,fraction,5325.124401108564,52099.800559375406,,local_source_exploratory,False,"Length shares of the same M1 universe; source codes, not SP categories"
CHI,33,CHI:33,M6,road_share_code_99,0.0,fraction,0.0,52099.800559375406,,local_source_exploratory,False,"Length shares of the same M1 universe; source codes, not SP categories"
CHI,34,CHI:34,M1,street_density_municipal_km_km2,21.010818452675544,km/km2,54.15752434201225,2.5776018418319047,636.0,local_source_exploratory,False,"Exploratory source-code universe. N selected, other status codes withheld pending documentation. Code 4 retained by code without asserting its label. Named alleys, sidewalks, river and extent lines excluded. Not equivalent to SP municipal or proposed shared Overture network."
CHI,34,CHI:34,M6,road_share_code_1,0.25209138214033244,fraction,13652.645164676567,54157.52434201225,,local_source_exploratory,False,"Length shares of the same M1 universe; source codes, not SP categories"
CHI,34,CHI:34,M6,road_share_code_2,0.033467727495601785,fraction,1812.5292665148863,54157.52434201225,,local_source_exploratory,False,"Length shares of the same M1 universe; source codes, not SP categories"
CHI,34,CHI:34,M6,road_share_code_3,0.07118110754912076,fraction,3854.9925647828995,54157.52434201225,,local_source_exploratory,False,"Length shares of the same M1 universe; source codes, not SP categories"
CHI,34,CHI:34,M6,road_share_code_4,0.4376213791082713,fraction,23700.490491641176,54157.52434201225,,local_source_exploratory,False,"Length shares of the same M1 universe; source codes, not SP categories"
CHI,34,CHI:34,M6,road_share_code_7,0.0,fraction,0.0,54157.52434201225,,local_source_exploratory,False,"Length shares of the same M1 universe; source codes, not SP categories"
CHI,34,CHI:34,M6,road_share_code_9,0.20563840370667372,fraction,11136.866854396723,54157.52434201225,,local_source_exploratory,False,"Length shares of the same M1 universe; source codes, not SP categories"
CHI,34,CHI:34,M6,road_share_code_99,0.0,fraction,0.0,54157.52434201225,,local_source_exploratory,False,"Length shares of the same M1 universe; source codes, not SP categories"
CHI,35,CHI:35,M1,street_density_municipal_km_km2,12.196122281012856,km/km2,52.08583942894592,4.270688521222364,503.0,local_source_exploratory,False,"Exploratory source-code universe. N selected, other status codes withheld pending documentation. Code 4 retained by code without asserting its label. Named alleys, sidewalks, river and extent lines excluded. Not equivalent to SP municipal or proposed shared Overture network."
CHI,35,CHI:35,M6,road_share_code_1,0.06258802910763095,fraction,3259.9500342742585,52085.83942894592,,local_source_exploratory,False,"Length shares of the same M1 universe; source codes, not SP categories"
CHI,35,CHI:35,M6,road_share_code_2,0.14167293643959056,fraction,7379.153818819775,52085.83942894592,,local_source_exploratory,False,"Length shares of the same M1 universe; source codes, not SP categories"
CHI,35,CHI:35,M6,road_share_code_3,0.17812291192644755,fraction,9277.681389217223,52085.83942894592,,local_source_exploratory,False,"Length shares of the same M1 universe; source codes, not SP categories"
CHI,35,CHI:35,M6,road_share_code_4,0.5879208270550368,fraction,30622.34979492173,52085.83942894592,,local_source_exploratory,False,"Length shares of the same M1 universe; source codes, not SP categories"
CHI,35,CHI:35,M6,road_share_code_7,0.0,fraction,0.0,52085.83942894592,,local_source_exploratory,False,"Length shares of the same M1 universe; source codes, not SP categories"
CHI,35,CHI:35,M6,road_share_code_9,0.02969529547129416,fraction,1546.7043917129324,52085.83942894592,,local_source_exploratory,False,"Length shares of the same M1 universe; source codes, not SP categories"
CHI,35,CHI:35,M6,road_share_code_99,0.0,fraction,0.0,52085.83942894592,,local_source_exploratory,False,"Length shares of the same M1 universe; source codes, not SP categories"
CHI,36,CHI:36,M1,street_density_municipal_km_km2,12.197560431838134,km/km2,19.151892678732512,1.5701412414192386,196.0,local_source_exploratory,False,"Exploratory source-code universe. N selected, other status codes withheld pending documentation. Code 4 retained by code without asserting its label. Named alleys, sidewalks, river and extent lines excluded. Not equivalent to SP municipal or proposed shared Overture network."
CHI,36,CHI:36,M6,road_share_code_1,0.19264239186341922,fraction,3689.466414342538,19151.89267873251,,local_source_exploratory,False,"Length shares of the same M1 universe; source codes, not SP categories"
CHI,36,CHI:36,M6,road_share_code_2,0.10529488642436274,fraction,2016.596364418724,19151.89267873251,,local_source_exploratory,False,"Length shares of the same M1 universe; source codes, not SP categories"
CHI,36,CHI:36,M6,road_share_code_3,0.1017147165944366,fraction,1948.0293360643425,19151.89267873251,,local_source_exploratory,False,"Length shares of the same M1 universe; source codes, not SP categories"
CHI,36,CHI:36,M6,road_share_code_4,0.5410947310005154,fraction,10362.988217149508,19151.89267873251,,local_source_exploratory,False,"Length shares of the same M1 universe; source codes, not SP categories"
CHI,36,CHI:36,M6,road_share_code_7,0.0,fraction,0.0,19151.89267873251,,local_source_exploratory,False,"Length shares of the same M1 universe; source codes, not SP categories"
CHI,36,CHI:36,M6,road_share_code_9,0.059253274117265824,fraction,1134.812346757394,19151.89267873251,,local_source_exploratory,False,"Length shares of the same M1 universe; source codes, not SP categories"
CHI,36,CHI:36,M6,road_share_code_99,0.0,fraction,0.0,19151.89267873251,,local_source_exploratory,False,"Length shares of the same M1 universe; source codes, not SP categories"
CHI,37,CHI:37,M1,street_density_municipal_km_km2,21.508602011151606,km/km2,39.767547342661445,1.8489136263734431,386.0,local_source_exploratory,False,"Exploratory source-code universe. N selected, other status codes withheld pending documentation. Code 4 retained by code without asserting its label. Named alleys, sidewalks, river and extent lines excluded. Not equivalent to SP municipal or proposed shared Overture network."
CHI,37,CHI:37,M6,road_share_code_1,0.327824232026597,fraction,13036.765667189327,39767.54734266145,,local_source_exploratory,False,"Length shares of the same M1 universe; source codes, not SP categories"
CHI,37,CHI:37,M6,road_share_code_2,0.03004724330771106,fraction,1194.905170755867,39767.54734266145,,local_source_exploratory,False,"Length shares of the same M1 universe; source codes, not SP categories"
CHI,37,CHI:37,M6,road_share_code_3,0.028691100358204838,fraction,1140.9746918079618,39767.54734266145,,local_source_exploratory,False,"Length shares of the same M1 universe; source codes, not SP categories"
CHI,37,CHI:37,M6,road_share_code_4,0.4723082084487124,fraction,18782.53903981178,39767.54734266145,,local_source_exploratory,False,"Length shares of the same M1 universe; source codes, not SP categories"
CHI,37,CHI:37,M6,road_share_code_7,0.0,fraction,0.0,39767.54734266145,,local_source_exploratory,False,"Length shares of the same M1 universe; source codes, not SP categories"
CHI,37,CHI:37,M6,road_share_code_9,0.1411292158587748,fraction,5612.362773096514,39767.54734266145,,local_source_exploratory,False,"Length shares of the same M1 universe; source codes, not SP categories"
CHI,37,CHI:37,M6,road_share_code_99,0.0,fraction,0.0,39767.54734266145,,local_source_exploratory,False,"Length shares of the same M1 universe; source codes, not SP categories"
CHI,38,CHI:38,M1,street_density_municipal_km_km2,13.823644067146434,km/km2,62.22908531056682,4.501641174230013,539.0,local_source_exploratory,False,"Exploratory source-code universe. N selected, other status codes withheld pending documentation. Code 4 retained by code without asserting its label. Named alleys, sidewalks, river and extent lines excluded. Not equivalent to SP municipal or proposed shared Overture network."
CHI,38,CHI:38,M6,road_share_code_1,0.0,fraction,0.0,62229.08531056682,,local_source_exploratory,False,"Length shares of the same M1 universe; source codes, not SP categories"
CHI,38,CHI:38,M6,road_share_code_2,0.10475497688383843,fraction,6518.806393210837,62229.08531056682,,local_source_exploratory,False,"Length shares of the same M1 universe; source codes, not SP categories"
CHI,38,CHI:38,M6,road_share_code_3,0.1498101252995993,fraction,9322.54706765547,62229.08531056682,,local_source_exploratory,False,"Length shares of the same M1 universe; source codes, not SP categories"
CHI,38,CHI:38,M6,road_share_code_4,0.7454348978165624,fraction,46387.73184970052,62229.08531056682,,local_source_exploratory,False,"Length shares of the same M1 universe; source codes, not SP categories"
CHI,38,CHI:38,M6,road_share_code_7,0.0,fraction,0.0,62229.08531056682,,local_source_exploratory,False,"Length shares of the same M1 universe; source codes, not SP categories"
CHI,38,CHI:38,M6,road_share_code_9,0.0,fraction,0.0,62229.08531056682,,local_source_exploratory,False,"Length shares of the same M1 universe; source codes, not SP categories"
CHI,38,CHI:38,M6,road_share_code_99,0.0,fraction,0.0,62229.08531056682,,local_source_exploratory,False,"Length shares of the same M1 universe; source codes, not SP categories"
CHI,39,CHI:39,M1,street_density_municipal_km_km2,11.555500556081723,km/km2,31.18543623803182,2.698752519346187,261.0,local_source_exploratory,False,"Exploratory source-code universe. N selected, other status codes withheld pending documentation. Code 4 retained by code without asserting its label. Named alleys, sidewalks, river and extent lines excluded. Not equivalent to SP municipal or proposed shared Overture network."
CHI,39,CHI:39,M6,road_share_code_1,0.12743431468860267,fraction,3974.0946952587,31185.43623803182,,local_source_exploratory,False,"Length shares of the same M1 universe; source codes, not SP categories"
CHI,39,CHI:39,M6,road_share_code_2,0.04915949429653436,fraction,1533.060274878461,31185.43623803182,,local_source_exploratory,False,"Length shares of the same M1 universe; source codes, not SP categories"
CHI,39,CHI:39,M6,road_share_code_3,0.21969569525833982,fraction,6851.306096249026,31185.43623803182,,local_source_exploratory,False,"Length shares of the same M1 universe; source codes, not SP categories"
CHI,39,CHI:39,M6,road_share_code_4,0.5526088157351714,fraction,17233.346987683464,31185.43623803182,,local_source_exploratory,False,"Length shares of the same M1 universe; source codes, not SP categories"
CHI,39,CHI:39,M6,road_share_code_7,0.0,fraction,0.0,31185.43623803182,,local_source_exploratory,False,"Length shares of the same M1 universe; source codes, not SP categories"
CHI,39,CHI:39,M6,road_share_code_9,0.05110168002135177,fraction,1593.6281839621702,31185.43623803182,,local_source_exploratory,False,"Length shares of the same M1 universe; source codes, not SP categories"
CHI,39,CHI:39,M6,road_share_code_99,0.0,fraction,0.0,31185.43623803182,,local_source_exploratory,False,"Length shares of the same M1 universe; source codes, not SP categories"
CHI,40,CHI:40,M1,street_density_municipal_km_km2,10.223649322324544,km/km2,40.21614805935032,3.9336392311044563,360.0,local_source_exploratory,False,"Exploratory source-code universe. N selected, other status codes withheld pending documentation. Code 4 retained by code without asserting its label. Named alleys, sidewalks, river and extent lines excluded. Not equivalent to SP municipal or proposed shared Overture network."
CHI,40,CHI:40,M6,road_share_code_1,0.0,fraction,0.0,40216.148059350315,,local_source_exploratory,False,"Length shares of the same M1 universe; source codes, not SP categories"
CHI,40,CHI:40,M6,road_share_code_2,0.17861117063938617,fraction,7183.0532834874375,40216.148059350315,,local_source_exploratory,False,"Length shares of the same M1 universe; source codes, not SP categories"
CHI,40,CHI:40,M6,road_share_code_3,0.17451888057485354,fraction,7018.4771403503855,40216.148059350315,,local_source_exploratory,False,"Length shares of the same M1 universe; source codes, not SP categories"
CHI,40,CHI:40,M6,road_share_code_4,0.6468699487857604,fraction,26014.617635512495,40216.148059350315,,local_source_exploratory,False,"Length shares of the same M1 universe; source codes, not SP categories"
CHI,40,CHI:40,M6,road_share_code_7,0.0,fraction,0.0,40216.148059350315,,local_source_exploratory,False,"Length shares of the same M1 universe; source codes, not SP categories"
CHI,40,CHI:40,M6,road_share_code_9,0.0,fraction,0.0,40216.148059350315,,local_source_exploratory,False,"Length shares of the same M1 universe; source codes, not SP categories"
CHI,40,CHI:40,M6,road_share_code_99,0.0,fraction,0.0,40216.148059350315,,local_source_exploratory,False,"Length shares of the same M1 universe; source codes, not SP categories"
CHI,41,CHI:41,M1,street_density_municipal_km_km2,11.741752439040797,km/km2,49.16459935466347,4.187160273554516,441.0,local_source_exploratory,False,"Exploratory source-code universe. N selected, other status codes withheld pending documentation. Code 4 retained by code without asserting its label. Named alleys, sidewalks, river and extent lines excluded. Not equivalent to SP municipal or proposed shared Overture network."
CHI,41,CHI:41,M6,road_share_code_1,0.06359379755248212,fraction,3126.563578109362,49164.59935466347,,local_source_exploratory,False,"Length shares of the same M1 universe; source codes, not SP categories"
CHI,41,CHI:41,M6,road_share_code_2,0.0670544033282654,fraction,3296.702874600181,49164.59935466347,,local_source_exploratory,False,"Length shares of the same M1 universe; source codes, not SP categories"
CHI,41,CHI:41,M6,road_share_code_3,0.11621464869070684,fraction,5713.6466420215675,49164.59935466347,,local_source_exploratory,False,"Length shares of the same M1 universe; source codes, not SP categories"
CHI,41,CHI:41,M6,road_share_code_4,0.7508118186591314,fraction,36913.36225512244,49164.59935466347,,local_source_exploratory,False,"Length shares of the same M1 universe; source codes, not SP categories"
CHI,41,CHI:41,M6,road_share_code_7,0.0,fraction,0.0,49164.59935466347,,local_source_exploratory,False,"Length shares of the same M1 universe; source codes, not SP categories"
CHI,41,CHI:41,M6,road_share_code_9,0.00232533176941427,fraction,114.3240048099233,49164.59935466347,,local_source_exploratory,False,"Length shares of the same M1 universe; source codes, not SP categories"
CHI,41,CHI:41,M6,road_share_code_99,0.0,fraction,0.0,49164.59935466347,,local_source_exploratory,False,"Length shares of the same M1 universe; source codes, not SP categories"
CHI,42,CHI:42,M1,street_density_municipal_km_km2,11.324653941363211,km/km2,60.77970160216423,5.367025069098742,506.0,local_source_exploratory,False,"Exploratory source-code universe. N selected, other status codes withheld pending documentation. Code 4 retained by code without asserting its label. Named alleys, sidewalks, river and extent lines excluded. Not equivalent to SP municipal or proposed shared Overture network."
CHI,42,CHI:42,M6,road_share_code_1,0.01058780979161356,fraction,643.5239197547448,60779.701602164234,,local_source_exploratory,False,"Length shares of the same M1 universe; source codes, not SP categories"
CHI,42,CHI:42,M6,road_share_code_2,0.10320122570893997,fraction,6272.539703566971,60779.701602164234,,local_source_exploratory,False,"Length shares of the same M1 universe; source codes, not SP categories"
CHI,42,CHI:42,M6,road_share_code_3,0.24046721402025578,fraction,14615.52551325491,60779.701602164234,,local_source_exploratory,False,"Length shares of the same M1 universe; source codes, not SP categories"
CHI,42,CHI:42,M6,road_share_code_4,0.6457437504791906,fraction,39248.112465587605,60779.701602164234,,local_source_exploratory,False,"Length shares of the same M1 universe; source codes, not SP categories"
CHI,42,CHI:42,M6,road_share_code_7,0.0,fraction,0.0,60779.701602164234,,local_source_exploratory,False,"Length shares of the same M1 universe; source codes, not SP categories"
CHI,42,CHI:42,M6,road_share_code_9,0.0,fraction,0.0,60779.701602164234,,local_source_exploratory,False,"Length shares of the same M1 universe; source codes, not SP categories"
CHI,42,CHI:42,M6,road_share_code_99,0.0,fraction,0.0,60779.701602164234,,local_source_exploratory,False,"Length shares of the same M1 universe; source codes, not SP categories"
CHI,43,CHI:43,M1,street_density_municipal_km_km2,14.040109236518212,km/km2,106.62981950720612,7.594657399805894,956.0,local_source_exploratory,False,"Exploratory source-code universe. N selected, other status codes withheld pending documentation. Code 4 retained by code without asserting its label. Named alleys, sidewalks, river and extent lines excluded. Not equivalent to SP municipal or proposed shared Overture network."
CHI,43,CHI:43,M6,road_share_code_1,0.0,fraction,0.0,106629.81950720612,,local_source_exploratory,False,"Length shares of the same M1 universe; source codes, not SP categories"
CHI,43,CHI:43,M6,road_share_code_2,0.1353628099318991,fraction,14433.711991026648,106629.81950720612,,local_source_exploratory,False,"Length shares of the same M1 universe; source codes, not SP categories"
CHI,43,CHI:43,M6,road_share_code_3,0.10971622624257525,fraction,11699.02140125759,106629.81950720612,,local_source_exploratory,False,"Length shares of the same M1 universe; source codes, not SP categories"
CHI,43,CHI:43,M6,road_share_code_4,0.7492328288846393,fraction,79890.56131284253,106629.81950720612,,local_source_exploratory,False,"Length shares of the same M1 universe; source codes, not SP categories"
CHI,43,CHI:43,M6,road_share_code_7,0.0,fraction,0.0,106629.81950720612,,local_source_exploratory,False,"Length shares of the same M1 universe; source codes, not SP categories"
CHI,43,CHI:43,M6,road_share_code_9,0.005688134940886313,fraction,606.5248020793401,106629.81950720612,,local_source_exploratory,False,"Length shares of the same M1 universe; source codes, not SP categories"
CHI,43,CHI:43,M6,road_share_code_99,0.0,fraction,0.0,106629.81950720612,,local_source_exploratory,False,"Length shares of the same M1 universe; source codes, not SP categories"
CHI,44,CHI:44,M1,street_density_municipal_km_km2,12.97667927644779,km/km2,99.16726732069907,7.641960258714579,805.0,local_source_exploratory,False,"Exploratory source-code universe. N selected, other status codes withheld pending documentation. Code 4 retained by code without asserting its label. Named alleys, sidewalks, river and extent lines excluded. Not equivalent to SP municipal or proposed shared Overture network."
CHI,44,CHI:44,M6,road_share_code_1,0.0490664768121384,fraction,4865.788422514212,99167.26732069907,,local_source_exploratory,False,"Length shares of the same M1 universe; source codes, not SP categories"
CHI,44,CHI:44,M6,road_share_code_2,0.10758133490442176,fraction,10668.546997184447,99167.26732069907,,local_source_exploratory,False,"Length shares of the same M1 universe; source codes, not SP categories"
CHI,44,CHI:44,M6,road_share_code_3,0.0665254686289591,fraction,6597.148931162767,99167.26732069907,,local_source_exploratory,False,"Length shares of the same M1 universe; source codes, not SP categories"
CHI,44,CHI:44,M6,road_share_code_4,0.7525093881932979,fraction,74624.29966030049,99167.26732069907,,local_source_exploratory,False,"Length shares of the same M1 universe; source codes, not SP categories"
CHI,44,CHI:44,M6,road_share_code_7,0.0,fraction,0.0,99167.26732069907,,local_source_exploratory,False,"Length shares of the same M1 universe; source codes, not SP categories"
CHI,44,CHI:44,M6,road_share_code_9,0.024317331461182944,fraction,2411.4833095371746,99167.26732069907,,local_source_exploratory,False,"Length shares of the same M1 universe; source codes, not SP categories"
CHI,44,CHI:44,M6,road_share_code_99,0.0,fraction,0.0,99167.26732069907,,local_source_exploratory,False,"Length shares of the same M1 universe; source codes, not SP categories"
CHI,45,CHI:45,M1,street_density_municipal_km_km2,15.79622092560474,km/km2,51.10697035089856,3.2353922239753676,495.0,local_source_exploratory,False,"Exploratory source-code universe. N selected, other status codes withheld pending documentation. Code 4 retained by code without asserting its label. Named alleys, sidewalks, river and extent lines excluded. Not equivalent to SP municipal or proposed shared Overture network."
CHI,45,CHI:45,M6,road_share_code_1,0.12327567406481786,fraction,6300.246219417681,51106.970350898555,,local_source_exploratory,False,"Length shares of the same M1 universe; source codes, not SP categories"
CHI,45,CHI:45,M6,road_share_code_2,0.12486674137631659,fraction,6381.56084933273,51106.970350898555,,local_source_exploratory,False,"Length shares of the same M1 universe; source codes, not SP categories"
CHI,45,CHI:45,M6,road_share_code_3,0.1351898872099503,fraction,6909.145557380249,51106.970350898555,,local_source_exploratory,False,"Length shares of the same M1 universe; source codes, not SP categories"
CHI,45,CHI:45,M6,road_share_code_4,0.5913223897477267,fraction,30220.695840659544,51106.970350898555,,local_source_exploratory,False,"Length shares of the same M1 universe; source codes, not SP categories"
CHI,45,CHI:45,M6,road_share_code_7,0.0,fraction,0.0,51106.970350898555,,local_source_exploratory,False,"Length shares of the same M1 universe; source codes, not SP categories"
CHI,45,CHI:45,M6,road_share_code_9,0.025345307601188607,fraction,1295.3218841083499,51106.970350898555,,local_source_exploratory,False,"Length shares of the same M1 universe; source codes, not SP categories"
CHI,45,CHI:45,M6,road_share_code_99,0.0,fraction,0.0,51106.970350898555,,local_source_exploratory,False,"Length shares of the same M1 universe; source codes, not SP categories"
CHI,46,CHI:46,M1,street_density_municipal_km_km2,9.795989037554966,km/km2,84.81713417086665,8.658353316413738,720.0,local_source_exploratory,False,"Exploratory source-code universe. N selected, other status codes withheld pending documentation. Code 4 retained by code without asserting its label. Named alleys, sidewalks, river and extent lines excluded. Not equivalent to SP municipal or proposed shared Overture network."
CHI,46,CHI:46,M6,road_share_code_1,0.0,fraction,0.0,84817.13417086666,,local_source_exploratory,False,"Length shares of the same M1 universe; source codes, not SP categories"
CHI,46,CHI:46,M6,road_share_code_2,0.055960088187415,fraction,4746.374308005508,84817.13417086666,,local_source_exploratory,False,"Length shares of the same M1 universe; source codes, not SP categories"
CHI,46,CHI:46,M6,road_share_code_3,0.09912108141575025,fraction,8407.166061601087,84817.13417086666,,local_source_exploratory,False,"Length shares of the same M1 universe; source codes, not SP categories"
CHI,46,CHI:46,M6,road_share_code_4,0.8449188303968346,fraction,71663.59380126005,84817.13417086666,,local_source_exploratory,False,"Length shares of the same M1 universe; source codes, not SP categories"
CHI,46,CHI:46,M6,road_share_code_7,0.0,fraction,0.0,84817.13417086666,,local_source_exploratory,False,"Length shares of the same M1 universe; source codes, not SP categories"
CHI,46,CHI:46,M6,road_share_code_9,0.0,fraction,0.0,84817.13417086666,,local_source_exploratory,False,"Length shares of the same M1 universe; source codes, not SP categories"
CHI,46,CHI:46,M6,road_share_code_99,0.0,fraction,0.0,84817.13417086666,,local_source_exploratory,False,"Length shares of the same M1 universe; source codes, not SP categories"
CHI,47,CHI:47,M1,street_density_municipal_km_km2,8.292134821979621,km/km2,13.082919778629789,1.5777504900127082,137.0,local_source_exploratory,False,"Exploratory source-code universe. N selected, other status codes withheld pending documentation. Code 4 retained by code without asserting its label. Named alleys, sidewalks, river and extent lines excluded. Not equivalent to SP municipal or proposed shared Overture network."
CHI,47,CHI:47,M6,road_share_code_1,0.0,fraction,0.0,13082.919778629788,,local_source_exploratory,False,"Length shares of the same M1 universe; source codes, not SP categories"
CHI,47,CHI:47,M6,road_share_code_2,0.11273865868817508,fraction,1474.9508275677188,13082.919778629788,,local_source_exploratory,False,"Length shares of the same M1 universe; source codes, not SP categories"
CHI,47,CHI:47,M6,road_share_code_3,0.0,fraction,0.0,13082.919778629788,,local_source_exploratory,False,"Length shares of the same M1 universe; source codes, not SP categories"
CHI,47,CHI:47,M6,road_share_code_4,0.8872613413118251,fraction,11607.968951062072,13082.919778629788,,local_source_exploratory,False,"Length shares of the same M1 universe; source codes, not SP categories"
CHI,47,CHI:47,M6,road_share_code_7,0.0,fraction,0.0,13082.919778629788,,local_source_exploratory,False,"Length shares of the same M1 universe; source codes, not SP categories"
CHI,47,CHI:47,M6,road_share_code_9,0.0,fraction,0.0,13082.919778629788,,local_source_exploratory,False,"Length shares of the same M1 universe; source codes, not SP categories"
CHI,47,CHI:47,M6,road_share_code_99,0.0,fraction,0.0,13082.919778629788,,local_source_exploratory,False,"Length shares of the same M1 universe; source codes, not SP categories"
CHI,48,CHI:48,M1,street_density_municipal_km_km2,14.256197112897048,km/km2,64.61663405929899,4.532529506122129,576.0,local_source_exploratory,False,"Exploratory source-code universe. N selected, other status codes withheld pending documentation. Code 4 retained by code without asserting its label. Named alleys, sidewalks, river and extent lines excluded. Not equivalent to SP municipal or proposed shared Overture network."
CHI,48,CHI:48,M6,road_share_code_1,0.07188998125454424,fraction,4645.288611254749,64616.63405929899,,local_source_exploratory,False,"Length shares of the same M1 universe; source codes, not SP categories"
CHI,48,CHI:48,M6,road_share_code_2,0.07268762249110287,fraction,4696.829503148065,64616.63405929899,,local_source_exploratory,False,"Length shares of the same M1 universe; source codes, not SP categories"
CHI,48,CHI:48,M6,road_share_code_3,0.08601820466820971,fraction,5558.206853483591,64616.63405929899,,local_source_exploratory,False,"Length shares of the same M1 universe; source codes, not SP categories"
CHI,48,CHI:48,M6,road_share_code_4,0.759930106450701,fraction,49104.12559916907,64616.63405929899,,local_source_exploratory,False,"Length shares of the same M1 universe; source codes, not SP categories"
CHI,48,CHI:48,M6,road_share_code_7,0.0,fraction,0.0,64616.63405929899,,local_source_exploratory,False,"Length shares of the same M1 universe; source codes, not SP categories"
CHI,48,CHI:48,M6,road_share_code_9,0.00947408513544225,fraction,612.183492243516,64616.63405929899,,local_source_exploratory,False,"Length shares of the same M1 universe; source codes, not SP categories"
CHI,48,CHI:48,M6,road_share_code_99,0.0,fraction,0.0,64616.63405929899,,local_source_exploratory,False,"Length shares of the same M1 universe; source codes, not SP categories"
CHI,49,CHI:49,M1,street_density_municipal_km_km2,13.726010085847397,km/km2,171.14411687260747,12.468599090501224,1408.0,local_source_exploratory,False,"Exploratory source-code universe. N selected, other status codes withheld pending documentation. Code 4 retained by code without asserting its label. Named alleys, sidewalks, river and extent lines excluded. Not equivalent to SP municipal or proposed shared Overture network."
CHI,49,CHI:49,M6,road_share_code_1,0.06133040442032868,fraction,10496.337901957013,171144.11687260747,,local_source_exploratory,False,"Length shares of the same M1 universe; source codes, not SP categories"
CHI,49,CHI:49,M6,road_share_code_2,0.10330273953601228,fraction,17679.656128411814,171144.11687260747,,local_source_exploratory,False,"Length shares of the same M1 universe; source codes, not SP categories"
CHI,49,CHI:49,M6,road_share_code_3,0.11108601521010063,fraction,19011.717970029713,171144.11687260747,,local_source_exploratory,False,"Length shares of the same M1 universe; source codes, not SP categories"
CHI,49,CHI:49,M6,road_share_code_4,0.7162634865915348,fraction,122584.28186080295,171144.11687260747,,local_source_exploratory,False,"Length shares of the same M1 universe; source codes, not SP categories"
CHI,49,CHI:49,M6,road_share_code_7,0.0,fraction,0.0,171144.11687260747,,local_source_exploratory,False,"Length shares of the same M1 universe; source codes, not SP categories"
CHI,49,CHI:49,M6,road_share_code_9,0.008017354242023617,fraction,1372.1230114059852,171144.11687260747,,local_source_exploratory,False,"Length shares of the same M1 universe; source codes, not SP categories"
CHI,49,CHI:49,M6,road_share_code_99,0.0,fraction,0.0,171144.11687260747,,local_source_exploratory,False,"Length shares of the same M1 universe; source codes, not SP categories"
CHI,50,CHI:50,M1,street_density_municipal_km_km2,8.78636792272155,km/km2,48.12438781504465,5.477165108303168,435.0,local_source_exploratory,False,"Exploratory source-code universe. N selected, other status codes withheld pending documentation. Code 4 retained by code without asserting its label. Named alleys, sidewalks, river and extent lines excluded. Not equivalent to SP municipal or proposed shared Overture network."
CHI,50,CHI:50,M6,road_share_code_1,0.12925450381513584,fraction,6220.2938684407645,48124.38781504465,,local_source_exploratory,False,"Length shares of the same M1 universe; source codes, not SP categories"
CHI,50,CHI:50,M6,road_share_code_2,0.12161226907815367,fraction,5852.51600018463,48124.38781504465,,local_source_exploratory,False,"Length shares of the same M1 universe; source codes, not SP categories"
CHI,50,CHI:50,M6,road_share_code_3,0.01714373870269688,fraction,825.031929928375,48124.38781504465,,local_source_exploratory,False,"Length shares of the same M1 universe; source codes, not SP categories"
CHI,50,CHI:50,M6,road_share_code_4,0.5501473457457772,fraction,26475.504222087235,48124.38781504465,,local_source_exploratory,False,"Length shares of the same M1 universe; source codes, not SP categories"
CHI,50,CHI:50,M6,road_share_code_7,0.0,fraction,0.0,48124.38781504465,,local_source_exploratory,False,"Length shares of the same M1 universe; source codes, not SP categories"
CHI,50,CHI:50,M6,road_share_code_9,0.1818421426582365,fraction,8751.041794403647,48124.38781504465,,local_source_exploratory,False,"Length shares of the same M1 universe; source codes, not SP categories"
CHI,50,CHI:50,M6,road_share_code_99,0.0,fraction,0.0,48124.38781504465,,local_source_exploratory,False,"Length shares of the same M1 universe; source codes, not SP categories"
CHI,51,CHI:51,M1,street_density_municipal_km_km2,3.3347078684530937,km/km2,94.04336435990554,28.201380171730133,733.0,local_source_exploratory,False,"Exploratory source-code universe. N selected, other status codes withheld pending documentation. Code 4 retained by code without asserting its label. Named alleys, sidewalks, river and extent lines excluded. Not equivalent to SP municipal or proposed shared Overture network."
CHI,51,CHI:51,M6,road_share_code_1,0.07410844409735647,fraction,6969.407410393384,94043.36435990554,,local_source_exploratory,False,"Length shares of the same M1 universe; source codes, not SP categories"
CHI,51,CHI:51,M6,road_share_code_2,0.17027072348552316,fraction,16012.83168857378,94043.36435990554,,local_source_exploratory,False,"Length shares of the same M1 universe; source codes, not SP categories"
CHI,51,CHI:51,M6,road_share_code_3,0.06056928606460036,fraction,5696.139438392561,94043.36435990554,,local_source_exploratory,False,"Length shares of the same M1 universe; source codes, not SP categories"
CHI,51,CHI:51,M6,road_share_code_4,0.6414292474205797,fraction,60322.16442627358,94043.36435990554,,local_source_exploratory,False,"Length shares of the same M1 universe; source codes, not SP categories"
CHI,51,CHI:51,M6,road_share_code_7,0.0,fraction,0.0,94043.36435990554,,local_source_exploratory,False,"Length shares of the same M1 universe; source codes, not SP categories"
CHI,51,CHI:51,M6,road_share_code_9,0.0536222989319401,fraction,5042.821396272217,94043.36435990554,,local_source_exploratory,False,"Length shares of the same M1 universe; source codes, not SP categories"
CHI,51,CHI:51,M6,road_share_code_99,0.0,fraction,0.0,94043.36435990554,,local_source_exploratory,False,"Length shares of the same M1 universe; source codes, not SP categories"
CHI,52,CHI:52,M1,street_density_municipal_km_km2,9.588074734847009,km/km2,74.08876689764479,7.7271787033924255,540.0,local_source_exploratory,False,"Exploratory source-code universe. N selected, other status codes withheld pending documentation. Code 4 retained by code without asserting its label. Named alleys, sidewalks, river and extent lines excluded. Not equivalent to SP municipal or proposed shared Overture network."
CHI,52,CHI:52,M6,road_share_code_1,0.06073076320375918,fraction,4499.467358519378,74088.76689764479,,local_source_exploratory,False,"Length shares of the same M1 universe; source codes, not SP categories"
CHI,52,CHI:52,M6,road_share_code_2,0.05137258226124142,fraction,3806.131272083197,74088.76689764479,,local_source_exploratory,False,"Length shares of the same M1 universe; source codes, not SP categories"
CHI,52,CHI:52,M6,road_share_code_3,0.09625634783103651,fraction,7131.51411687228,74088.76689764479,,local_source_exploratory,False,"Length shares of the same M1 universe; source codes, not SP categories"
CHI,52,CHI:52,M6,road_share_code_4,0.781062466314395,fraction,57867.954999266745,74088.76689764479,,local_source_exploratory,False,"Length shares of the same M1 universe; source codes, not SP categories"
CHI,52,CHI:52,M6,road_share_code_7,0.0,fraction,0.0,74088.76689764479,,local_source_exploratory,False,"Length shares of the same M1 universe; source codes, not SP categories"
CHI,52,CHI:52,M6,road_share_code_9,0.010577840389567836,fraction,783.6991509031835,74088.76689764479,,local_source_exploratory,False,"Length shares of the same M1 universe; source codes, not SP categories"
CHI,52,CHI:52,M6,road_share_code_99,0.0,fraction,0.0,74088.76689764479,,local_source_exploratory,False,"Length shares of the same M1 universe; source codes, not SP categories"
CHI,53,CHI:53,M1,street_density_municipal_km_km2,12.357025916810642,km/km2,113.98508372099396,9.22431372146977,947.0,local_source_exploratory,False,"Exploratory source-code universe. N selected, other status codes withheld pending documentation. Code 4 retained by code without asserting its label. Named alleys, sidewalks, river and extent lines excluded. Not equivalent to SP municipal or proposed shared Overture network."
CHI,53,CHI:53,M6,road_share_code_1,0.0,fraction,0.0,113985.08372099395,,local_source_exploratory,False,"Length shares of the same M1 universe; source codes, not SP categories"
CHI,53,CHI:53,M6,road_share_code_2,0.09683121874674104,fraction,11037.314575653156,113985.08372099395,,local_source_exploratory,False,"Length shares of the same M1 universe; source codes, not SP categories"
CHI,53,CHI:53,M6,road_share_code_3,0.0561921373730483,fraction,6405.065482928503,113985.08372099395,,local_source_exploratory,False,"Length shares of the same M1 universe; source codes, not SP categories"
CHI,53,CHI:53,M6,road_share_code_4,0.8469766438802107,fraction,96542.70366241228,113985.08372099395,,local_source_exploratory,False,"Length shares of the same M1 universe; source codes, not SP categories"
CHI,53,CHI:53,M6,road_share_code_7,0.0,fraction,0.0,113985.08372099395,,local_source_exploratory,False,"Length shares of the same M1 universe; source codes, not SP categories"
CHI,53,CHI:53,M6,road_share_code_9,0.0,fraction,0.0,113985.08372099395,,local_source_exploratory,False,"Length shares of the same M1 universe; source codes, not SP categories"
CHI,53,CHI:53,M6,road_share_code_99,0.0,fraction,0.0,113985.08372099395,,local_source_exploratory,False,"Length shares of the same M1 universe; source codes, not SP categories"
CHI,54,CHI:54,M1,street_density_municipal_km_km2,4.199181634814355,km/km2,38.353646486342754,9.1336002635281,287.0,local_source_exploratory,False,"Exploratory source-code universe. N selected, other status codes withheld pending documentation. Code 4 retained by code without asserting its label. Named alleys, sidewalks, river and extent lines excluded. Not equivalent to SP municipal or proposed shared Overture network."
CHI,54,CHI:54,M6,road_share_code_1,0.16441092158562812,fraction,6305.758364988999,38353.64648634275,,local_source_exploratory,False,"Length shares of the same M1 universe; source codes, not SP categories"
CHI,54,CHI:54,M6,road_share_code_2,0.037722972654327926,fraction,1446.813557598068,38353.64648634275,,local_source_exploratory,False,"Length shares of the same M1 universe; source codes, not SP categories"
CHI,54,CHI:54,M6,road_share_code_3,0.1079506449113826,fraction,4140.300872903884,38353.64648634275,,local_source_exploratory,False,"Length shares of the same M1 universe; source codes, not SP categories"
CHI,54,CHI:54,M6,road_share_code_4,0.6256211788735133,fraction,23994.853528883734,38353.64648634275,,local_source_exploratory,False,"Length shares of the same M1 universe; source codes, not SP categories"
CHI,54,CHI:54,M6,road_share_code_7,0.0,fraction,0.0,38353.64648634275,,local_source_exploratory,False,"Length shares of the same M1 universe; source codes, not SP categories"
CHI,54,CHI:54,M6,road_share_code_9,0.06429428197514817,fraction,2465.9201619680716,38353.64648634275,,local_source_exploratory,False,"Length shares of the same M1 universe; source codes, not SP categories"
CHI,54,CHI:54,M6,road_share_code_99,0.0,fraction,0.0,38353.64648634275,,local_source_exploratory,False,"Length shares of the same M1 universe; source codes, not SP categories"
CHI,55,CHI:55,M1,street_density_municipal_km_km2,3.84093661301758,km/km2,52.04394557025906,13.549805897309886,390.0,local_source_exploratory,False,"Exploratory source-code universe. N selected, other status codes withheld pending documentation. Code 4 retained by code without asserting its label. Named alleys, sidewalks, river and extent lines excluded. Not equivalent to SP municipal or proposed shared Overture network."
CHI,55,CHI:55,M6,road_share_code_1,0.0012142372665236067,fraction,63.19369820833474,52043.945570259064,,local_source_exploratory,False,"Length shares of the same M1 universe; source codes, not SP categories"
CHI,55,CHI:55,M6,road_share_code_2,0.1495896749467015,fraction,7785.236900798878,52043.945570259064,,local_source_exploratory,False,"Length shares of the same M1 universe; source codes, not SP categories"
CHI,55,CHI:55,M6,road_share_code_3,0.06110639306101263,fraction,3180.217794462197,52043.945570259064,,local_source_exploratory,False,"Length shares of the same M1 universe; source codes, not SP categories"
CHI,55,CHI:55,M6,road_share_code_4,0.7653081431871003,fraction,39829.655348505476,52043.945570259064,,local_source_exploratory,False,"Length shares of the same M1 universe; source codes, not SP categories"
CHI,55,CHI:55,M6,road_share_code_7,0.0,fraction,0.0,52043.945570259064,,local_source_exploratory,False,"Length shares of the same M1 universe; source codes, not SP categories"
CHI,55,CHI:55,M6,road_share_code_9,0.02278155153866193,fraction,1185.6418282841732,52043.945570259064,,local_source_exploratory,False,"Length shares of the same M1 universe; source codes, not SP categories"
CHI,55,CHI:55,M6,road_share_code_99,0.0,fraction,0.0,52043.945570259064,,local_source_exploratory,False,"Length shares of the same M1 universe; source codes, not SP categories"
CHI,56,CHI:56,M1,street_density_municipal_km_km2,11.95542385167232,km/km2,130.8488440122671,10.944726480271465,1006.0,local_source_exploratory,False,"Exploratory source-code universe. N selected, other status codes withheld pending documentation. Code 4 retained by code without asserting its label. Named alleys, sidewalks, river and extent lines excluded. Not equivalent to SP municipal or proposed shared Overture network."
CHI,56,CHI:56,M6,road_share_code_1,0.008345045703455128,fraction,1091.93958352664,130848.84401226712,,local_source_exploratory,False,"Length shares of the same M1 universe; source codes, not SP categories"
CHI,56,CHI:56,M6,road_share_code_2,0.09487399177196557,fraction,12414.152150191036,130848.84401226712,,local_source_exploratory,False,"Length shares of the same M1 universe; source codes, not SP categories"
CHI,56,CHI:56,M6,road_share_code_3,0.053554181355964375,fraction,7007.502722451246,130848.84401226712,,local_source_exploratory,False,"Length shares of the same M1 universe; source codes, not SP categories"
CHI,56,CHI:56,M6,road_share_code_4,0.8348605591827313,fraction,109240.5390804953,130848.84401226712,,local_source_exploratory,False,"Length shares of the same M1 universe; source codes, not SP categories"
CHI,56,CHI:56,M6,road_share_code_7,0.0,fraction,0.0,130848.84401226712,,local_source_exploratory,False,"Length shares of the same M1 universe; source codes, not SP categories"
CHI,56,CHI:56,M6,road_share_code_9,0.00836622198588367,fraction,1094.7104756028918,130848.84401226712,,local_source_exploratory,False,"Length shares of the same M1 universe; source codes, not SP categories"
CHI,56,CHI:56,M6,road_share_code_99,0.0,fraction,0.0,130848.84401226712,,local_source_exploratory,False,"Length shares of the same M1 universe; source codes, not SP categories"
CHI,57,CHI:57,M1,street_density_municipal_km_km2,9.37753991191127,km/km2,48.684774123902855,5.191636034741252,398.0,local_source_exploratory,False,"Exploratory source-code universe. N selected, other status codes withheld pending documentation. Code 4 retained by code without asserting its label. Named alleys, sidewalks, river and extent lines excluded. Not equivalent to SP municipal or proposed shared Overture network."
CHI,57,CHI:57,M6,road_share_code_1,0.05262758913325616,fraction,2562.1622896381405,48684.774123902855,,local_source_exploratory,False,"Length shares of the same M1 universe; source codes, not SP categories"
CHI,57,CHI:57,M6,road_share_code_2,0.09393261009172932,fraction,4573.0879051844795,48684.774123902855,,local_source_exploratory,False,"Length shares of the same M1 universe; source codes, not SP categories"
CHI,57,CHI:57,M6,road_share_code_3,0.05743144020149444,fraction,2796.0366938201905,48684.774123902855,,local_source_exploratory,False,"Length shares of the same M1 universe; source codes, not SP categories"
CHI,57,CHI:57,M6,road_share_code_4,0.7623288137396409,fraction,37113.80610505723,48684.774123902855,,local_source_exploratory,False,"Length shares of the same M1 universe; source codes, not SP categories"
CHI,57,CHI:57,M6,road_share_code_7,0.0,fraction,0.0,48684.774123902855,,local_source_exploratory,False,"Length shares of the same M1 universe; source codes, not SP categories"
CHI,57,CHI:57,M6,road_share_code_9,0.03367954683387924,fraction,1639.6811302028184,48684.774123902855,,local_source_exploratory,False,"Length shares of the same M1 universe; source codes, not SP categories"
CHI,57,CHI:57,M6,road_share_code_99,0.0,fraction,0.0,48684.774123902855,,local_source_exploratory,False,"Length shares of the same M1 universe; source codes, not SP categories"
CHI,58,CHI:58,M1,street_density_municipal_km_km2,11.457167755879338,km/km2,80.72164376026409,7.045514692655271,645.0,local_source_exploratory,False,"Exploratory source-code universe. N selected, other status codes withheld pending documentation. Code 4 retained by code without asserting its label. Named alleys, sidewalks, river and extent lines excluded. Not equivalent to SP municipal or proposed shared Overture network."
CHI,58,CHI:58,M6,road_share_code_1,0.029597299982478092,fraction,2389.142705451267,80721.64376026408,,local_source_exploratory,False,"Length shares of the same M1 universe; source codes, not SP categories"
CHI,58,CHI:58,M6,road_share_code_2,0.12871261981508256,fraction,10389.894244163403,80721.64376026408,,local_source_exploratory,False,"Length shares of the same M1 universe; source codes, not SP categories"
CHI,58,CHI:58,M6,road_share_code_3,0.08273454253952521,fraction,6678.468269543969,80721.64376026408,,local_source_exploratory,False,"Length shares of the same M1 universe; source codes, not SP categories"
CHI,58,CHI:58,M6,road_share_code_4,0.7477780055305183,fraction,60361.869774195286,80721.64376026408,,local_source_exploratory,False,"Length shares of the same M1 universe; source codes, not SP categories"
CHI,58,CHI:58,M6,road_share_code_7,0.0,fraction,0.0,80721.64376026408,,local_source_exploratory,False,"Length shares of the same M1 universe; source codes, not SP categories"
CHI,58,CHI:58,M6,road_share_code_9,0.011177532132395807,fraction,902.2687669101592,80721.64376026408,,local_source_exploratory,False,"Length shares of the same M1 universe; source codes, not SP categories"
CHI,58,CHI:58,M6,road_share_code_99,0.0,fraction,0.0,80721.64376026408,,local_source_exploratory,False,"Length shares of the same M1 universe; source codes, not SP categories"
CHI,59,CHI:59,M1,street_density_municipal_km_km2,12.918790898305584,km/km2,47.29067218474887,3.6606113185833413,458.0,local_source_exploratory,False,"Exploratory source-code universe. N selected, other status codes withheld pending documentation. Code 4 retained by code without asserting its label. Named alleys, sidewalks, river and extent lines excluded. Not equivalent to SP municipal or proposed shared Overture network."
CHI,59,CHI:59,M6,road_share_code_1,0.04263246768610123,fraction,2016.1180537703126,47290.67218474887,,local_source_exploratory,False,"Length shares of the same M1 universe; source codes, not SP categories"
CHI,59,CHI:59,M6,road_share_code_2,0.16064351445813152,fraction,7596.939780845464,47290.67218474887,,local_source_exploratory,False,"Length shares of the same M1 universe; source codes, not SP categories"
CHI,59,CHI:59,M6,road_share_code_3,0.14553575600489002,fraction,6882.483728386851,47290.67218474887,,local_source_exploratory,False,"Length shares of the same M1 universe; source codes, not SP categories"
CHI,59,CHI:59,M6,road_share_code_4,0.6173183259102678,fraction,29193.39858426044,47290.67218474887,,local_source_exploratory,False,"Length shares of the same M1 universe; source codes, not SP categories"
CHI,59,CHI:59,M6,road_share_code_7,0.0,fraction,0.0,47290.67218474887,,local_source_exploratory,False,"Length shares of the same M1 universe; source codes, not SP categories"
CHI,59,CHI:59,M6,road_share_code_9,0.033869935940609414,fraction,1601.7320374858039,47290.67218474887,,local_source_exploratory,False,"Length shares of the same M1 universe; source codes, not SP categories"
CHI,59,CHI:59,M6,road_share_code_99,0.0,fraction,0.0,47290.67218474887,,local_source_exploratory,False,"Length shares of the same M1 universe; source codes, not SP categories"
CHI,60,CHI:60,M1,street_density_municipal_km_km2,13.839060664392225,km/km2,74.88836437998347,5.4113762628897595,742.0,local_source_exploratory,False,"Exploratory source-code universe. N selected, other status codes withheld pending documentation. Code 4 retained by code without asserting its label. Named alleys, sidewalks, river and extent lines excluded. Not equivalent to SP municipal or proposed shared Overture network."
CHI,60,CHI:60,M6,road_share_code_1,0.06525705181627152,fraction,4886.9938747804035,74888.36437998347,,local_source_exploratory,False,"Length shares of the same M1 universe; source codes, not SP categories"
CHI,60,CHI:60,M6,road_share_code_2,0.08841416739495006,fraction,6621.192384225874,74888.36437998347,,local_source_exploratory,False,"Length shares of the same M1 universe; source codes, not SP categories"
CHI,60,CHI:60,M6,road_share_code_3,0.08191522680848283,fraction,6134.497353502652,74888.36437998347,,local_source_exploratory,False,"Length shares of the same M1 universe; source codes, not SP categories"
CHI,60,CHI:60,M6,road_share_code_4,0.7189237130286444,fraction,53839.02098269979,74888.36437998347,,local_source_exploratory,False,"Length shares of the same M1 universe; source codes, not SP categories"
CHI,60,CHI:60,M6,road_share_code_7,0.0,fraction,0.0,74888.36437998347,,local_source_exploratory,False,"Length shares of the same M1 universe; source codes, not SP categories"
CHI,60,CHI:60,M6,road_share_code_9,0.04548984095165107,fraction,3406.659784774739,74888.36437998347,,local_source_exploratory,False,"Length shares of the same M1 universe; source codes, not SP categories"
CHI,60,CHI:60,M6,road_share_code_99,0.0,fraction,0.0,74888.36437998347,,local_source_exploratory,False,"Length shares of the same M1 universe; source codes, not SP categories"
CHI,61,CHI:61,M1,street_density_municipal_km_km2,9.598667100535323,km/km2,119.97192692815169,12.498811102789551,1016.0,local_source_exploratory,False,"Exploratory source-code universe. N selected, other status codes withheld pending documentation. Code 4 retained by code without asserting its label. Named alleys, sidewalks, river and extent lines excluded. Not equivalent to SP municipal or proposed shared Overture network."
CHI,61,CHI:61,M6,road_share_code_1,0.0,fraction,0.0,119971.92692815169,,local_source_exploratory,False,"Length shares of the same M1 universe; source codes, not SP categories"
CHI,61,CHI:61,M6,road_share_code_2,0.1293790554362735,fraction,15521.85458483389,119971.92692815169,,local_source_exploratory,False,"Length shares of the same M1 universe; source codes, not SP categories"
CHI,61,CHI:61,M6,road_share_code_3,0.0782534824600661,fraction,9388.22107957245,119971.92692815169,,local_source_exploratory,False,"Length shares of the same M1 universe; source codes, not SP categories"
CHI,61,CHI:61,M6,road_share_code_4,0.7923674621036603,fraction,95061.85126374534,119971.92692815169,,local_source_exploratory,False,"Length shares of the same M1 universe; source codes, not SP categories"
CHI,61,CHI:61,M6,road_share_code_7,0.0,fraction,0.0,119971.92692815169,,local_source_exploratory,False,"Length shares of the same M1 universe; source codes, not SP categories"
CHI,61,CHI:61,M6,road_share_code_9,0.0,fraction,0.0,119971.92692815169,,local_source_exploratory,False,"Length shares of the same M1 universe; source codes, not SP categories"
CHI,61,CHI:61,M6,road_share_code_99,0.0,fraction,0.0,119971.92692815169,,local_source_exploratory,False,"Length shares of the same M1 universe; source codes, not SP categories"
CHI,62,CHI:62,M1,street_density_municipal_km_km2,13.30124749521463,km/km2,40.392860319102695,3.0367723278312635,332.0,local_source_exploratory,False,"Exploratory source-code universe. N selected, other status codes withheld pending documentation. Code 4 retained by code without asserting its label. Named alleys, sidewalks, river and extent lines excluded. Not equivalent to SP municipal or proposed shared Overture network."
CHI,62,CHI:62,M6,road_share_code_1,0.0,fraction,0.0,40392.86031910269,,local_source_exploratory,False,"Length shares of the same M1 universe; source codes, not SP categories"
CHI,62,CHI:62,M6,road_share_code_2,0.08990527091244263,fraction,3631.5310499173816,40392.86031910269,,local_source_exploratory,False,"Length shares of the same M1 universe; source codes, not SP categories"
CHI,62,CHI:62,M6,road_share_code_3,0.060299280751308006,fraction,2435.660424729942,40392.86031910269,,local_source_exploratory,False,"Length shares of the same M1 universe; source codes, not SP categories"
CHI,62,CHI:62,M6,road_share_code_4,0.8497954483362494,fraction,34325.66884445537,40392.86031910269,,local_source_exploratory,False,"Length shares of the same M1 universe; source codes, not SP categories"
CHI,62,CHI:62,M6,road_share_code_7,0.0,fraction,0.0,40392.86031910269,,local_source_exploratory,False,"Length shares of the same M1 universe; source codes, not SP categories"
CHI,62,CHI:62,M6,road_share_code_9,0.0,fraction,0.0,40392.86031910269,,local_source_exploratory,False,"Length shares of the same M1 universe; source codes, not SP categories"
CHI,62,CHI:62,M6,road_share_code_99,0.0,fraction,0.0,40392.86031910269,,local_source_exploratory,False,"Length shares of the same M1 universe; source codes, not SP categories"
CHI,63,CHI:63,M1,street_density_municipal_km_km2,12.339930502380591,km/km2,70.20659325965794,5.689383197588823,564.0,local_source_exploratory,False,"Exploratory source-code universe. N selected, other status codes withheld pending documentation. Code 4 retained by code without asserting its label. Named alleys, sidewalks, river and extent lines excluded. Not equivalent to SP municipal or proposed shared Overture network."
CHI,63,CHI:63,M6,road_share_code_1,0.0,fraction,0.0,70206.59325965794,,local_source_exploratory,False,"Length shares of the same M1 universe; source codes, not SP categories"
CHI,63,CHI:63,M6,road_share_code_2,0.12337969114958937,fraction,8662.067793041439,70206.59325965794,,local_source_exploratory,False,"Length shares of the same M1 universe; source codes, not SP categories"
CHI,63,CHI:63,M6,road_share_code_3,0.10818004879841955,fraction,7594.952684800589,70206.59325965794,,local_source_exploratory,False,"Length shares of the same M1 universe; source codes, not SP categories"
CHI,63,CHI:63,M6,road_share_code_4,0.7684402600519913,fraction,53949.57278181592,70206.59325965794,,local_source_exploratory,False,"Length shares of the same M1 universe; source codes, not SP categories"
CHI,63,CHI:63,M6,road_share_code_7,0.0,fraction,0.0,70206.59325965794,,local_source_exploratory,False,"Length shares of the same M1 universe; source codes, not SP categories"
CHI,63,CHI:63,M6,road_share_code_9,0.0,fraction,0.0,70206.59325965794,,local_source_exploratory,False,"Length shares of the same M1 universe; source codes, not SP categories"
CHI,63,CHI:63,M6,road_share_code_99,0.0,fraction,0.0,70206.59325965794,,local_source_exploratory,False,"Length shares of the same M1 universe; source codes, not SP categories"
CHI,64,CHI:64,M1,street_density_municipal_km_km2,10.915223728123422,km/km2,72.09483048889274,6.604979639871065,617.0,local_source_exploratory,False,"Exploratory source-code universe. N selected, other status codes withheld pending documentation. Code 4 retained by code without asserting its label. Named alleys, sidewalks, river and extent lines excluded. Not equivalent to SP municipal or proposed shared Overture network."
CHI,64,CHI:64,M6,road_share_code_1,0.0,fraction,0.0,72094.83048889274,,local_source_exploratory,False,"Length shares of the same M1 universe; source codes, not SP categories"
CHI,64,CHI:64,M6,road_share_code_2,0.13905254527911673,fraction,10024.969680947002,72094.83048889274,,local_source_exploratory,False,"Length shares of the same M1 universe; source codes, not SP categories"
CHI,64,CHI:64,M6,road_share_code_3,0.06973837739846384,fraction,5027.776497112679,72094.83048889274,,local_source_exploratory,False,"Length shares of the same M1 universe; source codes, not SP categories"
CHI,64,CHI:64,M6,road_share_code_4,0.7912090773224196,fraction,57042.08431083307,72094.83048889274,,local_source_exploratory,False,"Length shares of the same M1 universe; source codes, not SP categories"
CHI,64,CHI:64,M6,road_share_code_7,0.0,fraction,0.0,72094.83048889274,,local_source_exploratory,False,"Length shares of the same M1 universe; source codes, not SP categories"
CHI,64,CHI:64,M6,road_share_code_9,0.0,fraction,0.0,72094.83048889274,,local_source_exploratory,False,"Length shares of the same M1 universe; source codes, not SP categories"
CHI,64,CHI:64,M6,road_share_code_99,0.0,fraction,0.0,72094.83048889274,,local_source_exploratory,False,"Length shares of the same M1 universe; source codes, not SP categories"
CHI,65,CHI:65,M1,street_density_municipal_km_km2,9.837043710197877,km/km2,75.17317926795222,7.641846624105331,612.0,local_source_exploratory,False,"Exploratory source-code universe. N selected, other status codes withheld pending documentation. Code 4 retained by code without asserting its label. Named alleys, sidewalks, river and extent lines excluded. Not equivalent to SP municipal or proposed shared Overture network."
CHI,65,CHI:65,M6,road_share_code_1,0.0,fraction,0.0,75173.17926795222,,local_source_exploratory,False,"Length shares of the same M1 universe; source codes, not SP categories"
CHI,65,CHI:65,M6,road_share_code_2,0.09970597570875364,fraction,7495.215186040226,75173.17926795222,,local_source_exploratory,False,"Length shares of the same M1 universe; source codes, not SP categories"
CHI,65,CHI:65,M6,road_share_code_3,0.028751881690700497,fraction,2161.3703566259815,75173.17926795222,,local_source_exploratory,False,"Length shares of the same M1 universe; source codes, not SP categories"
CHI,65,CHI:65,M6,road_share_code_4,0.8715421426005457,fraction,65516.593725286,75173.17926795222,,local_source_exploratory,False,"Length shares of the same M1 universe; source codes, not SP categories"
CHI,65,CHI:65,M6,road_share_code_7,0.0,fraction,0.0,75173.17926795222,,local_source_exploratory,False,"Length shares of the same M1 universe; source codes, not SP categories"
CHI,65,CHI:65,M6,road_share_code_9,0.0,fraction,0.0,75173.17926795222,,local_source_exploratory,False,"Length shares of the same M1 universe; source codes, not SP categories"
CHI,65,CHI:65,M6,road_share_code_99,0.0,fraction,0.0,75173.17926795222,,local_source_exploratory,False,"Length shares of the same M1 universe; source codes, not SP categories"
CHI,66,CHI:66,M1,street_density_municipal_km_km2,12.11136765907868,km/km2,110.5013431921189,9.123770849222558,840.0,local_source_exploratory,False,"Exploratory source-code universe. N selected, other status codes withheld pending documentation. Code 4 retained by code without asserting its label. Named alleys, sidewalks, river and extent lines excluded. Not equivalent to SP municipal or proposed shared Overture network."
CHI,66,CHI:66,M6,road_share_code_1,0.0,fraction,0.0,110501.34319211889,,local_source_exploratory,False,"Length shares of the same M1 universe; source codes, not SP categories"
CHI,66,CHI:66,M6,road_share_code_2,0.10869456335392037,fraction,12010.895248289064,110501.34319211889,,local_source_exploratory,False,"Length shares of the same M1 universe; source codes, not SP categories"
CHI,66,CHI:66,M6,road_share_code_3,0.052353189703250626,fraction,5785.097782601002,110501.34319211889,,local_source_exploratory,False,"Length shares of the same M1 universe; source codes, not SP categories"
CHI,66,CHI:66,M6,road_share_code_4,0.838952246942829,fraction,92705.35016122882,110501.34319211889,,local_source_exploratory,False,"Length shares of the same M1 universe; source codes, not SP categories"
CHI,66,CHI:66,M6,road_share_code_7,0.0,fraction,0.0,110501.34319211889,,local_source_exploratory,False,"Length shares of the same M1 universe; source codes, not SP categories"
CHI,66,CHI:66,M6,road_share_code_9,0.0,fraction,0.0,110501.34319211889,,local_source_exploratory,False,"Length shares of the same M1 universe; source codes, not SP categories"
CHI,66,CHI:66,M6,road_share_code_99,0.0,fraction,0.0,110501.34319211889,,local_source_exploratory,False,"Length shares of the same M1 universe; source codes, not SP categories"
CHI,67,CHI:67,M1,street_density_municipal_km_km2,13.65305712994054,km/km2,111.47056721964866,8.164513351020755,877.0,local_source_exploratory,False,"Exploratory source-code universe. N selected, other status codes withheld pending documentation. Code 4 retained by code without asserting its label. Named alleys, sidewalks, river and extent lines excluded. Not equivalent to SP municipal or proposed shared Overture network."
CHI,67,CHI:67,M6,road_share_code_1,0.0,fraction,0.0,111470.56721964866,,local_source_exploratory,False,"Length shares of the same M1 universe; source codes, not SP categories"
CHI,67,CHI:67,M6,road_share_code_2,0.0915849727556533,fraction,10209.028861868743,111470.56721964866,,local_source_exploratory,False,"Length shares of the same M1 universe; source codes, not SP categories"
CHI,67,CHI:67,M6,road_share_code_3,0.12260164546923494,fraction,13666.474962517887,111470.56721964866,,local_source_exploratory,False,"Length shares of the same M1 universe; source codes, not SP categories"
CHI,67,CHI:67,M6,road_share_code_4,0.7858133817751117,fraction,87595.06339526203,111470.56721964866,,local_source_exploratory,False,"Length shares of the same M1 universe; source codes, not SP categories"
CHI,67,CHI:67,M6,road_share_code_7,0.0,fraction,0.0,111470.56721964866,,local_source_exploratory,False,"Length shares of the same M1 universe; source codes, not SP categories"
CHI,67,CHI:67,M6,road_share_code_9,0.0,fraction,0.0,111470.56721964866,,local_source_exploratory,False,"Length shares of the same M1 universe; source codes, not SP categories"
CHI,67,CHI:67,M6,road_share_code_99,0.0,fraction,0.0,111470.56721964866,,local_source_exploratory,False,"Length shares of the same M1 universe; source codes, not SP categories"
CHI,68,CHI:68,M1,street_density_municipal_km_km2,15.01482444088121,km/km2,119.38795643729881,7.951338819003335,1111.0,local_source_exploratory,False,"Exploratory source-code universe. N selected, other status codes withheld pending documentation. Code 4 retained by code without asserting its label. Named alleys, sidewalks, river and extent lines excluded. Not equivalent to SP municipal or proposed shared Overture network."
CHI,68,CHI:68,M6,road_share_code_1,0.06446411733823115,fraction,7696.23923254566,119387.95643729881,,local_source_exploratory,False,"Length shares of the same M1 universe; source codes, not SP categories"
CHI,68,CHI:68,M6,road_share_code_2,0.08611421644787401,fraction,10281.000321910902,119387.95643729881,,local_source_exploratory,False,"Length shares of the same M1 universe; source codes, not SP categories"
CHI,68,CHI:68,M6,road_share_code_3,0.05190709594085476,fraction,6197.082108973458,119387.95643729881,,local_source_exploratory,False,"Length shares of the same M1 universe; source codes, not SP categories"
CHI,68,CHI:68,M6,road_share_code_4,0.771399588069513,fraction,92095.82041619327,119387.95643729881,,local_source_exploratory,False,"Length shares of the same M1 universe; source codes, not SP categories"
CHI,68,CHI:68,M6,road_share_code_7,0.0,fraction,0.0,119387.95643729881,,local_source_exploratory,False,"Length shares of the same M1 universe; source codes, not SP categories"
CHI,68,CHI:68,M6,road_share_code_9,0.02611498220352701,fraction,3117.8143576755165,119387.95643729881,,local_source_exploratory,False,"Length shares of the same M1 universe; source codes, not SP categories"
CHI,68,CHI:68,M6,road_share_code_99,0.0,fraction,0.0,119387.95643729881,,local_source_exploratory,False,"Length shares of the same M1 universe; source codes, not SP categories"
CHI,69,CHI:69,M1,street_density_municipal_km_km2,13.432460996067595,km/km2,123.26565728236203,9.176699438654504,1146.0,local_source_exploratory,False,"Exploratory source-code universe. N selected, other status codes withheld pending documentation. Code 4 retained by code without asserting its label. Named alleys, sidewalks, river and extent lines excluded. Not equivalent to SP municipal or proposed shared Overture network."
CHI,69,CHI:69,M6,road_share_code_1,0.12502706827689328,fraction,15411.543749238002,123265.65728236202,,local_source_exploratory,False,"Length shares of the same M1 universe; source codes, not SP categories"
CHI,69,CHI:69,M6,road_share_code_2,0.08340487262024107,fraction,10280.956444085696,123265.65728236202,,local_source_exploratory,False,"Length shares of the same M1 universe; source codes, not SP categories"
CHI,69,CHI:69,M6,road_share_code_3,0.09281210277830378,fraction,11440.544852725754,123265.65728236202,,local_source_exploratory,False,"Length shares of the same M1 universe; source codes, not SP categories"
CHI,69,CHI:69,M6,road_share_code_4,0.6396411138012279,fraction,78845.78231753048,123265.65728236202,,local_source_exploratory,False,"Length shares of the same M1 universe; source codes, not SP categories"
CHI,69,CHI:69,M6,road_share_code_7,0.0,fraction,0.0,123265.65728236202,,local_source_exploratory,False,"Length shares of the same M1 universe; source codes, not SP categories"
CHI,69,CHI:69,M6,road_share_code_9,0.0591148425233341,fraction,7286.829918782102,123265.65728236202,,local_source_exploratory,False,"Length shares of the same M1 universe; source codes, not SP categories"
CHI,69,CHI:69,M6,road_share_code_99,0.0,fraction,0.0,123265.65728236202,,local_source_exploratory,False,"Length shares of the same M1 universe; source codes, not SP categories"
CHI,70,CHI:70,M1,street_density_municipal_km_km2,11.917862980321967,km/km2,149.87342507409878,12.575528458546675,1256.0,local_source_exploratory,False,"Exploratory source-code universe. N selected, other status codes withheld pending documentation. Code 4 retained by code without asserting its label. Named alleys, sidewalks, river and extent lines excluded. Not equivalent to SP municipal or proposed shared Overture network."
CHI,70,CHI:70,M6,road_share_code_1,0.0,fraction,0.0,149873.42507409878,,local_source_exploratory,False,"Length shares of the same M1 universe; source codes, not SP categories"
CHI,70,CHI:70,M6,road_share_code_2,0.14295311541757755,fraction,21424.873032645304,149873.42507409878,,local_source_exploratory,False,"Length shares of the same M1 universe; source codes, not SP categories"
CHI,70,CHI:70,M6,road_share_code_3,0.06702747448858246,fraction,10045.63717567063,149873.42507409878,,local_source_exploratory,False,"Length shares of the same M1 universe; source codes, not SP categories"
CHI,70,CHI:70,M6,road_share_code_4,0.7900194100938399,fraction,118402.91486578283,149873.42507409878,,local_source_exploratory,False,"Length shares of the same M1 universe; source codes, not SP categories"
CHI,70,CHI:70,M6,road_share_code_7,0.0,fraction,0.0,149873.42507409878,,local_source_exploratory,False,"Length shares of the same M1 universe; source codes, not SP categories"
CHI,70,CHI:70,M6,road_share_code_9,0.0,fraction,0.0,149873.42507409878,,local_source_exploratory,False,"Length shares of the same M1 universe; source codes, not SP categories"
CHI,70,CHI:70,M6,road_share_code_99,0.0,fraction,0.0,149873.42507409878,,local_source_exploratory,False,"Length shares of the same M1 universe; source codes, not SP categories"
CHI,71,CHI:71,M1,street_density_municipal_km_km2,13.884238077727376,km/km2,135.42081010373676,9.753564390470531,1095.0,local_source_exploratory,False,"Exploratory source-code universe. N selected, other status codes withheld pending documentation. Code 4 retained by code without asserting its label. Named alleys, sidewalks, river and extent lines excluded. Not equivalent to SP municipal or proposed shared Overture network."
CHI,71,CHI:71,M6,road_share_code_1,0.0,fraction,0.0,135420.81010373676,,local_source_exploratory,False,"Length shares of the same M1 universe; source codes, not SP categories"
CHI,71,CHI:71,M6,road_share_code_2,0.09765512913370834,fraction,13224.536698071808,135420.81010373676,,local_source_exploratory,False,"Length shares of the same M1 universe; source codes, not SP categories"
CHI,71,CHI:71,M6,road_share_code_3,0.07364375123447983,fraction,9972.896451251323,135420.81010373676,,local_source_exploratory,False,"Length shares of the same M1 universe; source codes, not SP categories"
CHI,71,CHI:71,M6,road_share_code_4,0.8287011196318117,fraction,112223.37695441362,135420.81010373676,,local_source_exploratory,False,"Length shares of the same M1 universe; source codes, not SP categories"
CHI,71,CHI:71,M6,road_share_code_7,0.0,fraction,0.0,135420.81010373676,,local_source_exploratory,False,"Length shares of the same M1 universe; source codes, not SP categories"
CHI,71,CHI:71,M6,road_share_code_9,0.0,fraction,0.0,135420.81010373676,,local_source_exploratory,False,"Length shares of the same M1 universe; source codes, not SP categories"
CHI,71,CHI:71,M6,road_share_code_99,0.0,fraction,0.0,135420.81010373676,,local_source_exploratory,False,"Length shares of the same M1 universe; source codes, not SP categories"
CHI,72,CHI:72,M1,street_density_municipal_km_km2,11.658512652300258,km/km2,96.08657485635361,8.24175241919864,794.0,local_source_exploratory,False,"Exploratory source-code universe. N selected, other status codes withheld pending documentation. Code 4 retained by code without asserting its label. Named alleys, sidewalks, river and extent lines excluded. Not equivalent to SP municipal or proposed shared Overture network."
CHI,72,CHI:72,M6,road_share_code_1,0.0,fraction,0.0,96086.5748563536,,local_source_exploratory,False,"Length shares of the same M1 universe; source codes, not SP categories"
CHI,72,CHI:72,M6,road_share_code_2,0.07722742535532258,fraction,7420.518787367663,96086.5748563536,,local_source_exploratory,False,"Length shares of the same M1 universe; source codes, not SP categories"
CHI,72,CHI:72,M6,road_share_code_3,0.04860086410919297,fraction,4669.89056731144,96086.5748563536,,local_source_exploratory,False,"Length shares of the same M1 universe; source codes, not SP categories"
CHI,72,CHI:72,M6,road_share_code_4,0.8741717105354845,fraction,83996.1655016745,96086.5748563536,,local_source_exploratory,False,"Length shares of the same M1 universe; source codes, not SP categories"
CHI,72,CHI:72,M6,road_share_code_7,0.0,fraction,0.0,96086.5748563536,,local_source_exploratory,False,"Length shares of the same M1 universe; source codes, not SP categories"
CHI,72,CHI:72,M6,road_share_code_9,0.0,fraction,0.0,96086.5748563536,,local_source_exploratory,False,"Length shares of the same M1 universe; source codes, not SP categories"
CHI,72,CHI:72,M6,road_share_code_99,0.0,fraction,0.0,96086.5748563536,,local_source_exploratory,False,"Length shares of the same M1 universe; source codes, not SP categories"
CHI,73,CHI:73,M1,street_density_municipal_km_km2,14.832943974604582,km/km2,109.65736592640357,7.392825464327746,930.0,local_source_exploratory,False,"Exploratory source-code universe. N selected, other status codes withheld pending documentation. Code 4 retained by code without asserting its label. Named alleys, sidewalks, river and extent lines excluded. Not equivalent to SP municipal or proposed shared Overture network."
CHI,73,CHI:73,M6,road_share_code_1,0.057393541704148315,fraction,6293.624604464096,109657.36592640357,,local_source_exploratory,False,"Length shares of the same M1 universe; source codes, not SP categories"
CHI,73,CHI:73,M6,road_share_code_2,0.09161853775226017,fraction,10046.647519941613,109657.36592640357,,local_source_exploratory,False,"Length shares of the same M1 universe; source codes, not SP categories"
CHI,73,CHI:73,M6,road_share_code_3,0.083300266332198,fraction,9134.487786956712,109657.36592640357,,local_source_exploratory,False,"Length shares of the same M1 universe; source codes, not SP categories"
CHI,73,CHI:73,M6,road_share_code_4,0.7555817591093005,fraction,82855.10544596428,109657.36592640357,,local_source_exploratory,False,"Length shares of the same M1 universe; source codes, not SP categories"
CHI,73,CHI:73,M6,road_share_code_7,0.0,fraction,0.0,109657.36592640357,,local_source_exploratory,False,"Length shares of the same M1 universe; source codes, not SP categories"
CHI,73,CHI:73,M6,road_share_code_9,0.012105895102093032,fraction,1327.5005690768724,109657.36592640357,,local_source_exploratory,False,"Length shares of the same M1 universe; source codes, not SP categories"
CHI,73,CHI:73,M6,road_share_code_99,0.0,fraction,0.0,109657.36592640357,,local_source_exploratory,False,"Length shares of the same M1 universe; source codes, not SP categories"
CHI,74,CHI:74,M1,street_density_municipal_km_km2,10.092510892420984,km/km2,70.81835300946108,7.016921137300177,565.0,local_source_exploratory,False,"Exploratory source-code universe. N selected, other status codes withheld pending documentation. Code 4 retained by code without asserting its label. Named alleys, sidewalks, river and extent lines excluded. Not equivalent to SP municipal or proposed shared Overture network."
CHI,74,CHI:74,M6,road_share_code_1,0.0,fraction,0.0,70818.35300946108,,local_source_exploratory,False,"Length shares of the same M1 universe; source codes, not SP categories"
CHI,74,CHI:74,M6,road_share_code_2,0.1421025483526853,fraction,10063.468432784479,70818.35300946108,,local_source_exploratory,False,"Length shares of the same M1 universe; source codes, not SP categories"
CHI,74,CHI:74,M6,road_share_code_3,0.06161494877835989,fraction,4363.469193245754,70818.35300946108,,local_source_exploratory,False,"Length shares of the same M1 universe; source codes, not SP categories"
CHI,74,CHI:74,M6,road_share_code_4,0.7962825028689549,fraction,56391.415383430845,70818.35300946108,,local_source_exploratory,False,"Length shares of the same M1 universe; source codes, not SP categories"
CHI,74,CHI:74,M6,road_share_code_7,0.0,fraction,0.0,70818.35300946108,,local_source_exploratory,False,"Length shares of the same M1 universe; source codes, not SP categories"
CHI,74,CHI:74,M6,road_share_code_9,0.0,fraction,0.0,70818.35300946108,,local_source_exploratory,False,"Length shares of the same M1 universe; source codes, not SP categories"
CHI,74,CHI:74,M6,road_share_code_99,0.0,fraction,0.0,70818.35300946108,,local_source_exploratory,False,"Length shares of the same M1 universe; source codes, not SP categories"
CHI,75,CHI:75,M1,street_density_municipal_km_km2,12.530390062988982,km/km2,106.87579180963888,8.52932680246866,989.0,local_source_exploratory,False,"Exploratory source-code universe. N selected, other status codes withheld pending documentation. Code 4 retained by code without asserting its label. Named alleys, sidewalks, river and extent lines excluded. Not equivalent to SP municipal or proposed shared Overture network."
CHI,75,CHI:75,M6,road_share_code_1,0.04955122944520585,fraction,5295.826882097468,106875.79180963889,,local_source_exploratory,False,"Length shares of the same M1 universe; source codes, not SP categories"
CHI,75,CHI:75,M6,road_share_code_2,0.08678349188204035,fraction,9275.05441089843,106875.79180963889,,local_source_exploratory,False,"Length shares of the same M1 universe; source codes, not SP categories"
CHI,75,CHI:75,M6,road_share_code_3,0.07072107636066012,fraction,7558.371033675485,106875.79180963889,,local_source_exploratory,False,"Length shares of the same M1 universe; source codes, not SP categories"
CHI,75,CHI:75,M6,road_share_code_4,0.7709986377992827,fraction,82401.08989895132,106875.79180963889,,local_source_exploratory,False,"Length shares of the same M1 universe; source codes, not SP categories"
CHI,75,CHI:75,M6,road_share_code_7,0.0,fraction,0.0,106875.79180963889,,local_source_exploratory,False,"Length shares of the same M1 universe; source codes, not SP categories"
CHI,75,CHI:75,M6,road_share_code_9,0.02194556451281091,fraction,2345.449584016178,106875.79180963889,,local_source_exploratory,False,"Length shares of the same M1 universe; source codes, not SP categories"
CHI,75,CHI:75,M6,road_share_code_99,0.0,fraction,0.0,106875.79180963889,,local_source_exploratory,False,"Length shares of the same M1 universe; source codes, not SP categories"
CHI,76,CHI:76,M1,street_density_municipal_km_km2,5.771620387517614,km/km2,199.25032378278186,34.5224235838005,951.0,local_source_exploratory,False,"Exploratory source-code universe. N selected, other status codes withheld pending documentation. Code 4 retained by code without asserting its label. Named alleys, sidewalks, river and extent lines excluded. Not equivalent to SP municipal or proposed shared Overture network."
CHI,76,CHI:76,M6,road_share_code_1,0.04758066758469287,fraction,9480.463422050969,199250.32378278187,,local_source_exploratory,False,"Length shares of the same M1 universe; source codes, not SP categories"
CHI,76,CHI:76,M6,road_share_code_2,0.09412467398560029,fraction,18754.371767579643,199250.32378278187,,local_source_exploratory,False,"Length shares of the same M1 universe; source codes, not SP categories"
CHI,76,CHI:76,M6,road_share_code_3,0.04523169972186969,fraction,9012.4308148281,199250.32378278187,,local_source_exploratory,False,"Length shares of the same M1 universe; source codes, not SP categories"
CHI,76,CHI:76,M6,road_share_code_4,0.09635247415163385,fraction,19198.261671985165,199250.32378278187,,local_source_exploratory,False,"Length shares of the same M1 universe; source codes, not SP categories"
CHI,76,CHI:76,M6,road_share_code_7,0.0,fraction,0.0,199250.32378278187,,local_source_exploratory,False,"Length shares of the same M1 universe; source codes, not SP categories"
CHI,76,CHI:76,M6,road_share_code_9,0.008045945169062043,fraction,1603.1571800741217,199250.32378278187,,local_source_exploratory,False,"Length shares of the same M1 universe; source codes, not SP categories"
CHI,76,CHI:76,M6,road_share_code_99,0.7086645393871411,fraction,141201.63892626384,199250.32378278187,,local_source_exploratory,False,"Length shares of the same M1 universe; source codes, not SP categories"
CHI,77,CHI:77,M1,street_density_municipal_km_km2,12.782521746901166,km/km2,57.49306687364659,4.49778752675187,518.0,local_source_exploratory,False,"Exploratory source-code universe. N selected, other status codes withheld pending documentation. Code 4 retained by code without asserting its label. Named alleys, sidewalks, river and extent lines excluded. Not equivalent to SP municipal or proposed shared Overture network."
CHI,77,CHI:77,M6,road_share_code_1,0.03594052890112088,fraction,2066.3312315863704,57493.06687364659,,local_source_exploratory,False,"Length shares of the same M1 universe; source codes, not SP categories"
CHI,77,CHI:77,M6,road_share_code_2,0.0504112862580227,fraction,2898.2994520190405,57493.06687364659,,local_source_exploratory,False,"Length shares of the same M1 universe; source codes, not SP categories"
CHI,77,CHI:77,M6,road_share_code_3,0.1910161003617067,fraction,10982.101432038791,57493.06687364659,,local_source_exploratory,False,"Length shares of the same M1 universe; source codes, not SP categories"
CHI,77,CHI:77,M6,road_share_code_4,0.7108475733166738,fraction,40868.80706966492,57493.06687364659,,local_source_exploratory,False,"Length shares of the same M1 universe; source codes, not SP categories"
CHI,77,CHI:77,M6,road_share_code_7,0.0,fraction,0.0,57493.06687364659,,local_source_exploratory,False,"Length shares of the same M1 universe; source codes, not SP categories"
CHI,77,CHI:77,M6,road_share_code_9,0.011784511162475876,fraction,677.5276883374602,57493.06687364659,,local_source_exploratory,False,"Length shares of the same M1 universe; source codes, not SP categories"
CHI,77,CHI:77,M6,road_share_code_99,0.0,fraction,0.0,57493.06687364659,,local_source_exploratory,False,"Length shares of the same M1 universe; source codes, not SP categories"
CHI,01,CHI:01,M3,block_log_area_median_experimental,9.938330498496036,log(m2),,,161.0,experimental_not_model_ready,False,Whole planar road-enclosed polygons; boundary-touching excluded; no carriageway or barrier correction; NOT accepted physical blocks
CHI,01,CHI:01,M3,block_log_area_iqr_experimental,0.4145013932564723,log(m2),,,161.0,experimental_not_model_ready,False,Whole planar road-enclosed polygons; boundary-touching excluded; no carriageway or barrier correction; NOT accepted physical blocks
CHI,01,CHI:01,M4,block_compactness_median_experimental,0.7341877937479021,ratio,,,161.0,experimental_not_model_ready,False,Whole planar road-enclosed polygons; boundary-touching excluded; no carriageway or barrier correction; NOT accepted physical blocks
CHI,01,CHI:01,M4,block_compactness_iqr_experimental,0.10133207459008575,ratio,,,161.0,experimental_not_model_ready,False,Whole planar road-enclosed polygons; boundary-touching excluded; no carriageway or barrier correction; NOT accepted physical blocks
CHI,01,CHI:01,M4,block_elongation_median_experimental,1.5851560778076037,ratio,,,161.0,experimental_not_model_ready,False,Whole planar road-enclosed polygons; boundary-touching excluded; no carriageway or barrier correction; NOT accepted physical blocks
CHI,01,CHI:01,M4,block_elongation_iqr_experimental,0.6972247631833437,ratio,,,161.0,experimental_not_model_ready,False,Whole planar road-enclosed polygons; boundary-touching excluded; no carriageway or barrier correction; NOT accepted physical blocks
CHI,02,CHI:02,M3,block_log_area_median_experimental,9.914305716264018,log(m2),,,338.0,experimental_not_model_ready,False,Whole planar road-enclosed polygons; boundary-touching excluded; no carriageway or barrier correction; NOT accepted physical blocks
CHI,02,CHI:02,M3,block_log_area_iqr_experimental,0.038535545803929594,log(m2),,,338.0,experimental_not_model_ready,False,Whole planar road-enclosed polygons; boundary-touching excluded; no carriageway or barrier correction; NOT accepted physical blocks
CHI,02,CHI:02,M4,block_compactness_median_experimental,0.6999881385786493,ratio,,,338.0,experimental_not_model_ready,False,Whole planar road-enclosed polygons; boundary-touching excluded; no carriageway or barrier correction; NOT accepted physical blocks
CHI,02,CHI:02,M4,block_compactness_iqr_experimental,0.007823749681558523,ratio,,,338.0,experimental_not_model_ready,False,Whole planar road-enclosed polygons; boundary-touching excluded; no carriageway or barrier correction; NOT accepted physical blocks
CHI,02,CHI:02,M4,block_elongation_median_experimental,1.9881044786247242,ratio,,,338.0,experimental_not_model_ready,False,Whole planar road-enclosed polygons; boundary-touching excluded; no carriageway or barrier correction; NOT accepted physical blocks
CHI,02,CHI:02,M4,block_elongation_iqr_experimental,0.08242509748851723,ratio,,,338.0,experimental_not_model_ready,False,Whole planar road-enclosed polygons; boundary-touching excluded; no carriageway or barrier correction; NOT accepted physical blocks
CHI,03,CHI:03,M3,block_log_area_median_experimental,10.113794677304583,log(m2),,,159.0,experimental_not_model_ready,False,Whole planar road-enclosed polygons; boundary-touching excluded; no carriageway or barrier correction; NOT accepted physical blocks
CHI,03,CHI:03,M3,block_log_area_iqr_experimental,0.6242629755529006,log(m2),,,159.0,experimental_not_model_ready,False,Whole planar road-enclosed polygons; boundary-touching excluded; no carriageway or barrier correction; NOT accepted physical blocks
CHI,03,CHI:03,M4,block_compactness_median_experimental,0.6995809127918955,ratio,,,159.0,experimental_not_model_ready,False,Whole planar road-enclosed polygons; boundary-touching excluded; no carriageway or barrier correction; NOT accepted physical blocks
CHI,03,CHI:03,M4,block_compactness_iqr_experimental,0.20624653410670724,ratio,,,159.0,experimental_not_model_ready,False,Whole planar road-enclosed polygons; boundary-touching excluded; no carriageway or barrier correction; NOT accepted physical blocks
CHI,03,CHI:03,M4,block_elongation_median_experimental,1.8232313497878718,ratio,,,159.0,experimental_not_model_ready,False,Whole planar road-enclosed polygons; boundary-touching excluded; no carriageway or barrier correction; NOT accepted physical blocks
CHI,03,CHI:03,M4,block_elongation_iqr_experimental,1.430421496387548,ratio,,,159.0,experimental_not_model_ready,False,Whole planar road-enclosed polygons; boundary-touching excluded; no carriageway or barrier correction; NOT accepted physical blocks
CHI,04,CHI:04,M3,block_log_area_median_experimental,9.923366659267025,log(m2),,,224.0,experimental_not_model_ready,False,Whole planar road-enclosed polygons; boundary-touching excluded; no carriageway or barrier correction; NOT accepted physical blocks
CHI,04,CHI:04,M3,block_log_area_iqr_experimental,0.370298287876091,log(m2),,,224.0,experimental_not_model_ready,False,Whole planar road-enclosed polygons; boundary-touching excluded; no carriageway or barrier correction; NOT accepted physical blocks
CHI,04,CHI:04,M4,block_compactness_median_experimental,0.6999734555810482,ratio,,,224.0,experimental_not_model_ready,False,Whole planar road-enclosed polygons; boundary-touching excluded; no carriageway or barrier correction; NOT accepted physical blocks
CHI,04,CHI:04,M4,block_compactness_iqr_experimental,0.057083802105178716,ratio,,,224.0,experimental_not_model_ready,False,Whole planar road-enclosed polygons; boundary-touching excluded; no carriageway or barrier correction; NOT accepted physical blocks
CHI,04,CHI:04,M4,block_elongation_median_experimental,1.9614237864500201,ratio,,,224.0,experimental_not_model_ready,False,Whole planar road-enclosed polygons; boundary-touching excluded; no carriageway or barrier correction; NOT accepted physical blocks
CHI,04,CHI:04,M4,block_elongation_iqr_experimental,0.6434295986791576,ratio,,,224.0,experimental_not_model_ready,False,Whole planar road-enclosed polygons; boundary-touching excluded; no carriageway or barrier correction; NOT accepted physical blocks
CHI,05,CHI:05,M3,block_log_area_median_experimental,9.920132083600539,log(m2),,,216.0,experimental_not_model_ready,False,Whole planar road-enclosed polygons; boundary-touching excluded; no carriageway or barrier correction; NOT accepted physical blocks
CHI,05,CHI:05,M3,block_log_area_iqr_experimental,0.07003854252455533,log(m2),,,216.0,experimental_not_model_ready,False,Whole planar road-enclosed polygons; boundary-touching excluded; no carriageway or barrier correction; NOT accepted physical blocks
CHI,05,CHI:05,M4,block_compactness_median_experimental,0.6973922809981465,ratio,,,216.0,experimental_not_model_ready,False,Whole planar road-enclosed polygons; boundary-touching excluded; no carriageway or barrier correction; NOT accepted physical blocks
CHI,05,CHI:05,M4,block_compactness_iqr_experimental,0.005835274545513136,ratio,,,216.0,experimental_not_model_ready,False,Whole planar road-enclosed polygons; boundary-touching excluded; no carriageway or barrier correction; NOT accepted physical blocks
CHI,05,CHI:05,M4,block_elongation_median_experimental,2.0020252696784686,ratio,,,216.0,experimental_not_model_ready,False,Whole planar road-enclosed polygons; boundary-touching excluded; no carriageway or barrier correction; NOT accepted physical blocks
CHI,05,CHI:05,M4,block_elongation_iqr_experimental,0.060522370821039395,ratio,,,216.0,experimental_not_model_ready,False,Whole planar road-enclosed polygons; boundary-touching excluded; no carriageway or barrier correction; NOT accepted physical blocks
CHI,06,CHI:06,M3,block_log_area_median_experimental,9.922561492541686,log(m2),,,322.0,experimental_not_model_ready,False,Whole planar road-enclosed polygons; boundary-touching excluded; no carriageway or barrier correction; NOT accepted physical blocks
CHI,06,CHI:06,M3,block_log_area_iqr_experimental,0.2360675368692995,log(m2),,,322.0,experimental_not_model_ready,False,Whole planar road-enclosed polygons; boundary-touching excluded; no carriageway or barrier correction; NOT accepted physical blocks
CHI,06,CHI:06,M4,block_compactness_median_experimental,0.6979654332928159,ratio,,,322.0,experimental_not_model_ready,False,Whole planar road-enclosed polygons; boundary-touching excluded; no carriageway or barrier correction; NOT accepted physical blocks
CHI,06,CHI:06,M4,block_compactness_iqr_experimental,0.05085414162044288,ratio,,,322.0,experimental_not_model_ready,False,Whole planar road-enclosed polygons; boundary-touching excluded; no carriageway or barrier correction; NOT accepted physical blocks
CHI,06,CHI:06,M4,block_elongation_median_experimental,1.991795645077717,ratio,,,322.0,experimental_not_model_ready,False,Whole planar road-enclosed polygons; boundary-touching excluded; no carriageway or barrier correction; NOT accepted physical blocks
CHI,06,CHI:06,M4,block_elongation_iqr_experimental,0.32999553291917394,ratio,,,322.0,experimental_not_model_ready,False,Whole planar road-enclosed polygons; boundary-touching excluded; no carriageway or barrier correction; NOT accepted physical blocks
CHI,07,CHI:07,M3,block_log_area_median_experimental,9.919138026857164,log(m2),,,266.0,experimental_not_model_ready,False,Whole planar road-enclosed polygons; boundary-touching excluded; no carriageway or barrier correction; NOT accepted physical blocks
CHI,07,CHI:07,M3,block_log_area_iqr_experimental,0.3469511888652459,log(m2),,,266.0,experimental_not_model_ready,False,Whole planar road-enclosed polygons; boundary-touching excluded; no carriageway or barrier correction; NOT accepted physical blocks
CHI,07,CHI:07,M4,block_compactness_median_experimental,0.6834193118436123,ratio,,,266.0,experimental_not_model_ready,False,Whole planar road-enclosed polygons; boundary-touching excluded; no carriageway or barrier correction; NOT accepted physical blocks
CHI,07,CHI:07,M4,block_compactness_iqr_experimental,0.1575659960266378,ratio,,,266.0,experimental_not_model_ready,False,Whole planar road-enclosed polygons; boundary-touching excluded; no carriageway or barrier correction; NOT accepted physical blocks
CHI,07,CHI:07,M4,block_elongation_median_experimental,2.0033628022978016,ratio,,,266.0,experimental_not_model_ready,False,Whole planar road-enclosed polygons; boundary-touching excluded; no carriageway or barrier correction; NOT accepted physical blocks
CHI,07,CHI:07,M4,block_elongation_iqr_experimental,0.5575881005479952,ratio,,,266.0,experimental_not_model_ready,False,Whole planar road-enclosed polygons; boundary-touching excluded; no carriageway or barrier correction; NOT accepted physical blocks
CHI,08,CHI:08,M3,block_log_area_median_experimental,9.368020003453543,log(m2),,,343.0,experimental_not_model_ready,False,Whole planar road-enclosed polygons; boundary-touching excluded; no carriageway or barrier correction; NOT accepted physical blocks
CHI,08,CHI:08,M3,block_log_area_iqr_experimental,0.7258373612717506,log(m2),,,343.0,experimental_not_model_ready,False,Whole planar road-enclosed polygons; boundary-touching excluded; no carriageway or barrier correction; NOT accepted physical blocks
CHI,08,CHI:08,M4,block_compactness_median_experimental,0.7422351668777524,ratio,,,343.0,experimental_not_model_ready,False,Whole planar road-enclosed polygons; boundary-touching excluded; no carriageway or barrier correction; NOT accepted physical blocks
CHI,08,CHI:08,M4,block_compactness_iqr_experimental,0.16377884756737593,ratio,,,343.0,experimental_not_model_ready,False,Whole planar road-enclosed polygons; boundary-touching excluded; no carriageway or barrier correction; NOT accepted physical blocks
CHI,08,CHI:08,M4,block_elongation_median_experimental,1.4622448744659353,ratio,,,343.0,experimental_not_model_ready,False,Whole planar road-enclosed polygons; boundary-touching excluded; no carriageway or barrier correction; NOT accepted physical blocks
CHI,08,CHI:08,M4,block_elongation_iqr_experimental,1.0125608220932043,ratio,,,343.0,experimental_not_model_ready,False,Whole planar road-enclosed polygons; boundary-touching excluded; no carriageway or barrier correction; NOT accepted physical blocks
CHI,09,CHI:09,M3,block_log_area_median_experimental,9.922027951446577,log(m2),,,93.0,experimental_not_model_ready,False,Whole planar road-enclosed polygons; boundary-touching excluded; no carriageway or barrier correction; NOT accepted physical blocks
CHI,09,CHI:09,M3,block_log_area_iqr_experimental,0.27624339659404207,log(m2),,,93.0,experimental_not_model_ready,False,Whole planar road-enclosed polygons; boundary-touching excluded; no carriageway or barrier correction; NOT accepted physical blocks
CHI,09,CHI:09,M4,block_compactness_median_experimental,0.6979140486226293,ratio,,,93.0,experimental_not_model_ready,False,Whole planar road-enclosed polygons; boundary-touching excluded; no carriageway or barrier correction; NOT accepted physical blocks
CHI,09,CHI:09,M4,block_compactness_iqr_experimental,0.051368707069573416,ratio,,,93.0,experimental_not_model_ready,False,Whole planar road-enclosed polygons; boundary-touching excluded; no carriageway or barrier correction; NOT accepted physical blocks
CHI,09,CHI:09,M4,block_elongation_median_experimental,2.00761817392646,ratio,,,93.0,experimental_not_model_ready,False,Whole planar road-enclosed polygons; boundary-touching excluded; no carriageway or barrier correction; NOT accepted physical blocks
CHI,09,CHI:09,M4,block_elongation_iqr_experimental,0.24000115820906998,ratio,,,93.0,experimental_not_model_ready,False,Whole planar road-enclosed polygons; boundary-touching excluded; no carriageway or barrier correction; NOT accepted physical blocks
CHI,10,CHI:10,M3,block_log_area_median_experimental,9.908284243193448,log(m2),,,409.0,experimental_not_model_ready,False,Whole planar road-enclosed polygons; boundary-touching excluded; no carriageway or barrier correction; NOT accepted physical blocks
CHI,10,CHI:10,M3,block_log_area_iqr_experimental,0.548707372822312,log(m2),,,409.0,experimental_not_model_ready,False,Whole planar road-enclosed polygons; boundary-touching excluded; no carriageway or barrier correction; NOT accepted physical blocks
CHI,10,CHI:10,M4,block_compactness_median_experimental,0.6927196381223416,ratio,,,409.0,experimental_not_model_ready,False,Whole planar road-enclosed polygons; boundary-touching excluded; no carriageway or barrier correction; NOT accepted physical blocks
CHI,10,CHI:10,M4,block_compactness_iqr_experimental,0.12190408754102611,ratio,,,409.0,experimental_not_model_ready,False,Whole planar road-enclosed polygons; boundary-touching excluded; no carriageway or barrier correction; NOT accepted physical blocks
CHI,10,CHI:10,M4,block_elongation_median_experimental,2.0116273446055475,ratio,,,409.0,experimental_not_model_ready,False,Whole planar road-enclosed polygons; boundary-touching excluded; no carriageway or barrier correction; NOT accepted physical blocks
CHI,10,CHI:10,M4,block_elongation_iqr_experimental,0.6857896161356416,ratio,,,409.0,experimental_not_model_ready,False,Whole planar road-enclosed polygons; boundary-touching excluded; no carriageway or barrier correction; NOT accepted physical blocks
CHI,11,CHI:11,M3,block_log_area_median_experimental,9.911281478090235,log(m2),,,254.0,experimental_not_model_ready,False,Whole planar road-enclosed polygons; boundary-touching excluded; no carriageway or barrier correction; NOT accepted physical blocks
CHI,11,CHI:11,M3,block_log_area_iqr_experimental,0.4051646227301635,log(m2),,,254.0,experimental_not_model_ready,False,Whole planar road-enclosed polygons; boundary-touching excluded; no carriageway or barrier correction; NOT accepted physical blocks
CHI,11,CHI:11,M4,block_compactness_median_experimental,0.6908940175695244,ratio,,,254.0,experimental_not_model_ready,False,Whole planar road-enclosed polygons; boundary-touching excluded; no carriageway or barrier correction; NOT accepted physical blocks
CHI,11,CHI:11,M4,block_compactness_iqr_experimental,0.11217309027903055,ratio,,,254.0,experimental_not_model_ready,False,Whole planar road-enclosed polygons; boundary-touching excluded; no carriageway or barrier correction; NOT accepted physical blocks
CHI,11,CHI:11,M4,block_elongation_median_experimental,2.018498598661565,ratio,,,254.0,experimental_not_model_ready,False,Whole planar road-enclosed polygons; boundary-touching excluded; no carriageway or barrier correction; NOT accepted physical blocks
CHI,11,CHI:11,M4,block_elongation_iqr_experimental,0.7294272855990145,ratio,,,254.0,experimental_not_model_ready,False,Whole planar road-enclosed polygons; boundary-touching excluded; no carriageway or barrier correction; NOT accepted physical blocks
CHI,12,CHI:12,M3,block_log_area_median_experimental,9.910850134271083,log(m2),,,215.0,experimental_not_model_ready,False,Whole planar road-enclosed polygons; boundary-touching excluded; no carriageway or barrier correction; NOT accepted physical blocks
CHI,12,CHI:12,M3,block_log_area_iqr_experimental,0.34313434773936,log(m2),,,215.0,experimental_not_model_ready,False,Whole planar road-enclosed polygons; boundary-touching excluded; no carriageway or barrier correction; NOT accepted physical blocks
CHI,12,CHI:12,M4,block_compactness_median_experimental,0.6937690217707696,ratio,,,215.0,experimental_not_model_ready,False,Whole planar road-enclosed polygons; boundary-touching excluded; no carriageway or barrier correction; NOT accepted physical blocks
CHI,12,CHI:12,M4,block_compactness_iqr_experimental,0.08330231456314219,ratio,,,215.0,experimental_not_model_ready,False,Whole planar road-enclosed polygons; boundary-touching excluded; no carriageway or barrier correction; NOT accepted physical blocks
CHI,12,CHI:12,M4,block_elongation_median_experimental,1.9828349700269863,ratio,,,215.0,experimental_not_model_ready,False,Whole planar road-enclosed polygons; boundary-touching excluded; no carriageway or barrier correction; NOT accepted physical blocks
CHI,12,CHI:12,M4,block_elongation_iqr_experimental,0.46933395034307424,ratio,,,215.0,experimental_not_model_ready,False,Whole planar road-enclosed polygons; boundary-touching excluded; no carriageway or barrier correction; NOT accepted physical blocks
CHI,13,CHI:13,M3,block_log_area_median_experimental,9.923796024961458,log(m2),,,114.0,experimental_not_model_ready,False,Whole planar road-enclosed polygons; boundary-touching excluded; no carriageway or barrier correction; NOT accepted physical blocks
CHI,13,CHI:13,M3,block_log_area_iqr_experimental,0.03930828425579058,log(m2),,,114.0,experimental_not_model_ready,False,Whole planar road-enclosed polygons; boundary-touching excluded; no carriageway or barrier correction; NOT accepted physical blocks
CHI,13,CHI:13,M4,block_compactness_median_experimental,0.6986438379168105,ratio,,,114.0,experimental_not_model_ready,False,Whole planar road-enclosed polygons; boundary-touching excluded; no carriageway or barrier correction; NOT accepted physical blocks
CHI,13,CHI:13,M4,block_compactness_iqr_experimental,0.014178136758528415,ratio,,,114.0,experimental_not_model_ready,False,Whole planar road-enclosed polygons; boundary-touching excluded; no carriageway or barrier correction; NOT accepted physical blocks
CHI,13,CHI:13,M4,block_elongation_median_experimental,1.9731308242732601,ratio,,,114.0,experimental_not_model_ready,False,Whole planar road-enclosed polygons; boundary-touching excluded; no carriageway or barrier correction; NOT accepted physical blocks
CHI,13,CHI:13,M4,block_elongation_iqr_experimental,0.19313453343915632,ratio,,,114.0,experimental_not_model_ready,False,Whole planar road-enclosed polygons; boundary-touching excluded; no carriageway or barrier correction; NOT accepted physical blocks
CHI,14,CHI:14,M3,block_log_area_median_experimental,9.927409461503636,log(m2),,,216.0,experimental_not_model_ready,False,Whole planar road-enclosed polygons; boundary-touching excluded; no carriageway or barrier correction; NOT accepted physical blocks
CHI,14,CHI:14,M3,block_log_area_iqr_experimental,0.038952588373717845,log(m2),,,216.0,experimental_not_model_ready,False,Whole planar road-enclosed polygons; boundary-touching excluded; no carriageway or barrier correction; NOT accepted physical blocks
CHI,14,CHI:14,M4,block_compactness_median_experimental,0.6988369975237567,ratio,,,216.0,experimental_not_model_ready,False,Whole planar road-enclosed polygons; boundary-touching excluded; no carriageway or barrier correction; NOT accepted physical blocks
CHI,14,CHI:14,M4,block_compactness_iqr_experimental,0.00916302338869146,ratio,,,216.0,experimental_not_model_ready,False,Whole planar road-enclosed polygons; boundary-touching excluded; no carriageway or barrier correction; NOT accepted physical blocks
CHI,14,CHI:14,M4,block_elongation_median_experimental,1.9897615074436699,ratio,,,216.0,experimental_not_model_ready,False,Whole planar road-enclosed polygons; boundary-touching excluded; no carriageway or barrier correction; NOT accepted physical blocks
CHI,14,CHI:14,M4,block_elongation_iqr_experimental,0.10703717266836121,ratio,,,216.0,experimental_not_model_ready,False,Whole planar road-enclosed polygons; boundary-touching excluded; no carriageway or barrier correction; NOT accepted physical blocks
CHI,15,CHI:15,M3,block_log_area_median_experimental,9.933716908060987,log(m2),,,416.0,experimental_not_model_ready,False,Whole planar road-enclosed polygons; boundary-touching excluded; no carriageway or barrier correction; NOT accepted physical blocks
CHI,15,CHI:15,M3,block_log_area_iqr_experimental,0.03774502347896913,log(m2),,,416.0,experimental_not_model_ready,False,Whole planar road-enclosed polygons; boundary-touching excluded; no carriageway or barrier correction; NOT accepted physical blocks
CHI,15,CHI:15,M4,block_compactness_median_experimental,0.6975276043225459,ratio,,,416.0,experimental_not_model_ready,False,Whole planar road-enclosed polygons; boundary-touching excluded; no carriageway or barrier correction; NOT accepted physical blocks
CHI,15,CHI:15,M4,block_compactness_iqr_experimental,0.005389085175239172,ratio,,,416.0,experimental_not_model_ready,False,Whole planar road-enclosed polygons; boundary-touching excluded; no carriageway or barrier correction; NOT accepted physical blocks
CHI,15,CHI:15,M4,block_elongation_median_experimental,2.0081164245775,ratio,,,416.0,experimental_not_model_ready,False,Whole planar road-enclosed polygons; boundary-touching excluded; no carriageway or barrier correction; NOT accepted physical blocks
CHI,15,CHI:15,M4,block_elongation_iqr_experimental,0.03586442783685495,ratio,,,416.0,experimental_not_model_ready,False,Whole planar road-enclosed polygons; boundary-touching excluded; no carriageway or barrier correction; NOT accepted physical blocks
CHI,16,CHI:16,M3,block_log_area_median_experimental,9.927680369080823,log(m2),,,387.0,experimental_not_model_ready,False,Whole planar road-enclosed polygons; boundary-touching excluded; no carriageway or barrier correction; NOT accepted physical blocks
CHI,16,CHI:16,M3,block_log_area_iqr_experimental,0.25023174685311744,log(m2),,,387.0,experimental_not_model_ready,False,Whole planar road-enclosed polygons; boundary-touching excluded; no carriageway or barrier correction; NOT accepted physical blocks
CHI,16,CHI:16,M4,block_compactness_median_experimental,0.69824862341599,ratio,,,387.0,experimental_not_model_ready,False,Whole planar road-enclosed polygons; boundary-touching excluded; no carriageway or barrier correction; NOT accepted physical blocks
CHI,16,CHI:16,M4,block_compactness_iqr_experimental,0.07941189734317167,ratio,,,387.0,experimental_not_model_ready,False,Whole planar road-enclosed polygons; boundary-touching excluded; no carriageway or barrier correction; NOT accepted physical blocks
CHI,16,CHI:16,M4,block_elongation_median_experimental,1.9968394673656933,ratio,,,387.0,experimental_not_model_ready,False,Whole planar road-enclosed polygons; boundary-touching excluded; no carriageway or barrier correction; NOT accepted physical blocks
CHI,16,CHI:16,M4,block_elongation_iqr_experimental,0.2208268148770225,ratio,,,387.0,experimental_not_model_ready,False,Whole planar road-enclosed polygons; boundary-touching excluded; no carriageway or barrier correction; NOT accepted physical blocks
CHI,17,CHI:17,M3,block_log_area_median_experimental,9.92992650687489,log(m2),,,312.0,experimental_not_model_ready,False,Whole planar road-enclosed polygons; boundary-touching excluded; no carriageway or barrier correction; NOT accepted physical blocks
CHI,17,CHI:17,M3,block_log_area_iqr_experimental,0.04167826424137466,log(m2),,,312.0,experimental_not_model_ready,False,Whole planar road-enclosed polygons; boundary-touching excluded; no carriageway or barrier correction; NOT accepted physical blocks
CHI,17,CHI:17,M4,block_compactness_median_experimental,0.6979041057619104,ratio,,,312.0,experimental_not_model_ready,False,Whole planar road-enclosed polygons; boundary-touching excluded; no carriageway or barrier correction; NOT accepted physical blocks
CHI,17,CHI:17,M4,block_compactness_iqr_experimental,0.009758863690704,ratio,,,312.0,experimental_not_model_ready,False,Whole planar road-enclosed polygons; boundary-touching excluded; no carriageway or barrier correction; NOT accepted physical blocks
CHI,17,CHI:17,M4,block_elongation_median_experimental,1.998638993135439,ratio,,,312.0,experimental_not_model_ready,False,Whole planar road-enclosed polygons; boundary-touching excluded; no carriageway or barrier correction; NOT accepted physical blocks
CHI,17,CHI:17,M4,block_elongation_iqr_experimental,0.10063687664813936,ratio,,,312.0,experimental_not_model_ready,False,Whole planar road-enclosed polygons; boundary-touching excluded; no carriageway or barrier correction; NOT accepted physical blocks
CHI,18,CHI:18,M3,block_log_area_median_experimental,9.928149803929458,log(m2),,,95.0,experimental_not_model_ready,False,Whole planar road-enclosed polygons; boundary-touching excluded; no carriageway or barrier correction; NOT accepted physical blocks
CHI,18,CHI:18,M3,block_log_area_iqr_experimental,0.01130627186064359,log(m2),,,95.0,experimental_not_model_ready,False,Whole planar road-enclosed polygons; boundary-touching excluded; no carriageway or barrier correction; NOT accepted physical blocks
CHI,18,CHI:18,M4,block_compactness_median_experimental,0.7001919343796982,ratio,,,95.0,experimental_not_model_ready,False,Whole planar road-enclosed polygons; boundary-touching excluded; no carriageway or barrier correction; NOT accepted physical blocks
CHI,18,CHI:18,M4,block_compactness_iqr_experimental,0.054341680244254564,ratio,,,95.0,experimental_not_model_ready,False,Whole planar road-enclosed polygons; boundary-touching excluded; no carriageway or barrier correction; NOT accepted physical blocks
CHI,18,CHI:18,M4,block_elongation_median_experimental,1.9851744193858212,ratio,,,95.0,experimental_not_model_ready,False,Whole planar road-enclosed polygons; boundary-touching excluded; no carriageway or barrier correction; NOT accepted physical blocks
CHI,18,CHI:18,M4,block_elongation_iqr_experimental,0.48385682865133894,ratio,,,95.0,experimental_not_model_ready,False,Whole planar road-enclosed polygons; boundary-touching excluded; no carriageway or barrier correction; NOT accepted physical blocks
CHI,19,CHI:19,M3,block_log_area_median_experimental,9.92832559246616,log(m2),,,409.0,experimental_not_model_ready,False,Whole planar road-enclosed polygons; boundary-touching excluded; no carriageway or barrier correction; NOT accepted physical blocks
CHI,19,CHI:19,M3,block_log_area_iqr_experimental,0.011101571142548394,log(m2),,,409.0,experimental_not_model_ready,False,Whole planar road-enclosed polygons; boundary-touching excluded; no carriageway or barrier correction; NOT accepted physical blocks
CHI,19,CHI:19,M4,block_compactness_median_experimental,0.6970090174213056,ratio,,,409.0,experimental_not_model_ready,False,Whole planar road-enclosed polygons; boundary-touching excluded; no carriageway or barrier correction; NOT accepted physical blocks
CHI,19,CHI:19,M4,block_compactness_iqr_experimental,0.0033524323536900935,ratio,,,409.0,experimental_not_model_ready,False,Whole planar road-enclosed polygons; boundary-touching excluded; no carriageway or barrier correction; NOT accepted physical blocks
CHI,19,CHI:19,M4,block_elongation_median_experimental,2.014232869375626,ratio,,,409.0,experimental_not_model_ready,False,Whole planar road-enclosed polygons; boundary-touching excluded; no carriageway or barrier correction; NOT accepted physical blocks
CHI,19,CHI:19,M4,block_elongation_iqr_experimental,0.028098473373817434,ratio,,,409.0,experimental_not_model_ready,False,Whole planar road-enclosed polygons; boundary-touching excluded; no carriageway or barrier correction; NOT accepted physical blocks
CHI,20,CHI:20,M3,block_log_area_median_experimental,9.9339090141346,log(m2),,,110.0,experimental_not_model_ready,False,Whole planar road-enclosed polygons; boundary-touching excluded; no carriageway or barrier correction; NOT accepted physical blocks
CHI,20,CHI:20,M3,block_log_area_iqr_experimental,0.016831071828518063,log(m2),,,110.0,experimental_not_model_ready,False,Whole planar road-enclosed polygons; boundary-touching excluded; no carriageway or barrier correction; NOT accepted physical blocks
CHI,20,CHI:20,M4,block_compactness_median_experimental,0.6981515394224762,ratio,,,110.0,experimental_not_model_ready,False,Whole planar road-enclosed polygons; boundary-touching excluded; no carriageway or barrier correction; NOT accepted physical blocks
CHI,20,CHI:20,M4,block_compactness_iqr_experimental,0.0047836394632619905,ratio,,,110.0,experimental_not_model_ready,False,Whole planar road-enclosed polygons; boundary-touching excluded; no carriageway or barrier correction; NOT accepted physical blocks
CHI,20,CHI:20,M4,block_elongation_median_experimental,1.9984769939001057,ratio,,,110.0,experimental_not_model_ready,False,Whole planar road-enclosed polygons; boundary-touching excluded; no carriageway or barrier correction; NOT accepted physical blocks
CHI,20,CHI:20,M4,block_elongation_iqr_experimental,0.03183006331688287,ratio,,,110.0,experimental_not_model_ready,False,Whole planar road-enclosed polygons; boundary-touching excluded; no carriageway or barrier correction; NOT accepted physical blocks
CHI,21,CHI:21,M3,block_log_area_median_experimental,9.923584311351444,log(m2),,,228.0,experimental_not_model_ready,False,Whole planar road-enclosed polygons; boundary-touching excluded; no carriageway or barrier correction; NOT accepted physical blocks
CHI,21,CHI:21,M3,block_log_area_iqr_experimental,0.3918691025286556,log(m2),,,228.0,experimental_not_model_ready,False,Whole planar road-enclosed polygons; boundary-touching excluded; no carriageway or barrier correction; NOT accepted physical blocks
CHI,21,CHI:21,M4,block_compactness_median_experimental,0.690559069641222,ratio,,,228.0,experimental_not_model_ready,False,Whole planar road-enclosed polygons; boundary-touching excluded; no carriageway or barrier correction; NOT accepted physical blocks
CHI,21,CHI:21,M4,block_compactness_iqr_experimental,0.15896356857744465,ratio,,,228.0,experimental_not_model_ready,False,Whole planar road-enclosed polygons; boundary-touching excluded; no carriageway or barrier correction; NOT accepted physical blocks
CHI,21,CHI:21,M4,block_elongation_median_experimental,2.0060454517432547,ratio,,,228.0,experimental_not_model_ready,False,Whole planar road-enclosed polygons; boundary-touching excluded; no carriageway or barrier correction; NOT accepted physical blocks
CHI,21,CHI:21,M4,block_elongation_iqr_experimental,0.3625506056315273,ratio,,,228.0,experimental_not_model_ready,False,Whole planar road-enclosed polygons; boundary-touching excluded; no carriageway or barrier correction; NOT accepted physical blocks
CHI,22,CHI:22,M3,block_log_area_median_experimental,9.767015424005066,log(m2),,,471.0,experimental_not_model_ready,False,Whole planar road-enclosed polygons; boundary-touching excluded; no carriageway or barrier correction; NOT accepted physical blocks
CHI,22,CHI:22,M3,block_log_area_iqr_experimental,0.4801975360202242,log(m2),,,471.0,experimental_not_model_ready,False,Whole planar road-enclosed polygons; boundary-touching excluded; no carriageway or barrier correction; NOT accepted physical blocks
CHI,22,CHI:22,M4,block_compactness_median_experimental,0.6969066094802424,ratio,,,471.0,experimental_not_model_ready,False,Whole planar road-enclosed polygons; boundary-touching excluded; no carriageway or barrier correction; NOT accepted physical blocks
CHI,22,CHI:22,M4,block_compactness_iqr_experimental,0.16562446838996125,ratio,,,471.0,experimental_not_model_ready,False,Whole planar road-enclosed polygons; boundary-touching excluded; no carriageway or barrier correction; NOT accepted physical blocks
CHI,22,CHI:22,M4,block_elongation_median_experimental,2.0035024282932117,ratio,,,471.0,experimental_not_model_ready,False,Whole planar road-enclosed polygons; boundary-touching excluded; no carriageway or barrier correction; NOT accepted physical blocks
CHI,22,CHI:22,M4,block_elongation_iqr_experimental,0.7982066874626803,ratio,,,471.0,experimental_not_model_ready,False,Whole planar road-enclosed polygons; boundary-touching excluded; no carriageway or barrier correction; NOT accepted physical blocks
CHI,23,CHI:23,M3,block_log_area_median_experimental,9.927796016554211,log(m2),,,338.0,experimental_not_model_ready,False,Whole planar road-enclosed polygons; boundary-touching excluded; no carriageway or barrier correction; NOT accepted physical blocks
CHI,23,CHI:23,M3,block_log_area_iqr_experimental,0.06720355304161885,log(m2),,,338.0,experimental_not_model_ready,False,Whole planar road-enclosed polygons; boundary-touching excluded; no carriageway or barrier correction; NOT accepted physical blocks
CHI,23,CHI:23,M4,block_compactness_median_experimental,0.6972836848478118,ratio,,,338.0,experimental_not_model_ready,False,Whole planar road-enclosed polygons; boundary-touching excluded; no carriageway or barrier correction; NOT accepted physical blocks
CHI,23,CHI:23,M4,block_compactness_iqr_experimental,0.010334184101944532,ratio,,,338.0,experimental_not_model_ready,False,Whole planar road-enclosed polygons; boundary-touching excluded; no carriageway or barrier correction; NOT accepted physical blocks
CHI,23,CHI:23,M4,block_elongation_median_experimental,2.0088511150385475,ratio,,,338.0,experimental_not_model_ready,False,Whole planar road-enclosed polygons; boundary-touching excluded; no carriageway or barrier correction; NOT accepted physical blocks
CHI,23,CHI:23,M4,block_elongation_iqr_experimental,0.05417528589704479,ratio,,,338.0,experimental_not_model_ready,False,Whole planar road-enclosed polygons; boundary-touching excluded; no carriageway or barrier correction; NOT accepted physical blocks
CHI,24,CHI:24,M3,block_log_area_median_experimental,9.87992882908793,log(m2),,,594.0,experimental_not_model_ready,False,Whole planar road-enclosed polygons; boundary-touching excluded; no carriageway or barrier correction; NOT accepted physical blocks
CHI,24,CHI:24,M3,block_log_area_iqr_experimental,0.518896130616886,log(m2),,,594.0,experimental_not_model_ready,False,Whole planar road-enclosed polygons; boundary-touching excluded; no carriageway or barrier correction; NOT accepted physical blocks
CHI,24,CHI:24,M4,block_compactness_median_experimental,0.6961768058755985,ratio,,,594.0,experimental_not_model_ready,False,Whole planar road-enclosed polygons; boundary-touching excluded; no carriageway or barrier correction; NOT accepted physical blocks
CHI,24,CHI:24,M4,block_compactness_iqr_experimental,0.11999841609778794,ratio,,,594.0,experimental_not_model_ready,False,Whole planar road-enclosed polygons; boundary-touching excluded; no carriageway or barrier correction; NOT accepted physical blocks
CHI,24,CHI:24,M4,block_elongation_median_experimental,2.0007748692986844,ratio,,,594.0,experimental_not_model_ready,False,Whole planar road-enclosed polygons; boundary-touching excluded; no carriageway or barrier correction; NOT accepted physical blocks
CHI,24,CHI:24,M4,block_elongation_iqr_experimental,0.8330194259979082,ratio,,,594.0,experimental_not_model_ready,False,Whole planar road-enclosed polygons; boundary-touching excluded; no carriageway or barrier correction; NOT accepted physical blocks
CHI,25,CHI:25,M3,block_log_area_median_experimental,9.93882002627229,log(m2),,,589.0,experimental_not_model_ready,False,Whole planar road-enclosed polygons; boundary-touching excluded; no carriageway or barrier correction; NOT accepted physical blocks
CHI,25,CHI:25,M3,block_log_area_iqr_experimental,0.2727424526117215,log(m2),,,589.0,experimental_not_model_ready,False,Whole planar road-enclosed polygons; boundary-touching excluded; no carriageway or barrier correction; NOT accepted physical blocks
CHI,25,CHI:25,M4,block_compactness_median_experimental,0.6990107747427735,ratio,,,589.0,experimental_not_model_ready,False,Whole planar road-enclosed polygons; boundary-touching excluded; no carriageway or barrier correction; NOT accepted physical blocks
CHI,25,CHI:25,M4,block_compactness_iqr_experimental,0.053549535096588774,ratio,,,589.0,experimental_not_model_ready,False,Whole planar road-enclosed polygons; boundary-touching excluded; no carriageway or barrier correction; NOT accepted physical blocks
CHI,25,CHI:25,M4,block_elongation_median_experimental,1.9855789559238632,ratio,,,589.0,experimental_not_model_ready,False,Whole planar road-enclosed polygons; boundary-touching excluded; no carriageway or barrier correction; NOT accepted physical blocks
CHI,25,CHI:25,M4,block_elongation_iqr_experimental,0.43104192797318763,ratio,,,589.0,experimental_not_model_ready,False,Whole planar road-enclosed polygons; boundary-touching excluded; no carriageway or barrier correction; NOT accepted physical blocks
CHI,26,CHI:26,M3,block_log_area_median_experimental,9.92767624459546,log(m2),,,155.0,experimental_not_model_ready,False,Whole planar road-enclosed polygons; boundary-touching excluded; no carriageway or barrier correction; NOT accepted physical blocks
CHI,26,CHI:26,M3,block_log_area_iqr_experimental,0.24064963134453343,log(m2),,,155.0,experimental_not_model_ready,False,Whole planar road-enclosed polygons; boundary-touching excluded; no carriageway or barrier correction; NOT accepted physical blocks
CHI,26,CHI:26,M4,block_compactness_median_experimental,0.6954679091184941,ratio,,,155.0,experimental_not_model_ready,False,Whole planar road-enclosed polygons; boundary-touching excluded; no carriageway or barrier correction; NOT accepted physical blocks
CHI,26,CHI:26,M4,block_compactness_iqr_experimental,0.05010510782273059,ratio,,,155.0,experimental_not_model_ready,False,Whole planar road-enclosed polygons; boundary-touching excluded; no carriageway or barrier correction; NOT accepted physical blocks
CHI,26,CHI:26,M4,block_elongation_median_experimental,2.0181309680319903,ratio,,,155.0,experimental_not_model_ready,False,Whole planar road-enclosed polygons; boundary-touching excluded; no carriageway or barrier correction; NOT accepted physical blocks
CHI,26,CHI:26,M4,block_elongation_iqr_experimental,0.4865750756219287,ratio,,,155.0,experimental_not_model_ready,False,Whole planar road-enclosed polygons; boundary-touching excluded; no carriageway or barrier correction; NOT accepted physical blocks
CHI,27,CHI:27,M3,block_log_area_median_experimental,9.925057628600557,log(m2),,,217.0,experimental_not_model_ready,False,Whole planar road-enclosed polygons; boundary-touching excluded; no carriageway or barrier correction; NOT accepted physical blocks
CHI,27,CHI:27,M3,block_log_area_iqr_experimental,0.5219667302253548,log(m2),,,217.0,experimental_not_model_ready,False,Whole planar road-enclosed polygons; boundary-touching excluded; no carriageway or barrier correction; NOT accepted physical blocks
CHI,27,CHI:27,M4,block_compactness_median_experimental,0.6958787663952793,ratio,,,217.0,experimental_not_model_ready,False,Whole planar road-enclosed polygons; boundary-touching excluded; no carriageway or barrier correction; NOT accepted physical blocks
CHI,27,CHI:27,M4,block_compactness_iqr_experimental,0.1318876622697407,ratio,,,217.0,experimental_not_model_ready,False,Whole planar road-enclosed polygons; boundary-touching excluded; no carriageway or barrier correction; NOT accepted physical blocks
CHI,27,CHI:27,M4,block_elongation_median_experimental,2.011928438238897,ratio,,,217.0,experimental_not_model_ready,False,Whole planar road-enclosed polygons; boundary-touching excluded; no carriageway or barrier correction; NOT accepted physical blocks
CHI,27,CHI:27,M4,block_elongation_iqr_experimental,0.8339364918233172,ratio,,,217.0,experimental_not_model_ready,False,Whole planar road-enclosed polygons; boundary-touching excluded; no carriageway or barrier correction; NOT accepted physical blocks
CHI,28,CHI:28,M3,block_log_area_median_experimental,9.522161336431235,log(m2),,,720.0,experimental_not_model_ready,False,Whole planar road-enclosed polygons; boundary-touching excluded; no carriageway or barrier correction; NOT accepted physical blocks
CHI,28,CHI:28,M3,block_log_area_iqr_experimental,1.55507003938445,log(m2),,,720.0,experimental_not_model_ready,False,Whole planar road-enclosed polygons; boundary-touching excluded; no carriageway or barrier correction; NOT accepted physical blocks
CHI,28,CHI:28,M4,block_compactness_median_experimental,0.6913252844323954,ratio,,,720.0,experimental_not_model_ready,False,Whole planar road-enclosed polygons; boundary-touching excluded; no carriageway or barrier correction; NOT accepted physical blocks
CHI,28,CHI:28,M4,block_compactness_iqr_experimental,0.3747359126260683,ratio,,,720.0,experimental_not_model_ready,False,Whole planar road-enclosed polygons; boundary-touching excluded; no carriageway or barrier correction; NOT accepted physical blocks
CHI,28,CHI:28,M4,block_elongation_median_experimental,1.9929849144368283,ratio,,,720.0,experimental_not_model_ready,False,Whole planar road-enclosed polygons; boundary-touching excluded; no carriageway or barrier correction; NOT accepted physical blocks
CHI,28,CHI:28,M4,block_elongation_iqr_experimental,2.5903346450853495,ratio,,,720.0,experimental_not_model_ready,False,Whole planar road-enclosed polygons; boundary-touching excluded; no carriageway or barrier correction; NOT accepted physical blocks
CHI,29,CHI:29,M3,block_log_area_median_experimental,9.92935221208875,log(m2),,,347.0,experimental_not_model_ready,False,Whole planar road-enclosed polygons; boundary-touching excluded; no carriageway or barrier correction; NOT accepted physical blocks
CHI,29,CHI:29,M3,block_log_area_iqr_experimental,0.7421641789869824,log(m2),,,347.0,experimental_not_model_ready,False,Whole planar road-enclosed polygons; boundary-touching excluded; no carriageway or barrier correction; NOT accepted physical blocks
CHI,29,CHI:29,M4,block_compactness_median_experimental,0.6964943552335234,ratio,,,347.0,experimental_not_model_ready,False,Whole planar road-enclosed polygons; boundary-touching excluded; no carriageway or barrier correction; NOT accepted physical blocks
CHI,29,CHI:29,M4,block_compactness_iqr_experimental,0.1978361334398756,ratio,,,347.0,experimental_not_model_ready,False,Whole planar road-enclosed polygons; boundary-touching excluded; no carriageway or barrier correction; NOT accepted physical blocks
CHI,29,CHI:29,M4,block_elongation_median_experimental,2.0082539444802823,ratio,,,347.0,experimental_not_model_ready,False,Whole planar road-enclosed polygons; boundary-touching excluded; no carriageway or barrier correction; NOT accepted physical blocks
CHI,29,CHI:29,M4,block_elongation_iqr_experimental,1.589960388965367,ratio,,,347.0,experimental_not_model_ready,False,Whole planar road-enclosed polygons; boundary-touching excluded; no carriageway or barrier correction; NOT accepted physical blocks
CHI,30,CHI:30,M3,block_log_area_median_experimental,9.930225397769002,log(m2),,,282.0,experimental_not_model_ready,False,Whole planar road-enclosed polygons; boundary-touching excluded; no carriageway or barrier correction; NOT accepted physical blocks
CHI,30,CHI:30,M3,block_log_area_iqr_experimental,0.016239314633605062,log(m2),,,282.0,experimental_not_model_ready,False,Whole planar road-enclosed polygons; boundary-touching excluded; no carriageway or barrier correction; NOT accepted physical blocks
CHI,30,CHI:30,M4,block_compactness_median_experimental,0.6977065394846298,ratio,,,282.0,experimental_not_model_ready,False,Whole planar road-enclosed polygons; boundary-touching excluded; no carriageway or barrier correction; NOT accepted physical blocks
CHI,30,CHI:30,M4,block_compactness_iqr_experimental,0.00494572480351263,ratio,,,282.0,experimental_not_model_ready,False,Whole planar road-enclosed polygons; boundary-touching excluded; no carriageway or barrier correction; NOT accepted physical blocks
CHI,30,CHI:30,M4,block_elongation_median_experimental,1.9989610772239015,ratio,,,282.0,experimental_not_model_ready,False,Whole planar road-enclosed polygons; boundary-touching excluded; no carriageway or barrier correction; NOT accepted physical blocks
CHI,30,CHI:30,M4,block_elongation_iqr_experimental,0.03806537232776641,ratio,,,282.0,experimental_not_model_ready,False,Whole planar road-enclosed polygons; boundary-touching excluded; no carriageway or barrier correction; NOT accepted physical blocks
CHI,31,CHI:31,M3,block_log_area_median_experimental,9.891781018047615,log(m2),,,247.0,experimental_not_model_ready,False,Whole planar road-enclosed polygons; boundary-touching excluded; no carriageway or barrier correction; NOT accepted physical blocks
CHI,31,CHI:31,M3,block_log_area_iqr_experimental,0.9935529530036291,log(m2),,,247.0,experimental_not_model_ready,False,Whole planar road-enclosed polygons; boundary-touching excluded; no carriageway or barrier correction; NOT accepted physical blocks
CHI,31,CHI:31,M4,block_compactness_median_experimental,0.6958851557201036,ratio,,,247.0,experimental_not_model_ready,False,Whole planar road-enclosed polygons; boundary-touching excluded; no carriageway or barrier correction; NOT accepted physical blocks
CHI,31,CHI:31,M4,block_compactness_iqr_experimental,0.18427542627902394,ratio,,,247.0,experimental_not_model_ready,False,Whole planar road-enclosed polygons; boundary-touching excluded; no carriageway or barrier correction; NOT accepted physical blocks
CHI,31,CHI:31,M4,block_elongation_median_experimental,2.000323741283703,ratio,,,247.0,experimental_not_model_ready,False,Whole planar road-enclosed polygons; boundary-touching excluded; no carriageway or barrier correction; NOT accepted physical blocks
CHI,31,CHI:31,M4,block_elongation_iqr_experimental,0.7353843065539549,ratio,,,247.0,experimental_not_model_ready,False,Whole planar road-enclosed polygons; boundary-touching excluded; no carriageway or barrier correction; NOT accepted physical blocks
CHI,32,CHI:32,M3,block_log_area_median_experimental,7.600887880162265,log(m2),,,321.0,experimental_not_model_ready,False,Whole planar road-enclosed polygons; boundary-touching excluded; no carriageway or barrier correction; NOT accepted physical blocks
CHI,32,CHI:32,M3,block_log_area_iqr_experimental,3.901471464259642,log(m2),,,321.0,experimental_not_model_ready,False,Whole planar road-enclosed polygons; boundary-touching excluded; no carriageway or barrier correction; NOT accepted physical blocks
CHI,32,CHI:32,M4,block_compactness_median_experimental,0.4895712046229876,ratio,,,321.0,experimental_not_model_ready,False,Whole planar road-enclosed polygons; boundary-touching excluded; no carriageway or barrier correction; NOT accepted physical blocks
CHI,32,CHI:32,M4,block_compactness_iqr_experimental,0.6106437394835272,ratio,,,321.0,experimental_not_model_ready,False,Whole planar road-enclosed polygons; boundary-touching excluded; no carriageway or barrier correction; NOT accepted physical blocks
CHI,32,CHI:32,M4,block_elongation_median_experimental,2.7688989891277105,ratio,,,321.0,experimental_not_model_ready,False,Whole planar road-enclosed polygons; boundary-touching excluded; no carriageway or barrier correction; NOT accepted physical blocks
CHI,32,CHI:32,M4,block_elongation_iqr_experimental,10.237226430808924,ratio,,,321.0,experimental_not_model_ready,False,Whole planar road-enclosed polygons; boundary-touching excluded; no carriageway or barrier correction; NOT accepted physical blocks
CHI,33,CHI:33,M3,block_log_area_median_experimental,9.637542645914957,log(m2),,,119.0,experimental_not_model_ready,False,Whole planar road-enclosed polygons; boundary-touching excluded; no carriageway or barrier correction; NOT accepted physical blocks
CHI,33,CHI:33,M3,block_log_area_iqr_experimental,1.5418821419269744,log(m2),,,119.0,experimental_not_model_ready,False,Whole planar road-enclosed polygons; boundary-touching excluded; no carriageway or barrier correction; NOT accepted physical blocks
CHI,33,CHI:33,M4,block_compactness_median_experimental,0.6598589664079826,ratio,,,119.0,experimental_not_model_ready,False,Whole planar road-enclosed polygons; boundary-touching excluded; no carriageway or barrier correction; NOT accepted physical blocks
CHI,33,CHI:33,M4,block_compactness_iqr_experimental,0.5115159892960582,ratio,,,119.0,experimental_not_model_ready,False,Whole planar road-enclosed polygons; boundary-touching excluded; no carriageway or barrier correction; NOT accepted physical blocks
CHI,33,CHI:33,M4,block_elongation_median_experimental,2.0682933719520817,ratio,,,119.0,experimental_not_model_ready,False,Whole planar road-enclosed polygons; boundary-touching excluded; no carriageway or barrier correction; NOT accepted physical blocks
CHI,33,CHI:33,M4,block_elongation_iqr_experimental,4.527681915400217,ratio,,,119.0,experimental_not_model_ready,False,Whole planar road-enclosed polygons; boundary-touching excluded; no carriageway or barrier correction; NOT accepted physical blocks
CHI,34,CHI:34,M3,block_log_area_median_experimental,9.07837550810201,log(m2),,,169.0,experimental_not_model_ready,False,Whole planar road-enclosed polygons; boundary-touching excluded; no carriageway or barrier correction; NOT accepted physical blocks
CHI,34,CHI:34,M3,block_log_area_iqr_experimental,1.6426010307752161,log(m2),,,169.0,experimental_not_model_ready,False,Whole planar road-enclosed polygons; boundary-touching excluded; no carriageway or barrier correction; NOT accepted physical blocks
CHI,34,CHI:34,M4,block_compactness_median_experimental,0.4742980444645795,ratio,,,169.0,experimental_not_model_ready,False,Whole planar road-enclosed polygons; boundary-touching excluded; no carriageway or barrier correction; NOT accepted physical blocks
CHI,34,CHI:34,M4,block_compactness_iqr_experimental,0.4797994766407334,ratio,,,169.0,experimental_not_model_ready,False,Whole planar road-enclosed polygons; boundary-touching excluded; no carriageway or barrier correction; NOT accepted physical blocks
CHI,34,CHI:34,M4,block_elongation_median_experimental,3.2129078375557967,ratio,,,169.0,experimental_not_model_ready,False,Whole planar road-enclosed polygons; boundary-touching excluded; no carriageway or barrier correction; NOT accepted physical blocks
CHI,34,CHI:34,M4,block_elongation_iqr_experimental,6.796136139393182,ratio,,,169.0,experimental_not_model_ready,False,Whole planar road-enclosed polygons; boundary-touching excluded; no carriageway or barrier correction; NOT accepted physical blocks
CHI,35,CHI:35,M3,block_log_area_median_experimental,9.889917916279932,log(m2),,,121.0,experimental_not_model_ready,False,Whole planar road-enclosed polygons; boundary-touching excluded; no carriageway or barrier correction; NOT accepted physical blocks
CHI,35,CHI:35,M3,block_log_area_iqr_experimental,1.6499714235487257,log(m2),,,121.0,experimental_not_model_ready,False,Whole planar road-enclosed polygons; boundary-touching excluded; no carriageway or barrier correction; NOT accepted physical blocks
CHI,35,CHI:35,M4,block_compactness_median_experimental,0.6353148463656837,ratio,,,121.0,experimental_not_model_ready,False,Whole planar road-enclosed polygons; boundary-touching excluded; no carriageway or barrier correction; NOT accepted physical blocks
CHI,35,CHI:35,M4,block_compactness_iqr_experimental,0.36248766803141935,ratio,,,121.0,experimental_not_model_ready,False,Whole planar road-enclosed polygons; boundary-touching excluded; no carriageway or barrier correction; NOT accepted physical blocks
CHI,35,CHI:35,M4,block_elongation_median_experimental,2.095592143367817,ratio,,,121.0,experimental_not_model_ready,False,Whole planar road-enclosed polygons; boundary-touching excluded; no carriageway or barrier correction; NOT accepted physical blocks
CHI,35,CHI:35,M4,block_elongation_iqr_experimental,2.915955415744698,ratio,,,121.0,experimental_not_model_ready,False,Whole planar road-enclosed polygons; boundary-touching excluded; no carriageway or barrier correction; NOT accepted physical blocks
CHI,36,CHI:36,M3,block_log_area_median_experimental,9.585874413500868,log(m2),,,48.0,experimental_not_model_ready,False,Whole planar road-enclosed polygons; boundary-touching excluded; no carriageway or barrier correction; NOT accepted physical blocks
CHI,36,CHI:36,M3,block_log_area_iqr_experimental,0.9901177751406127,log(m2),,,48.0,experimental_not_model_ready,False,Whole planar road-enclosed polygons; boundary-touching excluded; no carriageway or barrier correction; NOT accepted physical blocks
CHI,36,CHI:36,M4,block_compactness_median_experimental,0.701471932225397,ratio,,,48.0,experimental_not_model_ready,False,Whole planar road-enclosed polygons; boundary-touching excluded; no carriageway or barrier correction; NOT accepted physical blocks
CHI,36,CHI:36,M4,block_compactness_iqr_experimental,0.21220244252153075,ratio,,,48.0,experimental_not_model_ready,False,Whole planar road-enclosed polygons; boundary-touching excluded; no carriageway or barrier correction; NOT accepted physical blocks
CHI,36,CHI:36,M4,block_elongation_median_experimental,1.7342089601203148,ratio,,,48.0,experimental_not_model_ready,False,Whole planar road-enclosed polygons; boundary-touching excluded; no carriageway or barrier correction; NOT accepted physical blocks
CHI,36,CHI:36,M4,block_elongation_iqr_experimental,1.6954730981376105,ratio,,,48.0,experimental_not_model_ready,False,Whole planar road-enclosed polygons; boundary-touching excluded; no carriageway or barrier correction; NOT accepted physical blocks
CHI,37,CHI:37,M3,block_log_area_median_experimental,9.386777018413227,log(m2),,,86.0,experimental_not_model_ready,False,Whole planar road-enclosed polygons; boundary-touching excluded; no carriageway or barrier correction; NOT accepted physical blocks
CHI,37,CHI:37,M3,block_log_area_iqr_experimental,0.9014433334914074,log(m2),,,86.0,experimental_not_model_ready,False,Whole planar road-enclosed polygons; boundary-touching excluded; no carriageway or barrier correction; NOT accepted physical blocks
CHI,37,CHI:37,M4,block_compactness_median_experimental,0.3568836940189054,ratio,,,86.0,experimental_not_model_ready,False,Whole planar road-enclosed polygons; boundary-touching excluded; no carriageway or barrier correction; NOT accepted physical blocks
CHI,37,CHI:37,M4,block_compactness_iqr_experimental,0.5639356844701859,ratio,,,86.0,experimental_not_model_ready,False,Whole planar road-enclosed polygons; boundary-touching excluded; no carriageway or barrier correction; NOT accepted physical blocks
CHI,37,CHI:37,M4,block_elongation_median_experimental,5.066168898254475,ratio,,,86.0,experimental_not_model_ready,False,Whole planar road-enclosed polygons; boundary-touching excluded; no carriageway or barrier correction; NOT accepted physical blocks
CHI,37,CHI:37,M4,block_elongation_iqr_experimental,10.4446868720401,ratio,,,86.0,experimental_not_model_ready,False,Whole planar road-enclosed polygons; boundary-touching excluded; no carriageway or barrier correction; NOT accepted physical blocks
CHI,38,CHI:38,M3,block_log_area_median_experimental,9.994054111885529,log(m2),,,189.0,experimental_not_model_ready,False,Whole planar road-enclosed polygons; boundary-touching excluded; no carriageway or barrier correction; NOT accepted physical blocks
CHI,38,CHI:38,M3,block_log_area_iqr_experimental,0.3113026358115416,log(m2),,,189.0,experimental_not_model_ready,False,Whole planar road-enclosed polygons; boundary-touching excluded; no carriageway or barrier correction; NOT accepted physical blocks
CHI,38,CHI:38,M4,block_compactness_median_experimental,0.7134011299510464,ratio,,,189.0,experimental_not_model_ready,False,Whole planar road-enclosed polygons; boundary-touching excluded; no carriageway or barrier correction; NOT accepted physical blocks
CHI,38,CHI:38,M4,block_compactness_iqr_experimental,0.06373233310999504,ratio,,,189.0,experimental_not_model_ready,False,Whole planar road-enclosed polygons; boundary-touching excluded; no carriageway or barrier correction; NOT accepted physical blocks
CHI,38,CHI:38,M4,block_elongation_median_experimental,1.866714183603012,ratio,,,189.0,experimental_not_model_ready,False,Whole planar road-enclosed polygons; boundary-touching excluded; no carriageway or barrier correction; NOT accepted physical blocks
CHI,38,CHI:38,M4,block_elongation_iqr_experimental,0.5706293189428042,ratio,,,189.0,experimental_not_model_ready,False,Whole planar road-enclosed polygons; boundary-touching excluded; no carriageway or barrier correction; NOT accepted physical blocks
CHI,39,CHI:39,M3,block_log_area_median_experimental,10.513933370260338,log(m2),,,65.0,experimental_not_model_ready,False,Whole planar road-enclosed polygons; boundary-touching excluded; no carriageway or barrier correction; NOT accepted physical blocks
CHI,39,CHI:39,M3,block_log_area_iqr_experimental,0.5955089586711999,log(m2),,,65.0,experimental_not_model_ready,False,Whole planar road-enclosed polygons; boundary-touching excluded; no carriageway or barrier correction; NOT accepted physical blocks
CHI,39,CHI:39,M4,block_compactness_median_experimental,0.753565219919519,ratio,,,65.0,experimental_not_model_ready,False,Whole planar road-enclosed polygons; boundary-touching excluded; no carriageway or barrier correction; NOT accepted physical blocks
CHI,39,CHI:39,M4,block_compactness_iqr_experimental,0.17517649269107027,ratio,,,65.0,experimental_not_model_ready,False,Whole planar road-enclosed polygons; boundary-touching excluded; no carriageway or barrier correction; NOT accepted physical blocks
CHI,39,CHI:39,M4,block_elongation_median_experimental,1.4970928136183017,ratio,,,65.0,experimental_not_model_ready,False,Whole planar road-enclosed polygons; boundary-touching excluded; no carriageway or barrier correction; NOT accepted physical blocks
CHI,39,CHI:39,M4,block_elongation_iqr_experimental,0.8964010811455232,ratio,,,65.0,experimental_not_model_ready,False,Whole planar road-enclosed polygons; boundary-touching excluded; no carriageway or barrier correction; NOT accepted physical blocks
CHI,40,CHI:40,M3,block_log_area_median_experimental,10.213396099338569,log(m2),,,95.0,experimental_not_model_ready,False,Whole planar road-enclosed polygons; boundary-touching excluded; no carriageway or barrier correction; NOT accepted physical blocks
CHI,40,CHI:40,M3,block_log_area_iqr_experimental,0.4909442843299452,log(m2),,,95.0,experimental_not_model_ready,False,Whole planar road-enclosed polygons; boundary-touching excluded; no carriageway or barrier correction; NOT accepted physical blocks
CHI,40,CHI:40,M4,block_compactness_median_experimental,0.7519278486925912,ratio,,,95.0,experimental_not_model_ready,False,Whole planar road-enclosed polygons; boundary-touching excluded; no carriageway or barrier correction; NOT accepted physical blocks
CHI,40,CHI:40,M4,block_compactness_iqr_experimental,0.1877850005999222,ratio,,,95.0,experimental_not_model_ready,False,Whole planar road-enclosed polygons; boundary-touching excluded; no carriageway or barrier correction; NOT accepted physical blocks
CHI,40,CHI:40,M4,block_elongation_median_experimental,1.5185640616113307,ratio,,,95.0,experimental_not_model_ready,False,Whole planar road-enclosed polygons; boundary-touching excluded; no carriageway or barrier correction; NOT accepted physical blocks
CHI,40,CHI:40,M4,block_elongation_iqr_experimental,1.5511268591333232,ratio,,,95.0,experimental_not_model_ready,False,Whole planar road-enclosed polygons; boundary-touching excluded; no carriageway or barrier correction; NOT accepted physical blocks
CHI,41,CHI:41,M3,block_log_area_median_experimental,10.057401362366637,log(m2),,,124.0,experimental_not_model_ready,False,Whole planar road-enclosed polygons; boundary-touching excluded; no carriageway or barrier correction; NOT accepted physical blocks
CHI,41,CHI:41,M3,block_log_area_iqr_experimental,0.6548977077040501,log(m2),,,124.0,experimental_not_model_ready,False,Whole planar road-enclosed polygons; boundary-touching excluded; no carriageway or barrier correction; NOT accepted physical blocks
CHI,41,CHI:41,M4,block_compactness_median_experimental,0.721869401905449,ratio,,,124.0,experimental_not_model_ready,False,Whole planar road-enclosed polygons; boundary-touching excluded; no carriageway or barrier correction; NOT accepted physical blocks
CHI,41,CHI:41,M4,block_compactness_iqr_experimental,0.16671825040940114,ratio,,,124.0,experimental_not_model_ready,False,Whole planar road-enclosed polygons; boundary-touching excluded; no carriageway or barrier correction; NOT accepted physical blocks
CHI,41,CHI:41,M4,block_elongation_median_experimental,1.5469672796581115,ratio,,,124.0,experimental_not_model_ready,False,Whole planar road-enclosed polygons; boundary-touching excluded; no carriageway or barrier correction; NOT accepted physical blocks
CHI,41,CHI:41,M4,block_elongation_iqr_experimental,1.0650644015254969,ratio,,,124.0,experimental_not_model_ready,False,Whole planar road-enclosed polygons; boundary-touching excluded; no carriageway or barrier correction; NOT accepted physical blocks
CHI,42,CHI:42,M3,block_log_area_median_experimental,9.930183465434492,log(m2),,,155.0,experimental_not_model_ready,False,Whole planar road-enclosed polygons; boundary-touching excluded; no carriageway or barrier correction; NOT accepted physical blocks
CHI,42,CHI:42,M3,block_log_area_iqr_experimental,0.2989977797878396,log(m2),,,155.0,experimental_not_model_ready,False,Whole planar road-enclosed polygons; boundary-touching excluded; no carriageway or barrier correction; NOT accepted physical blocks
CHI,42,CHI:42,M4,block_compactness_median_experimental,0.6973478932252699,ratio,,,155.0,experimental_not_model_ready,False,Whole planar road-enclosed polygons; boundary-touching excluded; no carriageway or barrier correction; NOT accepted physical blocks
CHI,42,CHI:42,M4,block_compactness_iqr_experimental,0.022063994965074496,ratio,,,155.0,experimental_not_model_ready,False,Whole planar road-enclosed polygons; boundary-touching excluded; no carriageway or barrier correction; NOT accepted physical blocks
CHI,42,CHI:42,M4,block_elongation_median_experimental,1.9947971199249563,ratio,,,155.0,experimental_not_model_ready,False,Whole planar road-enclosed polygons; boundary-touching excluded; no carriageway or barrier correction; NOT accepted physical blocks
CHI,42,CHI:42,M4,block_elongation_iqr_experimental,0.4557048031551445,ratio,,,155.0,experimental_not_model_ready,False,Whole planar road-enclosed polygons; boundary-touching excluded; no carriageway or barrier correction; NOT accepted physical blocks
CHI,43,CHI:43,M3,block_log_area_median_experimental,9.923230253303865,log(m2),,,337.0,experimental_not_model_ready,False,Whole planar road-enclosed polygons; boundary-touching excluded; no carriageway or barrier correction; NOT accepted physical blocks
CHI,43,CHI:43,M3,block_log_area_iqr_experimental,0.2418031543383936,log(m2),,,337.0,experimental_not_model_ready,False,Whole planar road-enclosed polygons; boundary-touching excluded; no carriageway or barrier correction; NOT accepted physical blocks
CHI,43,CHI:43,M4,block_compactness_median_experimental,0.6991730682093824,ratio,,,337.0,experimental_not_model_ready,False,Whole planar road-enclosed polygons; boundary-touching excluded; no carriageway or barrier correction; NOT accepted physical blocks
CHI,43,CHI:43,M4,block_compactness_iqr_experimental,0.03481529307424336,ratio,,,337.0,experimental_not_model_ready,False,Whole planar road-enclosed polygons; boundary-touching excluded; no carriageway or barrier correction; NOT accepted physical blocks
CHI,43,CHI:43,M4,block_elongation_median_experimental,1.986109156096879,ratio,,,337.0,experimental_not_model_ready,False,Whole planar road-enclosed polygons; boundary-touching excluded; no carriageway or barrier correction; NOT accepted physical blocks
CHI,43,CHI:43,M4,block_elongation_iqr_experimental,0.2787723570173457,ratio,,,337.0,experimental_not_model_ready,False,Whole planar road-enclosed polygons; boundary-touching excluded; no carriageway or barrier correction; NOT accepted physical blocks
CHI,44,CHI:44,M3,block_log_area_median_experimental,9.92643645547334,log(m2),,,263.0,experimental_not_model_ready,False,Whole planar road-enclosed polygons; boundary-touching excluded; no carriageway or barrier correction; NOT accepted physical blocks
CHI,44,CHI:44,M3,block_log_area_iqr_experimental,0.28841277147149214,log(m2),,,263.0,experimental_not_model_ready,False,Whole planar road-enclosed polygons; boundary-touching excluded; no carriageway or barrier correction; NOT accepted physical blocks
CHI,44,CHI:44,M4,block_compactness_median_experimental,0.6992875722604256,ratio,,,263.0,experimental_not_model_ready,False,Whole planar road-enclosed polygons; boundary-touching excluded; no carriageway or barrier correction; NOT accepted physical blocks
CHI,44,CHI:44,M4,block_compactness_iqr_experimental,0.05504919391125629,ratio,,,263.0,experimental_not_model_ready,False,Whole planar road-enclosed polygons; boundary-touching excluded; no carriageway or barrier correction; NOT accepted physical blocks
CHI,44,CHI:44,M4,block_elongation_median_experimental,1.9883879693330628,ratio,,,263.0,experimental_not_model_ready,False,Whole planar road-enclosed polygons; boundary-touching excluded; no carriageway or barrier correction; NOT accepted physical blocks
CHI,44,CHI:44,M4,block_elongation_iqr_experimental,0.5028567750096837,ratio,,,263.0,experimental_not_model_ready,False,Whole planar road-enclosed polygons; boundary-touching excluded; no carriageway or barrier correction; NOT accepted physical blocks
CHI,45,CHI:45,M3,block_log_area_median_experimental,9.912465323114821,log(m2),,,155.0,experimental_not_model_ready,False,Whole planar road-enclosed polygons; boundary-touching excluded; no carriageway or barrier correction; NOT accepted physical blocks
CHI,45,CHI:45,M3,block_log_area_iqr_experimental,0.9049105669964881,log(m2),,,155.0,experimental_not_model_ready,False,Whole planar road-enclosed polygons; boundary-touching excluded; no carriageway or barrier correction; NOT accepted physical blocks
CHI,45,CHI:45,M4,block_compactness_median_experimental,0.683621837466599,ratio,,,155.0,experimental_not_model_ready,False,Whole planar road-enclosed polygons; boundary-touching excluded; no carriageway or barrier correction; NOT accepted physical blocks
CHI,45,CHI:45,M4,block_compactness_iqr_experimental,0.17333153215400543,ratio,,,155.0,experimental_not_model_ready,False,Whole planar road-enclosed polygons; boundary-touching excluded; no carriageway or barrier correction; NOT accepted physical blocks
CHI,45,CHI:45,M4,block_elongation_median_experimental,2.019739875126869,ratio,,,155.0,experimental_not_model_ready,False,Whole planar road-enclosed polygons; boundary-touching excluded; no carriageway or barrier correction; NOT accepted physical blocks
CHI,45,CHI:45,M4,block_elongation_iqr_experimental,1.0587458562127456,ratio,,,155.0,experimental_not_model_ready,False,Whole planar road-enclosed polygons; boundary-touching excluded; no carriageway or barrier correction; NOT accepted physical blocks
CHI,46,CHI:46,M3,block_log_area_median_experimental,9.924179454836516,log(m2),,,251.0,experimental_not_model_ready,False,Whole planar road-enclosed polygons; boundary-touching excluded; no carriageway or barrier correction; NOT accepted physical blocks
CHI,46,CHI:46,M3,block_log_area_iqr_experimental,0.1279892324033085,log(m2),,,251.0,experimental_not_model_ready,False,Whole planar road-enclosed polygons; boundary-touching excluded; no carriageway or barrier correction; NOT accepted physical blocks
CHI,46,CHI:46,M4,block_compactness_median_experimental,0.698779227748194,ratio,,,251.0,experimental_not_model_ready,False,Whole planar road-enclosed polygons; boundary-touching excluded; no carriageway or barrier correction; NOT accepted physical blocks
CHI,46,CHI:46,M4,block_compactness_iqr_experimental,0.02239078307127107,ratio,,,251.0,experimental_not_model_ready,False,Whole planar road-enclosed polygons; boundary-touching excluded; no carriageway or barrier correction; NOT accepted physical blocks
CHI,46,CHI:46,M4,block_elongation_median_experimental,1.9939934385086318,ratio,,,251.0,experimental_not_model_ready,False,Whole planar road-enclosed polygons; boundary-touching excluded; no carriageway or barrier correction; NOT accepted physical blocks
CHI,46,CHI:46,M4,block_elongation_iqr_experimental,0.23317428072032342,ratio,,,251.0,experimental_not_model_ready,False,Whole planar road-enclosed polygons; boundary-touching excluded; no carriageway or barrier correction; NOT accepted physical blocks
CHI,47,CHI:47,M3,block_log_area_median_experimental,9.923157528865197,log(m2),,,30.0,experimental_not_model_ready,False,Whole planar road-enclosed polygons; boundary-touching excluded; no carriageway or barrier correction; NOT accepted physical blocks
CHI,47,CHI:47,M3,block_log_area_iqr_experimental,0.003379476785873692,log(m2),,,30.0,experimental_not_model_ready,False,Whole planar road-enclosed polygons; boundary-touching excluded; no carriageway or barrier correction; NOT accepted physical blocks
CHI,47,CHI:47,M4,block_compactness_median_experimental,0.6972786568653732,ratio,,,30.0,experimental_not_model_ready,False,Whole planar road-enclosed polygons; boundary-touching excluded; no carriageway or barrier correction; NOT accepted physical blocks
CHI,47,CHI:47,M4,block_compactness_iqr_experimental,0.003764766070712633,ratio,,,30.0,experimental_not_model_ready,False,Whole planar road-enclosed polygons; boundary-touching excluded; no carriageway or barrier correction; NOT accepted physical blocks
CHI,47,CHI:47,M4,block_elongation_median_experimental,2.008718713133341,ratio,,,30.0,experimental_not_model_ready,False,Whole planar road-enclosed polygons; boundary-touching excluded; no carriageway or barrier correction; NOT accepted physical blocks
CHI,47,CHI:47,M4,block_elongation_iqr_experimental,0.015322840307173013,ratio,,,30.0,experimental_not_model_ready,False,Whole planar road-enclosed polygons; boundary-touching excluded; no carriageway or barrier correction; NOT accepted physical blocks
CHI,48,CHI:48,M3,block_log_area_median_experimental,9.926336303393798,log(m2),,,197.0,experimental_not_model_ready,False,Whole planar road-enclosed polygons; boundary-touching excluded; no carriageway or barrier correction; NOT accepted physical blocks
CHI,48,CHI:48,M3,block_log_area_iqr_experimental,0.053669645379226694,log(m2),,,197.0,experimental_not_model_ready,False,Whole planar road-enclosed polygons; boundary-touching excluded; no carriageway or barrier correction; NOT accepted physical blocks
CHI,48,CHI:48,M4,block_compactness_median_experimental,0.6975966163414302,ratio,,,197.0,experimental_not_model_ready,False,Whole planar road-enclosed polygons; boundary-touching excluded; no carriageway or barrier correction; NOT accepted physical blocks
CHI,48,CHI:48,M4,block_compactness_iqr_experimental,0.017557023431938656,ratio,,,197.0,experimental_not_model_ready,False,Whole planar road-enclosed polygons; boundary-touching excluded; no carriageway or barrier correction; NOT accepted physical blocks
CHI,48,CHI:48,M4,block_elongation_median_experimental,2.0009358477370287,ratio,,,197.0,experimental_not_model_ready,False,Whole planar road-enclosed polygons; boundary-touching excluded; no carriageway or barrier correction; NOT accepted physical blocks
CHI,48,CHI:48,M4,block_elongation_iqr_experimental,0.04300504383042858,ratio,,,197.0,experimental_not_model_ready,False,Whole planar road-enclosed polygons; boundary-touching excluded; no carriageway or barrier correction; NOT accepted physical blocks
CHI,49,CHI:49,M3,block_log_area_median_experimental,9.922605731144209,log(m2),,,479.0,experimental_not_model_ready,False,Whole planar road-enclosed polygons; boundary-touching excluded; no carriageway or barrier correction; NOT accepted physical blocks
CHI,49,CHI:49,M3,block_log_area_iqr_experimental,0.03479345444473658,log(m2),,,479.0,experimental_not_model_ready,False,Whole planar road-enclosed polygons; boundary-touching excluded; no carriageway or barrier correction; NOT accepted physical blocks
CHI,49,CHI:49,M4,block_compactness_median_experimental,0.697569511819124,ratio,,,479.0,experimental_not_model_ready,False,Whole planar road-enclosed polygons; boundary-touching excluded; no carriageway or barrier correction; NOT accepted physical blocks
CHI,49,CHI:49,M4,block_compactness_iqr_experimental,0.011444004985965428,ratio,,,479.0,experimental_not_model_ready,False,Whole planar road-enclosed polygons; boundary-touching excluded; no carriageway or barrier correction; NOT accepted physical blocks
CHI,49,CHI:49,M4,block_elongation_median_experimental,2.001567781065298,ratio,,,479.0,experimental_not_model_ready,False,Whole planar road-enclosed polygons; boundary-touching excluded; no carriageway or barrier correction; NOT accepted physical blocks
CHI,49,CHI:49,M4,block_elongation_iqr_experimental,0.07417298010468376,ratio,,,479.0,experimental_not_model_ready,False,Whole planar road-enclosed polygons; boundary-touching excluded; no carriageway or barrier correction; NOT accepted physical blocks
CHI,50,CHI:50,M3,block_log_area_median_experimental,9.882226523931227,log(m2),,,101.0,experimental_not_model_ready,False,Whole planar road-enclosed polygons; boundary-touching excluded; no carriageway or barrier correction; NOT accepted physical blocks
CHI,50,CHI:50,M3,block_log_area_iqr_experimental,0.6844549553859824,log(m2),,,101.0,experimental_not_model_ready,False,Whole planar road-enclosed polygons; boundary-touching excluded; no carriageway or barrier correction; NOT accepted physical blocks
CHI,50,CHI:50,M4,block_compactness_median_experimental,0.6564171966145559,ratio,,,101.0,experimental_not_model_ready,False,Whole planar road-enclosed polygons; boundary-touching excluded; no carriageway or barrier correction; NOT accepted physical blocks
CHI,50,CHI:50,M4,block_compactness_iqr_experimental,0.3826456159860213,ratio,,,101.0,experimental_not_model_ready,False,Whole planar road-enclosed polygons; boundary-touching excluded; no carriageway or barrier correction; NOT accepted physical blocks
CHI,50,CHI:50,M4,block_elongation_median_experimental,2.0730380163167927,ratio,,,101.0,experimental_not_model_ready,False,Whole planar road-enclosed polygons; boundary-touching excluded; no carriageway or barrier correction; NOT accepted physical blocks
CHI,50,CHI:50,M4,block_elongation_iqr_experimental,2.15177340175871,ratio,,,101.0,experimental_not_model_ready,False,Whole planar road-enclosed polygons; boundary-touching excluded; no carriageway or barrier correction; NOT accepted physical blocks
CHI,51,CHI:51,M3,block_log_area_median_experimental,9.922783494079773,log(m2),,,162.0,experimental_not_model_ready,False,Whole planar road-enclosed polygons; boundary-touching excluded; no carriageway or barrier correction; NOT accepted physical blocks
CHI,51,CHI:51,M3,block_log_area_iqr_experimental,0.17645934579902622,log(m2),,,162.0,experimental_not_model_ready,False,Whole planar road-enclosed polygons; boundary-touching excluded; no carriageway or barrier correction; NOT accepted physical blocks
CHI,51,CHI:51,M4,block_compactness_median_experimental,0.6974387972436242,ratio,,,162.0,experimental_not_model_ready,False,Whole planar road-enclosed polygons; boundary-touching excluded; no carriageway or barrier correction; NOT accepted physical blocks
CHI,51,CHI:51,M4,block_compactness_iqr_experimental,0.17977906185770798,ratio,,,162.0,experimental_not_model_ready,False,Whole planar road-enclosed polygons; boundary-touching excluded; no carriageway or barrier correction; NOT accepted physical blocks
CHI,51,CHI:51,M4,block_elongation_median_experimental,2.002300100828048,ratio,,,162.0,experimental_not_model_ready,False,Whole planar road-enclosed polygons; boundary-touching excluded; no carriageway or barrier correction; NOT accepted physical blocks
CHI,51,CHI:51,M4,block_elongation_iqr_experimental,0.45118948744625387,ratio,,,162.0,experimental_not_model_ready,False,Whole planar road-enclosed polygons; boundary-touching excluded; no carriageway or barrier correction; NOT accepted physical blocks
CHI,52,CHI:52,M3,block_log_area_median_experimental,9.91762122729101,log(m2),,,193.0,experimental_not_model_ready,False,Whole planar road-enclosed polygons; boundary-touching excluded; no carriageway or barrier correction; NOT accepted physical blocks
CHI,52,CHI:52,M3,block_log_area_iqr_experimental,0.01172340409085848,log(m2),,,193.0,experimental_not_model_ready,False,Whole planar road-enclosed polygons; boundary-touching excluded; no carriageway or barrier correction; NOT accepted physical blocks
CHI,52,CHI:52,M4,block_compactness_median_experimental,0.696658137600882,ratio,,,193.0,experimental_not_model_ready,False,Whole planar road-enclosed polygons; boundary-touching excluded; no carriageway or barrier correction; NOT accepted physical blocks
CHI,52,CHI:52,M4,block_compactness_iqr_experimental,0.005408445450568067,ratio,,,193.0,experimental_not_model_ready,False,Whole planar road-enclosed polygons; boundary-touching excluded; no carriageway or barrier correction; NOT accepted physical blocks
CHI,52,CHI:52,M4,block_elongation_median_experimental,2.0101326157643102,ratio,,,193.0,experimental_not_model_ready,False,Whole planar road-enclosed polygons; boundary-touching excluded; no carriageway or barrier correction; NOT accepted physical blocks
CHI,52,CHI:52,M4,block_elongation_iqr_experimental,0.025295982222849123,ratio,,,193.0,experimental_not_model_ready,False,Whole planar road-enclosed polygons; boundary-touching excluded; no carriageway or barrier correction; NOT accepted physical blocks
CHI,53,CHI:53,M3,block_log_area_median_experimental,9.917042707482839,log(m2),,,292.0,experimental_not_model_ready,False,Whole planar road-enclosed polygons; boundary-touching excluded; no carriageway or barrier correction; NOT accepted physical blocks
CHI,53,CHI:53,M3,block_log_area_iqr_experimental,0.05122594838963934,log(m2),,,292.0,experimental_not_model_ready,False,Whole planar road-enclosed polygons; boundary-touching excluded; no carriageway or barrier correction; NOT accepted physical blocks
CHI,53,CHI:53,M4,block_compactness_median_experimental,0.6970033616073794,ratio,,,292.0,experimental_not_model_ready,False,Whole planar road-enclosed polygons; boundary-touching excluded; no carriageway or barrier correction; NOT accepted physical blocks
CHI,53,CHI:53,M4,block_compactness_iqr_experimental,0.017299047867125328,ratio,,,292.0,experimental_not_model_ready,False,Whole planar road-enclosed polygons; boundary-touching excluded; no carriageway or barrier correction; NOT accepted physical blocks
CHI,53,CHI:53,M4,block_elongation_median_experimental,2.009813768158611,ratio,,,292.0,experimental_not_model_ready,False,Whole planar road-enclosed polygons; boundary-touching excluded; no carriageway or barrier correction; NOT accepted physical blocks
CHI,53,CHI:53,M4,block_elongation_iqr_experimental,0.2624852053868352,ratio,,,292.0,experimental_not_model_ready,False,Whole planar road-enclosed polygons; boundary-touching excluded; no carriageway or barrier correction; NOT accepted physical blocks
CHI,54,CHI:54,M3,block_log_area_median_experimental,10.188788463448198,log(m2),,,36.0,experimental_not_model_ready,False,Whole planar road-enclosed polygons; boundary-touching excluded; no carriageway or barrier correction; NOT accepted physical blocks
CHI,54,CHI:54,M3,block_log_area_iqr_experimental,1.5067701837668466,log(m2),,,36.0,experimental_not_model_ready,False,Whole planar road-enclosed polygons; boundary-touching excluded; no carriageway or barrier correction; NOT accepted physical blocks
CHI,54,CHI:54,M4,block_compactness_median_experimental,0.6288763358029368,ratio,,,36.0,experimental_not_model_ready,False,Whole planar road-enclosed polygons; boundary-touching excluded; no carriageway or barrier correction; NOT accepted physical blocks
CHI,54,CHI:54,M4,block_compactness_iqr_experimental,0.28090786032709875,ratio,,,36.0,experimental_not_model_ready,False,Whole planar road-enclosed polygons; boundary-touching excluded; no carriageway or barrier correction; NOT accepted physical blocks
CHI,54,CHI:54,M4,block_elongation_median_experimental,1.8663603094497452,ratio,,,36.0,experimental_not_model_ready,False,Whole planar road-enclosed polygons; boundary-touching excluded; no carriageway or barrier correction; NOT accepted physical blocks
CHI,54,CHI:54,M4,block_elongation_iqr_experimental,1.2299136953258785,ratio,,,36.0,experimental_not_model_ready,False,Whole planar road-enclosed polygons; boundary-touching excluded; no carriageway or barrier correction; NOT accepted physical blocks
CHI,55,CHI:55,M3,block_log_area_median_experimental,9.92784487246369,log(m2),,,101.0,experimental_not_model_ready,False,Whole planar road-enclosed polygons; boundary-touching excluded; no carriageway or barrier correction; NOT accepted physical blocks
CHI,55,CHI:55,M3,block_log_area_iqr_experimental,0.023582240908368135,log(m2),,,101.0,experimental_not_model_ready,False,Whole planar road-enclosed polygons; boundary-touching excluded; no carriageway or barrier correction; NOT accepted physical blocks
CHI,55,CHI:55,M4,block_compactness_median_experimental,0.697378480203374,ratio,,,101.0,experimental_not_model_ready,False,Whole planar road-enclosed polygons; boundary-touching excluded; no carriageway or barrier correction; NOT accepted physical blocks
CHI,55,CHI:55,M4,block_compactness_iqr_experimental,0.006537123678785783,ratio,,,101.0,experimental_not_model_ready,False,Whole planar road-enclosed polygons; boundary-touching excluded; no carriageway or barrier correction; NOT accepted physical blocks
CHI,55,CHI:55,M4,block_elongation_median_experimental,2.001556660288235,ratio,,,101.0,experimental_not_model_ready,False,Whole planar road-enclosed polygons; boundary-touching excluded; no carriageway or barrier correction; NOT accepted physical blocks
CHI,55,CHI:55,M4,block_elongation_iqr_experimental,0.03547286789448556,ratio,,,101.0,experimental_not_model_ready,False,Whole planar road-enclosed polygons; boundary-touching excluded; no carriageway or barrier correction; NOT accepted physical blocks
CHI,56,CHI:56,M3,block_log_area_median_experimental,9.933730918842812,log(m2),,,327.0,experimental_not_model_ready,False,Whole planar road-enclosed polygons; boundary-touching excluded; no carriageway or barrier correction; NOT accepted physical blocks
CHI,56,CHI:56,M3,block_log_area_iqr_experimental,0.016269760532273025,log(m2),,,327.0,experimental_not_model_ready,False,Whole planar road-enclosed polygons; boundary-touching excluded; no carriageway or barrier correction; NOT accepted physical blocks
CHI,56,CHI:56,M4,block_compactness_median_experimental,0.6982933958533446,ratio,,,327.0,experimental_not_model_ready,False,Whole planar road-enclosed polygons; boundary-touching excluded; no carriageway or barrier correction; NOT accepted physical blocks
CHI,56,CHI:56,M4,block_compactness_iqr_experimental,0.003983121547833757,ratio,,,327.0,experimental_not_model_ready,False,Whole planar road-enclosed polygons; boundary-touching excluded; no carriageway or barrier correction; NOT accepted physical blocks
CHI,56,CHI:56,M4,block_elongation_median_experimental,1.9937366340710148,ratio,,,327.0,experimental_not_model_ready,False,Whole planar road-enclosed polygons; boundary-touching excluded; no carriageway or barrier correction; NOT accepted physical blocks
CHI,56,CHI:56,M4,block_elongation_iqr_experimental,0.03209830718518436,ratio,,,327.0,experimental_not_model_ready,False,Whole planar road-enclosed polygons; boundary-touching excluded; no carriageway or barrier correction; NOT accepted physical blocks
CHI,57,CHI:57,M3,block_log_area_median_experimental,9.935253472289538,log(m2),,,122.0,experimental_not_model_ready,False,Whole planar road-enclosed polygons; boundary-touching excluded; no carriageway or barrier correction; NOT accepted physical blocks
CHI,57,CHI:57,M3,block_log_area_iqr_experimental,0.18193936790784093,log(m2),,,122.0,experimental_not_model_ready,False,Whole planar road-enclosed polygons; boundary-touching excluded; no carriageway or barrier correction; NOT accepted physical blocks
CHI,57,CHI:57,M4,block_compactness_median_experimental,0.698114246524095,ratio,,,122.0,experimental_not_model_ready,False,Whole planar road-enclosed polygons; boundary-touching excluded; no carriageway or barrier correction; NOT accepted physical blocks
CHI,57,CHI:57,M4,block_compactness_iqr_experimental,0.011372360869680076,ratio,,,122.0,experimental_not_model_ready,False,Whole planar road-enclosed polygons; boundary-touching excluded; no carriageway or barrier correction; NOT accepted physical blocks
CHI,57,CHI:57,M4,block_elongation_median_experimental,2.0003089481529974,ratio,,,122.0,experimental_not_model_ready,False,Whole planar road-enclosed polygons; boundary-touching excluded; no carriageway or barrier correction; NOT accepted physical blocks
CHI,57,CHI:57,M4,block_elongation_iqr_experimental,0.05850772454269193,ratio,,,122.0,experimental_not_model_ready,False,Whole planar road-enclosed polygons; boundary-touching excluded; no carriageway or barrier correction; NOT accepted physical blocks
CHI,58,CHI:58,M3,block_log_area_median_experimental,9.92952835198301,log(m2),,,213.0,experimental_not_model_ready,False,Whole planar road-enclosed polygons; boundary-touching excluded; no carriageway or barrier correction; NOT accepted physical blocks
CHI,58,CHI:58,M3,block_log_area_iqr_experimental,0.025410174013444475,log(m2),,,213.0,experimental_not_model_ready,False,Whole planar road-enclosed polygons; boundary-touching excluded; no carriageway or barrier correction; NOT accepted physical blocks
CHI,58,CHI:58,M4,block_compactness_median_experimental,0.6971553775346799,ratio,,,213.0,experimental_not_model_ready,False,Whole planar road-enclosed polygons; boundary-touching excluded; no carriageway or barrier correction; NOT accepted physical blocks
CHI,58,CHI:58,M4,block_compactness_iqr_experimental,0.023063925090878068,ratio,,,213.0,experimental_not_model_ready,False,Whole planar road-enclosed polygons; boundary-touching excluded; no carriageway or barrier correction; NOT accepted physical blocks
CHI,58,CHI:58,M4,block_elongation_median_experimental,1.9999649726992035,ratio,,,213.0,experimental_not_model_ready,False,Whole planar road-enclosed polygons; boundary-touching excluded; no carriageway or barrier correction; NOT accepted physical blocks
CHI,58,CHI:58,M4,block_elongation_iqr_experimental,0.09704801521923101,ratio,,,213.0,experimental_not_model_ready,False,Whole planar road-enclosed polygons; boundary-touching excluded; no carriageway or barrier correction; NOT accepted physical blocks
CHI,59,CHI:59,M3,block_log_area_median_experimental,9.920953030252242,log(m2),,,135.0,experimental_not_model_ready,False,Whole planar road-enclosed polygons; boundary-touching excluded; no carriageway or barrier correction; NOT accepted physical blocks
CHI,59,CHI:59,M3,block_log_area_iqr_experimental,0.6200906888156297,log(m2),,,135.0,experimental_not_model_ready,False,Whole planar road-enclosed polygons; boundary-touching excluded; no carriageway or barrier correction; NOT accepted physical blocks
CHI,59,CHI:59,M4,block_compactness_median_experimental,0.6972463221081908,ratio,,,135.0,experimental_not_model_ready,False,Whole planar road-enclosed polygons; boundary-touching excluded; no carriageway or barrier correction; NOT accepted physical blocks
CHI,59,CHI:59,M4,block_compactness_iqr_experimental,0.14120127387748738,ratio,,,135.0,experimental_not_model_ready,False,Whole planar road-enclosed polygons; boundary-touching excluded; no carriageway or barrier correction; NOT accepted physical blocks
CHI,59,CHI:59,M4,block_elongation_median_experimental,1.9996273117564363,ratio,,,135.0,experimental_not_model_ready,False,Whole planar road-enclosed polygons; boundary-touching excluded; no carriageway or barrier correction; NOT accepted physical blocks
CHI,59,CHI:59,M4,block_elongation_iqr_experimental,0.35727912127469774,ratio,,,135.0,experimental_not_model_ready,False,Whole planar road-enclosed polygons; boundary-touching excluded; no carriageway or barrier correction; NOT accepted physical blocks
CHI,60,CHI:60,M3,block_log_area_median_experimental,9.91817829373026,log(m2),,,218.0,experimental_not_model_ready,False,Whole planar road-enclosed polygons; boundary-touching excluded; no carriageway or barrier correction; NOT accepted physical blocks
CHI,60,CHI:60,M3,block_log_area_iqr_experimental,0.4461905431393802,log(m2),,,218.0,experimental_not_model_ready,False,Whole planar road-enclosed polygons; boundary-touching excluded; no carriageway or barrier correction; NOT accepted physical blocks
CHI,60,CHI:60,M4,block_compactness_median_experimental,0.6974784177024038,ratio,,,218.0,experimental_not_model_ready,False,Whole planar road-enclosed polygons; boundary-touching excluded; no carriageway or barrier correction; NOT accepted physical blocks
CHI,60,CHI:60,M4,block_compactness_iqr_experimental,0.17108896569442078,ratio,,,218.0,experimental_not_model_ready,False,Whole planar road-enclosed polygons; boundary-touching excluded; no carriageway or barrier correction; NOT accepted physical blocks
CHI,60,CHI:60,M4,block_elongation_median_experimental,1.99669946923553,ratio,,,218.0,experimental_not_model_ready,False,Whole planar road-enclosed polygons; boundary-touching excluded; no carriageway or barrier correction; NOT accepted physical blocks
CHI,60,CHI:60,M4,block_elongation_iqr_experimental,1.4755266347679283,ratio,,,218.0,experimental_not_model_ready,False,Whole planar road-enclosed polygons; boundary-touching excluded; no carriageway or barrier correction; NOT accepted physical blocks
CHI,61,CHI:61,M3,block_log_area_median_experimental,9.923476991570007,log(m2),,,316.0,experimental_not_model_ready,False,Whole planar road-enclosed polygons; boundary-touching excluded; no carriageway or barrier correction; NOT accepted physical blocks
CHI,61,CHI:61,M3,block_log_area_iqr_experimental,0.009746590840668645,log(m2),,,316.0,experimental_not_model_ready,False,Whole planar road-enclosed polygons; boundary-touching excluded; no carriageway or barrier correction; NOT accepted physical blocks
CHI,61,CHI:61,M4,block_compactness_median_experimental,0.6978484839951258,ratio,,,316.0,experimental_not_model_ready,False,Whole planar road-enclosed polygons; boundary-touching excluded; no carriageway or barrier correction; NOT accepted physical blocks
CHI,61,CHI:61,M4,block_compactness_iqr_experimental,0.0033725385768224037,ratio,,,316.0,experimental_not_model_ready,False,Whole planar road-enclosed polygons; boundary-touching excluded; no carriageway or barrier correction; NOT accepted physical blocks
CHI,61,CHI:61,M4,block_elongation_median_experimental,1.9996025533773223,ratio,,,316.0,experimental_not_model_ready,False,Whole planar road-enclosed polygons; boundary-touching excluded; no carriageway or barrier correction; NOT accepted physical blocks
CHI,61,CHI:61,M4,block_elongation_iqr_experimental,0.02948624439174452,ratio,,,316.0,experimental_not_model_ready,False,Whole planar road-enclosed polygons; boundary-touching excluded; no carriageway or barrier correction; NOT accepted physical blocks
CHI,62,CHI:62,M3,block_log_area_median_experimental,9.932469190729648,log(m2),,,114.0,experimental_not_model_ready,False,Whole planar road-enclosed polygons; boundary-touching excluded; no carriageway or barrier correction; NOT accepted physical blocks
CHI,62,CHI:62,M3,block_log_area_iqr_experimental,0.009289150360913823,log(m2),,,114.0,experimental_not_model_ready,False,Whole planar road-enclosed polygons; boundary-touching excluded; no carriageway or barrier correction; NOT accepted physical blocks
CHI,62,CHI:62,M4,block_compactness_median_experimental,0.6980592515458806,ratio,,,114.0,experimental_not_model_ready,False,Whole planar road-enclosed polygons; boundary-touching excluded; no carriageway or barrier correction; NOT accepted physical blocks
CHI,62,CHI:62,M4,block_compactness_iqr_experimental,0.0032404755293390375,ratio,,,114.0,experimental_not_model_ready,False,Whole planar road-enclosed polygons; boundary-touching excluded; no carriageway or barrier correction; NOT accepted physical blocks
CHI,62,CHI:62,M4,block_elongation_median_experimental,1.998911660167127,ratio,,,114.0,experimental_not_model_ready,False,Whole planar road-enclosed polygons; boundary-touching excluded; no carriageway or barrier correction; NOT accepted physical blocks
CHI,62,CHI:62,M4,block_elongation_iqr_experimental,0.023412402748738792,ratio,,,114.0,experimental_not_model_ready,False,Whole planar road-enclosed polygons; boundary-touching excluded; no carriageway or barrier correction; NOT accepted physical blocks
CHI,63,CHI:63,M3,block_log_area_median_experimental,9.929810007949014,log(m2),,,204.0,experimental_not_model_ready,False,Whole planar road-enclosed polygons; boundary-touching excluded; no carriageway or barrier correction; NOT accepted physical blocks
CHI,63,CHI:63,M3,block_log_area_iqr_experimental,0.005788774673231245,log(m2),,,204.0,experimental_not_model_ready,False,Whole planar road-enclosed polygons; boundary-touching excluded; no carriageway or barrier correction; NOT accepted physical blocks
CHI,63,CHI:63,M4,block_compactness_median_experimental,0.6986676412935192,ratio,,,204.0,experimental_not_model_ready,False,Whole planar road-enclosed polygons; boundary-touching excluded; no carriageway or barrier correction; NOT accepted physical blocks
CHI,63,CHI:63,M4,block_compactness_iqr_experimental,0.0017867235054941366,ratio,,,204.0,experimental_not_model_ready,False,Whole planar road-enclosed polygons; boundary-touching excluded; no carriageway or barrier correction; NOT accepted physical blocks
CHI,63,CHI:63,M4,block_elongation_median_experimental,1.9938433752902933,ratio,,,204.0,experimental_not_model_ready,False,Whole planar road-enclosed polygons; boundary-touching excluded; no carriageway or barrier correction; NOT accepted physical blocks
CHI,63,CHI:63,M4,block_elongation_iqr_experimental,0.014439598754830252,ratio,,,204.0,experimental_not_model_ready,False,Whole planar road-enclosed polygons; boundary-touching excluded; no carriageway or barrier correction; NOT accepted physical blocks
CHI,64,CHI:64,M3,block_log_area_median_experimental,9.934725885454716,log(m2),,,159.0,experimental_not_model_ready,False,Whole planar road-enclosed polygons; boundary-touching excluded; no carriageway or barrier correction; NOT accepted physical blocks
CHI,64,CHI:64,M3,block_log_area_iqr_experimental,0.011042057574934816,log(m2),,,159.0,experimental_not_model_ready,False,Whole planar road-enclosed polygons; boundary-touching excluded; no carriageway or barrier correction; NOT accepted physical blocks
CHI,64,CHI:64,M4,block_compactness_median_experimental,0.6971697404675368,ratio,,,159.0,experimental_not_model_ready,False,Whole planar road-enclosed polygons; boundary-touching excluded; no carriageway or barrier correction; NOT accepted physical blocks
CHI,64,CHI:64,M4,block_compactness_iqr_experimental,0.003099268734239047,ratio,,,159.0,experimental_not_model_ready,False,Whole planar road-enclosed polygons; boundary-touching excluded; no carriageway or barrier correction; NOT accepted physical blocks
CHI,64,CHI:64,M4,block_elongation_median_experimental,2.0088508316359466,ratio,,,159.0,experimental_not_model_ready,False,Whole planar road-enclosed polygons; boundary-touching excluded; no carriageway or barrier correction; NOT accepted physical blocks
CHI,64,CHI:64,M4,block_elongation_iqr_experimental,0.019545114246656503,ratio,,,159.0,experimental_not_model_ready,False,Whole planar road-enclosed polygons; boundary-touching excluded; no carriageway or barrier correction; NOT accepted physical blocks
CHI,65,CHI:65,M3,block_log_area_median_experimental,9.930161833375239,log(m2),,,208.0,experimental_not_model_ready,False,Whole planar road-enclosed polygons; boundary-touching excluded; no carriageway or barrier correction; NOT accepted physical blocks
CHI,65,CHI:65,M3,block_log_area_iqr_experimental,0.005875922194247707,log(m2),,,208.0,experimental_not_model_ready,False,Whole planar road-enclosed polygons; boundary-touching excluded; no carriageway or barrier correction; NOT accepted physical blocks
CHI,65,CHI:65,M4,block_compactness_median_experimental,0.6983997375336214,ratio,,,208.0,experimental_not_model_ready,False,Whole planar road-enclosed polygons; boundary-touching excluded; no carriageway or barrier correction; NOT accepted physical blocks
CHI,65,CHI:65,M4,block_compactness_iqr_experimental,0.003118770739882759,ratio,,,208.0,experimental_not_model_ready,False,Whole planar road-enclosed polygons; boundary-touching excluded; no carriageway or barrier correction; NOT accepted physical blocks
CHI,65,CHI:65,M4,block_elongation_median_experimental,1.9983045295703357,ratio,,,208.0,experimental_not_model_ready,False,Whole planar road-enclosed polygons; boundary-touching excluded; no carriageway or barrier correction; NOT accepted physical blocks
CHI,65,CHI:65,M4,block_elongation_iqr_experimental,0.021951813664350617,ratio,,,208.0,experimental_not_model_ready,False,Whole planar road-enclosed polygons; boundary-touching excluded; no carriageway or barrier correction; NOT accepted physical blocks
CHI,66,CHI:66,M3,block_log_area_median_experimental,9.928064444560178,log(m2),,,335.0,experimental_not_model_ready,False,Whole planar road-enclosed polygons; boundary-touching excluded; no carriageway or barrier correction; NOT accepted physical blocks
CHI,66,CHI:66,M3,block_log_area_iqr_experimental,0.01396074916057799,log(m2),,,335.0,experimental_not_model_ready,False,Whole planar road-enclosed polygons; boundary-touching excluded; no carriageway or barrier correction; NOT accepted physical blocks
CHI,66,CHI:66,M4,block_compactness_median_experimental,0.6988985110711244,ratio,,,335.0,experimental_not_model_ready,False,Whole planar road-enclosed polygons; boundary-touching excluded; no carriageway or barrier correction; NOT accepted physical blocks
CHI,66,CHI:66,M4,block_compactness_iqr_experimental,0.002630894853646759,ratio,,,335.0,experimental_not_model_ready,False,Whole planar road-enclosed polygons; boundary-touching excluded; no carriageway or barrier correction; NOT accepted physical blocks
CHI,66,CHI:66,M4,block_elongation_median_experimental,1.9916877705454799,ratio,,,335.0,experimental_not_model_ready,False,Whole planar road-enclosed polygons; boundary-touching excluded; no carriageway or barrier correction; NOT accepted physical blocks
CHI,66,CHI:66,M4,block_elongation_iqr_experimental,0.02402135344468026,ratio,,,335.0,experimental_not_model_ready,False,Whole planar road-enclosed polygons; boundary-touching excluded; no carriageway or barrier correction; NOT accepted physical blocks
CHI,67,CHI:67,M3,block_log_area_median_experimental,9.921967708832605,log(m2),,,341.0,experimental_not_model_ready,False,Whole planar road-enclosed polygons; boundary-touching excluded; no carriageway or barrier correction; NOT accepted physical blocks
CHI,67,CHI:67,M3,block_log_area_iqr_experimental,0.01241946349086298,log(m2),,,341.0,experimental_not_model_ready,False,Whole planar road-enclosed polygons; boundary-touching excluded; no carriageway or barrier correction; NOT accepted physical blocks
CHI,67,CHI:67,M4,block_compactness_median_experimental,0.6978703889618644,ratio,,,341.0,experimental_not_model_ready,False,Whole planar road-enclosed polygons; boundary-touching excluded; no carriageway or barrier correction; NOT accepted physical blocks
CHI,67,CHI:67,M4,block_compactness_iqr_experimental,0.006373958269405788,ratio,,,341.0,experimental_not_model_ready,False,Whole planar road-enclosed polygons; boundary-touching excluded; no carriageway or barrier correction; NOT accepted physical blocks
CHI,67,CHI:67,M4,block_elongation_median_experimental,2.0010051520868855,ratio,,,341.0,experimental_not_model_ready,False,Whole planar road-enclosed polygons; boundary-touching excluded; no carriageway or barrier correction; NOT accepted physical blocks
CHI,67,CHI:67,M4,block_elongation_iqr_experimental,0.05172351793546626,ratio,,,341.0,experimental_not_model_ready,False,Whole planar road-enclosed polygons; boundary-touching excluded; no carriageway or barrier correction; NOT accepted physical blocks
CHI,68,CHI:68,M3,block_log_area_median_experimental,9.92241435228398,log(m2),,,362.0,experimental_not_model_ready,False,Whole planar road-enclosed polygons; boundary-touching excluded; no carriageway or barrier correction; NOT accepted physical blocks
CHI,68,CHI:68,M3,block_log_area_iqr_experimental,0.19330885216393945,log(m2),,,362.0,experimental_not_model_ready,False,Whole planar road-enclosed polygons; boundary-touching excluded; no carriageway or barrier correction; NOT accepted physical blocks
CHI,68,CHI:68,M4,block_compactness_median_experimental,0.697889706660723,ratio,,,362.0,experimental_not_model_ready,False,Whole planar road-enclosed polygons; boundary-touching excluded; no carriageway or barrier correction; NOT accepted physical blocks
CHI,68,CHI:68,M4,block_compactness_iqr_experimental,0.027050448136473948,ratio,,,362.0,experimental_not_model_ready,False,Whole planar road-enclosed polygons; boundary-touching excluded; no carriageway or barrier correction; NOT accepted physical blocks
CHI,68,CHI:68,M4,block_elongation_median_experimental,1.9985471797640337,ratio,,,362.0,experimental_not_model_ready,False,Whole planar road-enclosed polygons; boundary-touching excluded; no carriageway or barrier correction; NOT accepted physical blocks
CHI,68,CHI:68,M4,block_elongation_iqr_experimental,0.32226280886452074,ratio,,,362.0,experimental_not_model_ready,False,Whole planar road-enclosed polygons; boundary-touching excluded; no carriageway or barrier correction; NOT accepted physical blocks
CHI,69,CHI:69,M3,block_log_area_median_experimental,9.922782442498594,log(m2),,,371.0,experimental_not_model_ready,False,Whole planar road-enclosed polygons; boundary-touching excluded; no carriageway or barrier correction; NOT accepted physical blocks
CHI,69,CHI:69,M3,block_log_area_iqr_experimental,0.6899313526913797,log(m2),,,371.0,experimental_not_model_ready,False,Whole planar road-enclosed polygons; boundary-touching excluded; no carriageway or barrier correction; NOT accepted physical blocks
CHI,69,CHI:69,M4,block_compactness_median_experimental,0.6971242764735643,ratio,,,371.0,experimental_not_model_ready,False,Whole planar road-enclosed polygons; boundary-touching excluded; no carriageway or barrier correction; NOT accepted physical blocks
CHI,69,CHI:69,M4,block_compactness_iqr_experimental,0.21284175670742445,ratio,,,371.0,experimental_not_model_ready,False,Whole planar road-enclosed polygons; boundary-touching excluded; no carriageway or barrier correction; NOT accepted physical blocks
CHI,69,CHI:69,M4,block_elongation_median_experimental,1.9796919304090839,ratio,,,371.0,experimental_not_model_ready,False,Whole planar road-enclosed polygons; boundary-touching excluded; no carriageway or barrier correction; NOT accepted physical blocks
CHI,69,CHI:69,M4,block_elongation_iqr_experimental,0.5611913109622704,ratio,,,371.0,experimental_not_model_ready,False,Whole planar road-enclosed polygons; boundary-touching excluded; no carriageway or barrier correction; NOT accepted physical blocks
CHI,70,CHI:70,M3,block_log_area_median_experimental,9.928162057210487,log(m2),,,366.0,experimental_not_model_ready,False,Whole planar road-enclosed polygons; boundary-touching excluded; no carriageway or barrier correction; NOT accepted physical blocks
CHI,70,CHI:70,M3,block_log_area_iqr_experimental,0.17319233322161232,log(m2),,,366.0,experimental_not_model_ready,False,Whole planar road-enclosed polygons; boundary-touching excluded; no carriageway or barrier correction; NOT accepted physical blocks
CHI,70,CHI:70,M4,block_compactness_median_experimental,0.6960780190379872,ratio,,,366.0,experimental_not_model_ready,False,Whole planar road-enclosed polygons; boundary-touching excluded; no carriageway or barrier correction; NOT accepted physical blocks
CHI,70,CHI:70,M4,block_compactness_iqr_experimental,0.09296193777800643,ratio,,,366.0,experimental_not_model_ready,False,Whole planar road-enclosed polygons; boundary-touching excluded; no carriageway or barrier correction; NOT accepted physical blocks
CHI,70,CHI:70,M4,block_elongation_median_experimental,1.998438474517505,ratio,,,366.0,experimental_not_model_ready,False,Whole planar road-enclosed polygons; boundary-touching excluded; no carriageway or barrier correction; NOT accepted physical blocks
CHI,70,CHI:70,M4,block_elongation_iqr_experimental,0.23446369242797216,ratio,,,366.0,experimental_not_model_ready,False,Whole planar road-enclosed polygons; boundary-touching excluded; no carriageway or barrier correction; NOT accepted physical blocks
CHI,71,CHI:71,M3,block_log_area_median_experimental,9.923337227827187,log(m2),,,423.0,experimental_not_model_ready,False,Whole planar road-enclosed polygons; boundary-touching excluded; no carriageway or barrier correction; NOT accepted physical blocks
CHI,71,CHI:71,M3,block_log_area_iqr_experimental,0.010491923557742311,log(m2),,,423.0,experimental_not_model_ready,False,Whole planar road-enclosed polygons; boundary-touching excluded; no carriageway or barrier correction; NOT accepted physical blocks
CHI,71,CHI:71,M4,block_compactness_median_experimental,0.6979223695959705,ratio,,,423.0,experimental_not_model_ready,False,Whole planar road-enclosed polygons; boundary-touching excluded; no carriageway or barrier correction; NOT accepted physical blocks
CHI,71,CHI:71,M4,block_compactness_iqr_experimental,0.0032981015632693733,ratio,,,423.0,experimental_not_model_ready,False,Whole planar road-enclosed polygons; boundary-touching excluded; no carriageway or barrier correction; NOT accepted physical blocks
CHI,71,CHI:71,M4,block_elongation_median_experimental,2.0002397849584326,ratio,,,423.0,experimental_not_model_ready,False,Whole planar road-enclosed polygons; boundary-touching excluded; no carriageway or barrier correction; NOT accepted physical blocks
CHI,71,CHI:71,M4,block_elongation_iqr_experimental,0.037879141440509745,ratio,,,423.0,experimental_not_model_ready,False,Whole planar road-enclosed polygons; boundary-touching excluded; no carriageway or barrier correction; NOT accepted physical blocks
CHI,72,CHI:72,M3,block_log_area_median_experimental,9.972050886576302,log(m2),,,222.0,experimental_not_model_ready,False,Whole planar road-enclosed polygons; boundary-touching excluded; no carriageway or barrier correction; NOT accepted physical blocks
CHI,72,CHI:72,M3,block_log_area_iqr_experimental,0.33433887597946566,log(m2),,,222.0,experimental_not_model_ready,False,Whole planar road-enclosed polygons; boundary-touching excluded; no carriageway or barrier correction; NOT accepted physical blocks
CHI,72,CHI:72,M4,block_compactness_median_experimental,0.6975105131873254,ratio,,,222.0,experimental_not_model_ready,False,Whole planar road-enclosed polygons; boundary-touching excluded; no carriageway or barrier correction; NOT accepted physical blocks
CHI,72,CHI:72,M4,block_compactness_iqr_experimental,0.031004357681341355,ratio,,,222.0,experimental_not_model_ready,False,Whole planar road-enclosed polygons; boundary-touching excluded; no carriageway or barrier correction; NOT accepted physical blocks
CHI,72,CHI:72,M4,block_elongation_median_experimental,2.001690144493618,ratio,,,222.0,experimental_not_model_ready,False,Whole planar road-enclosed polygons; boundary-touching excluded; no carriageway or barrier correction; NOT accepted physical blocks
CHI,72,CHI:72,M4,block_elongation_iqr_experimental,0.41842300436805546,ratio,,,222.0,experimental_not_model_ready,False,Whole planar road-enclosed polygons; boundary-touching excluded; no carriageway or barrier correction; NOT accepted physical blocks
CHI,73,CHI:73,M3,block_log_area_median_experimental,9.92346611265878,log(m2),,,323.0,experimental_not_model_ready,False,Whole planar road-enclosed polygons; boundary-touching excluded; no carriageway or barrier correction; NOT accepted physical blocks
CHI,73,CHI:73,M3,block_log_area_iqr_experimental,0.06557979221572552,log(m2),,,323.0,experimental_not_model_ready,False,Whole planar road-enclosed polygons; boundary-touching excluded; no carriageway or barrier correction; NOT accepted physical blocks
CHI,73,CHI:73,M4,block_compactness_median_experimental,0.6983989202183333,ratio,,,323.0,experimental_not_model_ready,False,Whole planar road-enclosed polygons; boundary-touching excluded; no carriageway or barrier correction; NOT accepted physical blocks
CHI,73,CHI:73,M4,block_compactness_iqr_experimental,0.015184629953460593,ratio,,,323.0,experimental_not_model_ready,False,Whole planar road-enclosed polygons; boundary-touching excluded; no carriageway or barrier correction; NOT accepted physical blocks
CHI,73,CHI:73,M4,block_elongation_median_experimental,1.9987215576948099,ratio,,,323.0,experimental_not_model_ready,False,Whole planar road-enclosed polygons; boundary-touching excluded; no carriageway or barrier correction; NOT accepted physical blocks
CHI,73,CHI:73,M4,block_elongation_iqr_experimental,0.14110963168914537,ratio,,,323.0,experimental_not_model_ready,False,Whole planar road-enclosed polygons; boundary-touching excluded; no carriageway or barrier correction; NOT accepted physical blocks
CHI,74,CHI:74,M3,block_log_area_median_experimental,9.922610660897467,log(m2),,,132.0,experimental_not_model_ready,False,Whole planar road-enclosed polygons; boundary-touching excluded; no carriageway or barrier correction; NOT accepted physical blocks
CHI,74,CHI:74,M3,block_log_area_iqr_experimental,0.45449396023598254,log(m2),,,132.0,experimental_not_model_ready,False,Whole planar road-enclosed polygons; boundary-touching excluded; no carriageway or barrier correction; NOT accepted physical blocks
CHI,74,CHI:74,M4,block_compactness_median_experimental,0.6941780676417457,ratio,,,132.0,experimental_not_model_ready,False,Whole planar road-enclosed polygons; boundary-touching excluded; no carriageway or barrier correction; NOT accepted physical blocks
CHI,74,CHI:74,M4,block_compactness_iqr_experimental,0.032602753399899154,ratio,,,132.0,experimental_not_model_ready,False,Whole planar road-enclosed polygons; boundary-touching excluded; no carriageway or barrier correction; NOT accepted physical blocks
CHI,74,CHI:74,M4,block_elongation_median_experimental,2.0183006484913086,ratio,,,132.0,experimental_not_model_ready,False,Whole planar road-enclosed polygons; boundary-touching excluded; no carriageway or barrier correction; NOT accepted physical blocks
CHI,74,CHI:74,M4,block_elongation_iqr_experimental,0.1871569867709555,ratio,,,132.0,experimental_not_model_ready,False,Whole planar road-enclosed polygons; boundary-touching excluded; no carriageway or barrier correction; NOT accepted physical blocks
CHI,75,CHI:75,M3,block_log_area_median_experimental,9.931450330208985,log(m2),,,267.0,experimental_not_model_ready,False,Whole planar road-enclosed polygons; boundary-touching excluded; no carriageway or barrier correction; NOT accepted physical blocks
CHI,75,CHI:75,M3,block_log_area_iqr_experimental,0.43249910548149373,log(m2),,,267.0,experimental_not_model_ready,False,Whole planar road-enclosed polygons; boundary-touching excluded; no carriageway or barrier correction; NOT accepted physical blocks
CHI,75,CHI:75,M4,block_compactness_median_experimental,0.6987110395278778,ratio,,,267.0,experimental_not_model_ready,False,Whole planar road-enclosed polygons; boundary-touching excluded; no carriageway or barrier correction; NOT accepted physical blocks
CHI,75,CHI:75,M4,block_compactness_iqr_experimental,0.07899770129732786,ratio,,,267.0,experimental_not_model_ready,False,Whole planar road-enclosed polygons; boundary-touching excluded; no carriageway or barrier correction; NOT accepted physical blocks
CHI,75,CHI:75,M4,block_elongation_median_experimental,1.9794692783247578,ratio,,,267.0,experimental_not_model_ready,False,Whole planar road-enclosed polygons; boundary-touching excluded; no carriageway or barrier correction; NOT accepted physical blocks
CHI,75,CHI:75,M4,block_elongation_iqr_experimental,0.49605179712348635,ratio,,,267.0,experimental_not_model_ready,False,Whole planar road-enclosed polygons; boundary-touching excluded; no carriageway or barrier correction; NOT accepted physical blocks
CHI,76,CHI:76,M3,block_log_area_median_experimental,9.74899463728713,log(m2),,,182.0,experimental_not_model_ready,False,Whole planar road-enclosed polygons; boundary-touching excluded; no carriageway or barrier correction; NOT accepted physical blocks
CHI,76,CHI:76,M3,block_log_area_iqr_experimental,1.9690287130852617,log(m2),,,182.0,experimental_not_model_ready,False,Whole planar road-enclosed polygons; boundary-touching excluded; no carriageway or barrier correction; NOT accepted physical blocks
CHI,76,CHI:76,M4,block_compactness_median_experimental,0.5368382952134809,ratio,,,182.0,experimental_not_model_ready,False,Whole planar road-enclosed polygons; boundary-touching excluded; no carriageway or barrier correction; NOT accepted physical blocks
CHI,76,CHI:76,M4,block_compactness_iqr_experimental,0.4626798132646822,ratio,,,182.0,experimental_not_model_ready,False,Whole planar road-enclosed polygons; boundary-touching excluded; no carriageway or barrier correction; NOT accepted physical blocks
CHI,76,CHI:76,M4,block_elongation_median_experimental,2.390995885425347,ratio,,,182.0,experimental_not_model_ready,False,Whole planar road-enclosed polygons; boundary-touching excluded; no carriageway or barrier correction; NOT accepted physical blocks
CHI,76,CHI:76,M4,block_elongation_iqr_experimental,2.8971861490686366,ratio,,,182.0,experimental_not_model_ready,False,Whole planar road-enclosed polygons; boundary-touching excluded; no carriageway or barrier correction; NOT accepted physical blocks
CHI,77,CHI:77,M3,block_log_area_median_experimental,9.946527680755114,log(m2),,,178.0,experimental_not_model_ready,False,Whole planar road-enclosed polygons; boundary-touching excluded; no carriageway or barrier correction; NOT accepted physical blocks
CHI,77,CHI:77,M3,block_log_area_iqr_experimental,0.27287493013911934,log(m2),,,178.0,experimental_not_model_ready,False,Whole planar road-enclosed polygons; boundary-touching excluded; no carriageway or barrier correction; NOT accepted physical blocks
CHI,77,CHI:77,M4,block_compactness_median_experimental,0.6974668888725386,ratio,,,178.0,experimental_not_model_ready,False,Whole planar road-enclosed polygons; boundary-touching excluded; no carriageway or barrier correction; NOT accepted physical blocks
CHI,77,CHI:77,M4,block_compactness_iqr_experimental,0.10116571366276872,ratio,,,178.0,experimental_not_model_ready,False,Whole planar road-enclosed polygons; boundary-touching excluded; no carriageway or barrier correction; NOT accepted physical blocks
CHI,77,CHI:77,M4,block_elongation_median_experimental,1.9572068514168568,ratio,,,178.0,experimental_not_model_ready,False,Whole planar road-enclosed polygons; boundary-touching excluded; no carriageway or barrier correction; NOT accepted physical blocks
CHI,77,CHI:77,M4,block_elongation_iqr_experimental,0.44958944054578476,ratio,,,178.0,experimental_not_model_ready,False,Whole planar road-enclosed polygons; boundary-touching excluded; no carriageway or barrier correction; NOT accepted physical blocks
CHI,01,CHI:01,B1,building_coverage_municipal_land,0.2983854617498209,fraction,1419913.8359049403,4758656.228015079,,local_source_exploratory,False,ACTIVE municipal footprint exact tiled union; CMAP 5000 water mask proxy; source metadata August 2015
CHI,01,CHI:01,B1,building_coverage_municipal_gross,0.2983854617498203,fraction,1419913.835904937,4758656.228015077,,diagnostic,False,Same footprint union / gross area
CHI,01,CHI:01,B1,footprint_overlap_excess_fraction,7.855723491118054e-12,fraction,1.1154450476169586e-05,1419913.8359160915,,diagnostic,False,"Summed clipped area minus union, divided by sum"
CHI,01,CHI:01,B2,building_stories_median_municipal,2.0,stories,,,2991.0,local_source_exploratory,False,One positive stories field per ACTIVE building; whole geometry largest-overlap assignment; no missing-floor imputation; distinct from SP fiscal entities
CHI,01,CHI:01,B2,building_stories_p90_municipal,3.0,stories,,,2991.0,local_source_exploratory,False,One positive stories field per ACTIVE building; whole geometry largest-overlap assignment; no missing-floor imputation; distinct from SP fiscal entities
CHI,01,CHI:01,B2,building_stories_coverage,0.5602172691515265,fraction,2991.0,5339.0,,diagnostic,False,Positive stories / assigned ACTIVE building records
CHI,02,CHI:02,B1,building_coverage_municipal_land,0.24933729341026448,fraction,2278358.9489456946,9137658.140841523,,local_source_exploratory,False,ACTIVE municipal footprint exact tiled union; CMAP 5000 water mask proxy; source metadata August 2015
CHI,02,CHI:02,B1,building_coverage_municipal_gross,0.24933729341026395,fraction,2278358.948945694,9137658.14084154,,diagnostic,False,Same footprint union / gross area
CHI,02,CHI:02,B1,footprint_overlap_excess_fraction,0.0003398462943667485,fraction,774.5550757087767,2279133.504021403,,diagnostic,False,"Summed clipped area minus union, divided by sum"
CHI,02,CHI:02,B2,building_stories_median_municipal,2.0,stories,,,8593.0,local_source_exploratory,False,One positive stories field per ACTIVE building; whole geometry largest-overlap assignment; no missing-floor imputation; distinct from SP fiscal entities
CHI,02,CHI:02,B2,building_stories_p90_municipal,3.0,stories,,,8593.0,local_source_exploratory,False,One positive stories field per ACTIVE building; whole geometry largest-overlap assignment; no missing-floor imputation; distinct from SP fiscal entities
CHI,02,CHI:02,B2,building_stories_coverage,0.5410527641354993,fraction,8593.0,15882.0,,diagnostic,False,Positive stories / assigned ACTIVE building records
CHI,03,CHI:03,B1,building_coverage_municipal_land,0.21929238601841797,fraction,1325193.3038889952,6043042.934366607,,local_source_exploratory,False,ACTIVE municipal footprint exact tiled union; CMAP 5000 water mask proxy; source metadata August 2015
CHI,03,CHI:03,B1,building_coverage_municipal_gross,0.2192923860184183,fraction,1325193.3038889952,6043042.934366598,,diagnostic,False,Same footprint union / gross area
CHI,03,CHI:03,B1,footprint_overlap_excess_fraction,0.0011266007590684365,fraction,1494.6476532544475,1326687.9515422496,,diagnostic,False,"Summed clipped area minus union, divided by sum"
CHI,03,CHI:03,B2,building_stories_median_municipal,2.0,stories,,,2499.0,local_source_exploratory,False,One positive stories field per ACTIVE building; whole geometry largest-overlap assignment; no missing-floor imputation; distinct from SP fiscal entities
CHI,03,CHI:03,B2,building_stories_p90_municipal,3.0,stories,,,2499.0,local_source_exploratory,False,One positive stories field per ACTIVE building; whole geometry largest-overlap assignment; no missing-floor imputation; distinct from SP fiscal entities
CHI,03,CHI:03,B2,building_stories_coverage,0.5488688776630792,fraction,2499.0,4553.0,,diagnostic,False,Positive stories / assigned ACTIVE building records
CHI,04,CHI:04,B1,building_coverage_municipal_land,0.229012722238174,fraction,1511080.912975223,6598240.037528106,,local_source_exploratory,False,ACTIVE municipal footprint exact tiled union; CMAP 5000 water mask proxy; source metadata August 2015
CHI,04,CHI:04,B1,building_coverage_municipal_gross,0.22812783145766227,fraction,1511111.0228499062,6623966.103541163,,diagnostic,False,Same footprint union / gross area
CHI,04,CHI:04,B1,footprint_overlap_excess_fraction,7.552686612537399e-07,fraction,1.1412956612184644,1511112.1641455675,,diagnostic,False,"Summed clipped area minus union, divided by sum"
CHI,04,CHI:04,B2,building_stories_median_municipal,2.0,stories,,,5184.0,local_source_exploratory,False,One positive stories field per ACTIVE building; whole geometry largest-overlap assignment; no missing-floor imputation; distinct from SP fiscal entities
CHI,04,CHI:04,B2,building_stories_p90_municipal,3.0,stories,,,5184.0,local_source_exploratory,False,One positive stories field per ACTIVE building; whole geometry largest-overlap assignment; no missing-floor imputation; distinct from SP fiscal entities
CHI,04,CHI:04,B2,building_stories_coverage,0.5260273972602739,fraction,5184.0,9855.0,,diagnostic,False,Positive stories / assigned ACTIVE building records
CHI,05,CHI:05,B1,building_coverage_municipal_land,0.3036204041046794,fraction,1590348.6071051282,5237950.366987928,,local_source_exploratory,False,ACTIVE municipal footprint exact tiled union; CMAP 5000 water mask proxy; source metadata August 2015
CHI,05,CHI:05,B1,building_coverage_municipal_gross,0.3002630241444954,fraction,1590371.0637403664,5296593.106232864,,diagnostic,False,Same footprint union / gross area
CHI,05,CHI:05,B1,footprint_overlap_excess_fraction,6.065669591192122e-07,fraction,0.9646671251393855,1590372.0284074915,,diagnostic,False,"Summed clipped area minus union, divided by sum"
CHI,05,CHI:05,B2,building_stories_median_municipal,2.0,stories,,,5994.0,local_source_exploratory,False,One positive stories field per ACTIVE building; whole geometry largest-overlap assignment; no missing-floor imputation; distinct from SP fiscal entities
CHI,05,CHI:05,B2,building_stories_p90_municipal,3.0,stories,,,5994.0,local_source_exploratory,False,One positive stories field per ACTIVE building; whole geometry largest-overlap assignment; no missing-floor imputation; distinct from SP fiscal entities
CHI,05,CHI:05,B2,building_stories_coverage,0.47104125736738706,fraction,5994.0,12725.0,,diagnostic,False,Positive stories / assigned ACTIVE building records
CHI,06,CHI:06,B1,building_coverage_municipal_land,0.3286539012754916,fraction,2660736.961982413,8095863.008642855,,local_source_exploratory,False,ACTIVE municipal footprint exact tiled union; CMAP 5000 water mask proxy; source metadata August 2015
CHI,06,CHI:06,B1,building_coverage_municipal_gross,0.328630581301311,fraction,2660736.961982413,8096437.499658218,,diagnostic,False,Same footprint union / gross area
CHI,06,CHI:06,B1,footprint_overlap_excess_fraction,2.9982330774904054e-05,fraction,79.77748761419207,2660816.7394700274,,diagnostic,False,"Summed clipped area minus union, divided by sum"
CHI,06,CHI:06,B2,building_stories_median_municipal,2.0,stories,,,7379.0,local_source_exploratory,False,One positive stories field per ACTIVE building; whole geometry largest-overlap assignment; no missing-floor imputation; distinct from SP fiscal entities
CHI,06,CHI:06,B2,building_stories_p90_municipal,3.0,stories,,,7379.0,local_source_exploratory,False,One positive stories field per ACTIVE building; whole geometry largest-overlap assignment; no missing-floor imputation; distinct from SP fiscal entities
CHI,06,CHI:06,B2,building_stories_coverage,0.4985137143629239,fraction,7379.0,14802.0,,diagnostic,False,Positive stories / assigned ACTIVE building records
CHI,07,CHI:07,B1,building_coverage_municipal_land,0.2914844848673613,fraction,2388649.9572168,8194775.644075,,local_source_exploratory,False,ACTIVE municipal footprint exact tiled union; CMAP 5000 water mask proxy; source metadata August 2015
CHI,07,CHI:07,B1,building_coverage_municipal_gross,0.2913457224315989,fraction,2388649.9572168,8198678.660118646,,diagnostic,False,Same footprint union / gross area
CHI,07,CHI:07,B1,footprint_overlap_excess_fraction,7.144866096597278e-06,fraction,17.066706035286188,2388667.0239228355,,diagnostic,False,"Summed clipped area minus union, divided by sum"
CHI,07,CHI:07,B2,building_stories_median_municipal,2.0,stories,,,5776.0,local_source_exploratory,False,One positive stories field per ACTIVE building; whole geometry largest-overlap assignment; no missing-floor imputation; distinct from SP fiscal entities
CHI,07,CHI:07,B2,building_stories_p90_municipal,3.0,stories,,,5776.0,local_source_exploratory,False,One positive stories field per ACTIVE building; whole geometry largest-overlap assignment; no missing-floor imputation; distinct from SP fiscal entities
CHI,07,CHI:07,B2,building_stories_coverage,0.49245459971012023,fraction,5776.0,11729.0,,diagnostic,False,Positive stories / assigned ACTIVE building records
CHI,08,CHI:08,B1,building_coverage_municipal_land,0.3332579226151222,fraction,2370479.608622006,7113048.026046962,,local_source_exploratory,False,ACTIVE municipal footprint exact tiled union; CMAP 5000 water mask proxy; source metadata August 2015
CHI,08,CHI:08,B1,building_coverage_municipal_gross,0.3330424423197149,fraction,2370597.2173165507,7118003.341570558,,diagnostic,False,Same footprint union / gross area
CHI,08,CHI:08,B1,footprint_overlap_excess_fraction,0.003090451609507896,fraction,7348.927490542177,2377946.144807093,,diagnostic,False,"Summed clipped area minus union, divided by sum"
CHI,08,CHI:08,B2,building_stories_median_municipal,3.0,stories,,,1961.0,local_source_exploratory,False,One positive stories field per ACTIVE building; whole geometry largest-overlap assignment; no missing-floor imputation; distinct from SP fiscal entities
CHI,08,CHI:08,B2,building_stories_p90_municipal,19.0,stories,,,1961.0,local_source_exploratory,False,One positive stories field per ACTIVE building; whole geometry largest-overlap assignment; no missing-floor imputation; distinct from SP fiscal entities
CHI,08,CHI:08,B2,building_stories_coverage,0.5381448957189902,fraction,1961.0,3644.0,,diagnostic,False,Positive stories / assigned ACTIVE building records
CHI,09,CHI:09,B1,building_coverage_municipal_land,0.23324217065171354,fraction,685058.3795038912,2937112.005044952,,local_source_exploratory,False,ACTIVE municipal footprint exact tiled union; CMAP 5000 water mask proxy; source metadata August 2015
CHI,09,CHI:09,B1,building_coverage_municipal_gross,0.23324217065171315,fraction,685058.3795038911,2937112.005044956,,diagnostic,False,Same footprint union / gross area
CHI,09,CHI:09,B1,footprint_overlap_excess_fraction,5.0281126578455395e-06,fraction,3.4445680290227756,685061.8240719201,,diagnostic,False,"Summed clipped area minus union, divided by sum"
CHI,09,CHI:09,B2,building_stories_median_municipal,1.0,stories,,,3476.0,local_source_exploratory,False,One positive stories field per ACTIVE building; whole geometry largest-overlap assignment; no missing-floor imputation; distinct from SP fiscal entities
CHI,09,CHI:09,B2,building_stories_p90_municipal,2.0,stories,,,3476.0,local_source_exploratory,False,One positive stories field per ACTIVE building; whole geometry largest-overlap assignment; no missing-floor imputation; distinct from SP fiscal entities
CHI,09,CHI:09,B2,building_stories_coverage,0.5195038110895233,fraction,3476.0,6691.0,,diagnostic,False,Positive stories / assigned ACTIVE building records
CHI,10,CHI:10,B1,building_coverage_municipal_land,0.20784637866671143,fraction,2353365.1939073014,11322618.219300326,,local_source_exploratory,False,ACTIVE municipal footprint exact tiled union; CMAP 5000 water mask proxy; source metadata August 2015
CHI,10,CHI:10,B1,building_coverage_municipal_gross,0.20784637866671143,fraction,2353365.193907301,11322618.219300324,,diagnostic,False,Same footprint union / gross area
CHI,10,CHI:10,B1,footprint_overlap_excess_fraction,1.1780903863646973e-08,fraction,0.027724769432097673,2353365.2216320704,,diagnostic,False,"Summed clipped area minus union, divided by sum"
CHI,10,CHI:10,B2,building_stories_median_municipal,1.0,stories,,,11844.0,local_source_exploratory,False,One positive stories field per ACTIVE building; whole geometry largest-overlap assignment; no missing-floor imputation; distinct from SP fiscal entities
CHI,10,CHI:10,B2,building_stories_p90_municipal,2.0,stories,,,11844.0,local_source_exploratory,False,One positive stories field per ACTIVE building; whole geometry largest-overlap assignment; no missing-floor imputation; distinct from SP fiscal entities
CHI,10,CHI:10,B2,building_stories_coverage,0.5202723479024819,fraction,11844.0,22765.0,,diagnostic,False,Positive stories / assigned ACTIVE building records
CHI,11,CHI:11,B1,building_coverage_municipal_land,0.24031305726873278,fraction,1447222.4183507157,6022237.970749725,,local_source_exploratory,False,ACTIVE municipal footprint exact tiled union; CMAP 5000 water mask proxy; source metadata August 2015
CHI,11,CHI:11,B1,building_coverage_municipal_gross,0.2403130572687329,fraction,1447222.4183507152,6022237.97074972,,diagnostic,False,Same footprint union / gross area
CHI,11,CHI:11,B1,footprint_overlap_excess_fraction,3.2176207430397353e-16,fraction,4.656612873077393e-10,1447222.4183507157,,diagnostic,False,"Summed clipped area minus union, divided by sum"
CHI,11,CHI:11,B2,building_stories_median_municipal,1.0,stories,,,6830.0,local_source_exploratory,False,One positive stories field per ACTIVE building; whole geometry largest-overlap assignment; no missing-floor imputation; distinct from SP fiscal entities
CHI,11,CHI:11,B2,building_stories_p90_municipal,2.0,stories,,,6830.0,local_source_exploratory,False,One positive stories field per ACTIVE building; whole geometry largest-overlap assignment; no missing-floor imputation; distinct from SP fiscal entities
CHI,11,CHI:11,B2,building_stories_coverage,0.5146948003014318,fraction,6830.0,13270.0,,diagnostic,False,Positive stories / assigned ACTIVE building records
CHI,12,CHI:12,B1,building_coverage_municipal_land,0.14392679036202288,fraction,1190950.4848951735,8274696.336238333,,local_source_exploratory,False,ACTIVE municipal footprint exact tiled union; CMAP 5000 water mask proxy; source metadata August 2015
CHI,12,CHI:12,B1,building_coverage_municipal_gross,0.1439267903620229,fraction,1190950.4848951737,8274696.336238334,,diagnostic,False,Same footprint union / gross area
CHI,12,CHI:12,B1,footprint_overlap_excess_fraction,8.583256714493699e-08,fraction,0.10222234623506665,1190950.58711752,,diagnostic,False,"Summed clipped area minus union, divided by sum"
CHI,12,CHI:12,B2,building_stories_median_municipal,1.0,stories,,,6223.0,local_source_exploratory,False,One positive stories field per ACTIVE building; whole geometry largest-overlap assignment; no missing-floor imputation; distinct from SP fiscal entities
CHI,12,CHI:12,B2,building_stories_p90_municipal,2.0,stories,,,6223.0,local_source_exploratory,False,One positive stories field per ACTIVE building; whole geometry largest-overlap assignment; no missing-floor imputation; distinct from SP fiscal entities
CHI,12,CHI:12,B2,building_stories_coverage,0.6016629604563473,fraction,6223.0,10343.0,,diagnostic,False,Positive stories / assigned ACTIVE building records
CHI,13,CHI:13,B1,building_coverage_municipal_land,0.16063847330221578,fraction,1048219.2392759944,6525331.18454093,,local_source_exploratory,False,ACTIVE municipal footprint exact tiled union; CMAP 5000 water mask proxy; source metadata August 2015
CHI,13,CHI:13,B1,building_coverage_municipal_gross,0.16063847330221562,fraction,1048219.2392759944,6525331.184540938,,diagnostic,False,Same footprint union / gross area
CHI,13,CHI:13,B1,footprint_overlap_excess_fraction,6.339593588442629e-06,fraction,6.645326097263023,1048225.8846020916,,diagnostic,False,"Summed clipped area minus union, divided by sum"
CHI,13,CHI:13,B2,building_stories_median_municipal,2.0,stories,,,3258.0,local_source_exploratory,False,One positive stories field per ACTIVE building; whole geometry largest-overlap assignment; no missing-floor imputation; distinct from SP fiscal entities
CHI,13,CHI:13,B2,building_stories_p90_municipal,2.0,stories,,,3258.0,local_source_exploratory,False,One positive stories field per ACTIVE building; whole geometry largest-overlap assignment; no missing-floor imputation; distinct from SP fiscal entities
CHI,13,CHI:13,B2,building_stories_coverage,0.5554040231844528,fraction,3258.0,5866.0,,diagnostic,False,Positive stories / assigned ACTIVE building records
CHI,14,CHI:14,B1,building_coverage_municipal_land,0.31022845823428746,fraction,1534200.964979449,4945390.805574665,,local_source_exploratory,False,ACTIVE municipal footprint exact tiled union; CMAP 5000 water mask proxy; source metadata August 2015
CHI,14,CHI:14,B1,building_coverage_municipal_gross,0.308664485841777,fraction,1534262.7563473252,4970648.800632658,,diagnostic,False,Same footprint union / gross area
CHI,14,CHI:14,B1,footprint_overlap_excess_fraction,0.0006875634755137131,fraction,1055.6288449428976,1535318.385192268,,diagnostic,False,"Summed clipped area minus union, divided by sum"
CHI,14,CHI:14,B2,building_stories_median_municipal,2.0,stories,,,6010.0,local_source_exploratory,False,One positive stories field per ACTIVE building; whole geometry largest-overlap assignment; no missing-floor imputation; distinct from SP fiscal entities
CHI,14,CHI:14,B2,building_stories_p90_municipal,3.0,stories,,,6010.0,local_source_exploratory,False,One positive stories field per ACTIVE building; whole geometry largest-overlap assignment; no missing-floor imputation; distinct from SP fiscal entities
CHI,14,CHI:14,B2,building_stories_coverage,0.5133680703852396,fraction,6010.0,11707.0,,diagnostic,False,Positive stories / assigned ACTIVE building records
CHI,15,CHI:15,B1,building_coverage_municipal_land,0.28767932720056166,fraction,2943063.851310463,10230362.674821762,,local_source_exploratory,False,ACTIVE municipal footprint exact tiled union; CMAP 5000 water mask proxy; source metadata August 2015
CHI,15,CHI:15,B1,building_coverage_municipal_gross,0.28767932720056194,fraction,2943063.851310463,10230362.674821753,,diagnostic,False,Same footprint union / gross area
CHI,15,CHI:15,B1,footprint_overlap_excess_fraction,2.99911796574388e-05,fraction,88.26860398752615,2943152.1199144507,,diagnostic,False,"Summed clipped area minus union, divided by sum"
CHI,15,CHI:15,B2,building_stories_median_municipal,1.0,stories,,,13639.0,local_source_exploratory,False,One positive stories field per ACTIVE building; whole geometry largest-overlap assignment; no missing-floor imputation; distinct from SP fiscal entities
CHI,15,CHI:15,B2,building_stories_p90_municipal,2.0,stories,,,13639.0,local_source_exploratory,False,One positive stories field per ACTIVE building; whole geometry largest-overlap assignment; no missing-floor imputation; distinct from SP fiscal entities
CHI,15,CHI:15,B2,building_stories_coverage,0.5081973321409942,fraction,13639.0,26838.0,,diagnostic,False,Positive stories / assigned ACTIVE building records
CHI,16,CHI:16,B1,building_coverage_municipal_land,0.2635446552495562,fraction,2183774.8267521956,8286166.24641593,,local_source_exploratory,False,ACTIVE municipal footprint exact tiled union; CMAP 5000 water mask proxy; source metadata August 2015
CHI,16,CHI:16,B1,building_coverage_municipal_gross,0.26249902031752476,fraction,2183774.8267521956,8319173.245334982,,diagnostic,False,Same footprint union / gross area
CHI,16,CHI:16,B1,footprint_overlap_excess_fraction,5.2000230867402015e-05,fraction,113.56270044017583,2183888.389452636,,diagnostic,False,"Summed clipped area minus union, divided by sum"
CHI,16,CHI:16,B2,building_stories_median_municipal,2.0,stories,,,8679.0,local_source_exploratory,False,One positive stories field per ACTIVE building; whole geometry largest-overlap assignment; no missing-floor imputation; distinct from SP fiscal entities
CHI,16,CHI:16,B2,building_stories_p90_municipal,2.0,stories,,,8679.0,local_source_exploratory,False,One positive stories field per ACTIVE building; whole geometry largest-overlap assignment; no missing-floor imputation; distinct from SP fiscal entities
CHI,16,CHI:16,B2,building_stories_coverage,0.5034806822137139,fraction,8679.0,17238.0,,diagnostic,False,Positive stories / assigned ACTIVE building records
CHI,17,CHI:17,B1,building_coverage_municipal_land,0.23646523154189428,fraction,2274255.5439683553,9617716.436107133,,local_source_exploratory,False,ACTIVE municipal footprint exact tiled union; CMAP 5000 water mask proxy; source metadata August 2015
CHI,17,CHI:17,B1,building_coverage_municipal_gross,0.23646523154189472,fraction,2274255.5439683553,9617716.436107114,,diagnostic,False,Same footprint union / gross area
CHI,17,CHI:17,B1,footprint_overlap_excess_fraction,1.7158264038694254e-05,fraction,39.022946680895984,2274294.566915036,,diagnostic,False,"Summed clipped area minus union, divided by sum"
CHI,17,CHI:17,B2,building_stories_median_municipal,1.0,stories,,,11414.0,local_source_exploratory,False,One positive stories field per ACTIVE building; whole geometry largest-overlap assignment; no missing-floor imputation; distinct from SP fiscal entities
CHI,17,CHI:17,B2,building_stories_p90_municipal,2.0,stories,,,11414.0,local_source_exploratory,False,One positive stories field per ACTIVE building; whole geometry largest-overlap assignment; no missing-floor imputation; distinct from SP fiscal entities
CHI,17,CHI:17,B2,building_stories_coverage,0.5010095689579492,fraction,11414.0,22782.0,,diagnostic,False,Positive stories / assigned ACTIVE building records
CHI,18,CHI:18,B1,building_coverage_municipal_land,0.2570184723627658,fraction,658011.4124029593,2560171.6730858805,,local_source_exploratory,False,ACTIVE municipal footprint exact tiled union; CMAP 5000 water mask proxy; source metadata August 2015
CHI,18,CHI:18,B1,building_coverage_municipal_gross,0.2570184723627654,fraction,658011.4124029593,2560171.673085884,,diagnostic,False,Same footprint union / gross area
CHI,18,CHI:18,B1,footprint_overlap_excess_fraction,1.7698055690581147e-05,fraction,11.645728728501126,658023.0581316878,,diagnostic,False,"Summed clipped area minus union, divided by sum"
CHI,18,CHI:18,B2,building_stories_median_municipal,1.0,stories,,,2752.0,local_source_exploratory,False,One positive stories field per ACTIVE building; whole geometry largest-overlap assignment; no missing-floor imputation; distinct from SP fiscal entities
CHI,18,CHI:18,B2,building_stories_p90_municipal,2.0,stories,,,2752.0,local_source_exploratory,False,One positive stories field per ACTIVE building; whole geometry largest-overlap assignment; no missing-floor imputation; distinct from SP fiscal entities
CHI,18,CHI:18,B2,building_stories_coverage,0.5,fraction,2752.0,5504.0,,diagnostic,False,Positive stories / assigned ACTIVE building records
CHI,19,CHI:19,B1,building_coverage_municipal_land,0.30206587255593637,fraction,3059492.029221915,10128559.056784412,,local_source_exploratory,False,ACTIVE municipal footprint exact tiled union; CMAP 5000 water mask proxy; source metadata August 2015
CHI,19,CHI:19,B1,building_coverage_municipal_gross,0.30206587255593714,fraction,3059492.029221915,10128559.056784386,,diagnostic,False,Same footprint union / gross area
CHI,19,CHI:19,B1,footprint_overlap_excess_fraction,3.9876310796350453e-07,fraction,1.2200130368582904,3059493.249234952,,diagnostic,False,"Summed clipped area minus union, divided by sum"
CHI,19,CHI:19,B2,building_stories_median_municipal,1.0,stories,,,12454.0,local_source_exploratory,False,One positive stories field per ACTIVE building; whole geometry largest-overlap assignment; no missing-floor imputation; distinct from SP fiscal entities
CHI,19,CHI:19,B2,building_stories_p90_municipal,2.0,stories,,,12454.0,local_source_exploratory,False,One positive stories field per ACTIVE building; whole geometry largest-overlap assignment; no missing-floor imputation; distinct from SP fiscal entities
CHI,19,CHI:19,B2,building_stories_coverage,0.5083680300432688,fraction,12454.0,24498.0,,diagnostic,False,Positive stories / assigned ACTIVE building records
CHI,20,CHI:20,B1,building_coverage_municipal_land,0.31945680414136857,fraction,966888.4953713589,3026664.2714658966,,local_source_exploratory,False,ACTIVE municipal footprint exact tiled union; CMAP 5000 water mask proxy; source metadata August 2015
CHI,20,CHI:20,B1,building_coverage_municipal_gross,0.3194568041413686,fraction,966888.4953713589,3026664.271465896,,diagnostic,False,Same footprint union / gross area
CHI,20,CHI:20,B1,footprint_overlap_excess_fraction,1.9403494869347236e-10,fraction,0.00018761015962809324,966888.4955589691,,diagnostic,False,"Summed clipped area minus union, divided by sum"
CHI,20,CHI:20,B2,building_stories_median_municipal,2.0,stories,,,3556.0,local_source_exploratory,False,One positive stories field per ACTIVE building; whole geometry largest-overlap assignment; no missing-floor imputation; distinct from SP fiscal entities
CHI,20,CHI:20,B2,building_stories_p90_municipal,2.0,stories,,,3556.0,local_source_exploratory,False,One positive stories field per ACTIVE building; whole geometry largest-overlap assignment; no missing-floor imputation; distinct from SP fiscal entities
CHI,20,CHI:20,B2,building_stories_coverage,0.507420091324201,fraction,3556.0,7008.0,,diagnostic,False,Positive stories / assigned ACTIVE building records
CHI,21,CHI:21,B1,building_coverage_municipal_land,0.3057917111550278,fraction,1564069.323351709,5114819.225949423,,local_source_exploratory,False,ACTIVE municipal footprint exact tiled union; CMAP 5000 water mask proxy; source metadata August 2015
CHI,21,CHI:21,B1,building_coverage_municipal_gross,0.30471240230912605,fraction,1564069.323351709,5132936.209682022,,diagnostic,False,Same footprint union / gross area
CHI,21,CHI:21,B1,footprint_overlap_excess_fraction,4.716730048739269e-07,fraction,0.7377296255435795,1564070.0610813345,,diagnostic,False,"Summed clipped area minus union, divided by sum"
CHI,21,CHI:21,B2,building_stories_median_municipal,2.0,stories,,,5545.0,local_source_exploratory,False,One positive stories field per ACTIVE building; whole geometry largest-overlap assignment; no missing-floor imputation; distinct from SP fiscal entities
CHI,21,CHI:21,B2,building_stories_p90_municipal,2.0,stories,,,5545.0,local_source_exploratory,False,One positive stories field per ACTIVE building; whole geometry largest-overlap assignment; no missing-floor imputation; distinct from SP fiscal entities
CHI,21,CHI:21,B2,building_stories_coverage,0.49869592589261624,fraction,5545.0,11119.0,,diagnostic,False,Positive stories / assigned ACTIVE building records
CHI,22,CHI:22,B1,building_coverage_municipal_land,0.2960152539159738,fraction,2748502.171063216,9285001.819005582,,local_source_exploratory,False,ACTIVE municipal footprint exact tiled union; CMAP 5000 water mask proxy; source metadata August 2015
CHI,22,CHI:22,B1,building_coverage_municipal_gross,0.2958924653245408,fraction,2748502.171063216,9288854.881953834,,diagnostic,False,Same footprint union / gross area
CHI,22,CHI:22,B1,footprint_overlap_excess_fraction,7.426992656629865e-06,fraction,20.413257050327957,2748522.5843202663,,diagnostic,False,"Summed clipped area minus union, divided by sum"
CHI,22,CHI:22,B2,building_stories_median_municipal,2.0,stories,,,9800.0,local_source_exploratory,False,One positive stories field per ACTIVE building; whole geometry largest-overlap assignment; no missing-floor imputation; distinct from SP fiscal entities
CHI,22,CHI:22,B2,building_stories_p90_municipal,3.0,stories,,,9800.0,local_source_exploratory,False,One positive stories field per ACTIVE building; whole geometry largest-overlap assignment; no missing-floor imputation; distinct from SP fiscal entities
CHI,22,CHI:22,B2,building_stories_coverage,0.5008688541347235,fraction,9800.0,19566.0,,diagnostic,False,Positive stories / assigned ACTIVE building records
CHI,23,CHI:23,B1,building_coverage_municipal_land,0.264633920891772,fraction,2468569.9659136166,9328244.684562542,,local_source_exploratory,False,ACTIVE municipal footprint exact tiled union; CMAP 5000 water mask proxy; source metadata August 2015
CHI,23,CHI:23,B1,building_coverage_municipal_gross,0.2646339208917719,fraction,2468569.965913616,9328244.684562545,,diagnostic,False,Same footprint union / gross area
CHI,23,CHI:23,B1,footprint_overlap_excess_fraction,0.00010817011264637408,fraction,267.05437859054655,2468837.0202922067,,diagnostic,False,"Summed clipped area minus union, divided by sum"
CHI,23,CHI:23,B2,building_stories_median_municipal,2.0,stories,,,8165.0,local_source_exploratory,False,One positive stories field per ACTIVE building; whole geometry largest-overlap assignment; no missing-floor imputation; distinct from SP fiscal entities
CHI,23,CHI:23,B2,building_stories_p90_municipal,2.0,stories,,,8165.0,local_source_exploratory,False,One positive stories field per ACTIVE building; whole geometry largest-overlap assignment; no missing-floor imputation; distinct from SP fiscal entities
CHI,23,CHI:23,B2,building_stories_coverage,0.5317486160859655,fraction,8165.0,15355.0,,diagnostic,False,Positive stories / assigned ACTIVE building records
CHI,24,CHI:24,B1,building_coverage_municipal_land,0.28170860471042,fraction,3334917.512194266,11838181.21431671,,local_source_exploratory,False,ACTIVE municipal footprint exact tiled union; CMAP 5000 water mask proxy; source metadata August 2015
CHI,24,CHI:24,B1,building_coverage_municipal_gross,0.28161314569502954,fraction,3334917.512194266,11842194.028135978,,diagnostic,False,Same footprint union / gross area
CHI,24,CHI:24,B1,footprint_overlap_excess_fraction,1.941154005092038e-05,fraction,64.7371415020898,3334982.249335768,,diagnostic,False,"Summed clipped area minus union, divided by sum"
CHI,24,CHI:24,B2,building_stories_median_municipal,2.0,stories,,,10306.0,local_source_exploratory,False,One positive stories field per ACTIVE building; whole geometry largest-overlap assignment; no missing-floor imputation; distinct from SP fiscal entities
CHI,24,CHI:24,B2,building_stories_p90_municipal,3.0,stories,,,10306.0,local_source_exploratory,False,One positive stories field per ACTIVE building; whole geometry largest-overlap assignment; no missing-floor imputation; distinct from SP fiscal entities
CHI,24,CHI:24,B2,building_stories_coverage,0.4974658493025052,fraction,10306.0,20717.0,,diagnostic,False,Positive stories / assigned ACTIVE building records
CHI,25,CHI:25,B1,building_coverage_municipal_land,0.2491093950515012,fraction,4608105.286046341,18498319.925242703,,local_source_exploratory,False,ACTIVE municipal footprint exact tiled union; CMAP 5000 water mask proxy; source metadata August 2015
CHI,25,CHI:25,B1,building_coverage_municipal_gross,0.24910939505150087,fraction,4608105.286046341,18498319.92524273,,diagnostic,False,Same footprint union / gross area
CHI,25,CHI:25,B1,footprint_overlap_excess_fraction,1.96331906678462e-06,fraction,9.04719873238355,4608114.333245073,,diagnostic,False,"Summed clipped area minus union, divided by sum"
CHI,25,CHI:25,B2,building_stories_median_municipal,2.0,stories,,,16579.0,local_source_exploratory,False,One positive stories field per ACTIVE building; whole geometry largest-overlap assignment; no missing-floor imputation; distinct from SP fiscal entities
CHI,25,CHI:25,B2,building_stories_p90_municipal,2.0,stories,,,16579.0,local_source_exploratory,False,One positive stories field per ACTIVE building; whole geometry largest-overlap assignment; no missing-floor imputation; distinct from SP fiscal entities
CHI,25,CHI:25,B2,building_stories_coverage,0.5429684941376826,fraction,16579.0,30534.0,,diagnostic,False,Positive stories / assigned ACTIVE building records
CHI,26,CHI:26,B1,building_coverage_municipal_land,0.22562109000984767,fraction,755995.4918263206,3350730.6067589857,,local_source_exploratory,False,ACTIVE municipal footprint exact tiled union; CMAP 5000 water mask proxy; source metadata August 2015
CHI,26,CHI:26,B1,building_coverage_municipal_gross,0.22562109000984756,fraction,755995.4918263205,3350730.606758987,,diagnostic,False,Same footprint union / gross area
CHI,26,CHI:26,B1,footprint_overlap_excess_fraction,2.643551216591817e-07,fraction,0.19985133304726332,755995.6916776536,,diagnostic,False,"Summed clipped area minus union, divided by sum"
CHI,26,CHI:26,B2,building_stories_median_municipal,2.0,stories,,,2655.0,local_source_exploratory,False,One positive stories field per ACTIVE building; whole geometry largest-overlap assignment; no missing-floor imputation; distinct from SP fiscal entities
CHI,26,CHI:26,B2,building_stories_p90_municipal,2.0,stories,,,2655.0,local_source_exploratory,False,One positive stories field per ACTIVE building; whole geometry largest-overlap assignment; no missing-floor imputation; distinct from SP fiscal entities
CHI,26,CHI:26,B2,building_stories_coverage,0.5888223552894212,fraction,2655.0,4509.0,,diagnostic,False,Positive stories / assigned ACTIVE building records
CHI,27,CHI:27,B1,building_coverage_municipal_land,0.17456145596148592,fraction,873203.5174031776,5002269.90313277,,local_source_exploratory,False,ACTIVE municipal footprint exact tiled union; CMAP 5000 water mask proxy; source metadata August 2015
CHI,27,CHI:27,B1,building_coverage_municipal_gross,0.17456145596148612,fraction,873203.5174031781,5002269.903132768,,diagnostic,False,Same footprint union / gross area
CHI,27,CHI:27,B1,footprint_overlap_excess_fraction,0.0002817353254116052,fraction,246.0816070077708,873449.5990101859,,diagnostic,False,"Summed clipped area minus union, divided by sum"
CHI,27,CHI:27,B2,building_stories_median_municipal,2.0,stories,,,2151.0,local_source_exploratory,False,One positive stories field per ACTIVE building; whole geometry largest-overlap assignment; no missing-floor imputation; distinct from SP fiscal entities
CHI,27,CHI:27,B2,building_stories_p90_municipal,3.0,stories,,,2151.0,local_source_exploratory,False,One positive stories field per ACTIVE building; whole geometry largest-overlap assignment; no missing-floor imputation; distinct from SP fiscal entities
CHI,27,CHI:27,B2,building_stories_coverage,0.493801652892562,fraction,2151.0,4356.0,,diagnostic,False,Positive stories / assigned ACTIVE building records
CHI,28,CHI:28,B1,building_coverage_municipal_land,0.23750889046212242,fraction,3494366.7562235356,14712572.440654857,,local_source_exploratory,False,ACTIVE municipal footprint exact tiled union; CMAP 5000 water mask proxy; source metadata August 2015
CHI,28,CHI:28,B1,building_coverage_municipal_gross,0.2374950745011185,fraction,3494366.756223536,14713428.325045448,,diagnostic,False,Same footprint union / gross area
CHI,28,CHI:28,B1,footprint_overlap_excess_fraction,8.06276955852704e-05,fraction,281.7654571835883,3494648.5216807197,,diagnostic,False,"Summed clipped area minus union, divided by sum"
CHI,28,CHI:28,B2,building_stories_median_municipal,2.0,stories,,,2725.0,local_source_exploratory,False,One positive stories field per ACTIVE building; whole geometry largest-overlap assignment; no missing-floor imputation; distinct from SP fiscal entities
CHI,28,CHI:28,B2,building_stories_p90_municipal,4.0,stories,,,2725.0,local_source_exploratory,False,One positive stories field per ACTIVE building; whole geometry largest-overlap assignment; no missing-floor imputation; distinct from SP fiscal entities
CHI,28,CHI:28,B2,building_stories_coverage,0.40817855002995806,fraction,2725.0,6676.0,,diagnostic,False,Positive stories / assigned ACTIVE building records
CHI,29,CHI:29,B1,building_coverage_municipal_land,0.20584479923868387,fraction,1710085.0014235028,8307642.49448247,,local_source_exploratory,False,ACTIVE municipal footprint exact tiled union; CMAP 5000 water mask proxy; source metadata August 2015
CHI,29,CHI:29,B1,building_coverage_municipal_gross,0.20584479923868373,fraction,1710085.001423502,8307642.494482472,,diagnostic,False,Same footprint union / gross area
CHI,29,CHI:29,B1,footprint_overlap_excess_fraction,2.3284145710517453e-06,fraction,3.9817961063236,1710088.9832196084,,diagnostic,False,"Summed clipped area minus union, divided by sum"
CHI,29,CHI:29,B2,building_stories_median_municipal,2.0,stories,,,4852.0,local_source_exploratory,False,One positive stories field per ACTIVE building; whole geometry largest-overlap assignment; no missing-floor imputation; distinct from SP fiscal entities
CHI,29,CHI:29,B2,building_stories_p90_municipal,3.0,stories,,,4852.0,local_source_exploratory,False,One positive stories field per ACTIVE building; whole geometry largest-overlap assignment; no missing-floor imputation; distinct from SP fiscal entities
CHI,29,CHI:29,B2,building_stories_coverage,0.5775502916319486,fraction,4852.0,8401.0,,diagnostic,False,Positive stories / assigned ACTIVE building records
CHI,30,CHI:30,B1,building_coverage_municipal_land,0.21863547289653837,fraction,2519418.7022440275,11523375.730690576,,local_source_exploratory,False,ACTIVE municipal footprint exact tiled union; CMAP 5000 water mask proxy; source metadata August 2015
CHI,30,CHI:30,B1,building_coverage_municipal_gross,0.2120220250716376,fraction,2519418.702244028,11882815.954581944,,diagnostic,False,Same footprint union / gross area
CHI,30,CHI:30,B1,footprint_overlap_excess_fraction,9.543627959543818e-07,fraction,2.4044417715631425,2519421.1066857995,,diagnostic,False,"Summed clipped area minus union, divided by sum"
CHI,30,CHI:30,B2,building_stories_median_municipal,2.0,stories,,,8623.0,local_source_exploratory,False,One positive stories field per ACTIVE building; whole geometry largest-overlap assignment; no missing-floor imputation; distinct from SP fiscal entities
CHI,30,CHI:30,B2,building_stories_p90_municipal,2.0,stories,,,8623.0,local_source_exploratory,False,One positive stories field per ACTIVE building; whole geometry largest-overlap assignment; no missing-floor imputation; distinct from SP fiscal entities
CHI,30,CHI:30,B2,building_stories_coverage,0.532349672799111,fraction,8623.0,16198.0,,diagnostic,False,Positive stories / assigned ACTIVE building records
CHI,31,CHI:31,B1,building_coverage_municipal_land,0.24331417766430452,fraction,1802028.1716233809,7406178.254477227,,local_source_exploratory,False,ACTIVE municipal footprint exact tiled union; CMAP 5000 water mask proxy; source metadata August 2015
CHI,31,CHI:31,B1,building_coverage_municipal_gross,0.238203175260213,fraction,1803355.7763450968,7570662.2062242115,,diagnostic,False,Same footprint union / gross area
CHI,31,CHI:31,B1,footprint_overlap_excess_fraction,5.71676868091769e-06,fraction,10.309426759369671,1803366.0857718561,,diagnostic,False,"Summed clipped area minus union, divided by sum"
CHI,31,CHI:31,B2,building_stories_median_municipal,2.0,stories,,,4339.0,local_source_exploratory,False,One positive stories field per ACTIVE building; whole geometry largest-overlap assignment; no missing-floor imputation; distinct from SP fiscal entities
CHI,31,CHI:31,B2,building_stories_p90_municipal,3.0,stories,,,4339.0,local_source_exploratory,False,One positive stories field per ACTIVE building; whole geometry largest-overlap assignment; no missing-floor imputation; distinct from SP fiscal entities
CHI,31,CHI:31,B2,building_stories_coverage,0.5426463231615808,fraction,4339.0,7996.0,,diagnostic,False,Positive stories / assigned ACTIVE building records
CHI,32,CHI:32,B1,building_coverage_municipal_land,0.26409623842958535,fraction,1133495.9319768648,4291980.600394213,,local_source_exploratory,False,ACTIVE municipal footprint exact tiled union; CMAP 5000 water mask proxy; source metadata August 2015
CHI,32,CHI:32,B1,building_coverage_municipal_gross,0.263516472085083,fraction,1133495.9319768648,4301423.448060153,,diagnostic,False,Same footprint union / gross area
CHI,32,CHI:32,B1,footprint_overlap_excess_fraction,0.0010180756411892684,fraction,1155.1606386406347,1134651.0926155054,,diagnostic,False,"Summed clipped area minus union, divided by sum"
CHI,32,CHI:32,B2,building_stories_median_municipal,12.0,stories,,,539.0,local_source_exploratory,False,One positive stories field per ACTIVE building; whole geometry largest-overlap assignment; no missing-floor imputation; distinct from SP fiscal entities
CHI,32,CHI:32,B2,building_stories_p90_municipal,40.0,stories,,,539.0,local_source_exploratory,False,One positive stories field per ACTIVE building; whole geometry largest-overlap assignment; no missing-floor imputation; distinct from SP fiscal entities
CHI,32,CHI:32,B2,building_stories_coverage,0.7678062678062678,fraction,539.0,702.0,,diagnostic,False,Positive stories / assigned ACTIVE building records
CHI,33,CHI:33,B1,building_coverage_municipal_land,0.24345874384379632,fraction,1124818.832921923,4620161.983763496,,local_source_exploratory,False,ACTIVE municipal footprint exact tiled union; CMAP 5000 water mask proxy; source metadata August 2015
CHI,33,CHI:33,B1,building_coverage_municipal_gross,0.24345646595643142,fraction,1124818.832921917,4620205.2120612515,,diagnostic,False,Same footprint union / gross area
CHI,33,CHI:33,B1,footprint_overlap_excess_fraction,0.00022826003707547362,fraction,256.80980792222545,1125075.6427298393,,diagnostic,False,"Summed clipped area minus union, divided by sum"
CHI,33,CHI:33,B2,building_stories_median_municipal,3.0,stories,,,305.0,local_source_exploratory,False,One positive stories field per ACTIVE building; whole geometry largest-overlap assignment; no missing-floor imputation; distinct from SP fiscal entities
CHI,33,CHI:33,B2,building_stories_p90_municipal,14.0,stories,,,305.0,local_source_exploratory,False,One positive stories field per ACTIVE building; whole geometry largest-overlap assignment; no missing-floor imputation; distinct from SP fiscal entities
CHI,33,CHI:33,B2,building_stories_coverage,0.20904729266620972,fraction,305.0,1459.0,,diagnostic,False,Positive stories / assigned ACTIVE building records
CHI,34,CHI:34,B1,building_coverage_municipal_land,0.1756571282017675,fraction,452091.3904570157,2573715.0270253974,,local_source_exploratory,False,ACTIVE municipal footprint exact tiled union; CMAP 5000 water mask proxy; source metadata August 2015
CHI,34,CHI:34,B1,building_coverage_municipal_gross,0.17539225147966062,fraction,452091.3904570178,2577601.841831905,,diagnostic,False,Same footprint union / gross area
CHI,34,CHI:34,B1,footprint_overlap_excess_fraction,5.487869879064336e-06,fraction,2.4810323398560286,452093.87148935767,,diagnostic,False,"Summed clipped area minus union, divided by sum"
CHI,34,CHI:34,B2,building_stories_median_municipal,2.0,stories,,,1031.0,local_source_exploratory,False,One positive stories field per ACTIVE building; whole geometry largest-overlap assignment; no missing-floor imputation; distinct from SP fiscal entities
CHI,34,CHI:34,B2,building_stories_p90_municipal,3.0,stories,,,1031.0,local_source_exploratory,False,One positive stories field per ACTIVE building; whole geometry largest-overlap assignment; no missing-floor imputation; distinct from SP fiscal entities
CHI,34,CHI:34,B2,building_stories_coverage,0.42064463484292125,fraction,1031.0,2451.0,,diagnostic,False,Positive stories / assigned ACTIVE building records
CHI,35,CHI:35,B1,building_coverage_municipal_land,0.12983654844658765,fraction,554491.4570859735,4270688.521222366,,local_source_exploratory,False,ACTIVE municipal footprint exact tiled union; CMAP 5000 water mask proxy; source metadata August 2015
CHI,35,CHI:35,B1,building_coverage_municipal_gross,0.12983654844658768,fraction,554491.4570859734,4270688.521222364,,diagnostic,False,Same footprint union / gross area
CHI,35,CHI:35,B1,footprint_overlap_excess_fraction,9.789610034011303e-06,fraction,5.42830827308353,554496.8853942464,,diagnostic,False,"Summed clipped area minus union, divided by sum"
CHI,35,CHI:35,B2,building_stories_median_municipal,2.0,stories,,,674.0,local_source_exploratory,False,One positive stories field per ACTIVE building; whole geometry largest-overlap assignment; no missing-floor imputation; distinct from SP fiscal entities
CHI,35,CHI:35,B2,building_stories_p90_municipal,3.0,stories,,,674.0,local_source_exploratory,False,One positive stories field per ACTIVE building; whole geometry largest-overlap assignment; no missing-floor imputation; distinct from SP fiscal entities
CHI,35,CHI:35,B2,building_stories_coverage,0.37907761529808776,fraction,674.0,1778.0,,diagnostic,False,Positive stories / assigned ACTIVE building records
CHI,36,CHI:36,B1,building_coverage_municipal_land,0.08673071892137019,fraction,136179.47867638327,1570141.241419239,,local_source_exploratory,False,ACTIVE municipal footprint exact tiled union; CMAP 5000 water mask proxy; source metadata August 2015
CHI,36,CHI:36,B1,building_coverage_municipal_gross,0.08673071892137142,fraction,136179.47867638516,1570141.2414192385,,diagnostic,False,Same footprint union / gross area
CHI,36,CHI:36,B1,footprint_overlap_excess_fraction,0.00015087184210269445,fraction,20.54874903211021,136200.02742541727,,diagnostic,False,"Summed clipped area minus union, divided by sum"
CHI,36,CHI:36,B2,building_stories_median_municipal,2.0,stories,,,264.0,local_source_exploratory,False,One positive stories field per ACTIVE building; whole geometry largest-overlap assignment; no missing-floor imputation; distinct from SP fiscal entities
CHI,36,CHI:36,B2,building_stories_p90_municipal,3.0,stories,,,264.0,local_source_exploratory,False,One positive stories field per ACTIVE building; whole geometry largest-overlap assignment; no missing-floor imputation; distinct from SP fiscal entities
CHI,36,CHI:36,B2,building_stories_coverage,0.39580209895052476,fraction,264.0,667.0,,diagnostic,False,Positive stories / assigned ACTIVE building records
CHI,37,CHI:37,B1,building_coverage_municipal_land,0.12300108569633318,fraction,227418.383402678,1848913.626373443,,local_source_exploratory,False,ACTIVE municipal footprint exact tiled union; CMAP 5000 water mask proxy; source metadata August 2015
CHI,37,CHI:37,B1,building_coverage_municipal_gross,0.1230010856963332,fraction,227418.38340267804,1848913.626373443,,diagnostic,False,Same footprint union / gross area
CHI,37,CHI:37,B1,footprint_overlap_excess_fraction,0.0014944032262986968,fraction,340.3634060487093,227758.74680872675,,diagnostic,False,"Summed clipped area minus union, divided by sum"
CHI,37,CHI:37,B2,building_stories_median_municipal,2.0,stories,,,601.0,local_source_exploratory,False,One positive stories field per ACTIVE building; whole geometry largest-overlap assignment; no missing-floor imputation; distinct from SP fiscal entities
CHI,37,CHI:37,B2,building_stories_p90_municipal,2.0,stories,,,601.0,local_source_exploratory,False,One positive stories field per ACTIVE building; whole geometry largest-overlap assignment; no missing-floor imputation; distinct from SP fiscal entities
CHI,37,CHI:37,B2,building_stories_coverage,0.5258092738407699,fraction,601.0,1143.0,,diagnostic,False,Positive stories / assigned ACTIVE building records
CHI,38,CHI:38,B1,building_coverage_municipal_land,0.17752513127448744,fraction,799154.4404058204,4501641.17423001,,local_source_exploratory,False,ACTIVE municipal footprint exact tiled union; CMAP 5000 water mask proxy; source metadata August 2015
CHI,38,CHI:38,B1,building_coverage_municipal_gross,0.17752513127448732,fraction,799154.4404058204,4501641.174230013,,diagnostic,False,Same footprint union / gross area
CHI,38,CHI:38,B1,footprint_overlap_excess_fraction,6.447304029795259e-06,fraction,5.1524248633068055,799159.5928306837,,diagnostic,False,"Summed clipped area minus union, divided by sum"
CHI,38,CHI:38,B2,building_stories_median_municipal,2.0,stories,,,1754.0,local_source_exploratory,False,One positive stories field per ACTIVE building; whole geometry largest-overlap assignment; no missing-floor imputation; distinct from SP fiscal entities
CHI,38,CHI:38,B2,building_stories_p90_municipal,3.0,stories,,,1754.0,local_source_exploratory,False,One positive stories field per ACTIVE building; whole geometry largest-overlap assignment; no missing-floor imputation; distinct from SP fiscal entities
CHI,38,CHI:38,B2,building_stories_coverage,0.501859799713877,fraction,1754.0,3495.0,,diagnostic,False,Positive stories / assigned ACTIVE building records
CHI,39,CHI:39,B1,building_coverage_municipal_land,0.1820320200019789,fraction,491259.3725820157,2698752.519346185,,local_source_exploratory,False,ACTIVE municipal footprint exact tiled union; CMAP 5000 water mask proxy; source metadata August 2015
CHI,39,CHI:39,B1,building_coverage_municipal_gross,0.18203202000197877,fraction,491259.37258201576,2698752.5193461874,,diagnostic,False,Same footprint union / gross area
CHI,39,CHI:39,B1,footprint_overlap_excess_fraction,1.1540102970144746e-05,fraction,5.669249168364331,491265.0418311841,,diagnostic,False,"Summed clipped area minus union, divided by sum"
CHI,39,CHI:39,B2,building_stories_median_municipal,3.0,stories,,,930.0,local_source_exploratory,False,One positive stories field per ACTIVE building; whole geometry largest-overlap assignment; no missing-floor imputation; distinct from SP fiscal entities
CHI,39,CHI:39,B2,building_stories_p90_municipal,3.0,stories,,,930.0,local_source_exploratory,False,One positive stories field per ACTIVE building; whole geometry largest-overlap assignment; no missing-floor imputation; distinct from SP fiscal entities
CHI,39,CHI:39,B2,building_stories_coverage,0.4567779960707269,fraction,930.0,2036.0,,diagnostic,False,Positive stories / assigned ACTIVE building records
CHI,40,CHI:40,B1,building_coverage_municipal_land,0.11568723129606841,fraction,455071.83156407025,3933639.231104459,,local_source_exploratory,False,ACTIVE municipal footprint exact tiled union; CMAP 5000 water mask proxy; source metadata August 2015
CHI,40,CHI:40,B1,building_coverage_municipal_gross,0.11568723129606844,fraction,455071.83156407,3933639.2311044564,,diagnostic,False,Same footprint union / gross area
CHI,40,CHI:40,B1,footprint_overlap_excess_fraction,5.116349277291821e-16,fraction,2.3283064365386963e-10,455071.83156407025,,diagnostic,False,"Summed clipped area minus union, divided by sum"
CHI,40,CHI:40,B2,building_stories_median_municipal,2.0,stories,,,879.0,local_source_exploratory,False,One positive stories field per ACTIVE building; whole geometry largest-overlap assignment; no missing-floor imputation; distinct from SP fiscal entities
CHI,40,CHI:40,B2,building_stories_p90_municipal,3.0,stories,,,879.0,local_source_exploratory,False,One positive stories field per ACTIVE building; whole geometry largest-overlap assignment; no missing-floor imputation; distinct from SP fiscal entities
CHI,40,CHI:40,B2,building_stories_coverage,0.5415896487985212,fraction,879.0,1623.0,,diagnostic,False,Positive stories / assigned ACTIVE building records
CHI,41,CHI:41,B1,building_coverage_municipal_land,0.221670792466976,fraction,928171.1360250701,4187160.2735545184,,local_source_exploratory,False,ACTIVE municipal footprint exact tiled union; CMAP 5000 water mask proxy; source metadata August 2015
CHI,41,CHI:41,B1,building_coverage_municipal_gross,0.22167079246697619,fraction,928171.1360250703,4187160.273554516,,diagnostic,False,Same footprint union / gross area
CHI,41,CHI:41,B1,footprint_overlap_excess_fraction,7.52162429267745e-05,fraction,69.81879715248942,928240.9548222228,,diagnostic,False,"Summed clipped area minus union, divided by sum"
CHI,41,CHI:41,B2,building_stories_median_municipal,3.0,stories,,,1106.0,local_source_exploratory,False,One positive stories field per ACTIVE building; whole geometry largest-overlap assignment; no missing-floor imputation; distinct from SP fiscal entities
CHI,41,CHI:41,B2,building_stories_p90_municipal,3.0,stories,,,1106.0,local_source_exploratory,False,One positive stories field per ACTIVE building; whole geometry largest-overlap assignment; no missing-floor imputation; distinct from SP fiscal entities
CHI,41,CHI:41,B2,building_stories_coverage,0.4105419450631032,fraction,1106.0,2694.0,,diagnostic,False,Positive stories / assigned ACTIVE building records
CHI,42,CHI:42,B1,building_coverage_municipal_land,0.15744605946949303,fraction,845016.94820358,5367025.069098739,,local_source_exploratory,False,ACTIVE municipal footprint exact tiled union; CMAP 5000 water mask proxy; source metadata August 2015
CHI,42,CHI:42,B1,building_coverage_municipal_gross,0.157446059469493,fraction,845016.9482035802,5367025.069098742,,diagnostic,False,Same footprint union / gross area
CHI,42,CHI:42,B1,footprint_overlap_excess_fraction,6.084321132193672e-05,fraction,51.41667310567573,845068.3648766859,,diagnostic,False,"Summed clipped area minus union, divided by sum"
CHI,42,CHI:42,B2,building_stories_median_municipal,2.0,stories,,,2595.0,local_source_exploratory,False,One positive stories field per ACTIVE building; whole geometry largest-overlap assignment; no missing-floor imputation; distinct from SP fiscal entities
CHI,42,CHI:42,B2,building_stories_p90_municipal,3.0,stories,,,2595.0,local_source_exploratory,False,One positive stories field per ACTIVE building; whole geometry largest-overlap assignment; no missing-floor imputation; distinct from SP fiscal entities
CHI,42,CHI:42,B2,building_stories_coverage,0.5541319666880204,fraction,2595.0,4683.0,,diagnostic,False,Positive stories / assigned ACTIVE building records
CHI,43,CHI:43,B1,building_coverage_municipal_land,0.2533614335221847,fraction,1924026.7229282744,7593999.987215118,,local_source_exploratory,False,ACTIVE municipal footprint exact tiled union; CMAP 5000 water mask proxy; source metadata August 2015
CHI,43,CHI:43,B1,building_coverage_municipal_gross,0.25333950192110694,fraction,1924026.7229282744,7594657.399805894,,diagnostic,False,Same footprint union / gross area
CHI,43,CHI:43,B1,footprint_overlap_excess_fraction,3.2708104605917994e-06,fraction,6.293147315504029,1924033.01607559,,diagnostic,False,"Summed clipped area minus union, divided by sum"
CHI,43,CHI:43,B2,building_stories_median_municipal,2.0,stories,,,5942.0,local_source_exploratory,False,One positive stories field per ACTIVE building; whole geometry largest-overlap assignment; no missing-floor imputation; distinct from SP fiscal entities
CHI,43,CHI:43,B2,building_stories_p90_municipal,3.0,stories,,,5942.0,local_source_exploratory,False,One positive stories field per ACTIVE building; whole geometry largest-overlap assignment; no missing-floor imputation; distinct from SP fiscal entities
CHI,43,CHI:43,B2,building_stories_coverage,0.5580914811684042,fraction,5942.0,10647.0,,diagnostic,False,Positive stories / assigned ACTIVE building records
CHI,44,CHI:44,B1,building_coverage_municipal_land,0.22080706857837634,fraction,1687398.8429192163,7641960.258714577,,local_source_exploratory,False,ACTIVE municipal footprint exact tiled union; CMAP 5000 water mask proxy; source metadata August 2015
CHI,44,CHI:44,B1,building_coverage_municipal_gross,0.2208070685783763,fraction,1687398.8429192163,7641960.258714579,,diagnostic,False,Same footprint union / gross area
CHI,44,CHI:44,B1,footprint_overlap_excess_fraction,0.0004445838627936047,fraction,750.5239665026311,1688149.366885719,,diagnostic,False,"Summed clipped area minus union, divided by sum"
CHI,44,CHI:44,B2,building_stories_median_municipal,1.0,stories,,,6821.0,local_source_exploratory,False,One positive stories field per ACTIVE building; whole geometry largest-overlap assignment; no missing-floor imputation; distinct from SP fiscal entities
CHI,44,CHI:44,B2,building_stories_p90_municipal,3.0,stories,,,6821.0,local_source_exploratory,False,One positive stories field per ACTIVE building; whole geometry largest-overlap assignment; no missing-floor imputation; distinct from SP fiscal entities
CHI,44,CHI:44,B2,building_stories_coverage,0.5256627620221949,fraction,6821.0,12976.0,,diagnostic,False,Positive stories / assigned ACTIVE building records
CHI,45,CHI:45,B1,building_coverage_municipal_land,0.210489503566774,fraction,681016.1030683761,3235392.223975368,,local_source_exploratory,False,ACTIVE municipal footprint exact tiled union; CMAP 5000 water mask proxy; source metadata August 2015
CHI,45,CHI:45,B1,building_coverage_municipal_gross,0.210489503566774,fraction,681016.1030683761,3235392.223975368,,diagnostic,False,Same footprint union / gross area
CHI,45,CHI:45,B1,footprint_overlap_excess_fraction,2.2222663706943202e-15,fraction,1.5133991837501526e-09,681016.1030683776,,diagnostic,False,"Summed clipped area minus union, divided by sum"
CHI,45,CHI:45,B2,building_stories_median_municipal,1.0,stories,,,3236.0,local_source_exploratory,False,One positive stories field per ACTIVE building; whole geometry largest-overlap assignment; no missing-floor imputation; distinct from SP fiscal entities
CHI,45,CHI:45,B2,building_stories_p90_municipal,2.0,stories,,,3236.0,local_source_exploratory,False,One positive stories field per ACTIVE building; whole geometry largest-overlap assignment; no missing-floor imputation; distinct from SP fiscal entities
CHI,45,CHI:45,B2,building_stories_coverage,0.5492192803801765,fraction,3236.0,5892.0,,diagnostic,False,Positive stories / assigned ACTIVE building records
CHI,46,CHI:46,B1,building_coverage_municipal_land,0.1594877982497462,fraction,1380364.8465875918,8654987.163507277,,local_source_exploratory,False,ACTIVE municipal footprint exact tiled union; CMAP 5000 water mask proxy; source metadata August 2015
CHI,46,CHI:46,B1,building_coverage_municipal_gross,0.15942579335158552,fraction,1380364.8465875918,8658353.316413738,,diagnostic,False,Same footprint union / gross area
CHI,46,CHI:46,B1,footprint_overlap_excess_fraction,3.0355628868882925e-07,fraction,0.41901855706237257,1380365.2656061489,,diagnostic,False,"Summed clipped area minus union, divided by sum"
CHI,46,CHI:46,B2,building_stories_median_municipal,2.0,stories,,,6583.0,local_source_exploratory,False,One positive stories field per ACTIVE building; whole geometry largest-overlap assignment; no missing-floor imputation; distinct from SP fiscal entities
CHI,46,CHI:46,B2,building_stories_p90_municipal,2.0,stories,,,6583.0,local_source_exploratory,False,One positive stories field per ACTIVE building; whole geometry largest-overlap assignment; no missing-floor imputation; distinct from SP fiscal entities
CHI,46,CHI:46,B2,building_stories_coverage,0.5533792871553463,fraction,6583.0,11896.0,,diagnostic,False,Positive stories / assigned ACTIVE building records
CHI,47,CHI:47,B1,building_coverage_municipal_land,0.18623706612673313,fraction,293835.6223399825,1577750.490012709,,local_source_exploratory,False,ACTIVE municipal footprint exact tiled union; CMAP 5000 water mask proxy; source metadata August 2015
CHI,47,CHI:47,B1,building_coverage_municipal_gross,0.18623706612673327,fraction,293835.62233998254,1577750.4900127081,,diagnostic,False,Same footprint union / gross area
CHI,47,CHI:47,B1,footprint_overlap_excess_fraction,1.3358427806838535e-07,fraction,0.03925182472448796,293835.66159180726,,diagnostic,False,"Summed clipped area minus union, divided by sum"
CHI,47,CHI:47,B2,building_stories_median_municipal,1.0,stories,,,800.0,local_source_exploratory,False,One positive stories field per ACTIVE building; whole geometry largest-overlap assignment; no missing-floor imputation; distinct from SP fiscal entities
CHI,47,CHI:47,B2,building_stories_p90_municipal,2.0,stories,,,800.0,local_source_exploratory,False,One positive stories field per ACTIVE building; whole geometry largest-overlap assignment; no missing-floor imputation; distinct from SP fiscal entities
CHI,47,CHI:47,B2,building_stories_coverage,0.5513439007580979,fraction,800.0,1451.0,,diagnostic,False,Positive stories / assigned ACTIVE building records
CHI,48,CHI:48,B1,building_coverage_municipal_land,0.19834713247555208,fraction,899014.2304001519,4532529.506122116,,local_source_exploratory,False,ACTIVE municipal footprint exact tiled union; CMAP 5000 water mask proxy; source metadata August 2015
CHI,48,CHI:48,B1,building_coverage_municipal_gross,0.1983471324755515,fraction,899014.2304001519,4532529.506122129,,diagnostic,False,Same footprint union / gross area
CHI,48,CHI:48,B1,footprint_overlap_excess_fraction,1.55390628388765e-15,fraction,1.3969838619232178e-09,899014.2304001533,,diagnostic,False,"Summed clipped area minus union, divided by sum"
CHI,48,CHI:48,B2,building_stories_median_municipal,1.0,stories,,,4934.0,local_source_exploratory,False,One positive stories field per ACTIVE building; whole geometry largest-overlap assignment; no missing-floor imputation; distinct from SP fiscal entities
CHI,48,CHI:48,B2,building_stories_p90_municipal,2.0,stories,,,4934.0,local_source_exploratory,False,One positive stories field per ACTIVE building; whole geometry largest-overlap assignment; no missing-floor imputation; distinct from SP fiscal entities
CHI,48,CHI:48,B2,building_stories_coverage,0.560554419450125,fraction,4934.0,8802.0,,diagnostic,False,Positive stories / assigned ACTIVE building records
CHI,49,CHI:49,B1,building_coverage_municipal_land,0.19203635393350196,fraction,2394424.3079984332,12468599.09050122,,local_source_exploratory,False,ACTIVE municipal footprint exact tiled union; CMAP 5000 water mask proxy; source metadata August 2015
CHI,49,CHI:49,B1,building_coverage_municipal_gross,0.192036353933502,fraction,2394424.3079984337,12468599.090501223,,diagnostic,False,Same footprint union / gross area
CHI,49,CHI:49,B1,footprint_overlap_excess_fraction,2.4084544722898364e-08,fraction,0.057668620720505714,2394424.3656670544,,diagnostic,False,"Summed clipped area minus union, divided by sum"
CHI,49,CHI:49,B2,building_stories_median_municipal,1.0,stories,,,12444.0,local_source_exploratory,False,One positive stories field per ACTIVE building; whole geometry largest-overlap assignment; no missing-floor imputation; distinct from SP fiscal entities
CHI,49,CHI:49,B2,building_stories_p90_municipal,2.0,stories,,,12444.0,local_source_exploratory,False,One positive stories field per ACTIVE building; whole geometry largest-overlap assignment; no missing-floor imputation; distinct from SP fiscal entities
CHI,49,CHI:49,B2,building_stories_coverage,0.5506438337979557,fraction,12444.0,22599.0,,diagnostic,False,Positive stories / assigned ACTIVE building records
CHI,50,CHI:50,B1,building_coverage_municipal_land,0.16791226706555606,fraction,919683.2104275464,5477165.108303165,,local_source_exploratory,False,ACTIVE municipal footprint exact tiled union; CMAP 5000 water mask proxy; source metadata August 2015
CHI,50,CHI:50,B1,building_coverage_municipal_gross,0.16791226706555598,fraction,919683.2104275464,5477165.108303168,,diagnostic,False,Same footprint union / gross area
CHI,50,CHI:50,B1,footprint_overlap_excess_fraction,-1.2658198008509383e-16,fraction,-1.1641532182693481e-10,919683.2104275463,,diagnostic,False,"Summed clipped area minus union, divided by sum"
CHI,50,CHI:50,B2,building_stories_median_municipal,2.0,stories,,,1989.0,local_source_exploratory,False,One positive stories field per ACTIVE building; whole geometry largest-overlap assignment; no missing-floor imputation; distinct from SP fiscal entities
CHI,50,CHI:50,B2,building_stories_p90_municipal,2.0,stories,,,1989.0,local_source_exploratory,False,One positive stories field per ACTIVE building; whole geometry largest-overlap assignment; no missing-floor imputation; distinct from SP fiscal entities
CHI,50,CHI:50,B2,building_stories_coverage,0.5518867924528302,fraction,1989.0,3604.0,,diagnostic,False,Positive stories / assigned ACTIVE building records
CHI,51,CHI:51,B1,building_coverage_municipal_land,0.05984374317572054,fraction,1678235.5298496035,28043625.628860857,,local_source_exploratory,False,ACTIVE municipal footprint exact tiled union; CMAP 5000 water mask proxy; source metadata August 2015
CHI,51,CHI:51,B1,building_coverage_municipal_gross,0.05950912643462532,fraction,1678239.4982704239,28201380.17173013,,diagnostic,False,Same footprint union / gross area
CHI,51,CHI:51,B1,footprint_overlap_excess_fraction,2.502746606233969e-06,fraction,4.200218720827252,1678243.6984891447,,diagnostic,False,"Summed clipped area minus union, divided by sum"
CHI,51,CHI:51,B2,building_stories_median_municipal,1.0,stories,,,2975.0,local_source_exploratory,False,One positive stories field per ACTIVE building; whole geometry largest-overlap assignment; no missing-floor imputation; distinct from SP fiscal entities
CHI,51,CHI:51,B2,building_stories_p90_municipal,2.0,stories,,,2975.0,local_source_exploratory,False,One positive stories field per ACTIVE building; whole geometry largest-overlap assignment; no missing-floor imputation; distinct from SP fiscal entities
CHI,51,CHI:51,B2,building_stories_coverage,0.347953216374269,fraction,2975.0,8550.0,,diagnostic,False,Positive stories / assigned ACTIVE building records
CHI,52,CHI:52,B1,building_coverage_municipal_land,0.1454155587634862,fraction,1118432.2428887566,7691283.191421431,,local_source_exploratory,False,ACTIVE municipal footprint exact tiled union; CMAP 5000 water mask proxy; source metadata August 2015
CHI,52,CHI:52,B1,building_coverage_municipal_gross,0.1447400514236505,fraction,1118432.2428887568,7727178.703392426,,diagnostic,False,Same footprint union / gross area
CHI,52,CHI:52,B1,footprint_overlap_excess_fraction,7.932362931791484e-07,fraction,0.8871817502658814,1118433.130070507,,diagnostic,False,"Summed clipped area minus union, divided by sum"
CHI,52,CHI:52,B2,building_stories_median_municipal,1.0,stories,,,5452.0,local_source_exploratory,False,One positive stories field per ACTIVE building; whole geometry largest-overlap assignment; no missing-floor imputation; distinct from SP fiscal entities
CHI,52,CHI:52,B2,building_stories_p90_municipal,2.0,stories,,,5452.0,local_source_exploratory,False,One positive stories field per ACTIVE building; whole geometry largest-overlap assignment; no missing-floor imputation; distinct from SP fiscal entities
CHI,52,CHI:52,B2,building_stories_coverage,0.48401988636363635,fraction,5452.0,11264.0,,diagnostic,False,Positive stories / assigned ACTIVE building records
CHI,53,CHI:53,B1,building_coverage_municipal_land,0.18775590974553028,fraction,1726949.7331559926,9197844.88007097,,local_source_exploratory,False,ACTIVE municipal footprint exact tiled union; CMAP 5000 water mask proxy; source metadata August 2015
CHI,53,CHI:53,B1,building_coverage_municipal_gross,0.18721715081486046,fraction,1726949.7331559926,9224313.72146977,,diagnostic,False,Same footprint union / gross area
CHI,53,CHI:53,B1,footprint_overlap_excess_fraction,9.08167156786098e-08,fraction,0.15683591715060174,1726949.8899919097,,diagnostic,False,"Summed clipped area minus union, divided by sum"
CHI,53,CHI:53,B2,building_stories_median_municipal,1.0,stories,,,8985.0,local_source_exploratory,False,One positive stories field per ACTIVE building; whole geometry largest-overlap assignment; no missing-floor imputation; distinct from SP fiscal entities
CHI,53,CHI:53,B2,building_stories_p90_municipal,2.0,stories,,,8985.0,local_source_exploratory,False,One positive stories field per ACTIVE building; whole geometry largest-overlap assignment; no missing-floor imputation; distinct from SP fiscal entities
CHI,53,CHI:53,B2,building_stories_coverage,0.559882851445663,fraction,8985.0,16048.0,,diagnostic,False,Positive stories / assigned ACTIVE building records
CHI,54,CHI:54,B1,building_coverage_municipal_land,0.06618707956211699,fraction,603899.3804156554,9124127.917577812,,local_source_exploratory,False,ACTIVE municipal footprint exact tiled union; CMAP 5000 water mask proxy; source metadata August 2015
CHI,54,CHI:54,B1,building_coverage_municipal_gross,0.06611843774542231,fraction,603899.3804156554,9133600.2635281,,diagnostic,False,Same footprint union / gross area
CHI,54,CHI:54,B1,footprint_overlap_excess_fraction,1.9277271280988525e-16,fraction,1.1641532182693481e-10,603899.3804156556,,diagnostic,False,"Summed clipped area minus union, divided by sum"
CHI,54,CHI:54,B2,building_stories_median_municipal,1.0,stories,,,461.0,local_source_exploratory,False,One positive stories field per ACTIVE building; whole geometry largest-overlap assignment; no missing-floor imputation; distinct from SP fiscal entities
CHI,54,CHI:54,B2,building_stories_p90_municipal,2.0,stories,,,461.0,local_source_exploratory,False,One positive stories field per ACTIVE building; whole geometry largest-overlap assignment; no missing-floor imputation; distinct from SP fiscal entities
CHI,54,CHI:54,B2,building_stories_coverage,0.34047267355982275,fraction,461.0,1354.0,,diagnostic,False,Positive stories / assigned ACTIVE building records
CHI,55,CHI:55,B1,building_coverage_municipal_land,0.06400911719890477,fraction,852118.7676938501,13312459.302413723,,local_source_exploratory,False,ACTIVE municipal footprint exact tiled union; CMAP 5000 water mask proxy; source metadata August 2015
CHI,55,CHI:55,B1,building_coverage_municipal_gross,0.06290000929559104,fraction,852282.9168942462,13549805.897309886,,diagnostic,False,Same footprint union / gross area
CHI,55,CHI:55,B1,footprint_overlap_excess_fraction,-1.3659234453643283e-16,fraction,-1.1641532182693481e-10,852282.9168942461,,diagnostic,False,"Summed clipped area minus union, divided by sum"
CHI,55,CHI:55,B2,building_stories_median_municipal,1.0,stories,,,2932.0,local_source_exploratory,False,One positive stories field per ACTIVE building; whole geometry largest-overlap assignment; no missing-floor imputation; distinct from SP fiscal entities
CHI,55,CHI:55,B2,building_stories_p90_municipal,2.0,stories,,,2932.0,local_source_exploratory,False,One positive stories field per ACTIVE building; whole geometry largest-overlap assignment; no missing-floor imputation; distinct from SP fiscal entities
CHI,55,CHI:55,B2,building_stories_coverage,0.43289531965155764,fraction,2932.0,6773.0,,diagnostic,False,Positive stories / assigned ACTIVE building records
CHI,56,CHI:56,B1,building_coverage_municipal_land,0.20761083544255832,fraction,2263917.656685793,10904621.870336689,,local_source_exploratory,False,ACTIVE municipal footprint exact tiled union; CMAP 5000 water mask proxy; source metadata August 2015
CHI,56,CHI:56,B1,building_coverage_municipal_gross,0.20685008992839155,fraction,2263917.6566858008,10944726.480271464,,diagnostic,False,Same footprint union / gross area
CHI,56,CHI:56,B1,footprint_overlap_excess_fraction,2.0287686280563197e-06,fraction,4.592974436469376,2263922.249660237,,diagnostic,False,"Summed clipped area minus union, divided by sum"
CHI,56,CHI:56,B2,building_stories_median_municipal,1.0,stories,,,10725.0,local_source_exploratory,False,One positive stories field per ACTIVE building; whole geometry largest-overlap assignment; no missing-floor imputation; distinct from SP fiscal entities
CHI,56,CHI:56,B2,building_stories_p90_municipal,2.0,stories,,,10725.0,local_source_exploratory,False,One positive stories field per ACTIVE building; whole geometry largest-overlap assignment; no missing-floor imputation; distinct from SP fiscal entities
CHI,56,CHI:56,B2,building_stories_coverage,0.4947640356137842,fraction,10725.0,21677.0,,diagnostic,False,Positive stories / assigned ACTIVE building records
CHI,57,CHI:57,B1,building_coverage_municipal_land,0.2746185169323892,fraction,1425719.3883133929,5191636.034741254,,local_source_exploratory,False,ACTIVE municipal footprint exact tiled union; CMAP 5000 water mask proxy; source metadata August 2015
CHI,57,CHI:57,B1,building_coverage_municipal_gross,0.2746185169323893,fraction,1425719.3883133929,5191636.034741252,,diagnostic,False,Same footprint union / gross area
CHI,57,CHI:57,B1,footprint_overlap_excess_fraction,7.026722812343465e-08,fraction,0.10018135653808713,1425719.4884947494,,diagnostic,False,"Summed clipped area minus union, divided by sum"
CHI,57,CHI:57,B2,building_stories_median_municipal,1.0,stories,,,2723.0,local_source_exploratory,False,One positive stories field per ACTIVE building; whole geometry largest-overlap assignment; no missing-floor imputation; distinct from SP fiscal entities
CHI,57,CHI:57,B2,building_stories_p90_municipal,2.0,stories,,,2723.0,local_source_exploratory,False,One positive stories field per ACTIVE building; whole geometry largest-overlap assignment; no missing-floor imputation; distinct from SP fiscal entities
CHI,57,CHI:57,B2,building_stories_coverage,0.5042592592592593,fraction,2723.0,5400.0,,diagnostic,False,Positive stories / assigned ACTIVE building records
CHI,58,CHI:58,B1,building_coverage_municipal_land,0.2668197785000858,fraction,1879882.669713382,7045514.69265528,,local_source_exploratory,False,ACTIVE municipal footprint exact tiled union; CMAP 5000 water mask proxy; source metadata August 2015
CHI,58,CHI:58,B1,building_coverage_municipal_gross,0.26681977850008615,fraction,1879882.669713382,7045514.692655271,,diagnostic,False,Same footprint union / gross area
CHI,58,CHI:58,B1,footprint_overlap_excess_fraction,1.480765313945317e-07,fraction,0.2783665463794023,1879882.9480799283,,diagnostic,False,"Summed clipped area minus union, divided by sum"
CHI,58,CHI:58,B2,building_stories_median_municipal,2.0,stories,,,6842.0,local_source_exploratory,False,One positive stories field per ACTIVE building; whole geometry largest-overlap assignment; no missing-floor imputation; distinct from SP fiscal entities
CHI,58,CHI:58,B2,building_stories_p90_municipal,2.0,stories,,,6842.0,local_source_exploratory,False,One positive stories field per ACTIVE building; whole geometry largest-overlap assignment; no missing-floor imputation; distinct from SP fiscal entities
CHI,58,CHI:58,B2,building_stories_coverage,0.5067022143227431,fraction,6842.0,13503.0,,diagnostic,False,Positive stories / assigned ACTIVE building records
CHI,59,CHI:59,B1,building_coverage_municipal_land,0.22693821774320272,fraction,830732.6084898987,3660611.3185833413,,local_source_exploratory,False,ACTIVE municipal footprint exact tiled union; CMAP 5000 water mask proxy; source metadata August 2015
CHI,59,CHI:59,B1,building_coverage_municipal_gross,0.22693821774320272,fraction,830732.6084898987,3660611.3185833413,,diagnostic,False,Same footprint union / gross area
CHI,59,CHI:59,B1,footprint_overlap_excess_fraction,-1.4013573156656747e-16,fraction,-1.1641532182693481e-10,830732.6084898986,,diagnostic,False,"Summed clipped area minus union, divided by sum"
CHI,59,CHI:59,B2,building_stories_median_municipal,1.0,stories,,,2804.0,local_source_exploratory,False,One positive stories field per ACTIVE building; whole geometry largest-overlap assignment; no missing-floor imputation; distinct from SP fiscal entities
CHI,59,CHI:59,B2,building_stories_p90_municipal,2.0,stories,,,2804.0,local_source_exploratory,False,One positive stories field per ACTIVE building; whole geometry largest-overlap assignment; no missing-floor imputation; distinct from SP fiscal entities
CHI,59,CHI:59,B2,building_stories_coverage,0.5028694404591105,fraction,2804.0,5576.0,,diagnostic,False,Positive stories / assigned ACTIVE building records
CHI,60,CHI:60,B1,building_coverage_municipal_land,0.2674760831261627,fraction,1444081.5024780342,5398918.234483387,,local_source_exploratory,False,ACTIVE municipal footprint exact tiled union; CMAP 5000 water mask proxy; source metadata August 2015
CHI,60,CHI:60,B1,building_coverage_municipal_gross,0.26686030176487335,fraction,1444081.5024780338,5411376.26288976,,diagnostic,False,Same footprint union / gross area
CHI,60,CHI:60,B1,footprint_overlap_excess_fraction,7.934487567688936e-06,fraction,11.458137642592192,1444092.9606156764,,diagnostic,False,"Summed clipped area minus union, divided by sum"
CHI,60,CHI:60,B2,building_stories_median_municipal,2.0,stories,,,5634.0,local_source_exploratory,False,One positive stories field per ACTIVE building; whole geometry largest-overlap assignment; no missing-floor imputation; distinct from SP fiscal entities
CHI,60,CHI:60,B2,building_stories_p90_municipal,2.0,stories,,,5634.0,local_source_exploratory,False,One positive stories field per ACTIVE building; whole geometry largest-overlap assignment; no missing-floor imputation; distinct from SP fiscal entities
CHI,60,CHI:60,B2,building_stories_coverage,0.5064269662921348,fraction,5634.0,11125.0,,diagnostic,False,Positive stories / assigned ACTIVE building records
CHI,61,CHI:61,B1,building_coverage_municipal_land,0.20544034976665207,fraction,2567760.1246244,12498811.102789553,,local_source_exploratory,False,ACTIVE municipal footprint exact tiled union; CMAP 5000 water mask proxy; source metadata August 2015
CHI,61,CHI:61,B1,building_coverage_municipal_gross,0.20544034976665224,fraction,2567760.124624402,12498811.102789551,,diagnostic,False,Same footprint union / gross area
CHI,61,CHI:61,B1,footprint_overlap_excess_fraction,1.9779961018463398e-05,fraction,50.791199817787856,2567810.9158242196,,diagnostic,False,"Summed clipped area minus union, divided by sum"
CHI,61,CHI:61,B2,building_stories_median_municipal,2.0,stories,,,7447.0,local_source_exploratory,False,One positive stories field per ACTIVE building; whole geometry largest-overlap assignment; no missing-floor imputation; distinct from SP fiscal entities
CHI,61,CHI:61,B2,building_stories_p90_municipal,2.0,stories,,,7447.0,local_source_exploratory,False,One positive stories field per ACTIVE building; whole geometry largest-overlap assignment; no missing-floor imputation; distinct from SP fiscal entities
CHI,61,CHI:61,B2,building_stories_coverage,0.5589162413689582,fraction,7447.0,13324.0,,diagnostic,False,Positive stories / assigned ACTIVE building records
CHI,62,CHI:62,B1,building_coverage_municipal_land,0.2465536251677939,fraction,748727.2262360386,3036772.327831265,,local_source_exploratory,False,ACTIVE municipal footprint exact tiled union; CMAP 5000 water mask proxy; source metadata August 2015
CHI,62,CHI:62,B1,building_coverage_municipal_gross,0.246553625167794,fraction,748727.2262360386,3036772.3278312637,,diagnostic,False,Same footprint union / gross area
CHI,62,CHI:62,B1,footprint_overlap_excess_fraction,-4.664528726122532e-16,fraction,-3.4924596548080444e-10,748727.2262360383,,diagnostic,False,"Summed clipped area minus union, divided by sum"
CHI,62,CHI:62,B2,building_stories_median_municipal,1.0,stories,,,3983.0,local_source_exploratory,False,One positive stories field per ACTIVE building; whole geometry largest-overlap assignment; no missing-floor imputation; distinct from SP fiscal entities
CHI,62,CHI:62,B2,building_stories_p90_municipal,2.0,stories,,,3983.0,local_source_exploratory,False,One positive stories field per ACTIVE building; whole geometry largest-overlap assignment; no missing-floor imputation; distinct from SP fiscal entities
CHI,62,CHI:62,B2,building_stories_coverage,0.4909404659188956,fraction,3983.0,8113.0,,diagnostic,False,Positive stories / assigned ACTIVE building records
CHI,63,CHI:63,B1,building_coverage_municipal_land,0.26927003754558543,fraction,1531980.4272259648,5689383.197588821,,local_source_exploratory,False,ACTIVE municipal footprint exact tiled union; CMAP 5000 water mask proxy; source metadata August 2015
CHI,63,CHI:63,B1,building_coverage_municipal_gross,0.26927003754558543,fraction,1531980.427225965,5689383.197588823,,diagnostic,False,Same footprint union / gross area
CHI,63,CHI:63,B1,footprint_overlap_excess_fraction,2.6336348212736256e-06,fraction,4.034687624545768,1531984.4619135896,,diagnostic,False,"Summed clipped area minus union, divided by sum"
CHI,63,CHI:63,B2,building_stories_median_municipal,1.0,stories,,,6305.0,local_source_exploratory,False,One positive stories field per ACTIVE building; whole geometry largest-overlap assignment; no missing-floor imputation; distinct from SP fiscal entities
CHI,63,CHI:63,B2,building_stories_p90_municipal,2.0,stories,,,6305.0,local_source_exploratory,False,One positive stories field per ACTIVE building; whole geometry largest-overlap assignment; no missing-floor imputation; distinct from SP fiscal entities
CHI,63,CHI:63,B2,building_stories_coverage,0.5121852152721365,fraction,6305.0,12310.0,,diagnostic,False,Positive stories / assigned ACTIVE building records
CHI,64,CHI:64,B1,building_coverage_municipal_land,0.22065739494469563,fraction,1457437.600996704,6604979.639871069,,local_source_exploratory,False,ACTIVE municipal footprint exact tiled union; CMAP 5000 water mask proxy; source metadata August 2015
CHI,64,CHI:64,B1,building_coverage_municipal_gross,0.22065739494469205,fraction,1457437.6009966794,6604979.639871065,,diagnostic,False,Same footprint union / gross area
CHI,64,CHI:64,B1,footprint_overlap_excess_fraction,0.0,fraction,0.0,1457437.6009966794,,diagnostic,False,"Summed clipped area minus union, divided by sum"
CHI,64,CHI:64,B2,building_stories_median_municipal,1.0,stories,,,5921.0,local_source_exploratory,False,One positive stories field per ACTIVE building; whole geometry largest-overlap assignment; no missing-floor imputation; distinct from SP fiscal entities
CHI,64,CHI:64,B2,building_stories_p90_municipal,2.0,stories,,,5921.0,local_source_exploratory,False,One positive stories field per ACTIVE building; whole geometry largest-overlap assignment; no missing-floor imputation; distinct from SP fiscal entities
CHI,64,CHI:64,B2,building_stories_coverage,0.4696969696969697,fraction,5921.0,12606.0,,diagnostic,False,Positive stories / assigned ACTIVE building records
CHI,65,CHI:65,B1,building_coverage_municipal_land,0.24926094354531825,fraction,1904813.8999531008,7641846.624105335,,local_source_exploratory,False,ACTIVE municipal footprint exact tiled union; CMAP 5000 water mask proxy; source metadata August 2015
CHI,65,CHI:65,B1,building_coverage_municipal_gross,0.24926094354531841,fraction,1904813.899953101,7641846.6241053315,,diagnostic,False,Same footprint union / gross area
CHI,65,CHI:65,B1,footprint_overlap_excess_fraction,1.6310929832383e-06,fraction,3.1069336542859674,1904817.0068867553,,diagnostic,False,"Summed clipped area minus union, divided by sum"
CHI,65,CHI:65,B2,building_stories_median_municipal,1.0,stories,,,7318.0,local_source_exploratory,False,One positive stories field per ACTIVE building; whole geometry largest-overlap assignment; no missing-floor imputation; distinct from SP fiscal entities
CHI,65,CHI:65,B2,building_stories_p90_municipal,2.0,stories,,,7318.0,local_source_exploratory,False,One positive stories field per ACTIVE building; whole geometry largest-overlap assignment; no missing-floor imputation; distinct from SP fiscal entities
CHI,65,CHI:65,B2,building_stories_coverage,0.5085122646098256,fraction,7318.0,14391.0,,diagnostic,False,Positive stories / assigned ACTIVE building records
CHI,66,CHI:66,B1,building_coverage_municipal_land,0.23860128111277862,fraction,2176943.4132039263,9123770.849222558,,local_source_exploratory,False,ACTIVE municipal footprint exact tiled union; CMAP 5000 water mask proxy; source metadata August 2015
CHI,66,CHI:66,B1,building_coverage_municipal_gross,0.23860128111277856,fraction,2176943.413203926,9123770.849222558,,diagnostic,False,Same footprint union / gross area
CHI,66,CHI:66,B1,footprint_overlap_excess_fraction,4.4374360329515755e-08,fraction,0.09660047572106123,2176943.5098044015,,diagnostic,False,"Summed clipped area minus union, divided by sum"
CHI,66,CHI:66,B2,building_stories_median_municipal,1.0,stories,,,10287.0,local_source_exploratory,False,One positive stories field per ACTIVE building; whole geometry largest-overlap assignment; no missing-floor imputation; distinct from SP fiscal entities
CHI,66,CHI:66,B2,building_stories_p90_municipal,2.0,stories,,,10287.0,local_source_exploratory,False,One positive stories field per ACTIVE building; whole geometry largest-overlap assignment; no missing-floor imputation; distinct from SP fiscal entities
CHI,66,CHI:66,B2,building_stories_coverage,0.5257858420649119,fraction,10287.0,19565.0,,diagnostic,False,Positive stories / assigned ACTIVE building records
CHI,67,CHI:67,B1,building_coverage_municipal_land,0.19627339620549258,fraction,1602476.763769931,8164513.351020756,,local_source_exploratory,False,ACTIVE municipal footprint exact tiled union; CMAP 5000 water mask proxy; source metadata August 2015
CHI,67,CHI:67,B1,building_coverage_municipal_gross,0.19627339620549264,fraction,1602476.763769931,8164513.351020754,,diagnostic,False,Same footprint union / gross area
CHI,67,CHI:67,B1,footprint_overlap_excess_fraction,-1.4529424009002191e-16,fraction,-2.3283064365386963e-10,1602476.7637699307,,diagnostic,False,"Summed clipped area minus union, divided by sum"
CHI,67,CHI:67,B2,building_stories_median_municipal,1.0,stories,,,8912.0,local_source_exploratory,False,One positive stories field per ACTIVE building; whole geometry largest-overlap assignment; no missing-floor imputation; distinct from SP fiscal entities
CHI,67,CHI:67,B2,building_stories_p90_municipal,2.0,stories,,,8912.0,local_source_exploratory,False,One positive stories field per ACTIVE building; whole geometry largest-overlap assignment; no missing-floor imputation; distinct from SP fiscal entities
CHI,67,CHI:67,B2,building_stories_coverage,0.6304024899200679,fraction,8912.0,14137.0,,diagnostic,False,Positive stories / assigned ACTIVE building records
CHI,68,CHI:68,B1,building_coverage_municipal_land,0.15888455903979143,fraction,1263344.962033322,7951338.819003343,,local_source_exploratory,False,ACTIVE municipal footprint exact tiled union; CMAP 5000 water mask proxy; source metadata August 2015
CHI,68,CHI:68,B1,building_coverage_municipal_gross,0.1588845590397916,fraction,1263344.962033322,7951338.819003335,,diagnostic,False,Same footprint union / gross area
CHI,68,CHI:68,B1,footprint_overlap_excess_fraction,2.8281007994540247e-05,fraction,35.72967944247648,1263380.6917127646,,diagnostic,False,"Summed clipped area minus union, divided by sum"
CHI,68,CHI:68,B2,building_stories_median_municipal,2.0,stories,,,6031.0,local_source_exploratory,False,One positive stories field per ACTIVE building; whole geometry largest-overlap assignment; no missing-floor imputation; distinct from SP fiscal entities
CHI,68,CHI:68,B2,building_stories_p90_municipal,2.0,stories,,,6031.0,local_source_exploratory,False,One positive stories field per ACTIVE building; whole geometry largest-overlap assignment; no missing-floor imputation; distinct from SP fiscal entities
CHI,68,CHI:68,B2,building_stories_coverage,0.6436499466382071,fraction,6031.0,9370.0,,diagnostic,False,Positive stories / assigned ACTIVE building records
CHI,69,CHI:69,B1,building_coverage_municipal_land,0.18297422118391396,fraction,1679099.4328266666,9176699.438654495,,local_source_exploratory,False,ACTIVE municipal footprint exact tiled union; CMAP 5000 water mask proxy; source metadata August 2015
CHI,69,CHI:69,B1,building_coverage_municipal_gross,0.18297422118391377,fraction,1679099.4328266666,9176699.438654505,,diagnostic,False,Same footprint union / gross area
CHI,69,CHI:69,B1,footprint_overlap_excess_fraction,3.472345171779898e-07,fraction,0.583041483303532,1679100.01586815,,diagnostic,False,"Summed clipped area minus union, divided by sum"
CHI,69,CHI:69,B2,building_stories_median_municipal,2.0,stories,,,6503.0,local_source_exploratory,False,One positive stories field per ACTIVE building; whole geometry largest-overlap assignment; no missing-floor imputation; distinct from SP fiscal entities
CHI,69,CHI:69,B2,building_stories_p90_municipal,2.0,stories,,,6503.0,local_source_exploratory,False,One positive stories field per ACTIVE building; whole geometry largest-overlap assignment; no missing-floor imputation; distinct from SP fiscal entities
CHI,69,CHI:69,B2,building_stories_coverage,0.5438200367954508,fraction,6503.0,11958.0,,diagnostic,False,Positive stories / assigned ACTIVE building records
CHI,70,CHI:70,B1,building_coverage_municipal_land,0.1955970975058226,fraction,2459736.8660936025,12575528.458546683,,local_source_exploratory,False,ACTIVE municipal footprint exact tiled union; CMAP 5000 water mask proxy; source metadata August 2015
CHI,70,CHI:70,B1,building_coverage_municipal_gross,0.19559709750582288,fraction,2459736.8660936044,12575528.458546674,,diagnostic,False,Same footprint union / gross area
CHI,70,CHI:70,B1,footprint_overlap_excess_fraction,9.781460536476981e-05,fraction,240.6217271774076,2459977.487820782,,diagnostic,False,"Summed clipped area minus union, divided by sum"
CHI,70,CHI:70,B2,building_stories_median_municipal,1.0,stories,,,12244.0,local_source_exploratory,False,One positive stories field per ACTIVE building; whole geometry largest-overlap assignment; no missing-floor imputation; distinct from SP fiscal entities
CHI,70,CHI:70,B2,building_stories_p90_municipal,2.0,stories,,,12244.0,local_source_exploratory,False,One positive stories field per ACTIVE building; whole geometry largest-overlap assignment; no missing-floor imputation; distinct from SP fiscal entities
CHI,70,CHI:70,B2,building_stories_coverage,0.5242784961890896,fraction,12244.0,23354.0,,diagnostic,False,Positive stories / assigned ACTIVE building records
CHI,71,CHI:71,B1,building_coverage_municipal_land,0.24381321822874444,fraction,2378047.923241906,9753564.390470546,,local_source_exploratory,False,ACTIVE municipal footprint exact tiled union; CMAP 5000 water mask proxy; source metadata August 2015
CHI,71,CHI:71,B1,building_coverage_municipal_gross,0.2438132182287448,fraction,2378047.923241906,9753564.39047053,,diagnostic,False,Same footprint union / gross area
CHI,71,CHI:71,B1,footprint_overlap_excess_fraction,3.6612374568380373e-08,fraction,0.08706598449498415,2378048.0103078904,,diagnostic,False,"Summed clipped area minus union, divided by sum"
CHI,71,CHI:71,B2,building_stories_median_municipal,1.0,stories,,,10819.0,local_source_exploratory,False,One positive stories field per ACTIVE building; whole geometry largest-overlap assignment; no missing-floor imputation; distinct from SP fiscal entities
CHI,71,CHI:71,B2,building_stories_p90_municipal,2.0,stories,,,10819.0,local_source_exploratory,False,One positive stories field per ACTIVE building; whole geometry largest-overlap assignment; no missing-floor imputation; distinct from SP fiscal entities
CHI,71,CHI:71,B2,building_stories_coverage,0.5357266650160931,fraction,10819.0,20195.0,,diagnostic,False,Positive stories / assigned ACTIVE building records
CHI,72,CHI:72,B1,building_coverage_municipal_land,0.16730577514632708,fraction,1378892.7770581446,8241752.419198638,,local_source_exploratory,False,ACTIVE municipal footprint exact tiled union; CMAP 5000 water mask proxy; source metadata August 2015
CHI,72,CHI:72,B1,building_coverage_municipal_gross,0.1673057751463271,fraction,1378892.777058145,8241752.41919864,,diagnostic,False,Same footprint union / gross area
CHI,72,CHI:72,B1,footprint_overlap_excess_fraction,-5.065600042171773e-16,fraction,-6.984919309616089e-10,1378892.7770581443,,diagnostic,False,"Summed clipped area minus union, divided by sum"
CHI,72,CHI:72,B2,building_stories_median_municipal,2.0,stories,,,6608.0,local_source_exploratory,False,One positive stories field per ACTIVE building; whole geometry largest-overlap assignment; no missing-floor imputation; distinct from SP fiscal entities
CHI,72,CHI:72,B2,building_stories_p90_municipal,2.0,stories,,,6608.0,local_source_exploratory,False,One positive stories field per ACTIVE building; whole geometry largest-overlap assignment; no missing-floor imputation; distinct from SP fiscal entities
CHI,72,CHI:72,B2,building_stories_coverage,0.5655113393239195,fraction,6608.0,11685.0,,diagnostic,False,Positive stories / assigned ACTIVE building records
CHI,73,CHI:73,B1,building_coverage_municipal_land,0.19870233700497889,fraction,1468971.6968318422,7392825.464327751,,local_source_exploratory,False,ACTIVE municipal footprint exact tiled union; CMAP 5000 water mask proxy; source metadata August 2015
CHI,73,CHI:73,B1,building_coverage_municipal_gross,0.19870233700497894,fraction,1468971.6968318417,7392825.464327746,,diagnostic,False,Same footprint union / gross area
CHI,73,CHI:73,B1,footprint_overlap_excess_fraction,-6.339962686987636e-16,fraction,-9.313225746154785e-10,1468971.6968318408,,diagnostic,False,"Summed clipped area minus union, divided by sum"
CHI,73,CHI:73,B2,building_stories_median_municipal,1.0,stories,,,8292.0,local_source_exploratory,False,One positive stories field per ACTIVE building; whole geometry largest-overlap assignment; no missing-floor imputation; distinct from SP fiscal entities
CHI,73,CHI:73,B2,building_stories_p90_municipal,2.0,stories,,,8292.0,local_source_exploratory,False,One positive stories field per ACTIVE building; whole geometry largest-overlap assignment; no missing-floor imputation; distinct from SP fiscal entities
CHI,73,CHI:73,B2,building_stories_coverage,0.5522109749600426,fraction,8292.0,15016.0,,diagnostic,False,Positive stories / assigned ACTIVE building records
CHI,74,CHI:74,B1,building_coverage_municipal_land,0.16805828424477276,fraction,1179251.7270155489,7016921.137300187,,local_source_exploratory,False,ACTIVE municipal footprint exact tiled union; CMAP 5000 water mask proxy; source metadata August 2015
CHI,74,CHI:74,B1,building_coverage_municipal_gross,0.16805828424477298,fraction,1179251.7270155489,7016921.1373001775,,diagnostic,False,Same footprint union / gross area
CHI,74,CHI:74,B1,footprint_overlap_excess_fraction,-3.356468217462791e-15,fraction,-3.958120942115784e-09,1179251.727015545,,diagnostic,False,"Summed clipped area minus union, divided by sum"
CHI,74,CHI:74,B2,building_stories_median_municipal,1.0,stories,,,6135.0,local_source_exploratory,False,One positive stories field per ACTIVE building; whole geometry largest-overlap assignment; no missing-floor imputation; distinct from SP fiscal entities
CHI,74,CHI:74,B2,building_stories_p90_municipal,2.0,stories,,,6135.0,local_source_exploratory,False,One positive stories field per ACTIVE building; whole geometry largest-overlap assignment; no missing-floor imputation; distinct from SP fiscal entities
CHI,74,CHI:74,B2,building_stories_coverage,0.5070247933884298,fraction,6135.0,12100.0,,diagnostic,False,Positive stories / assigned ACTIVE building records
CHI,75,CHI:75,B1,building_coverage_municipal_land,0.16988816772276322,fraction,1449031.7023800516,8529326.802468637,,local_source_exploratory,False,ACTIVE municipal footprint exact tiled union; CMAP 5000 water mask proxy; source metadata August 2015
CHI,75,CHI:75,B1,building_coverage_municipal_gross,0.1698881677227628,fraction,1449031.7023800518,8529326.80246866,,diagnostic,False,Same footprint union / gross area
CHI,75,CHI:75,B1,footprint_overlap_excess_fraction,7.962170116540696e-07,fraction,1.15374461049214,1449032.8561246623,,diagnostic,False,"Summed clipped area minus union, divided by sum"
CHI,75,CHI:75,B2,building_stories_median_municipal,1.0,stories,,,6741.0,local_source_exploratory,False,One positive stories field per ACTIVE building; whole geometry largest-overlap assignment; no missing-floor imputation; distinct from SP fiscal entities
CHI,75,CHI:75,B2,building_stories_p90_municipal,2.0,stories,,,6741.0,local_source_exploratory,False,One positive stories field per ACTIVE building; whole geometry largest-overlap assignment; no missing-floor imputation; distinct from SP fiscal entities
CHI,75,CHI:75,B2,building_stories_coverage,0.5458741598510001,fraction,6741.0,12349.0,,diagnostic,False,Positive stories / assigned ACTIVE building records
CHI,76,CHI:76,B1,building_coverage_municipal_land,0.04343930492104314,fraction,1499571.4205241955,34521073.098427124,,local_source_exploratory,False,ACTIVE municipal footprint exact tiled union; CMAP 5000 water mask proxy; source metadata August 2015
CHI,76,CHI:76,B1,building_coverage_municipal_gross,0.04343760561549516,fraction,1499571.4205241953,34522423.5838005,,diagnostic,False,Same footprint union / gross area
CHI,76,CHI:76,B1,footprint_overlap_excess_fraction,1.1516202151195337e-08,fraction,0.017269367817789316,1499571.4377935631,,diagnostic,False,"Summed clipped area minus union, divided by sum"
CHI,76,CHI:76,B2,building_stories_median_municipal,1.0,stories,,,1203.0,local_source_exploratory,False,One positive stories field per ACTIVE building; whole geometry largest-overlap assignment; no missing-floor imputation; distinct from SP fiscal entities
CHI,76,CHI:76,B2,building_stories_p90_municipal,3.0,stories,,,1203.0,local_source_exploratory,False,One positive stories field per ACTIVE building; whole geometry largest-overlap assignment; no missing-floor imputation; distinct from SP fiscal entities
CHI,76,CHI:76,B2,building_stories_coverage,0.5525953146531924,fraction,1203.0,2177.0,,diagnostic,False,Positive stories / assigned ACTIVE building records
CHI,77,CHI:77,B1,building_coverage_municipal_land,0.31205628017913,fraction,1403562.8446342775,4497787.526751869,,local_source_exploratory,False,ACTIVE municipal footprint exact tiled union; CMAP 5000 water mask proxy; source metadata August 2015
CHI,77,CHI:77,B1,building_coverage_municipal_gross,0.31205628017912995,fraction,1403562.8446342775,4497787.52675187,,diagnostic,False,Same footprint union / gross area
CHI,77,CHI:77,B1,footprint_overlap_excess_fraction,2.788735643278581e-06,fraction,3.914176648017019,1403566.7588109255,,diagnostic,False,"Summed clipped area minus union, divided by sum"
CHI,77,CHI:77,B2,building_stories_median_municipal,2.0,stories,,,3963.0,local_source_exploratory,False,One positive stories field per ACTIVE building; whole geometry largest-overlap assignment; no missing-floor imputation; distinct from SP fiscal entities
CHI,77,CHI:77,B2,building_stories_p90_municipal,3.0,stories,,,3963.0,local_source_exploratory,False,One positive stories field per ACTIVE building; whole geometry largest-overlap assignment; no missing-floor imputation; distinct from SP fiscal entities
CHI,77,CHI:77,B2,building_stories_coverage,0.5347456483605452,fraction,3963.0,7411.0,,diagnostic,False,Positive stories / assigned ACTIVE building records
CHI,01,CHI:01,U3,population_density_acs_label2023,11173.112209069526,residents/km2,53169.0,4.758656228015077,,provisional_population_provenance,False,Provided ACS aggregate; exact validated name crosswalk; period/MOE provenance unresolved
CHI,01,CHI:01,M7,m7_unavailable,,unavailable,,,,blocked,False,No physical parcel geometry / condominium parent crosswalk
CHI,01,CHI:01,B3,b3_unavailable,,unavailable,,,,blocked,False,No verified unique all-stock gross floor-area measure
CHI,01,CHI:01,U2,u2_unavailable,,unavailable,,,,blocked,False,No workplace job counts and matching block geography
CHI,01,CHI:01,U4,u4_unavailable,,unavailable,,,,blocked,False,No bus GTFS or fine-scale population support
CHI,01,CHI:01,M2,m2_unavailable,,unavailable,,,,blocked,False,Road topology/level consistency and common SP method not yet validated; no planar proxy promoted
CHI,02,CHI:02,U3,population_density_acs_label2023,8669.617398567307,residents/km2,79220.0,9.13765814084154,,provisional_population_provenance,False,Provided ACS aggregate; exact validated name crosswalk; period/MOE provenance unresolved
CHI,02,CHI:02,M7,m7_unavailable,,unavailable,,,,blocked,False,No physical parcel geometry / condominium parent crosswalk
CHI,02,CHI:02,B3,b3_unavailable,,unavailable,,,,blocked,False,No verified unique all-stock gross floor-area measure
CHI,02,CHI:02,U2,u2_unavailable,,unavailable,,,,blocked,False,No workplace job counts and matching block geography
CHI,02,CHI:02,U4,u4_unavailable,,unavailable,,,,blocked,False,No bus GTFS or fine-scale population support
CHI,02,CHI:02,M2,m2_unavailable,,unavailable,,,,blocked,False,Road topology/level consistency and common SP method not yet validated; no planar proxy promoted
CHI,03,CHI:03,U3,population_density_acs_label2023,8716.469595217435,residents/km2,52674.0,6.043042934366598,,provisional_population_provenance,False,Provided ACS aggregate; exact validated name crosswalk; period/MOE provenance unresolved
CHI,03,CHI:03,M7,m7_unavailable,,unavailable,,,,blocked,False,No physical parcel geometry / condominium parent crosswalk
CHI,03,CHI:03,B3,b3_unavailable,,unavailable,,,,blocked,False,No verified unique all-stock gross floor-area measure
CHI,03,CHI:03,U2,u2_unavailable,,unavailable,,,,blocked,False,No workplace job counts and matching block geography
CHI,03,CHI:03,U4,u4_unavailable,,unavailable,,,,blocked,False,No bus GTFS or fine-scale population support
CHI,03,CHI:03,M2,m2_unavailable,,unavailable,,,,blocked,False,Road topology/level consistency and common SP method not yet validated; no planar proxy promoted
CHI,04,CHI:04,U3,population_density_acs_label2023,6367.786208545154,residents/km2,42180.0,6.6239661035411626,,provisional_population_provenance,False,Provided ACS aggregate; exact validated name crosswalk; period/MOE provenance unresolved
CHI,04,CHI:04,M7,m7_unavailable,,unavailable,,,,blocked,False,No physical parcel geometry / condominium parent crosswalk
CHI,04,CHI:04,B3,b3_unavailable,,unavailable,,,,blocked,False,No verified unique all-stock gross floor-area measure
CHI,04,CHI:04,U2,u2_unavailable,,unavailable,,,,blocked,False,No workplace job counts and matching block geography
CHI,04,CHI:04,U4,u4_unavailable,,unavailable,,,,blocked,False,No bus GTFS or fine-scale population support
CHI,04,CHI:04,M2,m2_unavailable,,unavailable,,,,blocked,False,Road topology/level consistency and common SP method not yet validated; no planar proxy promoted
CHI,05,CHI:05,U3,population_density_acs_label2023,6755.663363661609,residents/km2,35782.0,5.296593106232864,,provisional_population_provenance,False,Provided ACS aggregate; exact validated name crosswalk; period/MOE provenance unresolved
CHI,05,CHI:05,M7,m7_unavailable,,unavailable,,,,blocked,False,No physical parcel geometry / condominium parent crosswalk
CHI,05,CHI:05,B3,b3_unavailable,,unavailable,,,,blocked,False,No verified unique all-stock gross floor-area measure
CHI,05,CHI:05,U2,u2_unavailable,,unavailable,,,,blocked,False,No workplace job counts and matching block geography
CHI,05,CHI:05,U4,u4_unavailable,,unavailable,,,,blocked,False,No bus GTFS or fine-scale population support
CHI,05,CHI:05,M2,m2_unavailable,,unavailable,,,,blocked,False,Road topology/level consistency and common SP method not yet validated; no planar proxy promoted
CHI,06,CHI:06,U3,population_density_acs_label2023,11196.529338221506,residents/km2,90652.0,8.096437499658217,,provisional_population_provenance,False,Provided ACS aggregate; exact validated name crosswalk; period/MOE provenance unresolved
CHI,06,CHI:06,M7,m7_unavailable,,unavailable,,,,blocked,False,No physical parcel geometry / condominium parent crosswalk
CHI,06,CHI:06,B3,b3_unavailable,,unavailable,,,,blocked,False,No verified unique all-stock gross floor-area measure
CHI,06,CHI:06,U2,u2_unavailable,,unavailable,,,,blocked,False,No workplace job counts and matching block geography
CHI,06,CHI:06,U4,u4_unavailable,,unavailable,,,,blocked,False,No bus GTFS or fine-scale population support
CHI,06,CHI:06,M2,m2_unavailable,,unavailable,,,,blocked,False,Road topology/level consistency and common SP method not yet validated; no planar proxy promoted
CHI,07,CHI:07,U3,population_density_acs_label2023,7570.366222781296,residents/km2,62067.0,8.198678660118645,,provisional_population_provenance,False,Provided ACS aggregate; exact validated name crosswalk; period/MOE provenance unresolved
CHI,07,CHI:07,M7,m7_unavailable,,unavailable,,,,blocked,False,No physical parcel geometry / condominium parent crosswalk
CHI,07,CHI:07,B3,b3_unavailable,,unavailable,,,,blocked,False,No verified unique all-stock gross floor-area measure
CHI,07,CHI:07,U2,u2_unavailable,,unavailable,,,,blocked,False,No workplace job counts and matching block geography
CHI,07,CHI:07,U4,u4_unavailable,,unavailable,,,,blocked,False,No bus GTFS or fine-scale population support
CHI,07,CHI:07,M2,m2_unavailable,,unavailable,,,,blocked,False,Road topology/level consistency and common SP method not yet validated; no planar proxy promoted
CHI,08,CHI:08,U3,population_density_acs_label2023,12873.694434060368,residents/km2,91635.0,7.118003341570558,,provisional_population_provenance,False,Provided ACS aggregate; exact validated name crosswalk; period/MOE provenance unresolved
CHI,08,CHI:08,M7,m7_unavailable,,unavailable,,,,blocked,False,No physical parcel geometry / condominium parent crosswalk
CHI,08,CHI:08,B3,b3_unavailable,,unavailable,,,,blocked,False,No verified unique all-stock gross floor-area measure
CHI,08,CHI:08,U2,u2_unavailable,,unavailable,,,,blocked,False,No workplace job counts and matching block geography
CHI,08,CHI:08,U4,u4_unavailable,,unavailable,,,,blocked,False,No bus GTFS or fine-scale population support
CHI,08,CHI:08,M2,m2_unavailable,,unavailable,,,,blocked,False,Road topology/level consistency and common SP method not yet validated; no planar proxy promoted
CHI,09,CHI:09,U3,population_density_acs_label2023,3880.682786499842,residents/km2,11398.0,2.9371120050449564,,provisional_population_provenance,False,Provided ACS aggregate; exact validated name crosswalk; period/MOE provenance unresolved
CHI,09,CHI:09,M7,m7_unavailable,,unavailable,,,,blocked,False,No physical parcel geometry / condominium parent crosswalk
CHI,09,CHI:09,B3,b3_unavailable,,unavailable,,,,blocked,False,No verified unique all-stock gross floor-area measure
CHI,09,CHI:09,U2,u2_unavailable,,unavailable,,,,blocked,False,No workplace job counts and matching block geography
CHI,09,CHI:09,U4,u4_unavailable,,unavailable,,,,blocked,False,No bus GTFS or fine-scale population support
CHI,09,CHI:09,M2,m2_unavailable,,unavailable,,,,blocked,False,Road topology/level consistency and common SP method not yet validated; no planar proxy promoted
CHI,10,CHI:10,U3,population_density_acs_label2023,3539.2874001254063,residents/km2,40074.0,11.322618219300324,,provisional_population_provenance,False,Provided ACS aggregate; exact validated name crosswalk; period/MOE provenance unresolved
CHI,10,CHI:10,M7,m7_unavailable,,unavailable,,,,blocked,False,No physical parcel geometry / condominium parent crosswalk
CHI,10,CHI:10,B3,b3_unavailable,,unavailable,,,,blocked,False,No verified unique all-stock gross floor-area measure
CHI,10,CHI:10,U2,u2_unavailable,,unavailable,,,,blocked,False,No workplace job counts and matching block geography
CHI,10,CHI:10,U4,u4_unavailable,,unavailable,,,,blocked,False,No bus GTFS or fine-scale population support
CHI,10,CHI:10,M2,m2_unavailable,,unavailable,,,,blocked,False,Road topology/level consistency and common SP method not yet validated; no planar proxy promoted
CHI,11,CHI:11,U3,population_density_acs_label2023,4481.888648554988,residents/km2,26991.0,6.02223797074972,,provisional_population_provenance,False,Provided ACS aggregate; exact validated name crosswalk; period/MOE provenance unresolved
CHI,11,CHI:11,M7,m7_unavailable,,unavailable,,,,blocked,False,No physical parcel geometry / condominium parent crosswalk
CHI,11,CHI:11,B3,b3_unavailable,,unavailable,,,,blocked,False,No verified unique all-stock gross floor-area measure
CHI,11,CHI:11,U2,u2_unavailable,,unavailable,,,,blocked,False,No workplace job counts and matching block geography
CHI,11,CHI:11,U4,u4_unavailable,,unavailable,,,,blocked,False,No bus GTFS or fine-scale population support
CHI,11,CHI:11,M2,m2_unavailable,,unavailable,,,,blocked,False,Road topology/level consistency and common SP method not yet validated; no planar proxy promoted
CHI,12,CHI:12,U3,population_density_acs_label2023,2388.3655903419212,residents/km2,19763.0,8.274696336238334,,provisional_population_provenance,False,Provided ACS aggregate; exact validated name crosswalk; period/MOE provenance unresolved
CHI,12,CHI:12,M7,m7_unavailable,,unavailable,,,,blocked,False,No physical parcel geometry / condominium parent crosswalk
CHI,12,CHI:12,B3,b3_unavailable,,unavailable,,,,blocked,False,No verified unique all-stock gross floor-area measure
CHI,12,CHI:12,U2,u2_unavailable,,unavailable,,,,blocked,False,No workplace job counts and matching block geography
CHI,12,CHI:12,U4,u4_unavailable,,unavailable,,,,blocked,False,No bus GTFS or fine-scale population support
CHI,12,CHI:12,M2,m2_unavailable,,unavailable,,,,blocked,False,Road topology/level consistency and common SP method not yet validated; no planar proxy promoted
CHI,13,CHI:13,U3,population_density_acs_label2023,2951.4210781555735,residents/km2,19259.0,6.525331184540938,,provisional_population_provenance,False,Provided ACS aggregate; exact validated name crosswalk; period/MOE provenance unresolved
CHI,13,CHI:13,M7,m7_unavailable,,unavailable,,,,blocked,False,No physical parcel geometry / condominium parent crosswalk
CHI,13,CHI:13,B3,b3_unavailable,,unavailable,,,,blocked,False,No verified unique all-stock gross floor-area measure
CHI,13,CHI:13,U2,u2_unavailable,,unavailable,,,,blocked,False,No workplace job counts and matching block geography
CHI,13,CHI:13,U4,u4_unavailable,,unavailable,,,,blocked,False,No bus GTFS or fine-scale population support
CHI,13,CHI:13,M2,m2_unavailable,,unavailable,,,,blocked,False,Road topology/level consistency and common SP method not yet validated; no planar proxy promoted
CHI,14,CHI:14,U3,population_density_acs_label2023,9622.48630277646,residents/km2,47830.0,4.970648800632659,,provisional_population_provenance,False,Provided ACS aggregate; exact validated name crosswalk; period/MOE provenance unresolved
CHI,14,CHI:14,M7,m7_unavailable,,unavailable,,,,blocked,False,No physical parcel geometry / condominium parent crosswalk
CHI,14,CHI:14,B3,b3_unavailable,,unavailable,,,,blocked,False,No verified unique all-stock gross floor-area measure
CHI,14,CHI:14,U2,u2_unavailable,,unavailable,,,,blocked,False,No workplace job counts and matching block geography
CHI,14,CHI:14,U4,u4_unavailable,,unavailable,,,,blocked,False,No bus GTFS or fine-scale population support
CHI,14,CHI:14,M2,m2_unavailable,,unavailable,,,,blocked,False,Road topology/level consistency and common SP method not yet validated; no planar proxy promoted
CHI,15,CHI:15,U3,population_density_acs_label2023,6275.535094958752,residents/km2,64201.0,10.230362674821754,,provisional_population_provenance,False,Provided ACS aggregate; exact validated name crosswalk; period/MOE provenance unresolved
CHI,15,CHI:15,M7,m7_unavailable,,unavailable,,,,blocked,False,No physical parcel geometry / condominium parent crosswalk
CHI,15,CHI:15,B3,b3_unavailable,,unavailable,,,,blocked,False,No verified unique all-stock gross floor-area measure
CHI,15,CHI:15,U2,u2_unavailable,,unavailable,,,,blocked,False,No workplace job counts and matching block geography
CHI,15,CHI:15,U4,u4_unavailable,,unavailable,,,,blocked,False,No bus GTFS or fine-scale population support
CHI,15,CHI:15,M2,m2_unavailable,,unavailable,,,,blocked,False,Road topology/level consistency and common SP method not yet validated; no planar proxy promoted
CHI,16,CHI:16,U3,population_density_acs_label2023,6435.134648748903,residents/km2,53535.0,8.319173245334982,,provisional_population_provenance,False,Provided ACS aggregate; exact validated name crosswalk; period/MOE provenance unresolved
CHI,16,CHI:16,M7,m7_unavailable,,unavailable,,,,blocked,False,No physical parcel geometry / condominium parent crosswalk
CHI,16,CHI:16,B3,b3_unavailable,,unavailable,,,,blocked,False,No verified unique all-stock gross floor-area measure
CHI,16,CHI:16,U2,u2_unavailable,,unavailable,,,,blocked,False,No workplace job counts and matching block geography
CHI,16,CHI:16,U4,u4_unavailable,,unavailable,,,,blocked,False,No bus GTFS or fine-scale population support
CHI,16,CHI:16,M2,m2_unavailable,,unavailable,,,,blocked,False,Road topology/level consistency and common SP method not yet validated; no planar proxy promoted
CHI,17,CHI:17,U3,population_density_acs_label2023,4423.919158217749,residents/km2,42548.0,9.617716436107115,,provisional_population_provenance,False,Provided ACS aggregate; exact validated name crosswalk; period/MOE provenance unresolved
CHI,17,CHI:17,M7,m7_unavailable,,unavailable,,,,blocked,False,No physical parcel geometry / condominium parent crosswalk
CHI,17,CHI:17,B3,b3_unavailable,,unavailable,,,,blocked,False,No verified unique all-stock gross floor-area measure
CHI,17,CHI:17,U2,u2_unavailable,,unavailable,,,,blocked,False,No workplace job counts and matching block geography
CHI,17,CHI:17,U4,u4_unavailable,,unavailable,,,,blocked,False,No bus GTFS or fine-scale population support
CHI,17,CHI:17,M2,m2_unavailable,,unavailable,,,,blocked,False,Road topology/level consistency and common SP method not yet validated; no planar proxy promoted
CHI,18,CHI:18,U3,population_density_acs_label2023,5372.686583716673,residents/km2,13755.0,2.5601716730858843,,provisional_population_provenance,False,Provided ACS aggregate; exact validated name crosswalk; period/MOE provenance unresolved
CHI,18,CHI:18,M7,m7_unavailable,,unavailable,,,,blocked,False,No physical parcel geometry / condominium parent crosswalk
CHI,18,CHI:18,B3,b3_unavailable,,unavailable,,,,blocked,False,No verified unique all-stock gross floor-area measure
CHI,18,CHI:18,U2,u2_unavailable,,unavailable,,,,blocked,False,No workplace job counts and matching block geography
CHI,18,CHI:18,U4,u4_unavailable,,unavailable,,,,blocked,False,No bus GTFS or fine-scale population support
CHI,18,CHI:18,M2,m2_unavailable,,unavailable,,,,blocked,False,Road topology/level consistency and common SP method not yet validated; no planar proxy promoted
CHI,19,CHI:19,U3,population_density_acs_label2023,7304.889035567287,residents/km2,73988.0,10.128559056784386,,provisional_population_provenance,False,Provided ACS aggregate; exact validated name crosswalk; period/MOE provenance unresolved
CHI,19,CHI:19,M7,m7_unavailable,,unavailable,,,,blocked,False,No physical parcel geometry / condominium parent crosswalk
CHI,19,CHI:19,B3,b3_unavailable,,unavailable,,,,blocked,False,No verified unique all-stock gross floor-area measure
CHI,19,CHI:19,U2,u2_unavailable,,unavailable,,,,blocked,False,No workplace job counts and matching block geography
CHI,19,CHI:19,U4,u4_unavailable,,unavailable,,,,blocked,False,No bus GTFS or fine-scale population support
CHI,19,CHI:19,M2,m2_unavailable,,unavailable,,,,blocked,False,Road topology/level consistency and common SP method not yet validated; no planar proxy promoted
CHI,20,CHI:20,U3,population_density_acs_label2023,7665.204303866714,residents/km2,23200.0,3.0266642714658962,,provisional_population_provenance,False,Provided ACS aggregate; exact validated name crosswalk; period/MOE provenance unresolved
CHI,20,CHI:20,M7,m7_unavailable,,unavailable,,,,blocked,False,No physical parcel geometry / condominium parent crosswalk
CHI,20,CHI:20,B3,b3_unavailable,,unavailable,,,,blocked,False,No verified unique all-stock gross floor-area measure
CHI,20,CHI:20,U2,u2_unavailable,,unavailable,,,,blocked,False,No workplace job counts and matching block geography
CHI,20,CHI:20,U4,u4_unavailable,,unavailable,,,,blocked,False,No bus GTFS or fine-scale population support
CHI,20,CHI:20,M2,m2_unavailable,,unavailable,,,,blocked,False,Road topology/level consistency and common SP method not yet validated; no planar proxy promoted
CHI,21,CHI:21,U3,population_density_acs_label2023,7081.716685166409,residents/km2,36350.0,5.132936209682022,,provisional_population_provenance,False,Provided ACS aggregate; exact validated name crosswalk; period/MOE provenance unresolved
CHI,21,CHI:21,M7,m7_unavailable,,unavailable,,,,blocked,False,No physical parcel geometry / condominium parent crosswalk
CHI,21,CHI:21,B3,b3_unavailable,,unavailable,,,,blocked,False,No verified unique all-stock gross floor-area measure
CHI,21,CHI:21,U2,u2_unavailable,,unavailable,,,,blocked,False,No workplace job counts and matching block geography
CHI,21,CHI:21,U4,u4_unavailable,,unavailable,,,,blocked,False,No bus GTFS or fine-scale population support
CHI,21,CHI:21,M2,m2_unavailable,,unavailable,,,,blocked,False,Road topology/level consistency and common SP method not yet validated; no planar proxy promoted
CHI,22,CHI:22,U3,population_density_acs_label2023,7681.67884058829,residents/km2,71354.0,9.288854881953833,,provisional_population_provenance,False,Provided ACS aggregate; exact validated name crosswalk; period/MOE provenance unresolved
CHI,22,CHI:22,M7,m7_unavailable,,unavailable,,,,blocked,False,No physical parcel geometry / condominium parent crosswalk
CHI,22,CHI:22,B3,b3_unavailable,,unavailable,,,,blocked,False,No verified unique all-stock gross floor-area measure
CHI,22,CHI:22,U2,u2_unavailable,,unavailable,,,,blocked,False,No workplace job counts and matching block geography
CHI,22,CHI:22,U4,u4_unavailable,,unavailable,,,,blocked,False,No bus GTFS or fine-scale population support
CHI,22,CHI:22,M2,m2_unavailable,,unavailable,,,,blocked,False,Road topology/level consistency and common SP method not yet validated; no planar proxy promoted
CHI,23,CHI:23,U3,population_density_acs_label2023,5897.679773671157,residents/km2,55015.0,9.328244684562545,,provisional_population_provenance,False,Provided ACS aggregate; exact validated name crosswalk; period/MOE provenance unresolved
CHI,23,CHI:23,M7,m7_unavailable,,unavailable,,,,blocked,False,No physical parcel geometry / condominium parent crosswalk
CHI,23,CHI:23,B3,b3_unavailable,,unavailable,,,,blocked,False,No verified unique all-stock gross floor-area measure
CHI,23,CHI:23,U2,u2_unavailable,,unavailable,,,,blocked,False,No workplace job counts and matching block geography
CHI,23,CHI:23,U4,u4_unavailable,,unavailable,,,,blocked,False,No bus GTFS or fine-scale population support
CHI,23,CHI:23,M2,m2_unavailable,,unavailable,,,,blocked,False,Road topology/level consistency and common SP method not yet validated; no planar proxy promoted
CHI,24,CHI:24,U3,population_density_acs_label2023,7300.420833723508,residents/km2,86453.0,11.842194028135978,,provisional_population_provenance,False,Provided ACS aggregate; exact validated name crosswalk; period/MOE provenance unresolved
CHI,24,CHI:24,M7,m7_unavailable,,unavailable,,,,blocked,False,No physical parcel geometry / condominium parent crosswalk
CHI,24,CHI:24,B3,b3_unavailable,,unavailable,,,,blocked,False,No verified unique all-stock gross floor-area measure
CHI,24,CHI:24,U2,u2_unavailable,,unavailable,,,,blocked,False,No workplace job counts and matching block geography
CHI,24,CHI:24,U4,u4_unavailable,,unavailable,,,,blocked,False,No bus GTFS or fine-scale population support
CHI,24,CHI:24,M2,m2_unavailable,,unavailable,,,,blocked,False,Road topology/level consistency and common SP method not yet validated; no planar proxy promoted
CHI,25,CHI:25,U3,population_density_acs_label2023,5420.924732908369,residents/km2,100278.0,18.49831992524273,,provisional_population_provenance,False,Provided ACS aggregate; exact validated name crosswalk; period/MOE provenance unresolved
CHI,25,CHI:25,M7,m7_unavailable,,unavailable,,,,blocked,False,No physical parcel geometry / condominium parent crosswalk
CHI,25,CHI:25,B3,b3_unavailable,,unavailable,,,,blocked,False,No verified unique all-stock gross floor-area measure
CHI,25,CHI:25,U2,u2_unavailable,,unavailable,,,,blocked,False,No workplace job counts and matching block geography
CHI,25,CHI:25,U4,u4_unavailable,,unavailable,,,,blocked,False,No bus GTFS or fine-scale population support
CHI,25,CHI:25,M2,m2_unavailable,,unavailable,,,,blocked,False,Road topology/level consistency and common SP method not yet validated; no planar proxy promoted
CHI,26,CHI:26,U3,population_density_acs_label2023,4878.040618075767,residents/km2,16345.0,3.350730606758987,,provisional_population_provenance,False,Provided ACS aggregate; exact validated name crosswalk; period/MOE provenance unresolved
CHI,26,CHI:26,M7,m7_unavailable,,unavailable,,,,blocked,False,No physical parcel geometry / condominium parent crosswalk
CHI,26,CHI:26,B3,b3_unavailable,,unavailable,,,,blocked,False,No verified unique all-stock gross floor-area measure
CHI,26,CHI:26,U2,u2_unavailable,,unavailable,,,,blocked,False,No workplace job counts and matching block geography
CHI,26,CHI:26,U4,u4_unavailable,,unavailable,,,,blocked,False,No bus GTFS or fine-scale population support
CHI,26,CHI:26,M2,m2_unavailable,,unavailable,,,,blocked,False,Road topology/level consistency and common SP method not yet validated; no planar proxy promoted
CHI,27,CHI:27,U3,population_density_acs_label2023,3969.198060977362,residents/km2,19855.0,5.002269903132769,,provisional_population_provenance,False,Provided ACS aggregate; exact validated name crosswalk; period/MOE provenance unresolved
CHI,27,CHI:27,M7,m7_unavailable,,unavailable,,,,blocked,False,No physical parcel geometry / condominium parent crosswalk
CHI,27,CHI:27,B3,b3_unavailable,,unavailable,,,,blocked,False,No verified unique all-stock gross floor-area measure
CHI,27,CHI:27,U2,u2_unavailable,,unavailable,,,,blocked,False,No workplace job counts and matching block geography
CHI,27,CHI:27,U4,u4_unavailable,,unavailable,,,,blocked,False,No bus GTFS or fine-scale population support
CHI,27,CHI:27,M2,m2_unavailable,,unavailable,,,,blocked,False,Road topology/level consistency and common SP method not yet validated; no planar proxy promoted
CHI,28,CHI:28,U3,population_density_acs_label2023,4442.880242174835,residents/km2,65370.0,14.713428325045447,,provisional_population_provenance,False,Provided ACS aggregate; exact validated name crosswalk; period/MOE provenance unresolved
CHI,28,CHI:28,M7,m7_unavailable,,unavailable,,,,blocked,False,No physical parcel geometry / condominium parent crosswalk
CHI,28,CHI:28,B3,b3_unavailable,,unavailable,,,,blocked,False,No verified unique all-stock gross floor-area measure
CHI,28,CHI:28,U2,u2_unavailable,,unavailable,,,,blocked,False,No workplace job counts and matching block geography
CHI,28,CHI:28,U4,u4_unavailable,,unavailable,,,,blocked,False,No bus GTFS or fine-scale population support
CHI,28,CHI:28,M2,m2_unavailable,,unavailable,,,,blocked,False,Road topology/level consistency and common SP method not yet validated; no planar proxy promoted
CHI,29,CHI:29,U3,population_density_acs_label2023,3653.8645012902634,residents/km2,30355.0,8.307642494482472,,provisional_population_provenance,False,Provided ACS aggregate; exact validated name crosswalk; period/MOE provenance unresolved
CHI,29,CHI:29,M7,m7_unavailable,,unavailable,,,,blocked,False,No physical parcel geometry / condominium parent crosswalk
CHI,29,CHI:29,B3,b3_unavailable,,unavailable,,,,blocked,False,No verified unique all-stock gross floor-area measure
CHI,29,CHI:29,U2,u2_unavailable,,unavailable,,,,blocked,False,No workplace job counts and matching block geography
CHI,29,CHI:29,U4,u4_unavailable,,unavailable,,,,blocked,False,No bus GTFS or fine-scale population support
CHI,29,CHI:29,M2,m2_unavailable,,unavailable,,,,blocked,False,Road topology/level consistency and common SP method not yet validated; no planar proxy promoted
CHI,30,CHI:30,U3,population_density_acs_label2023,5853.326371951455,residents/km2,69554.0,11.882815954581945,,provisional_population_provenance,False,Provided ACS aggregate; exact validated name crosswalk; period/MOE provenance unresolved
CHI,30,CHI:30,M7,m7_unavailable,,unavailable,,,,blocked,False,No physical parcel geometry / condominium parent crosswalk
CHI,30,CHI:30,B3,b3_unavailable,,unavailable,,,,blocked,False,No verified unique all-stock gross floor-area measure
CHI,30,CHI:30,U2,u2_unavailable,,unavailable,,,,blocked,False,No workplace job counts and matching block geography
CHI,30,CHI:30,U4,u4_unavailable,,unavailable,,,,blocked,False,No bus GTFS or fine-scale population support
CHI,30,CHI:30,M2,m2_unavailable,,unavailable,,,,blocked,False,Road topology/level consistency and common SP method not yet validated; no planar proxy promoted
CHI,31,CHI:31,U3,population_density_acs_label2023,4514.400335006549,residents/km2,34177.0,7.5706622062242115,,provisional_population_provenance,False,Provided ACS aggregate; exact validated name crosswalk; period/MOE provenance unresolved
CHI,31,CHI:31,M7,m7_unavailable,,unavailable,,,,blocked,False,No physical parcel geometry / condominium parent crosswalk
CHI,31,CHI:31,B3,b3_unavailable,,unavailable,,,,blocked,False,No verified unique all-stock gross floor-area measure
CHI,31,CHI:31,U2,u2_unavailable,,unavailable,,,,blocked,False,No workplace job counts and matching block geography
CHI,31,CHI:31,U4,u4_unavailable,,unavailable,,,,blocked,False,No bus GTFS or fine-scale population support
CHI,31,CHI:31,M2,m2_unavailable,,unavailable,,,,blocked,False,Road topology/level consistency and common SP method not yet validated; no planar proxy promoted
CHI,32,CHI:32,U3,population_density_acs_label2023,8900.309505046576,residents/km2,38284.0,4.301423448060153,,provisional_population_provenance,False,Provided ACS aggregate; exact validated name crosswalk; period/MOE provenance unresolved
CHI,32,CHI:32,M7,m7_unavailable,,unavailable,,,,blocked,False,No physical parcel geometry / condominium parent crosswalk
CHI,32,CHI:32,B3,b3_unavailable,,unavailable,,,,blocked,False,No verified unique all-stock gross floor-area measure
CHI,32,CHI:32,U2,u2_unavailable,,unavailable,,,,blocked,False,No workplace job counts and matching block geography
CHI,32,CHI:32,U4,u4_unavailable,,unavailable,,,,blocked,False,No bus GTFS or fine-scale population support
CHI,32,CHI:32,M2,m2_unavailable,,unavailable,,,,blocked,False,Road topology/level consistency and common SP method not yet validated; no planar proxy promoted
CHI,33,CHI:33,U3,population_density_acs_label2023,5693.902931264699,residents/km2,26307.0,4.620205212061252,,provisional_population_provenance,False,Provided ACS aggregate; exact validated name crosswalk; period/MOE provenance unresolved
CHI,33,CHI:33,M7,m7_unavailable,,unavailable,,,,blocked,False,No physical parcel geometry / condominium parent crosswalk
CHI,33,CHI:33,B3,b3_unavailable,,unavailable,,,,blocked,False,No verified unique all-stock gross floor-area measure
CHI,33,CHI:33,U2,u2_unavailable,,unavailable,,,,blocked,False,No workplace job counts and matching block geography
CHI,33,CHI:33,U4,u4_unavailable,,unavailable,,,,blocked,False,No bus GTFS or fine-scale population support
CHI,33,CHI:33,M2,m2_unavailable,,unavailable,,,,blocked,False,Road topology/level consistency and common SP method not yet validated; no planar proxy promoted
CHI,34,CHI:34,U3,population_density_acs_label2023,5101.253338124166,residents/km2,13149.0,2.5776018418319047,,provisional_population_provenance,False,Provided ACS aggregate; exact validated name crosswalk; period/MOE provenance unresolved
CHI,34,CHI:34,M7,m7_unavailable,,unavailable,,,,blocked,False,No physical parcel geometry / condominium parent crosswalk
CHI,34,CHI:34,B3,b3_unavailable,,unavailable,,,,blocked,False,No verified unique all-stock gross floor-area measure
CHI,34,CHI:34,U2,u2_unavailable,,unavailable,,,,blocked,False,No workplace job counts and matching block geography
CHI,34,CHI:34,U4,u4_unavailable,,unavailable,,,,blocked,False,No bus GTFS or fine-scale population support
CHI,34,CHI:34,M2,m2_unavailable,,unavailable,,,,blocked,False,Road topology/level consistency and common SP method not yet validated; no planar proxy promoted
CHI,35,CHI:35,U3,population_density_acs_label2023,4362.06010047953,residents/km2,18629.0,4.270688521222364,,provisional_population_provenance,False,Provided ACS aggregate; exact validated name crosswalk; period/MOE provenance unresolved
CHI,35,CHI:35,M7,m7_unavailable,,unavailable,,,,blocked,False,No physical parcel geometry / condominium parent crosswalk
CHI,35,CHI:35,B3,b3_unavailable,,unavailable,,,,blocked,False,No verified unique all-stock gross floor-area measure
CHI,35,CHI:35,U2,u2_unavailable,,unavailable,,,,blocked,False,No workplace job counts and matching block geography
CHI,35,CHI:35,U4,u4_unavailable,,unavailable,,,,blocked,False,No bus GTFS or fine-scale population support
CHI,35,CHI:35,M2,m2_unavailable,,unavailable,,,,blocked,False,Road topology/level consistency and common SP method not yet validated; no planar proxy promoted
CHI,36,CHI:36,U3,population_density_acs_label2023,2785.0997634119076,residents/km2,4373.0,1.5701412414192386,,provisional_population_provenance,False,Provided ACS aggregate; exact validated name crosswalk; period/MOE provenance unresolved
CHI,36,CHI:36,M7,m7_unavailable,,unavailable,,,,blocked,False,No physical parcel geometry / condominium parent crosswalk
CHI,36,CHI:36,B3,b3_unavailable,,unavailable,,,,blocked,False,No verified unique all-stock gross floor-area measure
CHI,36,CHI:36,U2,u2_unavailable,,unavailable,,,,blocked,False,No workplace job counts and matching block geography
CHI,36,CHI:36,U4,u4_unavailable,,unavailable,,,,blocked,False,No bus GTFS or fine-scale population support
CHI,36,CHI:36,M2,m2_unavailable,,unavailable,,,,blocked,False,Road topology/level consistency and common SP method not yet validated; no planar proxy promoted
CHI,37,CHI:37,U3,population_density_acs_label2023,1182.3159117972082,residents/km2,2186.0,1.8489136263734431,,provisional_population_provenance,False,Provided ACS aggregate; exact validated name crosswalk; period/MOE provenance unresolved
CHI,37,CHI:37,M7,m7_unavailable,,unavailable,,,,blocked,False,No physical parcel geometry / condominium parent crosswalk
CHI,37,CHI:37,B3,b3_unavailable,,unavailable,,,,blocked,False,No verified unique all-stock gross floor-area measure
CHI,37,CHI:37,U2,u2_unavailable,,unavailable,,,,blocked,False,No workplace job counts and matching block geography
CHI,37,CHI:37,U4,u4_unavailable,,unavailable,,,,blocked,False,No bus GTFS or fine-scale population support
CHI,37,CHI:37,M2,m2_unavailable,,unavailable,,,,blocked,False,Road topology/level consistency and common SP method not yet validated; no planar proxy promoted
CHI,38,CHI:38,U3,population_density_acs_label2023,5510.879041629369,residents/km2,24808.0,4.501641174230013,,provisional_population_provenance,False,Provided ACS aggregate; exact validated name crosswalk; period/MOE provenance unresolved
CHI,38,CHI:38,M7,m7_unavailable,,unavailable,,,,blocked,False,No physical parcel geometry / condominium parent crosswalk
CHI,38,CHI:38,B3,b3_unavailable,,unavailable,,,,blocked,False,No verified unique all-stock gross floor-area measure
CHI,38,CHI:38,U2,u2_unavailable,,unavailable,,,,blocked,False,No workplace job counts and matching block geography
CHI,38,CHI:38,U4,u4_unavailable,,unavailable,,,,blocked,False,No bus GTFS or fine-scale population support
CHI,38,CHI:38,M2,m2_unavailable,,unavailable,,,,blocked,False,Road topology/level consistency and common SP method not yet validated; no planar proxy promoted
CHI,39,CHI:39,U3,population_density_acs_label2023,5323.941301398344,residents/km2,14368.0,2.698752519346187,,provisional_population_provenance,False,Provided ACS aggregate; exact validated name crosswalk; period/MOE provenance unresolved
CHI,39,CHI:39,M7,m7_unavailable,,unavailable,,,,blocked,False,No physical parcel geometry / condominium parent crosswalk
CHI,39,CHI:39,B3,b3_unavailable,,unavailable,,,,blocked,False,No verified unique all-stock gross floor-area measure
CHI,39,CHI:39,U2,u2_unavailable,,unavailable,,,,blocked,False,No workplace job counts and matching block geography
CHI,39,CHI:39,U4,u4_unavailable,,unavailable,,,,blocked,False,No bus GTFS or fine-scale population support
CHI,39,CHI:39,M2,m2_unavailable,,unavailable,,,,blocked,False,Road topology/level consistency and common SP method not yet validated; no planar proxy promoted
CHI,40,CHI:40,U3,population_density_acs_label2023,3142.6369511087814,residents/km2,12362.0,3.9336392311044563,,provisional_population_provenance,False,Provided ACS aggregate; exact validated name crosswalk; period/MOE provenance unresolved
CHI,40,CHI:40,M7,m7_unavailable,,unavailable,,,,blocked,False,No physical parcel geometry / condominium parent crosswalk
CHI,40,CHI:40,B3,b3_unavailable,,unavailable,,,,blocked,False,No verified unique all-stock gross floor-area measure
CHI,40,CHI:40,U2,u2_unavailable,,unavailable,,,,blocked,False,No workplace job counts and matching block geography
CHI,40,CHI:40,U4,u4_unavailable,,unavailable,,,,blocked,False,No bus GTFS or fine-scale population support
CHI,40,CHI:40,M2,m2_unavailable,,unavailable,,,,blocked,False,Road topology/level consistency and common SP method not yet validated; no planar proxy promoted
CHI,41,CHI:41,U3,population_density_acs_label2023,5753.780229565489,residents/km2,24092.0,4.187160273554516,,provisional_population_provenance,False,Provided ACS aggregate; exact validated name crosswalk; period/MOE provenance unresolved
CHI,41,CHI:41,M7,m7_unavailable,,unavailable,,,,blocked,False,No physical parcel geometry / condominium parent crosswalk
CHI,41,CHI:41,B3,b3_unavailable,,unavailable,,,,blocked,False,No verified unique all-stock gross floor-area measure
CHI,41,CHI:41,U2,u2_unavailable,,unavailable,,,,blocked,False,No workplace job counts and matching block geography
CHI,41,CHI:41,U4,u4_unavailable,,unavailable,,,,blocked,False,No bus GTFS or fine-scale population support
CHI,41,CHI:41,M2,m2_unavailable,,unavailable,,,,blocked,False,Road topology/level consistency and common SP method not yet validated; no planar proxy promoted
CHI,42,CHI:42,U3,population_density_acs_label2023,4553.174185956166,residents/km2,24437.0,5.367025069098742,,provisional_population_provenance,False,Provided ACS aggregate; exact validated name crosswalk; period/MOE provenance unresolved
CHI,42,CHI:42,M7,m7_unavailable,,unavailable,,,,blocked,False,No physical parcel geometry / condominium parent crosswalk
CHI,42,CHI:42,B3,b3_unavailable,,unavailable,,,,blocked,False,No verified unique all-stock gross floor-area measure
CHI,42,CHI:42,U2,u2_unavailable,,unavailable,,,,blocked,False,No workplace job counts and matching block geography
CHI,42,CHI:42,U4,u4_unavailable,,unavailable,,,,blocked,False,No bus GTFS or fine-scale population support
CHI,42,CHI:42,M2,m2_unavailable,,unavailable,,,,blocked,False,Road topology/level consistency and common SP method not yet validated; no planar proxy promoted
CHI,43,CHI:43,U3,population_density_acs_label2023,6093.230749445358,residents/km2,46276.0,7.594657399805894,,provisional_population_provenance,False,Provided ACS aggregate; exact validated name crosswalk; period/MOE provenance unresolved
CHI,43,CHI:43,M7,m7_unavailable,,unavailable,,,,blocked,False,No physical parcel geometry / condominium parent crosswalk
CHI,43,CHI:43,B3,b3_unavailable,,unavailable,,,,blocked,False,No verified unique all-stock gross floor-area measure
CHI,43,CHI:43,U2,u2_unavailable,,unavailable,,,,blocked,False,No workplace job counts and matching block geography
CHI,43,CHI:43,U4,u4_unavailable,,unavailable,,,,blocked,False,No bus GTFS or fine-scale population support
CHI,43,CHI:43,M2,m2_unavailable,,unavailable,,,,blocked,False,Road topology/level consistency and common SP method not yet validated; no planar proxy promoted
CHI,44,CHI:44,U3,population_density_acs_label2023,4114.12764992426,residents/km2,31440.0,7.641960258714579,,provisional_population_provenance,False,Provided ACS aggregate; exact validated name crosswalk; period/MOE provenance unresolved
CHI,44,CHI:44,M7,m7_unavailable,,unavailable,,,,blocked,False,No physical parcel geometry / condominium parent crosswalk
CHI,44,CHI:44,B3,b3_unavailable,,unavailable,,,,blocked,False,No verified unique all-stock gross floor-area measure
CHI,44,CHI:44,U2,u2_unavailable,,unavailable,,,,blocked,False,No workplace job counts and matching block geography
CHI,44,CHI:44,U4,u4_unavailable,,unavailable,,,,blocked,False,No bus GTFS or fine-scale population support
CHI,44,CHI:44,M2,m2_unavailable,,unavailable,,,,blocked,False,Road topology/level consistency and common SP method not yet validated; no planar proxy promoted
CHI,45,CHI:45,U3,population_density_acs_label2023,2933.8019451431637,residents/km2,9492.0,3.2353922239753676,,provisional_population_provenance,False,Provided ACS aggregate; exact validated name crosswalk; period/MOE provenance unresolved
CHI,45,CHI:45,M7,m7_unavailable,,unavailable,,,,blocked,False,No physical parcel geometry / condominium parent crosswalk
CHI,45,CHI:45,B3,b3_unavailable,,unavailable,,,,blocked,False,No verified unique all-stock gross floor-area measure
CHI,45,CHI:45,U2,u2_unavailable,,unavailable,,,,blocked,False,No workplace job counts and matching block geography
CHI,45,CHI:45,U4,u4_unavailable,,unavailable,,,,blocked,False,No bus GTFS or fine-scale population support
CHI,45,CHI:45,M2,m2_unavailable,,unavailable,,,,blocked,False,Road topology/level consistency and common SP method not yet validated; no planar proxy promoted
CHI,46,CHI:46,U3,population_density_acs_label2023,3357.682337227782,residents/km2,29072.0,8.658353316413738,,provisional_population_provenance,False,Provided ACS aggregate; exact validated name crosswalk; period/MOE provenance unresolved
CHI,46,CHI:46,M7,m7_unavailable,,unavailable,,,,blocked,False,No physical parcel geometry / condominium parent crosswalk
CHI,46,CHI:46,B3,b3_unavailable,,unavailable,,,,blocked,False,No verified unique all-stock gross floor-area measure
CHI,46,CHI:46,U2,u2_unavailable,,unavailable,,,,blocked,False,No workplace job counts and matching block geography
CHI,46,CHI:46,U4,u4_unavailable,,unavailable,,,,blocked,False,No bus GTFS or fine-scale population support
CHI,46,CHI:46,M2,m2_unavailable,,unavailable,,,,blocked,False,Road topology/level consistency and common SP method not yet validated; no planar proxy promoted
CHI,47,CHI:47,U3,population_density_acs_label2023,1412.7709128342888,residents/km2,2229.0,1.5777504900127082,,provisional_population_provenance,False,Provided ACS aggregate; exact validated name crosswalk; period/MOE provenance unresolved
CHI,47,CHI:47,M7,m7_unavailable,,unavailable,,,,blocked,False,No physical parcel geometry / condominium parent crosswalk
CHI,47,CHI:47,B3,b3_unavailable,,unavailable,,,,blocked,False,No verified unique all-stock gross floor-area measure
CHI,47,CHI:47,U2,u2_unavailable,,unavailable,,,,blocked,False,No workplace job counts and matching block geography
CHI,47,CHI:47,U4,u4_unavailable,,unavailable,,,,blocked,False,No bus GTFS or fine-scale population support
CHI,47,CHI:47,M2,m2_unavailable,,unavailable,,,,blocked,False,Road topology/level consistency and common SP method not yet validated; no planar proxy promoted
CHI,48,CHI:48,U3,population_density_acs_label2023,2664.7372032958933,residents/km2,12078.0,4.532529506122129,,provisional_population_provenance,False,Provided ACS aggregate; exact validated name crosswalk; period/MOE provenance unresolved
CHI,48,CHI:48,M7,m7_unavailable,,unavailable,,,,blocked,False,No physical parcel geometry / condominium parent crosswalk
CHI,48,CHI:48,B3,b3_unavailable,,unavailable,,,,blocked,False,No verified unique all-stock gross floor-area measure
CHI,48,CHI:48,U2,u2_unavailable,,unavailable,,,,blocked,False,No workplace job counts and matching block geography
CHI,48,CHI:48,U4,u4_unavailable,,unavailable,,,,blocked,False,No bus GTFS or fine-scale population support
CHI,48,CHI:48,M2,m2_unavailable,,unavailable,,,,blocked,False,Road topology/level consistency and common SP method not yet validated; no planar proxy promoted
CHI,49,CHI:49,U3,population_density_acs_label2023,3020.3874329947766,residents/km2,37660.0,12.468599090501224,,provisional_population_provenance,False,Provided ACS aggregate; exact validated name crosswalk; period/MOE provenance unresolved
CHI,49,CHI:49,M7,m7_unavailable,,unavailable,,,,blocked,False,No physical parcel geometry / condominium parent crosswalk
CHI,49,CHI:49,B3,b3_unavailable,,unavailable,,,,blocked,False,No verified unique all-stock gross floor-area measure
CHI,49,CHI:49,U2,u2_unavailable,,unavailable,,,,blocked,False,No workplace job counts and matching block geography
CHI,49,CHI:49,U4,u4_unavailable,,unavailable,,,,blocked,False,No bus GTFS or fine-scale population support
CHI,49,CHI:49,M2,m2_unavailable,,unavailable,,,,blocked,False,Road topology/level consistency and common SP method not yet validated; no planar proxy promoted
CHI,50,CHI:50,U3,population_density_acs_label2023,1250.8295558982059,residents/km2,6851.0,5.477165108303168,,provisional_population_provenance,False,Provided ACS aggregate; exact validated name crosswalk; period/MOE provenance unresolved
CHI,50,CHI:50,M7,m7_unavailable,,unavailable,,,,blocked,False,No physical parcel geometry / condominium parent crosswalk
CHI,50,CHI:50,B3,b3_unavailable,,unavailable,,,,blocked,False,No verified unique all-stock gross floor-area measure
CHI,50,CHI:50,U2,u2_unavailable,,unavailable,,,,blocked,False,No workplace job counts and matching block geography
CHI,50,CHI:50,U4,u4_unavailable,,unavailable,,,,blocked,False,No bus GTFS or fine-scale population support
CHI,50,CHI:50,M2,m2_unavailable,,unavailable,,,,blocked,False,Road topology/level consistency and common SP method not yet validated; no planar proxy promoted
CHI,51,CHI:51,U3,population_density_acs_label2023,535.4347875192531,residents/km2,15100.0,28.201380171730133,,provisional_population_provenance,False,Provided ACS aggregate; exact validated name crosswalk; period/MOE provenance unresolved
CHI,51,CHI:51,M7,m7_unavailable,,unavailable,,,,blocked,False,No physical parcel geometry / condominium parent crosswalk
CHI,51,CHI:51,B3,b3_unavailable,,unavailable,,,,blocked,False,No verified unique all-stock gross floor-area measure
CHI,51,CHI:51,U2,u2_unavailable,,unavailable,,,,blocked,False,No workplace job counts and matching block geography
CHI,51,CHI:51,U4,u4_unavailable,,unavailable,,,,blocked,False,No bus GTFS or fine-scale population support
CHI,51,CHI:51,M2,m2_unavailable,,unavailable,,,,blocked,False,Road topology/level consistency and common SP method not yet validated; no planar proxy promoted
CHI,52,CHI:52,U3,population_density_acs_label2023,3057.9077962343845,residents/km2,23629.0,7.7271787033924255,,provisional_population_provenance,False,Provided ACS aggregate; exact validated name crosswalk; period/MOE provenance unresolved
CHI,52,CHI:52,M7,m7_unavailable,,unavailable,,,,blocked,False,No physical parcel geometry / condominium parent crosswalk
CHI,52,CHI:52,B3,b3_unavailable,,unavailable,,,,blocked,False,No verified unique all-stock gross floor-area measure
CHI,52,CHI:52,U2,u2_unavailable,,unavailable,,,,blocked,False,No workplace job counts and matching block geography
CHI,52,CHI:52,U4,u4_unavailable,,unavailable,,,,blocked,False,No bus GTFS or fine-scale population support
CHI,52,CHI:52,M2,m2_unavailable,,unavailable,,,,blocked,False,Road topology/level consistency and common SP method not yet validated; no planar proxy promoted
CHI,53,CHI:53,U3,population_density_acs_label2023,2727.4657779084355,residents/km2,25159.0,9.22431372146977,,provisional_population_provenance,False,Provided ACS aggregate; exact validated name crosswalk; period/MOE provenance unresolved
CHI,53,CHI:53,M7,m7_unavailable,,unavailable,,,,blocked,False,No physical parcel geometry / condominium parent crosswalk
CHI,53,CHI:53,B3,b3_unavailable,,unavailable,,,,blocked,False,No verified unique all-stock gross floor-area measure
CHI,53,CHI:53,U2,u2_unavailable,,unavailable,,,,blocked,False,No workplace job counts and matching block geography
CHI,53,CHI:53,U4,u4_unavailable,,unavailable,,,,blocked,False,No bus GTFS or fine-scale population support
CHI,53,CHI:53,M2,m2_unavailable,,unavailable,,,,blocked,False,Road topology/level consistency and common SP method not yet validated; no planar proxy promoted
CHI,54,CHI:54,U3,population_density_acs_label2023,847.4204888194018,residents/km2,7740.0,9.1336002635281,,provisional_population_provenance,False,Provided ACS aggregate; exact validated name crosswalk; period/MOE provenance unresolved
CHI,54,CHI:54,M7,m7_unavailable,,unavailable,,,,blocked,False,No physical parcel geometry / condominium parent crosswalk
CHI,54,CHI:54,B3,b3_unavailable,,unavailable,,,,blocked,False,No verified unique all-stock gross floor-area measure
CHI,54,CHI:54,U2,u2_unavailable,,unavailable,,,,blocked,False,No workplace job counts and matching block geography
CHI,54,CHI:54,U4,u4_unavailable,,unavailable,,,,blocked,False,No bus GTFS or fine-scale population support
CHI,54,CHI:54,M2,m2_unavailable,,unavailable,,,,blocked,False,Road topology/level consistency and common SP method not yet validated; no planar proxy promoted
CHI,55,CHI:55,U3,population_density_acs_label2023,656.4669684136192,residents/km2,8895.0,13.549805897309886,,provisional_population_provenance,False,Provided ACS aggregate; exact validated name crosswalk; period/MOE provenance unresolved
CHI,55,CHI:55,M7,m7_unavailable,,unavailable,,,,blocked,False,No physical parcel geometry / condominium parent crosswalk
CHI,55,CHI:55,B3,b3_unavailable,,unavailable,,,,blocked,False,No verified unique all-stock gross floor-area measure
CHI,55,CHI:55,U2,u2_unavailable,,unavailable,,,,blocked,False,No workplace job counts and matching block geography
CHI,55,CHI:55,U4,u4_unavailable,,unavailable,,,,blocked,False,No bus GTFS or fine-scale population support
CHI,55,CHI:55,M2,m2_unavailable,,unavailable,,,,blocked,False,Road topology/level consistency and common SP method not yet validated; no planar proxy promoted
CHI,56,CHI:56,U3,population_density_acs_label2023,3313.4679121830836,residents/km2,36265.0,10.944726480271465,,provisional_population_provenance,False,Provided ACS aggregate; exact validated name crosswalk; period/MOE provenance unresolved
CHI,56,CHI:56,M7,m7_unavailable,,unavailable,,,,blocked,False,No physical parcel geometry / condominium parent crosswalk
CHI,56,CHI:56,B3,b3_unavailable,,unavailable,,,,blocked,False,No verified unique all-stock gross floor-area measure
CHI,56,CHI:56,U2,u2_unavailable,,unavailable,,,,blocked,False,No workplace job counts and matching block geography
CHI,56,CHI:56,U4,u4_unavailable,,unavailable,,,,blocked,False,No bus GTFS or fine-scale population support
CHI,56,CHI:56,M2,m2_unavailable,,unavailable,,,,blocked,False,Road topology/level consistency and common SP method not yet validated; no planar proxy promoted
CHI,57,CHI:57,U3,population_density_acs_label2023,2672.567935647192,residents/km2,13875.0,5.191636034741252,,provisional_population_provenance,False,Provided ACS aggregate; exact validated name crosswalk; period/MOE provenance unresolved
CHI,57,CHI:57,M7,m7_unavailable,,unavailable,,,,blocked,False,No physical parcel geometry / condominium parent crosswalk
CHI,57,CHI:57,B3,b3_unavailable,,unavailable,,,,blocked,False,No verified unique all-stock gross floor-area measure
CHI,57,CHI:57,U2,u2_unavailable,,unavailable,,,,blocked,False,No workplace job counts and matching block geography
CHI,57,CHI:57,U4,u4_unavailable,,unavailable,,,,blocked,False,No bus GTFS or fine-scale population support
CHI,57,CHI:57,M2,m2_unavailable,,unavailable,,,,blocked,False,Road topology/level consistency and common SP method not yet validated; no planar proxy promoted
CHI,58,CHI:58,U3,population_density_acs_label2023,6012.335769331228,residents/km2,42360.0,7.045514692655271,,provisional_population_provenance,False,Provided ACS aggregate; exact validated name crosswalk; period/MOE provenance unresolved
CHI,58,CHI:58,M7,m7_unavailable,,unavailable,,,,blocked,False,No physical parcel geometry / condominium parent crosswalk
CHI,58,CHI:58,B3,b3_unavailable,,unavailable,,,,blocked,False,No verified unique all-stock gross floor-area measure
CHI,58,CHI:58,U2,u2_unavailable,,unavailable,,,,blocked,False,No workplace job counts and matching block geography
CHI,58,CHI:58,U4,u4_unavailable,,unavailable,,,,blocked,False,No bus GTFS or fine-scale population support
CHI,58,CHI:58,M2,m2_unavailable,,unavailable,,,,blocked,False,Road topology/level consistency and common SP method not yet validated; no planar proxy promoted
CHI,59,CHI:59,U3,population_density_acs_label2023,4206.94759965934,residents/km2,15400.0,3.6606113185833413,,provisional_population_provenance,False,Provided ACS aggregate; exact validated name crosswalk; period/MOE provenance unresolved
CHI,59,CHI:59,M7,m7_unavailable,,unavailable,,,,blocked,False,No physical parcel geometry / condominium parent crosswalk
CHI,59,CHI:59,B3,b3_unavailable,,unavailable,,,,blocked,False,No verified unique all-stock gross floor-area measure
CHI,59,CHI:59,U2,u2_unavailable,,unavailable,,,,blocked,False,No workplace job counts and matching block geography
CHI,59,CHI:59,U4,u4_unavailable,,unavailable,,,,blocked,False,No bus GTFS or fine-scale population support
CHI,59,CHI:59,M2,m2_unavailable,,unavailable,,,,blocked,False,Road topology/level consistency and common SP method not yet validated; no planar proxy promoted
CHI,60,CHI:60,U3,population_density_acs_label2023,6100.481355619333,residents/km2,33012.0,5.4113762628897595,,provisional_population_provenance,False,Provided ACS aggregate; exact validated name crosswalk; period/MOE provenance unresolved
CHI,60,CHI:60,M7,m7_unavailable,,unavailable,,,,blocked,False,No physical parcel geometry / condominium parent crosswalk
CHI,60,CHI:60,B3,b3_unavailable,,unavailable,,,,blocked,False,No verified unique all-stock gross floor-area measure
CHI,60,CHI:60,U2,u2_unavailable,,unavailable,,,,blocked,False,No workplace job counts and matching block geography
CHI,60,CHI:60,U4,u4_unavailable,,unavailable,,,,blocked,False,No bus GTFS or fine-scale population support
CHI,60,CHI:60,M2,m2_unavailable,,unavailable,,,,blocked,False,Road topology/level consistency and common SP method not yet validated; no planar proxy promoted
CHI,61,CHI:61,U3,population_density_acs_label2023,3267.7508015849958,residents/km2,40843.0,12.498811102789551,,provisional_population_provenance,False,Provided ACS aggregate; exact validated name crosswalk; period/MOE provenance unresolved
CHI,61,CHI:61,M7,m7_unavailable,,unavailable,,,,blocked,False,No physical parcel geometry / condominium parent crosswalk
CHI,61,CHI:61,B3,b3_unavailable,,unavailable,,,,blocked,False,No verified unique all-stock gross floor-area measure
CHI,61,CHI:61,U2,u2_unavailable,,unavailable,,,,blocked,False,No workplace job counts and matching block geography
CHI,61,CHI:61,U4,u4_unavailable,,unavailable,,,,blocked,False,No bus GTFS or fine-scale population support
CHI,61,CHI:61,M2,m2_unavailable,,unavailable,,,,blocked,False,Road topology/level consistency and common SP method not yet validated; no planar proxy promoted
CHI,62,CHI:62,U3,population_density_acs_label2023,5993.5345936843405,residents/km2,18201.0,3.0367723278312635,,provisional_population_provenance,False,Provided ACS aggregate; exact validated name crosswalk; period/MOE provenance unresolved
CHI,62,CHI:62,M7,m7_unavailable,,unavailable,,,,blocked,False,No physical parcel geometry / condominium parent crosswalk
CHI,62,CHI:62,B3,b3_unavailable,,unavailable,,,,blocked,False,No verified unique all-stock gross floor-area measure
CHI,62,CHI:62,U2,u2_unavailable,,unavailable,,,,blocked,False,No workplace job counts and matching block geography
CHI,62,CHI:62,U4,u4_unavailable,,unavailable,,,,blocked,False,No bus GTFS or fine-scale population support
CHI,62,CHI:62,M2,m2_unavailable,,unavailable,,,,blocked,False,Road topology/level consistency and common SP method not yet validated; no planar proxy promoted
CHI,63,CHI:63,U3,population_density_acs_label2023,6090.291125878948,residents/km2,34650.0,5.689383197588823,,provisional_population_provenance,False,Provided ACS aggregate; exact validated name crosswalk; period/MOE provenance unresolved
CHI,63,CHI:63,M7,m7_unavailable,,unavailable,,,,blocked,False,No physical parcel geometry / condominium parent crosswalk
CHI,63,CHI:63,B3,b3_unavailable,,unavailable,,,,blocked,False,No verified unique all-stock gross floor-area measure
CHI,63,CHI:63,U2,u2_unavailable,,unavailable,,,,blocked,False,No workplace job counts and matching block geography
CHI,63,CHI:63,U4,u4_unavailable,,unavailable,,,,blocked,False,No bus GTFS or fine-scale population support
CHI,63,CHI:63,M2,m2_unavailable,,unavailable,,,,blocked,False,Road topology/level consistency and common SP method not yet validated; no planar proxy promoted
CHI,64,CHI:64,U3,population_density_acs_label2023,3741.116755430659,residents/km2,24710.0,6.604979639871065,,provisional_population_provenance,False,Provided ACS aggregate; exact validated name crosswalk; period/MOE provenance unresolved
CHI,64,CHI:64,M7,m7_unavailable,,unavailable,,,,blocked,False,No physical parcel geometry / condominium parent crosswalk
CHI,64,CHI:64,B3,b3_unavailable,,unavailable,,,,blocked,False,No verified unique all-stock gross floor-area measure
CHI,64,CHI:64,U2,u2_unavailable,,unavailable,,,,blocked,False,No workplace job counts and matching block geography
CHI,64,CHI:64,U4,u4_unavailable,,unavailable,,,,blocked,False,No bus GTFS or fine-scale population support
CHI,64,CHI:64,M2,m2_unavailable,,unavailable,,,,blocked,False,Road topology/level consistency and common SP method not yet validated; no planar proxy promoted
CHI,65,CHI:65,U3,population_density_acs_label2023,4246.486693103344,residents/km2,32451.0,7.641846624105331,,provisional_population_provenance,False,Provided ACS aggregate; exact validated name crosswalk; period/MOE provenance unresolved
CHI,65,CHI:65,M7,m7_unavailable,,unavailable,,,,blocked,False,No physical parcel geometry / condominium parent crosswalk
CHI,65,CHI:65,B3,b3_unavailable,,unavailable,,,,blocked,False,No verified unique all-stock gross floor-area measure
CHI,65,CHI:65,U2,u2_unavailable,,unavailable,,,,blocked,False,No workplace job counts and matching block geography
CHI,65,CHI:65,U4,u4_unavailable,,unavailable,,,,blocked,False,No bus GTFS or fine-scale population support
CHI,65,CHI:65,M2,m2_unavailable,,unavailable,,,,blocked,False,Road topology/level consistency and common SP method not yet validated; no planar proxy promoted
CHI,66,CHI:66,U3,population_density_acs_label2023,5726.250786367769,residents/km2,52245.0,9.123770849222558,,provisional_population_provenance,False,Provided ACS aggregate; exact validated name crosswalk; period/MOE provenance unresolved
CHI,66,CHI:66,M7,m7_unavailable,,unavailable,,,,blocked,False,No physical parcel geometry / condominium parent crosswalk
CHI,66,CHI:66,B3,b3_unavailable,,unavailable,,,,blocked,False,No verified unique all-stock gross floor-area measure
CHI,66,CHI:66,U2,u2_unavailable,,unavailable,,,,blocked,False,No workplace job counts and matching block geography
CHI,66,CHI:66,U4,u4_unavailable,,unavailable,,,,blocked,False,No bus GTFS or fine-scale population support
CHI,66,CHI:66,M2,m2_unavailable,,unavailable,,,,blocked,False,Road topology/level consistency and common SP method not yet validated; no planar proxy promoted
CHI,67,CHI:67,U3,population_density_acs_label2023,3180.9611771598143,residents/km2,25971.0,8.164513351020755,,provisional_population_provenance,False,Provided ACS aggregate; exact validated name crosswalk; period/MOE provenance unresolved
CHI,67,CHI:67,M7,m7_unavailable,,unavailable,,,,blocked,False,No physical parcel geometry / condominium parent crosswalk
CHI,67,CHI:67,B3,b3_unavailable,,unavailable,,,,blocked,False,No verified unique all-stock gross floor-area measure
CHI,67,CHI:67,U2,u2_unavailable,,unavailable,,,,blocked,False,No workplace job counts and matching block geography
CHI,67,CHI:67,U4,u4_unavailable,,unavailable,,,,blocked,False,No bus GTFS or fine-scale population support
CHI,67,CHI:67,M2,m2_unavailable,,unavailable,,,,blocked,False,Road topology/level consistency and common SP method not yet validated; no planar proxy promoted
CHI,68,CHI:68,U3,population_density_acs_label2023,2683.4474653508096,residents/km2,21337.0,7.951338819003335,,provisional_population_provenance,False,Provided ACS aggregate; exact validated name crosswalk; period/MOE provenance unresolved
CHI,68,CHI:68,M7,m7_unavailable,,unavailable,,,,blocked,False,No physical parcel geometry / condominium parent crosswalk
CHI,68,CHI:68,B3,b3_unavailable,,unavailable,,,,blocked,False,No verified unique all-stock gross floor-area measure
CHI,68,CHI:68,U2,u2_unavailable,,unavailable,,,,blocked,False,No workplace job counts and matching block geography
CHI,68,CHI:68,U4,u4_unavailable,,unavailable,,,,blocked,False,No bus GTFS or fine-scale population support
CHI,68,CHI:68,M2,m2_unavailable,,unavailable,,,,blocked,False,Road topology/level consistency and common SP method not yet validated; no planar proxy promoted
CHI,69,CHI:69,U3,population_density_acs_label2023,3165.8441244818223,residents/km2,29052.0,9.176699438654504,,provisional_population_provenance,False,Provided ACS aggregate; exact validated name crosswalk; period/MOE provenance unresolved
CHI,69,CHI:69,M7,m7_unavailable,,unavailable,,,,blocked,False,No physical parcel geometry / condominium parent crosswalk
CHI,69,CHI:69,B3,b3_unavailable,,unavailable,,,,blocked,False,No verified unique all-stock gross floor-area measure
CHI,69,CHI:69,U2,u2_unavailable,,unavailable,,,,blocked,False,No workplace job counts and matching block geography
CHI,69,CHI:69,U4,u4_unavailable,,unavailable,,,,blocked,False,No bus GTFS or fine-scale population support
CHI,69,CHI:69,M2,m2_unavailable,,unavailable,,,,blocked,False,Road topology/level consistency and common SP method not yet validated; no planar proxy promoted
CHI,70,CHI:70,U3,population_density_acs_label2023,3406.7753209117345,residents/km2,42842.0,12.575528458546675,,provisional_population_provenance,False,Provided ACS aggregate; exact validated name crosswalk; period/MOE provenance unresolved
CHI,70,CHI:70,M7,m7_unavailable,,unavailable,,,,blocked,False,No physical parcel geometry / condominium parent crosswalk
CHI,70,CHI:70,B3,b3_unavailable,,unavailable,,,,blocked,False,No verified unique all-stock gross floor-area measure
CHI,70,CHI:70,U2,u2_unavailable,,unavailable,,,,blocked,False,No workplace job counts and matching block geography
CHI,70,CHI:70,U4,u4_unavailable,,unavailable,,,,blocked,False,No bus GTFS or fine-scale population support
CHI,70,CHI:70,M2,m2_unavailable,,unavailable,,,,blocked,False,Road topology/level consistency and common SP method not yet validated; no planar proxy promoted
CHI,71,CHI:71,U3,population_density_acs_label2023,4765.7449255592155,residents/km2,46483.0,9.753564390470531,,provisional_population_provenance,False,Provided ACS aggregate; exact validated name crosswalk; period/MOE provenance unresolved
CHI,71,CHI:71,M7,m7_unavailable,,unavailable,,,,blocked,False,No physical parcel geometry / condominium parent crosswalk
CHI,71,CHI:71,B3,b3_unavailable,,unavailable,,,,blocked,False,No verified unique all-stock gross floor-area measure
CHI,71,CHI:71,U2,u2_unavailable,,unavailable,,,,blocked,False,No workplace job counts and matching block geography
CHI,71,CHI:71,U4,u4_unavailable,,unavailable,,,,blocked,False,No bus GTFS or fine-scale population support
CHI,71,CHI:71,M2,m2_unavailable,,unavailable,,,,blocked,False,Road topology/level consistency and common SP method not yet validated; no planar proxy promoted
CHI,72,CHI:72,U3,population_density_acs_label2023,2403.7363648356545,residents/km2,19811.0,8.24175241919864,,provisional_population_provenance,False,Provided ACS aggregate; exact validated name crosswalk; period/MOE provenance unresolved
CHI,72,CHI:72,M7,m7_unavailable,,unavailable,,,,blocked,False,No physical parcel geometry / condominium parent crosswalk
CHI,72,CHI:72,B3,b3_unavailable,,unavailable,,,,blocked,False,No verified unique all-stock gross floor-area measure
CHI,72,CHI:72,U2,u2_unavailable,,unavailable,,,,blocked,False,No workplace job counts and matching block geography
CHI,72,CHI:72,U4,u4_unavailable,,unavailable,,,,blocked,False,No bus GTFS or fine-scale population support
CHI,72,CHI:72,M2,m2_unavailable,,unavailable,,,,blocked,False,Road topology/level consistency and common SP method not yet validated; no planar proxy promoted
CHI,73,CHI:73,U3,population_density_acs_label2023,3558.8558294731033,residents/km2,26310.0,7.392825464327746,,provisional_population_provenance,False,Provided ACS aggregate; exact validated name crosswalk; period/MOE provenance unresolved
CHI,73,CHI:73,M7,m7_unavailable,,unavailable,,,,blocked,False,No physical parcel geometry / condominium parent crosswalk
CHI,73,CHI:73,B3,b3_unavailable,,unavailable,,,,blocked,False,No verified unique all-stock gross floor-area measure
CHI,73,CHI:73,U2,u2_unavailable,,unavailable,,,,blocked,False,No workplace job counts and matching block geography
CHI,73,CHI:73,U4,u4_unavailable,,unavailable,,,,blocked,False,No bus GTFS or fine-scale population support
CHI,73,CHI:73,M2,m2_unavailable,,unavailable,,,,blocked,False,Road topology/level consistency and common SP method not yet validated; no planar proxy promoted
CHI,74,CHI:74,U3,population_density_acs_label2023,2722.98913243189,residents/km2,19107.0,7.016921137300177,,provisional_population_provenance,False,Provided ACS aggregate; exact validated name crosswalk; period/MOE provenance unresolved
CHI,74,CHI:74,M7,m7_unavailable,,unavailable,,,,blocked,False,No physical parcel geometry / condominium parent crosswalk
CHI,74,CHI:74,B3,b3_unavailable,,unavailable,,,,blocked,False,No verified unique all-stock gross floor-area measure
CHI,74,CHI:74,U2,u2_unavailable,,unavailable,,,,blocked,False,No workplace job counts and matching block geography
CHI,74,CHI:74,U4,u4_unavailable,,unavailable,,,,blocked,False,No bus GTFS or fine-scale population support
CHI,74,CHI:74,M2,m2_unavailable,,unavailable,,,,blocked,False,Road topology/level consistency and common SP method not yet validated; no planar proxy promoted
CHI,75,CHI:75,U3,population_density_acs_label2023,2495.8593442378797,residents/km2,21288.0,8.52932680246866,,provisional_population_provenance,False,Provided ACS aggregate; exact validated name crosswalk; period/MOE provenance unresolved
CHI,75,CHI:75,M7,m7_unavailable,,unavailable,,,,blocked,False,No physical parcel geometry / condominium parent crosswalk
CHI,75,CHI:75,B3,b3_unavailable,,unavailable,,,,blocked,False,No verified unique all-stock gross floor-area measure
CHI,75,CHI:75,U2,u2_unavailable,,unavailable,,,,blocked,False,No workplace job counts and matching block geography
CHI,75,CHI:75,U4,u4_unavailable,,unavailable,,,,blocked,False,No bus GTFS or fine-scale population support
CHI,75,CHI:75,M2,m2_unavailable,,unavailable,,,,blocked,False,Road topology/level consistency and common SP method not yet validated; no planar proxy promoted
CHI,76,CHI:76,U3,population_density_acs_label2023,471.6065186002697,residents/km2,16281.0,34.5224235838005,,provisional_population_provenance,False,Provided ACS aggregate; exact validated name crosswalk; period/MOE provenance unresolved
CHI,76,CHI:76,M7,m7_unavailable,,unavailable,,,,blocked,False,No physical parcel geometry / condominium parent crosswalk
CHI,76,CHI:76,B3,b3_unavailable,,unavailable,,,,blocked,False,No verified unique all-stock gross floor-area measure
CHI,76,CHI:76,U2,u2_unavailable,,unavailable,,,,blocked,False,No workplace job counts and matching block geography
CHI,76,CHI:76,U4,u4_unavailable,,unavailable,,,,blocked,False,No bus GTFS or fine-scale population support
CHI,76,CHI:76,M2,m2_unavailable,,unavailable,,,,blocked,False,Road topology/level consistency and common SP method not yet validated; no planar proxy promoted
CHI,77,CHI:77,U3,population_density_acs_label2023,10557.190555928977,residents/km2,47484.0,4.49778752675187,,provisional_population_provenance,False,Provided ACS aggregate; exact validated name crosswalk; period/MOE provenance unresolved
CHI,77,CHI:77,M7,m7_unavailable,,unavailable,,,,blocked,False,No physical parcel geometry / condominium parent crosswalk
CHI,77,CHI:77,B3,b3_unavailable,,unavailable,,,,blocked,False,No verified unique all-stock gross floor-area measure
CHI,77,CHI:77,U2,u2_unavailable,,unavailable,,,,blocked,False,No workplace job counts and matching block geography
CHI,77,CHI:77,U4,u4_unavailable,,unavailable,,,,blocked,False,No bus GTFS or fine-scale population support
CHI,77,CHI:77,M2,m2_unavailable,,unavailable,,,,blocked,False,Road topology/level consistency and common SP method not yet validated; no planar proxy promoted
