,CHI:01,CHI:02,CHI:03,CHI:04,CHI:05,CHI:06,CHI:07,CHI:08,CHI:09,CHI:10,CHI:11,CHI:12,CHI:13,CHI:14,CHI:15,CHI:16,CHI:17,CHI:18,CHI:19,CHI:20,CHI:21,CHI:22,CHI:23,CHI:24,CHI:25,CHI:26,CHI:27,CHI:28,CHI:29,CHI:30,CHI:31,CHI:32,CHI:33,CHI:34,CHI:35,CHI:36,CHI:37,CHI:38,CHI:39,CHI:40,CHI:41,CHI:42,CHI:43,CHI:44,CHI:45,CHI:46,CHI:47,CHI:48,CHI:49,CHI:50,CHI:51,CHI:52,CHI:53,CHI:54,CHI:55,CHI:56,CHI:57,CHI:58,CHI:59,CHI:60,CHI:61,CHI:62,CHI:63,CHI:64,CHI:65,CHI:66,CHI:67,CHI:68,CHI:69,CHI:70,CHI:71,CHI:72,CHI:73,CHI:74,CHI:75,CHI:76,CHI:77,SP:01,SP:02,SP:03,SP:04,SP:05,SP:06,SP:07,SP:08,SP:09,SP:10,SP:11,SP:12,SP:13,SP:14,SP:15,SP:16,SP:17,SP:18,SP:19,SP:20,SP:21,SP:22,SP:23,SP:24,SP:25,SP:26,SP:27,SP:28,SP:29,SP:30,SP:31,SP:32,SP:33,SP:34,SP:35,SP:36,SP:37,SP:38,SP:39,SP:40,SP:41,SP:42,SP:43,SP:44,SP:45,SP:46,SP:47,SP:48,SP:49,SP:50,SP:51,SP:52,SP:53,SP:54,SP:55,SP:56,SP:57,SP:58,SP:59,SP:60,SP:61,SP:62,SP:63,SP:64,SP:65,SP:66,SP:67,SP:68,SP:69,SP:70,SP:71,SP:72,SP:73,SP:74,SP:75,SP:76,SP:77,SP:78,SP:79,SP:80,SP:81,SP:82,SP:83,SP:84,SP:85,SP:86,SP:87,SP:88,SP:89,SP:90,SP:91,SP:92,SP:93,SP:94,SP:95,SP:96
CHI:01,0.0,0.8387758684831211,1.0835044816712425,0.7238684406483822,0.9009938976413309,0.8885176653182334,0.9135498247952499,1.7587900135055996,1.7552481196410896,1.5885810852236586,1.187607248891953,1.849623307273194,1.8839438097966819,0.7484911319406093,0.9740384781411467,0.9635808908897019,1.2595656605465433,1.0210048736160464,0.9497788718424867,0.9181494225497605,0.9984914603054903,0.9014747262759086,0.880916743177831,1.0396558401051614,0.8552287440671447,1.200010734564374,1.1457847510498638,1.6300004218350952,1.082621983096867,1.0840620422751777,1.1787241583458432,2.678046793048105,1.757413897282115,2.133205211322502,1.5622673718856916,1.694446653159816,2.7561511095445015,0.9429702704134957,0.8393008969235435,1.5766653243911652,1.0305570524338272,1.0833483435506348,0.6808403968911109,0.9947103693496665,1.4837521132878893,1.3582798576003468,2.211644166262157,1.6373893868688358,1.3524001576263858,2.268217308411572,3.4334682535705023,1.6176761685546779,1.6073151347583026,3.7844080075421878,3.395964989711625,1.4565470561071572,1.784185172573223,0.985101302314405,1.2017153028891137,1.0256310692498583,1.4132322704738471,1.156967311967699,0.946203005484777,1.4240301785698217,1.3098335679591495,1.018845446435136,1.3940585275068327,1.5350904638320848,1.257035756945506,1.497669613891805,1.0682023015242672,1.7568470887874679,1.3803504663686685,1.7733028433880162,1.6788124584594453,4.239620119927565,0.5947872888514137,1.0898383180109321,1.5011226142950134,2.9885575123294768,1.2011118400864904,1.03349353277466,2.0667670092400816,1.5369130400499262,1.2518261291277046,1.6172709935120289,1.453064694673552,1.25074446204362,1.7651427844078693,1.2322965790739533,0.9206579046494019,1.1628133409367674,1.0835803436489215,0.9361706190306517,1.4318668146259257,0.8093040967365224,1.06520356109266,1.0695403721937773,0.9228118488457892,1.6097517480826118,1.063866143530655,1.2756120314632844,1.3604390920221066,1.3151407335740692,1.253529201122735,1.0290998755420815,2.4683045073396084,1.138040700188422,1.3079691568912615,1.5555739920623888,1.0860470922445924,1.530471340191179,1.2013620004605605,0.889156914524735,0.8592451507603635,1.1675797600030544,2.029520719012427,1.603162253193125,1.6442871404930857,1.6036331476480288,1.527458075522806,1.2300620307134464,1.3188190812805287,1.510352714933582,1.1482246084894179,0.7288775793695511,0.9854049956621511,1.4196451864226551,4.445417965409825,1.0473055914580092,1.8169231957734977,3.9901463085999977,1.9237288531392343,2.1780926736030772,1.800871739848706,0.9600261066143548,0.9090630631276642,2.388546059747462,1.3539834031694948,1.2180651263632554,1.1467532336091533,1.5070487660843201,2.1301123120414918,1.1883157417725985,0.9611741344136997,1.0519934992006417,1.16895868667558,1.420243509945375,1.020818233574404,1.0759615657982748,1.179034436692244,1.2302772993140303,1.0745607309642107,0.8447635428967801,2.1638669684081875,1.8993648234170921,1.066711804855772,2.3288713647305594,0.9593676691881421,1.3627608207910187,1.31930350149289,0.9316629024690316,1.278143932037699,1.1574927112030926,1.5817286082292015,1.4235710839544107,0.9979591543689954,1.1309313721529675,1.1856549184746843,1.025833097190099,1.0710120737704618,1.4564333747577383,1.1006758644204326
CHI:02,0.8387758684831211,0.0,1.5586326238830746,0.7690199574712013,0.7356846024993723,1.240318323629475,1.1108129968475264,2.324009249491455,1.0478540192790822,0.9343825192318123,0.7250925809312285,1.307494766903839,1.7734414612619096,0.5662502171581293,0.45653192672946535,0.6863148974720623,0.6314343496292906,0.42556037475216824,0.47902150301713,0.5533412804960562,0.9183492126434243,0.8666035171888278,0.5692325023191089,1.080102469503699,0.5532019400469322,0.9160513129425076,0.9778106998952687,1.9326058999783262,0.88527422529499,0.9435222362335381,1.2789696538181279,3.1742949620139806,2.1302064195451185,2.0684033244619813,1.6526248338090777,1.6131575492658528,2.4860452653645715,0.9310048387395057,1.1079155390352573,1.5919669836774737,1.4203337873540616,1.0509937258339652,0.6599292838506096,0.6925387658019164,1.0087753912264452,1.0005933084963954,1.9448753510909382,1.1850566594343432,0.9400293076390075,2.1859234996733004,3.2853339753334425,1.1492855711286782,1.058661200801113,3.630915753749409,3.131995210296294,0.8544576883898486,1.7363423261069821,0.6315663013744387,1.1090105764436846,0.6699126005118097,1.146552450150239,0.6019433307945617,0.5675913811759007,0.9252886807805328,0.8533937204996396,0.47456430891661583,0.9022230451054326,1.1119932036869742,1.1532382154661363,0.9331533801641424,0.6211208468440965,1.1855937334612119,0.8968089198448331,1.2265403855129664,1.0903842761465457,4.079404469206279,0.9868478024691285,0.7395704375127745,1.0960347150808276,2.825574389766997,0.8436400683730914,0.6233943026931963,2.189431503674624,1.8623634642756497,1.3418167237502987,1.5653366535766364,1.612923746711717,1.0373131706641017,1.5507127087477588,0.9931709733558182,0.9591147132316048,1.172768997267546,0.990184611632042,0.5625055312932207,0.9209211300262864,0.5528525711428594,0.7469265401897331,0.6812742762485623,0.6157267032713181,1.3477579287400887,0.49348928675784837,0.9353286354770993,1.6536038063243945,0.8535420682485836,0.6903355270889434,0.6596173345073919,2.3232897982295952,0.6931312601167982,1.5630292001738664,1.1768055644245698,1.0611918370277176,1.6230683596486009,0.6220189108689921,0.5647831044728827,0.556639278409831,0.6342630271347108,1.6436703489587088,1.3796534441500525,1.4903919128505638,1.4560054447030704,0.9565154427803225,1.5542977426594555,1.1052009043424893,1.3703960138365587,1.1552574698299256,0.9220952415891145,0.7125770554660079,1.2859368988954034,4.182281241726938,0.918079903156218,1.5424698704463982,3.777681915774747,1.7734471892001407,2.0751257738317266,1.6919704771347566,0.7308135784061524,1.0108186528057337,2.1750901388438164,1.4470613911331414,0.8163440217516557,0.8183630107744458,1.2089899788912162,2.5735182901920974,0.6416858717321878,0.47993801138939896,1.4919246929246461,1.115053789246291,1.4551329149258234,0.6682346309462863,0.6368880707649748,0.8140064873345227,0.7676999350708256,0.6465071976791708,0.7982510862420544,2.4041632498901593,1.6825642171658923,1.104243431287884,2.1649856975631647,0.6452841993085882,1.2905765127627087,0.768297784657593,0.6043019773227378,1.059182804457765,0.6197559095765083,1.4683700531639816,1.1352503011312585,1.1529741244092027,0.6025319737861163,0.8148987986110735,0.6531842161820831,0.6404859136713001,0.9077801563041745,0.5669823148309012
CHI:03,1.0835044816712425,1.5586326238830746,0.0,1.051587858415192,1.5713797855970215,1.2881030131456883,1.2083850538669068,1.5717558805942746,2.3723731042179583,2.106848240282237,1.7902670096044135,2.0673260688849964,1.6942384200334122,1.6099066719324253,1.7501237037206423,1.585806848122755,1.8861041573919024,1.7020148931179622,1.7634169202716694,1.7673001497161627,1.5587018812287656,1.5699686710981882,1.5178431676476876,1.4953357180920688,1.4574607015662722,1.7130959223832498,1.4993494566389338,1.3781856606607787,1.4587802767313305,1.2675127630185588,1.2794128620007574,2.179586112672056,1.2501563577077475,2.1788530515972093,1.1280539466120927,1.5068801205858884,2.7333568068076244,1.3055086863935024,0.8771954611323171,1.4039188949577073,0.919270405664909,1.2116727205246083,1.3306610748430296,1.4819611178083607,1.887532752060818,1.5723839680904124,2.2738335240179075,1.9936365956508049,1.7940744273492009,2.0203245173079627,3.0491702696689797,1.8571011393380852,2.117520888861401,3.4857784132416394,3.1823306149123636,1.9186866790723547,1.884040976132863,1.5441152668170335,1.4637235745777115,1.695765094871076,1.7184758564837659,1.9477488802947929,1.728376854994526,1.9554837655089254,1.7801068063540495,1.7187516113053238,1.9588213164831596,1.9351742248632653,1.4279333264261853,1.967977064450182,1.7736945248795106,2.0490803708574816,1.9130158167222597,2.0853001440177903,1.994693740780646,3.746956005344004,1.1356558486718147,1.7942041530369233,1.6932004165576429,2.7062902010414533,1.9556921860209757,1.6676254365293706,1.5171500530870572,1.2215079410327263,1.3743620134194108,1.5815480358473244,1.687295082260104,1.4296833368352364,1.6559438063636196,1.3285313559261611,1.2789188850863782,1.2628527987456384,1.2361633698706356,1.6876214964545497,1.8572083741771026,1.6282055525279218,1.7236734377192033,1.5610999103637608,1.7592506696731003,1.7866667394212037,1.7469360658359716,1.730609088236255,0.8312635486042144,1.5801795411288473,1.8115022409470962,1.6313199546681676,2.2907354965893503,1.6876958214970246,0.966967081803091,1.7692812837596694,1.4367052845628754,1.3224723183583367,2.0431812745970683,1.5632697327713945,1.5221930356511093,1.8022918141668969,2.1334351341697992,1.6365769468665945,1.5450059765192732,1.6818055883633676,2.3278990015095244,0.950273490661578,1.4980750452229588,1.5548010191436246,1.360320350283701,1.1034553646766645,1.5509486498792087,1.51855138738328,4.336755243620587,1.3719014102209974,1.6774631429056093,3.7107341767921813,1.9850037937204226,2.023412937527816,1.9332227888660845,1.6317957653528843,1.3243083763910033,2.1048118329225973,1.288752678876256,1.5342162857808224,1.9218592332953814,1.69371804282968,1.787227256949799,1.7243256485070813,1.6233752097158234,1.0258085111046369,1.1517325384646424,1.36783706086894,1.8206504468591738,1.7136309332239708,1.8454385625685457,1.6873144067032955,1.9179774798256908,1.4483177753471213,1.7908036230949977,1.9759024609653195,1.2901511532669203,2.0468246837492114,1.6392510767753008,1.1514991673722605,2.147529723241056,1.6453684178063692,1.6052379135746375,1.924820089658361,1.3945017783654894,1.7634894539470067,1.2743273516565161,1.9086625392621321,2.027688507859866,1.6034741837128599,1.529952947976929,1.8144078249843534,1.9628111926321121
CHI:04,0.7238684406483822,0.7690199574712013,1.051587858415192,0.0,0.8128336878517379,1.0934172688095043,0.8948401311308027,1.9829869246542577,1.5067575236750284,1.2738290868603688,0.9558594539183901,1.3511962383064042,1.385821566701755,0.9288180933075835,0.8850529243358528,0.9394154892645004,1.0114183903579448,0.8698425414459021,0.9480941593650946,1.0168322149356075,1.0399748738519878,0.9972979151074715,0.7742459961374432,1.0344149959381788,0.6810446551949608,1.0447480073943445,0.8505831908129045,1.485205436409731,0.8346222293240055,0.8133042438222903,0.9567330171957851,2.744140702513112,1.7496604889197451,2.016054394628494,1.3170580729439394,1.4291123437960112,2.4341157647170135,0.7705008859184264,0.7932215604735262,1.2080305720851483,0.9295519236629102,0.8167119930574628,0.8162568995446651,0.6876102550713776,1.1747051665957347,0.9547563941785133,1.8103569967152597,1.2420678338269702,1.0023040757170143,1.8734297876028716,2.9900498019300996,1.2615412567624884,1.3331401383291595,3.447613777302704,2.990917965457455,1.0854542973737928,1.475444709106011,0.8542994487520098,1.0277781887415078,0.9931055294205184,1.0990356763812221,1.0469919665811274,0.9086349279445322,1.189818344786508,0.9798759837265283,0.9101731273910448,1.120465173624668,1.2195259896983273,0.9008550800775584,1.181910158874237,0.9296277027599822,1.27471974773685,1.143940764162581,1.3792290128207363,1.2644956198178607,3.7492723059248445,0.9394994277169186,1.0494474337082234,1.070870440133728,2.5965258316003235,1.189672663992042,0.9423880356741778,1.7567742589654631,1.545132658611256,1.0321876138696762,1.3832263744717062,1.3971448959647215,0.9395625295792156,1.3014953509160063,0.8401096983155257,0.7973862330028727,0.7453448726963637,0.64454871126829,1.0014550520290104,1.2258112397590515,0.9194282566909497,0.9144387771985094,0.8682653819707424,1.0312016121538659,1.1808227400200146,0.9142797306159773,1.0511990360824972,1.1819423522747452,0.9042896116882718,1.0784351582521963,0.8613569979586598,2.087416911669769,0.9145562661557245,1.0147838147716453,1.2339271687653792,0.894811368759692,1.2690451828606475,1.2087244397089463,0.7899889431512632,0.7753993679142663,1.0304220585665753,1.736258710288069,1.3446051564913701,1.2674044479563342,1.2946962040493148,1.4312534967037294,1.0687526427511114,0.9639852587295501,1.1762263627263614,0.7990540045851415,0.7466113677082534,0.8761118710072966,1.015877621921236,4.057546517277914,0.8219245330992143,1.3447754879699039,3.5632417584872744,1.6667744039382368,1.7765983971797699,1.5118277321872151,0.7998858266246673,0.9200050402828099,1.957899733117377,1.041948242603432,0.9141950079606175,1.1324821112195935,1.2205948510666491,2.2263297620780937,1.051125235616183,0.9235430604056112,1.2106447443749935,0.756022879700684,0.9407295117842869,1.0520041908429152,0.9392570295215472,0.8967790446730078,1.0475470278838956,1.1848772972656718,0.7865020385892001,2.059882682986116,1.4164736732017702,0.8330021237979982,1.8920484381531548,0.7214710308924299,1.1766093859712274,1.2921340403994712,0.817497295683319,0.9913346128208957,1.1639357422352612,1.250565707408595,1.2437817256322108,0.8826950916431304,1.0210724039638692,1.18451364639895,0.8701695446435264,0.8311511933918474,1.1908117136726162,1.1509228906928202
CHI:05,0.9009938976413309,0.7356846024993723,1.5713797855970215,0.8128336878517379,0.0,0.8857290178069552,0.7255508634271051,1.9343850559624243,1.360923275621144,1.2822276117478728,0.8593172157242591,1.5984030973855932,2.0024049002078823,0.528835647709852,0.5841221276664641,0.6562295197898211,1.0292441794841973,0.7945036711852798,0.5965691998706874,0.6971228843618059,0.6771071323656964,0.503146312487463,0.6960149167537448,0.5972623030846639,0.7273890560423792,0.8694454849004478,0.9422866429780709,1.5540584855653163,0.9509697860255457,1.1818648378035768,1.0158501102304254,2.867016600335169,1.8982636891907834,1.952041062384687,1.7233018900232278,1.907400985093906,2.4224418497110616,0.9872778199535414,1.3009214200623862,1.8501959612335483,1.370886538352573,1.2013668553265808,0.9262329524227583,0.9103107557772534,1.1715706380156663,1.345554050830243,2.0703176465823336,1.2890139256956408,1.163562389172844,2.325439221839191,3.4885240675763773,1.5765914114787254,1.4447754992795392,3.9776007288455975,3.4456728191308508,1.2046618086273724,1.7916507766076557,0.8568950697484454,0.9980816585316594,0.6071314188019432,1.2994199270623794,0.9015667293135885,0.8190503655396454,1.2812878622334087,1.1576358180316688,0.9513896883787692,1.1328706252365948,1.3255571200633502,1.2757346157066087,1.3160440997344927,0.8733467040411017,1.471971932721419,1.1468642076597537,1.6422187279581388,1.4332834817094304,4.321289671791505,0.8683760702011194,0.6255417467775781,1.2642371826329104,3.1518323516111444,0.8072197822149156,0.784703458719844,2.0682502706501213,1.5056001466644084,1.1469405340300423,1.393377181620596,1.2465814836228954,1.3796843813063513,1.6200408472742185,1.324850801906419,0.8401685076824085,1.06043242198447,1.0939838555601158,0.8778677471577722,1.2344940815961118,0.7617728363028583,0.6943489428136239,0.6967140618923041,0.7370657874366624,1.6128832339970915,0.8556293234873183,1.4283760365065872,1.4145499717998875,1.1822704643374526,1.013943243623808,0.7031545538011686,2.6846872335590515,1.1138933786881322,1.3507082789881555,1.615797965815595,0.9820520686312646,1.3163971211308472,0.9809870582862702,0.6871762546875492,0.6384017370865523,0.9715776958923731,1.8470198462399028,1.6238919207922133,1.8584023157882381,1.8159195348420847,1.426065704215929,1.21563949375158,1.4244332074071069,1.7334222388004779,0.8506341806750966,0.7581982524474835,0.7403317682215185,1.5468536400277186,4.620161777815064,0.6890839413671204,1.6764833587920762,4.145916653345839,1.6916202211517484,2.3455460416802683,2.041987833644571,0.6027517505798167,0.8328825124323437,2.5229772680043587,1.0417032272515263,1.1086887909287362,0.8096439407093561,1.6174316329257723,2.2097569221783315,1.040283204379104,0.9463788712438365,1.1939640285517323,0.93293145778393,1.2415662416865458,0.6660600233246872,0.8086630709179877,0.9101133209317135,1.2335468367787161,0.8150645983265355,0.4881593396012493,2.0284559536924243,1.7797922036841538,0.6679512671152211,2.470943468990058,0.6439729335462439,1.5986539209041213,1.0566034141921583,0.3934208990383721,1.0814004411621014,0.9550380064990186,1.472489464722567,1.1861856422773092,0.799300543450924,0.7147567143734468,0.8489777741301218,0.6336285854880825,0.9584821434422452,1.2196400111026806,1.006087379782623
CHI:06,0.8885176653182334,1.240318323629475,1.2881030131456883,1.0934172688095043,0.8857290178069552,0.0,0.5202829240948081,1.3287823442054612,2.084822692463399,1.9532197105996931,1.487070223651011,2.20464452388485,2.385271458279145,0.9504347029965258,1.2396108906819456,1.1403319228153495,1.725023936620596,1.4758979786304558,1.279162715946365,1.2981641797696184,0.9720932603389191,0.7892665254633681,1.3018854475396329,0.716377480001632,1.3047878565711202,1.3507722657946415,1.3612285460044,1.4510648293377555,1.42448966513814,1.5795400744617152,1.3303401420272725,2.4200545830139633,1.5237843594922265,1.9075727496612178,1.7296934709039622,1.966044872746447,2.666263165490161,1.2389696096256535,1.360563603069738,2.1231880845715865,1.3370411518991785,1.4821681232469164,1.1299715617617894,1.4080949218827878,1.7435856232428213,1.8145744284827063,2.60622514530284,1.7969220294235955,1.706601925137561,2.6821090314658793,3.8512586712891306,2.139581795592117,2.0799310387282293,4.341439264023852,3.8806376604584916,1.8888785799645504,2.243623948827187,1.415495489281153,1.3932858525397893,1.1754357421673827,1.8834920647107145,1.5595994638760795,1.4378255852061872,1.9546984641443017,1.798421757086677,1.5260100218385562,1.7518558429169784,1.8479730342137206,1.6253111151050756,1.9735492271984645,1.4535902149557576,2.1216074060875667,1.711795847921001,2.2824728706819286,2.0579124083969234,4.678854163805679,0.4840982482037722,1.2503903984980094,1.7969454157401343,3.5344049227181986,1.3597756991682264,1.2410816878388071,2.101797840270645,1.051298018889993,1.4023229113147657,1.603158536686109,1.403887719238661,1.7231888054859519,2.0272152801341545,1.6828273070589153,1.2059587622926966,1.3955555793758807,1.5136768798941034,1.3015910206288892,1.7079461569407834,1.1181354251634685,1.3375457886102027,1.2726964208126,1.1754364699171647,2.0974950720512604,1.4566579968536875,1.84479487990711,1.1942891539503693,1.744945918830048,1.5880770451422153,1.2698198140983734,3.0426901737733445,1.6010653705532276,1.3276624643165016,2.06804252063002,1.4074302259864848,1.3268520943872244,1.5237706742725095,1.1613104912851966,1.157755709321641,1.5645278246071135,2.324014380468284,2.0148136466193995,2.2134481905117016,2.149812662208252,2.0490194782980145,1.0449617347024547,1.806250965299924,2.1081561450667468,1.2682209296712421,0.8218380581131538,1.2486840598442186,1.970326217655168,5.106639729884863,1.1575510265313893,2.0395442520845,4.562737918400298,2.03138616105023,2.754237467992232,2.421154190016206,1.1780384557579182,0.9808800610286705,2.8808138407421553,1.134250759617694,1.5714718416685176,1.3292522396544975,2.0690869703167896,1.7116019165592509,1.545315856865203,1.4566227703281327,0.8348950170668364,1.1633142807639858,1.5725650492380252,1.2637224732920624,1.3592435916757568,1.5623767284870411,1.6834896253993559,1.2688233524824766,0.9134792638846583,1.76305815675129,2.3378353756623995,0.8743281169975575,2.8228654175494508,1.2799316854705636,1.7137564416102622,1.6351277861740803,1.087960660127083,1.6123018507014544,1.450040478865834,1.7606567290070354,1.644259109767862,0.8837733714776196,1.4184841811351743,1.4347990512926303,1.2147078469364363,1.4838458864958344,1.7788261452469478,1.4959270847765598
CHI:07,0.9135498247952499,1.1108129968475264,1.2083850538669068,0.8948401311308027,0.7255508634271051,0.5202829240948081,0.0,1.468332117756732,1.9036028917725432,1.7455195097463698,1.2541499229113284,1.9077298534147151,2.08644876703968,0.88460992970947,1.1013859424775883,0.971785465853375,1.5114565181943387,1.2743561497424605,1.1155419828616182,1.1951028512804673,0.7756976956320762,0.6740774424511009,1.0834578915287092,0.5609355400984819,1.1004154000493427,1.1519045449535807,1.127180849217801,1.272918950447285,1.202962939663136,1.321667586683976,1.0303026143322507,2.430607397888531,1.3490918743726388,1.6914211442073233,1.4810604827311695,1.83824185752231,2.3564846264813073,1.1185124602974787,1.249479158082968,1.901986100102388,1.2504082254942315,1.2719665341309065,1.0427307823291565,1.1581725311411337,1.484662806029725,1.5489458246885708,2.3146081393910203,1.5872244436478669,1.485223042712833,2.3524062661644796,3.5003826861165623,1.8531685452706195,1.872348771421274,4.036804316362518,3.537246091190968,1.6253279941470324,1.9024135171744896,1.162938755504922,1.0899756694403089,1.0064501474083767,1.595137536620465,1.3905506924834783,1.267325989026895,1.7087769616195168,1.5282116316771528,1.3523180281891225,1.556686321865556,1.6363854404721228,1.3742116166867357,1.6906317996881888,1.3018429863472605,1.8567221404811471,1.5096960613686723,2.014379645495821,1.7908314236215574,4.297500296466039,0.6059874092186451,1.1139696375279133,1.5451097112393297,3.2144466214185496,1.2413843208358322,1.0876121122427083,1.794425369706712,1.0250556226686949,1.1271404924741346,1.2899514300644066,1.162711051944505,1.5097907926971377,1.698616674515893,1.416430832213141,0.9803372345604922,1.181952499079719,1.1785516264878824,1.194988820701947,1.4632001785654365,1.0409304720064743,1.1703444704623402,1.0394332433067264,1.117252329954616,1.7504366800168303,1.2372753988326435,1.656003935450294,1.0404580349533603,1.4588843470013202,1.3776778184556873,1.0368693981433745,2.744127770822341,1.40417176168122,1.16016233099002,1.7768821912597133,1.2093670255536295,1.1162901968850463,1.4394563130604343,1.001830992136278,1.000985194977824,1.3713230846054865,2.0329347864546476,1.7559801458443516,1.9302393970830243,1.883624407437915,1.9177238420509268,0.9573685062875621,1.5011547484839773,1.8490909449547714,0.9670382110599146,0.747108562294482,1.0437619848806228,1.6951335920772894,4.810595865442292,0.8839605365990643,1.7311072354658463,4.234201499910076,1.7458738697079341,2.4460099152517487,2.1564666765402536,1.023504808041511,0.9783843946257333,2.5567352641064147,0.8652073158842696,1.2821827092457563,1.2373771332804762,1.7876770289029467,1.7125612916234492,1.3553190763896723,1.2894038291901284,0.8207520076212113,0.8740326941373381,1.2495069063622797,1.1457686736136135,1.177607933133177,1.3684463488565333,1.4488711258516342,1.2180059313650542,0.8565244734199686,1.5932327847190713,1.97266872667012,0.6659717405357737,2.511779339378232,1.1005964857180552,1.4806973089186002,1.5376207718400077,0.9230027586210078,1.3171603090762427,1.35562130357624,1.4525342723342816,1.3607286067778266,0.8414727979505809,1.2840553378161867,1.3360755457284326,1.0094980103410869,1.2485756302480264,1.499720248841882,1.4369951383180413
CHI:08,1.7587900135055996,2.324009249491455,1.5717558805942746,1.9829869246542577,1.9343850559624243,1.3287823442054612,1.468332117756732,0.0,3.0874104401184184,2.896338145947681,2.499430689474247,3.0361451546754754,2.904597097867253,2.049855903934272,2.358901388188737,2.0891489334120306,2.7803142727097203,2.4890208769085174,2.330144397928565,2.3428797903832335,1.8765036983448775,1.7976568891876712,2.257233992114211,1.6072427144527213,2.2552434119672635,2.2397769635495655,2.2403124454568633,1.269084194602999,2.2572187394432386,2.353977135808699,1.8326845871531758,1.3805031000244254,1.2922866086637232,2.231695419985481,2.0694553290634023,2.632054666948571,3.116319153603448,2.0668574991924817,1.9845483057440758,2.701248360571047,1.668088336064264,2.252288796761379,2.14325564878294,2.354567604129284,2.6394816339867266,2.7258008860542384,3.230258588188897,2.6943823631615893,2.684768959513301,3.039537576777542,4.284109821965361,3.0289048376523557,3.071792364578373,4.743104874850809,4.454619418487999,2.8713444537711124,2.7372201605759767,2.371452976156922,2.1080739536221533,2.2037588821596206,2.6715362166840664,2.678276004657654,2.492225486683581,2.9294646921461847,2.753297019320308,2.6067241560594603,2.774699790646457,2.7460507629070987,2.3325830341812166,2.9044564913936006,2.526756796147084,3.0035344433621205,2.696596364132585,3.201108876643546,2.9409906223608364,4.948745709252003,1.5472886749766668,2.259005366522176,2.588277172484459,4.002980793040881,2.4451841754450117,2.335391355461886,2.1462012914123885,0.9396021453915168,2.0358447245959734,2.0253338862000905,1.8208299248269235,2.601348975279733,2.597216557738244,2.544680545607837,1.9160683540357362,2.046255225514617,2.2533335299661252,2.328958359011865,2.7441483565497964,2.2170352055022264,2.3099136685453003,2.2028444250974575,2.303911643599359,2.876444275889942,2.5049607689176883,2.787456801248541,1.2984768408239855,2.6429001468934086,2.6297397530835296,2.2634467959795717,3.622872695600854,2.634027376699807,1.5445728724344092,2.9030404406625174,2.1012305127322968,1.5952078170211323,2.6675508699585824,2.2383472042943615,2.19809821967093,2.557145820079913,2.9359457332602417,2.5696987747773123,2.8708669276028562,2.876397936092094,3.1244293383808555,1.2788306830793388,2.600815903943736,2.825751760685863,1.9712871885981682,1.6031894716329211,2.1854484231194773,2.657412076033882,5.705453412050744,1.961850883707165,2.628122021585504,5.078033041028914,2.407406811350636,3.3031041053783463,3.09839046813499,2.2427940262472914,1.7076827792203495,3.427896981472537,1.603476263023095,2.4579763262555527,2.4304000570781414,2.797628033755368,1.0169356089846353,2.4745241210104814,2.422439941039309,1.107170968229843,1.9133529205867772,2.0688477693696434,2.34279968178663,2.4139260629151518,2.563964213773519,2.594237664415786,2.4207684468116373,1.8751196173774805,1.4186069892532247,3.001152709095368,1.6429813326395617,3.409528804876366,2.335413428331717,2.2612133058325425,2.784595786336483,2.1528046082092316,2.3259100521328824,2.5330693022179203,2.2258550812883207,2.3848031488059958,1.5691917366444348,2.5115367675027307,2.5620879350569723,2.2522840511770434,2.37775622451544,2.6481559747345664,2.624059821301911
CHI:09,1.7552481196410896,1.0478540192790822,2.3723731042179583,1.5067575236750284,1.360923275621144,2.084822692463399,1.9036028917725432,3.0874104401184184,0.0,0.5367089590079211,0.9864753748093337,0.9941229957472029,1.976096367370799,1.367385349201964,1.0110252977601986,1.2337565654319602,0.764465932735129,0.878955700918887,1.1200620593983523,1.161399602701408,1.5400022077513298,1.5326059848757847,1.2500471252712209,1.7342359770129492,1.1933462699812982,1.370239915890521,1.5151178451586749,2.507669528216812,1.4182769228523218,1.5937160393415934,1.813440494877395,3.778682634596224,2.8119577139761645,2.4107515968901136,2.2409991252240222,1.960312666492562,2.509991576168548,1.5873070530257103,1.7822223470341023,1.9981475478825625,2.126938867514703,1.6661993699424125,1.447909443075477,1.1718322286262959,1.0303499443904867,1.3349603575822826,1.9274785021350618,1.1565487585043348,1.1717186607718837,2.269442509005414,3.2910391835980755,1.225482313800753,0.9308148871124418,3.5677009667507305,3.0154615861515945,0.7529566593009934,1.9295427315415659,1.242156846844683,1.6016648678353351,1.2074991287268482,1.44010558300804,0.9697790251609365,1.2049782650311875,0.9704251678121457,1.1314454370808702,1.0504148819137606,1.107155706201382,1.3022362335132247,1.502705028928752,0.8662419949754653,1.0421300187803701,0.850988455661405,0.9980498440613459,1.1030294657273514,0.8256860058283676,3.94860757790848,1.9085826161928634,1.1514322743270347,1.0666429067920686,2.806035578048875,1.2632247877412892,1.211481514534674,2.594914368005794,2.5912885857503674,1.9350395929226962,2.0173421619790504,2.2030991185062634,1.552288689420833,1.749342399307551,1.500244774084984,1.5565685660089421,1.6107328877144724,1.5056411746653546,1.1989200081141234,1.2766655751710996,1.3047793482164343,1.1481291149116135,1.1526240683214852,1.314931419994205,1.5525172198024224,0.9827565582598982,1.2741628801016611,2.3302932484847445,1.1434533194068544,1.0443973576000753,1.196891213647053,2.415781325863589,1.1498433619098616,2.12249884606822,1.3578731895981824,1.5166336427326703,2.121601209376278,0.9942253494711291,1.2401848708158745,1.2492498454210714,0.9607286126905887,1.5471470357860535,1.5403414474278174,1.7613797329225072,1.7688108023695868,0.8923019415269373,2.2143930796277176,1.506650571105581,1.692727320786972,1.6498490147511307,1.6820583378401988,1.2610165449904467,1.5597695893428143,3.880506982496546,1.4636111629838033,1.6157718340365539,3.622883741706697,2.006020531707713,2.276410755538668,1.916083780315021,1.2930091254058762,1.5962149518281812,2.234081239771267,1.9515232906635036,1.2282686939376701,1.2746674810980247,1.4021869136093188,3.2764669940447417,0.9510588002158563,1.074646618527647,2.2774915169001506,1.6724027160186785,1.854504288637086,1.1922509755928579,1.1304996706596704,1.1324790874488382,1.0880079370498366,1.218784190701829,1.4200082357609356,2.9753706359790266,1.7264842144685832,1.7137228717368842,2.2810288423833387,1.1542864430899775,1.81079141785342,1.0360888058125013,1.1845108363746746,1.3462631595720507,1.021033157835134,1.7772381587371273,1.399150075986326,1.795149281561334,0.9130621071586373,1.2241467395525958,1.1761161233641613,1.1180808877737622,0.9898994777107921,0.9985297424548519
CHI:10,1.5885810852236586,0.9343825192318123,2.106848240282237,1.2738290868603688,1.2822276117478728,1.9532197105996931,1.7455195097463698,2.896338145947681,0.5367089590079211,0.0,0.7418169127718364,0.6956626627104641,1.7113612922280812,1.275067244529576,0.9096689296788888,1.0339800438574565,0.6809339225451824,0.773686767168168,1.0639271378608701,1.150692044511954,1.3699543860259003,1.4078105374942116,1.0631746603606147,1.5772030844424412,0.9523637277407635,1.072357056052187,1.1824882699909587,2.2040348683066755,1.08974689079584,1.3661416016748391,1.5913050413695329,3.5058289492524013,2.5318336199178475,2.1466882962744576,1.8569275173918132,1.608027756354518,2.1685268253767345,1.3287651609483928,1.4868179823934373,1.7227842926211192,1.851526044164257,1.3130612419556682,1.2238145574898676,0.8849094517395978,0.6638778589738936,1.0078931690201673,1.7086826429375725,0.764094709295641,0.8097461572325391,1.9286574423768164,3.084509842539338,0.9879259342528229,0.7064476938190419,3.3316733732800388,2.873871400610241,0.5948476681479437,1.747962672142579,1.082080945411635,1.331318873109522,1.0857346160520558,1.2636826117865845,0.9346352689435373,1.110115427854996,0.8614930148445795,1.03287755317817,0.9407470671315711,0.8434710744620747,0.9205175781155049,1.1137208284812634,0.58154617408434,0.8355658766390787,0.7182639278941638,0.6571429280049784,0.8973362384141793,0.5217875213648999,3.757757900262541,1.7351367475128334,1.012962867511348,0.8023959321608889,2.5733368122120557,1.1094936462008942,0.9710773008935415,2.2637261216511235,2.3583749377495042,1.6383633072455437,1.7359102671772935,2.0040963110797936,1.341631566572632,1.3304197544354759,1.2441426875155333,1.3126610862483132,1.3196279180721053,1.1989463209371205,1.0713134143225007,1.0509435169968866,1.148135927514069,0.9410246484419537,0.906411860441363,1.207683329976569,1.2783298034692143,0.8262315752452031,1.0708724139766042,2.046818986812191,0.9017520504744216,0.8751420510655706,0.9673881115133682,2.2061067097460967,0.9315482071711645,1.8254246412102717,1.0837940892433475,1.2732323648989436,1.863910330395889,0.9131166698486765,1.0063484390331783,1.0541420465859548,0.6662337110465605,1.2828168764310854,1.2888969918386919,1.4955095171706452,1.557100919928369,0.9071971843221027,2.001760813933393,1.2639164320776564,1.4066422478871357,1.3772765250422752,1.496055283215725,1.0037347359806343,1.3379683691128579,3.766189921523417,1.261398049071434,1.2742675433571666,3.4601508437224244,1.7607432635624711,2.01880011513005,1.724686280837199,1.095778834571895,1.4724431360030248,1.9763183600766296,1.7107974243146151,0.905765252046615,1.1028827289005891,1.1470362624621318,3.0219325264387025,0.7179446669200534,0.8887436814032181,2.047800783639105,1.3687347326735928,1.526875282343222,1.0602943768972821,0.8774168641918395,0.8884250943601992,0.8148502391788717,1.1294620137915126,1.2419629229155331,2.693376229183662,1.4568084390909186,1.4804895054250393,2.0479984805537663,0.9745186516799499,1.5319718292950892,0.9762661047203611,1.0422130285146536,1.109485321980769,0.8614769874945367,1.492141945442352,1.1045573431527103,1.5998703938842098,0.8026323458638399,1.1432250164976965,0.9601291590109647,0.88117274722827,0.7755167827136993,0.9404876991451865
CHI:11,1.187607248891953,0.7250925809312285,1.7902670096044135,0.9558594539183901,0.8593172157242591,1.487070223651011,1.2541499229113284,2.499430689474247,0.9864753748093337,0.7418169127718364,0.0,1.0410363854962597,1.7867966526072472,0.7953918740756245,0.4926441127158043,0.5491935614464775,0.6564202417807286,0.577067537137435,0.7105188253565045,0.83453701541656,0.8300789359530899,0.8984808924599835,0.699619763313,1.0872754234142534,0.5824712775839527,0.6860618787518837,0.8310986971873332,1.8997411753414186,0.8406160284654673,1.1881876248859975,1.2215028995875283,3.190115787109097,2.157683604731931,1.8483508659510235,1.7071408720671524,1.624972174233364,2.0492247696426293,1.138817123238816,1.2656226764769551,1.7243485269080683,1.6750407866505954,1.1137099913167074,0.8246981983970784,0.5810823293971886,0.564596093537444,0.8926054463590046,1.813592772440526,0.7404905129067828,0.7087433439393392,2.0104771336150873,3.15728810218051,1.0781067524295356,0.8907649321571848,3.5392307869189112,3.048392279666702,0.6666507092712101,1.624945539528127,0.695680654462554,0.8542501695622934,0.6360837063413118,1.1366486390630028,0.603172815128105,0.7671185788282164,0.7805628779965608,0.9585999110183324,0.6800788466222732,0.7129713201953325,0.9461649128432272,0.873925792837871,0.6555316306354723,0.5223000160356643,1.082297846939807,0.4780833916886527,1.2181996369002206,0.9179352468838476,3.9505891685228676,1.246532930073672,0.5850422741209952,0.957070514778823,2.755467735269017,0.5732939898158729,0.464647184602441,2.0412037007695845,2.0100794204562016,1.1785085764211243,1.4368466690642054,1.5352090482912384,1.225951867892192,1.3342564725799941,1.080186505816406,0.9591197282868197,1.038990503033371,0.8899006090698117,0.8511427175084892,0.8379286799838911,0.761085939207055,0.49473135512673294,0.5271770760786917,0.7945298486644605,1.1924408366733525,0.5387897487982648,1.064098305919175,1.769843032441997,0.8337583449050315,0.6772984266999511,0.5267345239303307,2.3281403420365727,0.7621511848651117,1.5884791792658064,1.1465229390308418,0.9721395624929003,1.5799678488024607,0.6991532289449914,0.5060506594973515,0.6310696174832099,0.47006658290549663,1.4119811511029827,1.3624280160822873,1.5286337743165193,1.5526850947994728,1.0064649721887902,1.7077988409355693,1.1492963472112805,1.3749078817683411,0.9395439457627547,1.2323128029981463,0.5081239298450602,1.2965588088780649,4.131221835247883,0.9265848584570671,1.3764302628716443,3.722161244849045,1.6596435930832762,2.095727033935273,1.7310262629947792,0.5403543448841002,1.2637817512748946,2.1322509669644645,1.3433849633506152,0.6906270476864772,0.5818924455200554,1.2314370605314204,2.5916470686456003,0.7164503443248744,0.7042920430616013,1.625994281123474,1.003719689851179,1.2141101517268384,0.5458612253959111,0.3465509902413558,0.5451712377167552,0.8057262151896806,0.7515648922175431,0.878836793936359,2.317494512066345,1.3682713341993884,1.085701590930032,2.1322419572376123,0.5516086609183168,1.4746085273907155,0.7495860441715008,0.6142859337458697,0.901964096652862,0.6243379768170925,1.3545694601962905,0.8162892691453246,1.3319733614541769,0.47868044818077043,0.6878207692010914,0.4480750829602006,0.8117695551249804,0.8381394412673744,0.782187493335578
CHI:12,1.849623307273194,1.307494766903839,2.0673260688849964,1.3511962383064042,1.5984030973855932,2.20464452388485,1.9077298534147151,3.0361451546754754,0.9941229957472029,0.6956626627104641,1.0410363854962597,0.0,1.3320640670170174,1.6790134151648968,1.3353114485814106,1.3973285851529242,1.0122887287377076,1.1298077748093758,1.472127009388671,1.5546358112336955,1.6771534800036052,1.7607552307191678,1.344921801453816,1.8546018120278054,1.21393754322217,1.3979108320112716,1.363614748384463,2.2485811716157125,1.2688515313102682,1.3864449220261421,1.6317666783613156,3.5072014603736403,2.486426181341563,2.2458343532896063,1.726799927840995,1.510637097393649,2.0786290960752334,1.533278632073562,1.565642578678703,1.541837422023454,1.8968192199845733,1.3744188429543263,1.515887696014785,1.0960043880844785,0.924604539900882,0.947296145769816,1.4135847016509473,0.9549775896779196,1.0329864281598125,1.5411956110213312,2.5414224438220208,0.8753820616350836,0.9386904571809902,2.8413919590353895,2.3643452282203445,0.7236971045745749,1.5024723979269223,1.289331184760516,1.4477731296001013,1.4688036088496057,1.2527006730453116,1.3313087666252899,1.4421527779550967,1.0091892045194404,1.118819578288307,1.2548755997186862,1.1481106039756737,1.164048494039676,1.1383140656136184,0.6739520285018064,1.231987654591475,0.5322163615345444,1.0232571729148863,0.8489730814951998,0.5363827692082939,3.1223918008434914,2.0044993999755003,1.452081723831291,0.7496254622636243,2.0817394974599717,1.5549443242210832,1.329279336300717,2.0411023941733313,2.457751677213996,1.7137262389520274,1.797948243791216,2.165596591531951,1.2705915243228232,1.1399531471058868,1.1048138059403882,1.5094542387982424,1.3450512387581053,1.1294750050922562,1.4332999736377257,1.1774380977733667,1.5253730612714036,1.3372362382436103,1.2167911615536067,1.6172930663662852,0.9555152081516958,1.1349445293195937,1.1102044978768717,2.0375504525740684,0.8532356389139483,1.1347237649225406,1.2482203810610482,1.7458298297652601,1.0863027849748068,1.8209696390652,0.8928965250401281,1.4629396778184878,1.8894904303217617,1.4330569107345101,1.35262346794299,1.3782659108379909,1.112356564596065,1.2151736737105086,1.2095236271790404,1.1543338117591797,1.301573731763257,1.3581222093014,2.0563469020883915,1.068466579379479,1.1991633416850722,1.4276870197752385,1.7431953083634484,1.3154777148779666,1.1198292128019727,3.32168370509543,1.4324157871550873,0.9602495491446053,2.928152352159817,1.8434529433849154,1.6762367530434994,1.4401308589118342,1.4297532599862135,1.7416339575311455,1.4618747967306658,1.7463457594685563,0.9379190173038798,1.557850182085423,1.0027608813449773,3.1184109841144663,1.069832100160435,1.2318282186205414,2.229195489088896,1.3912417897539462,1.4324408999160791,1.501282091051699,1.2323812107358227,1.201912571623475,0.9722133664696171,1.6046066732133184,1.5842879898716553,2.710066029505779,1.0664435535124963,1.6636834630294295,1.5505886049989628,1.2797490862077487,1.3987445199055744,1.4658996999827971,1.4158587801022149,1.252181560778353,1.368101437989413,1.3596199152625956,1.2659768470970645,1.8022215195622004,1.2880883515076054,1.6046943440199906,1.2784210605245485,1.0794321085108658,0.8761453679590478,1.4400899973607593
CHI:13,1.8839438097966819,1.7734414612619096,1.6942384200334122,1.385821566701755,2.0024049002078823,2.385271458279145,2.08644876703968,2.904597097867253,1.976096367370799,1.7113612922280812,1.7867966526072472,1.3320640670170174,0.0,2.10953801932637,1.9319251592443554,1.9797315759332643,1.6321081275791867,1.6812919425933388,1.9329486931100441,1.9873373841176414,2.1152876059610617,2.2178871182187745,1.6799351861191902,2.218951455685624,1.6149995588588844,2.012805518611802,1.7811371556563258,2.149214412101488,1.6485474572268408,1.2438807694918044,1.629458939616807,3.2928813654263904,2.422173583483612,2.7212756061576298,1.6930873132080013,1.7978755405545328,2.7588852624684614,1.8077237559619328,1.5623767104466249,1.1428332456858254,1.6290690300769035,1.5326637181503922,1.913286970651197,1.5464991241973955,1.7584461594479204,1.3402420570848097,1.5021567469052655,1.8407557840003947,1.6760760175586014,1.1654156372469455,2.0083140867922773,1.27510766067127,1.7303575750673401,2.4010788647762884,2.0010236814101954,1.4619439625787014,1.0958530108133266,1.60986171127438,1.7864442681245634,2.014922995065997,1.3700760936486938,1.9445286107884028,1.7984547587090087,1.564378814975421,1.3672586172623566,1.7299229652050685,1.8431987638227478,1.8337542876516555,1.4396890352711706,1.4767708474515207,1.870198075461115,1.4345247236530516,1.853875180951169,1.3065189468522762,1.4813758990046297,2.430420106177481,2.1848414505199107,2.0351288605705697,1.470828147209873,1.5235597257770706,2.209272511952057,1.9902481391162454,1.8527513225950991,2.461046127318895,1.6857013321169763,1.8772788002335783,2.1626545286987744,1.4457669061469385,1.270982820551474,1.290417270991668,1.6158211861057383,1.5454662036387166,1.19472061017287,2.001605790290222,1.9080214611371458,2.0560513066056614,1.8600430661369727,1.799891004315304,2.186386722634592,1.1020354431563242,1.7633725657639072,1.5517366433168898,1.917024888219729,1.3293264815843775,1.8305609968573757,1.8610780696794915,1.258101992665058,1.65379867253406,1.6823450416861123,1.3618860483329087,1.5715115741180414,2.088666095851956,2.172531065882729,1.9155045234134185,1.8959126421084411,1.7613778620250218,1.7020004739923518,1.3843891936341024,0.8777872216169521,1.2668076343423826,2.011201415760303,1.9631043396879158,1.2085483637338015,1.1078849712599932,1.6253325673293535,1.8501475646774581,1.8588348301585231,0.9329373755149516,2.9556387760863188,1.6853918786919488,1.447327791733292,2.4549790284289332,1.8483898230102185,0.8100659478728898,1.1819540979647924,1.896533395326442,1.971351964762771,1.0744399590019154,1.9388625770736438,1.547302286671068,2.1915658373218383,1.1835283617467804,3.0513546791863915,1.7932282914925743,1.7483341036628461,2.230852844832344,1.6083323131795617,1.4937706299891431,2.096992069256167,1.8860592801721878,1.7341961079588053,1.6512120161516586,2.273355570197782,1.9848588066383397,2.736731826543266,1.097912221061457,1.9260548863474627,1.1144381097929534,1.7724630862489985,1.5074962963799634,2.2319954401273887,1.9440848890878075,1.4548357340715856,2.150159685042253,1.475027418005728,1.7812440563888394,2.0213927149374262,1.9967370117343723,2.1653602643149163,1.857147918455907,1.5905054454550014,1.6440691365520854,2.1152429683978373
CHI:14,0.7484911319406093,0.5662502171581293,1.6099066719324253,0.9288180933075835,0.528835647709852,0.9504347029965258,0.88460992970947,2.049855903934272,1.367385349201964,1.275067244529576,0.7953918740756245,1.6790134151648968,2.10953801932637,0.0,0.46169099863570784,0.516218464658871,0.9837961393065093,0.7174649238581363,0.43449342159056414,0.5433079744223474,0.5762979722341447,0.461943154867595,0.6706559222676498,0.7450264868810066,0.698195037744525,0.8502811741653635,1.039047328139524,1.7837041749785447,1.0244714197523117,1.225046283377007,1.2251445043255385,2.9773425690565185,2.011313706917875,1.9218841733002483,1.8179301564784331,1.9137057331927099,2.4853100171823495,1.0791144789570413,1.2686973944329922,1.9192874529420096,1.5186744584098486,1.2597953064773797,0.7101896009572508,0.8793259621885486,1.1489673352192,1.3262793078270576,2.2361737145251483,1.3199826103761971,1.1753181718603645,2.4387732304566745,3.6024650408243475,1.5353678771276007,1.3893908296280275,4.013344096643724,3.5108359498232105,1.1962096905218362,1.899234322446527,0.7701060287852637,1.0240738324134866,0.5301734011493109,1.3809022678062757,0.7448580099574968,0.6918744559495873,1.2075480394264526,1.1875889542391649,0.7772219829116449,1.1105671782645454,1.3355105609720366,1.2673410797548332,1.253653264410917,0.7659525766487679,1.5815522679759808,1.0529135225463568,1.6690680680286705,1.4643525894592808,4.436902694566224,0.7249619440200903,0.5518159399726194,1.383801049165988,3.206924551338072,0.6344906470056579,0.62738910057642,2.224531048241172,1.6921505569407707,1.2430386879835633,1.4832840454816936,1.3390665790128777,1.394230768712295,1.756272904572214,1.336664971374117,0.9086097324974837,1.2220788171778039,1.16978759621295,0.7296006528145701,1.1667403793306015,0.5471651602010184,0.6601060935959397,0.7019584132565706,0.5289021701532103,1.6572229509487064,0.7425875553641066,1.341136569434243,1.62312999864796,1.2140644791230804,0.9613615575059651,0.6961542902678334,2.7173774990039044,1.0435634322453942,1.5512013483771139,1.5688137354089293,1.0556534816856276,1.5489347798856843,0.74696807068451,0.5605300796453143,0.5942410898963746,0.8300271151823636,1.8558890575917415,1.649577726583155,1.872445576371602,1.8228500521306374,1.2530931472802818,1.4798017841730167,1.438554485804749,1.727594106120429,1.0894668049094043,0.8867521115036733,0.667112569387935,1.5941602002187083,4.644633398510249,0.895019953222265,1.8101146632143663,4.204157426871246,1.7583515518795265,2.4301236056067417,2.040534226424892,0.5960100500712746,0.9615057306699197,2.5681450953035934,1.3189291857003291,1.0812745020641958,0.6221542369220646,1.592199095792381,2.2971210540506033,0.9358225336040246,0.7826989970409376,1.2630477127079358,1.123848560480376,1.465416836995864,0.4798106514685001,0.6796131497253662,0.9177322246826366,1.1190727582443944,0.547985731792224,0.6415314371773992,2.1892749448863182,1.905565504726779,0.9515290638180055,2.5392135063700745,0.6905564463760728,1.5860941322431688,0.8672371984708002,0.48462327842884595,1.119243876289712,0.717481955342579,1.5953346821964325,1.1543369255590605,1.0827344505630068,0.6493017527203836,0.6745615905320299,0.6178447872224737,0.9707013764681858,1.2197921451762277,0.7608737283485879
CHI:15,0.9740384781411467,0.45653192672946535,1.7501237037206423,0.8850529243358528,0.5841221276664641,1.2396108906819456,1.1013859424775883,2.358901388188737,1.0110252977601986,0.9096689296788888,0.4926441127158043,1.3353114485814106,1.9319251592443554,0.46169099863570784,0.0,0.5403060815084583,0.6308458878483815,0.4372123334740254,0.3682206569048643,0.5077721630279868,0.7734498336986845,0.7125077793230318,0.5835872286536496,0.9587995740497146,0.5381354632541443,0.7598747802586819,0.9281973201872472,1.9264119744863004,0.8908437517960769,1.1642878821715292,1.2730681504218926,3.211601655037645,2.198482495313009,2.027273395529302,1.828644549085676,1.7794677773931433,2.3812440965661104,1.0376151812850518,1.2824270049909625,1.7858712592198176,1.6000953733631407,1.1737026040338003,0.7263001566827461,0.6602803572411315,0.8706387473915246,1.0678279943858573,1.962713976463256,1.0200873340759884,0.8638674053030024,2.2697049261336715,3.3927943053253125,1.2753807609693908,1.0250475199366726,3.7780236957831757,3.2693214571358946,0.8477364706953814,1.7786037558943772,0.6739806872113075,1.0228641452157632,0.4979366657344341,1.2029546939897557,0.4531680898796949,0.5650899184175948,0.9140056183162377,0.9305503865374359,0.5404842904601187,0.7796401167859642,1.0785623380464977,1.1298464264138672,0.9312370196878706,0.45825978821388247,1.2293768588839136,0.7481504048204617,1.3369425714042693,1.1225646533978608,4.225090401376993,1.041672993651628,0.42456026412260106,1.1162070418126462,2.994824396634305,0.4983924749911203,0.4775015535376219,2.233615665080784,1.9095674863306247,1.2490970272138864,1.519080491551141,1.4689875330324913,1.2454659149068077,1.5806040336003584,1.177720027487737,0.9417397022997607,1.1357467178025387,1.058089000221321,0.6876298251799587,0.9669220209689375,0.5597537562255414,0.4664774713895346,0.5769233625694514,0.5378876197487268,1.429305032728132,0.4979051814541718,1.1367241969975852,1.7455353948234218,0.9735417628594205,0.724661064652366,0.5576432700170982,2.510739690648212,0.8051087303626961,1.5986038916102416,1.346334127969668,1.013134921527909,1.6221587892727405,0.5084549405648638,0.4391260837473699,0.5131563796136513,0.5795923900189934,1.6794316764218773,1.5415328316528092,1.700564785562281,1.661869531736943,0.9650154881985142,1.5986895346844514,1.2792011511483834,1.5584800811076576,1.0249358024276152,1.0285820075329084,0.604610143269785,1.4186969013248145,4.335585685887608,0.8764972358464873,1.6139643765095675,3.9383098509741306,1.7375557275367433,2.247761095463709,1.8678595382051582,0.4217436894797882,1.0552133295796868,2.360646770885443,1.366707342507632,0.9032228736514946,0.47764881515715324,1.414006039318937,2.5628309419947097,0.7728780504053113,0.6713483544004751,1.5173642233600872,1.0748805548363858,1.3827282305906665,0.3498585153136329,0.45290426780506665,0.6089893545666473,0.9293148412495619,0.4899462077407239,0.6591673789120363,2.361617405546126,1.659318850025017,1.0068730768792946,2.32878510465109,0.4295455656237082,1.5767410130388997,0.6106990398938918,0.33053051046537263,0.9996869718113295,0.5464255531431963,1.532057835585965,1.0592633819454103,1.1617260612657592,0.28009729064631844,0.4987018879367637,0.44188792636643276,0.8189467492693581,1.0054221309665137,0.568112518927936
CHI:16,0.9635808908897019,0.6863148974720623,1.585806848122755,0.9394154892645004,0.6562295197898211,1.1403319228153495,0.971785465853375,2.0891489334120306,1.2337565654319602,1.0339800438574565,0.5491935614464775,1.3973285851529242,1.9797315759332643,0.516218464658871,0.5403060815084583,0.0,0.9565942957096887,0.7147265444042047,0.6630758113902816,0.7754853253029677,0.41917634967928596,0.4816532492601366,0.6895592738024902,0.6850376332219926,0.6254007887175154,0.5510565392096533,0.8389945601005117,1.6064288756295757,0.8578552324655325,1.219677383543591,1.0682500204327088,2.8422401877810386,1.8926003006688792,1.603467232009363,1.621393248492413,1.6760540901252967,2.082186838436637,1.0368566933084027,1.139969206353291,1.8390619829325343,1.526838548127317,1.1357564077204123,0.7157563498082817,0.7220345912419804,0.7667416448255779,1.1577533910224032,2.0909833697872653,0.9675212012082115,0.9892875708962414,2.1887920050298884,3.4342327206393084,1.3682685003609303,1.2399039753988266,3.8341694632943057,3.3656660266102,1.0354640664873507,1.8151185552775524,0.7525889644961581,0.7186850847593239,0.40158061059162914,1.312350751864198,0.8369325201941034,0.8788416006565725,1.122369818278152,1.2205819791732366,0.8620346549990776,0.9890222035642903,1.1114504896985473,0.9363252453720025,1.0564248143257136,0.7218173986593075,1.3898109583682663,0.7546482918847256,1.5485763533472487,1.1955569168265967,4.211158886712867,0.8939300540396997,0.4152108192483907,1.1042220921084192,3.0235900643780904,0.5987573682613825,0.5062695471647248,1.9605506727798285,1.6296084056869615,1.1129860583161728,1.242615846394981,1.3261531615148616,1.3729411426980294,1.448577547242049,1.2457571581977562,0.7569056336938379,0.9726307376044757,0.9931124148921002,0.8105413590416688,1.0754775176330436,0.6846786102399935,0.482391231714604,0.3384241639940779,0.7114931758726696,1.5374466987810893,0.7347127458025418,1.323138853828363,1.4966311327462987,1.038788624052562,0.893076016141738,0.5406493576032106,2.6212344415780713,1.0322741756074971,1.368131087523194,1.4225343673712398,0.8570145075723645,1.2953924572373356,0.8419665791262666,0.5104666902857364,0.5472476895984202,0.6384236653694759,1.4822133882809843,1.3623581422990467,1.7329793520827848,1.7809414445625367,1.3156698764916097,1.4233102174562862,1.363014621427468,1.6029159845740546,0.9183355911136267,0.9117207718689334,0.33374171235415595,1.4689006979695012,4.519281717801777,0.7738541947262343,1.4964098411679778,4.065513733559008,1.5158521448573,2.3279523464382272,1.999696994921894,0.5720952056034448,0.9307995523903441,2.375552480050804,1.1206353226691872,0.8367931569793947,0.6128459461295126,1.4118360926346478,2.187269683780298,0.7102051067077996,0.7047067391953165,1.2254109500293486,0.8869770829387214,1.2229121131914835,0.5042730049885807,0.513909643791228,0.8599406446217874,0.9778834410934818,0.6973516898636271,0.5943700749464442,1.9879714427720834,1.7151168947235966,0.8080838056420526,2.3944308845526243,0.6877478414797515,1.412145624099979,0.9662276517809201,0.5207105321311859,0.8934752243052742,0.6778563595338998,1.2962957598945481,0.8123774036856894,1.06927028923544,0.6416672049063336,0.7973870655512293,0.43770551437716204,0.8452880663050467,0.96360148728263,0.8821674925967611
CHI:17,1.2595656605465433,0.6314343496292906,1.8861041573919024,1.0114183903579448,1.0292441794841973,1.725023936620596,1.5114565181943387,2.7803142727097203,0.764465932735129,0.6809339225451824,0.6564202417807286,1.0122887287377076,1.6321081275791867,0.9837961393065093,0.6308458878483815,0.9565942957096887,0.0,0.3849306901457324,0.6970499953622319,0.7682900249384177,1.2384266302892712,1.2370802555518787,0.711384798596315,1.4464623980529625,0.6559946401356189,1.0406470401421632,1.0390378123707453,2.192704099511439,0.9317293943667389,1.0206729858951076,1.430524812330446,3.5435934287405573,2.452607561887868,2.321489161571172,1.8321779606862896,1.69754113683854,2.4522610794329145,1.1336272321073948,1.3320408810357764,1.5056275640115042,1.690945718053138,1.1130434860959415,0.9454151233533233,0.6616195063609631,0.8471692333269023,0.7851592811645284,1.6713355871932776,1.0723753788141022,0.7105783531859583,2.003267392057528,2.991403988100176,0.8020117278211533,0.6203587473279126,3.3628281475527153,2.8030916928958836,0.42381542379201087,1.5916120124708937,0.7179418549988178,1.2012435773423427,0.901657042774533,0.949870994229411,0.4951528736835859,0.5821772435845058,0.47326712126604725,0.57801672650939,0.4200417187983756,0.6674577985353778,0.9630663282959037,1.1370959369788574,0.5605347549596269,0.5486664737270471,0.8336507680259757,0.7228998300348263,0.7765037078648707,0.7646872094480226,3.814805616616607,1.480747260227765,0.8789102144270974,0.9141217179750257,2.5527805223253006,0.9345957893316951,0.8155580731401177,2.291677060969151,2.2692599228608628,1.4421831221324335,1.7148644992108455,1.8018548793603364,1.0136568973187925,1.4244923895082502,0.9574292840636662,1.1470629772751813,1.241368762311114,0.9891756389380031,0.8446108709831853,0.849393445195819,0.898563654508652,0.7950259980640573,0.8276572567386181,0.9054402260379263,1.1182394421951625,0.5307714291168029,0.8561504330613644,1.9617344183647207,0.6715890347466228,0.6506672199379389,0.798114861856612,2.077845141042891,0.6342440202173398,1.7805269540772055,0.9804036755887043,1.1678484506677103,1.8660239045962241,0.7215804839944849,0.7827072943948581,0.789484808002666,0.6109281318095692,1.5391606823695747,1.379930871940865,1.347041669426412,1.3380005483443356,0.7377540433160563,1.850869833874161,1.0465090142688491,1.2323936556225592,1.2172757076913254,1.309759402322267,0.8875733490561288,1.153048444240715,3.782495788891517,1.0812689188516604,1.436129943928943,3.421628535997042,1.8332361030773685,1.840897638230276,1.5306035075215398,0.8270682765662087,1.3494201755180375,1.9587197650928783,1.6410434441532489,0.8276726815457908,0.9244901133033486,1.097313430803818,2.9681590207802047,0.7660543526257176,0.6900554358410651,1.890938504675986,1.2705742241590492,1.4594945455564987,0.8150665109572462,0.7168621087496703,0.6854652658793104,0.7685792124605154,0.9090442003829778,1.083230235218628,2.7011753716506557,1.3510905818469712,1.374016065902204,1.9163604615185725,0.6454399368542274,1.4931088402065305,0.7434824122390228,0.7942249677276367,1.029871980547844,0.7928577695516332,1.5232861671115272,1.18520219946372,1.4703594544529481,0.5814200767442771,0.8664059059861503,0.7666490800655543,0.7171814571167231,0.8393717567940983,0.7233831413089475
CHI:18,1.0210048736160464,0.42556037475216824,1.7020148931179622,0.8698425414459021,0.7945036711852798,1.4758979786304558,1.2743561497424605,2.4890208769085174,0.878955700918887,0.773686767168168,0.577067537137435,1.1298077748093758,1.6812919425933388,0.7174649238581363,0.4372123334740254,0.7147265444042047,0.3849306901457324,0.0,0.43430716812717707,0.5259055082235307,0.9890455017660746,0.9797866376709063,0.47238655109100125,1.2051048602050416,0.4260915165023559,0.8888475829173943,0.9626380638144562,1.9909120016515292,0.7980797295531852,0.930830658349122,1.237287891225823,3.280594895982008,2.218578099365936,2.179129558652824,1.7272961857715954,1.694853656984993,2.4486720028680726,1.0165850611546732,1.1966962483398622,1.5203747141903885,1.5403417125408276,1.05820760596324,0.7720937880808538,0.599628206170815,0.8656593822843963,0.855256632395253,1.6953732974391331,1.0990620528973245,0.8321774719684688,2.0350935270808765,3.100506893677705,0.9559677604690697,0.8092561704065216,3.4527707977482067,2.9444995407201127,0.5965132969470073,1.5587424060070691,0.5256189552977393,1.022052292069889,0.6873478195140124,0.9192994855236705,0.47789112822305224,0.46572941854635175,0.6002484342707748,0.6366933576573371,0.34284962429789284,0.730244167790778,1.0312911578618738,1.09623511730026,0.6800899747912579,0.5042288523253617,0.9791664590750759,0.7673709503490665,1.0306507633854816,0.8974575817945349,3.9237581691654664,1.2334449214115533,0.6863366178149556,0.9462285292326221,2.6746068330308574,0.8068941843334332,0.6879416769936598,2.1549439702604722,2.0142603722874113,1.2940999530787662,1.5465951499991375,1.578796395635722,1.010414296732619,1.4589778799723105,0.9449200876158178,0.9393333663325524,1.115092055931675,0.8965993621330529,0.6837822100910962,0.8759633290010108,0.7187167346842325,0.6464624396975671,0.6309415521641163,0.7247945056531847,1.190604839203581,0.40176286459406807,0.9150750549806617,1.7605361640214756,0.6922412996952384,0.601461049954204,0.6302427024201178,2.187573036736252,0.6514679029026861,1.6070299387110714,1.0547893124053644,1.0089351822736714,1.662866047751775,0.6654489527493588,0.6036281150980657,0.5818217615026937,0.5651397355756486,1.5263936932314248,1.3120011160110265,1.3949146586696075,1.382546173320466,0.8680721530801504,1.6376371819853983,1.0424377356809076,1.2775312907150407,1.051939390275583,1.083319999284274,0.6901237954374763,1.172383788072121,3.9801223716228424,0.8823710031621406,1.450374993504107,3.588195697268468,1.7363541003944303,1.95125363414304,1.591242240170361,0.6851386835167779,1.124301312798874,2.0499300632705784,1.4591367598471496,0.7635184943564167,0.8199580215781198,1.1171440396247667,2.7011920183225144,0.6742916208250894,0.5234107467769833,1.6167047190573773,1.1340559154162648,1.354076930821159,0.6252551367778681,0.5967324574060251,0.6707013946317585,0.7212318706883413,0.7500491272683295,0.8562095477988664,2.4710024414313505,1.429005686941057,1.1609357423727482,2.022173474703062,0.5583709637628669,1.38593889163955,0.7293529024081286,0.5822331550047112,0.912076799658279,0.6795527290325478,1.4016099853679116,1.051376168708221,1.2481567547632682,0.48155187804165034,0.7878640651120891,0.5988215995821674,0.6172469310201255,0.8005538232220042,0.6588911676197466
CHI:19,0.9497788718424867,0.47902150301713,1.7634169202716694,0.9480941593650946,0.5965691998706874,1.279162715946365,1.1155419828616182,2.330144397928565,1.1200620593983523,1.0639271378608701,0.7105188253565045,1.472127009388671,1.9329486931100441,0.43449342159056414,0.3682206569048643,0.6630758113902816,0.6970499953622319,0.43430716812717707,0.0,0.34851754005003266,0.8046300663538397,0.7639694836324181,0.4746555273105682,1.0036500455165047,0.5614225733461117,0.888864753218004,1.0397306736589573,1.9288896013471855,0.9328392357249722,1.060004821904967,1.2182682489887635,3.217915181561464,2.200463535345346,2.1270336418181905,1.8699048195933408,1.9673295954161383,2.51900153712122,1.1179855266823961,1.3753347033108,1.7975017953049812,1.5923974725642467,1.2397153399167076,0.8514820817475977,0.8008489262317873,1.0596551655955664,1.1696903188115126,1.9596969608967614,1.2639454846210485,1.0557382750746698,2.2828049176133827,3.382235109658817,1.292599620905005,1.1468860522335254,3.7893119517512175,3.251778364101019,0.9268449907530982,1.6966727312542478,0.5812550456330934,1.0392508050015439,0.5734239582153791,1.1055757032992388,0.5274127436480648,0.4197120383641513,0.9114888311114455,0.8533557485261092,0.5512529590728428,0.929766039275819,1.2217597623810375,1.2826810579989896,1.000328423525804,0.6542343362626722,1.3314721533096192,0.9725922079541917,1.3714592963040433,1.2432004216714554,4.236189602189234,1.077108978771418,0.5605275680907907,1.2540987627952307,2.9938070975546984,0.6574123834052691,0.6962563902343173,2.2510600702107735,1.9168429752775762,1.2501241292177527,1.5019006494980751,1.3871254528479657,1.2766277250103562,1.6549863748604945,1.227675448796663,0.9195441534668363,1.2557043348506607,1.0775258305348534,0.7310481096872282,1.0449570902177534,0.6692290309000622,0.6133116788539581,0.6893669589635132,0.6219123697719984,1.4615957806584772,0.5633176689263305,1.2080466307238595,1.7709633579541342,1.0174268075208854,0.7703657014737424,0.6810852483856626,2.5113004548320483,0.9000919106510527,1.6598003968280444,1.3909974027370746,1.0307585784386855,1.6820307038379216,0.6593410982978962,0.6084697241903593,0.6202186434135732,0.6962402714661786,1.7257561515071673,1.5414187367087981,1.7194300120757908,1.6726233148399838,1.008275663785643,1.621425129061279,1.3065285451928954,1.5725364073408028,1.0645834823826312,1.0323678571141421,0.7137253861745202,1.4577622212384322,4.356868821044526,0.8494584889850942,1.7241498056623656,3.94546389096488,1.7118586574735564,2.212981499544497,1.8687910555980711,0.6143190109797184,1.1095564709487942,2.382728572118912,1.4373557567777295,1.0067223399861476,0.6915194573971131,1.4206939232631888,2.57452607232097,0.8786389606938615,0.6901949394996488,1.5046637820911852,1.1910812120289966,1.4488719325628818,0.4752068204881219,0.6379363853709569,0.7461682895682978,1.0038100218602277,0.6227787746940775,0.7879185020482852,2.3806107526494467,1.6787123687380165,1.0832412086610885,2.3531145130074655,0.6165392544632387,1.6044482428830096,0.7326981972359257,0.4663446183644729,0.9900640565456602,0.7097551876356311,1.5467535538785357,1.1030760247051428,1.2108646127855476,0.4976164900037765,0.6074614330560378,0.595666548843656,0.8530530008574374,1.054926503060493,0.705125100300089
CHI:20,0.9181494225497605,0.5533412804960562,1.7673001497161627,1.0168322149356075,0.6971228843618059,1.2981641797696184,1.1951028512804673,2.3428797903832335,1.161399602701408,1.150692044511954,0.83453701541656,1.5546358112336955,1.9873373841176414,0.5433079744223474,0.5077721630279868,0.7754853253029677,0.7682900249384177,0.5259055082235307,0.34851754005003266,0.0,0.8967859921117414,0.8539283897945859,0.4983515824413015,1.0936184453354916,0.5893457467562135,1.000586517002137,1.13835845632903,2.024396207562273,0.9590478942231925,1.0535361967073777,1.2188210495589147,3.2749802007639777,2.2410434838431517,2.245771317217466,1.9284146875426675,1.9627677279510773,2.6299810465132407,1.1545772538839791,1.3753734781508598,1.8226540963026996,1.6244317687186036,1.3075079854363034,0.8386619085896092,0.8877621796528934,1.1745221843323361,1.2289995452313667,1.9115340317101859,1.377926213531557,1.1532822091396944,2.285104074161015,3.365062915543479,1.3317959541216497,1.1704680800236513,3.763306447475595,3.2202837801339514,1.0049273284617792,1.6749998302468267,0.5827821387985266,1.0882462797663108,0.6020885678014644,1.0690357943704527,0.623040586687541,0.445472567377907,0.9365112821386098,0.8941729295647011,0.5881220556038259,1.0176943929141558,1.324083218422338,1.3760851003026007,1.0786982538921155,0.7125535306911579,1.389963510316348,1.062762096911466,1.4383626966497962,1.299968764532479,4.268260964886057,1.0911347999855094,0.643671416052206,1.3006203610010376,2.9663120884572907,0.7661522887297783,0.8161775429105675,2.3223109389363397,1.9675804726340733,1.3287136097927588,1.6172420269536378,1.4860128160403225,1.2680596536785904,1.7673591583038366,1.2619100573981608,0.933654454685585,1.3527010683462242,1.1375876093872068,0.7112860637566089,1.1024358011516955,0.6750648741342208,0.7633572386314152,0.8096420018791336,0.6544094437505724,1.5153033038747532,0.6223010816626524,1.2077184733414983,1.8331135754356964,1.0655392909697372,0.7446215152949018,0.7873808224402339,2.5087685312813,0.9058726010615415,1.7353831578755374,1.4140195948689729,1.0408485193640606,1.7852651671588762,0.7100792154793335,0.7358230375155386,0.7006117925275125,0.7691575308246851,1.7237266349978777,1.4853690524165104,1.7107676523700253,1.6608646534526372,1.0409006299101027,1.6661220999205455,1.3273662595757294,1.5558645882096385,1.1308192944635087,1.0596515105988982,0.7886038739058002,1.4788650639732066,4.347516939850249,0.8696312548106209,1.7896607551661607,3.941230562302439,1.8352597038020708,2.222692997201854,1.8448996268470306,0.7594051281640835,1.098043577833088,2.386327855372792,1.547284746056833,1.0708398162279806,0.830346597653753,1.3801143258425792,2.638551999294085,0.9123000521424741,0.6670235292175821,1.5274463723522604,1.2976161382518665,1.5760936493946216,0.5192793588347177,0.7108893865233147,0.8647001137858239,1.033098448336182,0.647073935830903,0.8581672604301912,2.480692941350685,1.734662958202406,1.1834265916845101,2.3561130258562653,0.7395858556365204,1.6065865254511664,0.8104899584026692,0.5875951176652584,1.0799535302916365,0.7770577634122775,1.5647358685572166,1.1471368961280193,1.263376442729954,0.6114992150549613,0.6800627148287148,0.6743954811350898,0.910020157068749,1.0433997251714093,0.6994105819282722
CHI:21,0.9984914603054903,0.9183492126434243,1.5587018812287656,1.0399748738519878,0.6771071323656964,0.9720932603389191,0.7756976956320762,1.8765036983448775,1.5400022077513298,1.3699543860259003,0.8300789359530899,1.6771534800036052,2.1152876059610617,0.5762979722341447,0.7734498336986845,0.41917634967928596,1.2384266302892712,0.9890455017660746,0.8046300663538397,0.8967859921117414,0.0,0.3492949637328871,0.8231349689080367,0.44993146921980803,0.8406972368040854,0.7494889776679007,0.9950327024392402,1.4728611506296363,1.036974041397232,1.3078833594713974,0.958072824207748,2.67674532485619,1.7281532634138477,1.465001514171654,1.6926253139353957,1.8706328402685286,2.07932621796936,1.2233005071150065,1.303654485337887,2.016937353059484,1.5924570948696726,1.3224946562698248,0.9005078298407814,0.9373987346074597,1.0257032328764817,1.3901625354600762,2.2459891089829456,1.2002182866041269,1.258741378682538,2.276369239655824,3.523966918748305,1.6006324671891532,1.556693883061463,4.005935463609989,3.4981893830800788,1.2997328807000361,1.8413901766252174,0.8531840101260839,0.6851867870806122,0.5060128330468517,1.426793796379584,1.0706610269026131,1.0333492453531183,1.3712882443409686,1.3828744563657829,1.10314771144291,1.2772468878849792,1.386312845068164,1.1129832559278565,1.336137312273498,1.0047826161678262,1.677811368595261,1.0668513944454647,1.8216172260993693,1.4855450787419058,4.323722908079451,0.7735294226785563,0.5710024079245404,1.3671306071049085,3.171599036879586,0.725170477959146,0.7472783442233384,1.871338824903362,1.452019762445957,0.9838188858632629,1.0667194334190417,1.0644427354339523,1.5848994654389243,1.5728617928313153,1.4474023185452325,0.7136714265526801,1.1295150011855408,1.0985494470415262,1.0547084130736384,1.2875569057659269,0.8803608651608836,0.6884047401645096,0.6009596794478528,0.9159064084373497,1.7156191281205824,0.9874982895407647,1.5936011869545328,1.4253971980630487,1.2860995261580646,1.1027905725272078,0.7921638731037198,2.799013712815563,1.2910753152796972,1.3530743335630013,1.6632073623355617,0.8663505640666306,1.2603439871356183,1.1005385443349416,0.7294289382828859,0.7993927205824407,0.9081159398584643,1.5923386846545513,1.4851148608580391,1.9223067955119486,1.9749308502758174,1.5796098912806327,1.3630378274805928,1.5462638218109215,1.7788922679252948,0.8928192952142124,0.9213457733125044,0.5697409972381866,1.6709454252083233,4.755371603308933,0.725050019021514,1.6744573237765195,4.251926328179208,1.4285259723783696,2.4672571372782226,2.192820952929686,0.7160525890641996,1.0149010721224065,2.539865687406957,1.032358129791381,1.0901842808967577,0.7874810324570359,1.6122184416835224,1.9441794767433693,1.0329361294700161,0.9800945728141729,1.0256006136510376,0.8975979150798168,1.2607172359817207,0.6749085090922083,0.74557711811655,1.0736345713518303,1.2501112616753312,0.894996753985593,0.7291918303236313,1.756772738299963,1.8532413701665487,0.7309841980404285,2.5639568698659008,0.921515434608523,1.560735408855875,1.2153344061987739,0.6854482816513977,0.9355136156791722,0.9679649775216254,1.297357856811407,0.8354146368087724,1.1215331795582528,0.921192701677674,0.9022700857028415,0.605975491983816,1.1248312225833648,1.1933153214883652,1.1544631157703487
CHI:22,0.9014747262759086,0.8666035171888278,1.5699686710981882,0.9972979151074715,0.503146312487463,0.7892665254633681,0.6740774424511009,1.7976568891876712,1.5326059848757847,1.4078105374942116,0.8984808924599835,1.7607552307191678,2.2178871182187745,0.461943154867595,0.7125077793230318,0.4816532492601366,1.2370802555518787,0.9797866376709063,0.7639694836324181,0.8539283897945859,0.3492949637328871,0.0,0.8600780002314323,0.35706958642629494,0.8614355906862149,0.7541651098091827,0.9781454610418574,1.493169220772332,1.0499159589611071,1.3819386013082584,1.086548357802827,2.6956851956818904,1.762691279679351,1.5976095186100556,1.7310242533824771,1.8887794730285548,2.2434891737215725,1.0744232306227,1.2796885373630253,2.0103576721163647,1.5051432514393763,1.30378257944333,0.8403881238092751,0.9510788546267432,1.1400305380941163,1.4546994959754898,2.325226063963618,1.2785245368443632,1.2546147280722144,2.4388909405278474,3.674207731424461,1.7142284155035838,1.5735268902538877,4.147060038268789,3.6454871884954145,1.3770975599023365,1.9850411003632884,0.9715686715355527,0.8972345967872382,0.5513368739221997,1.5100776351969474,1.0235364273557443,1.0131461191236169,1.448031290519306,1.4270155871077166,1.0916365655519704,1.2490151370374896,1.3728658661528454,1.2152142677664828,1.4356200538078363,0.9502027379229046,1.6911423063628088,1.1198691745721068,1.8761349194569354,1.5527584190299741,4.496564999546769,0.6853771016811898,0.6124975765565518,1.3918255751767787,3.3139575281862745,0.755443245015679,0.7503005768712855,2.0384334106458426,1.410722901172783,1.1663840975398991,1.2996360827148132,1.1820564743992585,1.5537119645665172,1.7128426508125063,1.4694333682322893,0.8522010333920595,1.1126709561253973,1.1935862309471947,0.9395211611275265,1.323533179036802,0.7501402233248771,0.734342248846481,0.6735999196924852,0.7553823919933356,1.7879164728347405,0.9713277075487127,1.561032196699532,1.414568677617106,1.3413663683211179,1.1456334578647525,0.7459918659575437,2.874336134552928,1.2637196151154921,1.3506157605421343,1.719712655504404,1.0185652906255207,1.2385358790113319,1.0279492320076842,0.681311696812903,0.7003121372687324,1.0020557554023657,1.8273299562322125,1.6488271021166099,2.002633780304452,1.98077102286509,1.5612793782456758,1.2736558939751497,1.5734043231298516,1.8633197249723248,0.9718144626576388,0.8045174717681611,0.6515727286751928,1.707742808320635,4.846554920207781,0.8242881785678462,1.7467647081269215,4.358948287400435,1.6420096328095983,2.565547421223452,2.2229462284876487,0.6851453342346987,0.8602757131045098,2.665639452150174,1.0237606340495156,1.149524502215351,0.7603558740676941,1.7140540461493137,1.960199382313045,1.0412485943527137,0.9900388252719664,1.0213641024495832,0.9751025428465744,1.3108506851750377,0.6655537289670642,0.8122528880546029,1.0659399415292645,1.269256379526057,0.7944416127036328,0.5523019936266802,1.835960943046164,1.972706862117711,0.6912243922162993,2.652578696183016,0.8263428671121623,1.6130401343844114,1.1396463415578821,0.5631973002740249,1.114016141184391,0.9180563412634477,1.493794679015737,1.1078696102794483,0.9252592724609279,0.8535475867708203,0.9027798753180564,0.6802229386909947,1.0843942419406432,1.2880007790688222,1.056377633392322
CHI:23,0.880916743177831,0.5692325023191089,1.5178431676476876,0.7742459961374432,0.6960149167537448,1.3018854475396329,1.0834578915287092,2.257233992114211,1.2500471252712209,1.0631746603606147,0.699619763313,1.344921801453816,1.6799351861191902,0.6706559222676498,0.5835872286536496,0.6895592738024902,0.711384798596315,0.47238655109100125,0.4746555273105682,0.4983515824413015,0.8231349689080367,0.8600780002314323,0.0,1.0128609733503224,0.25347798001065985,0.7719988398868391,0.7708567058034076,1.7403963041386437,0.5627086979499454,0.6923807689991678,0.9130172715027316,3.085255880674883,1.987779785483373,2.065926152071346,1.5585985994575944,1.6960216363471334,2.3655167560757047,0.9295478622016402,1.1268665916942564,1.49416782661934,1.3896481507827425,0.9323555635527045,0.7380679497630429,0.6360896673749283,0.9668567362788758,0.8942273208428745,1.6440303805930983,1.1849617287253074,0.9040043571621676,1.9439768054131286,3.0607357709317786,1.0561655072891833,1.0349168622731062,3.4909991859143394,2.9766982082400375,0.856127451941311,1.453012244225856,0.31128713658015744,0.7547405630700396,0.571415576568081,0.7554846353545417,0.6901731208425659,0.4092136448019806,0.7985732160280707,0.7252628143758392,0.5384609893109426,0.8224719682830997,1.053078360474205,1.061132268860131,0.8960750482887796,0.6333683509383561,1.248971810254701,0.8993167555003009,1.223233063278251,1.1141672384395473,3.9728692811749684,1.0573038883665407,0.6649314582288148,1.1115074528440252,2.6748086936090285,0.7810202543984079,0.7141655089256355,1.9644864576147456,1.7744564469631865,0.9744309702859637,1.3188278736045025,1.3044547836603742,1.020251639072516,1.3776483667138821,0.9541054967834457,0.6461894132459176,1.048681360207304,0.7259088495071746,0.7585323380831649,0.9287381860000424,0.7189138433090254,0.6414177397645131,0.5777845587045393,0.7303894838319449,1.2206251947032836,0.5595795642083257,1.0773383658179008,1.5556420606877586,0.758845325138053,0.6279633357541275,0.6004232339386282,2.2520491079476086,0.7640240962018618,1.4516392526094746,1.1688467693950033,0.7765374599221724,1.5034849276495492,0.8550695674549418,0.582039635387414,0.5258031604973872,0.6250933333201726,1.4867330876606968,1.2242086417726388,1.4131479823509667,1.4418200543271098,1.1353375913121755,1.458730422088477,1.072510372914113,1.2401150915686145,0.7990447352199107,0.9196789562454424,0.5466996787074965,1.2259823116944653,4.142225877563991,0.6119496301036845,1.4975947243949221,3.6889023390950837,1.6097973760873057,1.8864318219036844,1.6416789264254372,0.6319038594673533,1.068557507624878,2.085943232694192,1.3043643773897327,0.7827726628340891,0.8398189986897834,1.1180989777571049,2.4465904719244613,0.8177751098421946,0.5518487624473611,1.3421768514739827,0.976167234288377,1.2041172565969436,0.5765189367431378,0.5661051333966259,0.6961582711765971,0.8823001338767518,0.8069550277984925,0.7779175873299226,2.2281999016401146,1.4078807912922844,0.9590512285397117,2.061108694153161,0.6211669369496972,1.3579664838605081,0.9261887876343018,0.5558563038343518,0.8184731434083192,0.8390284454404623,1.249229830554177,0.9061028592314936,1.112725365465625,0.6642989984586211,0.7852247695360103,0.5142194658736219,0.6870745851331407,0.8661523770105688,0.8731619090897895
CHI:24,1.0396558401051614,1.080102469503699,1.4953357180920688,1.0344149959381788,0.5972623030846639,0.716377480001632,0.5609355400984819,1.6072427144527213,1.7342359770129492,1.5772030844424412,1.0872754234142534,1.8546018120278054,2.218951455685624,0.7450264868810066,0.9587995740497146,0.6850376332219926,1.4464623980529625,1.2051048602050416,1.0036500455165047,1.0936184453354916,0.44993146921980803,0.35706958642629494,1.0128609733503224,0.0,1.0263139540546187,0.8693486626800043,1.0230589807871184,1.24680760988123,1.1327758351884263,1.4242874759203201,0.9689503572428297,2.4925292643604715,1.608939707813908,1.4893048883724185,1.6622163785351902,1.9296681681481753,2.1633083775471147,1.1568908668375844,1.3433536840051377,2.072517707431329,1.4624055977647004,1.3585832088443397,1.061799170277809,1.1139939477628054,1.263532247795884,1.5757949517394803,2.374233533257755,1.359808011887096,1.3943423468988534,2.422408489290657,3.6751825883229414,1.8478626370497842,1.7793337874401962,4.202709524504139,3.699213257886415,1.5417234290306627,2.0090899162532154,1.118021454609782,0.8984757434413183,0.7354703952184358,1.6001885278030783,1.2835769154181935,1.230728662266415,1.6476039133969802,1.5719160027201355,1.3302885278983834,1.4325716129836288,1.4929468534639365,1.2654968926991437,1.611594013247522,1.191447946912362,1.8156045333340483,1.3061827988467924,2.010011692911767,1.6836833382012895,4.477186548981695,0.7327581829890284,0.8055649396161072,1.478327126235305,3.351462717209252,0.9737212857996591,0.9505272046538069,1.8853417260162255,1.1701993690355497,1.075368252633967,1.1500081500518322,1.068391390839799,1.6749955574053788,1.6639684796287617,1.5693932661985532,0.8456518655952676,1.1025295624966067,1.2320809513584072,1.181606589923554,1.4835192498398078,1.0077637331972156,0.8959335472572412,0.7971537106182099,1.0250664578210058,1.8858999694720207,1.2014108611160723,1.75717695521329,1.2217254833233513,1.4549724260489307,1.3240512939770135,0.9234489360977772,2.9597312294459814,1.4593376621252585,1.2015091902232315,1.8708921030174408,1.0091685513769624,1.053085537223887,1.3085534210211838,0.9010313890104134,0.902058726333492,1.1894446794703077,1.8439906231361773,1.6767213022963747,2.081543887186551,2.104633834794813,1.819405860845454,1.1040264253667869,1.684654408983221,1.9553157076209646,0.9134579703990661,0.7960124849523759,0.8023319104991319,1.7902633971447377,4.9703814873532,0.794513221724434,1.7543879582535615,4.438859195522236,1.5341626472104655,2.5918256984167383,2.343132941495642,0.8492273696235366,0.8925404839535193,2.7105588848059265,0.831004146818268,1.2697799343934615,0.9867957380508434,1.8213541665581972,1.7248398876767055,1.2273999506554862,1.1978927228095924,0.8681144019833503,0.8631287113981138,1.2279357130094584,0.9157023403447995,1.0029449101901746,1.2308971778126447,1.4697765973759271,1.074981778119719,0.6520139757217884,1.568363241263016,2.01967026107552,0.5105894135598429,2.705520042606924,1.0130739839214864,1.647820770863475,1.4164366976591574,0.7646657474931403,1.1600773507435815,1.1911651054280474,1.4206756927326056,1.1468606591567607,0.8720274393596377,1.0998604450254652,1.1266347156672543,0.8317746353945562,1.2360446405318801,1.4130620498445436,1.3461042195245059
CHI:25,0.8552287440671447,0.5532019400469322,1.4574607015662722,0.6810446551949608,0.7273890560423792,1.3047878565711202,1.1004154000493427,2.2552434119672635,1.1933462699812982,0.9523637277407635,0.5824712775839527,1.21393754322217,1.6149995588588844,0.698195037744525,0.5381354632541443,0.6254007887175154,0.6559946401356189,0.4260915165023559,0.5614225733461117,0.5893457467562135,0.8406972368040854,0.8614355906862149,0.25347798001065985,1.0263139540546187,0.0,0.6772838116493195,0.6783135418891607,1.7127065017375216,0.462048421795181,0.7530819201466077,0.9501854626175088,3.0371860333435694,1.9591841076114673,2.022956570149203,1.4783098438536846,1.540149113930388,2.2896767327595753,0.8104567099716027,0.9855566266572401,1.3874187937012257,1.32425753053253,0.8224904120542547,0.6144329418377197,0.47131011819573015,0.8378872694157923,0.754171347360017,1.5963162115177634,1.029613431766841,0.7492509889345483,1.876188125641145,3.0153776215375663,0.9995506713837448,0.9096073791674263,3.417765574012469,2.9444649009796446,0.7791497655081253,1.4608266182358758,0.42409964343373857,0.7375458366133751,0.6013931212521818,0.7888356390931714,0.66500898907212,0.49722571483863964,0.7572771515370375,0.751334329261449,0.5021612978651759,0.7008626752623963,0.9230258546215035,0.8921284046180132,0.803923486230034,0.4958185146738968,1.12259057113207,0.7487532326564992,1.1676637592042705,0.9891521227032158,3.9088229550019116,1.0533654971606434,0.6496890415095731,0.9457523223147106,2.614241122506518,0.7718865160222617,0.6281206684677764,1.9203583400973832,1.7707839364481828,0.9996885620553099,1.3441939182403877,1.3647989772767746,0.9194446428684848,1.2948987190605061,0.840899734501799,0.6655032996843818,0.8879480064030267,0.6440225480764162,0.704055893673338,0.8803985162885496,0.658894526577076,0.5805226276585039,0.5029576457448692,0.7000928833513103,1.137164447547687,0.4980405380757149,0.9540572981484688,1.5048081652744854,0.6585331002248945,0.6149014116885938,0.5065647834298846,2.1693410407618794,0.6503016331214324,1.3538857501910786,1.0595526550954084,0.7728712438077849,1.432746523191758,0.815198446961823,0.4843404968682431,0.4368463745542511,0.5762838692040706,1.457045056921036,1.1849314666461273,1.3161262284479014,1.344415527741589,1.1120478349362641,1.4047244896872262,0.9787055109513758,1.1592950583287098,0.7484274448544668,0.9043325841787876,0.4740266250061441,1.1105330893844607,4.063520181991987,0.6563250036844316,1.352483147683817,3.6127002427341233,1.6291005134386765,1.8589671830813284,1.5610551729194246,0.5595612300820242,1.001340868491178,2.001130113623363,1.2338806173158254,0.652122619907343,0.7932392728941696,1.0578827973843519,2.4334668205695102,0.7203339354656041,0.511478934320676,1.3461947253008186,0.8903776972845696,1.096217747255687,0.5739567475270165,0.4855849928463521,0.6035802266336046,0.7600130711147243,0.7937243325981285,0.695011955807135,2.2112611980502104,1.3314427440825582,0.9214862096916847,1.968399323503192,0.4974187762678335,1.2701183361374622,0.8905177887436255,0.5114172937055891,0.8056596418290793,0.7669305825054421,1.211641403126563,0.9037170264588406,1.0483714389332315,0.599463596113845,0.8173082359046246,0.46415452277533686,0.5872867710405191,0.8139280225668201,0.8150798540229656
CHI:26,1.200010734564374,0.9160513129425076,1.7130959223832498,1.0447480073943445,0.8694454849004478,1.3507722657946415,1.1519045449535807,2.2397769635495655,1.370239915890521,1.072357056052187,0.6860618787518837,1.3979108320112716,2.012805518611802,0.8502811741653635,0.7598747802586819,0.5510565392096533,1.0406470401421632,0.8888475829173943,0.888864753218004,1.000586517002137,0.7494889776679007,0.7541651098091827,0.7719988398868391,0.8693486626800043,0.6772838116493195,0.0,0.5268345009530708,1.5892211741208508,0.6319199972235259,1.254771460584112,1.1405732349487072,2.9665917828866406,1.9602372433105095,1.6019094029131433,1.5271966438632456,1.6045978116527113,1.8817774039574708,0.8688811004468436,1.1903990601335752,1.7401221637404383,1.562161151748382,1.0073343291505998,0.8237447045557396,0.6890841442775838,0.7006967392077484,1.0502734174203836,1.9603707507829433,0.829071529334842,0.7697144091623648,2.1401431598629506,3.3744619946252645,1.3653956788038486,1.117370245342653,3.803373852725813,3.3490586278115972,1.1240757884049788,1.9036879764166388,0.9200830832692305,0.7205891602229108,0.6131223710102247,1.2613978522641836,0.9258212043990788,0.9827468308486729,1.2009785138561941,1.2977996970110592,0.9610493273183637,0.7350333299204105,0.7309849349274681,0.8616884572953227,1.0908788047958273,0.6763906318095804,1.3753642579114997,0.646374775634299,1.5209751497424098,1.13960480074406,4.258373412836637,1.1623153293730804,0.6638605855867544,1.09739727088954,2.9853559023395695,0.7396351625921113,0.656822809444216,2.0016645372520707,1.7015327854659987,1.1382798221556347,1.2944446074294478,1.3921962860664732,1.309457084719764,1.349289992005184,1.2187752621928818,0.8799514009899285,0.8936929852623758,0.9699717209858817,0.903968135721206,1.06305769062615,0.7927079596320155,0.6479681827966015,0.4433911863405223,0.7788699577205016,1.4913597268562566,0.8066087296809502,1.3279424777603435,1.5415589176218345,0.9976809702284432,0.9533537089213024,0.4830754138130137,2.605589103495665,1.0229350409192441,1.3708000932744433,1.3825449700045558,0.9703298406505787,1.2395295279173997,0.9468851684105547,0.6018455959586356,0.5585770083108047,0.740347467209041,1.498823982927833,1.4099751421959799,1.7276706001633793,1.7555838473060876,1.4086032319478274,1.4711924796334248,1.3549921163523146,1.5929738019900923,0.906453279924763,1.0328470165093735,0.40862829205971984,1.460846534682942,4.506723318593372,0.8946057767913371,1.4258066533090754,4.04710963163091,1.5722287146096858,2.263617972580559,1.9860522981171154,0.6693553444224709,1.0616406011033925,2.352924041198572,1.1378091897951332,0.7775103611609533,0.7304736073332985,1.405520725298007,2.2468765358275284,0.774739229028858,0.8055678945150888,1.3535912384675453,0.9115403849494318,1.104890368715836,0.6733322873037813,0.6049374979262945,0.8062607612509558,1.0068762730300111,0.8422779143825323,0.6859868339284685,1.9931739855488768,1.6517336247436154,0.8483468265784021,2.357216831975315,0.6911801784863435,1.4964082168125283,1.036580334052043,0.6212679948209829,0.9944904373944777,0.8125329032077158,1.3869459027179587,0.9369408672208048,1.0618251135637922,0.7529550234109507,0.9492215674224982,0.6157134941017802,0.8092722171397689,0.9802862042476876,1.0089696012989173
CHI:27,1.1457847510498638,0.9778106998952687,1.4993494566389338,0.8505831908129045,0.9422866429780709,1.3612285460044,1.127180849217801,2.2403124454568633,1.5151178451586749,1.1824882699909587,0.8310986971873332,1.363614748384463,1.7811371556563258,1.039047328139524,0.9281973201872472,0.8389945601005117,1.0390378123707453,0.9626380638144562,1.0397306736589573,1.13835845632903,0.9950327024392402,0.9781454610418574,0.7708567058034076,1.0230589807871184,0.6783135418891607,0.5268345009530708,0.0,1.4983783191473696,0.4418237086778147,1.0394997562454982,1.0592844018649046,2.947706365984724,1.832510361700317,1.7780169703829685,1.2461599305878093,1.3611342231445087,1.9690603626750889,0.6537818981795284,1.003593930168453,1.4027249749209434,1.3067961688459038,0.6215285156880627,0.8185951997162663,0.6461852322382956,0.8680579544383846,0.8562133540751864,1.7954582050890582,0.9616648079049839,0.6455792574298667,1.933189199993363,3.115607537828644,1.2286753745755425,1.1104210485666628,3.593521149044951,3.1297475527649903,1.1248494213766602,1.7807695090200784,0.9383951233519074,0.788363600217105,0.8571317378549623,1.1141023373156835,1.0297013117467937,0.9731670796988905,1.1814967599847905,1.2019508945671604,0.9753198296665528,0.7326130492640707,0.6634359725759289,0.7954556599894057,1.1215392022687365,0.742196420733271,1.3397053080553685,0.7947684524363213,1.3740954763414939,1.1628161584759142,4.033733206735069,1.1807843664609854,0.9485028279428529,1.0747617305841868,2.741529168578973,0.9806839673035785,0.7823193262984021,1.846310163427238,1.6430458991628325,1.0319585477030884,1.3525401393878125,1.482736346820815,1.051143550917509,1.1507219802448092,0.9720407296382415,0.8765218120076291,0.7607748788193833,0.747888031785341,0.9685040286642858,1.0006979722064786,0.8813004607619646,0.8320241312940244,0.6547105237069033,0.8998520308351943,1.2778094608714676,0.8820033281168598,1.179801969394243,1.3721824933880922,0.8753937997307308,0.9638325277258604,0.5901578369999887,2.3414887604743857,0.9144122591817577,1.2386502842508176,1.2332020741355894,0.9777902900239027,1.1782438781961417,1.1139010901150153,0.6590042417972016,0.58326803961133,0.8677536550407239,1.5854675729284566,1.372990303948526,1.4868603231793884,1.5147995352737778,1.469191807883111,1.3406790831805369,1.1547883964727375,1.3302531701949365,0.7972384961039841,0.9696827997650824,0.5960287036136758,1.2886451365764495,4.264306991828403,0.8821260433301629,1.2993535070215125,3.779242244558482,1.6979741833768214,1.9501664001086887,1.7672564808848394,0.746847267879769,1.124573254946374,2.1297430642490927,1.0936577594514711,0.7324303248561661,0.9469380890401976,1.279601062232161,2.2659119429723384,0.9160218349369474,0.8739505396134173,1.3268893314394254,0.7869378723442301,0.9157630790027884,0.9043513558947852,0.750291633848111,0.8132312541784921,1.0076934297465932,1.048770303217234,0.7905874394620545,2.015512196876108,1.4558694637330294,0.8411423841839584,2.084764818445929,0.6893717241053353,1.3551237712141149,1.1621379155426987,0.7701354272940311,1.0614760395245695,1.0143960485335013,1.324218446059057,1.0869908710374043,0.9736054141576921,0.9130059169839441,1.110435720484651,0.7423892778195468,0.7454483601371173,1.046012039959506,1.138729313849818
CHI:28,1.6300004218350952,1.9326058999783262,1.3781856606607787,1.485205436409731,1.5540584855653163,1.4510648293377555,1.272918950447285,1.269084194602999,2.507669528216812,2.2040348683066755,1.8997411753414186,2.2485811716157125,2.149214412101488,1.7837041749785447,1.9264119744863004,1.6064288756295757,2.192704099511439,1.9909120016515292,1.9288896013471855,2.024396207562273,1.4728611506296363,1.493169220772332,1.7403963041386437,1.24680760988123,1.7127065017375216,1.5892211741208508,1.4983783191473696,0.0,1.5787360746117838,1.7735725100706439,1.1544638305529793,1.6738905855231128,1.168967937598467,1.6858828763259617,1.377938775167777,2.0649218571482915,2.201927770110225,1.5464900521605616,1.5383595797937204,2.0522307232368853,1.2465612055652833,1.5692391971056567,1.7976181777940772,1.725905072097076,1.866174688174999,2.026367889018536,2.509965242946247,1.9075241058340906,1.9402826179122994,2.154366098928472,3.517763795086214,2.295967099887455,2.399756425943368,4.061544663498538,3.729424006929712,2.192081455296309,2.0991637190393577,1.8669077425760447,1.4179675898281288,1.7483238250612183,2.004699061776425,2.2079246435372926,2.0391510117166933,2.309132005444945,2.1650958451359528,2.1471980271162425,2.116561118427634,1.9558146378644772,1.5334781207712758,2.2087610608308865,1.9957263126676896,2.28009413470063,2.0092999376873077,2.435440907910457,2.175259536547237,4.110467559957084,1.5103364198439726,1.7689950163082995,1.846555671087501,3.2324707328600906,1.9707053803805392,1.843349572095468,1.361792247823844,0.9052545148562995,1.328253536198785,1.2365557921623045,1.3567899728905988,2.0951073882182163,1.565836761102319,1.9695116009801905,1.3050711831013695,1.3060181095197492,1.5333751961924071,1.9845908152361018,2.1800873847440125,1.9003045309933086,1.7140396249074756,1.5804418798414466,1.9886451445624418,2.18138252510378,2.0204319613064294,2.294672245552669,0.7541443710652007,1.9660921786705834,2.1012386178568567,1.7193732753271498,2.979392766575658,2.1293682939291494,0.795800377147694,2.2631535052812817,1.4365297996240423,0.8699209194517541,2.265338736478259,1.7511167048893344,1.7263941858807794,1.9434173667700405,2.125761591583228,1.8675777943013707,2.2234794224370082,2.349394394454999,2.628751193953789,0.9002220476292746,2.0414930918459975,2.1655837980221477,1.2438036640968688,1.2497315924750432,1.6052765746079287,2.025400241291442,4.92324786214297,1.3544149432591333,1.7796660489471439,4.2884377961176385,1.5677331458557846,2.52059489721399,2.565019232568703,1.7162879483880478,1.420987076979995,2.689986081723826,0.8720638945827133,1.8207741199800846,1.9581599236041984,2.1478248832823885,1.2454009739073166,1.928414869808797,1.950891354202979,0.9709980469985787,1.1746201778069276,1.1323147300053606,1.9117195364733026,1.8654393612377458,1.933144767186801,2.0558225741597633,2.1046157097190368,1.4429495992431092,0.9924711827808587,2.1536020443631427,1.0394237131366197,2.7070972176903556,1.7942342135968141,1.7859967033482886,2.3551435281814426,1.6850523409564595,1.5890043123765256,2.1020969857378096,1.4535729697054502,1.691765230186868,1.1862031382277534,2.0078131998738638,2.126248121152994,1.7024451886368557,1.7945421605712377,2.0129967748835575,2.2693797371841318
CHI:29,1.082621983096867,0.88527422529499,1.4587802767313305,0.8346222293240055,0.9509697860255457,1.42448966513814,1.202962939663136,2.2572187394432386,1.4182769228523218,1.08974689079584,0.8406160284654673,1.2688515313102682,1.6485474572268408,1.0244714197523117,0.8908437517960769,0.8578552324655325,0.9317293943667389,0.7980797295531852,0.9328392357249722,0.9590478942231925,1.036974041397232,1.0499159589611071,0.5627086979499454,1.1327758351884263,0.462048421795181,0.6319199972235259,0.4418237086778147,1.5787360746117838,0.0,0.815401425103512,0.9639825278079096,2.9860547066758674,1.8396652624289997,1.9754254481971218,1.2336759954696077,1.37114809248732,2.115050376932154,0.6695878465374867,0.9768074815692694,1.27233745573512,1.2612536429661065,0.6125232972733731,0.7759799105221324,0.6166339910901666,0.891361502509087,0.7421484766756091,1.4842774015126758,1.0269832508892651,0.7049432531814231,1.7492458213482727,2.930411452816985,1.0656390658981876,0.9623562323442172,3.36176917146755,2.9150756377674387,1.008895969818658,1.5613820035988437,0.7560442579975166,0.75488158745913,0.8347242029332699,0.822446415605132,0.9991522921983295,0.8362452093239565,1.0019382920453552,1.0012216651803154,0.8399392545058683,0.703171577276576,0.7261524341059046,0.8768012929098516,0.9829716910957398,0.6922863730614438,1.202482379890844,0.8300245753307616,1.228112561554817,1.0309565681874278,3.886522646923898,1.2195383569103921,0.9171037198282683,0.9572921014505541,2.547509137246325,1.0180659873773803,0.8380085316439684,1.8127768365101595,1.6823071141925943,1.0258238897625978,1.3451465190900946,1.4665657462376798,0.8930899602485729,1.1400726495146027,0.8460316718416053,0.7640933106021517,0.838481607207817,0.6545934164725182,0.8695710579056679,0.9315526024430334,0.8587583552613455,0.8502947355518127,0.6467579989599782,0.9024074395694458,1.1584679093950447,0.7636783803178752,1.0575262179923488,1.389253923336246,0.7158722517049182,0.7871816416896685,0.6121649274264557,2.1559843483559806,0.7840148756847077,1.2676792132831873,1.0620431665684869,0.896115213632989,1.2869712813549934,1.0768238847679468,0.69552613182501,0.5898540730992339,0.7929787056345111,1.445495580559906,1.1614260657744606,1.3018749227382151,1.339607011392331,1.3872603563577255,1.3462055310624517,1.0115181925087697,1.1573329855973926,0.7430080241911033,0.9405690842491411,0.614837005513934,1.1679723935938822,4.060289969126377,0.7401565112294402,1.2206416344745805,3.573067527045007,1.6830309795647698,1.7955851200840194,1.600333929717059,0.8150741113051975,1.0790025395983565,1.9475312236152476,1.186325404784451,0.6577216255415683,1.0358400915432069,1.0695379243136214,2.3684374946819378,0.8323396665412464,0.7315756342233443,1.3342474151608978,0.8586776361395663,0.9892583081557339,0.8660567940162676,0.724851382306797,0.8136006464389075,0.8505843151130529,1.0293138265527544,0.8149346004730353,2.1056265705665935,1.3252481839221628,0.9176223823930153,1.9143702419258208,0.7259429815668667,1.2318268621738884,1.1357927189767736,0.7484478304656113,0.9600572350766208,0.9880724314096742,1.1794124444733305,0.9973042244719001,0.9855925259256025,0.8790948149566519,1.1232268444318412,0.699602910052903,0.6166258582754395,0.857836937292385,1.0805739078797296
CHI:30,1.0840620422751777,0.9435222362335381,1.2675127630185588,0.8133042438222903,1.1818648378035768,1.5795400744617152,1.321667586683976,2.353977135808699,1.5937160393415934,1.3661416016748391,1.1881876248859975,1.3864449220261421,1.2438807694918044,1.225046283377007,1.1642878821715292,1.219677383543591,1.0206729858951076,0.930830658349122,1.060004821904967,1.0535361967073777,1.3078833594713974,1.3819386013082584,0.6923807689991678,1.4242874759203201,0.7530819201466077,1.254771460584112,1.0394997562454982,1.7735725100706439,0.815401425103512,0.0,0.9480077953602924,3.0835384654625,1.950134439156911,2.3014995020260125,1.3213715232680372,1.585800084204366,2.518106421459968,1.0805044248086308,1.0775880416762427,1.1276996903778187,1.2340098301516738,0.877465574326939,1.0793652931837183,0.939366873342398,1.3111515164844216,0.8691725469305734,1.4617500962514423,1.5147521132208683,1.1588072613471316,1.6130122973075929,2.597861526663493,0.9321208806230512,1.2833749709328959,3.0651499205466735,2.551006923913234,1.0553973885386654,1.2316165420924763,0.6781054367034238,1.029220863285437,1.1479979598612269,0.6584791478644191,1.1927270822915106,0.873803101435734,1.0140597242643647,0.7494540210130574,0.9221485389249368,1.2077548351714784,1.2975653727856482,1.1835132312430972,1.1000981052805385,1.1388681136966488,1.313322496148795,1.3095836689104223,1.125797080393993,1.2336862098291026,3.472829763373695,1.3291958741334393,1.266460801988991,1.210239735966191,2.202728429006584,1.3940825445875058,1.1981751761978356,1.770690979897472,1.8303185858670517,1.0590612448328438,1.388658327685323,1.5255386826835011,0.8579070319761205,1.2272945266351627,0.7699106496193687,0.8708600028189629,1.186000356015112,0.6475777257944187,1.1696399284831862,1.1417253121039808,1.2043158968739966,1.1803621433741827,1.0458886825034834,1.276813098385517,1.0692881134029437,1.0134398102207087,1.1132022365300314,1.4660354255102839,0.7513723554143587,0.9676302532157046,1.0918760363517008,1.8247121291975914,0.9739150710590975,1.4195670206951034,1.0681523292377284,0.9746761434353644,1.6107732429495252,1.3890172819221258,1.0969479225479943,1.0293823431683986,1.0609055985390994,1.4920913247145697,1.0685438749368839,1.0147273961248278,1.181051223984218,1.4810352602717523,1.4647846054346314,0.9174021953810995,0.8988081770729126,1.0093408563043935,1.1029263109682335,1.0532256213955822,1.0310194558631454,3.748034285117302,0.862601338131531,1.402369845295004,3.2208434704301108,1.6544873149417931,1.366921868863049,1.3766343516842323,1.1612227342936086,1.3352636126309378,1.6454215315641771,1.462698202654164,0.9421710146614853,1.4273109447847152,0.9122467344259535,2.5420059520014835,1.1416632761353604,0.9160736834590975,1.4844030091600189,1.073006740977337,1.2470155283985311,1.2269399852277783,1.0898061546186828,1.1360943244063935,1.0739612452176475,1.3898073111005937,1.237148953695825,2.300093720747936,1.2581752530528323,1.2405635985540258,1.620323794044866,1.0970035569226417,1.1147900608618917,1.456639128078926,1.1383280505033244,1.0111023940825774,1.3661530313363592,1.1195557538442158,1.1851681095726097,1.3449236586103432,1.2554838595242435,1.3708419082198768,1.0405933194141819,0.8874863893679683,1.0393361652199926,1.3606773854043805
CHI:31,1.1787241583458432,1.2789696538181279,1.2794128620007574,0.9567330171957851,1.0158501102304254,1.3303401420272725,1.0303026143322507,1.8326845871531758,1.813440494877395,1.5913050413695329,1.2215028995875283,1.6317666783613156,1.629458939616807,1.2251445043255385,1.2730681504218926,1.0682500204327088,1.430524812330446,1.237287891225823,1.2182682489887635,1.2188210495589147,0.958072824207748,1.086548357802827,0.9130172715027316,0.9689503572428297,0.9501854626175088,1.1405732349487072,1.0592844018649046,1.1544638305529793,0.9639825278079096,0.9480077953602924,0.0,2.4765802375304053,1.5336960325984388,1.8270031012164156,1.4120742467010643,1.8293142114602767,2.1686779600456116,1.255945043783502,1.238539587316575,1.6283736632986061,1.292618452202992,1.2126512248958055,1.2687070805086786,1.1002889483582252,1.3097699750603584,1.3419579525389833,1.763544634242599,1.4624078109875942,1.409999832483301,1.6978028292324965,2.9160881334145325,1.4947831662414761,1.6951353102552675,3.5090510342732197,3.0115976618382723,1.3824377551932443,1.3004503796462985,0.9398861135011324,0.6471828172320018,1.0528825277518432,1.0421652389655267,1.4537912403039093,1.231935317488911,1.4304568674373852,1.2791276018724829,1.370328366278777,1.5009938954853086,1.5342001131654281,1.1219990714252988,1.4404016886739244,1.3606554505561803,1.6215049909449089,1.4232767025074209,1.732212302476194,1.513197678543356,3.696898808475033,1.217574999530528,1.1435947903749641,1.316312067984992,2.628183828790891,1.3442482005720833,1.2827988335495335,1.3445596855441266,1.386924146356019,0.6959343799911017,0.8976623113262641,0.9773531223570913,1.4682925955641848,1.2652719840521867,1.32515019082642,0.555528798099656,1.0070317137150566,0.7840630412436218,1.4365644836958607,1.518817973119333,1.3716112295167708,1.0904177246597868,0.9737598981812826,1.4390234063800316,1.4990191865854676,1.311572371206601,1.657237904245362,1.1308539867225953,1.2045477054915916,1.282705071417838,1.1579256443629602,2.3806802630601585,1.440480206447726,1.0347832288048855,1.5964853290674041,0.656986536264254,1.1283226997603937,1.6358863435729254,1.1803475632193698,1.1529141814736397,1.2533757966918633,1.4389073447606375,1.1272044207961291,1.5740442405505457,1.7541027827851094,1.8817872506499476,1.1037092043619958,1.408314391761669,1.4235370475143478,0.5646238759825354,1.0156851418943216,0.9647531425215835,1.4230830820380185,4.300008166881815,0.562955298503503,1.4496763810910032,3.710177929357415,1.3001346640205225,1.9212184247120419,1.9239587714757134,1.1201575026058723,1.182939511376677,2.1056102861474,0.9090599963013803,1.2089929604751146,1.4148345880312816,1.381108568247299,1.9180402310532312,1.3626025181632377,1.2379968876544996,1.023871619587297,0.8256881890566704,0.881800657997598,1.2266697986179247,1.1654234986629577,1.2530103894014006,1.4423594902429053,1.5313709228553987,1.0805729783166833,1.628826585768809,1.424236309340279,0.8096085426408626,2.1232807540110143,1.2100619838659448,1.4160496726872884,1.7091899751959185,1.1107153634862577,0.8442081853134722,1.5286877398982166,0.8262278512162708,0.9509108775365498,1.149856524939736,1.3672191182566837,1.422218037798839,1.0086155154023275,1.229059616230462,1.2658546809822802,1.6518415730849692
CHI:32,2.678046793048105,3.1742949620139806,2.179586112672056,2.744140702513112,2.867016600335169,2.4200545830139633,2.430607397888531,1.3805031000244254,3.778682634596224,3.5058289492524013,3.190115787109097,3.5072014603736403,3.2928813654263904,2.9773425690565185,3.211601655037645,2.8422401877810386,3.5435934287405573,3.280594895982008,3.217915181561464,3.2749802007639777,2.67674532485619,2.6956851956818904,3.085255880674883,2.4925292643604715,3.0371860333435694,2.9665917828866406,2.947706365984724,1.6738905855231128,2.9860547066758674,3.0835384654625,2.4765802375304053,0.0,1.6548395461162684,2.495016160425405,2.4742007711051315,3.062223506905715,3.232982835463074,2.870906551455717,2.6130781996650634,3.2002903785193952,2.34786922281895,2.9065809032366663,2.958942606446641,3.054159275405442,3.2075574367336315,3.340959873849775,3.7555924313114692,3.222327152926421,3.3464518160322205,3.22999012342883,4.466147958537414,3.6023870565020464,3.756573184164565,4.8425628068526025,4.755048356915365,3.5091738939705337,3.243960042136448,3.1588290856037577,2.729192013967819,3.0635587684549597,3.35426865178655,3.5053223516053036,3.361610347361673,3.6145307614626545,3.4856393038190725,3.4349891692137184,3.5273465567674047,3.3955428617953567,2.8116301135770816,3.5153491406393944,3.3279116181847663,3.572237653081712,3.338020402427656,3.805820269574377,3.5016140217719895,4.850077570635128,2.5162619728191764,3.0773468700945728,3.1267861928839165,4.216118506664414,3.241083237317883,3.0902810427741283,2.0789178808473228,1.766803673180565,2.6405565237544426,2.4562355857938343,2.488576794633571,3.340734882812354,2.937596483768292,3.209061432790776,2.6510022573256378,2.620728045217873,2.859697600841082,3.2254400647570862,3.463133290275064,3.1297047994353044,3.0373196695984044,2.928628407718991,3.242244659751956,3.4456626932192167,3.3296262437587147,3.4853645684020673,1.8692737393181635,3.3055337700372864,3.3881972000480687,3.074185353736754,3.974434169203866,3.407676209504864,2.0161695297860165,3.4790056803553706,2.753949838704837,2.0812646491489835,3.511526738980336,3.0150908180566756,3.041961021964997,3.2712963864900892,3.3204434452465867,3.025755389659095,3.364381147181442,3.485585664294441,3.8744409366772805,2.0463774742729743,3.2691987044216364,3.3041398667929123,2.624646199518248,2.5352994246412868,2.924836224847783,3.268282854048344,5.874993302092188,2.7327821050435706,2.955680973084085,5.212120203784547,2.781418462426476,3.743714454159891,3.695418012143517,3.036992173747423,2.629065771637977,3.7193306465371996,2.185467067827047,3.1281843882678118,3.2258533314199123,3.3744998732020832,1.2453782891723542,3.2090350881896574,3.2219987687563214,1.958388041192536,2.5379188840499665,2.494159768659693,3.197395954927301,3.159133607852097,3.281557501449458,3.2647864965618463,3.342320607218061,2.753026683612772,1.5195685264046908,3.4226013611005075,2.4237259531597894,3.7706621734140677,3.160128479721301,2.774944096021139,3.605334883560594,3.0316158242273543,2.913282683005979,3.306584904020005,2.5841396366074636,2.9335403887479767,2.4734732868726765,3.3247551325174975,3.413610919933485,3.026128081151997,3.1376866026565864,3.3201255307636903,3.4922686722698186
CHI:33,1.757413897282115,2.1302064195451185,1.2501563577077475,1.7496604889197451,1.8982636891907834,1.5237843594922265,1.3490918743726388,1.2922866086637232,2.8119577139761645,2.5318336199178475,2.157683604731931,2.486426181341563,2.422173583483612,2.011313706917875,2.198482495313009,1.8926003006688792,2.452607561887868,2.218578099365936,2.200463535345346,2.2410434838431517,1.7281532634138477,1.762691279679351,1.987779785483373,1.608939707813908,1.9591841076114673,1.9602372433105095,1.832510361700317,1.168967937598467,1.8396652624289997,1.950134439156911,1.5336960325984388,1.6548395461162684,0.0,1.8366899567854782,1.2679999334968175,1.9531449182925418,2.3873440909184556,1.8099650142127865,1.6563477737922951,2.1493794670466486,1.5223294485802952,1.7345219765146478,1.8419978391777545,1.9732912017677493,2.197726647837519,2.1563909379616697,2.6162982160600903,2.279163514010038,2.251487078307598,2.270335589537667,3.4040069795198953,2.4333501554485917,2.619755984146307,3.9155325349175776,3.606631857459593,2.441311286155388,2.2675477279008955,2.0408580055506986,1.6779031577606172,2.034250806372001,2.2036837134644442,2.45450358753301,2.26675579522616,2.494637037701902,2.3723849381936124,2.3106642257647225,2.411302716069093,2.315997068286283,1.896652489499904,2.4245909531800076,2.233752846457532,2.5348572691428237,2.298718228116099,2.6908089643416204,2.445638785183132,4.094913408539352,1.5417100092300655,2.1356302609514852,2.106349219017444,3.211351474423301,2.259903517524174,2.026085877566061,1.2978717417457875,0.9206947703037273,1.6926302066517582,1.6407745508154572,1.7867234826949743,2.0845470356460574,1.9474773683819926,1.9663880624571703,1.6957024091133595,1.751887609326642,1.747387473542565,2.0914772848016305,2.1688639521660975,2.026468313554864,2.1454949930377425,1.9064123224556615,2.1564096393731575,2.247171347854479,2.175832972093413,2.323839005667825,0.9275478392374977,2.143635787732581,2.192880691878608,1.953516936734168,2.876361491378626,2.2018432188008723,1.32895282425439,2.2363794301071853,1.9233660626507694,1.2466210462875806,2.461051443363495,1.9410764527549502,1.946604944028761,2.236080043852667,2.390073787549171,2.052603083119199,2.2235139623601983,2.2505656852334246,2.8811547001774183,1.2501986211791631,2.0291664489135997,2.197768553264917,1.6051775325313535,1.5603751068740859,1.8938227497246558,2.24287145282374,4.907765271816955,1.6651590832400858,1.8907342715011226,4.18161270311518,2.2153199541103663,2.7070135110337468,2.572764362640075,2.0670052220662223,1.7899465511182657,2.6241950958009026,1.3083691532788304,1.9353345887548516,2.281255948387532,2.2464952192501757,1.2837514564533299,2.135301790118894,2.1399848804184054,1.095732677155402,1.4926937458769778,1.6143531144384469,2.182048976712626,2.0937939067310825,2.3171868928312516,2.079352945305742,2.2650206259493433,1.8482820875281687,1.1656941635072597,2.360236019689503,1.4981290614844873,2.6250118187843885,2.127622864276656,1.6169443849820322,2.5412816047817612,2.004879820062771,2.0112580452643427,2.2740921560264784,1.5967023917302903,1.9410781926814933,1.5510844612968175,2.312338383151884,2.4423704942797757,1.9487164847416525,1.9988661108463037,2.1442956645224016,2.440854678130706
CHI:34,2.133205211322502,2.0684033244619813,2.1788530515972093,2.016054394628494,1.952041062384687,1.9075727496612178,1.6914211442073233,2.231695419985481,2.4107515968901136,2.1466882962744576,1.8483508659510235,2.2458343532896063,2.7212756061576298,1.9218841733002483,2.027273395529302,1.603467232009363,2.321489161571172,2.179129558652824,2.1270336418181905,2.245771317217466,1.465001514171654,1.5976095186100556,2.065926152071346,1.4893048883724185,2.022956570149203,1.6019094029131433,1.7780169703829685,1.6858828763259617,1.9754254481971218,2.3014995020260125,1.8270031012164156,2.495016160425405,1.8366899567854782,0.0,1.9500239764880816,2.1256028850076447,1.408254472517411,2.0447773766035477,2.0068605495721497,2.683112775129309,2.2962205899688675,2.093402978131994,1.936877551163518,1.8704930641951667,1.694544425922856,2.1953766707312847,3.0245698396560465,1.7213015990349834,2.0455537527004757,2.6213144461287596,3.9245190405763193,2.3919623172543503,2.4299317581435687,4.416172381798623,3.9797417820633756,2.235384763056034,2.6165002619732096,2.054246059929094,1.5725974515502015,1.760475813619502,2.4244848528924976,2.2206089534249207,2.301619610180601,2.427695343807376,2.4819984662248356,2.2711690699980753,2.198598470501014,2.0115669914741554,1.6394007904356527,2.186298040433101,2.0841428983335635,2.4174499650411305,1.850310813251627,2.653678442304083,2.15632734727556,4.488241318650968,1.8149218059898744,1.852901724503713,2.056536207267397,3.5634008824715395,1.922217295047333,1.8113529890138624,1.9501680007689406,1.8219340876979633,1.8716977321398263,1.5230835469752813,1.918778231136911,2.4417577713538847,1.9673904512078009,2.2571025308156574,1.7814641225955203,1.8380675807108204,1.9128504541667775,2.092990707635181,2.1426514295797574,1.9750468638216523,1.8750527431885649,1.661983003968806,2.074459841182948,2.404747983125302,2.0612323264568984,2.41398901927538,1.8563697598938678,2.15243763913311,2.1441052812903654,1.8061970158102847,3.356958990605417,2.252319720657799,1.8148220749125665,2.3257064305669224,1.8524856761036428,1.5217580627471705,2.1825416136003537,1.8445763688064554,1.920299578817367,1.9162270760608398,1.9138403886470494,1.9975986477699483,2.558453477508443,2.6689784097753173,2.5741730028253724,2.02611495262937,2.2843180985983844,2.479881791853709,1.8585935456340852,1.883122409925242,1.6492410479936952,2.401239187078027,5.261142603151403,1.8429964149298836,1.9892485628309517,4.703777131792217,1.7553854154162927,3.0898551603849267,2.8893882649724483,1.93700363099936,1.951128145831961,2.951426700347742,1.5901122015988207,1.8371047637912032,1.934563886384628,2.261076145257981,1.840225833278665,1.8420927246216607,2.0028393055644402,1.7286652504425868,1.6538188277195556,1.8157940894292126,1.9706666331726175,1.853280740560425,2.119709984103541,2.022114277363246,2.0568587223092027,1.8772512777402386,1.5720215213319815,2.5277116455439432,1.6480467388631113,3.100993264775465,2.056030007034052,2.016285191119959,2.3018026903289948,1.9362408990975415,1.8257603449942161,1.9726636183310438,1.8071290892739456,1.579352935031635,1.9915953150756371,2.101078021507045,2.1370742768123834,1.8228827915389743,2.009430430453014,1.93773758353133,2.224578963381594
CHI:35,1.5622673718856916,1.6526248338090777,1.1280539466120927,1.3170580729439394,1.7233018900232278,1.7296934709039622,1.4810604827311695,2.0694553290634023,2.2409991252240222,1.8569275173918132,1.7071408720671524,1.726799927840995,1.6930873132080013,1.8179301564784331,1.828644549085676,1.621393248492413,1.8321779606862896,1.7272961857715954,1.8699048195933408,1.9284146875426675,1.6926253139353957,1.7310242533824771,1.5585985994575944,1.6622163785351902,1.4783098438536846,1.5271966438632456,1.2461599305878093,1.377938775167777,1.2336759954696077,1.3213715232680372,1.4120742467010643,2.4742007711051315,1.2679999334968175,1.9500239764880816,0.0,1.1501287267531586,2.069027427242933,1.1969667922091787,1.0931948195553969,1.3519405476900008,1.0623003562946076,0.9007532809887109,1.4333920579689368,1.443802634516401,1.638627397881816,1.394864109656892,1.9485169368369213,1.7280977536316593,1.515691822514131,1.6164424954888164,2.787742989933338,1.6531987260351853,1.879534505739441,3.1635818166547534,2.9015200784719295,1.8221418855747398,1.8824061438933404,1.6324744755892149,1.432117617623174,1.7604041639991792,1.6519560411973848,1.9865436785372006,1.8123032217756307,1.8979385513926206,1.799159584314708,1.7788586697925561,1.7469917540800974,1.514359059689075,1.333679301698271,1.7435880988035855,1.7101237780830967,1.8081854028538886,1.7040281580264485,1.809766629542218,1.7038597502614177,3.4933642201146795,1.5660868993508124,1.8605585686320025,1.4490657471713206,2.409893421052917,1.9634387471666237,1.5957299348293192,1.3844514266396464,1.4499223725915298,1.529883563324018,1.6116861042018982,1.9755354477991909,1.316340176494906,1.1479457709727972,1.2123246438328368,1.4590078135499425,1.3318581880966716,1.1907643383176154,1.5950093405704198,1.5062840508554072,1.6282995061079881,1.7932518915134865,1.5044361490399456,1.776788762004685,1.4957947131025104,1.6554564165669068,1.5647091896021255,0.9993704186176302,1.4196639666572215,1.6336455336418203,1.4837047720398049,2.0765490433159997,1.520765741508254,1.2176497835452056,1.4090668275374465,1.6314247806882263,1.2855680593887095,1.9835345517080512,1.5475121123454956,1.507126255370278,1.675981427979138,1.8484027047140736,1.4758715079975893,1.3858662014840428,1.4628998532379598,2.283519381700758,1.3428222864463748,1.2979941559110566,1.4078082024438323,1.3850360427482469,1.3553688177946355,1.5092559739584184,1.5377641223638623,4.05238338230911,1.4321147715827107,1.1459718006681536,3.392689617982405,2.0050174495595794,1.84112442387822,1.810172373319336,1.742155576414341,1.6029855778056943,1.7987486987084391,1.3652303250773876,1.2335536930463733,1.9451254244516905,1.4658743582054699,2.1171572959755927,1.516006463336732,1.5713161678448075,1.462115738413855,1.1712901416604082,1.2836165551689136,1.865482340837489,1.6445387535320015,1.8044976025382446,1.4075091047425938,1.9053115656554902,1.5988847395344898,1.8376018228502433,1.7228066069850807,1.4094462970337984,1.8131098024549912,1.6705724553384453,0.8427858449124466,2.0656988631363653,1.6867183628996885,1.682510035329173,1.8143262209228168,1.280559644134829,1.614803569960798,1.3722197325011154,1.876219770657343,2.1193109086679716,1.5893386674003487,1.3084021360404197,1.5116452019914557,1.9511618835725169
CHI:36,1.694446653159816,1.6131575492658528,1.5068801205858884,1.4291123437960112,1.907400985093906,1.966044872746447,1.83824185752231,2.632054666948571,1.960312666492562,1.608027756354518,1.624972174233364,1.510637097393649,1.7978755405545328,1.9137057331927099,1.7794677773931433,1.6760540901252967,1.69754113683854,1.694853656984993,1.9673295954161383,1.9627677279510773,1.8706328402685286,1.8887794730285548,1.6960216363471334,1.9296681681481753,1.540149113930388,1.6045978116527113,1.3611342231445087,2.0649218571482915,1.37114809248732,1.585800084204366,1.8293142114602767,3.062223506905715,1.9531449182925418,2.1256028850076447,1.1501287267531586,0.0,2.2389337250203263,1.3056949485199907,1.0558906603189098,1.3559471663875902,1.5767077913804828,1.1090646515348608,1.3417147970398406,1.3608977009286578,1.4930915554267554,1.2306877230357776,2.020381310308803,1.4880318307470566,1.3493922420537672,1.8178282733203954,2.878649077532231,1.5014736033036291,1.5674034775012622,3.1017106427667676,2.845898842596127,1.6543481152176265,2.1680631636534855,1.719091651985191,1.6672204579128516,1.7722108826405454,1.7852674987593857,1.878773838299257,1.8697601596156774,1.778996781187898,1.82786268832638,1.6740751555380717,1.58400190250897,1.3963825491557675,1.2512649617774732,1.62534591269749,1.5591360953203819,1.6180792465529654,1.4622413139039347,1.658761533707433,1.457671142725283,3.6059781167148497,1.7422166251766964,1.8699953590693748,1.3450491037161618,2.365321989725726,1.9422840529263117,1.565092629684142,1.9209375439489156,2.0321631352143705,1.8487671639027363,2.0034251674179755,2.415940361517676,1.2748235770617933,1.440236448281789,1.2023322283398958,1.6581653614715186,1.4234725727393456,1.3730378549848485,1.5879407014675957,1.5158451637947545,1.6055548951058256,1.7926277951487264,1.5539472345890568,1.7677611492416494,1.549434010288043,1.612455486963804,1.3405587205980356,1.6404178248438697,1.3797644348913385,1.5885824386068237,1.5506262386431742,2.0253011185720826,1.3965062315386736,1.5926071488119813,1.2830777098872472,1.716970217499185,1.6993403905317304,1.8221192569841276,1.53565176112436,1.5268492866598828,1.5759467333218315,1.7665341627425006,1.454073856214269,1.3237317227487693,1.4442951915777027,2.015413349655676,1.7982309595652468,1.3417719195485605,1.3345664486010742,1.6967474051083198,1.5759127158863142,1.5407891770777187,1.4889587029864557,3.780239132898408,1.7010364281166175,1.2335799997703867,3.319893524430038,2.3049625491762,1.9568805740708983,1.7490215879485986,1.7518291857119968,1.6815603940954589,1.7413578189092602,1.7776540641357328,1.243276456749863,1.8960400955811774,1.3460047201468626,2.649501804386669,1.395257597297049,1.4958292968089009,1.8665282149952582,1.4237505854458143,1.6394294646298049,1.8599959270129052,1.59587733292995,1.752401504853905,1.28409077292223,1.8385677410924204,1.6783355780494666,2.4660317999695605,1.8682143171358323,1.7003182334203584,1.7810513952751368,1.6516590377285245,1.092259167427456,1.9189824946096221,1.7604744379935724,1.7752842241898916,1.67852154400461,1.5634777980316805,1.7076860390765674,1.6703243560432757,1.798407722514948,2.0462633654602707,1.6252335908992503,1.3559811391318433,1.4446866470319903,1.7367170827301432
CHI:37,2.7561511095445015,2.4860452653645715,2.7333568068076244,2.4341157647170135,2.4224418497110616,2.666263165490161,2.3564846264813073,3.116319153603448,2.509991576168548,2.1685268253767345,2.0492247696426293,2.0786290960752334,2.7588852624684614,2.4853100171823495,2.3812440965661104,2.082186838436637,2.4522610794329145,2.4486720028680726,2.51900153712122,2.6299810465132407,2.07932621796936,2.2434891737215725,2.3655167560757047,2.1633083775471147,2.2896767327595753,1.8817774039574708,1.9690603626750889,2.201927770110225,2.115050376932154,2.518106421459968,2.1686779600456116,3.232982835463074,2.3873440909184556,1.408254472517411,2.069027427242933,2.2389337250203263,0.0,2.367309066288633,2.4563868778955342,2.7853334008181503,2.7136018347507505,2.2402567843023826,2.354179086926248,2.11402675082493,1.7199224663131063,2.197872502532333,2.6905102091340583,1.6819073776864149,2.0223163807642517,2.2960837205391464,3.4304075622944876,2.332433602277605,2.363313427508308,3.944123459918567,3.535372889373638,2.277336240567676,2.6409180144725024,2.3525059095887486,1.8564970648091337,2.205629248984793,2.4568766660730077,2.493297233842226,2.583727816423997,2.475331060861808,2.580531647667964,2.5412198897466887,2.246275065724457,1.962751459743275,1.8692406827044583,2.1654977617798705,2.295472186542906,2.3110683645294547,1.9291409779692013,2.509655622127136,2.058450480721276,4.1083234218538545,2.542289323100574,2.217788904926071,2.014505914146101,3.1980651569460967,2.210481407600023,2.0929840120272614,2.01678127655907,2.5106100862892378,2.1409222338073963,1.8608394294267552,2.383905465038776,2.5828683991214056,1.7287798108773211,2.3891909143732177,2.2116386076730956,2.167602367770781,2.122072354846859,2.45606135506935,2.1095682527531676,2.403998542992067,2.197486103264048,2.000599127972197,2.4891959771234613,2.3445453298678682,2.318481697391634,2.5614931327987267,2.3388251291678017,2.2303015218287725,2.221541013485534,2.109298565628836,3.1608928834555736,2.383702106251619,2.2796461504111685,2.2827808090936967,2.236925519266168,2.04040201244344,2.458527375741329,2.186196126527087,2.2959261512070666,2.1169000450272617,1.812441162233572,2.134224791357575,2.574390500811098,2.7107246543729535,2.757317913489786,2.559479133857351,2.4159792541283527,2.479895849216306,2.0489027564966724,2.4903188470850504,2.024327613275784,2.5896252300695957,4.84144088246736,2.1384500165990556,1.7456305617194339,4.247502651680369,2.045801712928537,2.9678051315362923,2.9574413042769385,2.267682322759924,2.5669242294487207,2.705941564981927,1.9937572363457412,1.9781418787148768,2.255494244243235,2.347794881267119,2.736318345235863,2.1328968580302203,2.3590515369194183,2.473720094172413,1.9361055351516712,1.9608845063470246,2.304976036734712,2.071891705802862,2.277888755822117,2.1754383513692663,2.4367933524764807,2.3541828633704283,2.1551151428353634,2.269653095794978,2.114826568370039,2.8679804454522975,2.3390008178454003,2.2774991148421218,2.5031583205607455,2.2896297635315674,2.113256587614423,2.2632279278255187,1.8838888201281256,1.7546003208934695,2.4823189390642013,2.3415195545413523,2.4589524246002696,2.0762038443995094,2.25461595060776,2.008856199528426,2.567921681591963
CHI:38,0.9429702704134957,0.9310048387395057,1.3055086863935024,0.7705008859184264,0.9872778199535414,1.2389696096256535,1.1185124602974787,2.0668574991924817,1.5873070530257103,1.3287651609483928,1.138817123238816,1.533278632073562,1.8077237559619328,1.0791144789570413,1.0376151812850518,1.0368566933084027,1.1336272321073948,1.0165850611546732,1.1179855266823961,1.1545772538839791,1.2233005071150065,1.0744232306227,0.9295478622016402,1.1568908668375844,0.8104567099716027,0.8688811004468436,0.6537818981795284,1.5464900521605616,0.6695878465374867,1.0805044248086308,1.255945043783502,2.870906551455717,1.8099650142127865,2.0447773766035477,1.1969667922091787,1.3056949485199907,2.367309066288633,0.0,0.7719097833714437,1.2256818533935558,0.9654910404616003,0.6110365787099565,0.7442753542633779,0.7816357263842458,1.207418100123113,1.0331314653283417,1.9017347215529332,1.2962739116026791,0.8807774964189654,2.079970509567995,3.2329353218584393,1.4195264353061179,1.248595199040463,3.6293480686349096,3.2316717632468768,1.3236971059033085,1.910513499893375,1.1439560817714634,1.1743165970408542,1.0832211638974258,1.2772863399981293,1.154409123126767,1.0661568846722524,1.3754890232225274,1.2871192175064436,1.035282343430717,0.9628932866410014,0.893506360422996,1.0430995808883765,1.3451876461641574,0.8680442633499309,1.3703602856073958,1.1012749341007038,1.4734928540825314,1.2994522819143948,4.108387007634087,1.1100863566228565,1.1685647016829244,1.0900320254143183,2.804807895270673,1.2849703275424156,1.0053799553648268,2.021171647204177,1.5593523693080058,1.3825174932348572,1.647179275437493,1.6833865080747357,0.9072575695733816,1.4194606261252136,0.960245306860572,1.066875504274792,0.838408220835961,0.9567717713345499,0.8472692635473402,1.196057665537175,0.840714221647162,1.1015419587821027,0.9246822318631591,0.9050398309541006,1.4157566537901325,0.9769246254536782,1.0755999482880771,1.2600506459335212,1.0047693205234327,1.139793519686339,0.7945903704276394,2.299665661250159,0.9313917962668246,1.1567477873121892,1.2702552036925128,1.2203639960189598,1.2243802150328356,1.189674315104189,0.8429312012835789,0.6826944409650534,1.1262669580284492,1.8873431166920447,1.4928292649969588,1.4656509092561383,1.3815951747927104,1.5473744939230891,1.1387184226526155,1.1274732769961213,1.3861450870599674,1.0746373100589848,0.7627672484019574,0.923060167935308,1.2468599910620544,4.244285262535105,1.062251820466361,1.3574637675207621,3.7654976223711367,1.9393099542174144,2.003635839853129,1.6994876655885698,0.9937419013039569,0.8689211980929443,2.165475448563794,1.182407448281563,0.9088897675948101,1.2069509992764278,1.3444824279357137,2.2804268257909994,0.9545318647187719,0.9236659279382055,1.3013090511454064,1.0014105708218402,1.1387303946373566,1.1204049623881966,1.0490843709508377,1.0661313467894806,1.0070683009609265,1.12876635983339,0.7595169875355182,2.1389744228937326,1.7052588105994733,0.963747217669582,2.083749686821987,0.801487073301969,1.2072597839379715,1.2756412049877894,0.8658343569219865,1.3145548367498214,1.1100852174848508,1.516900613193112,1.468817617683723,0.7146209915162112,1.0602498447757336,1.3594735304743237,1.0193569760766141,0.6759323387302517,1.2028463923736405,1.1139893533962506
CHI:39,0.8393008969235435,1.1079155390352573,0.8771954611323171,0.7932215604735262,1.3009214200623862,1.360563603069738,1.249479158082968,1.9845483057440758,1.7822223470341023,1.4868179823934373,1.2656226764769551,1.565642578678703,1.5623767104466249,1.2686973944329922,1.2824270049909625,1.139969206353291,1.3320408810357764,1.1966962483398622,1.3753347033108,1.3753734781508598,1.303654485337887,1.2796885373630253,1.1268665916942564,1.3433536840051377,0.9855566266572401,1.1903990601335752,1.003593930168453,1.5383595797937204,0.9768074815692694,1.0775880416762427,1.238539587316575,2.6130781996650634,1.6563477737922951,2.0068605495721497,1.0931948195553969,1.0558906603189098,2.4563868778955342,0.7719097833714437,0.0,1.1074273014257456,0.9198469195637017,0.7381363333892533,0.7875645882835294,0.9101462843559719,1.314536615585009,1.0670000290405184,2.001948616187979,1.4600532136046926,1.1669355207288705,1.8707370335173403,3.056455697193982,1.389284785906798,1.4575528486035063,3.3485120030312836,3.064827977467219,1.4098098415362732,1.778850271761874,1.1982043208422972,1.180094895331792,1.2722421554347043,1.4029502556719393,1.414509221473476,1.3075617816701883,1.447656880412618,1.4233001447266036,1.20950124332824,1.335067966212108,1.2831643533509587,0.8765468749108106,1.4117996923932383,1.1710854953594119,1.5444633759390796,1.2619315890295917,1.571223940370679,1.4173985005954217,3.7772177297651766,1.0782120993403497,1.3584354414757998,1.1997397325066892,2.54976641451304,1.5102141062751224,1.1974043643359449,1.7740604276890313,1.5717289874743172,1.3244572399719616,1.5864036183030834,1.7378997632358628,1.0291625219661698,1.3760070994022335,0.9540780442321043,1.025872041848379,0.8597883007263971,0.8894798551731771,1.1554032412192692,1.429901738388494,1.1248819090752944,1.2528144456776702,1.0921873058728402,1.2657093377329138,1.4042739414039456,1.221461773874242,1.158334387358898,1.1775378148518385,1.1023390788712586,1.3629941831873718,1.11242137978215,2.1048168920401573,1.1506020749943635,1.0295799192840178,1.2702168403022938,1.1280396402866408,1.3035491839764224,1.481639531056592,1.084922787446739,1.003676426178813,1.2369312004627884,1.7537861956158292,1.2859402898868293,1.2271381865229223,1.337248952347464,1.7230078370249067,1.1757417358783957,1.1070988247006601,1.1950748290157949,1.1940104996474257,0.8912618091935073,1.0533274181448338,1.0812118599019922,4.042371762983446,1.1977455590047852,1.3613142350039271,3.567328144977139,1.8625297264218317,1.8313304469078093,1.5684172650300257,1.2102926073920257,1.0064030453423287,1.924468033013708,1.2970984309944829,1.0027867988159498,1.4402489430122565,1.2000131998326242,2.1407522621075037,1.1033136038174796,1.0366637239248824,1.2086157561062711,1.02241545910061,1.1877278322348577,1.3560555268424859,1.2261586357647982,1.319659369728814,1.107491498170845,1.4277124761841475,1.0493734545973874,2.090017638418365,1.6848939184222387,1.1602412175229375,1.8923627637012799,1.1222370072102705,0.9431786673599176,1.6009677900752324,1.2199937336366096,1.2680498945623446,1.3603537047657799,1.3417978794224081,1.4204374666203126,1.085243194603079,1.372546212429545,1.5782904587371707,1.2005121883834713,0.9528817191197709,1.3151091158357355,1.3703793341772348
CHI:40,1.5766653243911652,1.5919669836774737,1.4039188949577073,1.2080305720851483,1.8501959612335483,2.1231880845715865,1.901986100102388,2.701248360571047,1.9981475478825625,1.7227842926211192,1.7243485269080683,1.541837422023454,1.1428332456858254,1.9192874529420096,1.7858712592198176,1.8390619829325343,1.5056275640115042,1.5203747141903885,1.7975017953049812,1.8226540963026996,2.016937353059484,2.0103576721163647,1.49416782661934,2.072517707431329,1.3874187937012257,1.7401221637404383,1.4027249749209434,2.0522307232368853,1.27233745573512,1.1276996903778187,1.6283736632986061,3.2002903785193952,2.1493794670466486,2.683112775129309,1.3519405476900008,1.3559471663875902,2.7853334008181503,1.2256818533935558,1.1074273014257456,0.0,1.3008548212358615,1.0100804747423184,1.4876546803042334,1.2803718233342862,1.697037322084304,1.0290916221216793,1.5493277384565391,1.796601019657993,1.3808167798495459,1.5390540341221663,2.3220042216715315,1.2148078506157496,1.4653241611371781,2.721174131348344,2.372294211033355,1.4882579799081228,1.6297602079162143,1.544793611315268,1.6669674745279945,1.8802798296939172,1.226910916038411,1.741826007795405,1.5844375550270262,1.4795313003765387,1.3478448143910498,1.482651450468251,1.5122403375361528,1.4633540455444995,1.3237592895928911,1.520621343238957,1.554368166316132,1.4113172496118158,1.6627618683489889,1.3252699307780997,1.4461226630334396,3.1489885910639512,1.9215223965419994,1.9515183826067017,1.3353364907815835,1.8873988095767282,2.0685495719418876,1.7874645144956527,1.9219977627522942,2.215744484949781,1.7053120398127486,1.9905150069131097,2.1646437809391896,0.89997686671024,1.425502877846628,0.9056215058063203,1.5572660624185943,1.2632081661069396,1.0675562063667547,1.678738139581316,1.6650558485248654,1.7436391822534023,1.7724959934516775,1.643294539759627,1.8359905864481632,1.1774321647722386,1.5806694292539754,1.201298081569425,1.6807010176856,1.1340512835058667,1.6448754138637947,1.6198434919166362,1.3539997564524353,1.355117522677511,1.486125810267901,1.1219439750328901,1.617028874687223,1.7915156663210976,1.9471264630639777,1.6208970077344438,1.545114605307926,1.6987421590697518,1.9800855030983666,1.4699021583334098,0.8093027274751973,0.9418052611388525,1.9097841430057276,1.6622791051893628,1.0523820336964183,0.8940024813624655,1.5293736160236586,1.5634535773943903,1.663562023218908,0.9543397912621142,3.2006592139783305,1.6196273583335024,1.339874236081915,2.6872861228454603,2.2056649516239557,1.1656955331888728,1.1914052423081796,1.7197049992140294,1.6973655108596377,1.3358690870544063,1.7698586293357956,1.3590291317114378,2.023268372607917,1.1807861600802114,2.8452680204200473,1.6137575035147396,1.5310337464106627,1.944621687177422,1.5102298091337527,1.3530802391580903,1.9207771291410334,1.733644882712389,1.603059561952045,1.3855128186641994,2.0247996371711188,1.7117403770313644,2.639727181586927,1.3410205154772563,1.7503483988416315,1.171665278353619,1.5321483366099118,1.2920701395050358,1.9738554993995863,1.733357340295644,1.5683814843597812,1.8985559628227138,1.5852428239935603,1.9009276124961636,1.6390402417587475,1.8086806484668354,2.0686364558374515,1.7247694913471399,1.2780527834792577,1.5828392742824309,1.8525055631154972
CHI:41,1.0305570524338272,1.4203337873540616,0.919270405664909,0.9295519236629102,1.370886538352573,1.3370411518991785,1.2504082254942315,1.668088336064264,2.126938867514703,1.851526044164257,1.6750407866505954,1.8968192199845733,1.6290690300769035,1.5186744584098486,1.6000953733631407,1.526838548127317,1.690945718053138,1.5403417125408276,1.5923974725642467,1.6244317687186036,1.5924570948696726,1.5051432514393763,1.3896481507827425,1.4624055977647004,1.32425753053253,1.562161151748382,1.3067961688459038,1.2465612055652833,1.2612536429661065,1.2340098301516738,1.292618452202992,2.34786922281895,1.5223294485802952,2.2962205899688675,1.0623003562946076,1.5767077913804828,2.7136018347507505,0.9654910404616003,0.9198469195637017,1.3008548212358615,0.0,0.9904979748406838,1.3148471658337817,1.3682809939301404,1.7858880462478615,1.5635770319932247,2.105217967734519,1.8568260538404793,1.560804976311082,1.9451223421359423,3.1683522399077475,1.8306258350866162,1.9247916920246197,3.5242468805958014,3.2492809792874793,1.804654160874741,1.785940126814825,1.547877322649707,1.5563953758784759,1.6476770505699891,1.6189262145528696,1.786839682661503,1.5526651086579435,1.8605845810131683,1.6393493350013166,1.6208579795701852,1.7412346158549086,1.6540348993974936,1.4049397932552263,1.8162881731455318,1.5811870122885692,1.8248589171292262,1.780084462717279,1.8635180487994103,1.83586845402007,3.8127722523320156,1.2735421052469298,1.6860052776957613,1.519990004097724,2.7310194975002227,1.848202924616016,1.5696758407203635,1.7747370391723087,1.379996283047378,1.4968552045401384,1.7530607741897715,1.7714961883458913,1.347680088012536,1.5132924236390786,1.3456126456603066,1.2796925872930287,1.1822299792789868,1.214922492909353,1.4280008342388228,1.7480741896690817,1.4311497775319941,1.5915848998234832,1.4911612216205925,1.57179091659342,1.6335284384038746,1.5693068918567492,1.5094156674765082,0.9419487657764984,1.5227949734537576,1.685391914061516,1.4432878958171107,2.253395563091701,1.489906680138544,0.9860469488773036,1.6580417961789402,1.4335349022057553,1.3628550282050138,1.8238534869414196,1.4360962693513033,1.3667596976339094,1.6489562319100861,2.1893538791044445,1.6762081600969287,1.5590903583060296,1.5346668263464047,2.063288035600308,0.9590856374732049,1.3813285272685134,1.525571182840414,1.2865595471883506,0.9443585077614515,1.4875368581912387,1.4393022006839586,4.192591286051111,1.3190390941124013,1.5682868274807755,3.647048407686582,2.0164218195044032,1.9201262846049298,1.7735334300269954,1.5168713009630583,1.1729397580035086,2.172793665025047,1.2857481045485213,1.4519078177044955,1.7799180783170427,1.6236192927870172,2.0838611530513633,1.5485622422743865,1.4838407632801924,1.2509390322068896,1.2327550517300483,1.2637364763428023,1.6976467936806363,1.6200009379650766,1.5945204608846777,1.521236906874382,1.7555824529430792,1.2628968712227888,2.0174785137932965,1.8511036961685765,1.2244462085681043,2.101721000871529,1.4135982708959225,1.22495245791568,1.9135820498342335,1.441836356069675,1.5949832149280725,1.730567752691649,1.5592602500776431,1.7868647127463444,0.9422038474773783,1.6741650413543139,1.8902181004237768,1.5354940572971545,1.2741779108123552,1.717701465444688,1.7364997019061095
CHI:42,1.0833483435506348,1.0509937258339652,1.2116727205246083,0.8167119930574628,1.2013668553265808,1.4821681232469164,1.2719665341309065,2.252288796761379,1.6661993699424125,1.3130612419556682,1.1137099913167074,1.3744188429543263,1.5326637181503922,1.2597953064773797,1.1737026040338003,1.1357564077204123,1.1130434860959415,1.05820760596324,1.2397153399167076,1.3075079854363034,1.3224946562698248,1.30378257944333,0.9323555635527045,1.3585832088443397,0.8224904120542547,1.0073343291505998,0.6215285156880627,1.5692391971056567,0.6125232972733731,0.877465574326939,1.2126512248958055,2.9065809032366663,1.7345219765146478,2.093402978131994,0.9007532809887109,1.1090646515348608,2.2402567843023826,0.6110365787099565,0.7381363333892533,1.0100804747423184,0.9904979748406838,0.0,0.8346500497493937,0.801225573090407,1.1453889530696086,0.7757597014693687,1.6889542237601542,1.2800315857153586,0.8127387977992881,1.7246044250826624,2.8589394347324912,1.128645625932911,1.183943899324343,3.245159526199602,2.8709935133359705,1.2144616509495973,1.701023733130495,1.0726246963845205,1.0895629420002748,1.2164207699910068,1.133129993938139,1.2635342615413707,1.095767411251898,1.2249477441197714,1.183444291671612,1.0544086403860926,0.9977093663629849,0.8969488231345245,0.9279784116669992,1.1910855832776488,0.9669440892220235,1.3374331147706242,1.0816805693649008,1.2334840160082137,1.2279072693021589,3.71814649908227,1.2471276991879536,1.281692240306807,1.058825509996635,2.4398375907361465,1.3425975383263153,1.0167945339669697,1.758133046897189,1.6595822115143377,1.2042845886428528,1.54474434597711,1.7278652154123002,0.7837439452064219,1.0575390181568598,0.7264725055320046,1.0513321563096008,0.8950359533180939,0.7549502886264254,1.0322747302963817,1.0157060727469,1.0410720642184714,1.1579075115963442,0.9775333226909511,1.1275707405298399,1.1428757052343796,1.036201887746133,1.0113564826247943,1.247452578856959,0.8612336012232998,1.0742775010570287,0.9024601253889621,1.978773723327301,0.8830484716468952,1.2089284557088933,1.0346298130646248,1.1912854539542475,1.327761976962399,1.3198567811141781,0.9083753662380558,0.8369505871544191,1.0708915399360974,1.7131356262384672,1.3517141555293044,1.1640921259195505,1.1891368095369463,1.58422786109703,1.300773237517696,0.9512025066568633,1.0646716039420985,1.007836983822646,0.9965459666732142,0.961014767095012,1.1340972638097435,3.9013590420863795,1.0550818992520092,1.1643088576639447,3.385458350810669,1.8868917888470629,1.6476393672249492,1.5137800906315495,1.069999012263534,1.2229386167209622,1.8195480683160883,1.26647833305284,0.788676358226859,1.2929270681647274,1.1571336604165563,2.3761347755413182,1.0353294711001366,0.9840552239764597,1.3943180915010511,0.9058482857329824,1.0446673610039408,1.2269083710937183,1.0401702554377164,1.1010381946681813,0.9524303694353243,1.291767854210842,1.0425663522460946,2.1564629769163988,1.4039882046924144,1.0983638270461207,1.736571402516863,0.9425210507614745,1.026749259515335,1.3682893264711784,1.0670109097289573,1.2543632723588842,1.2192489767836279,1.3079706005985725,1.332306648281374,1.0477092204216594,1.1794893345966528,1.4371428329983404,1.0185278603440517,0.740988760885283,1.1460333132419067,1.2847941959016689
CHI:43,0.6808403968911109,0.6599292838506096,1.3306610748430296,0.8162568995446651,0.9262329524227583,1.1299715617617894,1.0427307823291565,2.14325564878294,1.447909443075477,1.2238145574898676,0.8246981983970784,1.515887696014785,1.913286970651197,0.7101896009572508,0.7263001566827461,0.7157563498082817,0.9454151233533233,0.7720937880808538,0.8514820817475977,0.8386619085896092,0.9005078298407814,0.8403881238092751,0.7380679497630429,1.061799170277809,0.6144329418377197,0.8237447045557396,0.8185951997162663,1.7976181777940772,0.7759799105221324,1.0793652931837183,1.2687070805086786,2.958942606446641,1.8419978391777545,1.936877551163518,1.4333920579689368,1.3417147970398406,2.354179086926248,0.7442753542633779,0.7875645882835294,1.4876546803042334,1.3148471658337817,0.8346500497493937,0.0,0.6175253081664809,1.0348245858447989,0.9483169279145901,2.0071374914384865,1.2156108254953424,0.8862458065431851,2.1396977190987987,3.2769551719575505,1.2801106589347262,1.1391180815944504,3.6185142163778385,3.204391012622468,1.1356501482531574,1.845467447874013,0.8273932980838782,0.9905956188351385,0.7919711505170249,1.2627283082215084,0.8618872607592025,0.8084229925932858,1.1163849993139854,1.1619422991415758,0.711634497129896,0.9413213646266666,1.0685223788129747,0.9868283149276867,1.1352673302395262,0.6189755654314386,1.4342052023830798,0.8718814262298108,1.4704427781948197,1.2722540453971078,4.163583940050342,0.7895839117587565,0.870660090178484,1.155532347392698,2.8384448488929483,0.9005628067809907,0.6168123947695089,2.046459364122551,1.701164377521655,1.2558966676201226,1.5661701905283045,1.583055634271923,0.9948655212842976,1.5392727710264715,0.9547046937441097,0.9444097520429117,1.0516944282298881,0.944721173991762,0.6386745654861699,0.9558397413829939,0.5004991839900313,0.8660985996564373,0.7573879190434044,0.6292308333860976,1.3932082999089257,0.7159221747840909,0.973929946338544,1.4912961455144227,0.9850186434302135,0.8623635693050532,0.6765032164492691,2.3328789263365177,0.753066894597005,1.413448978410801,1.1829192448298305,1.1024284424148683,1.4881951411020287,0.835773693332562,0.5108239962190082,0.5309782373361053,0.8117516142422029,1.7446418565300181,1.435913502268255,1.4789166033810452,1.425364221205843,1.2804223956794076,1.425379718418372,1.1167388685684556,1.3325609300356764,1.0829284737340954,0.8868395632133158,0.6688912213984322,1.3284029626848948,4.266283605756173,0.9895570260517195,1.4909071639938956,3.8141391847288673,1.9098015278891334,2.135791497810898,1.7189971110371702,0.7530534125389671,0.9996261566950659,2.189977844313739,1.3372320049065374,0.801527282154313,0.8525442777071672,1.2803505065827239,2.3243311724548414,0.7966269114424306,0.6672574596870605,1.26393104373614,1.0287671486043912,1.3451428251001902,0.7439408137926193,0.6790181799573317,0.944235201262419,0.7936453553856103,0.7394161674722004,0.7689780907794121,2.222167321431099,1.7175315105700737,1.0558462705278373,2.143305625376578,0.7105619711251835,1.2069709381569902,0.952620505598774,0.7245754899483071,1.1745925250336282,0.7354724258796533,1.4546966960313699,1.179240554748233,1.0804787538125196,0.8167212339884252,0.9872927435220065,0.7038662964200469,0.7624767932079419,1.0730782944390718,0.7652021251278627
CHI:44,0.9947103693496665,0.6925387658019164,1.4819611178083607,0.6876102550713776,0.9103107557772534,1.4080949218827878,1.1581725311411337,2.354567604129284,1.1718322286262959,0.8849094517395978,0.5810823293971886,1.0960043880844785,1.5464991241973955,0.8793259621885486,0.6602803572411315,0.7220345912419804,0.6616195063609631,0.599628206170815,0.8008489262317873,0.8877621796528934,0.9373987346074597,0.9510788546267432,0.6360896673749283,1.1139939477628054,0.47131011819573015,0.6890841442775838,0.6461852322382956,1.725905072097076,0.6166339910901666,0.939366873342398,1.1002889483582252,3.054159275405442,1.9732912017677493,1.8704930641951667,1.443802634516401,1.3608977009286578,2.11402675082493,0.7816357263842458,0.9101462843559719,1.2803718233342862,1.3682809939301404,0.801225573090407,0.6175253081664809,0.0,0.6437136967961139,0.6205560294817236,1.6923875421680603,0.8371373679483104,0.5163761565662154,1.8033418962248344,2.9579512925573064,0.9485458978883142,0.8319497267091821,3.3745445385139132,2.8982074800535464,0.7286389616843026,1.5287988692187697,0.6966136322128406,0.82356729399966,0.7623685286478401,0.9508666779958939,0.7163644841971272,0.745478591955068,0.8305635137734259,0.8367126106552347,0.6271468666032363,0.6623023406899168,0.7671648907247134,0.6274619653934688,0.7642930131054017,0.48213833754298596,1.016022227043952,0.5737584031872515,1.103762557136947,0.8343496326130115,3.7886280837721364,1.1562921644599602,0.7846059751895332,0.7950759163168479,2.5351818745104833,0.8844155123339201,0.6773195426013309,1.8696352629668576,1.843922830221504,1.0715905977931663,1.3328579898404869,1.44025194489791,0.9411000034927968,1.1738020682600048,0.8168540539639968,0.7938520687958165,0.7964130579646657,0.6118039024139197,0.8454094554918129,0.940180729777266,0.772548859249773,0.6432729389741084,0.57325521251025,0.8677498985879495,1.0693759370272267,0.6063790534426002,0.9010431918919414,1.5232677213203136,0.6644707155489723,0.7935890141441917,0.60287389176489,2.080492160145656,0.6952848830617199,1.2838234030098623,0.9628766346725812,0.8663593347298021,1.4058351708938501,0.8888449365297341,0.5392837637039642,0.5988004060530605,0.6228499254747497,1.4280141088659815,1.200547660435805,1.2509765323135669,1.2842602290099485,1.118627115309456,1.4390936562686694,0.9340624777605421,1.1191303526403535,0.8436416933844517,0.9795325712729891,0.591795170893401,1.0227109378435024,3.9379062203842974,0.8323206231361031,1.1790103783725274,3.494812990196192,1.5643868138628196,1.8184971445751577,1.5299308102590277,0.618416395340853,1.0663229663984153,1.8964691968307403,1.194154365393273,0.6263866842744427,0.8477863118456554,1.0357368989877183,2.448841907544282,0.7217365418637953,0.6811258440681798,1.437201969196259,0.8532836810151927,0.9967922645508253,0.7718364736157814,0.5938804854050086,0.6114715191633568,0.6965980405245512,0.9455093544237272,0.7954952928024979,2.201440831143979,1.2851892881308413,0.976605856716128,1.8735739654461336,0.5073262987835871,1.2588678531710673,0.966064296902471,0.6479236167980988,0.7604434064043777,0.8237541830092433,1.2263309623453473,0.9627670601435723,1.1425627991756182,0.7027032112043923,0.9335755610285611,0.6086573831200256,0.6282237797378315,0.8541422019637438,0.8740931993117331
CHI:45,1.4837521132878893,1.0087753912264452,1.887532752060818,1.1747051665957347,1.1715706380156663,1.7435856232428213,1.484662806029725,2.6394816339867266,1.0303499443904867,0.6638778589738936,0.564596093537444,0.924604539900882,1.7584461594479204,1.1489673352192,0.8706387473915246,0.7667416448255779,0.8471692333269023,0.8656593822843963,1.0596551655955664,1.1745221843323361,1.0257032328764817,1.1400305380941163,0.9668567362788758,1.263532247795884,0.8378872694157923,0.7006967392077484,0.8680579544383846,1.866174688174999,0.891361502509087,1.3111515164844216,1.3097699750603584,3.2075574367336315,2.197726647837519,1.694544425922856,1.638627397881816,1.4930915554267554,1.7199224663131063,1.207418100123113,1.314536615585009,1.697037322084304,1.7858880462478615,1.1453889530696086,1.0348245858447989,0.6437136967961139,0.0,0.8671627098788808,1.8005144186316195,0.4490250334505356,0.6312255439006969,1.8315284572038486,3.0484795370763536,1.0185174346240247,0.853876404263577,3.4467045200672244,2.961713558883098,0.736752262476387,1.7290280521641945,0.9667667589159954,0.8815564891071594,0.8587395860140737,1.2231750486328161,0.968983859513089,1.1145247631293518,0.9506253756699993,1.1477301654812924,0.981755320264472,0.7843673232684004,0.7558126120676012,0.7121832083769936,0.712397586428761,0.7587635830021023,1.004775300039615,0.35355304959112593,1.151723538290449,0.6669504194580166,3.8010719773734225,1.501676162333429,0.7991253280416863,0.7623454144520977,2.627488849291624,0.8971791811561621,0.7796673709394951,1.9283728169098249,2.0558877681469068,1.252671077157414,1.306642212247606,1.6335879253471164,1.3576263581389667,1.0708432243059844,1.1850134666530747,1.0257900666903317,1.0364073939143286,0.97018187828273,1.127857946419794,1.0074932152452816,1.0916950756474644,0.7141223888286368,0.5984909328107422,1.1494341577842861,1.3031616206547931,0.8621141496611041,1.255307713337832,1.7694706104838542,0.8635714540320112,0.91445633233708,0.7951990481530767,2.3218499958691874,1.025127788651975,1.5286395791926797,1.1542823331255119,1.0143415631946595,1.5181455607844725,1.022459494247349,0.8263317716871813,0.9160732441065217,0.5922416036523768,1.108605879784356,1.2018210720220808,1.5201120955785463,1.6506794990710314,1.2544236341438937,1.7570623958737015,1.2842855891859692,1.417144968954039,1.0593067909076739,1.335841157996745,0.6923224175389882,1.3362444478266389,4.0401199119021465,1.0173573437075163,1.1237321136493827,3.616479343752543,1.431725682872073,2.0545889012866594,1.8634355729267078,0.8615025121770706,1.3481486045805657,2.007331399854973,1.3410723899760955,0.7494959859599072,0.9075267917908173,1.2073593213556568,2.6098792698545896,0.743282799781604,0.9187144848119512,1.717591274016735,0.9936684706390032,1.1814181650101572,0.9031513247680526,0.6732575458279866,0.8419434411848794,0.8849909868528086,1.0931852000751228,1.052872203073949,2.2489275694863506,1.3835886868770562,1.164086536784516,2.067829452088038,0.8606600526304979,1.4674883509298693,1.0938610017981962,0.9002028782810464,0.8251043536261501,0.8907457484962223,1.2169247466493829,0.7712515963956457,1.4606445903536134,0.8208844139106632,1.0549040180755012,0.7013266584218012,0.9020607971168406,0.7804668579296498,1.0911491875988941
CHI:46,1.3582798576003468,1.0005933084963954,1.5723839680904124,0.9547563941785133,1.345554050830243,1.8145744284827063,1.5489458246885708,2.7258008860542384,1.3349603575822826,1.0078931690201673,0.8926054463590046,0.947296145769816,1.3402420570848097,1.3262793078270576,1.0678279943858573,1.1577533910224032,0.7851592811645284,0.855256632395253,1.1696903188115126,1.2289995452313667,1.3901625354600762,1.4546994959754898,0.8942273208428745,1.5757949517394803,0.754171347360017,1.0502734174203836,0.8562133540751864,2.026367889018536,0.7421484766756091,0.8691725469305734,1.3419579525389833,3.340959873849775,2.1563909379616697,2.1953766707312847,1.394864109656892,1.2306877230357776,2.197872502532333,1.0331314653283417,1.0670000290405184,1.0290916221216793,1.5635770319932247,0.7757597014693687,0.9483169279145901,0.6205560294817236,0.8671627098788808,0.0,1.3915932233806685,1.021964464849985,0.6321294072123269,1.6055604338378542,2.5307828173921187,0.5676377894753778,0.7050462996551531,2.946754805317734,2.4607392262525254,0.716648348425293,1.508231041578056,0.8694633212399179,1.0560082596332523,1.1675679877168728,0.8384445962488687,1.0110045497058748,0.9841404951680657,0.742294808765365,0.8183253814499527,0.7787513381357372,0.7306104287270536,0.8218915186276234,0.8366604153932332,0.7168699567526358,0.8138982890268036,0.9144047773054726,0.804331145317859,0.8251393017999104,0.7606960889672415,3.442077659985138,1.53983484595478,1.2208576975386582,0.8443977926513491,2.1381941775369504,1.2614057697907888,1.0038813278170142,1.895315654084031,2.121428845935232,1.262212963229221,1.5587934055513386,1.7937068486198873,0.686200836907124,1.0878207590413504,0.505151499210098,1.1346843803053186,1.0125441915152962,0.6655028665052306,1.1365137230611506,0.8626400623048066,1.1510898317713412,1.0752794581829341,0.9341469579967923,1.2109440088101118,0.8307617189855,0.8546725769116179,0.8244446463010129,1.7155679572502749,0.43172402601715537,0.864253593315483,0.9330694624360396,1.6892846380848447,0.7032367209701109,1.5301003193515164,0.6666659106480924,1.1740212541323325,1.6436421541636441,1.2023775503371852,0.932683929636303,0.9324323649914784,0.9018142298300558,1.4001813392876916,1.1803394011046158,0.8960044262386747,1.032199338894423,1.2854182485258858,1.705638032879435,0.7789618478810378,0.8254783414680192,1.0933232534674144,1.3616642047853318,0.9605570346791165,0.8968216452156852,3.5303200288415106,1.1287135557466235,1.0779209821640459,3.058647901384648,1.8118963906214491,1.4813862279205139,1.3004647654592658,1.0382658307125676,1.4668506397012044,1.4865357592362687,1.5069478119490198,0.6305858339653416,1.2514228684320492,0.8648796538706145,2.7718153512453303,0.9577580997675251,0.9085517343544659,1.7780845371397198,1.0520890880968414,1.1604004256761087,1.1676542839729958,0.905101439526592,0.9269435995086408,0.7695917617662142,1.2952496402139155,1.2466774401849232,2.4670086233078137,1.05570095044906,1.3517568009786414,1.4290919160695208,0.9073573063871709,1.1946423906661443,1.2259764661254362,1.1030811705503432,1.0485607465408107,1.1583466272011769,1.2568894024227015,1.178810845257096,1.4847772478851322,1.0746753573245038,1.308709292343253,0.9543871056935882,0.782928232166585,0.8783446659378793,1.1932893669400668
CHI:47,2.211644166262157,1.9448753510909382,2.2738335240179075,1.8103569967152597,2.0703176465823336,2.60622514530284,2.3146081393910203,3.230258588188897,1.9274785021350618,1.7086826429375725,1.813592772440526,1.4135847016509473,1.5021567469052655,2.2361737145251483,1.962713976463256,2.0909833697872653,1.6713355871932776,1.6953732974391331,1.9596969608967614,1.9115340317101859,2.2459891089829456,2.325226063963618,1.6440303805930983,2.374233533257755,1.5963162115177634,1.9603707507829433,1.7954582050890582,2.509965242946247,1.4842774015126758,1.4617500962514423,1.763544634242599,3.7555924313114692,2.6162982160600903,3.0245698396560465,1.9485169368369213,2.020381310308803,2.6905102091340583,1.9017347215529332,2.001948616187979,1.5493277384565391,2.105217967734519,1.6889542237601542,2.0071374914384865,1.6923875421680603,1.8005144186316195,1.3915932233806685,0.0,1.855083577107342,1.673638357002349,1.3315216911699088,1.9404104382348595,1.3731137993947362,1.4902218719947642,2.311644611862575,1.8870760128312316,1.5306217407871696,1.301895893685513,1.6426419879246146,1.8067754057605239,2.016733676073241,1.1069887530407714,1.9410086102189126,1.7882983904943175,1.482411476062527,1.3895447510257561,1.7512135528773463,1.6566112657874925,1.744045280298542,1.8423469202223623,1.4700559093113468,1.7976119068924985,1.3967278135771892,1.840926078249839,1.387604690652848,1.455832672053566,2.968205547405405,2.4602486194735698,2.03775003481085,1.5202453444043929,1.7459366050416785,2.1404646673259378,2.0202631467975256,2.156623561054343,2.6885505388420006,1.8757375362554454,2.1363857760583334,2.3055898385042837,1.4816672318047388,1.6007809037032028,1.4576838301764024,1.8163656903482919,1.8576749496773857,1.4631964840596159,1.9686832103052085,1.702647602068792,2.068077335496381,1.9700069597058825,1.8644252568349076,2.1334586591130833,1.226314950474029,1.7156825669781413,1.640924280149917,2.2844496355617294,1.3802967726672222,1.5813159890483255,1.8327200193106084,1.5451383600575181,1.5782190000694618,2.1558590349024356,1.356585447258155,1.8258038497915992,2.306399572412005,2.09374598361945,1.9454331130490323,1.9001156927679155,1.8095589939487826,1.7306898117436118,1.54866222896122,1.3072180839766263,1.4084329994999978,2.0244750432244203,2.276908098589142,1.4027617038761973,1.3356763999132941,1.6259319031909452,2.1338355619538456,1.9019043307449006,1.49380894983482,3.0118956918103272,1.7018091284344523,1.5400371949902656,2.50680233529255,2.327587885027353,1.4196834494410204,1.4773543927483639,1.9776177764102612,2.2061872978376664,1.4196975891647121,2.157685697043977,1.5900257574594137,2.21068820367931,1.3456650369355359,3.3888490874903603,1.866522989113988,1.805214213373517,2.470809030474904,1.8670505734373752,1.755596145440633,2.012503171062532,1.8402925894664939,1.739235147235705,1.6354685287734703,2.182860523275061,2.0819408734110385,2.973012469375846,1.0636927167375643,2.075136289511727,1.3826330315230941,1.84398551708468,1.858505333872143,2.085244288519841,1.9240692792589835,1.7280713593720483,2.09410608675688,1.6344647550923928,1.79160928612231,2.125758175488229,1.9243783577408586,2.1480696827853687,1.8271844049060668,1.6575010142353184,1.5046752712598719,2.0985036304164018
CHI:48,1.6373893868688358,1.1850566594343432,1.9936365956508049,1.2420678338269702,1.2890139256956408,1.7969220294235955,1.5872244436478669,2.6943823631615893,1.1565487585043348,0.764094709295641,0.7404905129067828,0.9549775896779196,1.8407557840003947,1.3199826103761971,1.0200873340759884,0.9675212012082115,1.0723753788141022,1.0990620528973245,1.2639454846210485,1.377926213531557,1.2002182866041269,1.2785245368443632,1.1849617287253074,1.359808011887096,1.029613431766841,0.829071529334842,0.9616648079049839,1.9075241058340906,1.0269832508892651,1.5147521132208683,1.4624078109875942,3.222327152926421,2.279163514010038,1.7213015990349834,1.7280977536316593,1.4880318307470566,1.6819073776864149,1.2962739116026791,1.4600532136046926,1.796601019657993,1.8568260538404793,1.2800315857153586,1.2156108254953424,0.8371373679483104,0.4490250334505356,1.021964464849985,1.855083577107342,0.0,0.7268110135856173,1.9174187316439841,3.133270569957866,1.2478087331984373,1.0003948882582494,3.536645678720714,3.0761354606684876,0.9385226213770608,1.8810177211854053,1.2178174894776432,1.1036532308810516,1.0637525382852073,1.4142899987854582,1.1499782566106376,1.323619915938019,1.1998737387264087,1.3426789644177002,1.1945003916977175,0.8807490107873639,0.816277899797326,0.816786132980989,0.9397776200288446,0.9066534900882635,1.067277494774732,0.5558198836795037,1.3279882985950822,0.8122179245817825,3.8709201308131935,1.624948402591082,0.9783652666674308,0.8714120849297312,2.7361053193104334,1.0321105146551433,0.9209834089205844,1.992301049162697,2.11309096353453,1.3775604180832224,1.4460627995229782,1.7617063683679173,1.4862810848092871,1.1673227237331807,1.3319178418735034,1.2116433115334149,1.078717176187744,1.1404620756475254,1.295438153130306,1.180509396623739,1.228081270872426,0.875791559436025,0.8272408757766656,1.291515701397476,1.424139010341795,1.0552649529346805,1.3669402132891795,1.8270430352639133,1.0687372854303887,1.0959665422562614,0.9603475285643137,2.4220628139225675,1.151556716088094,1.5541338862975396,1.324720438248421,1.167875431152246,1.5487454244350014,1.1463202176010534,0.9565852730773028,1.077102615973062,0.8399812026493925,1.2891772902746326,1.3944081612958783,1.6677860643886688,1.7738802588336524,1.3748538259464103,1.8084514748075193,1.4305161907044899,1.556903334321172,1.1374932253294279,1.4618177268259762,0.899387242994302,1.4805666539861742,4.098820177743875,1.182338505617051,1.167980367292864,3.687972575912912,1.5770119232339501,2.192300985110769,1.980806730888519,0.9665422013964846,1.4486001037623804,2.1166356060568186,1.3699383422973506,0.9518486181883781,1.013469189712532,1.4085207419547934,2.66073009593263,0.9682388243957271,1.150247825890741,1.8289990076240639,1.0609593439565985,1.2060833304482041,1.0789114463751523,0.8368524069361634,0.9005181481096218,1.0775639130162202,1.2356541646273405,1.137537087132073,2.284794098871084,1.4814136886720326,1.2126941126883979,2.1728126235534253,0.976096191590634,1.63557716698792,1.2020645299177612,1.0330611383138788,1.0476283242315163,1.0266922548728807,1.364529550860378,0.986617150008076,1.4934851273408747,0.9578890661200606,1.1812878680846162,0.8870503611183815,1.105538228098085,1.0201868188885437,1.2200706045682184
CHI:49,1.3524001576263858,0.9400293076390075,1.7940744273492009,1.0023040757170143,1.163562389172844,1.706601925137561,1.485223042712833,2.684768959513301,1.1717186607718837,0.8097461572325391,0.7087433439393392,1.0329864281598125,1.6760760175586014,1.1753181718603645,0.8638674053030024,0.9892875708962414,0.7105783531859583,0.8321774719684688,1.0557382750746698,1.1532822091396944,1.258741378682538,1.2546147280722144,0.9040043571621676,1.3943423468988534,0.7492509889345483,0.7697144091623648,0.6455792574298667,1.9402826179122994,0.7049432531814231,1.1588072613471316,1.409999832483301,3.3464518160322205,2.251487078307598,2.0455537527004757,1.515691822514131,1.3493922420537672,2.0223163807642517,0.8807774964189654,1.1669355207288705,1.3808167798495459,1.560804976311082,0.8127387977992881,0.8862458065431851,0.5163761565662154,0.6312255439006969,0.6321294072123269,1.673638357002349,0.7268110135856173,0.0,1.86041519899572,2.9762978141481717,0.964438301885373,0.6645574141345795,3.3615088430826767,2.9042340892977756,0.7961687343923476,1.7569595460190846,1.0026333545118766,1.0957612759805087,1.0178683767641092,1.118368902963429,0.8495493289788746,0.9415985356902332,0.9156538102973383,0.999931971492752,0.8202440132998464,0.47027973746415924,0.43618267695650725,0.8056199670195088,0.7799937547400073,0.545512062925175,0.9741246170156004,0.4824193288172151,0.9660433559538429,0.7789321589828775,3.8456857041543273,1.480938087586515,0.9876995844369353,0.8291498780760851,2.5495534359226806,0.9792560143177167,0.7689398738293071,2.082900932380475,2.10519479338385,1.3130611244456263,1.5946884069424259,1.762518124672142,1.0273401775434228,1.1194770116044537,0.9471981301306907,1.1435603522291193,1.0066376604943819,0.9016098727553604,0.9836525078933103,0.8614731209778986,0.9496664235082573,0.8390924362563942,0.8046308602872899,0.9988774621346556,1.1200072572547966,0.7770073424494789,0.9462290996233079,1.762197315360398,0.7695028402631946,0.8472090654096698,0.745102549931242,2.120814930990168,0.7239939368512084,1.5455749993366692,0.9919638744080252,1.1698145225081495,1.6221696045644851,0.9202153165954523,0.7322483073821628,0.7885236871732558,0.7034327274864214,1.522272274217198,1.409268144741737,1.3682016197700981,1.376045118993349,1.1208743827889354,1.7140622991669292,1.0853635308125391,1.2194867200195834,1.0776538190311826,1.2869120778711025,0.8254700556290625,1.207501863304913,3.8705614701701565,1.1160526244689886,1.1796556987943947,3.4621844725738407,1.780622670154352,1.8474069555471826,1.6275784478283397,0.808093462552075,1.3633912207057612,1.9441079225834383,1.434267168539969,0.72481391249964,0.9165811031680963,1.1769216997006804,2.747025132001099,0.8360767340075925,0.8882621280178417,1.7773772075983816,1.0559548984396427,1.1696177625465283,0.94056203918265,0.710789973849022,0.6538791331790517,0.8118847871201909,1.0454130385709726,1.0260248153347704,2.443959612048951,1.3152635709758156,1.2189229562813937,1.9039403564173185,0.6572539340357255,1.4456472887409209,0.944954829634305,0.8594266380905178,1.088924440514125,0.8812280041046605,1.4581592284632854,1.1620538999433363,1.3415276982276065,0.7710822644740227,1.0482590801456064,0.7984223739754811,0.7582889639141668,0.9543492047422322,0.9572877178585051
CHI:50,2.268217308411572,2.1859234996733004,2.0203245173079627,1.8734297876028716,2.325439221839191,2.6821090314658793,2.3524062661644796,3.039537576777542,2.269442509005414,1.9286574423768164,2.0104771336150873,1.5411956110213312,1.1654156372469455,2.4387732304566745,2.2697049261336715,2.1887920050298884,2.003267392057528,2.0350935270808765,2.2828049176133827,2.285104074161015,2.276369239655824,2.4388909405278474,1.9439768054131286,2.422408489290657,1.876188125641145,2.1401431598629506,1.933189199993363,2.154366098928472,1.7492458213482727,1.6130122973075929,1.6978028292324965,3.22999012342883,2.270335589537667,2.6213144461287596,1.6164424954888164,1.8178282733203954,2.2960837205391464,2.079970509567995,1.8707370335173403,1.5390540341221663,1.9451223421359423,1.7246044250826624,2.1396977190987987,1.8033418962248344,1.8315284572038486,1.6055604338378542,1.3315216911699088,1.9174187316439841,1.86041519899572,0.0,1.6795464654707257,1.509419849878293,1.922981646079469,2.130869536731223,1.7948118962139243,1.7778266488569423,1.1630593427218396,1.8897689307390289,1.8059076037504802,2.238990091125084,1.5224589741045493,2.3155066768746617,2.1432955904376816,1.8386939397794886,1.7747587907708837,2.118741484529985,2.093668545261847,1.9617190347950886,1.6192591220556956,1.6898274963765547,2.1204331898817452,1.719347652638258,1.9911008790641158,1.645611262529631,1.6382982052332844,2.2573106069848987,2.4709907226292604,2.2497245500017615,1.5830851787000402,1.2686762289578775,2.39338480697668,2.2011362813888913,1.520024846672661,2.5515889009492856,1.7990182385004156,1.8713797217412556,2.300939432785924,1.8189486304337934,1.160207540018588,1.6659619107217853,1.7843210662368507,1.8631465966238423,1.4511023098992115,2.255086126128163,2.0034796920190217,2.31945325140005,2.1316297018342993,2.0070640109473055,2.480923964752169,1.3712616846576924,2.0533689184941264,1.8935846030758925,2.0343490472602297,1.657180688832779,1.9534046732900563,2.0940921556847596,1.4232007513121834,1.9326836446701956,1.888174542524931,1.4977219853618515,1.780060145621605,2.189367625735729,2.4420727223473784,2.1522288058145658,2.183525627772577,1.948715850160918,1.480507224201652,1.2944059389270264,1.212811969428392,1.5578117819925317,2.3741682776918203,2.213370873152542,1.553911509698343,1.2782907554720144,1.7127666674256214,2.158132524016105,2.0342265504691768,1.5422571164702965,2.9132582857401865,1.797971234221135,1.2694003710495325,2.2626752446193246,1.9500634634745306,1.190316324241939,1.6203410510793401,2.2023848363797827,2.3046947986505812,1.0419800396528442,2.053610375655045,1.738788046893537,2.436846770254497,1.3513876529441815,3.073290065430007,2.0081275916117516,2.036062532535837,2.349470642291797,1.8027734275075722,1.6287432303129725,2.3109367565393444,2.0617404691807417,2.0379687337118346,1.795661174757861,2.517492494850504,2.279740936252624,2.6343980394395965,1.1193311103780972,2.126901491018541,1.2413533833227903,2.132837862018825,1.635832878154882,2.4876532553782007,2.218576035861903,1.6534446401005969,2.342799583180222,1.292028038913747,1.708795533201371,2.2864417284372887,2.264585044187625,2.445797662413285,2.026517113953866,1.8766919762252063,1.706558743677136,2.425471156588786
CHI:51,3.4334682535705023,3.2853339753334425,3.0491702696689797,2.9900498019300996,3.4885240675763773,3.8512586712891306,3.5003826861165623,4.284109821965361,3.2910391835980755,3.084509842539338,3.15728810218051,2.5414224438220208,2.0083140867922773,3.6024650408243475,3.3927943053253125,3.4342327206393084,2.991403988100176,3.100506893677705,3.382235109658817,3.365062915543479,3.523966918748305,3.674207731424461,3.0607357709317786,3.6751825883229414,3.0153776215375663,3.3744619946252645,3.115607537828644,3.517763795086214,2.930411452816985,2.597861526663493,2.9160881334145325,4.466147958537414,3.4040069795198953,3.9245190405763193,2.787742989933338,2.878649077532231,3.4304075622944876,3.2329353218584393,3.056455697193982,2.3220042216715315,3.1683522399077475,2.8589394347324912,3.2769551719575505,2.9579512925573064,3.0484795370763536,2.5307828173921187,1.9404104382348595,3.133270569957866,2.9762978141481717,1.6795464654707257,0.0,2.3516299078835363,2.865434276062298,1.4905036807764755,0.7991521566183074,2.748574547361098,2.1280435740967882,2.93958734356536,2.998697612608188,3.4180109402359333,2.425948460084862,3.314182523718908,3.157761265784852,2.728291537069261,2.6471182101755653,3.0882060300312317,3.1175167066344893,3.1018029142100394,2.8924927094729282,2.722408240810396,3.2235861245555117,2.614254577556216,3.1557049725067823,2.4901135245383452,2.687147941540274,1.4944528851020995,3.654923704363234,3.469771915819177,2.7041729859191954,0.9945253009746272,3.5581389787052204,3.358527639660282,2.639980821730201,3.759759439489452,2.9766063523130266,3.1128869986836984,3.452934294107086,2.608419162698786,2.4731962859870773,2.507374332824038,3.0696404652401457,3.0323603167030875,2.581578222727965,3.3838695241949024,2.9392531884369553,3.474186005492579,3.3475723211720982,3.2168216854262837,3.582450974478582,2.228951521140488,3.12146175247033,2.8142482581523907,3.237437347856846,2.593496113066347,2.9750472917636794,3.248594175706606,1.4405151693763352,2.9135098293899957,3.1499270555156156,2.3845662501179685,3.0657059788108016,3.387540404978302,3.546595570743576,3.309785519620208,3.3125312327221237,3.1676006545036595,2.679095776702503,2.5270532774561025,1.992605480012915,2.253827255289461,3.368565831319623,3.3646771153162085,2.4589068702493346,2.1684621109213724,2.907752885477238,3.410400364417714,3.2561803590530665,2.4501750573600183,2.2350548341603513,3.010382824084626,2.407383992406673,1.2680181504627255,3.232296622867788,1.7024495099471009,2.248469296525484,3.349403228931723,3.5380174086289546,1.3555761403152649,3.2548245334205332,2.833227369168202,3.6127635785165433,2.390361385804105,4.300643646487937,3.199053255475559,3.173986046776803,3.6046299611252324,2.986287657598391,2.81314186165863,3.470499560612497,3.218644228810797,3.1641986130185646,2.8954467314036805,3.650128199441079,3.5134333775544158,3.8392615030376342,1.9551826277697013,3.3717630244713845,1.3360563709160245,3.2406829978980944,2.7011905699283782,3.535724963611394,3.3864594461413655,2.8932487218362275,3.5103286883374105,2.5262995632074783,3.006450735611713,3.505627831201289,3.400055091060369,3.566059744259737,3.1959317043640167,2.9987663821917563,2.805857316996985,3.5291919408034906
CHI:52,1.6176761685546779,1.1492855711286782,1.8571011393380852,1.2615412567624884,1.5765914114787254,2.139581795592117,1.8531685452706195,3.0289048376523557,1.225482313800753,0.9879259342528229,1.0781067524295356,0.8753820616350836,1.27510766067127,1.5353678771276007,1.2753807609693908,1.3682685003609303,0.8020117278211533,0.9559677604690697,1.292599620905005,1.3317959541216497,1.6006324671891532,1.7142284155035838,1.0561655072891833,1.8478626370497842,0.9995506713837448,1.3653956788038486,1.2286753745755425,2.295967099887455,1.0656390658981876,0.9321208806230512,1.4947831662414761,3.6023870565020464,2.4333501554485917,2.3919623172543503,1.6531987260351853,1.5014736033036291,2.332433602277605,1.4195264353061179,1.389284785906798,1.2148078506157496,1.8306258350866162,1.128645625932911,1.2801106589347262,0.9485458978883142,1.0185174346240247,0.5676377894753778,1.3731137993947362,1.2478087331984373,0.964438301885373,1.509419849878293,2.3516299078835363,0.0,0.7685522845944575,2.764014988608737,2.168010219580162,0.605334097375664,1.3996154636079134,0.9435613885076662,1.257122213883266,1.3498283094776762,0.8072403133995453,1.1506474632802157,1.0944035129886076,0.5905450856233029,0.7665245726545653,0.9200097134770728,1.024839225243634,1.1198423733557312,1.1275829699906013,0.6148423176964208,1.0897239639157865,0.8710378078332313,1.015119041689961,0.5756403661800668,0.7147998511571888,3.2004233565456905,1.8365970898840858,1.4029902695965353,0.9689520731207767,1.8985946424926892,1.4629480131118646,1.2643134485824767,2.031639878195419,2.434175617247251,1.4952053838019361,1.704929506052474,2.0248427441938146,0.9436796152841131,1.1737048214230377,0.7883471578887339,1.3142417962916375,1.3700900465387285,0.9048079532658493,1.3283886622488887,0.9892452924394295,1.4156787990073079,1.2771502752447645,1.1544423375524628,1.4731070934206032,0.8724587291614163,1.0183840976203107,0.9535828518198733,2.0168207631484867,0.5585604558366579,0.9371223710185154,1.2133074729866589,1.5529047301312249,0.9188209988871288,1.849691662024798,0.6565194446060058,1.3133547908032506,1.9563318051910765,1.357023164337177,1.2320018925008034,1.2335018317067257,0.9843006335103243,1.2332827977675784,1.0609619432717416,0.8533326620591766,1.095809446113547,1.238383669690798,2.03465313421347,0.922424057889711,0.7993858305580537,1.375834463998137,1.6300099126282372,1.1975413390991452,1.0015589256664672,3.256573682094276,1.2992077740252015,1.1986720485554179,2.8205718417751204,1.8424831901201775,1.3393729563960632,1.2841265651380622,1.3360206426040473,1.7319709992745136,1.314994473486033,1.8241722284513529,0.8717223592235183,1.4929341180712254,0.7354319435608466,3.0929811185590648,1.0657845358591218,1.0198258278462202,2.076312460838644,1.380355886828788,1.4754671914225854,1.3709763874844263,1.1261825491888244,1.1629862330749643,0.8885727208834809,1.5044393438570902,1.5692618273431282,2.7551842308077656,1.020049085289867,1.6758508865822161,1.3346318904627652,1.214872645847874,1.3030164084181202,1.371678083269801,1.3724982939501755,1.1124776514910617,1.3254106648211745,1.296940948549839,1.220879754097158,1.8295257239698068,1.2553906297877317,1.4645627070813099,1.1753465173110487,0.9696680996842226,0.8448218201062391,1.3470317335520254
CHI:53,1.6073151347583026,1.058661200801113,2.117520888861401,1.3331401383291595,1.4447754992795392,2.0799310387282293,1.872348771421274,3.071792364578373,0.9308148871124418,0.7064476938190419,0.8907649321571848,0.9386904571809902,1.7303575750673401,1.3893908296280275,1.0250475199366726,1.2399039753988266,0.6203587473279126,0.8092561704065216,1.1468860522335254,1.1704680800236513,1.556693883061463,1.5735268902538877,1.0349168622731062,1.7793337874401962,0.9096073791674263,1.117370245342653,1.1104210485666628,2.399756425943368,0.9623562323442172,1.2833749709328959,1.6951353102552675,3.756573184164565,2.619755984146307,2.4299317581435687,1.879534505739441,1.5674034775012622,2.363313427508308,1.248595199040463,1.4575528486035063,1.4653241611371781,1.9247916920246197,1.183943899324343,1.1391180815944504,0.8319497267091821,0.853876404263577,0.7050462996551531,1.4902218719947642,1.0003948882582494,0.6645574141345795,1.922981646079469,2.865434276062298,0.7685522845944575,0.0,3.1695303636867282,2.6655413245959934,0.6535735914174299,1.7539757947422645,1.062582048340317,1.3636818894015075,1.1984960967674017,1.0460746546660409,0.8771897666673346,0.999331383524052,0.6364623898532015,0.9390591520295726,0.7697495183606388,0.5319488922756616,0.7631478990900269,1.165454910605542,0.605325806983399,0.6962083000482215,0.8092391309744498,0.6773301880348579,0.7765308516021818,0.6312758305582146,3.767804127747327,1.8277593546208724,1.1874242483926134,0.9328661879241552,2.4122711095497427,1.2134733266261393,1.0893660132426743,2.4141012603247645,2.513678929199484,1.6782279106021942,1.93274407143194,2.1032849228340043,1.0370623157465304,1.4552675386890488,1.0192723551987628,1.4073722350351248,1.3454403281557534,1.147328990386675,1.0718676913571956,0.9521252791933484,1.1538046216561806,1.1077288694850627,1.0556679917476337,1.1665975099918977,1.1147337133454915,0.7923271715664794,0.8804646921554233,2.1771765513961214,0.7432194036478035,0.8606317976147554,0.9857010062209953,1.983557136530153,0.7465198175343608,1.9521095557814931,0.8665233813823194,1.4104958705646131,2.0060033852218218,0.9804942047923536,1.0483918168048738,1.0239533649393606,0.8394751287597744,1.497651585155833,1.4034319270737003,1.307276764412027,1.3044101313025491,0.9480245560112114,2.0946368512469222,1.1020289889373782,1.2395647384060893,1.4274340224944355,1.6008455560696861,1.0865361475309399,1.1897909576110672,3.576322136449585,1.381776347981999,1.3806819343881376,3.2576726552355195,2.051007633157985,1.8272343196875782,1.4889392654505773,1.146256596451381,1.5936052494462039,1.8415934657475888,1.8660600940064427,0.8716346698514474,1.2072214911539894,1.0608125424991122,3.1856798844502974,0.8849413642896614,0.9077537268520464,2.1468514281145468,1.4838807856008258,1.575692461144971,1.1161677136931114,0.9542196580041223,0.9123338591129231,0.7938768926146706,1.1742384892997766,1.352446253925321,2.889299160258377,1.3322285936832041,1.6401916316086547,1.809448823351244,0.9419240060539807,1.5973990605652706,0.9825459968565503,1.1250017139066955,1.2546657734755393,1.0085578203384125,1.6622765437637266,1.338384172913802,1.6931321268772825,0.9045615613453493,1.215767680850522,1.0633577476330254,0.865251424982882,0.8695640519606098,0.969332683969869
CHI:54,3.7844080075421878,3.630915753749409,3.4857784132416394,3.447613777302704,3.9776007288455975,4.341439264023852,4.036804316362518,4.743104874850809,3.5677009667507305,3.3316733732800388,3.5392307869189112,2.8413919590353895,2.4010788647762884,4.013344096643724,3.7780236957831757,3.8341694632943057,3.3628281475527153,3.4527707977482067,3.7893119517512175,3.763306447475595,4.005935463609989,4.147060038268789,3.4909991859143394,4.202709524504139,3.417765574012469,3.803373852725813,3.593521149044951,4.061544663498538,3.36176917146755,3.0651499205466735,3.5090510342732197,4.8425628068526025,3.9155325349175776,4.416172381798623,3.1635818166547534,3.1017106427667676,3.944123459918567,3.6293480686349096,3.3485120030312836,2.721174131348344,3.5242468805958014,3.245159526199602,3.6185142163778385,3.3745445385139132,3.4467045200672244,2.946754805317734,2.311644611862575,3.536645678720714,3.3615088430826767,2.130869536731223,1.4905036807764755,2.764014988608737,3.1695303636867282,0.0,1.3313372874237381,3.152852366064255,2.638519981343485,3.384575534616503,3.5400007073706696,3.87071216270691,2.9754387228003822,3.697920648044418,3.5805049869277252,3.118469127526831,3.0819830124170564,3.4558438621727614,3.4950369083585784,3.468516899496655,3.3086557964787815,3.0363575202366024,3.5972719447950867,2.998126512140844,3.5117786692029864,2.7857913341040796,3.0410269847272624,1.8301404910455221,4.080276675834971,3.8904269757625385,3.1361499674956494,1.278177058313375,3.958384054534179,3.724151468084359,3.205180522158421,4.284334789854073,3.5277887687086147,3.68068604656837,4.023667358247557,3.0276290864662814,2.943879987529485,2.9460508447936262,3.5599027449674923,3.5311251962105485,3.081316820165282,3.7034896876216115,3.322034630899251,3.8204272794033907,3.7615826841252042,3.6571498609375723,3.9555698837846784,2.6110899235100837,3.4845070156478024,3.057222560290453,3.762927022109163,3.046954208701978,3.3523486820068182,3.6614375525925085,1.6614920745878967,3.241810955332108,3.666835094324159,2.6833645832566306,3.5322600281842647,3.9635046314528584,3.8315041770052387,3.7025341447965148,3.7200732120314512,3.4880605352962504,3.0541475278085617,2.92125848982921,2.349328872587584,2.5756875428003596,3.567324201395277,3.9236604897781246,2.832489134577526,2.5011720515882803,3.479429769969834,3.863063664696603,3.680276925405397,2.8454666500178525,1.6443186906981464,3.5602899277798845,2.8706319026500187,1.256147760170546,3.741832692578938,2.120356457612099,2.4696617534538987,3.7970149114351543,3.9792641490148477,1.7264880962685119,3.8769422980745283,3.2119979233085805,3.9923612323831494,2.6815064832237554,4.81320913876534,3.5081659898662587,3.4849686196726797,4.09696648472306,3.539427588874796,3.3994453002903318,3.865743381291975,3.605066732771107,3.542096396008024,3.164641279610528,3.9884123652463437,3.9482783272392963,4.428697456443381,2.5142396822732223,3.9100332285550983,1.8447765102494893,3.6766454435423053,2.9948132529951716,3.836352711075822,3.8301737501782993,3.3839239689094853,3.798094994596382,3.068817464127856,3.414690128685399,3.9726609181934363,3.770264745850038,3.9595754365772424,3.645418295928048,3.3654448680008273,3.190249732311098,3.798951800466304
CHI:55,3.395964989711625,3.131995210296294,3.1823306149123636,2.990917965457455,3.4456728191308508,3.8806376604584916,3.537246091190968,4.454619418487999,3.0154615861515945,2.873871400610241,3.048392279666702,2.3643452282203445,2.0010236814101954,3.5108359498232105,3.2693214571358946,3.3656660266102,2.8030916928958836,2.9444995407201127,3.251778364101019,3.2202837801339514,3.4981893830800788,3.6454871884954145,2.9766982082400375,3.699213257886415,2.9444649009796446,3.3490586278115972,3.1297475527649903,3.729424006929712,2.9150756377674387,2.551006923913234,3.0115976618382723,4.755048356915365,3.606631857459593,3.9797417820633756,2.9015200784719295,2.845898842596127,3.535372889373638,3.2316717632468768,3.064827977467219,2.372294211033355,3.2492809792874793,2.8709935133359705,3.204391012622468,2.8982074800535464,2.961713558883098,2.4607392262525254,1.8870760128312316,3.0761354606684876,2.9042340892977756,1.7948118962139243,0.7991521566183074,2.168010219580162,2.6655413245959934,1.3313372874237381,0.0,2.5694023500016527,2.1005022429980276,2.8309538693104295,3.0385306479679737,3.325419864322316,2.367513813284055,3.15447093789073,3.027963147399437,2.5361479695925064,2.4956644600377293,2.9229170488126828,3.003937875331085,3.03215261292061,2.914675711732598,2.5244453150913864,3.1056625772421635,2.450008570701768,3.0415408819250973,2.2560256522788023,2.5193864743907057,1.6577843091596438,3.6476057840461826,3.382729494514591,2.6471789381202426,0.8854766703130682,3.4646239890097217,3.2678033519761818,2.9232205556497677,3.9154703261330086,3.08393911687632,3.2235573925189107,3.5810642876043337,2.5237923589371363,2.544318929465533,2.4450724105631787,3.079365364002061,3.1154164510004345,2.5980769550607508,3.225310029432317,2.7914802967841723,3.3518809507861653,3.286786126013287,3.1585599676005547,3.463630371403457,2.1119326219593937,2.95624876142786,2.6213404710130153,3.4155824114578337,2.4907007154208256,2.81617285933001,3.165494815146268,1.2916532891406285,2.7543361525623964,3.3274762229789836,2.2017113578293377,3.0704536039656065,3.545796707517897,3.3537039004420115,3.238793332078048,3.237481753880639,3.0135575904840106,2.562200569958106,2.445080964689033,1.897130023964131,2.116470186807551,3.0913670717928095,3.527016932877757,2.3384480829791467,2.1005979654498046,3.0030700034189124,3.4051035528611195,3.1998196396768193,2.3743547182113525,1.8655954408966078,3.018942709226353,2.4512257566134625,1.1398459988653895,3.2863660858839414,1.6669319900923214,2.05656902380062,3.3115209783664703,3.5193412607635137,1.2603813191940763,3.412774535276959,2.7346470603137574,3.523892767677068,2.203347154479362,4.538737233427534,3.0291049572863176,3.008153497704891,3.7161228845161838,3.072244746316181,2.988133269138901,3.366838969503686,3.1232231637574324,3.085526961811058,2.7175480649226773,3.494594829395883,3.498387463632976,4.101283586784438,1.9872456627613402,3.4456290924325144,1.3265106440519747,3.1731385172743374,2.6466479996224144,3.3491894087832366,3.320146433545731,2.8672049711911987,3.3470811051267995,2.608873808073406,2.9431453285325393,3.5543720255301925,3.2673267720380657,3.4371009816620104,3.1303222922387564,2.878894651432749,2.6290203617514014,3.3230562811501305
CHI:56,1.4565470561071572,0.8544576883898486,1.9186866790723547,1.0854542973737928,1.2046618086273724,1.8888785799645504,1.6253279941470324,2.8713444537711124,0.7529566593009934,0.5948476681479437,0.6666507092712101,0.7236971045745749,1.4619439625787014,1.1962096905218362,0.8477364706953814,1.0354640664873507,0.42381542379201087,0.5965132969470073,0.9268449907530982,1.0049273284617792,1.2997328807000361,1.3770975599023365,0.856127451941311,1.5417234290306627,0.7791497655081253,1.1240757884049788,1.1248494213766602,2.192081455296309,1.008895969818658,1.0553973885386654,1.3824377551932443,3.5091738939705337,2.441311286155388,2.235384763056034,1.8221418855747398,1.6543481152176265,2.277336240567676,1.3236971059033085,1.4098098415362732,1.4882579799081228,1.804654160874741,1.2144616509495973,1.1356501482531574,0.7286389616843026,0.736752262476387,0.716648348425293,1.5306217407871696,0.9385226213770608,0.7961687343923476,1.7778266488569423,2.748574547361098,0.605334097375664,0.6535735914174299,3.152852366064255,2.5694023500016527,0.0,1.4412492715189429,0.7694581243713412,1.139525224105507,1.0238368933970676,0.8843242993906053,0.7511343627533078,0.847891989021832,0.4113674251406414,0.6023988391988478,0.6810489859917231,0.8155565894312041,1.0392044102227287,1.0411655525997097,0.36917848465086844,0.7816548788540105,0.6441355443368841,0.7290872940671009,0.706426983049665,0.548750585860829,3.5139477173704408,1.6427060107599314,1.0038815785692732,0.788663854389224,2.3273745231380114,1.0758061401830532,0.9517254816627065,2.103365085066312,2.329535342456379,1.4035432925026756,1.602251948136986,1.8127284421055438,1.096101668132755,1.2707878933703822,0.9525486368193915,1.1611748088312994,1.2192967535477948,0.9138765218759769,1.1071793184605405,0.9240332179695135,1.1536826366590032,0.8776353060118661,0.8677783651217856,1.1882130941864344,1.009125901780327,0.7280325543530206,0.9511612683523384,1.9770683443287327,0.5935650557965682,0.7273959158055482,0.9477901536871999,1.924271002184178,0.7955358710549376,1.7597157651896058,0.8961171230598785,1.1272514294233682,1.8367677602354384,0.9849062599934278,0.9366607117610786,0.9886784566210552,0.691948966232372,1.2746234147906723,1.188480915642192,1.2192665813849637,1.327447061492335,0.9000424230108517,1.9111231590746158,1.0383720168155655,1.1081382747500421,1.1848552264748078,1.4641742956740142,0.9486772985475468,1.0990253571283972,3.5854917806873456,1.0971528203215948,1.2499607750331816,3.20153427359262,1.7051394156284525,1.7304153318026316,1.4980886449573412,0.9698338637568559,1.4951628150681477,1.7303242496663083,1.6200737667790273,0.8215479986068009,1.100430725456836,0.9791837833315639,2.983973141579069,0.8600641610629197,0.8487615404458315,1.9613714064407883,1.2379778835216577,1.3666804018432226,1.0047400612979103,0.8051729959333493,0.7853491098718535,0.80995380240666,1.172326112385205,1.2534100910786339,2.6513113564852633,1.122379335759257,1.4278043638890092,1.7391239343674783,0.8630781756072056,1.4599813127896493,0.9946213635378475,0.9971825344371312,0.9089907127458674,0.9788033314463258,1.321152714345349,1.0446471370281276,1.6184617143247144,0.8114482252709412,1.0569588810488755,0.8508100447263608,0.8580137474292242,0.7530147572481977,1.0107853781302343
CHI:57,1.784185172573223,1.7363423261069821,1.884040976132863,1.475444709106011,1.7916507766076557,2.243623948827187,1.9024135171744896,2.7372201605759767,1.9295427315415659,1.747962672142579,1.624945539528127,1.5024723979269223,1.0958530108133266,1.899234322446527,1.7786037558943772,1.8151185552775524,1.5916120124708937,1.5587424060070691,1.6966727312542478,1.6749998302468267,1.8413901766252174,1.9850411003632884,1.453012244225856,2.0090899162532154,1.4608266182358758,1.9036879764166388,1.7807695090200784,2.0991637190393577,1.5613820035988437,1.2316165420924763,1.3004503796462985,3.243960042136448,2.2675477279008955,2.6165002619732096,1.8824061438933404,2.1680631636534855,2.6409180144725024,1.910513499893375,1.778850271761874,1.6297602079162143,1.785940126814825,1.701023733130495,1.845467447874013,1.5287988692187697,1.7290280521641945,1.508231041578056,1.301895893685513,1.8810177211854053,1.7569595460190846,1.1630593427218396,2.1280435740967882,1.3996154636079134,1.7539757947422645,2.638519981343485,2.1005022429980276,1.4412492715189429,0.0,1.349613880792313,1.5227523180857705,1.7883088234287434,1.0930946944312137,1.7923483941306935,1.572235226905605,1.416432716538792,1.2422859234700048,1.6427346815962387,1.8445334025697777,1.951548787512621,1.5780593692350933,1.3886600478770268,1.7747534156058793,1.579647104783892,1.827619897667854,1.5513321460370995,1.5952376604351186,2.780408063899102,2.062771726690293,1.8100142630916647,1.571431859172257,1.8147512539183186,1.9618163270927482,1.8776381016076558,1.8183404910694354,2.412699345732679,1.4877016334481221,1.7348765863617062,1.8172660090389017,1.5991882907028263,1.4912503534752264,1.47089259652735,1.4157086619375256,1.701174160349578,1.155338014333832,1.8523356536372444,1.7821575035830448,1.8930577262479196,1.728104961852704,1.7059711831758917,2.0241228385702272,1.0748097950640152,1.5907572813388482,1.6228921289889997,2.0098366447127534,1.4171605972872787,1.6063226342247539,1.7183992535105777,1.604955614464586,1.5924491843961894,1.8552479477917403,1.4251304774989757,1.4226206454357129,2.148552734366999,2.0193134451735086,1.8026190355545806,1.809123905307205,1.642242110549434,1.5986013109969495,1.331129691801618,1.2245010725027101,1.3907911485493543,1.9200282075576525,2.0233223419517516,1.2439081178736884,1.2535762983009586,1.374229849055321,1.8423739323425914,1.7055455525085355,1.2396688641820492,3.3186198336734924,1.4215072335581642,1.6231270361152408,2.7696688584050997,1.8073004460979518,1.2934433293143266,1.3015786512840832,1.7699561217467958,1.9671200882672537,1.493485391524947,1.8776112015574429,1.5350625949181957,2.023900403082695,1.2124998881341589,2.9595671183300563,1.7666048525405134,1.6514412080231222,2.101962176450606,1.6554210438405836,1.522197659489896,1.8341576667558637,1.7063392373787103,1.6145210337450324,1.5936915655806652,2.068592533501314,1.9172787076672113,2.6245822759016515,0.9222725223156353,1.8461068247213255,1.534153629117993,1.6968180150175325,1.6740748192665798,2.062238544622249,1.7615566029512115,1.304893604350128,2.0089745577514826,1.3571110362670191,1.4697561618039046,2.0115923442507255,1.8323542339425842,1.9141018416273594,1.6565610121947039,1.6086058315155356,1.5023398692933922,1.9972198143248645
CHI:58,0.985101302314405,0.6315663013744387,1.5441152668170335,0.8542994487520098,0.8568950697484454,1.415495489281153,1.162938755504922,2.371452976156922,1.242156846844683,1.082080945411635,0.695680654462554,1.289331184760516,1.60986171127438,0.7701060287852637,0.6739806872113075,0.7525889644961581,0.7179418549988178,0.5256189552977393,0.5812550456330934,0.5827821387985266,0.8531840101260839,0.9715686715355527,0.31128713658015744,1.118021454609782,0.42409964343373857,0.9200830832692305,0.9383951233519074,1.8669077425760447,0.7560442579975166,0.6781054367034238,0.9398861135011324,3.1588290856037577,2.0408580055506986,2.054246059929094,1.6324744755892149,1.719091651985191,2.3525059095887486,1.1439560817714634,1.1982043208422972,1.544793611315268,1.547877322649707,1.0726246963845205,0.8273932980838782,0.6966136322128406,0.9667667589159954,0.8694633212399179,1.6426419879246146,1.2178174894776432,1.0026333545118766,1.8897689307390289,2.93958734356536,0.9435613885076662,1.062582048340317,3.384575534616503,2.8309538693104295,0.7694581243713412,1.349613880792313,0.0,0.7388929514777618,0.6268172927999245,0.7339279064438737,0.7241701599023893,0.5045965934538063,0.7053146733527822,0.6677733165194234,0.54737100189684,0.9422934289974763,1.1909760240986529,1.0719167203639997,0.8160684890537725,0.7599816357728972,1.2440436041651168,0.9326807820286153,1.1972347937730983,1.0909318297154773,3.824049232639293,1.1308880642495356,0.7469448030796185,1.1427371489912574,2.561117814981347,0.8482172747988439,0.7801728630218362,1.9365601202158285,1.8876457232837023,0.9776423753921231,1.292697861785084,1.342973278347023,1.0550086762676838,1.3901795635716678,0.9328343787042646,0.6996811320286556,1.1531180280307674,0.7096122830208793,0.8918254354857025,0.9246024597505038,0.8545464045299175,0.7300335307649272,0.6553846015151605,0.8880474642212801,1.1572429087319627,0.604615598162249,1.0931611681646136,1.6582515034323384,0.7224282784502396,0.6256678153443934,0.7327657462401077,2.1675388075136435,0.8082363544595111,1.5545061333646488,1.1170769916768966,0.7898457495162201,1.6142010882182731,0.9383743752179572,0.7098287003347975,0.704663245038027,0.6398818548964021,1.3619806435080637,1.1384135542172977,1.3345926144013203,1.4199524277024271,1.1405159009215204,1.5947294417545244,1.036566061009688,1.176335773383349,0.8877125896638667,1.082556344986438,0.6273144326742585,1.1882049123480722,4.048789789587948,0.6858390314409982,1.5060565170519422,3.5874450778865348,1.5707661414681984,1.8292146300034031,1.589167241134831,0.7487835236483652,1.2199031403314933,1.9740553136358612,1.40220861594466,0.779192098129998,0.932806081833388,1.0285270377867677,2.5215256629623455,0.8602063617725745,0.5961480314149876,1.4440999330666022,1.0262624774056124,1.2854695889882701,0.6785445809662706,0.6075309049858872,0.8024399793327055,0.8906094136767161,0.9138581976489885,0.9768825566728934,2.286720849328704,1.3426342226909727,1.1004221296882875,1.973495134456398,0.7730444885090311,1.3348971934697123,1.0137892000110487,0.739497330380114,0.7691098759082663,0.9251758981116123,1.18159485786725,0.8140570556858747,1.333728348018091,0.7917791097221798,0.8340931087991121,0.5756940261847526,0.8019598667730952,0.8124084057644764,0.9582820409656464
CHI:59,1.2017153028891137,1.1090105764436846,1.4637235745777115,1.0277781887415078,0.9980816585316594,1.3932858525397893,1.0899756694403089,2.1080739536221533,1.6016648678353351,1.331318873109522,0.8542501695622934,1.4477731296001013,1.7864442681245634,1.0240738324134866,1.0228641452157632,0.7186850847593239,1.2012435773423427,1.022052292069889,1.0392508050015439,1.0882462797663108,0.6851867870806122,0.8972345967872382,0.7547405630700396,0.8984757434413183,0.7375458366133751,0.7205891602229108,0.788363600217105,1.4179675898281288,0.75488158745913,1.029220863285437,0.6471828172320018,2.729192013967819,1.6779031577606172,1.5725974515502015,1.432117617623174,1.6672204579128516,1.8564970648091337,1.1743165970408542,1.180094895331792,1.6669674745279945,1.5563953758784759,1.0895629420002748,0.9905956188351385,0.82356729399966,0.8815564891071594,1.0560082596332523,1.8067754057605239,1.1036532308810516,1.0957612759805087,1.8059076037504802,2.998697612608188,1.257122213883266,1.3636818894015075,3.5400007073706696,3.0385306479679737,1.139525224105507,1.5227523180857705,0.7388929514777618,0.0,0.7459422450307361,1.0267441902335825,1.1710132094714216,1.066567625530017,1.165605425930722,1.220780406717921,1.1082641010281793,1.147131444695516,1.1925289841413105,0.841110439451363,1.1436246776484413,1.035268418946947,1.4823058426633497,0.9794136995046399,1.5778223904629787,1.2565960907829663,3.8650597055819773,1.1580099812249491,0.8499532202120355,1.1580454103650788,2.688243836155841,0.9790461846105141,0.9260845195733338,1.5226037245923425,1.573237166240732,0.707827673837419,0.8732539899225076,1.0756621647208813,1.3564622456580069,1.1938494721036235,1.1749571474520937,0.5741330875483472,0.9142326322808352,0.7126035466706984,1.2276229342628056,1.1918927741188095,1.1325519179067156,0.8068255803925797,0.6045100050539908,1.1666278615136108,1.4053424196554638,1.039465792583751,1.489473203498623,1.3628603273773172,0.9806548153270617,1.0264222258616271,0.8420222176697999,2.414370152315493,1.2184953029699637,1.2280764981728853,1.386090679352916,0.6762262263828679,1.158629402977047,1.332461587130237,0.8688912317230829,0.8765341072978616,0.9211131510987224,1.2324758660164084,1.1044211100162826,1.5477565121088195,1.7184043278600714,1.6580036213751197,1.3645369495653952,1.3228037945347688,1.3911795031403666,0.6204088352061156,1.0976339303521485,0.5582528385709029,1.3919630741458666,4.342574665205633,0.6285593975146072,1.349359224760777,3.7911884653497254,1.3087446976708876,2.035878436970717,1.9238771067060068,0.8610558816706314,1.2125339547943712,2.102662085437789,0.9930925463072994,0.8862666612643523,1.0648674477104965,1.2802907755313322,2.042524981252441,1.0634352085641845,0.9846010691297764,1.1472907187009191,0.7456739453705123,0.9183115648252189,0.9068574710626016,0.792600510894199,1.0384928904729356,1.1700948709628114,1.2201519427120988,0.9624482857253215,1.7332240979728069,1.398627670338439,0.833228117728069,2.130148427416847,0.9925714921646075,1.3779364202529858,1.4007726055922731,0.9120556272594269,0.7159790825996984,1.1902580979225608,0.8984079750869354,0.6275154535400727,1.2480612757632208,1.0927199351022348,1.1523714421769184,0.6873474603628666,1.0395089012202312,1.0013018364943205,1.3844778308958343
CHI:60,1.0256310692498583,0.6699126005118097,1.695765094871076,0.9931055294205184,0.6071314188019432,1.1754357421673827,1.0064501474083767,2.2037588821596206,1.2074991287268482,1.0857346160520558,0.6360837063413118,1.4688036088496057,2.014922995065997,0.5301734011493109,0.4979366657344341,0.40158061059162914,0.901657042774533,0.6873478195140124,0.5734239582153791,0.6020885678014644,0.5060128330468517,0.5513368739221997,0.571415576568081,0.7354703952184358,0.6013931212521818,0.6131223710102247,0.8571317378549623,1.7483238250612183,0.8347242029332699,1.1479979598612269,1.0528825277518432,3.0635587684549597,2.034250806372001,1.760475813619502,1.7604041639991792,1.7722108826405454,2.205629248984793,1.0832211638974258,1.2722421554347043,1.8802798296939172,1.6476770505699891,1.2164207699910068,0.7919711505170249,0.7623685286478401,0.8587395860140737,1.1675679877168728,2.016733676073241,1.0637525382852073,1.0178683767641092,2.238990091125084,3.4180109402359333,1.3498283094776762,1.1984960967674017,3.87071216270691,3.325419864322316,1.0238368933970676,1.7883088234287434,0.6268172927999245,0.7459422450307361,0.0,1.1953344582796217,0.7577645370664632,0.7603427746993867,1.0749779817110405,1.1335161539930527,0.7816442277705237,0.9314150439271907,1.1292467840820306,1.0891047721391576,1.0842046582327256,0.6947297877133891,1.4201360344079141,0.8186287610195683,1.5260343585227596,1.2145072413876254,4.279460953712742,0.9675319755875725,0.34564361258194826,1.2051587644107369,3.031596655822778,0.5784130830517571,0.6305357900773741,2.1060760530643763,1.7177820498303973,1.1062414816829065,1.292237927469752,1.3243616579331854,1.35885023263219,1.5511309580398536,1.2696182665302393,0.7204333485103178,1.105811440271063,1.0238578960315061,0.8129644703249019,1.091351107405263,0.6884092697679723,0.5365822226988859,0.4121319370858245,0.6709038429245507,1.5549341258527858,0.6817489130223504,1.3614468653223013,1.6288556163736458,1.0219694538754311,0.8275280965593697,0.5618125477980279,2.656704270473771,1.0249418175850118,1.5103078869870243,1.4648219722451954,0.8192187193471347,1.4365202691709325,0.814621492816859,0.6031329183222961,0.5521961836730971,0.6339769847849529,1.470600607811653,1.3617068421676655,1.7631062181214268,1.80652655306486,1.271905953347229,1.510379304808963,1.379472411323424,1.6371153875547941,0.95190429588586,0.9242866416305577,0.3947630456373947,1.4806387059537485,4.545147410581762,0.7090182641543976,1.6392092889356396,4.104762374931416,1.550144797020922,2.2972646399414374,1.9974020745120142,0.5865515967891483,0.9532640982260866,2.4128444150039825,1.256477956833529,0.8982917710008873,0.6542367329244583,1.3878901016907197,2.3211636797582793,0.7601283961711238,0.6613441845777589,1.3031803792014631,0.9830368864694108,1.35032177062969,0.4069289288446077,0.5330145248399721,0.8549796075175473,1.0545792131321525,0.6367069058078596,0.644550865655483,2.1263515457856417,1.74272908560854,0.8696970867768989,2.42305273387859,0.6807526629641903,1.542545081480604,0.9504430941628376,0.47272580602475905,0.8864943865683474,0.7592366874618324,1.3720324788088065,0.8425332537623484,1.1344076101130152,0.6246773667944626,0.6704213782090829,0.4288148598729992,0.872005251637085,0.9210336709426955,0.8518055007662574
CHI:61,1.4132322704738471,1.146552450150239,1.7184758564837659,1.0990356763812221,1.2994199270623794,1.8834920647107145,1.595137536620465,2.6715362166840664,1.44010558300804,1.2636826117865845,1.1366486390630028,1.2527006730453116,1.3700760936486938,1.3809022678062757,1.2029546939897557,1.312350751864198,0.949870994229411,0.9192994855236705,1.1055757032992388,1.0690357943704527,1.426793796379584,1.5100776351969474,0.7554846353545417,1.6001885278030783,0.7888356390931714,1.2613978522641836,1.1141023373156835,2.004699061776425,0.822446415605132,0.6584791478644191,1.0421652389655267,3.35426865178655,2.2036837134644442,2.4244848528924976,1.6519560411973848,1.7852674987593857,2.4568766660730077,1.2772863399981293,1.4029502556719393,1.226910916038411,1.6189262145528696,1.133129993938139,1.2627283082215084,0.9508666779958939,1.2231750486328161,0.8384445962488687,1.1069887530407714,1.4142899987854582,1.118368902963429,1.5224589741045493,2.425948460084862,0.8072403133995453,1.0460746546660409,2.9754387228003822,2.367513813284055,0.8843242993906053,1.0930946944312137,0.7339279064438737,1.0267441902335825,1.1953344582796217,0.0,1.127799382570138,0.8842573488280753,0.7632184455197966,0.6311134623280577,0.9339158136891504,1.0709699171094829,1.2456428448955543,1.2405355750436557,0.9339088219801686,1.0848833660877097,1.1136937448004363,1.2210777431627067,1.0475873696207656,1.0611105050087195,3.4088278020737315,1.6741398700532304,1.2772789224729433,1.1240559850583152,2.1097722835177493,1.3835429888845276,1.3070809423690988,1.8935584558342318,2.1584272369955073,1.193938359333067,1.5127331497272674,1.599319072717548,0.9763260278168514,1.3206993122460722,0.9181059083513614,1.0120520278103626,1.2549927771892728,0.7335061533038804,1.2873417086677235,1.1671768068677748,1.3398445855345171,1.1848237759845295,1.0988041016242687,1.3689028163011476,0.9887569697407762,1.005737820321352,1.1535792498885662,1.80360119854106,0.7137074071516516,0.9151397291725284,1.132555690392494,1.769447221995976,0.9970288206840396,1.6473831101288583,1.012905221958662,1.053547256888884,1.760226389527363,1.4013810799139488,1.1762565743070568,1.1231038970947478,1.090343129211679,1.3937327424496841,1.0664068889490212,1.0814535045941427,1.2069822868022582,1.388007473670764,1.7312884301652791,1.0011027205320666,0.9234456362255861,0.9985109306236198,1.4084755810476244,1.1058236580608791,1.081025161980763,3.55208099176917,0.9525843267216213,1.3796339526354955,3.0483796324541625,1.7506983511884888,1.4125193374146192,1.369566755860017,1.2012531596500295,1.5289118477440073,1.614824566182921,1.5803699298578577,1.0158800792852867,1.4590750453521826,0.9098556797284671,2.8159482761750376,1.2211666144272266,1.0275986879993249,1.7727324579539259,1.2752005325680131,1.2498654847917623,1.2266735726672238,1.1041329688490886,1.0460499065926312,1.091611293446662,1.4618421142993276,1.3677311100336909,2.499181265850825,0.9634410026960851,1.4111553280119042,1.5728826569472136,1.1090521631129646,1.4495823440773148,1.4075921683276154,1.1748888848446788,0.9623057136499537,1.3970508780294228,1.1841281440978082,1.1674746703285623,1.5445778171961702,1.2067963379496658,1.356912510230053,1.0768472398841047,0.9927215408822928,0.9671859629442905,1.4012770389692952
CHI:62,1.156967311967699,0.6019433307945617,1.9477488802947929,1.0469919665811274,0.9015667293135885,1.5595994638760795,1.3905506924834783,2.678276004657654,0.9697790251609365,0.9346352689435373,0.603172815128105,1.3313087666252899,1.9445286107884028,0.7448580099574968,0.4531680898796949,0.8369325201941034,0.4951528736835859,0.47789112822305224,0.5274127436480648,0.623040586687541,1.0706610269026131,1.0235364273557443,0.6901731208425659,1.2835769154181935,0.66500898907212,0.9258212043990788,1.0297013117467937,2.2079246435372926,0.9991522921983295,1.1927270822915106,1.4537912403039093,3.5053223516053036,2.45450358753301,2.2206089534249207,1.9865436785372006,1.878773838299257,2.493297233842226,1.154409123126767,1.414509221473476,1.741826007795405,1.786839682661503,1.2635342615413707,0.8618872607592025,0.7163644841971272,0.968983859513089,1.0110045497058748,1.9410086102189126,1.1499782566106376,0.8495493289788746,2.3155066768746617,3.314182523718908,1.1506474632802157,0.8771897666673346,3.697920648044418,3.15447093789073,0.7511343627533078,1.7923483941306935,0.7241701599023893,1.1710132094714216,0.7577645370664632,1.127799382570138,0.0,0.47297839147483467,0.7354775304732556,0.8161930496566969,0.4018692104011869,0.6951440099932027,1.0674096168565514,1.2281223775928845,0.8292787563110323,0.4725337204673911,1.1761632121863197,0.767024333469351,1.2206589415826807,1.0964019601441353,4.195930926471788,1.3305843140586566,0.7635935062576985,1.2109820159711857,2.9029533471746003,0.6866708408757026,0.6839687542646367,2.417770281917792,2.2431363681530403,1.4373242634496808,1.7481098361645497,1.6759779153249468,1.1884094415693878,1.706158926280245,1.1520228946578126,1.1741252976247811,1.2953949158379559,1.1030138662695521,0.7871941044932721,0.9437590967635885,0.719908528740372,0.6983892047662261,0.8180949849783586,0.6503819922992194,1.3378932450413177,0.5042114147697856,0.9986548577233947,2.0311721316271867,0.9275289792712176,0.7135711958695384,0.7120846499386965,2.389492151949198,0.7260939021450171,1.852788575360832,1.2420445186284053,1.2034974909339344,1.8708734461189938,0.4981309399377732,0.618780527142092,0.6688431258885733,0.6784192290430696,1.7561922812181354,1.6043019012021997,1.6437725590362073,1.5685783788093657,0.7023220141089639,1.881082427497826,1.2411278253071634,1.4576472018459445,1.2328106403170518,1.3232145387336334,0.7938437585937465,1.3905015148342315,4.158102415372338,1.139397963409396,1.711199588290094,3.804939298911091,1.9299885950455615,2.165757780398236,1.7445051244035292,0.6575386331090228,1.3510857393381988,2.303458554900989,1.6412869548527127,0.9539877819201809,0.66480165571644,1.3496383083379073,2.8548056067618814,0.8713033925133581,0.6962788498334039,1.815838794206179,1.3458168286439796,1.5200850655823006,0.5781261728648004,0.6021197564652798,0.5691335209256314,0.9167663403546676,0.6721599312171285,0.9993452078888849,2.65310193141035,1.5874374697878668,1.3346846989624548,2.253336510572797,0.5577342517051771,1.6835675596033368,0.5003976694811294,0.6618641520458782,1.1333349501639256,0.6301486825794335,1.7064114075872994,1.2291808039501846,1.4522190713308811,0.4388356577641563,0.5801540063629648,0.7242886007568105,0.8710038048294654,1.0500520506846456,0.5540374870618084
CHI:63,0.946203005484777,0.5675913811759007,1.728376854994526,0.9086349279445322,0.8190503655396454,1.4378255852061872,1.267325989026895,2.492225486683581,1.2049782650311875,1.110115427854996,0.7671185788282164,1.4421527779550967,1.7984547587090087,0.6918744559495873,0.5650899184175948,0.8788416006565725,0.5821772435845058,0.46572941854635175,0.4197120383641513,0.445472567377907,1.0333492453531183,1.0131461191236169,0.4092136448019806,1.230728662266415,0.49722571483863964,0.9827468308486729,0.9731670796988905,2.0391510117166933,0.8362452093239565,0.873803101435734,1.231935317488911,3.361610347361673,2.26675579522616,2.301619610180601,1.8123032217756307,1.8697601596156774,2.583727816423997,1.0661568846722524,1.3075617816701883,1.5844375550270262,1.5526651086579435,1.095767411251898,0.8084229925932858,0.745478591955068,1.1145247631293518,0.9841404951680657,1.7882983904943175,1.323619915938019,0.9415985356902332,2.1432955904376816,3.157761265784852,1.0944035129886076,0.999331383524052,3.5805049869277252,3.027963147399437,0.847891989021832,1.572235226905605,0.5045965934538063,1.066567625530017,0.7603427746993867,0.8842573488280753,0.47297839147483467,0.0,0.7205771297142745,0.6591423067245222,0.3795832662968709,0.8263423762186191,1.1480615797980869,1.2545359371546874,0.9120535249898934,0.5920046964603934,1.2836500744571504,0.9650605538987592,1.1979569445950975,1.208770066726974,4.095582284821962,1.1906928271152686,0.7957139970719425,1.2536141867653257,2.765184383768598,0.7892909932393845,0.769451311715768,2.2614784266392367,2.06733836937504,1.2387907460064442,1.6278251330860112,1.5205651728978342,1.0597262633650841,1.603997450489818,1.0469021763750226,0.9697213970583151,1.2719224359695733,0.955700877140726,0.7502033013231673,0.9331089852391972,0.7116329139456546,0.7520157825458404,0.834332225291294,0.6799874163743757,1.2658426291014317,0.546250247409763,1.002798190998773,1.843760254309173,0.8867513057821401,0.6641474045377661,0.7436844140724211,2.2698336160221344,0.7094864590940472,1.7275156740336544,1.2101868907648556,1.0603142121145879,1.807260099973728,0.7093117551664372,0.649630558041489,0.6490355915274009,0.7120949309594587,1.7418392632505586,1.490017492402686,1.5122701405619432,1.4513284104056685,0.9036068256846331,1.7121380518760565,1.1416282425352438,1.3145345238220265,1.0730812606099729,1.1449192627162599,0.7891625000072847,1.3206806855488986,4.111975809543169,0.9284374874618841,1.6946591155179407,3.70498220015831,1.8601783049231118,1.9624437254962976,1.637429056439464,0.6888227090193897,1.267852798639021,2.198069350706726,1.564904181415285,0.9574771795943278,0.8120315992086292,1.2567541589066755,2.7330537549321345,0.9422765412326368,0.6556384958598942,1.6226997870142912,1.2537542748756552,1.442174379934255,0.6098289060122145,0.6584156556858498,0.6677239458234316,0.9406938034646855,0.7553624962337018,0.9588891574182478,2.543666119453566,1.496806144458531,1.236725843776282,2.132054167773354,0.614629811487641,1.5585304168360556,0.7290805559846311,0.6537879101877813,1.0533872889837441,0.7995386316955411,1.5611796207936857,1.1795015708773553,1.3249525715314974,0.6031092916641122,0.6775963001784495,0.6907139600274725,0.8186355849447189,1.051264413020108,0.723473945707362
CHI:64,1.4240301785698217,0.9252886807805328,1.9554837655089254,1.189818344786508,1.2812878622334087,1.9546984641443017,1.7087769616195168,2.9294646921461847,0.9704251678121457,0.8614930148445795,0.7805628779965608,1.0091892045194404,1.564378814975421,1.2075480394264526,0.9140056183162377,1.122369818278152,0.47326712126604725,0.6002484342707748,0.9114888311114455,0.9365112821386098,1.3712882443409686,1.448031290519306,0.7985732160280707,1.6476039133969802,0.7572771515370375,1.2009785138561941,1.1814967599847905,2.309132005444945,1.0019382920453552,1.0140597242643647,1.4304568674373852,3.6145307614626545,2.494637037701902,2.427695343807376,1.8979385513926206,1.778996781187898,2.475331060861808,1.3754890232225274,1.447656880412618,1.4795313003765387,1.8605845810131683,1.2249477441197714,1.1163849993139854,0.8305635137734259,0.9506253756699993,0.742294808765365,1.482411476062527,1.1998737387264087,0.9156538102973383,1.8386939397794886,2.728291537069261,0.5905450856233029,0.6364623898532015,3.118469127526831,2.5361479695925064,0.4113674251406414,1.416432716538792,0.7053146733527822,1.165605425930722,1.0749779817110405,0.7632184455197966,0.7354775304732556,0.7205771297142745,0.0,0.5740631418229571,0.5872156390728931,0.8272181744942434,1.138715037104174,1.1890970087497075,0.4762524679627203,0.7877246993273864,0.9048565526620173,0.8601479666812406,0.7869376744909803,0.8199375900873037,3.605966189362728,1.672228693552048,1.0745855948118375,1.0234648501923527,2.324874973687564,1.101246962206953,1.0295265235395297,2.2247734028479957,2.4249781144888054,1.4358519080906753,1.737195807188635,1.850599951288415,1.0455857349000082,1.442372355702722,0.9500289687234869,1.2063226916030945,1.3384834308939468,0.9591538957040988,1.0927085640730498,0.9183427473055378,1.1516742295533955,0.971277299157568,0.9824062363205559,1.15362159205067,1.0099041385733307,0.7303990941118267,0.9369750746260227,2.0895584837950936,0.6534249016148339,0.722031713987421,0.9907769997986834,1.8966012076657082,0.7716937261796004,1.9018532569305329,0.8975389682470146,1.2033469186245909,1.9793792288955754,1.0060867467335362,0.9835354229822756,0.9951186651777016,0.7770056574574852,1.428298194728459,1.2829937343528603,1.2153342260366469,1.2839209191558525,0.9013610217903121,2.0112586199160214,1.039324956547489,1.080122275209685,1.2486403058562334,1.5389908602513618,0.9982082751008376,1.1313996672228723,3.5715965725824015,1.1728450210025672,1.458402838904865,3.1954239727156284,1.8908993178986193,1.7020253356212283,1.4275127804238672,1.0281814326067034,1.5869456271911446,1.7757721193815883,1.7724851727833928,0.8970146249646072,1.1460519110068994,0.9935757062421952,3.0694663883560227,0.9745331253328465,0.8388130733823249,2.0013696624952177,1.3918970688722179,1.4898479656122778,0.9936413002497845,0.8601562772657378,0.8540747150079697,0.8617978474133244,1.1642596666465441,1.336001517684335,2.7798549339904906,1.1312321040347346,1.5573836011293263,1.7372659006353397,0.9148413207957466,1.5380063910995823,0.9832059840186457,1.0603961984564303,1.0313233709546776,1.0338423328666821,1.455668665910883,1.1485099956027873,1.7032740006459368,0.8648715848230141,1.0600581146222208,0.9210770128626842,0.914444659314459,0.8654415659192685,1.0192277120240563
CHI:65,1.3098335679591495,0.8533937204996396,1.7801068063540495,0.9798759837265283,1.1576358180316688,1.798421757086677,1.5282116316771528,2.753297019320308,1.1314454370808702,1.03287755317817,0.9585999110183324,1.118819578288307,1.3672586172623566,1.1875889542391649,0.9305503865374359,1.2205819791732366,0.57801672650939,0.6366933576573371,0.8533557485261092,0.8941729295647011,1.3828744563657829,1.4270155871077166,0.7252628143758392,1.5719160027201355,0.751334329261449,1.2977996970110592,1.2019508945671604,2.1650958451359528,1.0012216651803154,0.7494540210130574,1.2791276018724829,3.4856393038190725,2.3723849381936124,2.4819984662248356,1.799159584314708,1.82786268832638,2.580531647667964,1.2871192175064436,1.4233001447266036,1.3478448143910498,1.6393493350013166,1.183444291671612,1.1619422991415758,0.8367126106552347,1.1477301654812924,0.8183253814499527,1.3895447510257561,1.3426789644177002,0.999931971492752,1.7747587907708837,2.6471182101755653,0.7665245726545653,0.9390591520295726,3.0819830124170564,2.4956644600377293,0.6023988391988478,1.2422859234700048,0.6677733165194234,1.220780406717921,1.1335161539930527,0.6311134623280577,0.8161930496566969,0.6591423067245222,0.5740631418229571,0.0,0.6541584430292652,0.9921345339758519,1.2519401730682616,1.2798771169579817,0.7415746238624364,0.9184590503059528,0.9370204530076378,1.1155622056119956,0.7992442860222955,0.9598513061747115,3.5243401317818033,1.5779048517953438,1.14347006136386,1.072681670082587,2.279826978394649,1.2066758643091293,1.1054512897018214,2.0888575317589324,2.2556752883056173,1.3010749247279578,1.6107731326983892,1.6514755362402525,0.9947694136162037,1.3981253545027863,0.9152416775255229,1.1238706677163735,1.3417572819603887,0.8722076852954533,1.1451041491884142,1.0234884145704493,1.18502653880074,1.0305150491226467,1.0612286627146323,1.218802830532829,0.9760007851982758,0.80953616984809,0.9777351430621373,1.9103274104381527,0.7183393356422696,0.7775815594387142,1.0757173057245686,1.8062751624282793,0.819053517867058,1.752991039457932,0.982578278029757,1.1507780805619932,1.9157697722401994,1.105061283989928,1.0183163986176575,1.0529228351707536,0.9179668190327386,1.5574873535200724,1.3169822659138195,1.1792770243657522,1.2134815285643155,1.0043130498718358,1.8166130245539742,0.9823009798949949,1.0180842590460222,1.1328417899768988,1.3976984253910565,1.1161428823093085,1.1146233478854446,3.5506590839088354,1.0246513731187532,1.447667273610188,3.1283368081621843,1.7757383062168455,1.5512379073520448,1.3921281789846123,1.0296037491850392,1.5238680238880258,1.7271966241895371,1.6518324003697147,1.0119737509092734,1.2438499127264149,1.036600429999157,2.9565313091132994,1.1234535117735258,0.945610160455632,1.8799845903480856,1.296073715864106,1.3949803217908463,1.082366974397707,0.9647835924500913,0.848661202570937,0.9697059699967325,1.25764220136708,1.2988148854157597,2.6546954532267435,1.1106944237538443,1.4319488272687182,1.6759361952614158,0.9260120704005224,1.4914654241950678,1.0992492002222511,1.0226429156302355,0.9853830633702818,1.1684500739280292,1.376827698118813,1.228679172499267,1.5704493774857466,0.9598287448998768,1.1081634642298726,0.9646353160035509,0.942996051178715,0.9998014507624742,1.1204342214137462
CHI:66,1.018845446435136,0.47456430891661583,1.7187516113053238,0.9101731273910448,0.9513896883787692,1.5260100218385562,1.3523180281891225,2.6067241560594603,1.0504148819137606,0.9407470671315711,0.6800788466222732,1.2548755997186862,1.7299229652050685,0.7772219829116449,0.5404842904601187,0.8620346549990776,0.4200417187983756,0.34284962429789284,0.5512529590728428,0.5881220556038259,1.10314771144291,1.0916365655519704,0.5384609893109426,1.3302885278983834,0.5021612978651759,0.9610493273183637,0.9753198296665528,2.1471980271162425,0.8399392545058683,0.9221485389249368,1.370328366278777,3.4349891692137184,2.3106642257647225,2.2711690699980753,1.7788586697925561,1.6740751555380717,2.5412198897466887,1.035282343430717,1.20950124332824,1.482651450468251,1.6208579795701852,1.0544086403860926,0.711634497129896,0.6271468666032363,0.981755320264472,0.7787513381357372,1.7512135528773463,1.1945003916977175,0.8202440132998464,2.118741484529985,3.0882060300312317,0.9200097134770728,0.7697495183606388,3.4558438621727614,2.9229170488126828,0.6810489859917231,1.6427346815962387,0.54737100189684,1.1082641010281793,0.7816442277705237,0.9339158136891504,0.4018692104011869,0.3795832662968709,0.5872156390728931,0.6541584430292652,0.0,0.674903865815896,1.0292915790289343,1.1491112797376206,0.744990522145079,0.46673507299708744,1.1049926208849037,0.8004184526576547,1.0517237347569042,1.0062103972839926,3.9855789663473415,1.247105018678715,0.8360129484311862,1.1096338063323734,2.6661374817870636,0.8526282220004142,0.7224160756359118,2.285601004512918,2.1334460036841194,1.3551029873208116,1.6850902137998733,1.6865780120879763,0.9007365673640852,1.5731550674881087,0.8706467370441423,1.05773046710882,1.2152834514729123,0.9334990468482739,0.6923758414045194,0.8293781301358991,0.6896637839818989,0.7881373837284622,0.7843856280115401,0.6807618131086622,1.167678499995887,0.40562756881690226,0.8114167306123183,1.8810353742847556,0.7036290951806303,0.6167252366642535,0.6952306569385613,2.146277113968172,0.5438935172048915,1.7369963266744703,1.0143203838158177,1.1305168933417145,1.806278043484271,0.6397868410047418,0.6288006409582113,0.6092850445667904,0.645717125775607,1.6502006375822513,1.4171490563498097,1.3629742713407722,1.3160669979475927,0.8188037662093623,1.7626521346994835,1.0028086837865684,1.2307752975726696,1.1773831732943436,1.1881698796644378,0.7734693717082615,1.1716696528077508,3.9608773457096254,1.0399526439551594,1.5767206644923208,3.576167703117756,1.9006385540403703,1.9227291152816108,1.5205315877532033,0.73967515270242,1.2572494804139023,2.0493965542744883,1.6122583198500522,0.7882147438065777,0.8478343002370246,1.1181017008409397,2.80536258819083,0.7708749136788647,0.5334575185764039,1.7075432267561672,1.2417478128147457,1.4705479146826723,0.6805717747637898,0.6319975848695643,0.7038330177572915,0.7422726095711815,0.7391683492429916,0.9888861567568832,2.6104676723439066,1.478299640016636,1.3049624256524164,1.992681546383216,0.5988601623310056,1.4350790515576832,0.6915724756106317,0.7126649733786374,1.0630914771601117,0.7193594803491674,1.553095451622271,1.1873573138813913,1.3782424413372159,0.5965381013097912,0.7833344270418128,0.7090239732880053,0.6938341051937149,0.9064888855739234,0.6074053929349161
CHI:67,1.3940585275068327,0.9022230451054326,1.9588213164831596,1.120465173624668,1.1328706252365948,1.7518558429169784,1.556686321865556,2.774699790646457,1.107155706201382,0.8434710744620747,0.7129713201953325,1.1481106039756737,1.8431987638227478,1.1105671782645454,0.7796401167859642,0.9890222035642903,0.6674577985353778,0.730244167790778,0.929766039275819,1.0176943929141558,1.2772468878849792,1.2490151370374896,0.8224719682830997,1.4325716129836288,0.7008626752623963,0.7350333299204105,0.7326130492640707,2.116561118427634,0.703171577276576,1.2077548351714784,1.5009938954853086,3.5273465567674047,2.411302716069093,2.198598470501014,1.7469917540800974,1.58400190250897,2.246275065724457,0.9628932866410014,1.335067966212108,1.5122403375361528,1.7412346158549086,0.9977093663629849,0.9413213646266666,0.6623023406899168,0.7843673232684004,0.7306104287270536,1.6566112657874925,0.8807490107873639,0.47027973746415924,2.093668545261847,3.1175167066344893,1.024839225243634,0.5319488922756616,3.4950369083585784,3.003937875331085,0.8155565894312041,1.8445334025697777,0.9422934289974763,1.147131444695516,0.9314150439271907,1.0709699171094829,0.6951440099932027,0.8263423762186191,0.8272181744942434,0.9921345339758519,0.674903865815896,0.0,0.5133276679887468,1.0401640007215607,0.7956331346028261,0.43770904904123115,1.0383601795124333,0.5546579194570693,1.0602274837284,0.8739460552168808,4.064771678390101,1.5439179490125678,0.9399119601993358,1.026933699341773,2.7171722498621915,0.9241455584143936,0.8227380040545998,2.331119327839033,2.2150923284516777,1.4351778027983055,1.7414228666927505,1.81650439617777,1.0210590946873728,1.4291369879773124,1.0032682238059687,1.2130360205945858,1.1071564255469704,1.0239551432175302,0.9008493066434063,0.8911765729748021,0.8892529824601418,0.8481149593406954,0.8024134727954534,0.8428475163459829,1.2057174629831593,0.6462855256357765,0.9761528989682778,1.9451182240906728,0.7636362227127459,0.8144395443843677,0.6552666407337896,2.2580981610289133,0.696838185772125,1.7364093170862762,1.0802072305803627,1.245806830241586,1.7256629042410412,0.8088711521284808,0.7445553272020878,0.6850932936816662,0.7404395225056458,1.6261853634529915,1.5185704629405294,1.492545687810093,1.4527028673693245,1.0307808912985967,1.8350785595245107,1.142784231229114,1.3796566987788639,1.180890740207736,1.3484981700039826,0.80549837096865,1.2554551452569225,4.007598256944357,1.187780736548741,1.457609246178813,3.6398198804461255,1.9350008719034464,1.9850084019148415,1.6542260717326225,0.8093233780171759,1.3684692342906875,2.1128319435448426,1.5894500297445686,0.7682362907394554,0.8871193295608973,1.2404391829622865,2.865497320008756,0.8260662723259645,0.7964039336852936,1.8630083803999453,1.237474615492843,1.3486407111657568,0.8371349224400624,0.7167712812254743,0.6462376768232708,0.8647692322327795,0.9112095069437299,1.0207319194460587,2.598388409027783,1.4372539716415775,1.3100206532638985,2.0535947342405114,0.6134894710613861,1.612874972068733,0.8149935404135357,0.8018357182096859,1.1742207672821163,0.8408745357868175,1.649360956032541,1.2535632710783136,1.3760916803103114,0.672441609371546,0.961996974086154,0.8260669269244113,0.7439052014018439,0.9487032894751563,0.844355461054247
CHI:68,1.5350904638320848,1.1119932036869742,1.9351742248632653,1.2195259896983273,1.3255571200633502,1.8479730342137206,1.6363854404721228,2.7460507629070987,1.3022362335132247,0.9205175781155049,0.9461649128432272,1.164048494039676,1.8337542876516555,1.3355105609720366,1.0785623380464977,1.1114504896985473,0.9630663282959037,1.0312911578618738,1.2217597623810375,1.324083218422338,1.386312845068164,1.3728658661528454,1.053078360474205,1.4929468534639365,0.9230258546215035,0.7309849349274681,0.6634359725759289,1.9558146378644772,0.7261524341059046,1.2975653727856482,1.5342001131654281,3.3955428617953567,2.315997068286283,2.0115669914741554,1.514359059689075,1.3963825491557675,1.962751459743275,0.893506360422996,1.2831643533509587,1.4633540455444995,1.6540348993974936,0.8969488231345245,1.0685223788129747,0.7671648907247134,0.7558126120676012,0.8218915186276234,1.744045280298542,0.816277899797326,0.43618267695650725,1.9617190347950886,3.1018029142100394,1.1198423733557312,0.7631478990900269,3.468516899496655,3.03215261292061,1.0392044102227287,1.951548787512621,1.1909760240986529,1.1925289841413105,1.1292467840820306,1.2456428448955543,1.0674096168565514,1.1480615797980869,1.138715037104174,1.2519401730682616,1.0292915790289343,0.5133276679887468,0.0,0.9331333262744431,0.9688725004788642,0.7514406090158154,1.114245795558397,0.6333085167145781,1.1271084573694106,0.8701061526651075,3.9833272798942514,1.6418903983764588,1.1449084499653017,0.976391266852219,2.65533617112184,1.16893610584706,0.9825716231925208,2.19993885473199,2.1380186508841392,1.4913004799318994,1.6809068664557467,1.8985258846570083,1.1331975444493252,1.2048537292724968,1.0972468871627823,1.2742308522918375,1.0856026748690195,1.0698360243423137,1.0667377505651878,1.0207566914156172,1.0788649873651406,1.0390608407950324,0.8970925739094798,1.0988238964594614,1.293886742415488,0.933137938715239,1.1092358034852823,1.8276730695027559,0.8898161595499439,1.0334268671129436,0.8220805805917718,2.2721920281276717,0.9211548589685534,1.6186846125533911,1.1103902124569325,1.314677488785316,1.6017599507206857,1.0844806180736035,0.9328645614743545,0.8899787442573114,0.8755121969032934,1.5404496114495625,1.447722627676283,1.4988312561042823,1.5074405202903025,1.3107753862118356,1.7939168670129395,1.2263235309563165,1.4007245077102688,1.255563995987813,1.3615122425868096,0.921054534970446,1.3249424871555482,4.006265970563037,1.2702362317567637,1.259745955318021,3.6066407772541735,1.8360594176523446,1.9560578504398893,1.750662467986823,1.0501510153083187,1.4111667311767142,2.054657001241945,1.5372981381464688,0.7990558945626485,1.1154718001781665,1.2481235642989195,2.767678040212768,0.8553068245888718,0.9639860982897536,1.8544712359745137,1.2107893859909495,1.2806469722125329,1.1135623889252753,0.9241068765765831,0.9033132905248178,0.92409761192099,1.168796935682897,1.1323382363906336,2.4618834845016315,1.505955223690595,1.3215674930661439,2.044237564729039,0.8855491108155108,1.508381227103316,1.1293389653533856,1.0244830236885862,1.2413846314977641,1.0198091445101454,1.5833857382545111,1.2833156702163457,1.3769823174467022,0.9735679989131073,1.271382539048012,1.0133853906822814,0.7872037554890545,0.9940974716994717,1.109998092626601
CHI:69,1.257035756945506,1.1532382154661363,1.4279333264261853,0.9008550800775584,1.2757346157066087,1.6253111151050756,1.3742116166867357,2.3325830341812166,1.502705028928752,1.1137208284812634,0.873925792837871,1.1383140656136184,1.4396890352711706,1.2673410797548332,1.1298464264138672,0.9363252453720025,1.1370959369788574,1.09623511730026,1.2826810579989896,1.3760851003026007,1.1129832559278565,1.2152142677664828,1.061132268860131,1.2654968926991437,0.8921284046180132,0.8616884572953227,0.7954556599894057,1.5334781207712758,0.8768012929098516,1.1835132312430972,1.1219990714252988,2.8116301135770816,1.896652489499904,1.6394007904356527,1.333679301698271,1.2512649617774732,1.8692406827044583,1.0430995808883765,0.8765468749108106,1.3237592895928911,1.4049397932552263,0.9279784116669992,0.9868283149276867,0.6274619653934688,0.7121832083769936,0.8366604153932332,1.8423469202223623,0.816786132980989,0.8056199670195088,1.6192591220556956,2.8924927094729282,1.1275829699906013,1.165454910605542,3.3086557964787815,2.914675711732598,1.0411655525997097,1.5780593692350933,1.0719167203639997,0.841110439451363,1.0891047721391576,1.2405355750436557,1.2281223775928845,1.2545359371546874,1.1890970087497075,1.2798771169579817,1.1491112797376206,1.0401640007215607,0.9331333262744431,0.0,1.0177954036478043,0.9860697104794683,1.2421992731544471,0.7839032649952082,1.3512384510138502,1.003392737864347,3.5823785676611193,1.3655987407039483,1.0971879261779722,0.9091508375432512,2.438610906278282,1.2285864302284797,1.0266514583807205,1.6352553728522357,1.835846953947424,1.0670321612227505,1.2327679345904525,1.52752078526346,1.2350970442548097,0.9594141417911065,1.0365670595778187,0.8850457233092682,0.6510832576188558,0.6781421967149954,1.278314624896856,1.3092677910601538,1.201090255532317,0.9090772354368407,0.8082127620133949,1.313913621512325,1.1984292237711998,1.09238047142021,1.2325690725552458,1.4400755815050557,0.9211269195552544,1.2376108220771496,0.9493235158720258,2.1149062939476395,1.1345204889649048,1.0928374089893247,1.1710122849236055,0.8625387711845293,1.2742667755147616,1.3671058879560127,0.9601916038874083,0.9975115221752227,0.9344816352469645,1.286207234178793,1.1163440319154834,1.2659415564602776,1.47368564125406,1.539297621510704,1.4490980100239816,1.1358184102953903,1.1959656000145258,0.9374037224954596,1.1719891518881855,0.802732538739022,1.0290544269668374,3.951817668997758,1.0632008437659295,1.0857204258392168,3.4846691182714644,1.3941875336445195,1.787200466816142,1.6347697560593852,0.9682841569150947,1.2247278127508203,1.8258177362157417,1.1489407046066447,0.8159099147059596,1.1782855165995039,1.1161516680317538,2.2835152001249646,0.9844222644808311,1.0382071933512156,1.4575246094690495,0.8239553958818147,0.8220418471957531,1.1776317421599756,0.9543585922620798,0.9764158305465603,1.0367939292497106,1.3880156149203178,1.0560381580035472,2.019014604416323,1.2851966127448413,1.0722153052719372,1.861110183183098,0.946662796565989,1.2647193437197086,1.4562762112620244,1.0895487620864577,0.8093631089099375,1.2334036952112832,1.117396341041148,0.9785527028554019,1.3181793431343767,1.164175502354218,1.3365904831236688,0.9625097465799508,0.967103994526285,1.0873100949694978,1.349750092213855
CHI:70,1.497669613891805,0.9331533801641424,1.967977064450182,1.181910158874237,1.3160440997344927,1.9735492271984645,1.6906317996881888,2.9044564913936006,0.8662419949754653,0.58154617408434,0.6555316306354723,0.6739520285018064,1.4767708474515207,1.253653264410917,0.9312370196878706,1.0564248143257136,0.5605347549596269,0.6800899747912579,1.000328423525804,1.0786982538921155,1.336137312273498,1.4356200538078363,0.8960750482887796,1.611594013247522,0.803923486230034,1.0908788047958273,1.1215392022687365,2.2087610608308865,0.9829716910957398,1.1000981052805385,1.4404016886739244,3.5153491406393944,2.4245909531800076,2.186298040433101,1.7435880988035855,1.62534591269749,2.1654977617798705,1.3451876461641574,1.4117996923932383,1.520621343238957,1.8162881731455318,1.1910855832776488,1.1352673302395262,0.7642930131054017,0.712397586428761,0.7168699567526358,1.4700559093113468,0.9397776200288446,0.7799937547400073,1.6898274963765547,2.722408240810396,0.6148423176964208,0.605325806983399,3.0363575202366024,2.5244453150913864,0.36917848465086844,1.3886600478770268,0.8160684890537725,1.1436246776484413,1.0842046582327256,0.9339088219801686,0.8292787563110323,0.9120535249898934,0.4762524679627203,0.7415746238624364,0.744990522145079,0.7956331346028261,0.9688725004788642,1.0177954036478043,0.0,0.8007289719520839,0.7459126178120532,0.6868090616660768,0.7335315141328359,0.5685985646822141,3.4892113991923663,1.6950223028804619,1.0698742141622073,0.8587946193544245,2.25746958487021,1.1068050437595343,0.954907246922765,2.1185565494618412,2.380861929256716,1.4526610653826098,1.6521183207452088,1.8727471067510288,1.0973611533594005,1.2321841289619886,0.9531344799480626,1.221718473234227,1.2918723808637096,0.9160785133422601,1.058357275902036,0.8372108692010692,1.12655160388183,0.9664729768133206,0.9159206439120371,1.1924281551119245,0.8604870673756211,0.6805029993416449,0.8647337727031886,2.0293220030909938,0.6340649670629759,0.7194477562703062,0.9060112621060428,1.860301556224541,0.7269570753081327,1.8327383162710815,0.7411010288331216,1.211031598643522,1.9020202322196191,0.9784573454321686,0.9676749596825006,1.0173562689715845,0.6516946154857656,1.219866627499885,1.1703548742366894,1.163229192631081,1.23642558818891,0.9119852532310816,2.0124138257784625,0.9332701110772257,1.0718707084815855,1.2420103366155442,1.542317674041098,0.9505803936909405,1.0782384226323574,3.5485249727644157,1.1898257975191218,1.2275857803107524,3.1723707842533915,1.7484167102146764,1.693875235002268,1.375451388045854,1.062493590524431,1.5868127321922518,1.6690281125306223,1.7088789325607843,0.6994056673682231,1.1324760819179536,0.8616480954568689,3.010924383214684,0.7908571500192133,0.8059452023466177,2.0181397229721143,1.3183377739711273,1.409411633644178,1.0338269149307666,0.8029309406281684,0.8199044982473911,0.6641390570007213,1.1644465439348954,1.3402836586256066,2.674437346663534,1.0620184260960057,1.5211289505888195,1.7103963813936682,0.9346002714765322,1.3903091526920661,1.0038488849999834,1.0688166102206855,0.9927808458619712,0.9541319904122006,1.3633732753027916,0.9895153269626172,1.688572046748439,0.8757077872437377,1.1241006227904164,0.9100199933000824,0.8213471892832643,0.6721697779605257,1.0080020191147951
CHI:71,1.0682023015242672,0.6211208468440965,1.7736945248795106,0.9296277027599822,0.8733467040411017,1.4535902149557576,1.3018429863472605,2.526756796147084,1.0421300187803701,0.8355658766390787,0.5223000160356643,1.231987654591475,1.870198075461115,0.7659525766487679,0.45825978821388247,0.7218173986593075,0.5486664737270471,0.5042288523253617,0.6542343362626722,0.7125535306911579,1.0047826161678262,0.9502027379229046,0.6333683509383561,1.191447946912362,0.4958185146738968,0.6763906318095804,0.742196420733271,1.9957263126676896,0.6922863730614438,1.1388681136966488,1.3606554505561803,3.3279116181847663,2.233752846457532,2.0841428983335635,1.7101237780830967,1.5591360953203819,2.295472186542906,0.8680442633499309,1.1710854953594119,1.554368166316132,1.5811870122885692,0.9669440892220235,0.6189755654314386,0.48213833754298596,0.7587635830021023,0.8138982890268036,1.7976119068924985,0.9066534900882635,0.545512062925175,2.1204331898817452,3.2235861245555117,1.0897239639157865,0.6962083000482215,3.5972719447950867,3.1056625772421635,0.7816548788540105,1.7747534156058793,0.7599816357728972,1.035268418946947,0.6947297877133891,1.0848833660877097,0.4725337204673911,0.5920046964603934,0.7877246993273864,0.9184590503059528,0.46673507299708744,0.43770904904123115,0.7514406090158154,0.9860697104794683,0.8007289719520839,0.0,1.1049879923551913,0.5141187980217924,1.1690908844115273,0.9547114521805452,4.131888384258085,1.2198160166860605,0.6777559123387754,0.9899448783517428,2.8039313591944803,0.6706416254725112,0.5495852028503355,2.245615383071423,2.0384489984102876,1.322737533639044,1.641940045991704,1.6533194034349834,1.0278228821007125,1.4766875937554709,1.0017066726909274,1.0250369591401365,1.0636842420523271,0.9654111891313857,0.6348567612050746,0.8320299963750101,0.5598537959725877,0.6280258353633505,0.6469912618432634,0.5625259984926934,1.2574752018575213,0.43711937295239434,0.9017151316656311,1.8008682063676433,0.8190760019319587,0.665427828408611,0.5048875921322761,2.312670732250355,0.5837689961537162,1.6184893519583827,1.1049746863564867,1.0959336192520774,1.6529829107347596,0.5304631999481378,0.4412303613075984,0.46703583858241576,0.5568898225523731,1.642363711469562,1.4698014890874977,1.514871521354195,1.4464228601206957,0.9069517591462869,1.6767630104405962,1.1189946442456888,1.3641992033817798,1.0615484356203386,1.120722250968358,0.6179289661735098,1.2782490796316166,4.1168411525177415,1.002577827480621,1.467422553505479,3.731278466971016,1.8699365709255664,2.0798396632005223,1.6794770814156774,0.5604710215306281,1.1502278197259443,2.1843452228130684,1.4521833055056315,0.7490745898586227,0.6233340377667101,1.2467490779227546,2.6878307908443455,0.6914468370901641,0.6120018647241511,1.6338888940127752,1.1285343532182361,1.3299480379981772,0.536381447466232,0.47316852322524783,0.5397769892255252,0.7371498057958342,0.6085977963269009,0.785586334711798,2.4754945276888067,1.5153911080845768,1.144901064406149,2.1313774784114057,0.3864549219778919,1.5039245771383367,0.5878867289733157,0.5255456705765997,1.060976847502015,0.5471109175768971,1.5545598724699317,1.1269520981813208,1.214895148264032,0.3834688601635276,0.7005316778429161,0.5722728746173067,0.6724059548530367,0.9185569604389902,0.5377994812198796
CHI:72,1.7568470887874679,1.1855937334612119,2.0490803708574816,1.27471974773685,1.471971932721419,2.1216074060875667,1.8567221404811471,3.0035344433621205,0.850988455661405,0.7182639278941638,1.082297846939807,0.5322163615345444,1.4345247236530516,1.5815522679759808,1.2293768588839136,1.3898109583682663,0.8336507680259757,0.9791664590750759,1.3314721533096192,1.389963510316348,1.677811368595261,1.6911423063628088,1.248971810254701,1.8156045333340483,1.12259057113207,1.3753642579114997,1.3397053080553685,2.28009413470063,1.202482379890844,1.313322496148795,1.6215049909449089,3.572237653081712,2.5348572691428237,2.4174499650411305,1.8081854028538886,1.6180792465529654,2.3110683645294547,1.3703602856073958,1.5444633759390796,1.4113172496118158,1.8248589171292262,1.3374331147706242,1.4342052023830798,1.016022227043952,1.004775300039615,0.9144047773054726,1.3967278135771892,1.067277494774732,0.9741246170156004,1.719347652638258,2.614254577556216,0.8710378078332313,0.8092391309744498,2.998126512140844,2.450008570701768,0.6441355443368841,1.579647104783892,1.2440436041651168,1.4823058426633497,1.4201360344079141,1.1136937448004363,1.1761632121863197,1.2836500744571504,0.9048565526620173,0.9370204530076378,1.1049926208849037,1.0383601795124333,1.114245795558397,1.2421992731544471,0.7459126178120532,1.1049879923551913,0.0,1.043776583925758,0.7668876379525711,0.4723083683787986,3.3040769321122534,1.9587892331411456,1.4000447472800428,0.588551533111835,2.201584080503117,1.5262896423419028,1.3193630964747514,2.1690232480972846,2.4373425609117993,1.7689871599258362,1.8711744216361328,2.1304973774899567,1.1211688134433708,1.312835034667096,1.0403366951576674,1.4978656218854947,1.297458688195723,1.151001356492927,1.3195722076026133,1.1626952856559054,1.4416754410758565,1.294279572473262,1.1910004594798642,1.4958137796152886,1.0733231658814526,1.0558779821578719,1.024991171495342,2.0196131748278545,0.7596010553385708,1.0598082960477657,1.2116144815712413,1.7725775952093086,0.9996119647078648,1.790477838329354,0.907637391243912,1.4830575847383707,1.8643245041760979,1.3349489073354317,1.2887423033572951,1.2801363568363895,1.1455432413469808,1.443353717563775,1.2968934576386106,1.194607811262757,1.243016671694988,1.2567265044461071,1.944753575447883,1.0835318549864785,1.2169663248479679,1.406753625143873,1.6398190157137686,1.3208084473305415,1.1143122236623826,3.357813596128713,1.368938923327909,1.0062703580579448,2.949229809569692,1.932626762702395,1.7335615806053915,1.4753466442527465,1.35947497151739,1.5997168239297272,1.5782063755368125,1.6973496094063785,0.9989577307916819,1.5224169524506124,1.0880144787453148,3.15406958880518,1.052764037702346,1.1842106499229585,2.1966066042209946,1.413381124223199,1.4370698173060878,1.4325034663144385,1.2275666854220635,1.1397286492108436,0.9472293649727194,1.5252575171125518,1.4670688836191579,2.768236642141284,1.1620573570730914,1.6128753571853747,1.5755695773618679,1.1518041942233888,1.451213872459919,1.3435869161153329,1.2869231924082056,1.2618282596527859,1.302117678371886,1.44259461655792,1.4300088472273897,1.6657401735951676,1.1648095860014211,1.5472487164623516,1.242976702070546,0.9681779858002233,0.9014898290969162,1.3219475447218356
CHI:73,1.3803504663686685,0.8968089198448331,1.9130158167222597,1.143940764162581,1.1468642076597537,1.711795847921001,1.5096960613686723,2.696596364132585,0.9980498440613459,0.6571429280049784,0.4780833916886527,1.0232571729148863,1.853875180951169,1.0529135225463568,0.7481504048204617,0.7546482918847256,0.7228998300348263,0.7673709503490665,0.9725922079541917,1.062762096911466,1.0668513944454647,1.1198691745721068,0.8993167555003009,1.3061827988467924,0.7487532326564992,0.646374775634299,0.7947684524363213,2.0092999376873077,0.8300245753307616,1.3095836689104223,1.4232767025074209,3.338020402427656,2.298718228116099,1.850310813251627,1.7040281580264485,1.4622413139039347,1.9291409779692013,1.1012749341007038,1.2619315890295917,1.6627618683489889,1.780084462717279,1.0816805693649008,0.8718814262298108,0.5737584031872515,0.35355304959112593,0.804331145317859,1.840926078249839,0.5558198836795037,0.4824193288172151,1.9911008790641158,3.1557049725067823,1.015119041689961,0.6773301880348579,3.5117786692029864,3.0415408819250973,0.7290872940671009,1.827619897667854,0.9326807820286153,0.9794136995046399,0.8186287610195683,1.2210777431627067,0.767024333469351,0.9650605538987592,0.8601479666812406,1.1155622056119956,0.8004184526576547,0.5546579194570693,0.6333085167145781,0.7839032649952082,0.6868090616660768,0.5141187980217924,1.043776583925758,0.0,1.1395606925738295,0.7463404316903091,3.9768409173507937,1.4485774286310367,0.7786444416835123,0.8795135820919051,2.7079939841938527,0.7791631209806916,0.6501289344128064,2.1392812172395232,2.150625746015573,1.3507887696786716,1.5389340275619534,1.747173222303158,1.2411128528825843,1.2770648135737874,1.1226099102279448,1.101642034839546,1.0725297935972202,1.0061026637730583,0.953447688370781,0.9022302148898852,0.9017498256426192,0.6834826433510572,0.6342251496560625,0.937099387178251,1.2858801755456148,0.7105068461502348,1.0762787223519308,1.8790073423207436,0.8434933071383259,0.809442668775383,0.680278881562111,2.3303192142449696,0.8349034384371916,1.6478609762892398,1.1019493165667706,1.0978365739495592,1.641242774992923,0.7909058912360967,0.6778911533033054,0.7602057983726049,0.5060713153310744,1.335483688641955,1.3330085142432193,1.525130895280648,1.5817231206348332,1.0475498828374867,1.8319820825814952,1.236086920040062,1.3835422971031637,1.144135115211872,1.3392589429426278,0.6378215824226893,1.3282347541921955,4.054199737931287,1.1183184283706522,1.2964047227220912,3.6749102488162118,1.6995210732174488,2.0909788172870645,1.7888798451847927,0.7662210118547885,1.3437782850100861,2.0932577859474684,1.4813769910366692,0.7128079832880798,0.7524576534915985,1.2063745827524928,2.7167016981108323,0.6692341459027036,0.7745414223480236,1.7692960609205974,1.1219857706999148,1.3011711659874317,0.7672654375514291,0.5464118698588084,0.6950970928893249,0.7873672893262873,0.899005540608638,1.007008729579713,2.4305782650529486,1.459400773820452,1.244944904764484,2.1125461872110476,0.7136625548333229,1.5088612735153062,0.853537738208493,0.8244421832096807,0.9938786300881777,0.690444441523729,1.4365900445172592,0.942863762356797,1.4484419714478003,0.6546807345602511,0.9052413741095322,0.6791910932381775,0.8229607071783799,0.8297405047007992,0.8471217727614574
CHI:74,1.7733028433880162,1.2265403855129664,2.0853001440177903,1.3792290128207363,1.6422187279581388,2.2824728706819286,2.014379645495821,3.201108876643546,1.1030294657273514,0.8973362384141793,1.2181996369002206,0.8489730814951998,1.3065189468522762,1.6690680680286705,1.3369425714042693,1.5485763533472487,0.7765037078648707,1.0306507633854816,1.3714592963040433,1.4383626966497962,1.8216172260993693,1.8761349194569354,1.223233063278251,2.010011692911767,1.1676637592042705,1.5209751497424098,1.3740954763414939,2.435440907910457,1.228112561554817,1.125797080393993,1.732212302476194,3.805820269574377,2.6908089643416204,2.653678442304083,1.809766629542218,1.658761533707433,2.509655622127136,1.4734928540825314,1.571223940370679,1.3252699307780997,1.8635180487994103,1.2334840160082137,1.4704427781948197,1.103762557136947,1.151723538290449,0.8251393017999104,1.387604690652848,1.3279882985950822,0.9660433559538429,1.645611262529631,2.4901135245383452,0.5756403661800668,0.7765308516021818,2.7857913341040796,2.2560256522788023,0.706426983049665,1.5513321460370995,1.1972347937730983,1.5778223904629787,1.5260343585227596,1.0475873696207656,1.2206589415826807,1.1979569445950975,0.7869376744909803,0.7992442860222955,1.0517237347569042,1.0602274837284,1.1271084573694106,1.3512384510138502,0.7335315141328359,1.1690908844115273,0.7668876379525711,1.1395606925738295,0.0,0.7345738581301797,3.2360494025328963,2.0269385253881254,1.5089426090562796,1.0113634717570557,1.9997693193785664,1.5733533729135845,1.3843428201986223,2.283901377861957,2.6022431062569025,1.7164715754172426,1.9313134012573991,2.207508805997619,1.1138969446806692,1.2301954172751355,1.0358788314870997,1.5314902973506057,1.5376296866671533,1.1811610255604876,1.404537548076267,1.1200526670283513,1.5213722404209151,1.3762605470272158,1.3322167705982986,1.5722033603247265,1.0044928017971828,1.1301024323011049,1.0296646388408035,2.1713684602110663,0.8128337977920137,1.077720984450396,1.347232837845658,1.6195300807829958,1.010559126798409,1.9948620682208242,0.8666642428789729,1.515298137280175,2.152970838028029,1.3712723344122124,1.3723931695094216,1.3754618057607573,1.0851485023359175,1.4860938161655652,1.366971176815495,1.0875500047461317,1.2173516550117753,1.1614368940263915,2.159438598198677,1.0966959899907147,1.0575360636376208,1.5548864501783688,1.737123834304793,1.4191972999253801,1.149044705104049,3.1175670935935615,1.4682504832511776,1.3047027970052716,2.770995487678722,1.9653344070466034,1.3720705497624486,1.3784619767714208,1.4373656719448342,1.8305294795492453,1.4718516770206442,1.9837864531454785,1.0944464317731786,1.5695568173500833,1.002557084916145,3.3368005111694465,1.1837376198965321,1.1919101717924572,2.3038352334058554,1.5522542008890237,1.6394143784630846,1.492664594916751,1.2833658603628308,1.189964118171809,1.041733317181825,1.5818200547970929,1.6470105815730092,2.978533949715409,1.162774725144667,1.8034375672182787,1.4652595367411743,1.2637275325464248,1.522825995504906,1.3713685480696494,1.4368793840996608,1.317872811477818,1.3976223558339615,1.5744645094570329,1.4780901997004148,1.8872551724558269,1.272146093175791,1.532735440514515,1.3286790872234804,1.0621834980615412,1.0500623393310493,1.371317775016836
CHI:75,1.6788124584594453,1.0903842761465457,1.994693740780646,1.2644956198178607,1.4332834817094304,2.0579124083969234,1.7908314236215574,2.9409906223608364,0.8256860058283676,0.5217875213648999,0.9179352468838476,0.5363827692082939,1.4813758990046297,1.4643525894592808,1.1225646533978608,1.1955569168265967,0.7646872094480226,0.8974575817945349,1.2432004216714554,1.299968764532479,1.4855450787419058,1.5527584190299741,1.1141672384395473,1.6836833382012895,0.9891521227032158,1.13960480074406,1.1628161584759142,2.175259536547237,1.0309565681874278,1.2336862098291026,1.513197678543356,3.5016140217719895,2.445638785183132,2.15632734727556,1.7038597502614177,1.457671142725283,2.058450480721276,1.2994522819143948,1.4173985005954217,1.4461226630334396,1.83586845402007,1.2279072693021589,1.2722540453971078,0.8343496326130115,0.6669504194580166,0.7606960889672415,1.455832672053566,0.8122179245817825,0.7789321589828775,1.6382982052332844,2.687147941540274,0.7147998511571888,0.6312758305582146,3.0410269847272624,2.5193864743907057,0.548750585860829,1.5952376604351186,1.0909318297154773,1.2565960907829663,1.2145072413876254,1.0611105050087195,1.0964019601441353,1.208770066726974,0.8199375900873037,0.9598513061747115,1.0062103972839926,0.8739460552168808,0.8701061526651075,1.003392737864347,0.5685985646822141,0.9547114521805452,0.4723083683787986,0.7463404316903091,0.7345738581301797,0.0,3.4150875388242175,1.8340866777430505,1.2063665968230746,0.5525702019129314,2.220051492920773,1.341807453957256,1.1541928226550098,2.073384975738651,2.3418798539936208,1.5916044491847052,1.6458524386265367,1.9944166103817274,1.1536304960734378,1.13493023637892,1.0306805895152233,1.3002242257549415,1.2266275130179496,1.0380044697383555,1.228905128259919,1.0598680396737779,1.3220255087261856,1.118226350470245,0.97236213575141,1.3920477155499817,1.098794598359265,0.9431506369065403,1.0443342622549325,1.9600328674197602,0.6663234190280017,0.9402150065262714,1.070688628226275,1.8985449493329118,0.9584903682832983,1.7179674722228748,0.8492425837342471,1.2770207584849098,1.7774539350351333,1.2063007121754692,1.1490748624744398,1.1576965634068528,0.869343331785314,1.1006155185213022,1.063593257349438,1.1926927286065112,1.3356113067879167,1.1880738873789511,1.9297718251166045,1.093730987162137,1.1806830993768676,1.3258651316559475,1.5321378894538833,1.0946877750716948,1.1158291839358252,3.5061414029030096,1.2379472324177374,0.9661251192567146,3.112929701570837,1.6879904158805852,1.738376085946011,1.5517123213191744,1.2366935921227402,1.5163982418650397,1.5995797436891641,1.6434277772962238,0.8171131727329536,1.353287766947901,0.9251814827481277,3.0067016001189173,0.8232558890861071,0.994829871377193,2.0510042141160714,1.2886008683111498,1.3884575122094267,1.2629464295549202,1.0292115497807868,1.0458353946777559,0.7991640105066367,1.3782460202783011,1.362252579375854,2.6257490733809696,1.2125770492126944,1.5063945068792826,1.6720356932380325,1.0855607064954294,1.3720424775311089,1.2591285649243835,1.188830590010691,1.0367840379824884,1.1401776972533169,1.2873011814563065,1.1341577881591642,1.6466996305084503,1.0612009972407201,1.3934878428641717,1.067233109361219,0.8635122726783251,0.6599558810720817,1.2081052891992239
CHI:76,4.239620119927565,4.079404469206279,3.746956005344004,3.7492723059248445,4.321289671791505,4.678854163805679,4.297500296466039,4.948745709252003,3.94860757790848,3.757757900262541,3.9505891685228676,3.1223918008434914,2.430420106177481,4.436902694566224,4.225090401376993,4.211158886712867,3.814805616616607,3.9237581691654664,4.236189602189234,4.268260964886057,4.323722908079451,4.496564999546769,3.9728692811749684,4.477186548981695,3.9088229550019116,4.258373412836637,4.033733206735069,4.110467559957084,3.886522646923898,3.472829763373695,3.696898808475033,4.850077570635128,4.094913408539352,4.488241318650968,3.4933642201146795,3.6059781167148497,4.1083234218538545,4.108387007634087,3.7772177297651766,3.1489885910639512,3.8127722523320156,3.71814649908227,4.163583940050342,3.7886280837721364,3.8010719773734225,3.442077659985138,2.968205547405405,3.8709201308131935,3.8456857041543273,2.2573106069848987,1.4944528851020995,3.2004233565456905,3.767804127747327,1.8301404910455221,1.6577843091596438,3.5139477173704408,2.780408063899102,3.824049232639293,3.8650597055819773,4.279460953712742,3.4088278020737315,4.195930926471788,4.095582284821962,3.605966189362728,3.5243401317818033,3.9855789663473415,4.064771678390101,3.9833272798942514,3.5823785676611193,3.4892113991923663,4.131888384258085,3.3040769321122534,3.9768409173507937,3.2360494025328963,3.4150875388242175,0.0,4.475343459082122,4.299155329454016,3.4044239171042268,1.562680947716568,4.456844784221211,4.208079679365075,3.1719391692324463,4.485759534044846,3.8152348575796378,3.77200017395273,4.232517206868386,3.555735251358312,3.070093238108653,3.3899243496112956,3.862656253048672,3.7657372326024254,3.4055891819559094,4.248736525423506,3.8918142108418556,4.35748170679827,4.147847224365436,4.026558823698272,4.5091190781209844,3.045334006426052,3.985062482056149,3.638456108850358,3.909563459238806,3.4511663674623048,3.920377147500029,4.114881629402039,2.178928779422373,3.8214146291344635,3.777785216574291,3.2266055351092935,3.8077342211474066,4.093179724884831,4.421797776101457,4.189110128490965,4.207438546695306,3.970766899439195,3.2722355640450163,3.1708612589694924,2.757564577539751,3.098350658661965,4.169129523286804,4.095244875462934,3.267655752543645,3.0216967076988577,3.779079223704164,4.174381399569024,4.105630492966888,3.1113442068068515,2.3268331867158327,3.8595338745634375,3.071024363646003,1.6811419615676113,3.6820221154291235,2.3655623365099108,2.9858335338004056,4.213813060050432,4.273389839309292,2.028308685265414,3.9890659032010376,3.653642335501619,4.478070076805015,3.1420668764386313,4.926556358470212,3.949577142376006,4.006101547664382,4.393470600797607,3.755874777915969,3.5637021325926055,4.377543671782545,4.101718927883659,4.027681141265171,3.700076406237469,4.555576033650161,4.335034544884709,4.4472643497935085,2.7955007838574475,4.173229058868661,2.182004608020991,4.095139516223031,3.3519621144252505,4.4483622988863845,4.2564495886671025,3.5940995171615144,4.357144853708782,3.2141104496302346,3.7552755215818734,4.317066942923947,4.25924819086828,4.4623582138128395,4.070807555523093,3.809284495735193,3.615303463829661,4.37900956850232
CHI:77,0.5947872888514137,0.9868478024691285,1.1356558486718147,0.9394994277169186,0.8683760702011194,0.4840982482037722,0.6059874092186451,1.5472886749766668,1.9085826161928634,1.7351367475128334,1.246532930073672,2.0044993999755003,2.1848414505199107,0.7249619440200903,1.041672993651628,0.8939300540396997,1.480747260227765,1.2334449214115533,1.077108978771418,1.0911347999855094,0.7735294226785563,0.6853771016811898,1.0573038883665407,0.7327581829890284,1.0533654971606434,1.1623153293730804,1.1807843664609854,1.5103364198439726,1.2195383569103921,1.3291958741334393,1.217574999530528,2.5162619728191764,1.5417100092300655,1.8149218059898744,1.5660868993508124,1.7422166251766964,2.542289323100574,1.1100863566228565,1.0782120993403497,1.9215223965419994,1.2735421052469298,1.2471276991879536,0.7895839117587565,1.1562921644599602,1.501676162333429,1.53983484595478,2.4602486194735698,1.624948402591082,1.480938087586515,2.4709907226292604,3.654923704363234,1.8365970898840858,1.8277593546208724,4.080276675834971,3.6476057840461826,1.6427060107599314,2.062771726690293,1.1308880642495356,1.1580099812249491,0.9675319755875725,1.6741398700532304,1.3305843140586566,1.1906928271152686,1.672228693552048,1.5779048517953438,1.247105018678715,1.5439179490125678,1.6418903983764588,1.3655987407039483,1.6950223028804619,1.2198160166860605,1.9587892331411456,1.4485774286310367,2.0269385253881254,1.8340866777430505,4.475343459082122,0.0,1.0571097511371954,1.6283128311759565,3.278842108281713,1.1419700068417749,0.9775432153951776,1.9965358699495275,1.2198096476082376,1.2177193952552046,1.4618718910279849,1.3569518563480119,1.5082220180152794,1.8235131549665033,1.4387324535056343,0.9888443675797508,1.276362487141774,1.2766822493900498,1.0813358689809112,1.4560608364306729,0.885109187732072,1.1224680512618053,1.050089883519855,0.9766583395135382,1.8682536964602536,1.219049960032292,1.586259440694342,1.227827193656733,1.5016437165367336,1.344110704279022,1.0739964025132214,2.805147012852363,1.3551631790486125,1.3111874481794712,1.790059067699901,1.1936123853011338,1.3709832681035696,1.29244046618071,0.9163612514729226,0.9427124669849528,1.2653441782378032,2.064422382208093,1.7567211222582586,1.9462779134602068,1.9278189206425185,1.7939671324164692,1.1670697866319346,1.5773469313337738,1.819683828702902,1.1730622582332413,0.7449938551771728,0.9870494132173372,1.749034286854078,4.843264376134398,1.0274806049106475,1.8806923969225693,4.3248888285387554,1.8783563573335937,2.515760999224056,2.1877502457388744,0.9917201006478285,0.9584673535079602,2.6318724378201717,1.1938840769296686,1.3095003938713627,1.1121094256137098,1.7788469611898838,1.8190627344997965,1.2849967500160335,1.156985912497592,0.8107059377804294,1.0468199039618555,1.4902913744919681,1.036230046899961,1.092925795877022,1.368161274030543,1.4045313114138387,1.053856797619732,0.8370916787792925,1.8483146860981914,2.1398801845719206,0.8932515121843148,2.5972594175938712,1.1127671751627128,1.4618591135517596,1.4219672315705867,0.9606812624371397,1.3884339058373936,1.1981158353908417,1.5736556231536214,1.3806969043815744,0.990761947124721,1.230664117891345,1.2242292348437458,0.9880747969478793,1.2626699976612499,1.5410027291765287,1.256787728717172
SP:01,1.0898383180109321,0.7395704375127745,1.7942041530369233,1.0494474337082234,0.6255417467775781,1.2503903984980094,1.1139696375279133,2.259005366522176,1.1514322743270347,1.012962867511348,0.5850422741209952,1.452081723831291,2.0351288605705697,0.5518159399726194,0.42456026412260106,0.4152108192483907,0.8789102144270974,0.6863366178149556,0.5605275680907907,0.643671416052206,0.5710024079245404,0.6124975765565518,0.6649314582288148,0.8055649396161072,0.6496890415095731,0.6638605855867544,0.9485028279428529,1.7689950163082995,0.9171037198282683,1.266460801988991,1.1435947903749641,3.0773468700945728,2.1356302609514852,1.852901724503713,1.8605585686320025,1.8699953590693748,2.217788904926071,1.1685647016829244,1.3584354414757998,1.9515183826067017,1.6860052776957613,1.281692240306807,0.870660090178484,0.7846059751895332,0.7991253280416863,1.2208576975386582,2.03775003481085,0.9783652666674308,0.9876995844369353,2.2497245500017615,3.469771915819177,1.4029902695965353,1.1874242483926134,3.8904269757625385,3.382729494514591,1.0038815785692732,1.8100142630916647,0.7469448030796185,0.8499532202120355,0.34564361258194826,1.2772789224729433,0.7635935062576985,0.7957139970719425,1.0745855948118375,1.14347006136386,0.8360129484311862,0.9399119601993358,1.1449084499653017,1.0971879261779722,1.0698742141622073,0.6777559123387754,1.4000447472800428,0.7786444416835123,1.5089426090562796,1.2063665968230746,4.299155329454016,1.0571097511371954,0.0,1.1734000459609926,3.086498282795141,0.4388773934832235,0.6070188956412254,2.1350235914823417,1.8025173785190596,1.1086611633978576,1.298618811216521,1.2913003503997946,1.4883926643330445,1.5240526173298665,1.3875026158192174,0.7797724571714052,1.1316133983027827,1.1219507454806996,0.9129975455825101,1.156572419001178,0.7769222483727667,0.3528496240516261,0.4762339933099056,0.7593582714758469,1.6185810032721009,0.7624003587049707,1.4378649259647156,1.6905726458393877,1.122924374099299,0.8951125160223941,0.6712979239371861,2.708090465914995,1.0974117532284624,1.525988849337816,1.5464054151604518,0.8376436610872785,1.5217747242079651,0.7814076708139085,0.6169226078795421,0.6723016494625786,0.6030582721832085,1.5247777188931924,1.4791379957123822,1.8557409660595419,1.9029762473340281,1.231275567627993,1.5577234205598558,1.49436215751051,1.7149914677643068,0.944070265266554,1.0164158411483586,0.5194594740799406,1.5619056523084034,4.5325033129467736,0.7529673309693232,1.645960643445978,4.111868644539118,1.500188656540307,2.360146246345182,2.0906901072992716,0.4807486573896818,1.0197845724176364,2.4781420642850955,1.2632426754126314,1.0199707042772053,0.5026759470456011,1.518514114641185,2.3906676930484494,0.8631817003033295,0.8180738923441201,1.387566480789612,1.0055806771023825,1.3456096414586725,0.3445401721350704,0.5186501301983142,0.7754250567021217,1.1276990644139337,0.6604328287973148,0.61966519266377,2.166246551667782,1.7388148955687057,0.8863461005584596,2.4825162895120707,0.6484527981596626,1.6771725697847175,0.8933466263662948,0.4274792933639654,0.8636300898780856,0.7330840461894332,1.4180046397650972,0.8632652104000262,1.18043077036267,0.5082637334488849,0.5647176852686012,0.39172565332862674,0.9871177674178311,1.0470090525291718,0.8620340366881073
SP:02,1.5011226142950134,1.0960347150808276,1.6932004165576429,1.070870440133728,1.2642371826329104,1.7969454157401343,1.5451097112393297,2.588277172484459,1.0666429067920686,0.8023959321608889,0.957070514778823,0.7496254622636243,1.470828147209873,1.383801049165988,1.1162070418126462,1.1042220921084192,0.9141217179750257,0.9462285292326221,1.2540987627952307,1.3006203610010376,1.3671306071049085,1.3918255751767787,1.1115074528440252,1.478327126235305,0.9457523223147106,1.09739727088954,1.0747617305841868,1.846555671087501,0.9572921014505541,1.210239735966191,1.316312067984992,3.1267861928839165,2.106349219017444,2.056536207267397,1.4490657471713206,1.3450491037161618,2.014505914146101,1.0900320254143183,1.1997397325066892,1.3353364907815835,1.519990004097724,1.058825509996635,1.155532347392698,0.7950759163168479,0.7623454144520977,0.8443977926513491,1.5202453444043929,0.8714120849297312,0.8291498780760851,1.5830851787000402,2.7041729859191954,0.9689520731207767,0.9328661879241552,3.1361499674956494,2.6471789381202426,0.788663854389224,1.571431859172257,1.1427371489912574,1.1580454103650788,1.2051587644107369,1.1240559850583152,1.2109820159711857,1.2536141867653257,1.0234648501923527,1.072681670082587,1.1096338063323734,1.026933699341773,0.976391266852219,0.9091508375432512,0.8587946193544245,0.9899448783517428,0.588551533111835,0.8795135820919051,1.0113634717570557,0.5525702019129314,3.4044239171042268,1.6283128311759565,1.1734000459609926,0.0,2.303863680981053,1.3634106135936837,1.1131817749757689,1.8098203947346116,2.005330479857975,1.482765713871198,1.5287596851273493,1.8472978300613843,1.0920943960669485,1.0157365428947993,0.966356480570425,1.1810954423633668,0.9604138992921831,0.9517173932072454,1.1829886485201278,1.1038987380782526,1.2650829409490356,1.0936900689163722,0.9123322479939009,1.3555491004057667,1.1765467459714278,1.0192709606625276,1.1088445883463822,1.5813289678848248,0.7368754309717862,1.0223890439079262,1.0239242138026727,1.9341820051321867,1.0066540558835269,1.3591587093234752,0.9656096015483746,1.215413977121095,1.4488428776150994,1.3091613449682344,1.0884536941230536,1.085421516142732,1.0137605143104567,1.2879017602260059,1.0972408219303835,1.19915356471485,1.3076174552978492,1.4594422260313198,1.5382577759103346,1.0798257557563566,1.2154849574980915,1.1007289809384486,1.296513896742512,1.0593198861764022,1.0990193672467004,3.6666247717923866,1.0610455163451848,0.6645971291552374,3.164240778683654,1.6618533929703154,1.8121316903101912,1.6190659047507228,1.1643186564564152,1.2557875457757615,1.645028113853619,1.273568072376319,0.8213788807787509,1.3561771504496556,1.0946769379237002,2.6999702338036795,0.8819338779731778,1.080702069055213,1.777484179434416,1.017845102130179,1.1215073335523777,1.2658478507207975,1.055650032048555,1.1123043545868987,0.860530043981005,1.393103653498807,1.1539719656532668,2.3189021632337927,1.2265552751001334,1.240264797562469,1.652174135399959,1.0105601893858607,1.1809048229802759,1.3637699406650883,1.0822636904323049,1.041535516569326,1.186418661701977,1.0920751069172507,1.1821640666692035,1.3291673245048037,1.080250681398727,1.4719979655187372,0.9968838498635381,0.8211218797176623,0.8038431779808989,1.2917190131633907
SP:03,2.9885575123294768,2.825574389766997,2.7062902010414533,2.5965258316003235,3.1518323516111444,3.5344049227181986,3.2144466214185496,4.002980793040881,2.806035578048875,2.5733368122120557,2.755467735269017,2.0817394974599717,1.5235597257770706,3.206924551338072,2.994824396634305,3.0235900643780904,2.5527805223253006,2.6746068330308574,2.9938070975546984,2.9663120884572907,3.171599036879586,3.3139575281862745,2.6748086936090285,3.351462717209252,2.614241122506518,2.9853559023395695,2.741529168578973,3.2324707328600906,2.547509137246325,2.202728429006584,2.628183828790891,4.216118506664414,3.211351474423301,3.5634008824715395,2.409893421052917,2.365321989725726,3.1980651569460967,2.804807895270673,2.54976641451304,1.8873988095767282,2.7310194975002227,2.4398375907361465,2.8384448488929483,2.5351818745104833,2.627488849291624,2.1381941775369504,1.7459366050416785,2.7361053193104334,2.5495534359226806,1.2686762289578775,0.9945253009746272,1.8985946424926892,2.4122711095497427,1.278177058313375,0.8854766703130682,2.3273745231380114,1.8147512539183186,2.561117814981347,2.688243836155841,3.031596655822778,2.1097722835177493,2.9029533471746003,2.765184383768598,2.324874973687564,2.279826978394649,2.6661374817870636,2.7171722498621915,2.65533617112184,2.438610906278282,2.25746958487021,2.8039313591944803,2.201584080503117,2.7079939841938527,1.9997693193785664,2.220051492920773,1.562680947716568,3.278842108281713,3.086498282795141,2.303863680981053,0.0,3.189144091446869,2.9587626178706903,2.4927892503892592,3.5175364976906285,2.7194629226151643,2.863320643882014,3.2532716595175293,2.2174192273103017,2.1067106276044094,2.12888126405713,2.687022398427824,2.678457760978022,2.199448207504217,2.917242551664957,2.5830533205871435,3.032156574573406,2.951647473512092,2.8260041758104197,3.1716075655583653,1.8159366254421727,2.695092526749615,2.290192058606773,2.966621370475687,2.192688947686464,2.5809652537729306,2.8525747242359536,0.9588947312497609,2.471093314127931,2.8328252370542635,1.8957950715978351,2.6553375071735834,3.127940088791546,3.088360179882695,2.916397893519627,2.911014572997564,2.6838682475800164,2.210783291350967,1.9934497737394459,1.4595347944861703,1.7923374775511436,2.834671636238964,3.106397762369405,2.0185270099023143,1.6428824073663735,2.6574655310522277,3.0048208683761737,2.8456965457303163,1.9673451450624115,1.90692507029029,2.7035080368138664,2.0576274317741916,1.2158917086729757,2.8873595853230776,1.1661727028224753,1.7041999829588907,2.9968984344456957,3.124085542389157,0.8148729166000885,3.0362465755004733,2.401278422906827,3.220921478797603,1.78975754003169,4.077136225278815,2.6839404991013325,2.6643399783854815,3.2961860829893572,2.7062245560186398,2.560043879385756,3.0829938819706033,2.8184890724443243,2.7557605337344593,2.3989350168423194,3.2306078918652528,3.135435789367812,3.6930552495145315,1.6943322902598492,3.079076760103951,1.005773311223113,2.85936644610036,2.2068830838311735,3.1126827450083208,3.025472490995024,2.5113381047315864,3.0467750710991988,2.224508525959228,2.6109635494412538,3.1641445379465543,2.9928149801357993,3.1744585524137237,2.840664285400588,2.529407782569627,2.3541461796804173,3.0376215033685057
SP:04,1.2011118400864904,0.8436400683730914,1.9556921860209757,1.189672663992042,0.8072197822149156,1.3597756991682264,1.2413843208358322,2.4451841754450117,1.2632247877412892,1.1094936462008942,0.5732939898158729,1.5549443242210832,2.209272511952057,0.6344906470056579,0.4983924749911203,0.5987573682613825,0.9345957893316951,0.8068941843334332,0.6574123834052691,0.7661522887297783,0.725170477959146,0.755443245015679,0.7810202543984079,0.9737212857996591,0.7718865160222617,0.7396351625921113,0.9806839673035785,1.9707053803805392,1.0180659873773803,1.3940825445875058,1.3442482005720833,3.241083237317883,2.259903517524174,1.922217295047333,1.9634387471666237,1.9422840529263117,2.210481407600023,1.2849703275424156,1.5102141062751224,2.0685495719418876,1.848202924616016,1.3425975383263153,0.9005628067809907,0.8844155123339201,0.8971791811561621,1.2614057697907888,2.1404646673259378,1.0321105146551433,0.9792560143177167,2.39338480697668,3.5581389787052204,1.4629480131118646,1.2134733266261393,3.958384054534179,3.4646239890097217,1.0758061401830532,1.9618163270927482,0.8482172747988439,0.9790461846105141,0.5784130830517571,1.3835429888845276,0.6866708408757026,0.7892909932393845,1.101246962206953,1.2066758643091293,0.8526282220004142,0.9241455584143936,1.16893610584706,1.2285864302284797,1.1068050437595343,0.6706416254725112,1.5262896423419028,0.7791631209806916,1.5733533729135845,1.341807453957256,4.456844784221211,1.1419700068417749,0.4388773934832235,1.3634106135936837,3.189144091446869,0.0,0.47645402659398095,2.259233200049637,1.9966363859908483,1.196013334198291,1.4812798394523186,1.415893850865405,1.5565729301163376,1.6544399468565267,1.4605000957551528,1.0398476480546144,1.3271620198425162,1.2418156835058776,0.971709188734733,1.0514190976878206,0.7789628324689472,0.4908423793217346,0.6986399768562186,0.7172857533940017,1.6540174222296569,0.8094469443176492,1.4349369731266826,1.895137185450715,1.2404773227325292,0.847696909177305,0.7466232154905406,2.7734045740733024,1.072487077109451,1.7674184626948597,1.5849036928503277,1.0799747756247684,1.7257369635786077,0.6407160787550953,0.5468005237033914,0.7369803071959588,0.6492314531212942,1.7097633612156846,1.6970531209499211,1.9736534174787344,1.9707632186791957,1.132259771070187,1.8000276338946073,1.5828495900815651,1.7453474675861003,1.0783967718512795,1.2835036012586316,0.6350470643547845,1.7500612173468932,4.58475868455905,0.9928951988803364,1.7847093379206265,4.183096621184853,1.75404913353652,2.4748335681609213,2.1709071931630968,0.4809546387432459,1.3493218941973222,2.59263803474549,1.4573125604768904,1.105883936534071,0.22617485204001384,1.6493824811270417,2.538808122060555,1.021148753033471,0.9248464602003487,1.5697670024003503,1.183334342634251,1.4772015789266282,0.29126732204605676,0.42545933588888707,0.7029421068914783,1.1757596780454516,0.5768702370557754,0.8615221148988707,2.3193291784690655,1.7902372144101237,1.0978183723193575,2.5800444525492163,0.7190611580655498,1.8224724196306779,0.6732599863164592,0.5905514526231787,1.112440806010548,0.6168063869682463,1.6121872842936475,0.9765289117159638,1.3906909981088071,0.48988398768919705,0.3557564480497661,0.48328230325096416,1.136122250258337,1.203421649840983,0.8150137580831261
SP:05,1.03349353277466,0.6233943026931963,1.6676254365293706,0.9423880356741778,0.784703458719844,1.2410816878388071,1.0876121122427083,2.335391355461886,1.211481514534674,0.9710773008935415,0.464647184602441,1.329279336300717,1.9902481391162454,0.62738910057642,0.4775015535376219,0.5062695471647248,0.8155580731401177,0.6879416769936598,0.6962563902343173,0.8161775429105675,0.7472783442233384,0.7503005768712855,0.7141655089256355,0.9505272046538069,0.6281206684677764,0.656822809444216,0.7823193262984021,1.843349572095468,0.8380085316439684,1.1981751761978356,1.2827988335495335,3.0902810427741283,2.026085877566061,1.8113529890138624,1.5957299348293192,1.565092629684142,2.0929840120272614,1.0053799553648268,1.1974043643359449,1.7874645144956527,1.5696758407203635,1.0167945339669697,0.6168123947695089,0.6773195426013309,0.7796673709394951,1.0038813278170142,2.0202631467975256,0.9209834089205844,0.7689398738293071,2.2011362813888913,3.358527639660282,1.2643134485824767,1.0893660132426743,3.724151468084359,3.2678033519761818,0.9517254816627065,1.8776381016076558,0.7801728630218362,0.9260845195733338,0.6305357900773741,1.3070809423690988,0.6839687542646367,0.769451311715768,1.0295265235395297,1.1054512897018214,0.7224160756359118,0.8227380040545998,0.9825716231925208,1.0266514583807205,0.954907246922765,0.5495852028503355,1.3193630964747514,0.6501289344128064,1.3843428201986223,1.1541928226550098,4.208079679365075,0.9775432153951776,0.6070188956412254,1.1131817749757689,2.9587626178706903,0.47645402659398095,0.0,2.0637638714156625,1.8230853191161651,1.1947116057842069,1.45559204378015,1.5256120448284363,1.2367617897070962,1.4309931649149006,1.1260544337888956,1.005180903240752,1.1371324188407297,1.02881811989735,0.7286797567673169,0.7453117557807047,0.5664280494334925,0.5924604791207327,0.5715522176587606,0.5988195029203419,1.4108359754024615,0.6267367022139857,1.120152650927999,1.6449437995708773,0.992448187053449,0.6625058763249968,0.5414544501298473,2.495614925104897,0.779341953296288,1.5704166453006625,1.2744096646513006,1.0939475424050078,1.5358022415930752,0.5849982326850313,0.29330249704250605,0.5310101299261886,0.5589587798653154,1.627653267744088,1.5220650611371667,1.6785996334663407,1.655342304989401,1.120707354712235,1.61270993684556,1.2754078414186054,1.4817036178305614,1.0110051916120846,1.110168547859654,0.5279172390663464,1.5194406405515044,4.366023696862996,0.9308932814264642,1.4724764959930468,3.92673201301621,1.7762226611234742,2.26950795879773,1.9215030262871238,0.516063821257911,1.2140071830590586,2.3095875404341544,1.312357106572999,0.7801183118214354,0.44697347062605475,1.414219403057436,2.4449743569536704,0.7611765027760473,0.7260365565280297,1.4623476856052762,0.971153059684764,1.3267166622595583,0.4777366327489542,0.2954446123976375,0.7051018700609779,0.8520346556609697,0.5415924966958426,0.7813172668392243,2.2173384669811074,1.6537375874507025,0.9979656725144285,2.295249051225406,0.6132643496501816,1.4231902138551267,0.6598420493507976,0.5600657705048463,1.1139590549748766,0.4477345118101962,1.4358328258955457,0.9564065050345779,1.210105226128233,0.5090212058839386,0.6713972929299173,0.4005135432667963,0.8440673832678904,0.9943248053585978,0.6986824342552698
SP:06,2.0667670092400816,2.189431503674624,1.5171500530870572,1.7567742589654631,2.0682502706501213,2.101797840270645,1.794425369706712,2.1462012914123885,2.594914368005794,2.2637261216511235,2.0412037007695845,2.0411023941733313,1.8527513225950991,2.224531048241172,2.233615665080784,1.9605506727798285,2.291677060969151,2.1549439702604722,2.2510600702107735,2.3223109389363397,1.871338824903362,2.0384334106458426,1.9644864576147456,1.8853417260162255,1.9203583400973832,2.0016645372520707,1.846310163427238,1.361792247823844,1.8127768365101595,1.770690979897472,1.3445596855441266,2.0789178808473228,1.2978717417457875,1.9501680007689406,1.3844514266396464,1.9209375439489156,2.01678127655907,2.021171647204177,1.7740604276890313,1.9219977627522942,1.7747370391723087,1.758133046897189,2.046459364122551,1.8696352629668576,1.9283728169098249,1.895315654084031,2.156623561054343,1.992301049162697,2.082900932380475,1.520024846672661,2.639980821730201,2.031639878195419,2.4141012603247645,3.205180522158421,2.9232205556497677,2.103365085066312,1.8183404910694354,1.9365601202158285,1.5226037245923425,2.1060760530643763,1.8935584558342318,2.417770281917792,2.2614784266392367,2.2247734028479957,2.0888575317589324,2.285601004512918,2.331119327839033,2.19993885473199,1.6352553728522357,2.1185565494618412,2.245615383071423,2.1690232480972846,2.1392812172395232,2.283901377861957,2.073384975738651,3.1719391692324463,1.9965358699495275,2.1350235914823417,1.8098203947346116,2.4927892503892592,2.259233200049637,2.0637638714156625,0.0,1.645727332438041,1.402006276141817,1.2141476700021545,1.682270964088754,2.10970608053166,1.3682976413477634,1.8830144229068202,1.6004117676354774,1.661492819988702,1.5137005109024373,2.3498146313417014,2.14194745793088,2.3007478046704004,2.0232870528043576,1.862468771757118,2.4246348245672373,1.9804196429471117,2.2232627195690804,2.3060044068746888,1.2707156384088918,1.9244284131079081,2.099800482225943,2.0790088359133407,2.399018768512539,2.213664178524395,1.3131690044348179,2.0396848045426577,1.6626134320617338,1.4359298136506904,2.5312426817766105,2.010222631100149,2.0998050826766224,2.0972932680425145,1.811789518161009,1.6302163048063516,1.8950690813173332,2.174827810748927,2.7305860200273933,1.5817142779593707,1.9853655163154111,1.789094317450682,1.4293037611196673,1.8838914581203299,1.9033825921622356,2.0531435366842654,4.14785851614745,1.575426143497898,1.4490664503507449,3.4109425454847364,1.6837600205011352,2.1805927661229174,2.4302105854343075,2.04877513057254,2.0951135141790833,2.0188219160081657,1.357934438896049,1.8946672506250528,2.3084832337236696,1.9746538100222362,1.9148498757083083,2.1673529340165696,2.182786598393543,1.586896726744676,1.3803988352283307,1.2865972183804304,2.239236352566831,2.031325765536302,2.1463580262646738,2.063629982280848,2.4831379944577914,2.0343942183389534,1.4148560647237205,1.7715100374164667,1.6132010172052493,2.1174225071812742,2.1587462929244,1.6646241134409894,2.574612835240927,2.108582173869816,1.6409726431846419,2.34319322454922,0.9736238460853357,1.6270736209500043,1.937526739517247,2.3058245881369803,2.4214236916548435,1.9085410551794249,2.050149053075251,1.996925802172404,2.565171140440858
SP:07,1.5369130400499262,1.8623634642756497,1.2215079410327263,1.545132658611256,1.5056001466644084,1.051298018889993,1.0250556226686949,0.9396021453915168,2.5912885857503674,2.3583749377495042,2.0100794204562016,2.457751677213996,2.461046127318895,1.6921505569407707,1.9095674863306247,1.6296084056869615,2.2692599228608628,2.0142603722874113,1.9168429752775762,1.9675804726340733,1.452019762445957,1.410722901172783,1.7744564469631865,1.1701993690355497,1.7707839364481828,1.7015327854659987,1.6430458991628325,0.9052545148562995,1.6823071141925943,1.8303185858670517,1.386924146356019,1.766803673180565,0.9206947703037273,1.8219340876979633,1.4499223725915298,2.0321631352143705,2.5106100862892378,1.5593523693080058,1.5717289874743172,2.215744484949781,1.379996283047378,1.6595822115143377,1.701164377521655,1.843922830221504,2.0558877681469068,2.121428845935232,2.6885505388420006,2.11309096353453,2.10519479338385,2.5515889009492856,3.759759439489452,2.434175617247251,2.513678929199484,4.284334789854073,3.9154703261330086,2.329535342456379,2.412699345732679,1.8876457232837023,1.573237166240732,1.7177820498303973,2.1584272369955073,2.2431363681530403,2.06733836937504,2.4249781144888054,2.2556752883056173,2.1334460036841194,2.2150923284516777,2.1380186508841392,1.835846953947424,2.380861929256716,2.0384489984102876,2.4373425609117993,2.150625746015573,2.6022431062569025,2.3418798539936208,4.485759534044846,1.2198096476082376,1.8025173785190596,2.005330479857975,3.5175364976906285,1.9966363859908483,1.8230853191161651,1.645727332438041,0.0,1.5369219733209332,1.4538730057230498,1.5229988505451018,2.0630690798161364,1.9401993641135034,1.9740511706538595,1.4528606139613385,1.5464091553580221,1.738906573712314,1.9040892009755261,2.1385909468881805,1.812840742018747,1.8542674777607182,1.6395041836452364,1.8868190547777624,2.385108548653017,2.0253107280923572,2.3413450863856435,0.6537647986881823,2.0494376347751673,2.0836053181667262,1.7521738909402091,3.1719173522360014,2.136755020698958,1.074142372017774,2.358657502123876,1.6707717568927734,0.9523777699473902,2.2331808255142818,1.7472127019766512,1.6979622166806678,2.047633997481638,2.3579949483223865,2.059999652225697,2.3719880104729603,2.4285543908711626,2.725379123230622,0.7882244824031215,2.1169603442284233,2.3458484350276154,1.4609480451156458,1.13298712432415,1.678609651018373,2.2214800003068826,5.226701946913631,1.406055782937207,1.9937779656549115,4.569145585952327,1.9512272190244437,2.822835977182055,2.7324769099235424,1.782917121066439,1.3264529042306552,2.8863053391470648,1.0299167404559844,1.8809768658005246,1.999395326684316,2.302944517794686,1.0702973464814103,1.9548879668689778,1.9594093227804181,0.6989489744259442,1.246327443504374,1.5596576859388873,1.9103611752599774,1.9086055260646384,2.123785305936886,2.0839121633742343,1.990025868791257,1.4205013206087407,1.0292017817655896,2.509530425575019,1.0555007916836072,2.874920149020661,1.8739289522583993,1.7377588380241833,2.342364032979674,1.6830855854280968,1.8436640846465506,2.0791949653993833,1.6343441890297452,1.8644352593281681,1.0953972196837143,2.0504081814783346,2.1610153564536954,1.7155559219152794,1.8410729210697572,2.061639178373392,2.220656016093685
SP:08,1.2518261291277046,1.3418167237502987,1.3743620134194108,1.0321876138696762,1.1469405340300423,1.4023229113147657,1.1271404924741346,2.0358447245959734,1.9350395929226962,1.6383633072455437,1.1785085764211243,1.7137262389520274,1.6857013321169763,1.2430386879835633,1.2490970272138864,1.1129860583161728,1.4421831221324335,1.2940999530787662,1.2501241292177527,1.3287136097927588,0.9838188858632629,1.1663840975398991,0.9744309702859637,1.075368252633967,0.9996885620553099,1.1382798221556347,1.0319585477030884,1.328253536198785,1.0258238897625978,1.0590612448328438,0.6959343799911017,2.6405565237544426,1.6926302066517582,1.8716977321398263,1.529883563324018,1.8487671639027363,2.1409222338073963,1.3825174932348572,1.3244572399719616,1.7053120398127486,1.4968552045401384,1.2042845886428528,1.2558966676201226,1.0715905977931663,1.252671077157414,1.262212963229221,1.8757375362554454,1.3775604180832224,1.3130611244456263,1.7990182385004156,2.9766063523130266,1.4952053838019361,1.6782279106021942,3.5277887687086147,3.08393911687632,1.4035432925026756,1.4877016334481221,0.9776423753921231,0.707827673837419,1.1062414816829065,1.193938359333067,1.4373242634496808,1.2387907460064442,1.4358519080906753,1.3010749247279578,1.3551029873208116,1.4351778027983055,1.4913004799318994,1.0670321612227505,1.4526610653826098,1.322737533639044,1.7689871599258362,1.3507887696786716,1.7164715754172426,1.5916044491847052,3.8152348575796378,1.2177193952552046,1.1086611633978576,1.482765713871198,2.7194629226151643,1.196013334198291,1.1947116057842069,1.402006276141817,1.5369219733209332,0.0,0.7583860996885377,0.8062068138627826,1.5849181220978543,1.2107411507513428,1.3948353127830888,0.6474912564355028,1.106267693106574,0.8719435238045089,1.578319126049473,1.5105685770109747,1.4266132117940973,0.9911840762655798,1.018414135619368,1.4774028988477292,1.5488031357013212,1.3746481390313194,1.7513473684338154,1.3103039781532984,1.309131395772802,1.343935870204889,1.2302436827478938,2.4624871555491894,1.4898229581275768,1.1748636852493075,1.6862625050669966,0.6909281853207482,1.352104765745708,1.6070267779777505,1.1224060347156035,1.2088011193855013,1.1979383470258425,1.549120427018221,1.4267395584422533,1.6969186235284568,1.9047279333621858,1.8589781667683758,1.3285575312618392,1.5420397978306624,1.4965363910707825,0.6065190636496633,1.192364303409969,0.9955821519703338,1.5636889064245025,4.333830943991848,0.7423096003296248,1.6072762262886169,3.780860042199964,1.2400465120212856,1.959390846432971,2.061934028916017,0.9726743897709955,1.4338813361098568,2.200330435298317,1.0601436811518923,1.299057578237619,1.2522115765569755,1.56611473769918,1.9831470317978028,1.5112848818526818,1.364819896542903,1.1141044549404757,0.7718842898362077,0.9217843734853167,1.1791306088391476,1.0900679146775996,1.1582593935757748,1.5489821964161603,1.5181629766079066,1.1458884541893963,1.6833033644878916,1.4592815504415402,0.8717508865651892,2.1997001825942277,1.1925962401689392,1.6596993227874204,1.6559559304786984,1.1410983618984314,0.8332301006987145,1.531713961594936,1.0365646844863081,0.9361690373782914,1.3629965943278675,1.3554705430601062,1.274146177226115,0.9608613298268422,1.4096688191086024,1.466688544923006,1.6749158105275215
SP:09,1.6172709935120289,1.5653366535766364,1.5815480358473244,1.3832263744717062,1.393377181620596,1.603158536686109,1.2899514300644066,2.0253338862000905,2.0173421619790504,1.7359102671772935,1.4368466690642054,1.797948243791216,1.8772788002335783,1.4832840454816936,1.519080491551141,1.242615846394981,1.7148644992108455,1.5465951499991375,1.5019006494980751,1.6172420269536378,1.0667194334190417,1.2996360827148132,1.3188278736045025,1.1500081500518322,1.3441939182403877,1.2944446074294478,1.3525401393878125,1.2365557921623045,1.3451465190900946,1.388658327685323,0.8976623113262641,2.4562355857938343,1.6407745508154572,1.5230835469752813,1.6116861042018982,2.0034251674179755,1.8608394294267552,1.647179275437493,1.5864036183030834,1.9905150069131097,1.7530607741897715,1.54474434597711,1.5661701905283045,1.3328579898404869,1.306642212247606,1.5587934055513386,2.1363857760583334,1.4460627995229782,1.5946884069424259,1.8713797217412556,3.1128869986836984,1.704929506052474,1.93274407143194,3.68068604656837,3.2235573925189107,1.602251948136986,1.7348765863617062,1.292697861785084,0.8732539899225076,1.292237927469752,1.5127331497272674,1.7481098361645497,1.6278251330860112,1.737195807188635,1.6107731326983892,1.6850902137998733,1.7414228666927505,1.6809068664557467,1.2327679345904525,1.6521183207452088,1.641940045991704,1.8711744216361328,1.5389340275619534,1.9313134012573991,1.6458524386265367,3.77200017395273,1.4618718910279849,1.298618811216521,1.5287596851273493,2.863320643882014,1.4812798394523186,1.45559204378015,1.2141476700021545,1.4538730057230498,0.7583860996885377,0.0,0.8548392437500982,1.9156913663411121,1.231211237725357,1.6935761505005087,0.8973124847828934,1.313370336893875,1.1984804530232618,1.8294938925648796,1.7602269341120678,1.7234979752388238,1.2509313405638363,1.1403011279421618,1.7894669619647001,1.8677540065638603,1.6407615195044685,2.0684220037526853,1.2994578427849128,1.528020683702999,1.6112889072635836,1.483893911945437,2.7032113373709072,1.8345365457905227,1.178631204157028,1.8939222467163181,0.9576771345766235,1.2277549234963174,1.872442978321967,1.4250539534982178,1.5131367711469956,1.4168559594857388,1.374201135131363,1.3969497563109567,1.9386612932972276,2.196958894518901,2.1492343605376933,1.3976050700950282,1.8254777960845094,1.8195934217156744,0.9856074764685111,1.3462229550363707,1.2272343187921,1.8254656030296572,4.510845688358049,0.9274378123501114,1.553806255850637,3.91195243213489,0.7622608609355283,2.251068929328231,2.4064536458812107,1.3462606150965708,1.534547958835742,2.305761346532489,1.0260180895451942,1.4885689373615092,1.5547202802711781,1.7507857705716006,1.8010998776205,1.6083125109601566,1.6025616809695058,1.1806450320063109,0.9173613533475999,1.1076136689444411,1.4839240013587278,1.3833817058824063,1.5475868270376776,1.7131452463334331,1.7833993059157542,1.3753393943368892,1.335882282731245,1.7572037141836285,0.9958675638088285,2.406188724338113,1.549871365175821,1.706890139426558,1.9547594567652726,1.403572996818247,0.8768678997430811,1.7339113029564235,0.8889004021276165,0.9512439147632884,1.5468932262127673,1.6330499081528085,1.6272510705417729,1.2247185679973345,1.5985799812458625,1.526651760524217,1.9478527161503294
SP:10,1.453064694673552,1.612923746711717,1.687295082260104,1.3971448959647215,1.2465814836228954,1.403887719238661,1.162711051944505,1.8208299248269235,2.2030991185062634,2.0040963110797936,1.5352090482912384,2.165596591531951,2.1626545286987744,1.3390665790128777,1.4689875330324913,1.3261531615148616,1.8018548793603364,1.578796395635722,1.3871254528479657,1.4860128160403225,1.0644427354339523,1.1820564743992585,1.3044547836603742,1.068391390839799,1.3647989772767746,1.3921962860664732,1.482736346820815,1.3567899728905988,1.4665657462376798,1.5255386826835011,0.9773531223570913,2.488576794633571,1.7867234826949743,1.918778231136911,1.9755354477991909,2.415940361517676,2.383905465038776,1.6833865080747357,1.7378997632358628,2.1646437809391896,1.7714961883458913,1.7278652154123002,1.583055634271923,1.44025194489791,1.6335879253471164,1.7937068486198873,2.3055898385042837,1.7617063683679173,1.762518124672142,2.300939432785924,3.452934294107086,2.0248427441938146,2.1032849228340043,4.023667358247557,3.5810642876043337,1.8127284421055438,1.8172660090389017,1.342973278347023,1.0756621647208813,1.3243616579331854,1.599319072717548,1.6759779153249468,1.5205651728978342,1.850599951288415,1.6514755362402525,1.6865780120879763,1.81650439617777,1.8985258846570083,1.52752078526346,1.8727471067510288,1.6533194034349834,2.1304973774899567,1.747173222303158,2.207508805997619,1.9944166103817274,4.232517206868386,1.3569518563480119,1.2913003503997946,1.8472978300613843,3.2532716595175293,1.415893850865405,1.5256120448284363,1.682270964088754,1.5229988505451018,0.8062068138627826,0.8548392437500982,0.0,2.038717765128945,1.7536307164919265,1.8845697255975074,1.0094490047444573,1.445695117681309,1.376703270964614,1.8440729644706877,1.9442297269516984,1.6756700427479236,1.2529075160371264,1.3237243520165691,1.6923515972366916,2.037047484774867,1.6825047872946406,2.1770569421901294,1.4985512245580355,1.7675743442396252,1.7385713370601235,1.5332454699940163,2.949939576330637,1.9115021951143445,1.356516951089473,2.155726961652149,1.100812836559974,1.4676022633482946,1.8528940716446185,1.4315352841167162,1.5168111156416568,1.5983037335606898,1.97162704809639,1.867731640647161,2.2262924940725375,2.3456143206989717,2.1578787037335005,1.3942460250220021,1.9838109413721685,2.053981894216972,0.9899803497442982,1.3763414867535833,1.3443877720698056,1.9920773819511928,4.814461926021741,1.0481919204176426,2.018955730086587,4.244408117045824,1.2522567431869924,2.5097952789241535,2.516478478604838,1.2491609823234353,1.544587911465264,2.720661736327639,1.1313013348625727,1.7391629655925653,1.4767699818150155,2.058517142133525,1.7697590604843674,1.8463530055417539,1.719057452175672,1.1345163844873476,1.1985548399750758,1.2432337859081,1.3996374298125234,1.4581045281851335,1.4917527305524885,1.920253806926832,1.729414715112441,1.3094931397593355,1.5043996193348543,1.9388457794074903,1.0291400590449624,2.7215496032532878,1.4848633397672668,2.072310032746775,1.9038537997988247,1.3162629991483947,1.121762191141741,1.789402178658815,1.446091477235494,1.3261784184769685,1.4946255026298456,1.6053970227358028,1.4932630213427125,1.304739778781277,1.7641296473116441,1.8572909754748081,1.9334140634554762
SP:11,1.25074446204362,1.0373131706641017,1.4296833368352364,0.9395625295792156,1.3796843813063513,1.7231888054859519,1.5097907926971377,2.601348975279733,1.552288689420833,1.341631566572632,1.225951867892192,1.2705915243228232,1.4457669061469385,1.394230768712295,1.2454659149068077,1.3729411426980294,1.0136568973187925,1.010414296732619,1.2766277250103562,1.2680596536785904,1.5848994654389243,1.5537119645665172,1.020251639072516,1.6749955574053788,0.9194446428684848,1.309457084719764,1.051143550917509,2.0951073882182163,0.8930899602485729,0.8579070319761205,1.4682925955641848,3.340734882812354,2.0845470356460574,2.4417577713538847,1.316340176494906,1.2748235770617933,2.5828683991214056,0.9072575695733816,1.0291625219661698,0.89997686671024,1.347680088012536,0.7837439452064219,0.9948655212842976,0.9411000034927968,1.3576263581389667,0.686200836907124,1.4816672318047388,1.4862810848092871,1.0273401775434228,1.8189486304337934,2.608419162698786,0.9436796152841131,1.0370623157465304,3.0276290864662814,2.5237923589371363,1.096101668132755,1.5991882907028263,1.0550086762676838,1.3564622456580069,1.35885023263219,0.9763260278168514,1.1884094415693878,1.0597262633650841,1.0455857349000082,0.9947694136162037,0.9007365673640852,1.0210590946873728,1.1331975444493252,1.2350970442548097,1.0973611533594005,1.0278228821007125,1.1211688134433708,1.2411128528825843,1.1138969446806692,1.1536304960734378,3.555735251358312,1.5082220180152794,1.4883926643330445,1.0920943960669485,2.2174192273103017,1.5565729301163376,1.2367617897070962,2.10970608053166,2.0630690798161364,1.5849181220978543,1.9156913663411121,2.038717765128945,0.0,1.4650450077855228,0.32460925763792253,1.3482081893353242,1.17461054671553,0.8725306282991829,1.009016978182146,0.9752445992640582,1.1149131744302283,1.4130500279091145,1.2088704225546638,1.1847623310758586,0.8982960686184771,0.9339548438287533,0.6494370673938977,1.6682030262070306,0.6484345775861059,1.016666215534659,1.0310361520825406,1.6189005438137154,0.6593525812757809,1.6107847307421916,0.7159656135848715,1.4696733231344896,1.7037608096890988,1.3416350907793815,1.1205145134964998,0.9840250036394242,1.245779805294201,1.8114825197213562,1.3745057955912263,0.8434007276696476,0.6977772429973662,1.4728824545956605,1.6258626941507273,0.5716348235921147,0.9157407656183706,1.3118560597730262,1.2971597991838453,1.2056131011972717,0.8681848248332147,3.6092796311186017,1.2973862351963275,1.289704215475102,3.1006932902871673,2.2094742848015554,1.5141697895728718,1.0725414942088949,1.3036464564598715,1.3986007800220623,1.5594511686723245,1.6320713647682594,0.7823909288034949,1.5311682217080187,0.9414445491282152,2.8189653254729388,1.065819123425726,0.9615809580191018,1.7990220923122504,1.28126445191148,1.4000349466524196,1.3781887812244056,1.2046866509849143,1.2346354206242545,0.8396486663567314,1.369489941627712,1.3323848082250933,2.6087138187345937,1.3290642668263293,1.4867639150975016,1.4103735427269872,1.0572475531737704,1.0212975930536767,1.3803476956913938,1.2333275051658794,1.4450880146666736,1.3246260904173792,1.5246236191899396,1.573830245301735,1.3654928810905027,1.28125281238861,1.5686714794229215,1.2259030880813857,0.7301684751490404,1.0498430312209308,1.2443956138513204
SP:12,1.7651427844078693,1.5507127087477588,1.6559438063636196,1.3014953509160063,1.6200408472742185,2.0272152801341545,1.698616674515893,2.597216557738244,1.749342399307551,1.3304197544354759,1.3342564725799941,1.1399531471058868,1.270982820551474,1.756272904572214,1.5806040336003584,1.448577547242049,1.4244923895082502,1.4589778799723105,1.6549863748604945,1.7673591583038366,1.5728617928313153,1.7128426508125063,1.3776483667138821,1.6639684796287617,1.2948987190605061,1.349289992005184,1.1507219802448092,1.565836761102319,1.1400726495146027,1.2272945266351627,1.2652719840521867,2.937596483768292,1.9474773683819926,1.9673904512078009,1.1479457709727972,1.440236448281789,1.7287798108773211,1.4194606261252136,1.3760070994022335,1.425502877846628,1.5132924236390786,1.0575390181568598,1.5392727710264715,1.1738020682600048,1.0708432243059844,1.0878207590413504,1.6007809037032028,1.1673227237331807,1.1194770116044537,1.160207540018588,2.4731962859870773,1.1737048214230377,1.4552675386890488,2.943879987529485,2.544318929465533,1.2707878933703822,1.4912503534752264,1.3901795635716678,1.1938494721036235,1.5511309580398536,1.3206993122460722,1.706158926280245,1.603997450489818,1.442372355702722,1.3981253545027863,1.5731550674881087,1.4291369879773124,1.2048537292724968,0.9594141417911065,1.2321841289619886,1.4766875937554709,1.312835034667096,1.2770648135737874,1.2301954172751355,1.13493023637892,3.070093238108653,1.8235131549665033,1.5240526173298665,1.0157365428947993,2.1067106276044094,1.6544399468565267,1.4309931649149006,1.3682976413477634,1.9401993641135034,1.2107411507513428,1.231211237725357,1.7536307164919265,1.4650450077855228,0.0,1.250725553395884,1.2299299185950194,1.1846729974247232,0.9916015414008932,1.6803010671015288,1.401780871139536,1.6920614524230966,1.380661063737852,1.2352263926574036,1.8038597855739444,1.2527573997105776,1.4913183631827174,1.573211301680824,1.459065093262533,1.1405707244065137,1.434282986869813,1.3922995252241555,1.9516549695069665,1.4571491006796249,1.3099398120260894,1.2874800351436553,1.2473018444727315,1.4916170513055271,1.794832052041787,1.4346776749494676,1.4827602337287706,1.2824273794876364,1.2384595304959445,1.2021493130322753,1.2980470825252635,1.582579383142288,1.9193795184804678,1.6355284447221767,1.3312261414643605,1.27805277369055,1.1302432947981773,1.5155089130007824,1.3259662219542445,1.3414940735064655,3.6396055383145605,1.200017757083324,0.8352842232866807,3.059832419085743,1.361662468707252,1.5279208050771176,1.798779349495314,1.452116670176058,1.6872750277479316,1.5594611697694103,1.337558369273991,1.1342229301615436,1.6570180063473334,1.2849234539476948,2.5316317817221154,1.379951235256174,1.4909315217159775,1.778571606347449,0.987262648133661,1.0086314589034169,1.6338505681511468,1.3721168012863851,1.409821672916701,1.3476351910839006,1.83101321519927,1.5266487036338654,2.0540071340930797,1.1559400201362624,1.3484718855396636,1.639292530835484,1.4322150824353916,1.3221529307805944,1.845791761361561,1.499914869491695,1.1184009761418194,1.666990861697854,0.9597074270070635,1.1676225507441567,1.611836122046775,1.5709668379875998,1.7780726395363189,1.3055102832897811,1.2751641528914943,1.2501146146832993,1.8330979847892004
SP:13,1.2322965790739533,0.9931709733558182,1.3285313559261611,0.8401096983155257,1.324850801906419,1.6828273070589153,1.416430832213141,2.544680545607837,1.500244774084984,1.2441426875155333,1.080186505816406,1.1048138059403882,1.290417270991668,1.336664971374117,1.177720027487737,1.2457571581977562,0.9574292840636662,0.9449200876158178,1.227675448796663,1.2619100573981608,1.4474023185452325,1.4694333682322893,0.9541054967834457,1.5693932661985532,0.840899734501799,1.2187752621928818,0.9720407296382415,1.9695116009801905,0.8460316718416053,0.7699106496193687,1.32515019082642,3.209061432790776,1.9663880624571703,2.2571025308156574,1.2123246438328368,1.2023322283398958,2.3891909143732177,0.960245306860572,0.9540780442321043,0.9056215058063203,1.3456126456603066,0.7264725055320046,0.9547046937441097,0.8168540539639968,1.1850134666530747,0.505151499210098,1.4576838301764024,1.3319178418735034,0.9471981301306907,1.6659619107217853,2.507374332824038,0.7883471578887339,1.0192723551987628,2.9460508447936262,2.4450724105631787,0.9525486368193915,1.47089259652735,0.9328343787042646,1.1749571474520937,1.2696182665302393,0.9181059083513614,1.1520228946578126,1.0469021763750226,0.9500289687234869,0.9152416775255229,0.8706467370441423,1.0032682238059687,1.0972468871627823,1.0365670595778187,0.9531344799480626,1.0017066726909274,1.0403366951576674,1.1226099102279448,1.0358788314870997,1.0306805895152233,3.3899243496112956,1.4387324535056343,1.3875026158192174,0.966356480570425,2.12888126405713,1.4605000957551528,1.1260544337888956,1.8830144229068202,1.9740511706538595,1.3948353127830888,1.6935761505005087,1.8845697255975074,0.32460925763792253,1.250725553395884,0.0,1.2136196439082054,1.040226026031787,0.6717168557921267,1.0599404904423237,0.9017157237551795,1.1261196630211967,1.2863363513996688,1.0702407903184068,1.209212320001606,0.7703451455121035,0.8956925941964147,0.7107272474112575,1.5550384331072866,0.4929098356471864,0.9605254567495152,0.967000008817348,1.5737186387103292,0.6782720715599944,1.4781877102631062,0.6302967364478198,1.320238125607194,1.5755400524823968,1.3322290324127901,1.0346307928607434,0.9499614332943905,1.1323899261832056,1.6178803342914256,1.2331454915088556,0.7343654326758966,0.7511312337249159,1.4666984706593558,1.5572659389943697,0.4993586189414539,0.8071098805490746,1.16220238896055,1.2638095315905118,1.0845065393729125,0.7764348762365332,3.577526507903437,1.1732862782357503,1.1195951172897078,3.0424405598523148,1.997539035381168,1.4468259392417406,1.100143848690149,1.1987132200083723,1.3858626082404157,1.431785060219088,1.4824475544252422,0.6311196033383193,1.443098827139375,0.8514956704796557,2.687724902461469,1.0055472101912002,0.9293962019806746,1.7012657676101224,1.084938376161848,1.2215482730672604,1.3128574007927243,1.0911125268533821,1.1551884943612967,0.7790008981465605,1.3604292941507297,1.2825186235298784,2.4357173296390986,1.1623934923101595,1.3672335758653162,1.3224422502227737,1.0075223063667667,0.9098691206610854,1.3743063618833402,1.1802540568856472,1.256501557629315,1.2827712849741586,1.3048950835942477,1.3744644530977557,1.3667607829556703,1.2349389816034204,1.500338510434414,1.100551320082023,0.7152009014222596,0.9475774228437932,1.2680378964283072
SP:14,0.9206579046494019,0.9591147132316048,1.2789188850863782,0.7973862330028727,0.8401685076824085,1.2059587622926966,0.9803372345604922,1.9160683540357362,1.5565685660089421,1.3126610862483132,0.9591197282868197,1.5094542387982424,1.6158211861057383,0.9086097324974837,0.9417397022997607,0.7569056336938379,1.1470629772751813,0.9393333663325524,0.9195441534668363,0.933654454685585,0.7136714265526801,0.8522010333920595,0.6461894132459176,0.8456518655952676,0.6655032996843818,0.8799514009899285,0.8765218120076291,1.3050711831013695,0.7640933106021517,0.8708600028189629,0.555528798099656,2.6510022573256378,1.6957024091133595,1.7814641225955203,1.4590078135499425,1.6581653614715186,2.2116386076730956,1.066875504274792,1.025872041848379,1.5572660624185943,1.2796925872930287,1.0513321563096008,0.9444097520429117,0.7938520687958165,1.0257900666903317,1.1346843803053186,1.8163656903482919,1.2116433115334149,1.1435603522291193,1.7843210662368507,3.0696404652401457,1.3142417962916375,1.4073722350351248,3.5599027449674923,3.079365364002061,1.1611748088312994,1.4157086619375256,0.6996811320286556,0.5741330875483472,0.7204333485103178,1.0120520278103626,1.1741252976247811,0.9697213970583151,1.2063226916030945,1.1238706677163735,1.05773046710882,1.2130360205945858,1.2742308522918375,0.8850457233092682,1.221718473234227,1.0250369591401365,1.4978656218854947,1.101642034839546,1.5314902973506057,1.3002242257549415,3.862656253048672,0.9888443675797508,0.7797724571714052,1.1810954423633668,2.687022398427824,1.0398476480546144,1.005180903240752,1.6004117676354774,1.4528606139613385,0.6474912564355028,0.8973124847828934,1.0094490047444573,1.3482081893353242,1.2299299185950194,1.2136196439082054,0.0,0.8904432742987296,0.7219366661421238,1.1655265854766699,1.3668593595434761,1.0720250743347521,0.7444298863794891,0.665567935956698,1.1523543789261463,1.455581576909972,1.036712484162522,1.4666330322831396,1.228185625371117,1.051938012736385,1.1030246465957039,0.9170745909885868,2.3984786660024637,1.228726892428472,1.0450773197591978,1.4643084677461076,0.3280451853231442,1.2114403671199785,1.3089523482663936,0.8933780189550179,0.8764667041566913,0.888641008827963,1.3314589247491848,1.069247397839271,1.5186976350317245,1.6951140161927214,1.5794205560573125,1.1609540602800597,1.3164587177861558,1.3886018742091348,0.6237052219335865,0.7503399320757366,0.6603234269963443,1.2940879090507278,4.286895269254444,0.4323136327257377,1.4588463527336468,3.7853348736230945,1.1991674826683223,1.9252341432931408,1.8588531284931733,0.8171224379556665,0.9224173735584333,2.1259635757228716,1.0052818940473742,1.0278958123506856,1.0894346822795347,1.2541941700508394,2.0234005426600956,1.062280244019281,0.9286337552584113,0.9679370300202395,0.7379422903822486,0.9838081975572703,0.904486887868166,0.8784307876654616,1.0114966984128786,1.212691310728022,1.2032479493504644,0.7792162152074188,1.8097001539452018,1.5028801902214886,0.7086960415197662,2.153221997241252,0.9274807061483468,1.3795364559176966,1.4204271186014796,0.8233619422669964,0.5618170885198823,1.218455943478198,0.9526207055039981,0.7735073852208452,1.0484939330953018,1.0595375043041506,1.0951940461122267,0.7208677832823095,1.0060849803544445,1.091402026025499,1.3059728933767738
SP:15,1.1628133409367674,1.172768997267546,1.2628527987456384,0.7453448726963637,1.06043242198447,1.3955555793758807,1.181952499079719,2.046255225514617,1.6107328877144724,1.3196279180721053,1.038990503033371,1.3450512387581053,1.5454662036387166,1.2220788171778039,1.1357467178025387,0.9726307376044757,1.241368762311114,1.115092055931675,1.2557043348506607,1.3527010683462242,1.1295150011855408,1.1126709561253973,1.048681360207304,1.1025295624966067,0.8879480064030267,0.8936929852623758,0.7607748788193833,1.3060181095197492,0.838481607207817,1.186000356015112,1.0070317137150566,2.620728045217873,1.751887609326642,1.8380675807108204,1.3318581880966716,1.4234725727393456,2.167602367770781,0.838408220835961,0.8597883007263971,1.2632081661069396,1.1822299792789868,0.8950359533180939,1.0516944282298881,0.7964130579646657,1.0364073939143286,1.0125441915152962,1.8576749496773857,1.078717176187744,1.0066376604943819,1.8631465966238423,3.0323603167030875,1.3700900465387285,1.3454403281557534,3.5311251962105485,3.1154164510004345,1.2192967535477948,1.701174160349578,1.1531180280307674,0.9142326322808352,1.105811440271063,1.2549927771892728,1.2953949158379559,1.2719224359695733,1.3384834308939468,1.3417572819603887,1.2152834514729123,1.1071564255469704,1.0856026748690195,0.6510832576188558,1.2918723808637096,1.0636842420523271,1.297458688195723,1.0725297935972202,1.5376296866671533,1.2266275130179496,3.7657372326024254,1.276362487141774,1.1316133983027827,0.9604138992921831,2.678457760978022,1.3271620198425162,1.1371324188407297,1.661492819988702,1.5464091553580221,1.106267693106574,1.313370336893875,1.445695117681309,1.17461054671553,1.1846729974247232,1.040226026031787,0.8904432742987296,0.0,0.7573199883366776,1.28287545713205,1.449275133983734,1.2201144421866545,0.9607686826117356,0.8255917907185899,1.2603739942584113,1.3803737818946356,1.1748469417932392,1.36537220406081,1.154312810355219,0.9730030946241951,1.3542818784483959,0.9332152465198602,2.27100014057709,1.2317724600776259,0.7819541433471661,1.3962496784267675,0.9261506273340809,0.8950481916305633,1.4836073693719065,0.9935069498658652,0.8996358135308059,1.1982419382215508,1.638165972236972,1.341010349801919,1.4203484509056719,1.554608059328361,1.7396163919707126,1.0101274378512959,1.231277422475912,1.400360846893353,0.7884978234752941,0.943237460751225,0.8742686868300658,1.0708628894377281,4.177206624497894,0.9837472557687941,1.2041614765591442,3.6670752222262095,1.5720619494408261,1.9345548150277991,1.757362999329747,0.9402798184642079,0.9239967327885291,2.0381922516343223,0.825073343501687,0.9700724415107989,1.2672570820818334,1.3758637524453619,2.080327876081001,1.135713173119505,1.1478147433421828,1.2463011306585048,0.6876983828593211,0.6008925854485371,1.2243835293151173,1.1097379094682205,1.0683355988357535,1.2423929216219987,1.4295517845526917,0.8063077524281823,1.8556828273282038,1.427093534915098,0.792571632526307,1.9782312750848958,0.872033804287349,1.3437163076832512,1.546967950003332,0.9874952304115666,0.9798012282730592,1.3652239875570369,1.2157723535500204,1.275941246605683,0.8939669425429256,1.1881306791585577,1.4391376785851484,1.0187987298719579,0.9575898770747105,1.263226163799507,1.449811356373382
SP:16,1.0835803436489215,0.990184611632042,1.2361633698706356,0.64454871126829,1.0939838555601158,1.5136768798941034,1.1785516264878824,2.2533335299661252,1.5056411746653546,1.1989463209371205,0.8899006090698117,1.1294750050922562,1.19472061017287,1.16978759621295,1.058089000221321,0.9931124148921002,0.9891756389380031,0.8965993621330529,1.0775258305348534,1.1375876093872068,1.0985494470415262,1.1935862309471947,0.7259088495071746,1.2320809513584072,0.6440225480764162,0.9699717209858817,0.747888031785341,1.5333751961924071,0.6545934164725182,0.6475777257944187,0.7840630412436218,2.859697600841082,1.747387473542565,1.9128504541667775,1.1907643383176154,1.3730378549848485,2.122072354846859,0.9567717713345499,0.8894798551731771,1.0675562063667547,1.214922492909353,0.7549502886264254,0.944721173991762,0.6118039024139197,0.97018187828273,0.6655028665052306,1.4631964840596159,1.1404620756475254,0.9016098727553604,1.4511023098992115,2.581578222727965,0.9048079532658493,1.147328990386675,3.081316820165282,2.5980769550607508,0.9138765218759769,1.155338014333832,0.7096122830208793,0.7126035466706984,1.0238578960315061,0.7335061533038804,1.1030138662695521,0.955700877140726,0.9591538957040988,0.8722076852954533,0.9334990468482739,1.0239551432175302,1.0698360243423137,0.6781421967149954,0.9160785133422601,0.9654111891313857,1.151001356492927,1.0061026637730583,1.1811610255604876,1.0380044697383555,3.4055891819559094,1.2766822493900498,1.1219507454806996,0.9517173932072454,2.199448207504217,1.2418156835058776,1.02881811989735,1.5137005109024373,1.738906573712314,0.8719435238045089,1.1984804530232618,1.376703270964614,0.8725306282991829,0.9916015414008932,0.6717168557921267,0.7219366661421238,0.7573199883366776,0.0,1.1404301020500835,1.0963721869565248,1.113261806135517,0.9667545725720404,0.8162536434094246,1.2124466613790685,0.839254047116582,0.9069390474581244,1.0284101522829356,1.3303815494420423,0.628463950698188,0.9756869953627675,0.8571623077505647,1.8087150430877468,0.8990273121507851,1.1404067155296862,0.932887208148349,0.7912723861090512,1.2969644018005895,1.3349648982871831,0.9013991992222026,0.8770574091844311,0.9464573361098098,1.3298546617180058,0.9754215831747095,0.9527059336105581,1.122415912897132,1.4660985431881997,1.3314434871136587,0.7626321733941357,0.8423381938597851,0.6860705568673058,1.062257303631763,0.7968687316430956,0.8218441813330678,3.77515185435392,0.7895655155214553,1.0999190135828865,3.244731861441788,1.5016221679189623,1.4493953651636349,1.308880710731662,0.9476143587561476,1.2280365160123747,1.590664617446663,1.1333597109157985,0.6818578188454896,1.2519930989648287,0.8457593588490492,2.327181287403305,1.008437446541964,0.8882816737182159,1.369112592437671,0.7824416130240498,0.7663361529844054,1.1170904256393843,0.9124613273864901,0.9091358070703803,0.9199500788767053,1.3390112370040288,1.0697192104198137,2.047619212478921,0.9692502616203481,1.0201442942785848,1.574002693432927,0.8808307127419741,1.0723270455402765,1.3929334916077183,0.9956153875704359,0.7596921982653905,1.2542800271296584,0.9408572878475358,0.9513276043743709,1.2147663721091388,1.128369060920585,1.2880506897642097,0.8787140041514326,0.7874847723655074,0.9299573206299772,1.316602259455094
SP:17,0.9361706190306517,0.5625055312932207,1.6876214964545497,1.0014550520290104,0.8778677471577722,1.3015910206288892,1.194988820701947,2.328958359011865,1.1989200081141234,1.0713134143225007,0.8511427175084892,1.4332999736377257,2.001605790290222,0.7296006528145701,0.6876298251799587,0.8105413590416688,0.8446108709831853,0.6837822100910962,0.7310481096872282,0.7112860637566089,1.0547084130736384,0.9395211611275265,0.7585323380831649,1.181606589923554,0.704055893673338,0.903968135721206,0.9685040286642858,1.9845908152361018,0.8695710579056679,1.1696399284831862,1.4365644836958607,3.2254400647570862,2.0914772848016305,2.092990707635181,1.5950093405704198,1.5879407014675957,2.45606135506935,0.8472692635473402,1.1554032412192692,1.678738139581316,1.4280008342388228,1.0322747302963817,0.6386745654861699,0.8454094554918129,1.127857946419794,1.1365137230611506,1.9686832103052085,1.295438153130306,0.9836525078933103,2.255086126128163,3.3838695241949024,1.3283886622488887,1.0718676913571956,3.7034896876216115,3.225310029432317,1.1071793184605405,1.8523356536372444,0.8918254354857025,1.2276229342628056,0.8129644703249019,1.2873417086677235,0.7871941044932721,0.7502033013231673,1.0927085640730498,1.1451041491884142,0.6923758414045194,0.9008493066434063,1.0667377505651878,1.278314624896856,1.058357275902036,0.6348567612050746,1.3195722076026133,0.953447688370781,1.404537548076267,1.228905128259919,4.248736525423506,1.0813358689809112,0.9129975455825101,1.1829886485201278,2.917242551664957,0.971709188734733,0.7286797567673169,2.3498146313417014,1.9040892009755261,1.578319126049473,1.8294938925648796,1.8440729644706877,1.009016978182146,1.6803010671015288,1.0599404904423237,1.1655265854766699,1.28287545713205,1.1404301020500835,0.0,0.8537062361252207,0.31629556832607536,0.9998770637195028,0.8479176180852026,0.44466026793830726,1.36333649328686,0.47859579770133553,0.8651290459025596,1.729551817934273,0.9969623241187108,0.7547252799089936,0.5555870158277733,2.3876517411927622,0.6135893278591891,1.7011418050650018,1.151825391802004,1.325107454511556,1.6818522168827517,0.6415660971991133,0.6753889258081068,0.545016776499524,0.8093303415764296,1.8049690183557061,1.5133731186703192,1.5677505797982467,1.3889452858255826,1.1143084547318027,1.6465920542355992,1.0685783302049985,1.493372602342658,1.2851429663464349,1.006068029433849,0.7997764607606023,1.3697005857747033,4.297764308839314,1.1068127524052385,1.5828808051105792,3.8831251611868076,2.073843401575689,2.2026979035400664,1.6510892421650958,0.9391787938889754,1.048448621663806,2.2779921958376037,1.5560823930760133,0.7792593153542727,0.9424241067129412,1.2643277703773559,2.635740017721284,0.5868159510873513,0.521293340493117,1.584688308123394,1.2970988462908355,1.5801481376556328,0.7622332014615403,0.7723752584239285,0.9891193010674301,0.6796830155537315,0.5487868007112985,0.8840248789045895,2.4944564195932317,1.778841032371055,1.24931914388424,2.242926251996265,0.7346592679649983,1.2779406231009267,0.7879234489259594,0.7014423817171963,1.3524403669979805,0.6114926469903617,1.664869950784662,1.3002631628958312,1.1219395983681661,0.707010461434611,1.010062689980858,0.8196030351100777,0.5682575019852862,0.9169112580689776,0.5177118089231837
SP:18,1.4318668146259257,0.9209211300262864,1.8572083741771026,1.2258112397590515,1.2344940815961118,1.7079461569407834,1.4632001785654365,2.7441483565497964,1.2766655751710996,1.0509435169968866,0.8379286799838911,1.1774380977733667,1.9080214611371458,1.1667403793306015,0.9669220209689375,1.0754775176330436,0.849393445195819,0.8759633290010108,1.0449570902177534,1.1024358011516955,1.2875569057659269,1.323533179036802,0.9287381860000424,1.4835192498398078,0.8803985162885496,1.06305769062615,1.0006979722064786,2.1800873847440125,0.9315526024430334,1.1417253121039808,1.518817973119333,3.463133290275064,2.1688639521660975,2.1426514295797574,1.5062840508554072,1.5158451637947545,2.1095682527531676,1.196057665537175,1.429901738388494,1.6650558485248654,1.7480741896690817,1.0157060727469,0.9558397413829939,0.940180729777266,1.0074932152452816,0.8626400623048066,1.702647602068792,1.180509396623739,0.8614731209778986,2.0034796920190217,2.9392531884369553,0.9892452924394295,0.9521252791933484,3.322034630899251,2.7914802967841723,0.9240332179695135,1.7821575035830448,0.9246024597505038,1.1918927741188095,1.091351107405263,1.1671768068677748,0.9437590967635885,0.9331089852391972,0.9183427473055378,1.0234884145704493,0.8293781301358991,0.8911765729748021,1.0207566914156172,1.3092677910601538,0.8372108692010692,0.8320299963750101,1.1626952856559054,0.9022302148898852,1.1200526670283513,1.0598680396737779,3.8918142108418556,1.4560608364306729,1.156572419001178,1.1038987380782526,2.5830533205871435,1.0514190976878206,0.7453117557807047,2.14194745793088,2.1385909468881805,1.5105685770109747,1.7602269341120678,1.9442297269516984,0.9752445992640582,1.401780871139536,0.9017157237551795,1.3668593595434761,1.449275133983734,1.0963721869565248,0.8537062361252207,0.0,0.9130910139178176,1.15936150357471,0.9831978504743664,0.9549819975641681,1.1179749388115194,0.7105111365494905,0.9103270843715257,1.8764145478111993,0.835731151138867,0.5011435553551161,0.8147991964266351,2.1070923801578303,0.595386744888282,1.9006263577715987,0.8803919089040632,1.4873732919762515,1.8275558733544386,0.8975394365574022,0.8270399010959948,0.8867536117018237,0.8562995716974884,1.619219999765417,1.4965488166950132,1.4109145131179888,1.3060147960169108,1.2233055802569124,1.922913909373623,1.0232337621040546,1.2659095481693285,1.2774634599224288,1.4772175718224465,0.9739712540695434,1.4725716143826069,3.970477312400073,1.1888111874627643,1.3172034454581183,3.4818140307853933,2.096686219442868,2.011260782039365,1.651230436698016,1.0880640857682249,1.6159862011107509,1.9463867853602237,1.653096494950971,0.6854916695590472,1.0893529962529216,1.2149830070072452,2.8730777251583723,0.8798555169011406,0.8829852131626723,1.8793400233112825,1.2648953458834569,1.5499015962841631,0.9969669146054059,0.758801405278074,1.0477103288653593,0.6905601097511417,0.9434269193880521,1.310442384033712,2.5522809133446813,1.4473212572686556,1.443977653125096,1.91088627486836,0.9926667197230143,1.2729050814542153,0.8891232964874081,1.0284634891259858,1.409217225751433,0.8319977321355626,1.488744320126353,1.187346686161255,1.5474256777527358,0.9236644906536089,1.1673475660702595,0.8469557992713401,0.834165896706267,0.8284180125718087,0.9711041212510204
SP:19,0.8093040967365224,0.5528525711428594,1.6282055525279218,0.9194282566909497,0.7617728363028583,1.1181354251634685,1.0409304720064743,2.2170352055022264,1.3047793482164343,1.148135927514069,0.761085939207055,1.5253730612714036,2.0560513066056614,0.5471651602010184,0.5597537562255414,0.6846786102399935,0.898563654508652,0.7187167346842325,0.6692290309000622,0.6750648741342208,0.8803608651608836,0.7501402233248771,0.7189138433090254,1.0077637331972156,0.658894526577076,0.7927079596320155,0.8813004607619646,1.9003045309933086,0.8587583552613455,1.2043158968739966,1.3716112295167708,3.1297047994353044,2.026468313554864,1.9750468638216523,1.6282995061079881,1.6055548951058256,2.403998542992067,0.840714221647162,1.1248819090752944,1.7436391822534023,1.4311497775319941,1.0410720642184714,0.5004991839900313,0.772548859249773,1.0916950756474644,1.1510898317713412,2.068077335496381,1.228081270872426,0.9496664235082573,2.31945325140005,3.474186005492579,1.4156787990073079,1.1538046216561806,3.8204272794033907,3.3518809507861653,1.1536826366590032,1.8930577262479196,0.8545464045299175,1.1325519179067156,0.6884092697679723,1.3398445855345171,0.719908528740372,0.7116329139456546,1.1516742295533955,1.18502653880074,0.6896637839818989,0.8892529824601418,1.0788649873651406,1.201090255532317,1.12655160388183,0.5598537959725877,1.4416754410758565,0.9017498256426192,1.5213722404209151,1.3220255087261856,4.35748170679827,0.885109187732072,0.7769222483727667,1.2650829409490356,3.032156574573406,0.7789628324689472,0.5664280494334925,2.3007478046704004,1.812840742018747,1.4266132117940973,1.7234979752388238,1.6756700427479236,1.1149131744302283,1.6920614524230966,1.1261196630211967,1.0720250743347521,1.2201144421866545,1.113261806135517,0.31629556832607536,0.9130910139178176,0.0,0.8575610568315373,0.7784242498922685,0.287280669625569,1.4323586724871111,0.5190339579861726,0.9841331288784049,1.6771883457551027,1.0798974941428932,0.7970128682941046,0.501255293608588,2.50543694733823,0.690579646021964,1.6274052330682929,1.2839955854199374,1.226003848881682,1.6217598244340972,0.5706196839664848,0.4981843963242972,0.45228704123175156,0.7690247130697261,1.8463584344196255,1.5911442995838787,1.6725023593528663,1.5234268247640421,1.1323908658979775,1.5813983100680442,1.1699666324359936,1.5491769773096524,1.1812832214381392,0.9470418499394861,0.6849731532449913,1.4428628866800084,4.438666466400283,1.0462226072097098,1.6573124338488783,4.019810740824331,2.0057461644238064,2.288192059378255,1.7682766353054413,0.7414246055550473,1.0184518663290436,2.3912998024328807,1.4549432088563223,0.839247051958409,0.728240504366266,1.3822972603636572,2.485551429301037,0.708373827423385,0.5914638427862431,1.4476062335726245,1.1960876694503826,1.5030371467311092,0.5936092887759623,0.638168840807492,0.8746252840247688,0.8107573128988259,0.400520015380704,0.7501091418836509,2.3711968682323588,1.8137586401509809,1.1149909878455544,2.351120538111272,0.6214086557625625,1.3916036146805046,0.7253575591022677,0.5692575177586267,1.2928515137001122,0.5473670431132941,1.6638639875626764,1.2357620555958388,1.0722848267244327,0.6284222199572587,0.8231498190278158,0.6972400211408354,0.7220183345330864,1.0474209332925117,0.49403345512708835
SP:20,1.06520356109266,0.7469265401897331,1.7236734377192033,0.9144387771985094,0.6943489428136239,1.3375457886102027,1.1703444704623402,2.3099136685453003,1.1481291149116135,0.9410246484419537,0.49473135512673294,1.3372362382436103,1.8600430661369727,0.6601060935959397,0.4664774713895346,0.482391231714604,0.7950259980640573,0.6464624396975671,0.6133116788539581,0.7633572386314152,0.6884047401645096,0.734342248846481,0.6414177397645131,0.8959335472572412,0.5805226276585039,0.6479681827966015,0.8320241312940244,1.7140396249074756,0.8502947355518127,1.1803621433741827,1.0904177246597868,3.0373196695984044,2.1454949930377425,1.8750527431885649,1.7932518915134865,1.7926277951487264,2.197486103264048,1.1015419587821027,1.2528144456776702,1.7724959934516775,1.5915848998234832,1.1579075115963442,0.8660985996564373,0.6432729389741084,0.7141223888286368,1.0752794581829341,1.9700069597058825,0.875791559436025,0.8390924362563942,2.1316297018342993,3.3475723211720982,1.2771502752447645,1.1077288694850627,3.7615826841252042,3.286786126013287,0.8776353060118661,1.728104961852704,0.7300335307649272,0.8068255803925797,0.5365822226988859,1.1848237759845295,0.6983892047662261,0.7520157825458404,0.971277299157568,1.0305150491226467,0.7881373837284622,0.8481149593406954,1.0390608407950324,0.9090772354368407,0.9664729768133206,0.6280258353633505,1.294279572473262,0.6834826433510572,1.3762605470272158,1.118226350470245,4.147847224365436,1.1224680512618053,0.3528496240516261,1.0936900689163722,2.951647473512092,0.4908423793217346,0.5924604791207327,2.0232870528043576,1.8542674777607182,0.9911840762655798,1.2509313405638363,1.2529075160371264,1.4130500279091145,1.380661063737852,1.2863363513996688,0.7444298863794891,0.9607686826117356,0.9667545725720404,0.9998770637195028,1.15936150357471,0.8575610568315373,0.0,0.4689384082754393,0.8417195153913297,1.492072088935188,0.7869756500398009,1.3450387917503321,1.6551495024718204,1.0238606247581297,0.9114356682499132,0.691474651216931,2.560009154849018,1.0487193694787658,1.4195718296828679,1.459428824594066,0.7293904771988239,1.4722252867924708,0.8259815468350685,0.5444912850819482,0.6578759168657861,0.567176085719694,1.510649426078318,1.4360112763110513,1.7312979120760421,1.8118101827363757,1.139805684884595,1.527043349516969,1.4215215813607922,1.5447634941208568,0.8415047747144285,1.0517056074119653,0.4970540878803306,1.4380201731040405,4.351855005774282,0.7828256208745954,1.5509603852252203,3.947306287590064,1.442080357599767,2.1985890657028633,1.9839052747779744,0.3259679196504298,1.0902572039988843,2.353720193737387,1.2091144523233355,0.983493434198322,0.48017534618878593,1.4443078579945512,2.3976866528044685,0.9086217585778871,0.8299651249029216,1.4103457614372052,0.9295450725096763,1.1490772401092284,0.4684591973153808,0.4892563702821369,0.5534219531264322,1.1039839158645848,0.8210950302206983,0.6457475739831641,2.1629037404892157,1.5635694323250453,0.8726918490357206,2.3479344504407074,0.5436737495401172,1.6499325408315186,0.8884359910514016,0.4945678790485027,0.7424181095148726,0.7695788390600414,1.3594706794932514,0.86712760430978,1.1874907472975902,0.5021098065467853,0.5770338705357493,0.43650962166470214,0.9591259873826565,1.093333625101147,0.9101295958269705
SP:21,1.0695403721937773,0.6812742762485623,1.5610999103637608,0.8682653819707424,0.6967140618923041,1.2726964208126,1.0394332433067264,2.2028444250974575,1.1526240683214852,0.906411860441363,0.5271770760786917,1.2167911615536067,1.799891004315304,0.7019584132565706,0.5769233625694514,0.3384241639940779,0.8276572567386181,0.6309415521641163,0.6893669589635132,0.8096420018791336,0.6009596794478528,0.6735999196924852,0.5777845587045393,0.7971537106182099,0.5029576457448692,0.4433911863405223,0.6547105237069033,1.5804418798414466,0.6467579989599782,1.0458886825034834,0.9737598981812826,2.928628407718991,1.9064123224556615,1.661983003968806,1.5044361490399456,1.5539472345890568,2.000599127972197,0.9246822318631591,1.0921873058728402,1.643294539759627,1.4911612216205925,0.9775333226909511,0.7573879190434044,0.57325521251025,0.5984909328107422,0.9341469579967923,1.8644252568349076,0.8272408757766656,0.8046308602872899,2.0070640109473055,3.2168216854262837,1.1544423375524628,1.0556679917476337,3.6571498609375723,3.1585599676005547,0.8677783651217856,1.7059711831758917,0.6553846015151605,0.6045100050539908,0.4121319370858245,1.0988041016242687,0.8180949849783586,0.834332225291294,0.9824062363205559,1.0612286627146323,0.7843856280115401,0.8024134727954534,0.8970925739094798,0.8082127620133949,0.9159206439120371,0.6469912618432634,1.1910004594798642,0.6342251496560625,1.3322167705982986,0.97236213575141,4.026558823698272,1.050089883519855,0.4762339933099056,0.9123322479939009,2.8260041758104197,0.6986399768562186,0.5715522176587606,1.862468771757118,1.6395041836452364,1.018414135619368,1.1403011279421618,1.3237243520165691,1.2088704225546638,1.2352263926574036,1.0702407903184068,0.665567935956698,0.8255917907185899,0.8162536434094246,0.8479176180852026,0.9831978504743664,0.7784242498922685,0.4689384082754393,0.0,0.790578045725732,1.3847732649639142,0.6772730447716453,1.2452072628017032,1.440137088557765,0.8001834584677749,0.8004469663377419,0.4748531016673998,2.4531913782258417,0.9453392887001073,1.2812113540425878,1.267041565033625,0.757706328162557,1.2059635808281246,0.902806747215759,0.5310671092931105,0.49662901431553835,0.5697285787117172,1.3122511846902085,1.1972339092209427,1.557381989628777,1.6485255228001219,1.3028627581724033,1.3687496928329224,1.2303755390479836,1.4505490890872,0.7993575159266927,0.8849172292075573,0.274470340068321,1.3036666252282798,4.332391338072714,0.6469933519832464,1.3101089484222321,3.8670258165539093,1.4102976544074277,2.116805617672285,1.8800472002718853,0.5702417472102729,0.9258006836142192,2.176635660067574,1.05810936297331,0.678756355577693,0.7258121174791363,1.245654815864196,2.255285355894571,0.6340712032453102,0.652418066668729,1.2708046799624082,0.742615279244497,1.0699570799938323,0.5907262035928658,0.5017470139309542,0.7853033228949188,0.8972496454246921,0.8134005125713079,0.6026537258181148,1.9867840352491934,1.5320965830544535,0.74985801375468,2.1929908593014806,0.6197926514545982,1.331882303634529,1.0073792548858655,0.5100898798625388,0.7362060918743502,0.7666117327159251,1.146972654870786,0.7494005124724592,1.0331823032180538,0.644542898325413,0.8681977137967004,0.3867907026052337,0.6900862041621502,0.7866422151902344,0.9441986775005212
SP:22,0.9228118488457892,0.6157267032713181,1.7592506696731003,1.0312016121538659,0.7370657874366624,1.1754364699171647,1.117252329954616,2.303911643599359,1.314931419994205,1.207683329976569,0.7945298486644605,1.6172930663662852,2.186386722634592,0.5289021701532103,0.5378876197487268,0.7114931758726696,0.9054402260379263,0.7247945056531847,0.6219123697719984,0.6544094437505724,0.9159064084373497,0.7553823919933356,0.7303894838319449,1.0250664578210058,0.7000928833513103,0.7788699577205016,0.8998520308351943,1.9886451445624418,0.9024074395694458,1.276813098385517,1.4390234063800316,3.242244659751956,2.1564096393731575,2.074459841182948,1.776788762004685,1.7677611492416494,2.4891959771234613,0.9050398309541006,1.2657093377329138,1.8359905864481632,1.57179091659342,1.1275707405298399,0.6292308333860976,0.8677498985879495,1.1494341577842861,1.2109440088101118,2.1334586591130833,1.291515701397476,0.9988774621346556,2.480923964752169,3.582450974478582,1.4731070934206032,1.1665975099918977,3.9555698837846784,3.463630371403457,1.1882130941864344,2.0241228385702272,0.8880474642212801,1.1666278615136108,0.6709038429245507,1.3689028163011476,0.6503819922992194,0.6799874163743757,1.15362159205067,1.218802830532829,0.6807618131086622,0.8428475163459829,1.0988238964594614,1.313913621512325,1.1924281551119245,0.5625259984926934,1.4958137796152886,0.937099387178251,1.5722033603247265,1.3920477155499817,4.5091190781209844,0.9766583395135382,0.7593582714758469,1.3555491004057667,3.1716075655583653,0.7172857533940017,0.5988195029203419,2.4246348245672373,1.8868190547777624,1.4774028988477292,1.7894669619647001,1.6923515972366916,1.1847623310758586,1.8038597855739444,1.209212320001606,1.1523543789261463,1.2603739942584113,1.2124466613790685,0.44466026793830726,0.9549819975641681,0.287280669625569,0.8417195153913297,0.790578045725732,0.0,1.5520994657569605,0.5823537101384392,1.1108417282966279,1.7832303677255588,1.1192132353676392,0.836985497058566,0.5201334379916752,2.639030342966739,0.7881644888108783,1.7281861780782772,1.4094893444916086,1.2908188488529653,1.6593288338124235,0.5555134150557023,0.5239902887618841,0.4094417966383224,0.8397823213560746,1.9460436142257334,1.7196168267142227,1.8068548807605473,1.664339686712616,1.1460952188055822,1.6469152939086604,1.313430094023918,1.6704088737395162,1.2320211293241365,1.0416686159920225,0.7057409344832359,1.5489217251772096,4.558678743932627,1.1083825425786635,1.7877546080772588,4.148211607951554,2.0809427160696736,2.39851078536951,1.9031311868666505,0.7101361735930012,1.0800007240837746,2.5320618104816144,1.5084356314669494,0.9407513213293625,0.6680350506675534,1.5204501873677978,2.548409717129192,0.8140057975171475,0.6674986386445186,1.5183531681642943,1.2693119862268922,1.5614166213404663,0.5347585342146466,0.6678200306440502,0.8780542507237151,0.9634639029954256,0.3351517098732106,0.748063873346834,2.436714356429748,1.8916138200828672,1.1495757554598074,2.4685709760628494,0.6065295758115912,1.5643571776049758,0.6576150672384228,0.5465761396127792,1.3616817874124214,0.5747938439864189,1.7771990689307204,1.3283820896238314,1.1106279729391486,0.5766180624263441,0.7653991173422305,0.7211507241130015,0.8033377393453249,1.1391587819309932,0.5323071118074258
SP:23,1.6097517480826118,1.3477579287400887,1.7866667394212037,1.1808227400200146,1.6128832339970915,2.0974950720512604,1.7504366800168303,2.876444275889942,1.5525172198024224,1.2783298034692143,1.1924408366733525,0.9555152081516958,1.1020354431563242,1.6572229509487064,1.429305032728132,1.5374466987810893,1.1182394421951625,1.190604839203581,1.4615957806584772,1.5153033038747532,1.7156191281205824,1.7879164728347405,1.2206251947032836,1.8858999694720207,1.137164447547687,1.4913597268562566,1.2778094608714676,2.18138252510378,1.1584679093950447,1.0692881134029437,1.4990191865854676,3.4456626932192167,2.247171347854479,2.404747983125302,1.4957947131025104,1.549434010288043,2.3445453298678682,1.4157566537901325,1.4042739414039456,1.1774321647722386,1.6335284384038746,1.1428757052343796,1.3932082999089257,1.0693759370272267,1.3031616206547931,0.8307617189855,1.226314950474029,1.424139010341795,1.1200072572547966,1.3712616846576924,2.228951521140488,0.8724587291614163,1.1147337133454915,2.6110899235100837,2.1119326219593937,1.009125901780327,1.0748097950640152,1.1572429087319627,1.4053424196554638,1.5549341258527858,0.9887569697407762,1.3378932450413177,1.2658426291014317,1.0099041385733307,0.9760007851982758,1.167678499995887,1.2057174629831593,1.293886742415488,1.1984292237711998,0.8604870673756211,1.2574752018575213,1.0733231658814526,1.2858801755456148,1.0044928017971828,1.098794598359265,3.045334006426052,1.8682536964602536,1.6185810032721009,1.1765467459714278,1.8159366254421727,1.6540174222296569,1.4108359754024615,1.9804196429471117,2.385108548653017,1.5488031357013212,1.8677540065638603,2.037047484774867,0.8982960686184771,1.2527573997105776,0.7703451455121035,1.455581576909972,1.3803737818946356,0.839254047116582,1.36333649328686,1.1179749388115194,1.4323586724871111,1.492072088935188,1.3847732649639142,1.5520994657569605,0.0,1.080568612766301,0.8439299904980003,1.9466520522658632,0.8449975368005378,1.162512051517591,1.2235507324279176,1.2885347531437599,0.8948830258920698,1.809835422187127,0.617989912219051,1.4987743660003456,1.9627042526946734,1.5302650934898665,1.3495110726217787,1.3391553761296764,1.27220711049644,1.5956105708385797,1.340556592205592,0.73519101014639,0.6885271806870932,1.4602905077975876,1.9836143826059351,0.4887538150744524,0.8128163366143881,1.3271820144515776,1.6845214360149399,1.3700354119834914,0.8077210417097772,3.2190604375697562,1.4311480137594288,1.2282003645002477,2.737002292293613,2.0509223097966087,1.1934990859485264,0.7593849086384984,1.4523825563294472,1.8113697194076646,1.2395682793974852,1.788113909277716,0.8956303368612942,1.6539625286698791,0.8033293079424313,3.0270609796254653,1.2726053709606242,1.2186565410210703,2.109320107496821,1.43095135240383,1.3536296681379802,1.5450301005310376,1.3083362532263778,1.21129615151981,0.9599422803300406,1.6389650529557114,1.6607179696605403,2.703552635837944,0.7226982533281313,1.7102436616396821,1.187182867221112,1.25509520339733,1.269498930356284,1.5455114463472337,1.4575103204213387,1.3514263077742101,1.5249498581402692,1.4742761215616964,1.4187036422829888,1.7740741617910427,1.435892577412759,1.6452161908892347,1.367290541599175,1.056911527484713,1.0931005189088046,1.4989597057213198
SP:24,1.063866143530655,0.49348928675784837,1.7469360658359716,0.9142797306159773,0.8556293234873183,1.4566579968536875,1.2372753988326435,2.5049607689176883,0.9827565582598982,0.8262315752452031,0.5387897487982648,1.1349445293195937,1.7633725657639072,0.7425875553641066,0.4979051814541718,0.7347127458025418,0.5307714291168029,0.40176286459406807,0.5633176689263305,0.6223010816626524,0.9874982895407647,0.9713277075487127,0.5595795642083257,1.2014108611160723,0.4980405380757149,0.8066087296809502,0.8820033281168598,2.0204319613064294,0.7636783803178752,1.0134398102207087,1.311572371206601,3.3296262437587147,2.175832972093413,2.0612323264568984,1.6554564165669068,1.612455486963804,2.318481697391634,0.9769246254536782,1.221461773874242,1.5806694292539754,1.5693068918567492,1.036201887746133,0.7159221747840909,0.6063790534426002,0.8621141496611041,0.8546725769116179,1.7156825669781413,1.0552649529346805,0.7770073424494789,2.0533689184941264,3.12146175247033,1.0183840976203107,0.7923271715664794,3.4845070156478024,2.95624876142786,0.7280325543530206,1.5907572813388482,0.604615598162249,1.039465792583751,0.6817489130223504,1.005737820321352,0.5042114147697856,0.546250247409763,0.7303990941118267,0.80953616984809,0.40562756881690226,0.6462855256357765,0.933137938715239,1.09238047142021,0.6805029993416449,0.43711937295239434,1.0558779821578719,0.7105068461502348,1.1301024323011049,0.9431506369065403,3.985062482056149,1.219049960032292,0.7624003587049707,1.0192709606625276,2.695092526749615,0.8094469443176492,0.6267367022139857,2.2232627195690804,2.0253107280923572,1.3746481390313194,1.6407615195044685,1.6825047872946406,0.9339548438287533,1.4913183631827174,0.8956925941964147,1.036712484162522,1.1748469417932392,0.9069390474581244,0.47859579770133553,0.7105111365494905,0.5190339579861726,0.7869756500398009,0.6772730447716453,0.5823537101384392,1.080568612766301,0.0,0.7791351083983103,1.7988386375063752,0.7161583087386644,0.5429900788690112,0.4382563816583239,2.1899924414100322,0.4504187924429754,1.6858915369678027,0.9511648285927712,1.1436499204303787,1.6895579243462477,0.572565315661702,0.5692007255164953,0.5208485007037199,0.5726629402659483,1.559311955456479,1.3618364245348311,1.3878786431197665,1.2822757893979897,0.902555499388816,1.7137056026010498,0.8985972396193124,1.3061795011023558,1.1084360081158564,1.1249064927348427,0.6619454312567395,1.1664111624302633,4.056123787647476,0.9756531303543597,1.450701872924613,3.6488196602432135,1.858276033415017,1.9878117371749415,1.4936272993796162,0.7517347675050364,1.1772667668617507,2.0579029933398996,1.5055521626200408,0.5897279871886225,0.8151831569243853,1.0687656713827072,2.7141012947195686,0.5520425724549456,0.44175917125902775,1.665804171504768,1.1733962372684383,1.4061418461976962,0.6273264866483509,0.5499852602603922,0.7036138590684143,0.5616206869652458,0.6123331681682082,0.9191079579345782,2.4881940701765037,1.4504123504065676,1.2128781778531925,2.0338501208178172,0.5543601566346583,1.3307744325294826,0.6760395981527957,0.6026882941701098,1.0657988857292822,0.600000103057776,1.4975032269905095,1.0630497554070881,1.2658613075106628,0.5311764129913096,0.8143598909341877,0.629757059511295,0.5299422482931834,0.7104893178143672,0.5442535888576535
SP:25,1.2756120314632844,0.9353286354770993,1.730609088236255,1.0511990360824972,1.4283760365065872,1.84479487990711,1.656003935450294,2.787456801248541,1.2741628801016611,1.0708724139766042,1.064098305919175,1.1102044978768717,1.5517366433168898,1.341136569434243,1.1367241969975852,1.323138853828363,0.8561504330613644,0.9150750549806617,1.2080466307238595,1.2077184733414983,1.5936011869545328,1.561032196699532,1.0773383658179008,1.75717695521329,0.9540572981484688,1.3279424777603435,1.179801969394243,2.294672245552669,1.0575262179923488,1.1132022365300314,1.657237904245362,3.4853645684020673,2.323839005667825,2.41398901927538,1.5647091896021255,1.3405587205980356,2.5614931327987267,1.0755999482880771,1.158334387358898,1.201298081569425,1.5094156674765082,1.0113564826247943,0.973929946338544,0.9010431918919414,1.255307713337832,0.8244446463010129,1.640924280149917,1.3669402132891795,0.9462290996233079,1.8935846030758925,2.8142482581523907,0.9535828518198733,0.8804646921554233,3.057222560290453,2.6213404710130153,0.9511612683523384,1.6228921289889997,1.0931611681646136,1.489473203498623,1.3614468653223013,1.1535792498885662,0.9986548577233947,1.002798190998773,0.9369750746260227,0.9777351430621373,0.8114167306123183,0.9761528989682778,1.1092358034852823,1.2325690725552458,0.8647337727031886,0.9017151316656311,1.024991171495342,1.0762787223519308,1.0296646388408035,1.0443342622549325,3.638456108850358,1.586259440694342,1.4378649259647156,1.1088445883463822,2.290192058606773,1.4349369731266826,1.120152650927999,2.3060044068746888,2.3413450863856435,1.7513473684338154,2.0684220037526853,2.1770569421901294,0.6494370673938977,1.573211301680824,0.7107272474112575,1.4666330322831396,1.36537220406081,1.0284101522829356,0.8651290459025596,0.9103270843715257,0.9841331288784049,1.3450387917503321,1.2452072628017032,1.1108417282966279,0.8439299904980003,0.7791351083983103,0.0,1.966061178613463,0.8191684333953685,0.909978279793102,1.0156862916356124,1.6592372653189469,0.44032716743274775,1.8488719058407839,0.5880663611900939,1.5364942618905963,1.9677247564238762,1.0559808515023519,1.0409344481476368,1.017949970826166,1.0634239670268022,1.7965233969834171,1.4288133833341048,0.9937064117068034,0.7432062650460087,1.0337098158172116,1.9376822076264104,0.6337404249012335,0.9231935491937011,1.4769906465674423,1.4663848697370268,1.2029567650957855,1.0044152643084419,3.498859579960737,1.4524058749888458,1.376180354193968,3.1241394999741123,2.27479100528017,1.6752009473657834,1.0136619384631689,1.2821246343323103,1.5411184653329788,1.6717949914466228,1.8457196495236192,0.8066458746094108,1.387617499664658,0.8923690300081424,3.0349198968598876,0.9215486517590304,0.842629252977558,2.013385739709314,1.503035838526999,1.585064836956686,1.2886836530538495,1.0926447272810977,1.0664091336460237,0.5716814307152249,1.2219071786178157,1.4115374875912698,2.8391368303422597,1.3718176824953932,1.6644230237712145,1.6103531984617934,1.0258321140405684,1.159842533049368,1.094919646069134,1.2295490757569432,1.4762983830599319,1.05835006959455,1.689563645941668,1.5220058659576008,1.567501996500171,1.118564722651172,1.4067483823662503,1.2221338688462149,0.7547461630674882,1.0127715179587873,0.9374907609002446
SP:26,1.3604390920221066,1.6536038063243945,0.8312635486042144,1.1819423522747452,1.4145499717998875,1.1942891539503693,1.0404580349533603,1.2984768408239855,2.3302932484847445,2.046818986812191,1.769843032441997,2.0375504525740684,1.917024888219729,1.62312999864796,1.7455353948234218,1.4966311327462987,1.9617344183647207,1.7605361640214756,1.7709633579541342,1.8331135754356964,1.4253971980630487,1.414568677617106,1.5556420606877586,1.2217254833233513,1.5048081652744854,1.5415589176218345,1.3721824933880922,0.7541443710652007,1.389253923336246,1.4660354255102839,1.1308539867225953,1.8692737393181635,0.9275478392374977,1.8563697598938678,0.9993704186176302,1.6404178248438697,2.3388251291678017,1.2600506459335212,1.1775378148518385,1.6807010176856,0.9419487657764984,1.247452578856959,1.4912961455144227,1.5232677213203136,1.7694706104838542,1.7155679572502749,2.2844496355617294,1.8270430352639133,1.762197315360398,2.0343490472602297,3.237437347856846,2.0168207631484867,2.1771765513961214,3.762927022109163,3.4155824114578337,1.9770683443287327,2.0098366447127534,1.6582515034323384,1.3628603273773172,1.6288556163736458,1.80360119854106,2.0311721316271867,1.843760254309173,2.0895584837950936,1.9103274104381527,1.8810353742847556,1.9451182240906728,1.8276730695027559,1.4400755815050557,2.0293220030909938,1.8008682063676433,2.0196131748278545,1.8790073423207436,2.1713684602110663,1.9600328674197602,3.909563459238806,1.227827193656733,1.6905726458393877,1.5813289678848248,2.966621370475687,1.895137185450715,1.6449437995708773,1.2707156384088918,0.6537647986881823,1.3103039781532984,1.2994578427849128,1.4985512245580355,1.6682030262070306,1.459065093262533,1.5550384331072866,1.228185625371117,1.154312810355219,1.3303815494420423,1.729551817934273,1.8764145478111993,1.6771883457551027,1.6551495024718204,1.440137088557765,1.7832303677255588,1.9466520522658632,1.7988386375063752,1.966061178613463,0.0,1.667116449279862,1.842371870218691,1.5594663470780148,2.6222349840909747,1.8257433076730927,0.6120336954781144,1.9380483869537162,1.4185054268950654,0.7684988958574284,2.0783681595863186,1.5539757235276916,1.5118118267988085,1.8098517188183982,2.060320511416802,1.6896057503608215,1.8611138209397964,1.968556451204481,2.465824502960544,0.5103999728178146,1.7089153522026923,1.859153979171428,1.1684255526413192,0.9820174207187553,1.4960948621935877,1.7626722114592726,4.636256451349172,1.1944429397786835,1.4976529370545602,3.9691509429698013,1.7471888120209742,2.2913688986837593,2.2783793487272406,1.596168577830405,1.1971535879820019,2.3443051586989663,0.7855849379134439,1.5612969548943614,1.8777756469048978,1.8987035812370883,1.4256172684441406,1.7130835747312787,1.7318123332122648,0.8138291895671067,0.9156970319310946,1.1254308635665362,1.7966712778962854,1.7073124696207136,1.85030468353875,1.7688122893513074,1.9165247952976128,1.2900270548456179,1.2192009868416318,2.0293027378286377,0.9263328242986228,2.3193578791873164,1.6279058099612667,1.3262988530769082,2.1732329577592795,1.5359383793641102,1.5530323405574349,1.918207003424927,1.252557496123075,1.6636769855896094,0.9498032044101864,1.862263926381293,2.0439039516984745,1.5299060563026015,1.5309201455530752,1.7815884759132146,2.050358347120271
SP:27,1.3151407335740692,0.8535420682485836,1.5801795411288473,0.9042896116882718,1.1822704643374526,1.744945918830048,1.4588843470013202,2.6429001468934086,1.1434533194068544,0.9017520504744216,0.8337583449050315,0.8532356389139483,1.3293264815843775,1.2140644791230804,0.9735417628594205,1.038788624052562,0.6715890347466228,0.6922412996952384,1.0174268075208854,1.0655392909697372,1.2860995261580646,1.3413663683211179,0.758845325138053,1.4549724260489307,0.6585331002248945,0.9976809702284432,0.8753937997307308,1.9660921786705834,0.7158722517049182,0.7513723554143587,1.2045477054915916,3.3055337700372864,2.143635787732581,2.15243763913311,1.4196639666572215,1.3797644348913385,2.2303015218287725,1.0047693205234327,1.1023390788712586,1.1340512835058667,1.5227949734537576,0.8612336012232998,0.9850186434302135,0.6644707155489723,0.8635714540320112,0.43172402601715537,1.3802967726672222,1.0687372854303887,0.7695028402631946,1.657180688832779,2.593496113066347,0.5585604558366579,0.7432194036478035,3.046954208701978,2.4907007154208256,0.5935650557965682,1.4171605972872787,0.7224282784502396,0.9806548153270617,1.0219694538754311,0.7137074071516516,0.9275289792712176,0.8867513057821401,0.6534249016148339,0.7183393356422696,0.7036290951806303,0.7636362227127459,0.8898161595499439,0.9211269195552544,0.6340649670629759,0.8190760019319587,0.7596010553385708,0.8434933071383259,0.8128337977920137,0.6663234190280017,3.4511663674623048,1.5016437165367336,1.122924374099299,0.7368754309717862,2.192688947686464,1.2404773227325292,0.992448187053449,1.9244284131079081,2.0494376347751673,1.309131395772802,1.528020683702999,1.7675743442396252,0.6484345775861059,1.1405707244065137,0.4929098356471864,1.051938012736385,0.9730030946241951,0.628463950698188,0.9969623241187108,0.835731151138867,1.0798974941428932,1.0238606247581297,0.8001834584677749,1.1192132353676392,0.8449975368005378,0.7161583087386644,0.8191684333953685,1.667116449279862,0.0,0.7554759428868014,0.805027638091246,1.7654819686277552,0.6723757272221151,1.5106273020652565,0.6805401470740565,1.1007845928899047,1.548934477371043,1.155076723133719,0.9268999219915663,0.8295177351933885,0.8517453705877398,1.2937489757787015,1.0218693916317463,0.9081846087264466,1.0369621393639001,1.2512468784222344,1.6272968448529097,0.7138909490408247,0.9105425496374516,1.0588260015999587,1.2520092761732202,0.865061990760807,0.808561477529609,3.641282241291012,0.9987338703405212,1.0696178656617088,3.1583742733543314,1.7386646794133556,1.5213966688752185,1.283162275802814,1.0348028637490987,1.3091773005413672,1.532621755205976,1.4405202725628152,0.5007591683693302,1.2531390501872988,0.7484070210240159,2.7442952882511547,0.7698187051332701,0.7311490275527789,1.7376840462024081,1.0370099424018384,1.173069743556085,1.0964833567043295,0.8801196331607934,0.9420856585282161,0.7042655631800878,1.219130643383078,1.1574023171377392,2.4348599254580243,1.0800399690893658,1.2772271221637248,1.5012945744814192,0.8572413262696538,1.0892177410672068,1.2017319888216822,0.999474977606419,0.9757189179191078,1.1055385797441182,1.1761676129901657,1.1094362038559544,1.3762264742053714,0.9935539966962162,1.2825974850569866,0.8884746873760438,0.5653931065636818,0.6281878904588261,1.1294031696585565
SP:28,1.253529201122735,0.6903355270889434,1.8115022409470962,1.0784351582521963,1.013943243623808,1.5880770451422153,1.3776778184556873,2.6297397530835296,1.0443973576000753,0.8751420510655706,0.6772984266999511,1.1347237649225406,1.8305609968573757,0.9613615575059651,0.724661064652366,0.893076016141738,0.6506672199379389,0.601461049954204,0.7703657014737424,0.7446215152949018,1.1027905725272078,1.1456334578647525,0.6279633357541275,1.3240512939770135,0.6149014116885938,0.9533537089213024,0.9638325277258604,2.1012386178568567,0.7871816416896685,0.9676302532157046,1.282705071417838,3.3881972000480687,2.192880691878608,2.1441052812903654,1.6336455336418203,1.5885824386068237,2.221541013485534,1.139793519686339,1.3629941831873718,1.6448754138637947,1.685391914061516,1.0742775010570287,0.8623635693050532,0.7935890141441917,0.91445633233708,0.864253593315483,1.5813159890483255,1.0959665422562614,0.8472090654096698,1.9534046732900563,2.9750472917636794,0.9371223710185154,0.8606317976147554,3.3523486820068182,2.81617285933001,0.7273959158055482,1.6063226342247539,0.6256678153443934,1.0264222258616271,0.8275280965593697,0.9151397291725284,0.7135711958695384,0.6641474045377661,0.722031713987421,0.7775815594387142,0.6167252366642535,0.8144395443843677,1.0334268671129436,1.2376108220771496,0.7194477562703062,0.665427828408611,1.0598082960477657,0.809442668775383,1.077720984450396,0.9402150065262714,3.920377147500029,1.344110704279022,0.8951125160223941,1.0223890439079262,2.5809652537729306,0.847696909177305,0.6625058763249968,2.099800482225943,2.0836053181667262,1.343935870204889,1.6112889072635836,1.7385713370601235,1.016666215534659,1.434282986869813,0.9605254567495152,1.1030246465957039,1.3542818784483959,0.9756869953627675,0.7547252799089936,0.5011435553551161,0.7970128682941046,0.9114356682499132,0.8004469663377419,0.836985497058566,1.162512051517591,0.5429900788690112,0.909978279793102,1.842371870218691,0.7554759428868014,0.0,0.7347134651082174,2.155105638624176,0.5609352035558361,1.7992957760314896,0.9602651240573584,1.1822637401593363,1.7768557224556438,0.7108395901720017,0.6862345878297236,0.7506831010557985,0.6158873639979595,1.4355063077397445,1.2704160368609934,1.4071857123218827,1.3710004017012754,0.9824132502624406,1.821252156360188,1.0656077823912355,1.184647553616879,1.103048653887887,1.3172653646194261,0.7799097765659756,1.4073920852739918,3.9688173802943076,0.9353318122083937,1.3723671889459992,3.527765798941131,1.912618838942906,1.979689467641905,1.6480363178883222,0.898700718879742,1.4257448308286162,1.9842747443839288,1.577789827606811,0.7263645535630482,0.9323822501011242,1.083352623555274,2.8037913289130407,0.7641887618872811,0.6456639088891986,1.7380468205034427,1.2094033871516408,1.4795863632661057,0.734886157166783,0.5374580388069893,0.8130052684494595,0.6730282740585283,0.7980204248390315,1.1236202184636073,2.5124200933228495,1.4025607598416807,1.2983803322776306,1.9826536440200027,0.8464367531193173,1.331676286840389,0.7351376462942075,0.8187808566187138,1.1518045554347554,0.6707619956762105,1.336273922177146,0.9650608466486431,1.4344453945853308,0.6868356930828096,0.8990747967718364,0.6292770092982133,0.7632283270816099,0.674306080870278,0.7828431964898455
SP:29,1.0290998755420815,0.6596173345073919,1.6313199546681676,0.8613569979586598,0.7031545538011686,1.2698198140983734,1.0368693981433745,2.2634467959795717,1.196891213647053,0.9673881115133682,0.5267345239303307,1.2482203810610482,1.8610780696794915,0.6961542902678334,0.5576432700170982,0.5406493576032106,0.798114861856612,0.6302427024201178,0.6810852483856626,0.7873808224402339,0.7921638731037198,0.7459918659575437,0.6004232339386282,0.9234489360977772,0.5065647834298846,0.4830754138130137,0.5901578369999887,1.7193732753271498,0.6121649274264557,1.0918760363517008,1.1579256443629602,3.074185353736754,1.953516936734168,1.8061970158102847,1.4837047720398049,1.5506262386431742,2.109298565628836,0.7945903704276394,1.11242137978215,1.6198434919166362,1.4432878958171107,0.9024601253889621,0.6765032164492691,0.60287389176489,0.7951990481530767,0.9330694624360396,1.8327200193106084,0.9603475285643137,0.745102549931242,2.0940921556847596,3.248594175706606,1.2133074729866589,0.9857010062209953,3.6614375525925085,3.165494815146268,0.9477901536871999,1.7183992535105777,0.7327657462401077,0.8420222176697999,0.5618125477980279,1.132555690392494,0.7120846499386965,0.7436844140724211,0.9907769997986834,1.0757173057245686,0.6952306569385613,0.6552666407337896,0.8220805805917718,0.9493235158720258,0.9060112621060428,0.5048875921322761,1.2116144815712413,0.680278881562111,1.347232837845658,1.070688628226275,4.114881629402039,1.0739964025132214,0.6712979239371861,1.0239242138026727,2.8525747242359536,0.7466232154905406,0.5414544501298473,2.0790088359133407,1.7521738909402091,1.2302436827478938,1.483893911945437,1.5332454699940163,1.0310361520825406,1.3922995252241555,0.967000008817348,0.9170745909885868,0.9332152465198602,0.8571623077505647,0.5555870158277733,0.8147991964266351,0.501255293608588,0.691474651216931,0.4748531016673998,0.5201334379916752,1.2235507324279176,0.4382563816583239,1.0156862916356124,1.5594663470780148,0.805027638091246,0.7347134651082174,0.0,2.3852623975200222,0.6852507093044896,1.4570640301548556,1.145352122221781,1.0477679142689331,1.3664905518583028,0.7533339361142776,0.47020707408889856,0.3068719664478504,0.6622938587120992,1.5774437263825223,1.396221760335127,1.5227369405503335,1.4582590694594655,1.2161872261633584,1.4788175296179142,1.0351963230854178,1.442058490890959,0.9231125783750594,0.9549425346059017,0.4314240419646912,1.2422610604553284,4.322554533879506,0.86801169448639,1.3999268302647798,3.869938179221971,1.7625516672873698,2.107485432498723,1.6845883190965811,0.6288023777868357,1.0019205061690264,2.201693910225796,1.2257453300349226,0.5473516945572814,0.7290868985168257,1.2272478429461453,2.4112612598976333,0.5839184508265153,0.5651366055200868,1.4299989413036989,0.9455532504256872,1.1840057770355021,0.588932039484922,0.5267548837695722,0.7323741731188574,0.7560711334955128,0.6352184483705604,0.6768748434490158,2.187739605368835,1.5203206300430374,0.9311795758270428,2.170327796941756,0.4724236716364889,1.3205532313105415,0.8495039783697121,0.4712361781095862,1.0515383944186292,0.6772318248588254,1.4277427168814982,1.0095350682290587,1.0047127315350965,0.584680044061116,0.8722152131717934,0.5375818187515758,0.5304637827146857,0.8122507177085629,0.7616549022809893
SP:30,2.4683045073396084,2.3232897982295952,2.2907354965893503,2.087416911669769,2.6846872335590515,3.0426901737733445,2.744127770822341,3.622872695600854,2.415781325863589,2.2061067097460967,2.3281403420365727,1.7458298297652601,1.258101992665058,2.7173774990039044,2.510739690648212,2.6212344415780713,2.077845141042891,2.187573036736252,2.5113004548320483,2.5087685312813,2.799013712815563,2.874336134552928,2.2520491079476086,2.9597312294459814,2.1693410407618794,2.605589103495665,2.3414887604743857,2.979392766575658,2.1559843483559806,1.8247121291975914,2.3806802630601585,3.974434169203866,2.876361491378626,3.356958990605417,2.0765490433159997,2.0253011185720826,3.1608928834555736,2.299665661250159,2.1048168920401573,1.3539997564524353,2.253395563091701,1.978773723327301,2.3328789263365177,2.080492160145656,2.3218499958691874,1.6892846380848447,1.5451383600575181,2.4220628139225675,2.120814930990168,1.4232007513121834,1.4405151693763352,1.5529047301312249,1.983557136530153,1.6614920745878967,1.2916532891406285,1.924271002184178,1.604955614464586,2.1675388075136435,2.414370152315493,2.656704270473771,1.769447221995976,2.389492151949198,2.2698336160221344,1.8966012076657082,1.8062751624282793,2.146277113968172,2.2580981610289133,2.2721920281276717,2.1149062939476395,1.860301556224541,2.312670732250355,1.7725775952093086,2.3303192142449696,1.6195300807829958,1.8985449493329118,2.178928779422373,2.805147012852363,2.708090465914995,1.9341820051321867,0.9588947312497609,2.7734045740733024,2.495614925104897,2.399018768512539,3.1719173522360014,2.4624871555491894,2.7032113373709072,2.949939576330637,1.6189005438137154,1.9516549695069665,1.5737186387103292,2.3984786660024637,2.27100014057709,1.8087150430877468,2.3876517411927622,2.1070923801578303,2.50543694733823,2.560009154849018,2.4531913782258417,2.639030342966739,1.2885347531437599,2.1899924414100322,1.6592372653189469,2.6222349840909747,1.7654819686277552,2.155105638624176,2.3852623975200222,0.0,1.9098283694033362,2.501843249078538,1.3707497589143456,2.4191289056841057,2.7933711197660878,2.579814151213376,2.4216442982835806,2.419619820587826,2.3251305682319034,2.279621193527975,1.9273577508681872,0.9948119676769596,1.0879514777077082,2.340447339911304,2.7041308106478645,1.4405723673781623,1.2218518469435626,2.3088158566702126,2.577645444409796,2.4697125141752294,1.5069165419861168,2.114433657823837,2.386877947577216,1.7717429429136182,1.5093651244333175,2.8262481534803396,1.0447995048765828,1.0835254240904173,2.539463277689884,2.6995251985850257,0.7034769005957028,2.6722181844862964,1.9719039296060816,2.7713283335496612,1.4983023282694123,3.795675400580365,2.2790043790410115,2.2339153914233316,2.9419080716472363,2.358564345315175,2.2099800389850683,2.6533868711885664,2.405383815863204,2.297655928743755,1.895920918226208,2.736430891619918,2.6851906032124937,3.475190048011136,1.3908555430146012,2.701196266932006,0.5627631785230673,2.350327881310459,1.8087205298758107,2.5804455451223536,2.553543881979672,2.2564463776470234,2.563557953837143,2.105267727193946,2.4194195002844614,2.6872792488996677,2.516996502986341,2.7437747380838897,2.4441288813156916,2.051702615649791,2.046748370144702,2.507998609320428
SP:31,1.138040700188422,0.6931312601167982,1.6876958214970246,0.9145562661557245,1.1138933786881322,1.6010653705532276,1.40417176168122,2.634027376699807,1.1498433619098616,0.9315482071711645,0.7621511848651117,1.0863027849748068,1.65379867253406,1.0435634322453942,0.8051087303626961,1.0322741756074971,0.6342440202173398,0.6514679029026861,0.9000919106510527,0.9058726010615415,1.2910753152796972,1.2637196151154921,0.7640240962018618,1.4593376621252585,0.6503016331214324,1.0229350409192441,0.9144122591817577,2.1293682939291494,0.7840148756847077,0.9739150710590975,1.440480206447726,3.407676209504864,2.2018432188008723,2.252319720657799,1.520765741508254,1.3965062315386736,2.383702106251619,0.9313917962668246,1.1506020749943635,1.355117522677511,1.489906680138544,0.8830484716468952,0.753066894597005,0.6952848830617199,1.025127788651975,0.7032367209701109,1.5782190000694618,1.151556716088094,0.7239939368512084,1.9326836446701956,2.9135098293899957,0.9188209988871288,0.7465198175343608,3.241810955332108,2.7543361525623964,0.7955358710549376,1.5924491843961894,0.8082363544595111,1.2184953029699637,1.0249418175850118,0.9970288206840396,0.7260939021450171,0.7094864590940472,0.7716937261796004,0.819053517867058,0.5438935172048915,0.696838185772125,0.9211548589685534,1.1345204889649048,0.7269570753081327,0.5837689961537162,0.9996119647078648,0.8349034384371916,1.010559126798409,0.9584903682832983,3.8214146291344635,1.3551631790486125,1.0974117532284624,1.0066540558835269,2.471093314127931,1.072487077109451,0.779341953296288,2.213664178524395,2.136755020698958,1.4898229581275768,1.8345365457905227,1.9115021951143445,0.6593525812757809,1.4571491006796249,0.6782720715599944,1.228726892428472,1.2317724600776259,0.8990273121507851,0.6135893278591891,0.595386744888282,0.690579646021964,1.0487193694787658,0.9453392887001073,0.7881644888108783,0.8948830258920698,0.4504187924429754,0.44032716743274775,1.8257433076730927,0.6723757272221151,0.5609352035558361,0.6852507093044896,1.9098283694033362,0.0,1.7395794905807167,0.7116436893160877,1.3217013480445468,1.7983605273061625,0.7627234911030052,0.7227342073689847,0.7044878005987831,0.7825120809993149,1.671976032838177,1.3906153921676234,1.1646933342100767,0.9902860616931621,0.956711244732024,1.7814224149218725,0.7085530201924493,1.0480218059078197,1.2059608946406908,1.2755113055975298,0.9014668238669469,1.0953895925830583,3.7859183603842035,1.1557615864056756,1.3463353943880059,3.3697952325905574,2.0937183467985694,1.7981069560629062,1.2658136758140452,0.9567008304218197,1.3657705743782609,1.84221324801104,1.6284945538758577,0.5979450843283232,1.0507575571024967,0.9696332698988764,2.861751984346471,0.7373580816925877,0.6262293216780882,1.8069900099360456,1.2562139605253193,1.438889436475432,0.9247508986908469,0.7361451749598702,0.8044190827408471,0.49317922116978524,0.8744170577547408,1.1307632044980522,2.6342430074789966,1.3390264784971426,1.3853202819735941,1.7777987689849435,0.7270370055462575,1.2070687288846158,0.8035420255236441,0.8856742500253618,1.2874460143623168,0.7786927013450797,1.5423216855227178,1.2654779837583765,1.3617151656376176,0.7867165045251564,1.0719673053909582,0.8570826961377241,0.5847483325281941,0.8204286583269819,0.7063418524468185
SP:32,1.3079691568912615,1.5630292001738664,0.966967081803091,1.0147838147716453,1.3507082789881555,1.3276624643165016,1.16016233099002,1.5445728724344092,2.12249884606822,1.8254246412102717,1.5884791792658064,1.8209696390652,1.6823450416861123,1.5512013483771139,1.5986038916102416,1.368131087523194,1.7805269540772055,1.6070299387110714,1.6598003968280444,1.7353831578755374,1.3530743335630013,1.3506157605421343,1.4516392526094746,1.2015091902232315,1.3538857501910786,1.3708000932744433,1.2386502842508176,0.795800377147694,1.2676792132831873,1.4195670206951034,1.0347832288048855,2.0161695297860165,1.32895282425439,1.8148220749125665,1.2176497835452056,1.5926071488119813,2.2796461504111685,1.1567477873121892,1.0295799192840178,1.486125810267901,0.9860469488773036,1.2089284557088933,1.413448978410801,1.2838234030098623,1.5286395791926797,1.5301003193515164,2.1558590349024356,1.5541338862975396,1.5455749993366692,1.888174542524931,3.1499270555156156,1.849691662024798,1.9521095557814931,3.666835094324159,3.3274762229789836,1.7597157651896058,1.8552479477917403,1.5545061333646488,1.2280764981728853,1.5103078869870243,1.6473831101288583,1.852788575360832,1.7275156740336544,1.9018532569305329,1.752991039457932,1.7369963266744703,1.7364093170862762,1.6186846125533911,1.0928374089893247,1.8327383162710815,1.6184893519583827,1.790477838329354,1.6478609762892398,1.9948620682208242,1.7179674722228748,3.777785216574291,1.3111874481794712,1.525988849337816,1.3591587093234752,2.8328252370542635,1.7674184626948597,1.5704166453006625,1.3131690044348179,1.074142372017774,1.1748636852493075,1.178631204157028,1.356516951089473,1.6107847307421916,1.3099398120260894,1.4781877102631062,1.0450773197591978,0.7819541433471661,1.1404067155296862,1.7011418050650018,1.9006263577715987,1.6274052330682929,1.4195718296828679,1.2812113540425878,1.7281861780782772,1.809835422187127,1.6858915369678027,1.8488719058407839,0.6120336954781144,1.5106273020652565,1.7992957760314896,1.4570640301548556,2.501843249078538,1.7395794905807167,0.0,1.8330015606091317,1.1469635934994211,0.7250232938433088,1.9666128294924343,1.4441850410936263,1.4123939308566507,1.6508889174774901,1.8782388151492373,1.529466700981837,1.7243775151417708,1.8922792431111841,2.263912259350123,0.5625860902959773,1.6239946454193752,1.7210143879418465,1.0086989317429313,0.9470022174746094,1.3501000413979822,1.5010556399624877,4.428707942445629,1.1291490796621595,1.374025340920045,3.832395259999842,1.4805074326096608,2.134480174905858,2.1327698531141475,1.404103754610678,1.044321307302109,2.224259217694463,0.6687880612615017,1.468585754069838,1.7259975908904597,1.747860592263939,1.5834962947715285,1.5954794766116591,1.6206239773626518,0.9390768766955943,0.807627411415053,0.798303586825451,1.6737471367439103,1.5816720741832404,1.6051346132250075,1.6762060654103028,1.8660024868220366,1.128325923069248,1.3717090601608044,1.814916911250813,0.833152868567413,2.20697140285754,1.4266996152659952,1.4273506332329478,2.0611019516978866,1.4028825935069513,1.2487692919994506,1.8217944944929683,1.1835488255102948,1.5379680142772458,0.9385431216878695,1.7018357152647714,1.8872235697897,1.4258881698053774,1.4303419910435289,1.690450396965164,1.9303511956492656
SP:33,1.5555739920623888,1.1768055644245698,1.7692812837596694,1.2339271687653792,1.615797965815595,2.06804252063002,1.7768821912597133,2.9030404406625174,1.3578731895981824,1.0837940892433475,1.1465229390308418,0.8928965250401281,1.3618860483329087,1.5688137354089293,1.346334127969668,1.4225343673712398,0.9804036755887043,1.0547893124053644,1.3909974027370746,1.4140195948689729,1.6632073623355617,1.719712655504404,1.1688467693950033,1.8708921030174408,1.0595526550954084,1.3825449700045558,1.2332020741355894,2.2631535052812817,1.0620431665684869,1.0681523292377284,1.5964853290674041,3.4790056803553706,2.2363794301071853,2.3257064305669224,1.4090668275374465,1.2830777098872472,2.2827808090936967,1.2702552036925128,1.2702168403022938,1.1219439750328901,1.6580417961789402,1.0346298130646248,1.1829192448298305,0.9628766346725812,1.1542823331255119,0.6666659106480924,1.356585447258155,1.324720438248421,0.9919638744080252,1.4977219853618515,2.3845662501179685,0.6565194446060058,0.8665233813823194,2.6833645832566306,2.2017113578293377,0.8961171230598785,1.4251304774989757,1.1170769916768966,1.386090679352916,1.4648219722451954,1.012905221958662,1.2420445186284053,1.2101868907648556,0.8975389682470146,0.982578278029757,1.0143203838158177,1.0802072305803627,1.1103902124569325,1.1710122849236055,0.7411010288331216,1.1049746863564867,0.907637391243912,1.1019493165667706,0.8666642428789729,0.8492425837342471,3.2266055351092935,1.790059067699901,1.5464054151604518,0.9656096015483746,1.8957950715978351,1.5849036928503277,1.2744096646513006,2.0396848045426577,2.358657502123876,1.6862625050669966,1.8939222467163181,2.155726961652149,0.7159656135848715,1.2874800351436553,0.6302967364478198,1.4643084677461076,1.3962496784267675,0.932887208148349,1.151825391802004,0.8803919089040632,1.2839955854199374,1.459428824594066,1.267041565033625,1.4094893444916086,0.617989912219051,0.9511648285927712,0.5880663611900939,1.9380483869537162,0.6805401470740565,0.9602651240573584,1.145352122221781,1.3707497589143456,0.7116436893160877,1.8330015606091317,0.0,1.541081408541094,1.9228507465712734,1.3437868648286118,1.2276133303325827,1.2174413639339514,1.1279826537171551,1.4747275915686593,1.178603404327974,0.7008660157329646,0.6335400214793551,1.322496529243576,1.9900237958461084,0.5384020535528912,0.7492633887253753,1.444709962510198,1.608614269688066,1.273190508435711,0.9381330205165767,3.2442508880111838,1.4232046241385778,1.0531825950505724,2.775243137179331,2.100119289824728,1.4262754923769598,0.9733734579099206,1.4513854393267438,1.7081536107080106,1.2358313529982468,1.8195996990996715,0.7203862799273236,1.5881117784726706,0.6504332177059128,3.038278698518104,0.9955119827581639,1.0133507351562674,2.069191654514216,1.4485574467103617,1.498570365983376,1.4612483362609932,1.2012662648810921,1.2535882689253572,0.5792145252469423,1.4777800792890652,1.595147369136846,2.730901267277859,1.0816008617210444,1.7198437603472843,1.239115340413623,1.2445573089894502,1.0130909100410268,1.376686374593727,1.4029345749333335,1.3706480169338762,1.2869736779427807,1.4217211352443069,1.377177674537183,1.7345744103174647,1.3287638645597923,1.6210198273223593,1.2849049638117325,0.8422756345182678,0.8337854318901426,1.287822160654685
SP:34,1.0860470922445924,1.0611918370277176,1.4367052845628754,0.894811368759692,0.9820520686312646,1.4074302259864848,1.2093670255536295,2.1012305127322968,1.5166336427326703,1.2732323648989436,0.9721395624929003,1.4629396778184878,1.5715115741180414,1.0556534816856276,1.013134921527909,0.8570145075723645,1.1678484506677103,1.0089351822736714,1.0307585784386855,1.0408485193640606,0.8663505640666306,1.0185652906255207,0.7765374599221724,1.0091685513769624,0.7728712438077849,0.9703298406505787,0.9777902900239027,1.4365297996240423,0.896115213632989,0.9746761434353644,0.656986536264254,2.753949838704837,1.9233660626507694,1.8524856761036428,1.6314247806882263,1.716970217499185,2.236925519266168,1.2203639960189598,1.1280396402866408,1.617028874687223,1.4335349022057553,1.1912854539542475,1.1024284424148683,0.8663593347298021,1.0143415631946595,1.1740212541323325,1.8258038497915992,1.167875431152246,1.1698145225081495,1.780060145621605,3.0657059788108016,1.3133547908032506,1.4104958705646131,3.5322600281842647,3.0704536039656065,1.1272514294233682,1.4226206454357129,0.7898457495162201,0.6762262263828679,0.8192187193471347,1.053547256888884,1.2034974909339344,1.0603142121145879,1.2033469186245909,1.1507780805619932,1.1305168933417145,1.245806830241586,1.314677488785316,0.8625387711845293,1.211031598643522,1.0959336192520774,1.4830575847383707,1.0978365739495592,1.515298137280175,1.2770207584849098,3.8077342211474066,1.1936123853011338,0.8376436610872785,1.215413977121095,2.6553375071735834,1.0799747756247684,1.0939475424050078,1.6626134320617338,1.6707717568927734,0.6909281853207482,0.9576771345766235,1.100812836559974,1.4696733231344896,1.2473018444727315,1.320238125607194,0.3280451853231442,0.9261506273340809,0.7912723861090512,1.325107454511556,1.4873732919762515,1.226003848881682,0.7293904771988239,0.757706328162557,1.2908188488529653,1.4987743660003456,1.1436499204303787,1.5364942618905963,1.4185054268950654,1.1007845928899047,1.1822637401593363,1.0477679142689331,2.4191289056841057,1.3217013480445468,1.1469635934994211,1.541081408541094,0.0,1.3472978993512996,1.3707189229254293,1.0042939462374363,1.0094232804943513,0.9024745787336333,1.2471735532606634,1.045714523449784,1.55588454264255,1.7963119434442816,1.542870993749722,1.338427659946082,1.425033259355204,1.389243520660617,0.726818744354141,0.9768375488246761,0.7444372653146761,1.3110027557911401,4.2156010379999485,0.632811184885435,1.522376841567263,3.7609612811626136,1.144999767506433,1.9064578924811526,1.8972857702758894,0.8640378931705861,1.0788306470882922,2.1344193504243214,1.1478801044039506,1.1319865702038732,1.1240947121735523,1.267429855876004,2.1648945284250893,1.1493532047517176,1.0099291621948374,1.1830707970612424,0.8623120723890253,1.0219124166560445,0.9789885370592062,0.9291736339278696,0.9765522916583714,1.324236812637827,1.322767513542468,0.9114647455245718,1.9466355686294248,1.47254646203288,0.8681667559845613,2.182211154961491,0.9995890798321205,1.527330540682252,1.4737943720882953,0.953117676498844,0.5139378474439689,1.2937939730047192,0.9953686254395281,0.76982498865534,1.2374980889653318,1.1065002988765407,1.0999580665611404,0.8213339848205479,1.136164041303274,1.162266204234755,1.3781115565120676
SP:35,1.530471340191179,1.6230683596486009,1.3224723183583367,1.2690451828606475,1.3163971211308472,1.3268520943872244,1.1162901968850463,1.5952078170211323,2.121601209376278,1.863910330395889,1.5799678488024607,1.8894904303217617,2.088666095851956,1.5489347798856843,1.6221587892727405,1.2953924572373356,1.8660239045962241,1.662866047751775,1.6820307038379216,1.7852651671588762,1.2603439871356183,1.2385358790113319,1.5034849276495492,1.053085537223887,1.432746523191758,1.2395295279173997,1.1782438781961417,0.8699209194517541,1.2869712813549934,1.6107732429495252,1.1283226997603937,2.0812646491489835,1.2466210462875806,1.5217580627471705,1.2855680593887095,1.6993403905317304,2.04040201244344,1.2243802150328356,1.3035491839764224,1.7915156663210976,1.3628550282050138,1.327761976962399,1.4881951411020287,1.4058351708938501,1.5181455607844725,1.6436421541636441,2.306399572412005,1.5487454244350014,1.6221696045644851,2.189367625735729,3.387540404978302,1.9563318051910765,2.0060033852218218,3.9635046314528584,3.545796707517897,1.8367677602354384,2.148552734366999,1.6142010882182731,1.158629402977047,1.4365202691709325,1.760226389527363,1.8708734461189938,1.807260099973728,1.9793792288955754,1.9157697722401994,1.806278043484271,1.7256629042410412,1.6017599507206857,1.2742667755147616,1.9020202322196191,1.6529829107347596,1.8643245041760979,1.641242774992923,2.152970838028029,1.7774539350351333,4.093179724884831,1.3709832681035696,1.5217747242079651,1.4488428776150994,3.127940088791546,1.7257369635786077,1.5358022415930752,1.4359298136506904,0.9523777699473902,1.352104765745708,1.2277549234963174,1.4676022633482946,1.7037608096890988,1.4916170513055271,1.5755400524823968,1.2114403671199785,0.8950481916305633,1.2969644018005895,1.6818522168827517,1.8275558733544386,1.6217598244340972,1.4722252867924708,1.2059635808281246,1.6593288338124235,1.9627042526946734,1.6895579243462477,1.9677247564238762,0.7684988958574284,1.548934477371043,1.7768557224556438,1.3664905518583028,2.7933711197660878,1.7983605273061625,0.7250232938433088,1.9228507465712734,1.3472978993512996,0.0,1.960933095997402,1.4266694609818975,1.3476938310319047,1.7045014253859416,1.9048038352267502,1.6437864380188343,1.9700993069535788,2.082537739034839,2.3600100595258007,0.7695644112982274,1.7610676887976333,1.9505683145843933,1.1034860975817473,1.0751938779421544,1.280383734500352,1.7574573668929494,4.772197335546881,1.1909198508332481,1.447696801555005,4.153430948239148,1.6604227329368062,2.4735506803082496,2.3765760026206646,1.4548437077408993,1.1272303978559928,2.4713094820988406,0.5826380844357256,1.439415187733979,1.7135426845917372,1.8933946001026087,1.4635167690758308,1.5601057167845926,1.6341275110323659,0.972160605321848,0.8829692916658692,0.9421438079830224,1.6530467446671915,1.576085372531725,1.703392949241103,1.7061840574012979,1.80480332088709,1.147595473798632,1.174625328568303,1.995311116702159,0.7978757625794622,2.4621986293814317,1.4876609489156716,1.5127353923997289,2.0366047687902653,1.3969436889860816,1.4207175304520379,1.7765437176857817,1.2875782277559167,1.536355588873935,0.9241928402292743,1.7001700516733702,1.9195873151746958,1.4163820817064103,1.4297329443152786,1.6372955153368716,1.956053504591037
SP:36,1.2013620004605605,0.6220189108689921,2.0431812745970683,1.2087244397089463,0.9809870582862702,1.5237706742725095,1.4394563130604343,2.6675508699585824,0.9942253494711291,0.9131166698486765,0.6991532289449914,1.4330569107345101,2.172531065882729,0.74696807068451,0.5084549405648638,0.8419665791262666,0.7215804839944849,0.6654489527493588,0.6593410982978962,0.7100792154793335,1.1005385443349416,1.0279492320076842,0.8550695674549418,1.3085534210211838,0.815198446961823,0.9468851684105547,1.1139010901150153,2.265338736478259,1.0768238847679468,1.3890172819221258,1.6358863435729254,3.511526738980336,2.461051443363495,2.1825416136003537,1.9835345517080512,1.8221192569841276,2.458527375741329,1.189674315104189,1.481639531056592,1.9471264630639777,1.8238534869414196,1.3198567811141781,0.835773693332562,0.8888449365297341,1.022459494247349,1.2023775503371852,2.09374598361945,1.1463202176010534,0.9202153165954523,2.4420727223473784,3.546595570743576,1.357023164337177,0.9804942047923536,3.8315041770052387,3.3537039004420115,0.9849062599934278,2.0193134451735086,0.9383743752179572,1.332461587130237,0.814621492816859,1.4013810799139488,0.4981309399377732,0.7093117551664372,1.0060867467335362,1.105061283989928,0.6397868410047418,0.8088711521284808,1.0844806180736035,1.3671058879560127,0.9784573454321686,0.5304631999481378,1.3349489073354317,0.7909058912360967,1.3712723344122124,1.2063007121754692,4.421797776101457,1.29244046618071,0.7814076708139085,1.3091613449682344,3.088360179882695,0.6407160787550953,0.5849982326850313,2.5312426817766105,2.2331808255142818,1.6070267779777505,1.872442978321967,1.8528940716446185,1.3416350907793815,1.794832052041787,1.3322290324127901,1.3089523482663936,1.4836073693719065,1.3349648982871831,0.6415660971991133,0.8975394365574022,0.5706196839664848,0.8259815468350685,0.902806747215759,0.5555134150557023,1.5302650934898665,0.572565315661702,1.0559808515023519,2.0783681595863186,1.155076723133719,0.7108395901720017,0.7533339361142776,2.579814151213376,0.7627234911030052,1.9666128294924343,1.3437868648286118,1.3707189229254293,1.960933095997402,0.0,0.6193819009002728,0.7309176887708069,0.6479490828693876,1.8313474423841452,1.7152657813998131,1.8294705413779355,1.7088253008176717,0.7207188019697138,1.9781346727161815,1.391425011321792,1.6366469346842762,1.400364812163912,1.3478150593063127,0.8621823854005287,1.6408127018748389,4.3291960696859295,1.2508141545035534,1.7769628451804667,3.9999741963804376,2.0709337058776516,2.397293387214912,1.925215662318418,0.7973469658395468,1.3853723229018753,2.4762136072014225,1.7558954644361366,1.0257035206683947,0.6056843358929138,1.4873132079019895,2.881326517338962,0.8073235443081299,0.7243782484990653,1.8474304355164683,1.4529951816652569,1.7283404929073347,0.5716778882641933,0.6005295683874171,0.7606347925519,0.8840971657025625,0.3998495299188787,1.0267544556091577,2.6989319659170996,1.8504711970417438,1.4040614744971367,2.4606235669000083,0.739631736093905,1.696452131151102,0.2595160576133998,0.7197220056003656,1.3511998466656525,0.30601835402742694,1.8244730965398697,1.2693026883080525,1.4654374735700826,0.43228221902901875,0.6113866300128402,0.7661553060997397,0.937239715260466,1.0898648849947086,0.2649456086218164
SP:37,0.889156914524735,0.5647831044728827,1.5632697327713945,0.7899889431512632,0.6871762546875492,1.1613104912851966,1.001830992136278,2.2383472042943615,1.2401848708158745,1.0063484390331783,0.5060506594973515,1.35262346794299,1.9155045234134185,0.5605300796453143,0.4391260837473699,0.5104666902857364,0.7827072943948581,0.6036281150980657,0.6084697241903593,0.7358230375155386,0.7294289382828859,0.681311696812903,0.582039635387414,0.9010313890104134,0.4843404968682431,0.6018455959586356,0.6590042417972016,1.7511167048893344,0.69552613182501,1.0969479225479943,1.1803475632193698,3.0150908180566756,1.9410764527549502,1.8445763688064554,1.5475121123454956,1.53565176112436,2.186196126527087,0.8429312012835789,1.084922787446739,1.6208970077344438,1.4360962693513033,0.9083753662380558,0.5108239962190082,0.5392837637039642,0.8263317716871813,0.932683929636303,1.9454331130490323,0.9565852730773028,0.7322483073821628,2.1522288058145658,3.309785519620208,1.2320018925008034,1.0483918168048738,3.7025341447965148,3.238793332078048,0.9366607117610786,1.8026190355545806,0.7098287003347975,0.8688912317230829,0.6031329183222961,1.1762565743070568,0.618780527142092,0.649630558041489,0.9835354229822756,1.0183163986176575,0.6288006409582113,0.7445553272020878,0.9328645614743545,0.9601916038874083,0.9676749596825006,0.4412303613075984,1.2887423033572951,0.6778911533033054,1.3723931695094216,1.1490748624744398,4.189110128490965,0.9163612514729226,0.6169226078795421,1.0884536941230536,2.916397893519627,0.5468005237033914,0.29330249704250605,2.010222631100149,1.7472127019766512,1.1224060347156035,1.4250539534982178,1.4315352841167162,1.1205145134964998,1.4346776749494676,1.0346307928607434,0.8933780189550179,0.9935069498658652,0.9013991992222026,0.6753889258081068,0.8270399010959948,0.4981843963242972,0.5444912850819482,0.5310671092931105,0.5239902887618841,1.3495110726217787,0.5692007255164953,1.0409344481476368,1.5539757235276916,0.9268999219915663,0.6862345878297236,0.47020707408889856,2.4216442982835806,0.7227342073689847,1.4441850410936263,1.2276133303325827,1.0042939462374363,1.4266694609818975,0.6193819009002728,0.0,0.36928099842699486,0.608834775275342,1.670994475121407,1.479561071560372,1.6014888429494372,1.5565153373720129,1.0968263245703345,1.478539372817661,1.1923993161201083,1.3945514035412876,0.8979320729746564,0.9689807482279524,0.46644272948704296,1.415827903755605,4.312092816561827,0.8509095795703141,1.4576193508520139,3.874003296482724,1.7700369317338935,2.1869326259690203,1.8283735023102698,0.4161036089941178,1.0901194403457883,2.268415823903539,1.2201932066905714,0.7721227316916832,0.5066751163349313,1.357555450799922,2.3682467642290383,0.7742715963612483,0.6690709615814191,1.3439816579937336,0.9266049648523618,1.1964285622419497,0.472553548750335,0.3615323000768036,0.6058291321154419,0.8176493930702626,0.5837697422180705,0.6568810164457664,2.169951538089601,1.5903598555982588,0.9014689862026478,2.233293922476319,0.4749591341683122,1.4035643281941244,0.6735859659191292,0.4493407026752469,1.0277317128476227,0.5088273365743109,1.411578243438066,1.0031366184150232,1.0587108634201325,0.48042603706821646,0.6796228502730361,0.42018304007542095,0.7523555871278744,1.0105084758644003,0.6803109704809644
SP:38,0.8592451507603635,0.556639278409831,1.5221930356511093,0.7753993679142663,0.6384017370865523,1.157755709321641,1.000985194977824,2.19809821967093,1.2492498454210714,1.0541420465859548,0.6310696174832099,1.3782659108379909,1.8959126421084411,0.5942410898963746,0.5131563796136513,0.5472476895984202,0.789484808002666,0.5818217615026937,0.6202186434135732,0.7006117925275125,0.7993927205824407,0.7003121372687324,0.5258031604973872,0.902058726333492,0.4368463745542511,0.5585770083108047,0.58326803961133,1.7263941858807794,0.5898540730992339,1.0293823431683986,1.1529141814736397,3.041961021964997,1.946604944028761,1.920299578817367,1.507126255370278,1.5268492866598828,2.2959261512070666,0.6826944409650534,1.003676426178813,1.545114605307926,1.3667596976339094,0.8369505871544191,0.5309782373361053,0.5988004060530605,0.9160732441065217,0.9324323649914784,1.9001156927679155,1.077102615973062,0.7885236871732558,2.183525627772577,3.3125312327221237,1.2335018317067257,1.0239533649393606,3.7200732120314512,3.237481753880639,0.9886784566210552,1.809123905307205,0.704663245038027,0.8765341072978616,0.5521961836730971,1.1231038970947478,0.6688431258885733,0.6490355915274009,0.9951186651777016,1.0529228351707536,0.6092850445667904,0.6850932936816662,0.8899787442573114,0.9975115221752227,1.0173562689715845,0.46703583858241576,1.2801363568363895,0.7602057983726049,1.3754618057607573,1.1576965634068528,4.207438546695306,0.9427124669849528,0.6723016494625786,1.085421516142732,2.911014572997564,0.7369803071959588,0.5310101299261886,2.0998050826766224,1.6979622166806678,1.2088011193855013,1.5131367711469956,1.5168111156416568,0.9840250036394242,1.4827602337287706,0.9499614332943905,0.8764667041566913,0.8996358135308059,0.8770574091844311,0.545016776499524,0.8867536117018237,0.45228704123175156,0.6578759168657861,0.49662901431553835,0.4094417966383224,1.3391553761296764,0.5208485007037199,1.017949970826166,1.5118118267988085,0.8295177351933885,0.7506831010557985,0.3068719664478504,2.419619820587826,0.7044878005987831,1.4123939308566507,1.2174413639339514,1.0094232804943513,1.3476938310319047,0.7309176887708069,0.36928099842699486,0.0,0.7062738591702409,1.686494056096023,1.4333615385756888,1.5452289228626426,1.4938636039954567,1.1949959262792484,1.3927185808390596,1.113896141815361,1.419276395968814,0.935844101027214,0.8430336909869272,0.4362080028580369,1.284495327767695,4.350137583659443,0.8545434616298629,1.4915206894727389,3.9093645525129377,1.8296296511591823,2.1327213415949395,1.7425709154326268,0.5542070016655118,0.9101575903026909,2.261305515467652,1.228451760579394,0.688154724689311,0.7013713285558579,1.286454993692791,2.3670485653153506,0.6727961875741085,0.5379155908760884,1.3229635183551287,0.9480761067337695,1.2122664091452768,0.5524897204187442,0.5464006621857876,0.7344389622486256,0.83051461142111,0.604984796932133,0.5602821128308382,2.2031265394617727,1.6201359947269631,0.8897782983799006,2.2068602194627402,0.43473858334930104,1.339394789354714,0.8151578513134188,0.4357565154710755,1.077710667106007,0.6608945535219319,1.4584984847361653,1.110239748363015,0.913787367845399,0.5631604280009075,0.8323436684474533,0.540215512598061,0.5659272660564157,0.940291586964194,0.71307103380152
SP:39,1.1675797600030544,0.6342630271347108,1.8022918141668969,1.0304220585665753,0.9715776958923731,1.5645278246071135,1.3713230846054865,2.557145820079913,0.9607286126905887,0.6662337110465605,0.47006658290549663,1.112356564596065,1.7613778620250218,0.8300271151823636,0.5795923900189934,0.6384236653694759,0.6109281318095692,0.5651397355756486,0.6962402714661786,0.7691575308246851,0.9081159398584643,1.0020557554023657,0.6250933333201726,1.1894446794703077,0.5762838692040706,0.740347467209041,0.8677536550407239,1.9434173667700405,0.7929787056345111,1.0609055985390994,1.2533757966918633,3.2712963864900892,2.236080043852667,1.9162270760608398,1.675981427979138,1.5759467333218315,2.1169000450272617,1.1262669580284492,1.2369312004627884,1.6987421590697518,1.6489562319100861,1.0708915399360974,0.8117516142422029,0.6228499254747497,0.5922416036523768,0.9018142298300558,1.8095589939487826,0.8399812026493925,0.7034327274864214,1.948715850160918,3.1676006545036595,0.9843006335103243,0.8394751287597744,3.4880605352962504,3.0135575904840106,0.691948966232372,1.642242110549434,0.6398818548964021,0.9211131510987224,0.6339769847849529,1.090343129211679,0.6784192290430696,0.7120949309594587,0.7770056574574852,0.9179668190327386,0.645717125775607,0.7404395225056458,0.8755121969032934,0.9344816352469645,0.6516946154857656,0.5568898225523731,1.1455432413469808,0.5060713153310744,1.0851485023359175,0.869343331785314,3.970766899439195,1.2653441782378032,0.6030582721832085,1.0137605143104567,2.6838682475800164,0.6492314531212942,0.5589587798653154,2.0972932680425145,2.047633997481638,1.1979383470258425,1.4168559594857388,1.5983037335606898,1.245779805294201,1.2824273794876364,1.1323899261832056,0.888641008827963,1.1982419382215508,0.9464573361098098,0.8093303415764296,0.8562995716974884,0.7690247130697261,0.567176085719694,0.5697285787117172,0.8397823213560746,1.27220711049644,0.5726629402659483,1.0634239670268022,1.8098517188183982,0.8517453705877398,0.6158873639979595,0.6622938587120992,2.3251305682319034,0.7825120809993149,1.6508889174774901,1.1279826537171551,0.9024745787336333,1.7045014253859416,0.6479490828693876,0.608834775275342,0.7062738591702409,0.0,1.2624498027838398,1.2099342124128423,1.4994041607725228,1.5731144829599921,0.8962893932474402,1.784698592939103,1.1984012738638807,1.3202844623043024,1.0823076989240108,1.181299321661294,0.5530768234374287,1.3386437164846723,4.076339936066721,0.9093778165706599,1.4271109684188594,3.7030100671622566,1.5646308783373257,2.0002085859253764,1.7464513890724274,0.7041489050304452,1.2694993305811744,2.0983697527211924,1.511938050011114,0.7407046128334002,0.6787874261471901,1.1039006498282986,2.6674905628894083,0.5963137025677369,0.5461773606070734,1.636128786188736,1.1092202027302074,1.3869318627755465,0.580236303392388,0.39990867940550223,0.6538487568460056,0.7577564252027364,0.7413699103750447,0.949765376979872,2.4100553255718933,1.48557300321306,1.1819767940637353,2.147769436509398,0.7177514316723667,1.4249099276702377,0.7695935324581425,0.7158965178886715,0.8581401236152942,0.5852093792255456,1.3354151913165146,0.7444491681142815,1.4015052925434122,0.5555617139053343,0.6946864692254376,0.5198140502459017,0.7657594213974445,0.7470716001368055,0.7121093846342043
SP:40,2.029520719012427,1.6436703489587088,2.1334351341697992,1.736258710288069,1.8470198462399028,2.324014380468284,2.0329347864546476,2.9359457332602417,1.5471470357860535,1.2828168764310854,1.4119811511029827,1.2151736737105086,1.7020004739923518,1.8558890575917415,1.6794316764218773,1.4822133882809843,1.5391606823695747,1.5263936932314248,1.7257561515071673,1.7237266349978777,1.5923386846545513,1.8273299562322125,1.4867330876606968,1.8439906231361773,1.457045056921036,1.498823982927833,1.5854675729284566,2.125761591583228,1.445495580559906,1.4920913247145697,1.4389073447606375,3.3204434452465867,2.390073787549171,1.9138403886470494,1.8484027047140736,1.7665341627425006,1.812441162233572,1.8873431166920447,1.7537861956158292,1.9800855030983666,2.1893538791044445,1.7131356262384672,1.7446418565300181,1.4280141088659815,1.108605879784356,1.4001813392876916,1.7306898117436118,1.2891772902746326,1.522272274217198,1.480507224201652,2.679095776702503,1.2332827977675784,1.497651585155833,3.0541475278085617,2.562200569958106,1.2746234147906723,1.5986013109969495,1.3619806435080637,1.2324758660164084,1.470600607811653,1.3937327424496841,1.7561922812181354,1.7418392632505586,1.428298194728459,1.5574873535200724,1.6502006375822513,1.6261853634529915,1.5404496114495625,1.286207234178793,1.219866627499885,1.642363711469562,1.443353717563775,1.335483688641955,1.4860938161655652,1.1006155185213022,3.2722355640450163,2.064422382208093,1.5247777188931924,1.2879017602260059,2.210783291350967,1.7097633612156846,1.627653267744088,1.811789518161009,2.3579949483223865,1.549120427018221,1.374201135131363,1.97162704809639,1.8114825197213562,1.2384595304959445,1.6178803342914256,1.3314589247491848,1.638165972236972,1.3298546617180058,1.8049690183557061,1.619219999765417,1.8463584344196255,1.510649426078318,1.3122511846902085,1.9460436142257334,1.5956105708385797,1.559311955456479,1.7965233969834171,2.060320511416802,1.2937489757787015,1.4355063077397445,1.5774437263825223,2.279621193527975,1.671976032838177,1.8782388151492373,1.4747275915686593,1.2471735532606634,1.9048038352267502,1.8313474423841452,1.670994475121407,1.686494056096023,1.2624498027838398,0.0,0.7288505234061307,1.5578845837796222,1.9286484153270007,1.866503499794302,2.164897892795877,1.6324892750965527,1.5236406716037967,1.5320533717575802,1.8333185211080794,1.3694700641977418,1.595114326755063,3.8027138383193018,1.3753616865732194,1.3509751568941828,3.350000368485443,1.3402742364376534,1.9229514534115206,2.0197919662622605,1.7142597229981569,1.8688437713214285,1.756289490498366,1.8450814786583032,1.3035831760471095,1.8061684903683102,1.1442165106628919,2.8429643002194,1.3288283959281597,1.4264836860646317,2.0606792159598806,1.5059344375688388,1.657006877255943,1.6576097877858784,1.4459418100497965,1.640908477928998,1.438878239140142,1.8757704504271389,1.800002995619658,2.42366958300657,1.5263973776091915,1.7351746033550373,2.0138295621795224,1.7413105293200741,1.5763885858328415,1.9374616550524526,1.7092791952729307,1.104653482319579,1.703691360830047,1.0180057928237716,0.8831212234355214,2.071000555027583,1.6906404560871289,1.803142302415334,1.4333073128771332,1.4928079516597705,1.0057519250162108,1.8587365751375655
SP:41,1.603162253193125,1.3796534441500525,1.6365769468665945,1.3446051564913701,1.6238919207922133,2.0148136466193995,1.7559801458443516,2.5696987747773123,1.5403414474278174,1.2888969918386919,1.3624280160822873,1.2095236271790404,1.3843891936341024,1.649577726583155,1.5415328316528092,1.3623581422990467,1.379930871940865,1.3120011160110265,1.5414187367087981,1.4853690524165104,1.4851148608580391,1.6488271021166099,1.2242086417726388,1.6767213022963747,1.1849314666461273,1.4099751421959799,1.372990303948526,1.8675777943013707,1.1614260657744606,1.0685438749368839,1.1272044207961291,3.025755389659095,2.052603083119199,1.9975986477699483,1.4758715079975893,1.454073856214269,2.134224791357575,1.4928292649969588,1.2859402898868293,1.4699021583334098,1.6762081600969287,1.3517141555293044,1.435913502268255,1.200547660435805,1.2018210720220808,1.1803394011046158,1.54866222896122,1.3944081612958783,1.409268144741737,1.2944059389270264,2.5270532774561025,1.0609619432717416,1.4034319270737003,2.92125848982921,2.445080964689033,1.188480915642192,1.331129691801618,1.1384135542172977,1.1044211100162826,1.3617068421676655,1.0664068889490212,1.6043019012021997,1.490017492402686,1.2829937343528603,1.3169822659138195,1.4171490563498097,1.5185704629405294,1.447722627676283,1.1163440319154834,1.1703548742366894,1.4698014890874977,1.2968934576386106,1.3330085142432193,1.366971176815495,1.063593257349438,3.1708612589694924,1.7567211222582586,1.4791379957123822,1.0972408219303835,1.9934497737394459,1.6970531209499211,1.5220650611371667,1.6302163048063516,2.059999652225697,1.4267395584422533,1.3969497563109567,1.867731640647161,1.3745057955912263,1.2021493130322753,1.2331454915088556,1.069247397839271,1.341010349801919,0.9754215831747095,1.5133731186703192,1.4965488166950132,1.5911442995838787,1.4360112763110513,1.1972339092209427,1.7196168267142227,1.340556592205592,1.3618364245348311,1.4288133833341048,1.6896057503608215,1.0218693916317463,1.2704160368609934,1.396221760335127,1.9273577508681872,1.3906153921676234,1.529466700981837,1.178603404327974,1.045714523449784,1.6437864380188343,1.7152657813998131,1.479561071560372,1.4333615385756888,1.2099342124128423,0.7288505234061307,0.0,1.1116891164320821,1.4776340976172648,1.7444505538242983,1.7696729336110828,1.2487705005457752,1.081641317479363,1.320041446164392,1.4552477127495322,1.2188900095776827,1.2048619945459595,3.626486428642742,1.1518111489811431,1.1672890718919762,3.128706616132169,1.493792762242404,1.5894088403118907,1.6056169796033701,1.5825350208380053,1.512410893046692,1.4892491544243525,1.6282369006938977,1.0930141080755353,1.7637731129189254,0.7285274361019597,2.6185293624320525,1.1407617129313743,1.1452256258845321,1.7315302603337581,1.3282479155466211,1.4256985460831773,1.5575042340279663,1.358722979949862,1.509281772682172,1.1760180981539594,1.7457719063208965,1.563733983687709,2.311905609764423,1.3745008629666498,1.5301748210305053,1.691708125478401,1.538059965932045,1.1071874041055492,1.8306617427408327,1.5345960676090526,1.014781253936028,1.5830941275866828,0.8150360796446213,0.9946017279593163,1.7086719174656344,1.5781974177510583,1.7539113929348429,1.3327492885167,1.1647661712365875,0.8699469846303542,1.6682772173978757
SP:42,1.6442871404930857,1.4903919128505638,1.5450059765192732,1.2674044479563342,1.8584023157882381,2.2134481905117016,1.9302393970830243,2.8708669276028562,1.7613797329225072,1.4955095171706452,1.5286337743165193,1.1543338117591797,0.8777872216169521,1.872445576371602,1.700564785562281,1.7329793520827848,1.347041669426412,1.3949146586696075,1.7194300120757908,1.7107676523700253,1.9223067955119486,2.002633780304452,1.4131479823509667,2.081543887186551,1.3161262284479014,1.7276706001633793,1.4868603231793884,2.2234794224370082,1.3018749227382151,1.0147273961248278,1.5740442405505457,3.364381147181442,2.2235139623601983,2.558453477508443,1.3858662014840428,1.3237317227487693,2.574390500811098,1.4656509092561383,1.2271381865229223,0.8093027274751973,1.5590903583060296,1.1640921259195505,1.4789166033810452,1.2509765323135669,1.5201120955785463,0.8960044262386747,1.3072180839766263,1.6677860643886688,1.3682016197700981,1.212811969428392,1.992605480012915,0.8533326620591766,1.307276764412027,2.349328872587584,1.897130023964131,1.2192665813849637,1.2245010725027101,1.3345926144013203,1.5477565121088195,1.7631062181214268,1.0814535045941427,1.6437725590362073,1.5122701405619432,1.2153342260366469,1.1792770243657522,1.3629742713407722,1.492545687810093,1.4988312561042823,1.2659415564602776,1.163229192631081,1.514871521354195,1.194607811262757,1.525130895280648,1.0875500047461317,1.1926927286065112,2.757564577539751,1.9462779134602068,1.8557409660595419,1.19915356471485,1.4595347944861703,1.9736534174787344,1.6785996334663407,1.8950690813173332,2.3719880104729603,1.6969186235284568,1.9386612932972276,2.2262924940725375,0.8434007276696476,1.2980470825252635,0.7343654326758966,1.5186976350317245,1.4203484509056719,0.9527059336105581,1.5677505797982467,1.4109145131179888,1.6725023593528663,1.7312979120760421,1.557381989628777,1.8068548807605473,0.73519101014639,1.3878786431197665,0.9937064117068034,1.8611138209397964,0.9081846087264466,1.4071857123218827,1.5227369405503335,0.9948119676769596,1.1646933342100767,1.7243775151417708,0.7008660157329646,1.55588454264255,1.9700993069535788,1.8294705413779355,1.6014888429494372,1.5452289228626426,1.4994041607725228,1.5578845837796222,1.1116891164320821,0.0,0.6102302252173788,1.7457811832227614,1.9245499386908222,0.6755714398277837,0.5923279497584955,1.5369464067127026,1.6933465805192889,1.5666087565208966,0.6979061222128738,2.9783224273180635,1.555461187152342,1.1765158280390224,2.4422296725816963,2.0999409307722487,0.9273531992791855,0.7549861805269505,1.7271191345035568,1.8014291396298352,0.8154762156806581,1.892489005838195,1.0918354802925578,1.970113544013179,0.6633201178259795,3.0188024165979894,1.3975231007714664,1.3451175814436958,2.0944057630982145,1.5184478014002443,1.497699225127506,1.8246207129970897,1.583491659390676,1.5700016117202529,1.126403902102274,1.9183852619233954,1.8085722979255894,2.746321959012951,1.0263540866002845,1.8492877153804357,0.793086561728405,1.5438525370012142,1.013665175444564,1.884656092434159,1.7256002494118334,1.4553737847769603,1.7803071973016509,1.3731508760750222,1.6097789441670107,1.8590292626843903,1.7385729462620536,1.974135163095139,1.605053553766937,1.181177860285997,1.2147321163347562,1.7413729035869434
SP:43,1.6036331476480288,1.4560054447030704,1.6818055883633676,1.2946962040493148,1.8159195348420847,2.149812662208252,1.883624407437915,2.876397936092094,1.7688108023695868,1.557100919928369,1.5526850947994728,1.301573731763257,1.2668076343423826,1.8228500521306374,1.661869531736943,1.7809414445625367,1.3380005483443356,1.382546173320466,1.6726233148399838,1.6608646534526372,1.9749308502758174,1.98077102286509,1.4418200543271098,2.104633834794813,1.344415527741589,1.7555838473060876,1.5147995352737778,2.349394394454999,1.339607011392331,1.181051223984218,1.7541027827851094,3.485585664294441,2.2505656852334246,2.6689784097753173,1.4628998532379598,1.4442951915777027,2.7107246543729535,1.3815951747927104,1.337248952347464,0.9418052611388525,1.5346668263464047,1.1891368095369463,1.425364221205843,1.2842602290099485,1.6506794990710314,1.032199338894423,1.4084329994999978,1.7738802588336524,1.376045118993349,1.5578117819925317,2.253827255289461,1.095809446113547,1.3044101313025491,2.5756875428003596,2.116470186807551,1.327447061492335,1.3907911485493543,1.4199524277024271,1.7184043278600714,1.80652655306486,1.2069822868022582,1.5685783788093657,1.4513284104056685,1.2839209191558525,1.2134815285643155,1.3160669979475927,1.4527028673693245,1.5074405202903025,1.47368564125406,1.23642558818891,1.4464228601206957,1.243016671694988,1.5817231206348332,1.2173516550117753,1.3356113067879167,3.098350658661965,1.9278189206425185,1.9029762473340281,1.3076174552978492,1.7923374775511436,1.9707632186791957,1.655342304989401,2.174827810748927,2.4285543908711626,1.9047279333621858,2.196958894518901,2.3456143206989717,0.6977772429973662,1.582579383142288,0.7511312337249159,1.6951140161927214,1.554608059328361,1.122415912897132,1.3889452858255826,1.3060147960169108,1.5234268247640421,1.8118101827363757,1.6485255228001219,1.664339686712616,0.6885271806870932,1.2822757893979897,0.7432062650460087,1.968556451204481,1.0369621393639001,1.3710004017012754,1.4582590694594655,1.0879514777077082,0.9902860616931621,1.8922792431111841,0.6335400214793551,1.7963119434442816,2.082537739034839,1.7088253008176717,1.5565153373720129,1.4938636039954567,1.5731144829599921,1.9286484153270007,1.4776340976172648,0.6102302252173788,0.0,1.66247552478343,1.9904288729134743,0.506770826812419,0.8473600647424867,1.6382749851085516,1.7137121080149962,1.6376827675235899,0.8807508125619838,3.1103125692139617,1.6678841058819214,1.3327090181914787,2.5977861396034605,2.411223969362967,1.2658833532249927,0.5905967289405714,1.7412497140369816,1.8213890393207943,1.1869904316285593,1.9763870524813003,1.116012821875836,1.9502383109353207,0.9098248928745457,3.131361174823603,1.4022360969546919,1.3495345466413693,2.1838932548201733,1.6732643802445275,1.6438058818941805,1.8063884413492621,1.6035110633038427,1.5611326222788706,1.0202498182533448,1.8028846639003857,1.8106861794609062,2.8926883136635206,1.2059139482889727,1.9219092176872834,1.049236654605481,1.4849920202506168,1.1097173483535439,1.742289788127511,1.674578219405192,1.6905615656357666,1.6944598733337974,1.6967175448802185,1.8122629258458636,1.8040314318265351,1.6812371263904677,1.9575071504299177,1.6480347099951502,1.127500327630012,1.2973754804785165,1.5991162048016183
SP:44,1.527458075522806,0.9565154427803225,2.3278990015095244,1.4312534967037294,1.426065704215929,2.0490194782980145,1.9177238420509268,3.1244293383808555,0.8923019415269373,0.9071971843221027,1.0064649721887902,1.3581222093014,2.011201415760303,1.2530931472802818,0.9650154881985142,1.3156698764916097,0.7377540433160563,0.8680721530801504,1.008275663785643,1.0409006299101027,1.5796098912806327,1.5612793782456758,1.1353375913121755,1.819405860845454,1.1120478349362641,1.4086032319478274,1.469191807883111,2.628751193953789,1.3872603563577255,1.4810352602717523,1.8817872506499476,3.8744409366772805,2.8811547001774183,2.5741730028253724,2.283519381700758,2.015413349655676,2.757317913489786,1.5473744939230891,1.7230078370249067,1.9097841430057276,2.063288035600308,1.58422786109703,1.2804223956794076,1.118627115309456,1.2544236341438937,1.2854182485258858,2.0244750432244203,1.3748538259464103,1.1208743827889354,2.3741682776918203,3.368565831319623,1.238383669690798,0.9480245560112114,3.567324201395277,3.0913670717928095,0.9000424230108517,1.9200282075576525,1.1405159009215204,1.6580036213751197,1.271905953347229,1.388007473670764,0.7023220141089639,0.9036068256846331,0.9013610217903121,1.0043130498718358,0.8188037662093623,1.0307808912985967,1.3107753862118356,1.539297621510704,0.9119852532310816,0.9069517591462869,1.2567265044461071,1.0475498828374867,1.1614368940263915,1.1880738873789511,4.169129523286804,1.7939671324164692,1.231275567627993,1.4594422260313198,2.834671636238964,1.132259771070187,1.120707354712235,2.7305860200273933,2.725379123230622,1.8589781667683758,2.1492343605376933,2.1578787037335005,1.4728824545956605,1.9193795184804678,1.4666984706593558,1.5794205560573125,1.7396163919707126,1.4660985431881997,1.1143084547318027,1.2233055802569124,1.1323908658979775,1.139805684884595,1.3028627581724033,1.1460952188055822,1.4602905077975876,0.902555499388816,1.0337098158172116,2.465824502960544,1.2512468784222344,0.9824132502624406,1.2161872261633584,2.340447339911304,0.956711244732024,2.263912259350123,1.322496529243576,1.542870993749722,2.3600100595258007,0.7207188019697138,1.0968263245703345,1.1949959262792484,0.8962893932474402,1.866503499794302,1.7444505538242983,1.7457811832227614,1.66247552478343,0.0,2.361741674574589,1.451728797422858,1.5106098864484991,1.6986239326556665,1.744567946102009,1.2709533889527278,1.6050909674370508,3.848028884345803,1.5841856812393935,1.928541963583178,3.6583936288677794,2.2124772260228838,2.1848534360219376,1.7514290150270027,1.1910477462150917,1.7845117160150745,2.3223344899267393,2.154616221487055,1.3059382353273277,1.1058490580903153,1.40541360287766,3.3428316939222067,1.1251059737397904,0.9874723168004209,2.28818457700379,1.822367237179322,1.940449998564257,1.0812881999381903,1.0303361329504306,0.88387829735054,1.0713669768351157,1.079234214134365,1.5009922243170046,3.142722188738903,1.7422805133704955,1.8451509270712452,2.3290525271857354,1.0873128274043506,1.9148085207059473,0.7021333737423421,1.2076373407121452,1.4544091997328827,0.8820755189995793,2.0077769002528343,1.502741812454985,1.907951771920523,0.8677671797043192,0.9536625138373852,1.214402615798059,1.1999068956395456,1.2764275616111804,0.7302510340484927
SP:45,1.2300620307134464,1.5542977426594555,0.950273490661578,1.0687526427511114,1.21563949375158,1.0449617347024547,0.9573685062875621,1.2788306830793388,2.2143930796277176,2.001760813933393,1.7077988409355693,2.0563469020883915,1.9631043396879158,1.4798017841730167,1.5986895346844514,1.4233102174562862,1.850869833874161,1.6376371819853983,1.621425129061279,1.6661220999205455,1.3630378274805928,1.2736558939751497,1.458730422088477,1.1040264253667869,1.4047244896872262,1.4711924796334248,1.3406790831805369,0.9002220476292746,1.3462055310624517,1.4647846054346314,1.1037092043619958,2.0463774742729743,1.2501986211791631,2.02611495262937,1.3428222864463748,1.7982309595652468,2.559479133857351,1.1387184226526155,1.1757417358783957,1.6622791051893628,0.9590856374732049,1.300773237517696,1.425379718418372,1.4390936562686694,1.7570623958737015,1.705638032879435,2.276908098589142,1.8084514748075193,1.7140622991669292,2.213370873152542,3.3646771153162085,2.03465313421347,2.0946368512469222,3.9236604897781246,3.527016932877757,1.9111231590746158,2.0233223419517516,1.5947294417545244,1.3645369495653952,1.510379304808963,1.7312884301652791,1.881082427497826,1.7121380518760565,2.0112586199160214,1.8166130245539742,1.7626521346994835,1.8350785595245107,1.7939168670129395,1.4490980100239816,2.0124138257784625,1.6767630104405962,1.944753575447883,1.8319820825814952,2.159438598198677,1.9297718251166045,4.095244875462934,1.1670697866319346,1.5577234205598558,1.5382577759103346,3.106397762369405,1.8000276338946073,1.61270993684556,1.5817142779593707,0.7882244824031215,1.3285575312618392,1.3976050700950282,1.3942460250220021,1.6258626941507273,1.6355284447221767,1.5572659389943697,1.1609540602800597,1.0101274378512959,1.3314434871136587,1.6465920542355992,1.922913909373623,1.5813983100680442,1.527043349516969,1.3687496928329224,1.6469152939086604,1.9836143826059351,1.7137056026010498,1.9376822076264104,0.5103999728178146,1.6272968448529097,1.821252156360188,1.4788175296179142,2.7041308106478645,1.7814224149218725,0.5625860902959773,1.9900237958461084,1.338427659946082,0.7695644112982274,1.9781346727161815,1.478539372817661,1.3927185808390596,1.784698592939103,2.164897892795877,1.7696729336110828,1.9245499386908222,1.9904288729134743,2.361741674574589,0.0,1.7257775594473634,1.9259075561070893,1.0994595142539931,0.8215712534391648,1.438953410642997,1.6932560068043732,4.710257581533116,1.1305682756812512,1.6287692198384016,4.08667606005832,1.7830482244007662,2.360578816861551,2.2763428033896465,1.4482230578719246,0.9280881105013793,2.481260402208979,0.701163640837997,1.5884528154930595,1.7694002000635531,1.9443906497190655,1.527465107134354,1.6856037264003574,1.6729714304206464,0.7977376694747805,0.9376115806570036,1.0938536166744777,1.6731973441015473,1.6596149614584355,1.7296055368490915,1.7845589706374325,1.8112062292147846,1.0702366934582157,1.4090421708172043,2.0502452997748004,0.791778902557267,2.4070451579063747,1.4559181957267469,1.5221962532799898,2.0671191529927686,1.3646087334683659,1.4876187319155778,1.8578989198030094,1.4099600461762418,1.7357552925930393,0.702181089911114,1.7228284010590735,1.9109793841514788,1.462697363831395,1.4774836877829776,1.7958185913043885,1.9343520730041306
SP:46,1.3188190812805287,1.1052009043424893,1.4980750452229588,0.9639852587295501,1.4244332074071069,1.806250965299924,1.5011547484839773,2.600815903943736,1.506650571105581,1.2639164320776564,1.1492963472112805,1.068466579379479,1.2085483637338015,1.438554485804749,1.2792011511483834,1.363014621427468,1.0465090142688491,1.0424377356809076,1.3065285451928954,1.3273662595757294,1.5462638218109215,1.5734043231298516,1.072510372914113,1.684654408983221,0.9787055109513758,1.3549921163523146,1.1547883964727375,2.0414930918459975,1.0115181925087697,0.9174021953810995,1.408314391761669,3.2691987044216364,2.0291664489135997,2.2843180985983844,1.2979941559110566,1.3417719195485605,2.4159792541283527,1.1274732769961213,1.1070988247006601,1.0523820336964183,1.3813285272685134,0.9512025066568633,1.1167388685684556,0.9340624777605421,1.2842855891859692,0.7789618478810378,1.4027617038761973,1.4305161907044899,1.0853635308125391,1.553911509698343,2.4589068702493346,0.922424057889711,1.1020289889373782,2.832489134577526,2.3384480829791467,1.0383720168155655,1.2439081178736884,1.036566061009688,1.3228037945347688,1.379472411323424,1.0011027205320666,1.2411278253071634,1.1416282425352438,1.039324956547489,0.9823009798949949,1.0028086837865684,1.142784231229114,1.2263235309563165,1.1358184102953903,0.9332701110772257,1.1189946442456888,1.0835318549864785,1.236086920040062,1.0966959899907147,1.093730987162137,3.267655752543645,1.5773469313337738,1.49436215751051,1.0798257557563566,2.0185270099023143,1.5828495900815651,1.2754078414186054,1.9853655163154111,2.1169603442284233,1.5420397978306624,1.8254777960845094,1.9838109413721685,0.5716348235921147,1.3312261414643605,0.4993586189414539,1.3164587177861558,1.231277422475912,0.7626321733941357,1.0685783302049985,1.0232337621040546,1.1699666324359936,1.4215215813607922,1.2303755390479836,1.313430094023918,0.4887538150744524,0.8985972396193124,0.6337404249012335,1.7089153522026923,0.7138909490408247,1.0656077823912355,1.0351963230854178,1.4405723673781623,0.7085530201924493,1.6239946454193752,0.5384020535528912,1.425033259355204,1.7610676887976333,1.391425011321792,1.1923993161201083,1.113896141815361,1.1984012738638807,1.6324892750965527,1.2487705005457752,0.6755714398277837,0.506770826812419,1.451728797422858,1.7257775594473634,0.0,0.8575190556582739,1.2855469028327693,1.3764739022511783,1.2205481337870625,0.6658095178455312,3.4648197525943787,1.297143411411825,1.1943032436035852,2.961388908036875,2.04818473901657,1.3589736696141665,0.7622350650200619,1.35706520536132,1.4900993506664684,1.360550623623268,1.639358690597254,0.6965630675341437,1.5686309350903904,0.714606755303912,2.813410453958676,1.0343429465931948,0.9833559417460642,1.8584502940182346,1.2942280158121886,1.349445559768589,1.419598410216021,1.218421131180009,1.227018695408788,0.7428105891318099,1.4383174218401074,1.437079242584795,2.5640409394739065,1.0882040575198926,1.5351609696616315,1.2972457413044656,1.1178376760739888,0.9438417574742122,1.4561875667495652,1.2868297578576622,1.326444763275528,1.3696534697880065,1.4276080891797542,1.4134542966610775,1.498073361040692,1.3317840616692422,1.5864704197693122,1.2500513130663777,0.7777480732482114,0.9489735555399048,1.3019024266457875
SP:47,1.510352714933582,1.3703960138365587,1.5548010191436246,1.1762263627263614,1.7334222388004779,2.1081561450667468,1.8490909449547714,2.825751760685863,1.692727320786972,1.4066422478871357,1.3749078817683411,1.1991633416850722,1.1078849712599932,1.727594106120429,1.5584800811076576,1.6029159845740546,1.2323936556225592,1.2775312907150407,1.5725364073408028,1.5558645882096385,1.7788922679252948,1.8633197249723248,1.2401150915686145,1.9553157076209646,1.1592950583287098,1.5929738019900923,1.3302531701949365,2.1655837980221477,1.1573329855973926,0.8988081770729126,1.4235370475143478,3.3041398667929123,2.197768553264917,2.479881791853709,1.4078082024438323,1.3345664486010742,2.479895849216306,1.3861450870599674,1.1950748290157949,0.8940024813624655,1.525571182840414,1.0646716039420985,1.3325609300356764,1.1191303526403535,1.417144968954039,0.8254783414680192,1.3356763999132941,1.556903334321172,1.2194867200195834,1.2782907554720144,2.1684621109213724,0.7993858305580537,1.2395647384060893,2.5011720515882803,2.1005979654498046,1.1081382747500421,1.2535762983009586,1.176335773383349,1.3911795031403666,1.6371153875547941,0.9234456362255861,1.4576472018459445,1.3145345238220265,1.080122275209685,1.0180842590460222,1.2307752975726696,1.3796566987788639,1.4007245077102688,1.1959656000145258,1.0718707084815855,1.3641992033817798,1.2169663248479679,1.3835422971031637,1.0575360636376208,1.1806830993768676,3.0216967076988577,1.819683828702902,1.7149914677643068,1.2154849574980915,1.6428824073663735,1.7453474675861003,1.4817036178305614,1.789094317450682,2.3458484350276154,1.4965363910707825,1.8195934217156744,2.053981894216972,0.9157407656183706,1.27805277369055,0.8071098805490746,1.3886018742091348,1.400360846893353,0.8423381938597851,1.493372602342658,1.2659095481693285,1.5491769773096524,1.5447634941208568,1.4505490890872,1.6704088737395162,0.8128163366143881,1.3061795011023558,0.9231935491937011,1.859153979171428,0.9105425496374516,1.184647553616879,1.442058490890959,1.2218518469435626,1.0480218059078197,1.7210143879418465,0.7492633887253753,1.389243520660617,1.9505683145843933,1.6366469346842762,1.3945514035412876,1.419276395968814,1.3202844623043024,1.5236406716037967,1.081641317479363,0.5923279497584955,0.8473600647424867,1.5106098864484991,1.9259075561070893,0.8575190556582739,0.0,1.3755028421047986,1.6650947454467462,1.4100780652565894,1.011141173622153,3.077748298365241,1.4240632311200947,1.2253789065027276,2.5902644077748285,2.056276024046743,1.101883858633669,1.0335526337828889,1.5391112258194422,1.8270770334246587,1.1251982348255267,1.8329424417646363,1.093845837156221,1.7544385625119332,0.7219667045613841,2.9473216673701805,1.3747803540981363,1.2356314591560245,1.986021209560641,1.4635984444755592,1.4026846713407042,1.6314498678722054,1.367499030320769,1.3212276191686454,1.0659046068141071,1.7722922476687044,1.713998805617374,2.6820036289949623,0.9705703301816969,1.7467697941671365,1.125290051737111,1.4301345705437716,1.136479598720852,1.654851049856693,1.6000193601721548,1.352020514039235,1.5768737215362578,1.2794061503679788,1.4327671126411408,1.819239758817494,1.5633330141862234,1.7374371038800525,1.4361658315589925,1.1775000674008427,1.21009553594971,1.5904917666098815
SP:48,1.1482246084894179,1.1552574698299256,1.360320350283701,0.7990540045851415,0.8506341806750966,1.2682209296712421,0.9670382110599146,1.9712871885981682,1.6498490147511307,1.3772765250422752,0.9395439457627547,1.4276870197752385,1.6253325673293535,1.0894668049094043,1.0249358024276152,0.9183355911136267,1.2172757076913254,1.051939390275583,1.0645834823826312,1.1308192944635087,0.8928192952142124,0.9718144626576388,0.7990447352199107,0.9134579703990661,0.7484274448544668,0.906453279924763,0.7972384961039841,1.2438036640968688,0.7430080241911033,1.0093408563043935,0.5646238759825354,2.624646199518248,1.6051775325313535,1.8585935456340852,1.3850360427482469,1.6967474051083198,2.0489027564966724,1.0746373100589848,1.1940104996474257,1.5293736160236586,1.2865595471883506,1.007836983822646,1.0829284737340954,0.8436416933844517,1.0593067909076739,1.0933232534674144,1.6259319031909452,1.1374932253294279,1.0776538190311826,1.7127666674256214,2.907752885477238,1.375834463998137,1.4274340224944355,3.479429769969834,3.0030700034189124,1.1848552264748078,1.374229849055321,0.8877125896638667,0.6204088352061156,0.95190429588586,0.9985109306236198,1.2328106403170518,1.0730812606099729,1.2486403058562334,1.1328417899768988,1.1773831732943436,1.180890740207736,1.255563995987813,0.9374037224954596,1.2420103366155442,1.0615484356203386,1.406753625143873,1.144135115211872,1.5548864501783688,1.3258651316559475,3.779079223704164,1.1730622582332413,0.944070265266554,1.1007289809384486,2.6574655310522277,1.0783967718512795,1.0110051916120846,1.4293037611196673,1.4609480451156458,0.6065190636496633,0.9856074764685111,0.9899803497442982,1.3118560597730262,1.1302432947981773,1.16220238896055,0.6237052219335865,0.7884978234752941,0.6860705568673058,1.2851429663464349,1.2774634599224288,1.1812832214381392,0.8415047747144285,0.7993575159266927,1.2320211293241365,1.3271820144515776,1.1084360081158564,1.4769906465674423,1.1684255526413192,1.0588260015999587,1.103048653887887,0.9231125783750594,2.3088158566702126,1.2059608946406908,1.0086989317429313,1.444709962510198,0.726818744354141,1.1034860975817473,1.400364812163912,0.8979320729746564,0.935844101027214,1.0823076989240108,1.5320533717575802,1.320041446164392,1.5369464067127026,1.6382749851085516,1.6986239326556665,1.0994595142539931,1.2855469028327693,1.3755028421047986,0.0,1.0078674585851863,0.8096560210062381,1.3554177669664578,4.235736685359018,0.5127861731728773,1.2820550967589417,3.669231656969329,1.4251583647963213,1.9388335547982982,1.8564463936350968,0.7899504133321767,1.1563852207749916,2.0843401504821757,0.7532806939444365,1.0397224974984896,1.1232542589633536,1.4167444870559112,2.054998368327989,1.2594643475203904,1.1764360228197157,1.1241850475696733,0.5870078049285508,0.6224486742161235,1.0066078632652156,0.9108430823290926,0.9369315546671279,1.2758510180839653,1.318004125780006,0.8593112941797404,1.7148550864052323,1.244197599895392,0.6262567491199935,2.041550264269567,0.8904580885722062,1.4682785085376013,1.4318325254062465,0.8399499075974576,0.8152235137174799,1.3056211173669305,0.9531824808399579,0.9326641178960182,1.0004520820094094,1.0846827625026316,1.194783074773753,0.7487029283654151,1.0989063095101648,1.2075267118833213,1.4496346898494137
SP:49,0.7288775793695511,0.9220952415891145,1.1034553646766645,0.7466113677082534,0.7581982524474835,0.8218380581131538,0.747108562294482,1.6031894716329211,1.6820583378401988,1.496055283215725,1.2323128029981463,1.7431953083634484,1.8501475646774581,0.8867521115036733,1.0285820075329084,0.9117207718689334,1.309759402322267,1.083319999284274,1.0323678571141421,1.0596515105988982,0.9213457733125044,0.8045174717681611,0.9196789562454424,0.7960124849523759,0.9043325841787876,1.0328470165093735,0.9696827997650824,1.2497315924750432,0.9405690842491411,1.1029263109682335,1.0156851418943216,2.5352994246412868,1.5603751068740859,1.883122409925242,1.3553688177946355,1.5759127158863142,2.4903188470850504,0.7627672484019574,0.8912618091935073,1.5634535773943903,0.9443585077614515,0.9965459666732142,0.8868395632133158,0.9795325712729891,1.335841157996745,1.3616642047853318,2.1338355619538456,1.4618177268259762,1.2869120778711025,2.158132524016105,3.410400364417714,1.6300099126282372,1.6008455560696861,3.863063664696603,3.4051035528611195,1.4641742956740142,1.8423739323425914,1.082556344986438,1.0976339303521485,0.9242866416305577,1.4084755810476244,1.3232145387336334,1.1449192627162599,1.5389908602513618,1.3976984253910565,1.1881698796644378,1.3484981700039826,1.3615122425868096,1.1719891518881855,1.542317674041098,1.120722250968358,1.6398190157137686,1.3392589429426278,1.737123834304793,1.5321378894538833,4.174381399569024,0.7449938551771728,1.0164158411483586,1.296513896742512,3.0048208683761737,1.2835036012586316,1.110168547859654,1.8838914581203299,1.13298712432415,1.192364303409969,1.3462229550363707,1.3763414867535833,1.2971597991838453,1.5155089130007824,1.2638095315905118,0.7503399320757366,0.943237460751225,1.062257303631763,1.006068029433849,1.4772175718224465,0.9470418499394861,1.0517056074119653,0.8849172292075573,1.0416686159920225,1.6845214360149399,1.1249064927348427,1.4663848697370268,0.9820174207187553,1.2520092761732202,1.3172653646194261,0.9549425346059017,2.577645444409796,1.2755113055975298,0.9470022174746094,1.608614269688066,0.9768375488246761,1.0751938779421544,1.3478150593063127,0.9689807482279524,0.8430336909869272,1.181299321661294,1.8333185211080794,1.4552477127495322,1.6933465805192889,1.7137121080149962,1.744567946102009,0.8215712534391648,1.3764739022511783,1.6650947454467462,1.0078674585851863,0.0,0.9271756183418939,1.4128118171225117,4.543253359908889,0.7978923695981103,1.5828827475914606,4.039597687808541,1.6320327740405074,2.1842310415319117,1.9654103011149402,1.005146581129344,0.4550129572835447,2.3692611817063165,0.9856831246812797,1.1553401619914137,1.2494200117084318,1.5181815419119873,1.903766935156617,1.0799362708804556,1.0287406104127885,0.8245635752364476,0.8691571131767575,1.221646385917718,1.108149747571052,1.1474594933711337,1.281227583380846,1.2722513870364167,1.1719538651093804,0.5993128969035167,1.8289938137979487,1.921486654320181,0.6717948766776751,2.3413990752676157,0.9701988298991285,1.300744539654503,1.4886092947274556,0.8417418788378909,1.1327088338744609,1.2625241107862337,1.3741692391782283,1.3383533788615334,0.5530762782039707,1.1673896222412812,1.3369393806972156,0.9826680669894293,0.9467328622092788,1.3089735775825653,1.26842682212203
SP:50,0.9854049956621511,0.7125770554660079,1.5509486498792087,0.8761118710072966,0.7403317682215185,1.2486840598442186,1.0437619848806228,2.1854484231194773,1.2610165449904467,1.0037347359806343,0.5081239298450602,1.3154777148779666,1.8588348301585231,0.667112569387935,0.604610143269785,0.33374171235415595,0.8875733490561288,0.6901237954374763,0.7137253861745202,0.7886038739058002,0.5697409972381866,0.6515727286751928,0.5466996787074965,0.8023319104991319,0.4740266250061441,0.40862829205971984,0.5960287036136758,1.6052765746079287,0.614837005513934,1.0532256213955822,0.9647531425215835,2.924836224847783,1.8938227497246558,1.6492410479936952,1.5092559739584184,1.5407891770777187,2.024327613275784,0.923060167935308,1.0533274181448338,1.663562023218908,1.4875368581912387,0.961014767095012,0.6688912213984322,0.591795170893401,0.6923224175389882,0.9605570346791165,1.9019043307449006,0.899387242994302,0.8254700556290625,2.0342265504691768,3.2561803590530665,1.1975413390991452,1.0865361475309399,3.680276925405397,3.1998196396768193,0.9486772985475468,1.7055455525085355,0.6273144326742585,0.5582528385709029,0.3947630456373947,1.1058236580608791,0.7938437585937465,0.7891625000072847,0.9982082751008376,1.1161428823093085,0.7734693717082615,0.80549837096865,0.921054534970446,0.802732538739022,0.9505803936909405,0.6179289661735098,1.3208084473305415,0.6378215824226893,1.4191972999253801,1.0946877750716948,4.105630492966888,0.9870494132173372,0.5194594740799406,1.0593198861764022,2.8456965457303163,0.6350470643547845,0.5279172390663464,1.9033825921622356,1.678609651018373,0.9955821519703338,1.2272343187921,1.3443877720698056,1.2056131011972717,1.3259662219542445,1.0845065393729125,0.6603234269963443,0.8742686868300658,0.7968687316430956,0.7997764607606023,0.9739712540695434,0.6849731532449913,0.4970540878803306,0.274470340068321,0.7057409344832359,1.3700354119834914,0.6619454312567395,1.2029567650957855,1.4960948621935877,0.865061990760807,0.7799097765659756,0.4314240419646912,2.4697125141752294,0.9014668238669469,1.3501000413979822,1.273190508435711,0.7444372653146761,1.280383734500352,0.8621823854005287,0.46644272948704296,0.4362080028580369,0.5530768234374287,1.3694700641977418,1.2188900095776827,1.5666087565208966,1.6376827675235899,1.2709533889527278,1.438953410642997,1.2205481337870625,1.4100780652565894,0.8096560210062381,0.9271756183418939,0.0,1.3283572385743463,4.374256924579887,0.7184315436778925,1.4202850022308646,3.9215099073958926,1.531540303157159,2.1275998761825536,1.840878110744683,0.5518055134478826,0.9934615940592495,2.2226993865436824,1.1480393966834999,0.6821429669671282,0.665034358475941,1.226514077831162,2.2446223837550288,0.6695626496476648,0.584438170426234,1.2519264728875805,0.8386339258928103,1.1118965265558456,0.5146336223660838,0.4237523857279785,0.7398228845416481,0.8980365566450316,0.751839076216719,0.6516174240980598,2.030697726889512,1.5443149396445577,0.8249221884199314,2.234883315251734,0.6237118236302599,1.352817518788396,0.9670015763599482,0.5558565474397126,0.8250774528002393,0.7243891979462781,1.2228864682523393,0.7374096910775908,1.0794777603581145,0.6579640921067202,0.799625496954807,0.40892069511165485,0.7312660993509031,0.8465612776444986,0.8957794415639779
SP:51,1.4196451864226551,1.2859368988954034,1.51855138738328,1.015877621921236,1.5468536400277186,1.970326217655168,1.6951335920772894,2.657412076033882,1.5597695893428143,1.3379683691128579,1.2965588088780649,1.1198292128019727,0.9329373755149516,1.5941602002187083,1.4186969013248145,1.4689006979695012,1.153048444240715,1.172383788072121,1.4577622212384322,1.4788650639732066,1.6709454252083233,1.707742808320635,1.2259823116944653,1.7902633971447377,1.1105330893844607,1.460846534682942,1.2886451365764495,2.025400241291442,1.1679723935938822,1.0310194558631454,1.4230830820380185,3.268282854048344,2.24287145282374,2.401239187078027,1.5377641223638623,1.4889587029864557,2.5896252300695957,1.2468599910620544,1.0812118599019922,0.9543397912621142,1.4393022006839586,1.1340972638097435,1.3284029626848948,1.0227109378435024,1.3362444478266389,0.8968216452156852,1.49380894983482,1.4805666539861742,1.207501863304913,1.5422571164702965,2.4501750573600183,1.0015589256664672,1.1897909576110672,2.8454666500178525,2.3743547182113525,1.0990253571283972,1.2396688641820492,1.1882049123480722,1.3919630741458666,1.4806387059537485,1.081025161980763,1.3905015148342315,1.3206806855488986,1.1313996672228723,1.1146233478854446,1.1716696528077508,1.2554551452569225,1.3249424871555482,1.0290544269668374,1.0782384226323574,1.2782490796316166,1.1143122236623826,1.3282347541921955,1.149044705104049,1.1158291839358252,3.1113442068068515,1.749034286854078,1.5619056523084034,1.0990193672467004,1.9673451450624115,1.7500612173468932,1.5194406405515044,2.0531435366842654,2.2214800003068826,1.5636889064245025,1.8254656030296572,1.9920773819511928,0.8681848248332147,1.3414940735064655,0.7764348762365332,1.2940879090507278,1.0708628894377281,0.8218441813330678,1.3697005857747033,1.4725716143826069,1.4428628866800084,1.4380201731040405,1.3036666252282798,1.5489217251772096,0.8077210417097772,1.1664111624302633,1.0044152643084419,1.7626722114592726,0.808561477529609,1.4073920852739918,1.2422610604553284,1.5069165419861168,1.0953895925830583,1.5010556399624877,0.9381330205165767,1.3110027557911401,1.7574573668929494,1.6408127018748389,1.415827903755605,1.284495327767695,1.3386437164846723,1.595114326755063,1.2048619945459595,0.6979061222128738,0.8807508125619838,1.6050909674370508,1.6932560068043732,0.6658095178455312,1.011141173622153,1.3554177669664578,1.4128118171225117,1.3283572385743463,0.0,3.394897965061982,1.3974523460238506,1.317710037872362,2.9436955109553997,1.8862809555038897,1.2142090755160095,0.847724720691417,1.4374807601496686,1.4221171548303129,1.3685792417439098,1.6633183195909897,0.9656934034829023,1.7118773632968274,0.8048376258710039,2.833309438526815,1.1970653865333536,1.152700655906726,1.9197024934207276,1.337220183000238,1.2892877267751781,1.577072480185308,1.4224754090184,1.3206634109478068,1.1166538242352992,1.6903239052576888,1.4647109933708413,2.614920132190795,1.112023770546693,1.5832288575777838,1.3048384399673516,1.1996594174599307,1.2052062708453073,1.7245960966034233,1.42111513633327,1.2173467337103587,1.6302533736296771,1.4727541716377164,1.53319598448537,1.5675079150757183,1.4837646267876083,1.7219796559698979,1.4178665117200155,0.9749002701116373,1.1623395002299157,1.5296040011147853
SP:52,4.445417965409825,4.182281241726938,4.336755243620587,4.057546517277914,4.620161777815064,5.106639729884863,4.810595865442292,5.705453412050744,3.880506982496546,3.766189921523417,4.131221835247883,3.32168370509543,2.9556387760863188,4.644633398510249,4.335585685887608,4.519281717801777,3.782495788891517,3.9801223716228424,4.356868821044526,4.347516939850249,4.755371603308933,4.846554920207781,4.142225877563991,4.9703814873532,4.063520181991987,4.506723318593372,4.264306991828403,4.92324786214297,4.060289969126377,3.748034285117302,4.300008166881815,5.874993302092188,4.907765271816955,5.261142603151403,4.05238338230911,3.780239132898408,4.84144088246736,4.244285262535105,4.042371762983446,3.2006592139783305,4.192591286051111,3.9013590420863795,4.266283605756173,3.9379062203842974,4.0401199119021465,3.5303200288415106,3.0118956918103272,4.098820177743875,3.8705614701701565,2.9132582857401865,2.2350548341603513,3.256573682094276,3.576322136449585,1.6443186906981464,1.8655954408966078,3.5854917806873456,3.3186198336734924,4.048789789587948,4.342574665205633,4.545147410581762,3.55208099176917,4.158102415372338,4.111975809543169,3.5715965725824015,3.5506590839088354,3.9608773457096254,4.007598256944357,4.006265970563037,3.951817668997758,3.5485249727644157,4.1168411525177415,3.357813596128713,4.054199737931287,3.1175670935935615,3.5061414029030096,2.3268331867158327,4.843264376134398,4.5325033129467736,3.6666247717923866,1.90692507029029,4.58475868455905,4.366023696862996,4.14785851614745,5.226701946913631,4.333830943991848,4.510845688358049,4.814461926021741,3.6092796311186017,3.6396055383145605,3.577526507903437,4.286895269254444,4.177206624497894,3.77515185435392,4.297764308839314,3.970477312400073,4.438666466400283,4.351855005774282,4.332391338072714,4.558678743932627,3.2190604375697562,4.056123787647476,3.498859579960737,4.636256451349172,3.641282241291012,3.9688173802943076,4.322554533879506,2.114433657823837,3.7859183603842035,4.428707942445629,3.2442508880111838,4.2156010379999485,4.772197335546881,4.3291960696859295,4.312092816561827,4.350137583659443,4.076339936066721,3.8027138383193018,3.626486428642742,2.9783224273180635,3.1103125692139617,3.848028884345803,4.710257581533116,3.4648197525943787,3.077748298365241,4.235736685359018,4.543253359908889,4.374256924579887,3.394897965061982,0.0,4.29548680099495,3.54857237684523,1.109684959634772,4.4631260307616065,2.6080968118311105,2.973518335187536,4.395565570021073,4.632110394200397,2.4325857729531717,4.65139130000847,3.9137146556460123,4.580825411497772,3.3082135307112974,5.822696908232229,4.109416373346297,4.097408503281269,4.958566464441002,4.316365210950365,4.111228943724147,4.499422565172981,4.2492572717787835,4.052767797944235,3.741957446340487,4.596234372777319,4.598936221067193,5.4377511421174125,3.1238839021544784,4.667783227397036,2.4536814781150516,4.211618930625831,3.813425633138255,4.2946648842976405,4.443974633454995,4.003438288145562,4.3469453086714,3.917193120263163,4.195716888820496,4.670533335732499,4.28494834467354,4.5064663030830365,4.318236195990866,3.9583919904388734,3.856109583113628,4.266632971921448
SP:53,1.0473055914580092,0.918079903156218,1.3719014102209974,0.8219245330992143,0.6890839413671204,1.1575510265313893,0.8839605365990643,1.961850883707165,1.4636111629838033,1.261398049071434,0.9265848584570671,1.4324157871550873,1.6853918786919488,0.895019953222265,0.8764972358464873,0.7738541947262343,1.0812689188516604,0.8823710031621406,0.8494584889850942,0.8696312548106209,0.725050019021514,0.8242881785678462,0.6119496301036845,0.794513221724434,0.6563250036844316,0.8946057767913371,0.8821260433301629,1.3544149432591333,0.7401565112294402,0.862601338131531,0.562955298503503,2.7327821050435706,1.6651590832400858,1.8429964149298836,1.4321147715827107,1.7010364281166175,2.1384500165990556,1.062251820466361,1.1977455590047852,1.6196273583335024,1.3190390941124013,1.0550818992520092,0.9895570260517195,0.8323206231361031,1.0173573437075163,1.1287135557466235,1.7018091284344523,1.182338505617051,1.1160526244689886,1.797971234221135,3.010382824084626,1.2992077740252015,1.381776347981999,3.5602899277798845,3.018942709226353,1.0971528203215948,1.4215072335581642,0.6858390314409982,0.6285593975146072,0.7090182641543976,0.9525843267216213,1.139397963409396,0.9284374874618841,1.1728450210025672,1.0246513731187532,1.0399526439551594,1.187780736548741,1.2702362317567637,1.0632008437659295,1.1898257975191218,1.002577827480621,1.368938923327909,1.1183184283706522,1.4682504832511776,1.2379472324177374,3.8595338745634375,1.0274806049106475,0.7529673309693232,1.0610455163451848,2.7035080368138664,0.9928951988803364,0.9308932814264642,1.575426143497898,1.406055782937207,0.7423096003296248,0.9274378123501114,1.0481919204176426,1.2973862351963275,1.200017757083324,1.1732862782357503,0.4323136327257377,0.9837472557687941,0.7895655155214553,1.1068127524052385,1.1888111874627643,1.0462226072097098,0.7828256208745954,0.6469933519832464,1.1083825425786635,1.4311480137594288,0.9756531303543597,1.4524058749888458,1.1944429397786835,0.9987338703405212,0.9353318122083937,0.86801169448639,2.386877947577216,1.1557615864056756,1.1291490796621595,1.4232046241385778,0.632811184885435,1.1909198508332481,1.2508141545035534,0.8509095795703141,0.8545434616298629,0.9093778165706599,1.3753616865732194,1.1518111489811431,1.555461187152342,1.6678841058819214,1.5841856812393935,1.1305682756812512,1.297143411411825,1.4240632311200947,0.5127861731728773,0.7978923695981103,0.7184315436778925,1.3974523460238506,4.29548680099495,0.0,1.333510382322741,3.745901451718897,1.3112445532713546,1.987429178797276,1.9122089898088441,0.8048125271152663,0.975298987959766,2.1161274711018274,0.9021756220973324,0.9939981745950921,1.075560917915781,1.3229086719370768,2.1151308370894863,1.0570326444079632,0.9772827883113484,1.059470009019392,0.6582429571492646,0.9985625656072646,0.8675888001314557,0.8271228692715662,1.0122580049257615,1.167553612956495,1.138525756723104,0.7713784956257337,1.8014617387269316,1.457796471810324,0.6215881066229862,2.1200444391622213,0.8985895577482237,1.3596037111629706,1.3330702866692234,0.7167119882556907,0.7119233880917216,1.1604119314323,0.8831760776228934,0.7971505511236889,0.9780704811683452,0.977043524457106,1.0826968664737506,0.5976845910076014,0.9659454340725859,0.9970069377706899,1.2844755781414405
SP:54,1.8169231957734977,1.5424698704463982,1.6774631429056093,1.3447754879699039,1.6764833587920762,2.0395442520845,1.7311072354658463,2.628122021585504,1.6157718340365539,1.2742675433571666,1.3764302628716443,0.9602495491446053,1.447327791733292,1.8101146632143663,1.6139643765095675,1.4964098411679778,1.436129943928943,1.450374993504107,1.7241498056623656,1.7896607551661607,1.6744573237765195,1.7467647081269215,1.4975947243949221,1.7543879582535615,1.352483147683817,1.4258066533090754,1.2993535070215125,1.7796660489471439,1.2206416344745805,1.402369845295004,1.4496763810910032,2.955680973084085,1.8907342715011226,1.9892485628309517,1.1459718006681536,1.2335799997703867,1.7456305617194339,1.3574637675207621,1.3613142350039271,1.339874236081915,1.5682868274807755,1.1643088576639447,1.4909071639938956,1.1790103783725274,1.1237321136493827,1.0779209821640459,1.5400371949902656,1.167980367292864,1.1796556987943947,1.2694003710495325,2.407383992406673,1.1986720485554179,1.3806819343881376,2.8706319026500187,2.4512257566134625,1.2499607750331816,1.6231270361152408,1.5060565170519422,1.349359224760777,1.6392092889356396,1.3796339526354955,1.711199588290094,1.6946591155179407,1.458402838904865,1.447667273610188,1.5767206644923208,1.457609246178813,1.259745955318021,1.0857204258392168,1.2275857803107524,1.467422553505479,1.0062703580579448,1.2964047227220912,1.3047027970052716,0.9661251192567146,3.071024363646003,1.8806923969225693,1.645960643445978,0.6645971291552374,2.0576274317741916,1.7847093379206265,1.4724764959930468,1.4490664503507449,1.9937779656549115,1.6072762262886169,1.553806255850637,2.018955730086587,1.289704215475102,0.8352842232866807,1.1195951172897078,1.4588463527336468,1.2041614765591442,1.0999190135828865,1.5828808051105792,1.3172034454581183,1.6573124338488783,1.5509603852252203,1.3101089484222321,1.7877546080772588,1.2282003645002477,1.450701872924613,1.376180354193968,1.4976529370545602,1.0696178656617088,1.3723671889459992,1.3999268302647798,1.7717429429136182,1.3463353943880059,1.374025340920045,1.0531825950505724,1.522376841567263,1.447696801555005,1.7769628451804667,1.4576193508520139,1.4915206894727389,1.4271109684188594,1.3509751568941828,1.1672890718919762,1.1765158280390224,1.3327090181914787,1.928541963583178,1.6287692198384016,1.1943032436035852,1.2253789065027276,1.2820550967589417,1.5828827475914606,1.4202850022308646,1.317710037872362,3.54857237684523,1.333510382322741,0.0,2.9245325636858035,1.7660790975169267,1.7464899521698518,1.6985605102214376,1.5906385695068046,1.6426812259442523,1.3911369587552767,1.3429840807642628,1.0596143967565568,1.7887395966447759,1.2278299711856502,2.6429858525300856,1.2902345449599697,1.4912623226470398,1.8881191914242128,1.1421542815302022,1.1380295465278079,1.7218746573676134,1.4430217046337945,1.5307674550535726,1.1342024755015463,1.837817760553302,1.5764856451597977,2.1720065381512947,1.2203718562303332,1.468083110371644,1.4563940270156341,1.4834472219181878,1.0707760000218116,1.821094106411345,1.540372400749969,1.3488874577821177,1.6099593497207232,0.9907573502875155,1.366569872638682,1.5808112490266013,1.5942244455407555,1.9372692807778078,1.392815159169225,1.187264605872759,1.1106722065773822,1.7754125415164903
SP:55,3.9901463085999977,3.777681915774747,3.7107341767921813,3.5632417584872744,4.145916653345839,4.562737918400298,4.234201499910076,5.078033041028914,3.622883741706697,3.4601508437224244,3.722161244849045,2.928152352159817,2.4549790284289332,4.204157426871246,3.9383098509741306,4.065513733559008,3.421628535997042,3.588195697268468,3.94546389096488,3.941230562302439,4.251926328179208,4.358948287400435,3.6889023390950837,4.438859195522236,3.6127002427341233,4.04710963163091,3.779242244558482,4.2884377961176385,3.573067527045007,3.2208434704301108,3.710177929357415,5.212120203784547,4.18161270311518,4.703777131792217,3.392689617982405,3.319893524430038,4.247502651680369,3.7654976223711367,3.567328144977139,2.6872861228454603,3.647048407686582,3.385458350810669,3.8141391847288673,3.494812990196192,3.616479343752543,3.058647901384648,2.50680233529255,3.687972575912912,3.4621844725738407,2.2626752446193246,1.2680181504627255,2.8205718417751204,3.2576726552355195,1.256147760170546,1.1398459988653895,3.20153427359262,2.7696688584050997,3.5874450778865348,3.7911884653497254,4.104762374931416,3.0483796324541625,3.804939298911091,3.70498220015831,3.1954239727156284,3.1283368081621843,3.576167703117756,3.6398198804461255,3.6066407772541735,3.4846691182714644,3.1723707842533915,3.731278466971016,2.949229809569692,3.6749102488162118,2.770995487678722,3.112929701570837,1.6811419615676113,4.3248888285387554,4.111868644539118,3.164240778683654,1.2158917086729757,4.183096621184853,3.92673201301621,3.4109425454847364,4.569145585952327,3.780860042199964,3.91195243213489,4.244408117045824,3.1006932902871673,3.059832419085743,3.0424405598523148,3.7853348736230945,3.6670752222262095,3.244731861441788,3.8831251611868076,3.4818140307853933,4.019810740824331,3.947306287590064,3.8670258165539093,4.148211607951554,2.737002292293613,3.6488196602432135,3.1241394999741123,3.9691509429698013,3.1583742733543314,3.527765798941131,3.869938179221971,1.5093651244333175,3.3697952325905574,3.832395259999842,2.775243137179331,3.7609612811626136,4.153430948239148,3.9999741963804376,3.874003296482724,3.9093645525129377,3.7030100671622566,3.350000368485443,3.128706616132169,2.4422296725816963,2.5977861396034605,3.6583936288677794,4.08667606005832,2.961388908036875,2.5902644077748285,3.669231656969329,4.039597687808541,3.9215099073958926,2.9436955109553997,1.109684959634772,3.745901451718897,2.9245325636858035,0.0,3.9489794798840556,2.0939492903310315,2.578293772135051,3.9647675138232104,4.15531507081932,1.7655258767531898,4.021123451823018,3.4256194238095428,4.194279211976832,2.8827311761542105,5.164127793048293,3.7049072692854486,3.7093085316839867,4.372481586352622,3.7296413835070883,3.527420762684479,4.091566278222248,3.8207149836984597,3.6903227219502224,3.314907320824456,4.208546701071356,4.139879488353868,4.72682777885404,2.5751855573738816,4.117255188645845,1.7411192589074351,3.793018612416604,3.2209272587178153,3.970789598347022,3.997568244055748,3.540022078432382,3.979823459746332,3.2804271820022883,3.7175920912538016,4.145711121206615,3.913353832179548,4.154726060753499,3.847054870724285,3.5090863113670756,3.396129664869339,3.9486732462712997
SP:56,1.9237288531392343,1.7734471892001407,1.9850037937204226,1.6667744039382368,1.6916202211517484,2.03138616105023,1.7458738697079341,2.407406811350636,2.006020531707713,1.7607432635624711,1.6596435930832762,1.8434529433849154,1.8483898230102185,1.7583515518795265,1.7375557275367433,1.5158521448573,1.8332361030773685,1.7363541003944303,1.7118586574735564,1.8352597038020708,1.4285259723783696,1.6420096328095983,1.6097973760873057,1.5341626472104655,1.6291005134386765,1.5722287146096858,1.6979741833768214,1.5677331458557846,1.6830309795647698,1.6544873149417931,1.3001346640205225,2.781418462426476,2.2153199541103663,1.7553854154162927,2.0050174495595794,2.3049625491762,2.045801712928537,1.9393099542174144,1.8625297264218317,2.2056649516239557,2.0164218195044032,1.8868917888470629,1.9098015278891334,1.5643868138628196,1.431725682872073,1.8118963906214491,2.327587885027353,1.5770119232339501,1.780622670154352,1.9500634634745306,3.232296622867788,1.8424831901201775,2.051007633157985,3.741832692578938,3.2863660858839414,1.7051394156284525,1.8073004460979518,1.5707661414681984,1.3087446976708876,1.550144797020922,1.7506983511884888,1.9299885950455615,1.8601783049231118,1.8908993178986193,1.7757383062168455,1.9006385540403703,1.9350008719034464,1.8360594176523446,1.3941875336445195,1.7484167102146764,1.8699365709255664,1.932626762702395,1.6995210732174488,1.9653344070466034,1.6879904158805852,3.6820221154291235,1.8783563573335937,1.500188656540307,1.6618533929703154,2.8873595853230776,1.75404913353652,1.7762226611234742,1.6837600205011352,1.9512272190244437,1.2400465120212856,0.7622608609355283,1.2522567431869924,2.2094742848015554,1.361662468707252,1.997539035381168,1.1991674826683223,1.5720619494408261,1.5016221679189623,2.073843401575689,2.096686219442868,2.0057461644238064,1.442080357599767,1.4102976544074277,2.0809427160696736,2.0509223097966087,1.858276033415017,2.27479100528017,1.7471888120209742,1.7386646794133556,1.912618838942906,1.7625516672873698,2.8262481534803396,2.0937183467985694,1.4805074326096608,2.100119289824728,1.144999767506433,1.6604227329368062,2.0709337058776516,1.7700369317338935,1.8296296511591823,1.5646308783373257,1.3402742364376534,1.493792762242404,2.0999409307722487,2.411223969362967,2.2124772260228838,1.7830482244007662,2.04818473901657,2.056276024046743,1.4251583647963213,1.6320327740405074,1.531540303157159,1.8862809555038897,4.4631260307616065,1.3112445532713546,1.7660790975169267,3.9489794798840556,0.0,2.2789333700162167,2.517591838937487,1.6325576712799763,1.7256106581197899,2.4022182144571045,1.469865722010882,1.745038587431434,1.7974953409192043,1.8586771806397915,2.241422356360805,1.7474647186799914,1.7965332599634924,1.6934708649712018,1.3509174259743288,1.4468051208043364,1.7493659267272954,1.674338282150803,1.733706839751803,1.9367406910895943,2.045359088586116,1.6538014000590526,1.8170043594587828,1.9144905034720905,1.4210434967256953,2.560807135965555,1.7726526089551893,1.989217570661378,2.1823382877348827,1.6711275700671921,0.9639251839058982,1.9712242696767397,1.2569899074270243,1.2115361125353954,1.8902409077093505,1.8342932721466312,1.8288704632830868,1.5507320830976192,1.800943767903936,1.6968078695997306,2.1277182298611703
SP:57,2.1780926736030772,2.0751257738317266,2.023412937527816,1.7765983971797699,2.3455460416802683,2.754237467992232,2.4460099152517487,3.3031041053783463,2.276410755538668,2.01880011513005,2.095727033935273,1.6762367530434994,0.8100659478728898,2.4301236056067417,2.247761095463709,2.3279523464382272,1.840897638230276,1.95125363414304,2.212981499544497,2.222692997201854,2.4672571372782226,2.565547421223452,1.8864318219036844,2.5918256984167383,1.8589671830813284,2.263617972580559,1.9501664001086887,2.52059489721399,1.7955851200840194,1.366921868863049,1.9212184247120419,3.743714454159891,2.7070135110337468,3.0898551603849267,1.84112442387822,1.9568805740708983,2.9678051315362923,2.003635839853129,1.8313304469078093,1.1656955331888728,1.9201262846049298,1.6476393672249492,2.135791497810898,1.8184971445751577,2.0545889012866594,1.4813862279205139,1.4196834494410204,2.192300985110769,1.8474069555471826,1.190316324241939,1.7024495099471009,1.3393729563960632,1.8272343196875782,2.120356457612099,1.6669319900923214,1.7304153318026316,1.2934433293143266,1.8292146300034031,2.035878436970717,2.2972646399414374,1.4125193374146192,2.165757780398236,1.9624437254962976,1.7020253356212283,1.5512379073520448,1.9227291152816108,1.9850084019148415,1.9560578504398893,1.787200466816142,1.693875235002268,2.0798396632005223,1.7335615806053915,2.0909788172870645,1.3720705497624486,1.738376085946011,2.3655623365099108,2.515760999224056,2.360146246345182,1.8121316903101912,1.1661727028224753,2.4748335681609213,2.26950795879773,2.1805927661229174,2.822835977182055,1.959390846432971,2.251068929328231,2.5097952789241535,1.5141697895728718,1.5279208050771176,1.4468259392417406,1.9252341432931408,1.9345548150277991,1.4493953651636349,2.2026979035400664,2.011260782039365,2.288192059378255,2.1985890657028633,2.116805617672285,2.39851078536951,1.1934990859485264,1.9878117371749415,1.6752009473657834,2.2913688986837593,1.5213966688752185,1.979689467641905,2.107485432498723,1.0447995048765828,1.7981069560629062,2.134480174905858,1.4262754923769598,1.9064578924811526,2.4735506803082496,2.397293387214912,2.1869326259690203,2.1327213415949395,2.0002085859253764,1.9229514534115206,1.5894088403118907,0.9273531992791855,1.2658833532249927,2.1848534360219376,2.360578816861551,1.3589736696141665,1.101883858633669,1.9388335547982982,2.1842310415319117,2.1275998761825536,1.2142090755160095,2.6080968118311105,1.987429178797276,1.7464899521698518,2.0939492903310315,2.2789333700162167,0.0,1.1281053397754728,2.210181201110539,2.354321931727617,0.9995109857659327,2.364076716289956,1.7639524020062192,2.475579366600026,1.2472645323546363,3.438850338224043,2.049345046697779,1.948203672389163,2.564759178104791,1.998233047087557,1.860451695398911,2.3484290004039834,2.1392031929542417,1.9909024390077363,1.8489787625233562,2.5052214129221015,2.337395506246419,3.1328646276173897,1.2014479013415285,2.3119059655014462,0.9657306718609349,2.054136980153291,1.741758351013308,2.4304575323919133,2.249301884411808,1.8266480445026314,2.4016027294894506,1.8104410839285983,2.0687571321664358,2.3605587819479665,2.267203736805346,2.413415301582842,2.1435407584533386,1.7989956074806477,1.8375176141453364,2.3398689449019257
SP:58,1.800871739848706,1.6919704771347566,1.9332227888660845,1.5118277321872151,2.041987833644571,2.421154190016206,2.1564666765402536,3.09839046813499,1.916083780315021,1.724686280837199,1.7310262629947792,1.4401308589118342,1.1819540979647924,2.040534226424892,1.8678595382051582,1.999696994921894,1.5306035075215398,1.591242240170361,1.8687910555980711,1.8448996268470306,2.192820952929686,2.2229462284876487,1.6416789264254372,2.343132941495642,1.5610551729194246,1.9860522981171154,1.7672564808848394,2.565019232568703,1.600333929717059,1.3766343516842323,1.9239587714757134,3.695418012143517,2.572764362640075,2.8893882649724483,1.810172373319336,1.7490215879485986,2.9574413042769385,1.6994876655885698,1.5684172650300257,1.1914052423081796,1.7735334300269954,1.5137800906315495,1.7189971110371702,1.5299308102590277,1.8634355729267078,1.3004647654592658,1.4773543927483639,1.980806730888519,1.6275784478283397,1.6203410510793401,2.248469296525484,1.2841265651380622,1.4889392654505773,2.4696617534538987,2.05656902380062,1.4980886449573412,1.3015786512840832,1.589167241134831,1.9238771067060068,1.9974020745120142,1.369566755860017,1.7445051244035292,1.637429056439464,1.4275127804238672,1.3921281789846123,1.5205315877532033,1.6542260717326225,1.750662467986823,1.6347697560593852,1.375451388045854,1.6794770814156774,1.4753466442527465,1.7888798451847927,1.3784619767714208,1.5517123213191744,2.9858335338004056,2.1877502457388744,2.0906901072992716,1.6190659047507228,1.7041999829588907,2.1709071931630968,1.9215030262871238,2.4302105854343075,2.7324769099235424,2.061934028916017,2.4064536458812107,2.516478478604838,1.0725414942088949,1.798779349495314,1.100143848690149,1.8588531284931733,1.757362999329747,1.308880710731662,1.6510892421650958,1.651230436698016,1.7682766353054413,1.9839052747779744,1.8800472002718853,1.9031311868666505,0.7593849086384984,1.4936272993796162,1.0136619384631689,2.2783793487272406,1.283162275802814,1.6480363178883222,1.6845883190965811,1.0835254240904173,1.2658136758140452,2.1327698531141475,0.9733734579099206,1.8972857702758894,2.3765760026206646,1.925215662318418,1.8283735023102698,1.7425709154326268,1.7464513890724274,2.0197919662622605,1.6056169796033701,0.7549861805269505,0.5905967289405714,1.7514290150270027,2.2763428033896465,0.7622350650200619,1.0335526337828889,1.8564463936350968,1.9654103011149402,1.840878110744683,0.847724720691417,2.973518335187536,1.9122089898088441,1.6985605102214376,2.578293772135051,2.517591838937487,1.1281053397754728,0.0,1.942527513331122,2.0421910453014878,1.2608799481755293,2.2705379084829844,1.3723362770367766,2.1473527225023727,0.9747196259541585,3.3682103986791048,1.6289456478613444,1.526975672294351,2.443926774996075,1.9459711889984135,1.8550925113472345,2.0011209342892036,1.8255754484630136,1.7020238133065955,1.3384270936142832,2.0314878598149138,2.0468991392072295,3.166192830770356,1.2465274907005268,2.182748610268312,1.1644428261646025,1.6868125774583718,1.4556519022706083,1.9714931681613947,1.9115395111940472,1.8200847602044081,1.9535262709743042,1.9455093663911078,1.9687179132115957,2.089184242148309,1.8939043762465724,2.102665713039381,1.893147348566886,1.4031663489494786,1.5264215844483806,1.8042501148542462
SP:59,0.9600261066143548,0.7308135784061524,1.6317957653528843,0.7998858266246673,0.6027517505798167,1.1780384557579182,1.023504808041511,2.2427940262472914,1.2930091254058762,1.095778834571895,0.5403543448841002,1.4297532599862135,1.896533395326442,0.5960100500712746,0.4217436894797882,0.5720952056034448,0.8270682765662087,0.6851386835167779,0.6143190109797184,0.7594051281640835,0.7160525890641996,0.6851453342346987,0.6319038594673533,0.8492273696235366,0.5595612300820242,0.6693553444224709,0.746847267879769,1.7162879483880478,0.8150741113051975,1.1612227342936086,1.1201575026058723,3.036992173747423,2.0670052220662223,1.93700363099936,1.742155576414341,1.7518291857119968,2.267682322759924,0.9937419013039569,1.2102926073920257,1.7197049992140294,1.5168713009630583,1.069999012263534,0.7530534125389671,0.618416395340853,0.8615025121770706,1.0382658307125676,1.9776177764102612,0.9665422013964846,0.808093462552075,2.2023848363797827,3.349403228931723,1.3360206426040473,1.146256596451381,3.7970149114351543,3.3115209783664703,0.9698338637568559,1.7699561217467958,0.7487835236483652,0.8610558816706314,0.5865515967891483,1.2012531596500295,0.6575386331090228,0.6888227090193897,1.0281814326067034,1.0296037491850392,0.73967515270242,0.8093233780171759,1.0501510153083187,0.9682841569150947,1.062493590524431,0.5604710215306281,1.35947497151739,0.7662210118547885,1.4373656719448342,1.2366935921227402,4.213813060050432,0.9917201006478285,0.4807486573896818,1.1643186564564152,2.9968984344456957,0.4809546387432459,0.516063821257911,2.04877513057254,1.782917121066439,0.9726743897709955,1.3462606150965708,1.2491609823234353,1.3036464564598715,1.452116670176058,1.1987132200083723,0.8171224379556665,0.9402798184642079,0.9476143587561476,0.9391787938889754,1.0880640857682249,0.7414246055550473,0.3259679196504298,0.5702417472102729,0.7101361735930012,1.4523825563294472,0.7517347675050364,1.2821246343323103,1.596168577830405,1.0348028637490987,0.898700718879742,0.6288023777868357,2.539463277689884,0.9567008304218197,1.404103754610678,1.4513854393267438,0.8640378931705861,1.4548437077408993,0.7973469658395468,0.4161036089941178,0.5542070016655118,0.7041489050304452,1.7142597229981569,1.5825350208380053,1.7271191345035568,1.7412497140369816,1.1910477462150917,1.4482230578719246,1.35706520536132,1.5391112258194422,0.7899504133321767,1.005146581129344,0.5518055134478826,1.4374807601496686,4.395565570021073,0.8048125271152663,1.5906385695068046,3.9647675138232104,1.6325576712799763,2.210181201110539,1.942527513331122,0.0,1.083251275139533,2.381018841272779,1.16019815502415,0.9754645237573082,0.42358265217360047,1.509654746580485,2.3601363401932325,0.9920139387830054,0.8747604382929423,1.3574462136089183,0.8766306346596073,1.123446329698907,0.4507574137883913,0.48242537299939775,0.5223627972069143,1.1131079783279305,0.7463310653898424,0.5797513661457285,2.1526654968349126,1.5769124227286109,0.8128865734714549,2.3259786340827406,0.3932153958232621,1.6471010038587344,0.8339562803166357,0.3958619102440599,0.9172680043398804,0.7801827235110617,1.4535511677278705,1.0316799053557195,1.0874369080040915,0.5017039044845103,0.5504795944656136,0.42604334190997317,0.9604224963271366,1.1856269387393232,0.8768429963432495
SP:60,0.9090630631276642,1.0108186528057337,1.3243083763910033,0.9200050402828099,0.8328825124323437,0.9808800610286705,0.9783843946257333,1.7076827792203495,1.5962149518281812,1.4724431360030248,1.2637817512748946,1.7416339575311455,1.971351964762771,0.9615057306699197,1.0552133295796868,0.9307995523903441,1.3494201755180375,1.124301312798874,1.1095564709487942,1.098043577833088,1.0149010721224065,0.8602757131045098,1.068557507624878,0.8925404839535193,1.001340868491178,1.0616406011033925,1.124573254946374,1.420987076979995,1.0790025395983565,1.3352636126309378,1.182939511376677,2.629065771637977,1.7899465511182657,1.951128145831961,1.6029855778056943,1.6815603940954589,2.5669242294487207,0.8689211980929443,1.0064030453423287,1.6973655108596377,1.1729397580035086,1.2229386167209622,0.9996261566950659,1.0663229663984153,1.3481486045805657,1.4668506397012044,2.2061872978376664,1.4486001037623804,1.3633912207057612,2.3046947986505812,3.5380174086289546,1.7319709992745136,1.5936052494462039,3.9792641490148477,3.5193412607635137,1.4951628150681477,1.9671200882672537,1.2199031403314933,1.2125339547943712,0.9532640982260866,1.5289118477440073,1.3510857393381988,1.267852798639021,1.5869456271911446,1.5238680238880258,1.2572494804139023,1.3684692342906875,1.4111667311767142,1.2247278127508203,1.5868127321922518,1.1502278197259443,1.5997168239297272,1.3437782850100861,1.8305294795492453,1.5163982418650397,4.273389839309292,0.9584673535079602,1.0197845724176364,1.2557875457757615,3.124085542389157,1.3493218941973222,1.2140071830590586,2.0951135141790833,1.3264529042306552,1.4338813361098568,1.534547958835742,1.544587911465264,1.3986007800220623,1.6872750277479316,1.3858626082404157,0.9224173735584333,0.9239967327885291,1.2280365160123747,1.048448621663806,1.6159862011107509,1.0184518663290436,1.0902572039988843,0.9258006836142192,1.0800007240837746,1.8113697194076646,1.1772667668617507,1.5411184653329788,1.1971535879820019,1.3091773005413672,1.4257448308286162,1.0019205061690264,2.6995251985850257,1.3657705743782609,1.044321307302109,1.7081536107080106,1.0788306470882922,1.1272303978559928,1.3853723229018753,1.0901194403457883,0.9101575903026909,1.2694993305811744,1.8688437713214285,1.512410893046692,1.8014291396298352,1.8213890393207943,1.7845117160150745,0.9280881105013793,1.4900993506664684,1.8270770334246587,1.1563852207749916,0.4550129572835447,0.9934615940592495,1.4221171548303129,4.632110394200397,0.975298987959766,1.6426812259442523,4.15531507081932,1.7256106581197899,2.354321931727617,2.0421910453014878,1.083251275139533,0.0,2.4797100599182564,1.0706294758352524,1.227482185516317,1.3045018204497174,1.6040339845416605,2.0253841815723885,1.0677332440436658,1.0819018912162086,1.0515497086485701,1.0315723788092594,1.3322629608677499,1.1532053432618097,1.2343452156965637,1.3525653042746189,1.3455049493974802,1.2090093104338628,0.5749322902613594,1.9696881043205632,2.0240787836378824,0.8143450879066763,2.4485346130933574,0.9986815415528527,1.437224650503205,1.538448687254674,0.8815442527844336,1.2189136870974715,1.3025809620739717,1.5126637603160675,1.4548228682050632,0.6178855698536646,1.179226153541024,1.4091621907689618,1.0779301714030856,1.0034299540606013,1.3342738416053497,1.2794213951166973
SP:61,2.388546059747462,2.1750901388438164,2.1048118329225973,1.957899733117377,2.5229772680043587,2.8808138407421553,2.5567352641064147,3.427896981472537,2.234081239771267,1.9763183600766296,2.1322509669644645,1.4618747967306658,1.0744399590019154,2.5681450953035934,2.360646770885443,2.375552480050804,1.9587197650928783,2.0499300632705784,2.382728572118912,2.386327855372792,2.539865687406957,2.665639452150174,2.085943232694192,2.7105588848059265,2.001130113623363,2.352924041198572,2.1297430642490927,2.689986081723826,1.9475312236152476,1.6454215315641771,2.1056102861474,3.7193306465371996,2.6241950958009026,2.951426700347742,1.7987486987084391,1.7413578189092602,2.705941564981927,2.165475448563794,1.924468033013708,1.3358690870544063,2.172793665025047,1.8195480683160883,2.189977844313739,1.8964691968307403,2.007331399854973,1.4865357592362687,1.4196975891647121,2.1166356060568186,1.9441079225834383,1.0419800396528442,1.3555761403152649,1.314994473486033,1.8415934657475888,1.7264880962685119,1.2603813191940763,1.7303242496663083,1.493485391524947,1.9740553136358612,2.102662085437789,2.4128444150039825,1.614824566182921,2.303458554900989,2.198069350706726,1.7757721193815883,1.7271966241895371,2.0493965542744883,2.1128319435448426,2.054657001241945,1.8258177362157417,1.6690281125306223,2.1843452228130684,1.5782063755368125,2.0932577859474684,1.4718516770206442,1.5995797436891641,2.028308685265414,2.6318724378201717,2.4781420642850955,1.645028113853619,0.8148729166000885,2.59263803474549,2.3095875404341544,2.0188219160081657,2.8863053391470648,2.200330435298317,2.305761346532489,2.720661736327639,1.5594511686723245,1.5594611697694103,1.431785060219088,2.1259635757228716,2.0381922516343223,1.590664617446663,2.2779921958376037,1.9463867853602237,2.3912998024328807,2.353720193737387,2.176635660067574,2.5320618104816144,1.2395682793974852,2.0579029933398996,1.6717949914466228,2.3443051586989663,1.532621755205976,1.9842747443839288,2.201693910225796,0.7034769005957028,1.84221324801104,2.224259217694463,1.2358313529982468,2.1344193504243214,2.4713094820988406,2.4762136072014225,2.268415823903539,2.261305515467652,2.0983697527211924,1.756289490498366,1.4892491544243525,0.8154762156806581,1.1869904316285593,2.3223344899267393,2.481260402208979,1.360550623623268,1.1251982348255267,2.0843401504821757,2.3692611817063165,2.2226993865436824,1.3685792417439098,2.4325857729531717,2.1161274711018274,1.3911369587552767,1.7655258767531898,2.4022182144571045,0.9995109857659327,1.2608799481755293,2.381018841272779,2.4797100599182564,0.0,2.3931611782837736,1.722738389227377,2.6120749484752976,1.237445041645842,3.4936080836445558,2.0305474333594913,2.050842535049047,2.690067934797884,2.0491918115797723,1.9753592922632526,2.483418665908732,2.204740985056576,2.193440878249324,1.7326348245338132,2.5977974299220117,2.4906630520715867,3.109428546622317,1.2653904052407257,2.439601946397721,0.47895307039378643,2.2333328110948414,1.519385563655064,2.5128112783500614,2.3893957609679926,1.9537161056284775,2.413447406367676,1.6647063376603162,2.062010556627272,2.5171912596489174,2.3815006554038884,2.6117780880192014,2.2161134413134946,1.87029485200224,1.7276820881874324,2.4223091544367525
SP:62,1.3539834031694948,1.4470613911331414,1.288752678876256,1.041948242603432,1.0417032272515263,1.134250759617694,0.8652073158842696,1.603476263023095,1.9515232906635036,1.7107974243146151,1.3433849633506152,1.7463457594685563,1.9388625770736438,1.3189291857003291,1.366707342507632,1.1206353226691872,1.6410434441532489,1.4591367598471496,1.4373557567777295,1.547284746056833,1.032358129791381,1.0237606340495156,1.3043643773897327,0.831004146818268,1.2338806173158254,1.1378091897951332,1.0936577594514711,0.8720638945827133,1.186325404784451,1.462698202654164,0.9090599963013803,2.185467067827047,1.3083691532788304,1.5901122015988207,1.3652303250773876,1.7776540641357328,1.9937572363457412,1.182407448281563,1.2970984309944829,1.7698586293357956,1.2857481045485213,1.26647833305284,1.3372320049065374,1.194154365393273,1.3410723899760955,1.5069478119490198,2.157685697043977,1.3699383422973506,1.434267168539969,2.053610375655045,3.2548245334205332,1.8241722284513529,1.8660600940064427,3.8769422980745283,3.412774535276959,1.6200737667790273,1.8776112015574429,1.40220861594466,0.9930925463072994,1.256477956833529,1.5803699298578577,1.6412869548527127,1.564904181415285,1.7724851727833928,1.6518324003697147,1.6122583198500522,1.5894500297445686,1.5372981381464688,1.1489407046066447,1.7088789325607843,1.4521833055056315,1.6973496094063785,1.4813769910366692,1.9837864531454785,1.6434277772962238,3.9890659032010376,1.1938840769296686,1.2632426754126314,1.273568072376319,3.0362465755004733,1.4573125604768904,1.312357106572999,1.357934438896049,1.0299167404559844,1.0601436811518923,1.0260180895451942,1.1313013348625727,1.6320713647682594,1.337558369273991,1.4824475544252422,1.0052818940473742,0.825073343501687,1.1333597109157985,1.5560823930760133,1.653096494950971,1.4549432088563223,1.2091144523233355,1.05810936297331,1.5084356314669494,1.788113909277716,1.5055521626200408,1.8457196495236192,0.7855849379134439,1.4405202725628152,1.577789827606811,1.2257453300349226,2.6722181844862964,1.6284945538758577,0.6687880612615017,1.8195996990996715,1.1478801044039506,0.5826380844357256,1.7558954644361366,1.2201932066905714,1.228451760579394,1.511938050011114,1.8450814786583032,1.6282369006938977,1.892489005838195,1.9763870524813003,2.154616221487055,0.701163640837997,1.639358690597254,1.8329424417646363,0.7532806939444365,0.9856831246812797,1.1480393966834999,1.6633183195909897,4.65139130000847,0.9021756220973324,1.3429840807642628,4.021123451823018,1.469865722010882,2.364076716289956,2.2705379084829844,1.16019815502415,1.0706294758352524,2.3931611782837736,0.0,1.3522208581517074,1.4504712418923296,1.836841179935111,1.596328065823533,1.4946728526605195,1.547209496361289,0.9406149165386484,0.6101821004593616,0.7207362285972995,1.4095461515292211,1.3440762004609854,1.4391600137564406,1.5933087240501498,1.617242059936884,0.9573278093605687,1.226017098099017,1.7588451514956884,0.5200478245998508,2.3564058471310645,1.2382007698925326,1.5420157140838124,1.8155677206779597,1.133367198490714,1.185501919779969,1.6034998401294625,1.1427534441386127,1.3446999280982503,0.8623741561241126,1.456987468371294,1.6334794991425468,1.1465211870137315,1.3636979667569202,1.548627575248479,1.780004405546699
SP:63,1.2180651263632554,0.8163440217516557,1.5342162857808224,0.9141950079606175,1.1086887909287362,1.5714718416685176,1.2821827092457563,2.4579763262555527,1.2282686939376701,0.905765252046615,0.6906270476864772,0.9379190173038798,1.547302286671068,1.0812745020641958,0.9032228736514946,0.8367931569793947,0.8276726815457908,0.7635184943564167,1.0067223399861476,1.0708398162279806,1.0901842808967577,1.149524502215351,0.7827726628340891,1.2697799343934615,0.652122619907343,0.7775103611609533,0.7324303248561661,1.8207741199800846,0.6577216255415683,0.9421710146614853,1.2089929604751146,3.1281843882678118,1.9353345887548516,1.8371047637912032,1.2335536930463733,1.243276456749863,1.9781418787148768,0.9088897675948101,1.0027867988159498,1.3590291317114378,1.4519078177044955,0.788676358226859,0.801527282154313,0.6263866842744427,0.7494959859599072,0.6305858339653416,1.5900257574594137,0.9518486181883781,0.72481391249964,1.738788046893537,2.833227369168202,0.8717223592235183,0.8716346698514474,3.2119979233085805,2.7346470603137574,0.8215479986068009,1.5350625949181957,0.779192098129998,0.8862666612643523,0.8982917710008873,1.0158800792852867,0.9539877819201809,0.9574771795943278,0.8970146249646072,1.0119737509092734,0.7882147438065777,0.7682362907394554,0.7990558945626485,0.8159099147059596,0.6994056673682231,0.7490745898586227,0.9989577307916819,0.7128079832880798,1.0944464317731786,0.8171131727329536,3.653642335501619,1.3095003938713627,1.0199707042772053,0.8213788807787509,2.401278422906827,1.105883936534071,0.7801183118214354,1.8946672506250528,1.8809768658005246,1.299057578237619,1.4885689373615092,1.7391629655925653,0.7823909288034949,1.1342229301615436,0.6311196033383193,1.0278958123506856,0.9700724415107989,0.6818578188454896,0.7792593153542727,0.6854916695590472,0.839247051958409,0.983493434198322,0.678756355577693,0.9407513213293625,0.8956303368612942,0.5897279871886225,0.8066458746094108,1.5612969548943614,0.5007591683693302,0.7263645535630482,0.5473516945572814,1.9719039296060816,0.5979450843283232,1.468585754069838,0.7203862799273236,1.1319865702038732,1.439415187733979,1.0257035206683947,0.7721227316916832,0.688154724689311,0.7407046128334002,1.3035831760471095,1.0930141080755353,1.0918354802925578,1.116012821875836,1.3059382353273277,1.5884528154930595,0.6965630675341437,1.093845837156221,1.0397224974984896,1.1553401619914137,0.6821429669671282,0.9656934034829023,3.9137146556460123,0.9939981745950921,1.0596143967565568,3.4256194238095428,1.745038587431434,1.7639524020062192,1.3723362770367766,0.9754645237573082,1.227482185516317,1.722738389227377,1.3522208581517074,0.0,1.1059743530805959,0.8337380863427718,2.54883152063416,0.5374215068818677,0.6124045549792914,1.6009786558133678,0.9585058360254808,1.1774750857733614,0.9747829814190184,0.7302925596886584,0.9468092317533118,0.5102890067575642,1.0166285968537663,1.0506658121577443,2.262575270531297,1.2621589096765258,1.1738971909241545,1.7326736449587596,0.8122469672436514,0.9452122761820596,1.1203296105676193,0.9016970660325639,1.0573226512396559,0.916754509666293,1.2106853193301528,0.9703010299350804,1.2670443165214111,0.9324262804423699,1.221664617271348,0.7776928006217925,0.45780563422822873,0.5474193677885955,1.0034607686887111
SP:64,1.1467532336091533,0.8183630107744458,1.9218592332953814,1.1324821112195935,0.8096439407093561,1.3292522396544975,1.2373771332804762,2.4304000570781414,1.2746674810980247,1.1028827289005891,0.5818924455200554,1.557850182085423,2.1915658373218383,0.6221542369220646,0.47764881515715324,0.6128459461295126,0.9244901133033486,0.8199580215781198,0.6915194573971131,0.830346597653753,0.7874810324570359,0.7603558740676941,0.8398189986897834,0.9867957380508434,0.7932392728941696,0.7304736073332985,0.9469380890401976,1.9581599236041984,1.0358400915432069,1.4273109447847152,1.4148345880312816,3.2258533314199123,2.281255948387532,1.934563886384628,1.9451254244516905,1.8960400955811774,2.255494244243235,1.2069509992764278,1.4402489430122565,2.023268372607917,1.7799180783170427,1.2929270681647274,0.8525442777071672,0.8477863118456554,0.9075267917908173,1.2514228684320492,2.21068820367931,1.013469189712532,0.9165811031680963,2.436846770254497,3.6127635785165433,1.4929341180712254,1.2072214911539894,3.9923612323831494,3.523892767677068,1.100430725456836,2.023900403082695,0.932806081833388,1.0648674477104965,0.6542367329244583,1.4590750453521826,0.66480165571644,0.8120315992086292,1.1460519110068994,1.2438499127264149,0.8478343002370246,0.8871193295608973,1.1154718001781665,1.1782855165995039,1.1324760819179536,0.6233340377667101,1.5224169524506124,0.7524576534915985,1.5695568173500833,1.353287766947901,4.478070076805015,1.1121094256137098,0.5026759470456011,1.3561771504496556,3.220921478797603,0.22617485204001384,0.44697347062605475,2.3084832337236696,1.999395326684316,1.2522115765569755,1.5547202802711781,1.4767699818150155,1.5311682217080187,1.6570180063473334,1.443098827139375,1.0894346822795347,1.2672570820818334,1.2519930989648287,0.9424241067129412,1.0893529962529216,0.728240504366266,0.48017534618878593,0.7258121174791363,0.6680350506675534,1.6539625286698791,0.8151831569243853,1.387617499664658,1.8777756469048978,1.2531390501872988,0.9323822501011242,0.7290868985168257,2.7713283335496612,1.0507575571024967,1.7259975908904597,1.5881117784726706,1.1240947121735523,1.7135426845917372,0.6056843358929138,0.5066751163349313,0.7013713285558579,0.6787874261471901,1.8061684903683102,1.7637731129189254,1.970113544013179,1.9502383109353207,1.1058490580903153,1.7694002000635531,1.5686309350903904,1.7544385625119332,1.1232542589633536,1.2494200117084318,0.665034358475941,1.7118773632968274,4.580825411497772,1.075560917915781,1.7887395966447759,4.194279211976832,1.7974953409192043,2.475579366600026,2.1473527225023727,0.42358265217360047,1.3045018204497174,2.6120749484752976,1.4504712418923296,1.1059743530805959,0.0,1.6766401812058351,2.5354211905601565,1.0104966443269707,0.9317828354676586,1.5804593109867142,1.1793370168428934,1.4575548727584628,0.3748809691892411,0.4768029018697103,0.659305319743375,1.1727597606369342,0.5672538799189111,0.8046136903964374,2.344817880389069,1.8236319212490348,1.094555815722193,2.5853626499793463,0.6350413279657882,1.817405839856598,0.646400012412226,0.5763282227769311,1.1636991836382222,0.5939395809671982,1.6924753029563622,1.098143670014043,1.3403793341224917,0.4660591351873334,0.39648263085660757,0.5578800344799406,1.111388053174837,1.271164166104177,0.7593459427495381
SP:65,1.5070487660843201,1.2089899788912162,1.69371804282968,1.2205948510666491,1.6174316329257723,2.0690869703167896,1.7876770289029467,2.797628033755368,1.4021869136093188,1.1470362624621318,1.2314370605314204,1.0027608813449773,1.1835283617467804,1.592199095792381,1.414006039318937,1.4118360926346478,1.097313430803818,1.1171440396247667,1.4206939232631888,1.3801143258425792,1.6122184416835224,1.7140540461493137,1.1180989777571049,1.8213541665581972,1.0578827973843519,1.405520725298007,1.279601062232161,2.1478248832823885,1.0695379243136214,0.9122467344259535,1.381108568247299,3.3744998732020832,2.2464952192501757,2.261076145257981,1.4658743582054699,1.3460047201468626,2.347794881267119,1.3444824279357137,1.2000131998326242,1.1807861600802114,1.6236192927870172,1.1571336604165563,1.2803505065827239,1.0357368989877183,1.2073593213556568,0.8648796538706145,1.3456650369355359,1.4085207419547934,1.1769216997006804,1.3513876529441815,2.390361385804105,0.7354319435608466,1.0608125424991122,2.6815064832237554,2.203347154479362,0.9791837833315639,1.2124998881341589,1.0285270377867677,1.2802907755313322,1.3878901016907197,0.9098556797284671,1.3496383083379073,1.2567541589066755,0.9935757062421952,1.036600429999157,1.1181017008409397,1.2404391829622865,1.2481235642989195,1.1161516680317538,0.8616480954568689,1.2467490779227546,1.0880144787453148,1.2063745827524928,1.002557084916145,0.9251814827481277,3.1420668764386313,1.7788469611898838,1.518514114641185,1.0946769379237002,1.78975754003169,1.6493824811270417,1.414219403057436,1.9746538100222362,2.302944517794686,1.56611473769918,1.7507857705716006,2.058517142133525,0.9414445491282152,1.2849234539476948,0.8514956704796557,1.2541941700508394,1.3758637524453619,0.8457593588490492,1.2643277703773559,1.2149830070072452,1.3822972603636572,1.4443078579945512,1.245654815864196,1.5204501873677978,0.8033293079424313,1.0687656713827072,0.8923690300081424,1.8987035812370883,0.7484070210240159,1.083352623555274,1.2272478429461453,1.4983023282694123,0.9696332698988764,1.747860592263939,0.6504332177059128,1.267429855876004,1.8933946001026087,1.4873132079019895,1.357555450799922,1.286454993692791,1.1039006498282986,1.1442165106628919,0.7285274361019597,0.6633201178259795,0.9098248928745457,1.40541360287766,1.9443906497190655,0.714606755303912,0.7219667045613841,1.4167444870559112,1.5181815419119873,1.226514077831162,0.8048376258710039,3.3082135307112974,1.3229086719370768,1.2278299711856502,2.8827311761542105,1.8586771806397915,1.2472645323546363,0.9747196259541585,1.509654746580485,1.6040339845416605,1.237445041645842,1.836841179935111,0.8337380863427718,1.6766401812058351,0.0,2.933057218360265,0.9944387866912722,0.9308794146163096,1.9638225842424542,1.4519827652628547,1.5076990113265454,1.4867541730410532,1.2662283255479103,1.314156207042188,0.8396977887013103,1.5820210206419107,1.5907172574938673,2.670055157894782,1.1392079131033215,1.6872006308457579,1.3606207666101442,1.3451574831287432,1.017543734463904,1.5837141397664054,1.4623811897346235,1.1857889132479702,1.4353965234959196,1.2576017807557436,1.2149336030681914,1.746917956270221,1.4365588994995797,1.6406299471586512,1.3265683417538647,0.9119110055782669,0.7700764168730078,1.4052394231589482
SP:66,2.1301123120414918,2.5735182901920974,1.787227256949799,2.2263297620780937,2.2097569221783315,1.7116019165592509,1.7125612916234492,1.0169356089846353,3.2764669940447417,3.0219325264387025,2.5916470686456003,3.1184109841144663,3.0513546791863915,2.2971210540506033,2.5628309419947097,2.187269683780298,2.9681590207802047,2.7011920183225144,2.57452607232097,2.638551999294085,1.9441794767433693,1.960199382313045,2.4465904719244613,1.7248398876767055,2.4334668205695102,2.2468765358275284,2.2659119429723384,1.2454009739073166,2.3684374946819378,2.5420059520014835,1.9180402310532312,1.2453782891723542,1.2837514564533299,1.840225833278665,2.1171572959755927,2.649501804386669,2.736318345235863,2.2804268257909994,2.1407522621075037,2.8452680204200473,2.0838611530513633,2.3761347755413182,2.3243311724548414,2.448841907544282,2.6098792698545896,2.7718153512453303,3.3888490874903603,2.66073009593263,2.747025132001099,3.073290065430007,4.300643646487937,3.0929811185590648,3.1856798844502974,4.81320913876534,4.538737233427534,2.983973141579069,2.9595671183300563,2.5215256629623455,2.042524981252441,2.3211636797582793,2.8159482761750376,2.8548056067618814,2.7330537549321345,3.0694663883560227,2.9565313091132994,2.80536258819083,2.865497320008756,2.767678040212768,2.2835152001249646,3.010924383214684,2.6878307908443455,3.15406958880518,2.7167016981108323,3.3368005111694465,3.0067016001189173,4.926556358470212,1.8190627344997965,2.3906676930484494,2.6999702338036795,4.077136225278815,2.538808122060555,2.4449743569536704,1.9148498757083083,1.0702973464814103,1.9831470317978028,1.8010998776205,1.7697590604843674,2.8189653254729388,2.5316317817221154,2.687724902461469,2.0234005426600956,2.080327876081001,2.327181287403305,2.635740017721284,2.8730777251583723,2.485551429301037,2.3976866528044685,2.255285355894571,2.548409717129192,3.0270609796254653,2.7141012947195686,3.0349198968598876,1.4256172684441406,2.7442952882511547,2.8037913289130407,2.4112612598976333,3.795675400580365,2.861751984346471,1.5834962947715285,3.038278698518104,2.1648945284250893,1.4635167690758308,2.881326517338962,2.3682467642290383,2.3670485653153506,2.6674905628894083,2.8429643002194,2.6185293624320525,3.0188024165979894,3.131361174823603,3.3428316939222067,1.527465107134354,2.813410453958676,2.9473216673701805,2.054998368327989,1.903766935156617,2.2446223837550288,2.833309438526815,5.822696908232229,2.1151308370894863,2.6429858525300856,5.164127793048293,2.241422356360805,3.438850338224043,3.3682103986791048,2.3601363401932325,2.0253841815723885,3.4936080836445558,1.596328065823533,2.54883152063416,2.5354211905601565,2.933057218360265,0.0,2.630951645168609,2.616795436782067,1.2107519416073858,1.9113470568997846,2.02063708765475,2.5042641799853027,2.514878843418001,2.6984960998661935,2.765104401503805,2.647199182094911,2.085698536669115,0.8099476014753464,3.0713737580725264,1.7294748308439982,3.5180038586681257,2.5240884012412326,2.430031636371086,2.9855972114905067,2.3596928446936913,2.3365753876551087,2.7050227207008186,2.18694305023256,2.3535319828196317,1.8989064050580742,2.703780788930974,2.7185915834975836,2.366540126416639,2.5778976737538337,2.7625178010500897,2.8837511380777237
SP:67,1.1883157417725985,0.6416858717321878,1.7243256485070813,1.051125235616183,1.040283204379104,1.545315856865203,1.3553190763896723,2.4745241210104814,0.9510588002158563,0.7179446669200534,0.7164503443248744,1.069832100160435,1.7932282914925743,0.9358225336040246,0.7728780504053113,0.7102051067077996,0.7660543526257176,0.6742916208250894,0.8786389606938615,0.9123000521424741,1.0329361294700161,1.0412485943527137,0.8177751098421946,1.2273999506554862,0.7203339354656041,0.774739229028858,0.9160218349369474,1.928414869808797,0.8323396665412464,1.1416632761353604,1.3626025181632377,3.2090350881896574,2.135301790118894,1.8420927246216607,1.516006463336732,1.395257597297049,2.1328968580302203,0.9545318647187719,1.1033136038174796,1.6137575035147396,1.5485622422743865,1.0353294711001366,0.7966269114424306,0.7217365418637953,0.743282799781604,0.9577580997675251,1.866522989113988,0.9682388243957271,0.8360767340075925,2.0081275916117516,3.199053255475559,1.0657845358591218,0.8849413642896614,3.5081659898662587,3.0291049572863176,0.8600641610629197,1.7666048525405134,0.8602063617725745,1.0634352085641845,0.7601283961711238,1.2211666144272266,0.8713033925133581,0.9422765412326368,0.9745331253328465,1.1234535117735258,0.7708749136788647,0.8260662723259645,0.8553068245888718,0.9844222644808311,0.7908571500192133,0.6914468370901641,1.052764037702346,0.6692341459027036,1.1837376198965321,0.8232558890861071,3.949577142376006,1.2849967500160335,0.8631817003033295,0.8819338779731778,2.6839404991013325,1.021148753033471,0.7611765027760473,2.1673529340165696,1.9548879668689778,1.5112848818526818,1.6083125109601566,1.8463530055417539,1.065819123425726,1.379951235256174,1.0055472101912002,1.062280244019281,1.135713173119505,1.008437446541964,0.5868159510873513,0.8798555169011406,0.708373827423385,0.9086217585778871,0.6340712032453102,0.8140057975171475,1.2726053709606242,0.5520425724549456,0.9215486517590304,1.7130835747312787,0.7698187051332701,0.7641887618872811,0.5839184508265153,2.2790043790410115,0.7373580816925877,1.5954794766116591,0.9955119827581639,1.1493532047517176,1.5601057167845926,0.8073235443081299,0.7742715963612483,0.6727961875741085,0.5963137025677369,1.3288283959281597,1.1407617129313743,1.3975231007714664,1.4022360969546919,1.1251059737397904,1.6856037264003574,1.0343429465931948,1.3747803540981363,1.2594643475203904,1.0799362708804556,0.6695626496476648,1.1970653865333536,4.109416373346297,1.0570326444079632,1.2902345449599697,3.7049072692854486,1.7474647186799914,2.049345046697779,1.6289456478613444,0.9920139387830054,1.0677332440436658,2.0305474333594913,1.4946728526605195,0.5374215068818677,1.0104966443269707,0.9944387866912722,2.630951645168609,0.0,0.4260322240552293,1.6440068215002248,1.1674382968698422,1.4534464820411348,0.8628558192024508,0.7311949580276543,0.9894009523628576,0.5420964334435864,0.8163602908170289,0.9564701130702843,2.404293243579781,1.6234296769960033,1.233491450568402,2.0823331854448472,0.8276854602128569,1.127087632291022,0.9753979649705156,0.8247553439951122,1.0926021710337153,0.6835138568640414,1.395740763357919,1.0189324425021509,1.2636134230948732,0.7792214441015315,1.1087060312991177,0.7841390712635534,0.4524143364706986,0.5397851590048379,0.7363631432417427
SP:68,0.9611741344136997,0.47993801138939896,1.6233752097158234,0.9235430604056112,0.9463788712438365,1.4566227703281327,1.2894038291901284,2.422439941039309,1.074646618527647,0.8887436814032181,0.7042920430616013,1.2318282186205414,1.7483341036628461,0.7826989970409376,0.6713483544004751,0.7047067391953165,0.6900554358410651,0.5234107467769833,0.6901949394996488,0.6670235292175821,0.9800945728141729,0.9900388252719664,0.5518487624473611,1.1978927228095924,0.511478934320676,0.8055678945150888,0.8739505396134173,1.950891354202979,0.7315756342233443,0.9160736834590975,1.2379968876544996,3.2219987687563214,2.1399848804184054,2.0028393055644402,1.5713161678448075,1.4958292968089009,2.3590515369194183,0.9236659279382055,1.0366637239248824,1.5310337464106627,1.4838407632801924,0.9840552239764597,0.6672574596870605,0.6811258440681798,0.9187144848119512,0.9085517343544659,1.805214213373517,1.150247825890741,0.8882621280178417,2.036062532535837,3.173986046776803,1.0198258278462202,0.9077537268520464,3.4849686196726797,3.008153497704891,0.8487615404458315,1.6514412080231222,0.5961480314149876,0.9846010691297764,0.6613441845777589,1.0275986879993249,0.6962788498334039,0.6556384958598942,0.8388130733823249,0.945610160455632,0.5334575185764039,0.7964039336852936,0.9639860982897536,1.0382071933512156,0.8059452023466177,0.6120018647241511,1.1842106499229585,0.7745414223480236,1.1919101717924572,0.994829871377193,4.006101547664382,1.156985912497592,0.8180738923441201,1.080702069055213,2.6643399783854815,0.9248464602003487,0.7260365565280297,2.182786598393543,1.9594093227804181,1.364819896542903,1.6025616809695058,1.719057452175672,0.9615809580191018,1.4909315217159775,0.9293962019806746,0.9286337552584113,1.1478147433421828,0.8882816737182159,0.521293340493117,0.8829852131626723,0.5914638427862431,0.8299651249029216,0.652418066668729,0.6674986386445186,1.2186565410210703,0.44175917125902775,0.842629252977558,1.7318123332122648,0.7311490275527789,0.6456639088891986,0.5651366055200868,2.2339153914233316,0.6262293216780882,1.6206239773626518,1.0133507351562674,1.0099291621948374,1.6341275110323659,0.7243782484990653,0.6690709615814191,0.5379155908760884,0.5461773606070734,1.4264836860646317,1.1452256258845321,1.3451175814436958,1.3495345466413693,0.9874723168004209,1.6729714304206464,0.9833559417460642,1.2356314591560245,1.1764360228197157,1.0287406104127885,0.584438170426234,1.152700655906726,4.097408503281269,0.9772827883113484,1.4912623226470398,3.7093085316839867,1.7965332599634924,1.948203672389163,1.526975672294351,0.8747604382929423,1.0819018912162086,2.050842535049047,1.547209496361289,0.6124045549792914,0.9317828354676586,0.9308794146163096,2.616795436782067,0.4260322240552293,0.0,1.5554766773147144,1.195028928853471,1.4508115006652866,0.714557141314024,0.634602422984962,0.8503858182849219,0.6215685560983986,0.7280165294888322,0.9221820862740223,2.4510002647537084,1.573813962860474,1.223352390930032,2.072611886198734,0.7419871708283798,1.1916013028777759,0.8787620815363785,0.7589004256340216,1.0419120974108138,0.6737406999822285,1.4186579848651841,1.009123765757455,1.2571145695825916,0.7180943134021623,0.9352371347719598,0.7231784924610716,0.49049547370721885,0.6758210108275599,0.6398177158154442
SP:69,1.0519934992006417,1.4919246929246461,1.0258085111046369,1.2106447443749935,1.1939640285517323,0.8348950170668364,0.8207520076212113,1.107170968229843,2.2774915169001506,2.047800783639105,1.625994281123474,2.229195489088896,2.230852844832344,1.2630477127079358,1.5173642233600872,1.2254109500293486,1.890938504675986,1.6167047190573773,1.5046637820911852,1.5274463723522604,1.0256006136510376,1.0213641024495832,1.3421768514739827,0.8681144019833503,1.3461947253008186,1.3535912384675453,1.3268893314394254,0.9709980469985787,1.3342474151608978,1.4844030091600189,1.023871619587297,1.958388041192536,1.095732677155402,1.7286652504425868,1.462115738413855,1.8665282149952582,2.473720094172413,1.3013090511454064,1.2086157561062711,1.944621687177422,1.2509390322068896,1.3943180915010511,1.26393104373614,1.437201969196259,1.717591274016735,1.7780845371397198,2.470809030474904,1.8289990076240639,1.7773772075983816,2.349470642291797,3.6046299611252324,2.076312460838644,2.1468514281145468,4.09696648472306,3.7161228845161838,1.9613714064407883,2.101962176450606,1.4440999330666022,1.1472907187009191,1.3031803792014631,1.7727324579539259,1.815838794206179,1.6226997870142912,2.0013696624952177,1.8799845903480856,1.7075432267561672,1.8630083803999453,1.8544712359745137,1.4575246094690495,2.0181397229721143,1.6338888940127752,2.1966066042209946,1.7692960609205974,2.3038352334058554,2.0510042141160714,4.393470600797607,0.8107059377804294,1.387566480789612,1.777484179434416,3.2961860829893572,1.5697670024003503,1.4623476856052762,1.586896726744676,0.6989489744259442,1.1141044549404757,1.1806450320063109,1.1345163844873476,1.7990220923122504,1.778571606347449,1.7012657676101224,0.9679370300202395,1.2463011306585048,1.369112592437671,1.584688308123394,1.8793400233112825,1.4476062335726245,1.4103457614372052,1.2708046799624082,1.5183531681642943,2.109320107496821,1.665804171504768,2.013385739709314,0.8138291895671067,1.7376840462024081,1.7380468205034427,1.4299989413036989,2.9419080716472363,1.8069900099360456,0.9390768766955943,2.069191654514216,1.1830707970612424,0.972160605321848,1.8474304355164683,1.3439816579937336,1.3229635183551287,1.636128786188736,2.0606792159598806,1.7315302603337581,2.0944057630982145,2.1838932548201733,2.28818457700379,0.7977376694747805,1.8584502940182346,1.986021209560641,1.1241850475696733,0.8245635752364476,1.2519264728875805,1.9197024934207276,4.958566464441002,1.059470009019392,1.8881191914242128,4.372481586352622,1.6934708649712018,2.564759178104791,2.443926774996075,1.3574462136089183,1.0515497086485701,2.690067934797884,0.9406149165386484,1.6009786558133678,1.5804593109867142,1.9638225842424542,1.2107519416073858,1.6440068215002248,1.5554766773147144,0.0,1.0347019104965864,1.3188105345929726,1.4709579372236599,1.5016370327515054,1.7074614535850643,1.7664370369532785,1.6235196332297301,1.0698674577313838,1.2533037354043488,2.217234372443353,0.8095350260642277,2.6817241625316375,1.5011133822168052,1.6025966093254305,1.9559183402823692,1.3250663725295397,1.4049996860740885,1.7024785040448966,1.3992397434905228,1.4782742931933368,0.9742580449930905,1.6654320014910302,1.7034111919534,1.3304908498823194,1.5563802687882535,1.7816390488163272,1.8279443480606992
SP:70,1.16895868667558,1.115053789246291,1.1517325384646424,0.756022879700684,0.93293145778393,1.1633142807639858,0.8740326941373381,1.9133529205867772,1.6724027160186785,1.3687347326735928,1.003719689851179,1.3912417897539462,1.6083323131795617,1.123848560480376,1.0748805548363858,0.8869770829387214,1.2705742241590492,1.1340559154162648,1.1910812120289966,1.2976161382518665,0.8975979150798168,0.9751025428465744,0.976167234288377,0.8631287113981138,0.8903776972845696,0.9115403849494318,0.7869378723442301,1.1746201778069276,0.8586776361395663,1.073006740977337,0.8256881890566704,2.5379188840499665,1.4926937458769778,1.6538188277195556,1.1712901416604082,1.4237505854458143,1.9361055351516712,1.0014105708218402,1.02241545910061,1.5102298091337527,1.2327550517300483,0.9058482857329824,1.0287671486043912,0.8532836810151927,0.9936684706390032,1.0520890880968414,1.8670505734373752,1.0609593439565985,1.0559548984396427,1.8027734275075722,2.986287657598391,1.380355886828788,1.4838807856008258,3.539427588874796,3.072244746316181,1.2379778835216577,1.6554210438405836,1.0262624774056124,0.7456739453705123,0.9830368864694108,1.2752005325680131,1.3458168286439796,1.2537542748756552,1.3918970688722179,1.296073715864106,1.2417478128147457,1.237474615492843,1.2107893859909495,0.8239553958818147,1.3183377739711273,1.1285343532182361,1.413381124223199,1.1219857706999148,1.5522542008890237,1.2886008683111498,3.755874777915969,1.0468199039618555,1.0055806771023825,1.017845102130179,2.7062245560186398,1.183334342634251,0.971153059684764,1.3803988352283307,1.246327443504374,0.7718842898362077,0.9173613533475999,1.1985548399750758,1.28126445191148,0.987262648133661,1.084938376161848,0.7379422903822486,0.6876983828593211,0.7824416130240498,1.2970988462908355,1.2648953458834569,1.1960876694503826,0.9295450725096763,0.742615279244497,1.2693119862268922,1.43095135240383,1.1733962372684383,1.503035838526999,0.9156970319310946,1.0370099424018384,1.2094033871516408,0.9455532504256872,2.358564345315175,1.2562139605253193,0.807627411415053,1.4485574467103617,0.8623120723890253,0.8829692916658692,1.4529951816652569,0.9266049648523618,0.9480761067337695,1.1092202027302074,1.5059344375688388,1.3282479155466211,1.5184478014002443,1.6732643802445275,1.822367237179322,0.9376115806570036,1.2942280158121886,1.4635984444755592,0.5870078049285508,0.8691571131767575,0.8386339258928103,1.337220183000238,4.316365210950365,0.6582429571492646,1.1421542815302022,3.7296413835070883,1.3509174259743288,1.998233047087557,1.9459711889984135,0.8766306346596073,1.0315723788092594,2.0491918115797723,0.6101821004593616,0.9585058360254808,1.1793370168428934,1.4519827652628547,1.9113470568997846,1.1674382968698422,1.195028928853471,1.0347019104965864,0.0,0.7162789867964229,1.133425881177987,0.9795987761357114,1.1410198499652016,1.2608210983329435,1.340831682354993,0.8215883904434078,1.5646084859922451,1.4795041251625471,0.5061952159785958,2.0272084411571347,0.9615219435337856,1.260868317819897,1.5302445133109235,0.9204229283051882,0.9131160994660272,1.3237963568828066,0.9199845680734112,1.015308048535522,0.9332386243976117,1.1838979897889628,1.3389471236660102,0.7961549257090813,1.0568608113672886,1.1941506909871393,1.4809692701122656
SP:71,1.420243509945375,1.4551329149258234,1.36783706086894,0.9407295117842869,1.2415662416865458,1.5725650492380252,1.2495069063622797,2.0688477693696434,1.854504288637086,1.526875282343222,1.2141101517268384,1.4324408999160791,1.4937706299891431,1.465416836995864,1.3827282305906665,1.2229121131914835,1.4594945455564987,1.354076930821159,1.4488719325628818,1.5760936493946216,1.2607172359817207,1.3108506851750377,1.2041172565969436,1.2279357130094584,1.096217747255687,1.104890368715836,0.9157630790027884,1.1323147300053606,0.9892583081557339,1.2470155283985311,0.881800657997598,2.494159768659693,1.6143531144384469,1.8157940894292126,1.2836165551689136,1.6394294646298049,1.9608845063470246,1.1387303946373566,1.1877278322348577,1.3530802391580903,1.2637364763428023,1.0446673610039408,1.3451428251001902,0.9967922645508253,1.1814181650101572,1.1604004256761087,1.755596145440633,1.2060833304482041,1.1696177625465283,1.6287432303129725,2.81314186165863,1.4754671914225854,1.575692461144971,3.3994453002903318,2.988133269138901,1.3666804018432226,1.522197659489896,1.2854695889882701,0.9183115648252189,1.35032177062969,1.2498654847917623,1.5200850655823006,1.442174379934255,1.4898479656122778,1.3949803217908463,1.4705479146826723,1.3486407111657568,1.2806469722125329,0.8220418471957531,1.409411633644178,1.3299480379981772,1.4370698173060878,1.3011711659874317,1.6394143784630846,1.3884575122094267,3.5637021325926055,1.4902913744919681,1.3456096414586725,1.1215073335523777,2.560043879385756,1.4772015789266282,1.3267166622595583,1.2865972183804304,1.5596576859388873,0.9217843734853167,1.1076136689444411,1.2432337859081,1.4000349466524196,1.0086314589034169,1.2215482730672604,0.9838081975572703,0.6008925854485371,0.7663361529844054,1.5801481376556328,1.5499015962841631,1.5030371467311092,1.1490772401092284,1.0699570799938323,1.5614166213404663,1.3536296681379802,1.4061418461976962,1.585064836956686,1.1254308635665362,1.173069743556085,1.4795863632661057,1.1840057770355021,2.2099800389850683,1.438889436475432,0.798303586825451,1.498570365983376,1.0219124166560445,0.9421438079830224,1.7283404929073347,1.1964285622419497,1.2122664091452768,1.3869318627755465,1.657006877255943,1.4256985460831773,1.497699225127506,1.6438058818941805,1.940449998564257,1.0938536166744777,1.349445559768589,1.4026846713407042,0.6224486742161235,1.221646385917718,1.1118965265558456,1.2892877267751781,4.111228943724147,0.9985625656072646,1.1380295465278079,3.527420762684479,1.4468051208043364,1.860451695398911,1.8550925113472345,1.123446329698907,1.3322629608677499,1.9753592922632526,0.7207362285972995,1.1774750857733614,1.4575548727584628,1.5076990113265454,2.02063708765475,1.4534464820411348,1.4508115006652866,1.3188105345929726,0.7162789867964229,0.0,1.43100626314319,1.2743953930359855,1.1779043636991307,1.4386828379346956,1.6999748113296902,1.1361561404181926,1.6453182713869474,1.2116343897414652,0.8749663766268067,1.92726460766621,1.1365021088769134,1.490142389636637,1.7509004050508976,1.2072994642332346,0.998657236947439,1.6054830926099735,1.0691551594959638,1.2592604384634603,1.1389345066383771,1.4177021040456363,1.6028826802662042,1.1723245517806797,1.244624436193024,1.4391056301293081,1.7531598706713525
SP:72,1.020818233574404,0.6682346309462863,1.8206504468591738,1.0520041908429152,0.6660600233246872,1.2637224732920624,1.1457686736136135,2.34279968178663,1.1922509755928579,1.0602943768972821,0.5458612253959111,1.501282091051699,2.096992069256167,0.4798106514685001,0.3498585153136329,0.5042730049885807,0.8150665109572462,0.6252551367778681,0.4752068204881219,0.5192793588347177,0.6749085090922083,0.6655537289670642,0.5765189367431378,0.9157023403447995,0.5739567475270165,0.6733322873037813,0.9043513558947852,1.9117195364733026,0.8660567940162676,1.2269399852277783,1.2266697986179247,3.197395954927301,2.182048976712626,1.9706666331726175,1.865482340837489,1.8599959270129052,2.304976036734712,1.1204049623881966,1.3560555268424859,1.9207771291410334,1.6976467936806363,1.2269083710937183,0.7439408137926193,0.7718364736157814,0.9031513247680526,1.1676542839729958,2.012503171062532,1.0789114463751523,0.94056203918265,2.3109367565393444,3.470499560612497,1.3709763874844263,1.1161677136931114,3.865743381291975,3.366838969503686,1.0047400612979103,1.8341576667558637,0.6785445809662706,0.9068574710626016,0.4069289288446077,1.2266735726672238,0.5781261728648004,0.6098289060122145,0.9936413002497845,1.082366974397707,0.6805717747637898,0.8371349224400624,1.1135623889252753,1.1776317421599756,1.0338269149307666,0.536381447466232,1.4325034663144385,0.7672654375514291,1.492664594916751,1.2629464295549202,4.377543671782545,1.036230046899961,0.3445401721350704,1.2658478507207975,3.0829938819706033,0.29126732204605676,0.4777366327489542,2.239236352566831,1.9103611752599774,1.1791306088391476,1.4839240013587278,1.3996374298125234,1.3781887812244056,1.6338505681511468,1.3128574007927243,0.904486887868166,1.2243835293151173,1.1170904256393843,0.7622332014615403,0.9969669146054059,0.5936092887759623,0.4684591973153808,0.5907262035928658,0.5347585342146466,1.5450301005310376,0.6273264866483509,1.2886836530538495,1.7966712778962854,1.0964833567043295,0.734886157166783,0.588932039484922,2.6533868711885664,0.9247508986908469,1.6737471367439103,1.4612483362609932,0.9789885370592062,1.6530467446671915,0.5716778882641933,0.472553548750335,0.5524897204187442,0.580236303392388,1.6576097877858784,1.5575042340279663,1.8246207129970897,1.8063884413492621,1.0812881999381903,1.6731973441015473,1.419598410216021,1.6314498678722054,1.0066078632652156,1.108149747571052,0.5146336223660838,1.577072480185308,4.499422565172981,0.8675888001314557,1.7218746573676134,4.091566278222248,1.7493659267272954,2.3484290004039834,2.0011209342892036,0.4507574137883913,1.1532053432618097,2.483418665908732,1.4095461515292211,0.9747829814190184,0.3748809691892411,1.4867541730410532,2.5042641799853027,0.8628558192024508,0.714557141314024,1.4709579372236599,1.133425881177987,1.43100626314319,0.0,0.3797067623004907,0.6707658148903772,1.0393042518901847,0.4467652817354919,0.7170628129795432,2.3149127126595253,1.7250661979451671,1.0290750888949773,2.462364753501005,0.5852828282407995,1.6722119985473258,0.6576077534075668,0.423967091775934,1.0377082975440517,0.5664929487497528,1.542187691402185,0.9625285591856635,1.2400276189286286,0.3935024598912827,0.3994761993894654,0.4003158741017906,0.9465128408680532,1.0583167432683431,0.6782147327929803
SP:73,1.0759615657982748,0.6368880707649748,1.7136309332239708,0.9392570295215472,0.8086630709179877,1.3592435916757568,1.177607933133177,2.4139260629151518,1.1304996706596704,0.8774168641918395,0.3465509902413558,1.2323812107358227,1.8860592801721878,0.6796131497253662,0.45290426780506665,0.513909643791228,0.7168621087496703,0.5967324574060251,0.6379363853709569,0.7108893865233147,0.74557711811655,0.8122528880546029,0.5661051333966259,1.0029449101901746,0.4855849928463521,0.6049374979262945,0.750291633848111,1.8654393612377458,0.724851382306797,1.0898061546186828,1.1654234986629577,3.159133607852097,2.0937939067310825,1.853280740560425,1.6445387535320015,1.59587733292995,2.071891705802862,1.0490843709508377,1.2261586357647982,1.733644882712389,1.6200009379650766,1.0401702554377164,0.6790181799573317,0.5938804854050086,0.6732575458279866,0.905101439526592,1.8402925894664939,0.8368524069361634,0.710789973849022,2.0617404691807417,3.218644228810797,1.1261825491888244,0.9542196580041223,3.605066732771107,3.1232231637574324,0.8051729959333493,1.7063392373787103,0.6075309049858872,0.792600510894199,0.5330145248399721,1.1041329688490886,0.6021197564652798,0.6584156556858498,0.8601562772657378,0.9647835924500913,0.6319975848695643,0.7167712812254743,0.9241068765765831,0.9543585922620798,0.8029309406281684,0.47316852322524783,1.2275666854220635,0.5464118698588084,1.2833658603628308,1.0292115497807868,4.101718927883659,1.092925795877022,0.5186501301983142,1.055650032048555,2.8184890724443243,0.42545933588888707,0.2954446123976375,2.031325765536302,1.9086055260646384,1.0900679146775996,1.3833817058824063,1.4581045281851335,1.2046866509849143,1.3721168012863851,1.0911125268533821,0.8784307876654616,1.1097379094682205,0.9124613273864901,0.7723752584239285,0.758801405278074,0.638168840807492,0.4892563702821369,0.5017470139309542,0.6678200306440502,1.3083362532263778,0.5499852602603922,1.0926447272810977,1.7073124696207136,0.8801196331607934,0.5374580388069893,0.5267548837695722,2.405383815863204,0.7361451749598702,1.5816720741832404,1.2012662648810921,0.9291736339278696,1.576085372531725,0.6005295683874171,0.3615323000768036,0.5464006621857876,0.39990867940550223,1.4459418100497965,1.358722979949862,1.583491659390676,1.6035110633038427,1.0303361329504306,1.6596149614584355,1.218421131180009,1.367499030320769,0.9108430823290926,1.1474594933711337,0.4237523857279785,1.4224754090184,4.2492572717787835,0.8271228692715662,1.4430217046337945,3.8207149836984597,1.674338282150803,2.1392031929542417,1.8255754484630136,0.48242537299939775,1.2343452156965637,2.204740985056576,1.3440762004609854,0.7302925596886584,0.4768029018697103,1.2662283255479103,2.514878843418001,0.7311949580276543,0.634602422984962,1.5016370327515054,0.9795987761357114,1.2743953930359855,0.3797067623004907,0.0,0.5610246450791019,0.8217438945264894,0.6062401806182316,0.8162751724330982,2.2627335863222093,1.495930664331381,1.0202877866821303,2.205867207728797,0.5856662358791865,1.4516196287716057,0.6734914634100021,0.5484893850992835,0.947425347455839,0.5095803331431589,1.3333232007008102,0.7853089253552005,1.2746342435849378,0.460459104304046,0.5769368269360577,0.2981887685336629,0.8187594726598969,0.8633362757419402,0.7143062533213635
SP:74,1.179034436692244,0.8140064873345227,1.8454385625685457,0.8967790446730078,0.9101133209317135,1.5623767284870411,1.3684463488565333,2.563964213773519,1.1324790874488382,0.8884250943601992,0.5451712377167552,1.201912571623475,1.7341961079588053,0.9177322246826366,0.6089893545666473,0.8599406446217874,0.6854652658793104,0.6707013946317585,0.7461682895682978,0.8647001137858239,1.0736345713518303,1.0659399415292645,0.6961582711765971,1.2308971778126447,0.6035802266336046,0.8062607612509558,0.8132312541784921,1.933144767186801,0.8136006464389075,1.1360943244063935,1.2530103894014006,3.281557501449458,2.3171868928312516,2.119709984103541,1.8044976025382446,1.752401504853905,2.277888755822117,1.0661313467894806,1.319659369728814,1.603059561952045,1.5945204608846777,1.1010381946681813,0.944235201262419,0.6114715191633568,0.8419434411848794,0.9269435995086408,1.739235147235705,0.9005181481096218,0.6538791331790517,2.0379687337118346,3.1641986130185646,1.1629862330749643,0.9123338591129231,3.542096396008024,3.085526961811058,0.7853491098718535,1.6145210337450324,0.8024399793327055,1.0384928904729356,0.8549796075175473,1.0460499065926312,0.5691335209256314,0.6677239458234316,0.8540747150079697,0.848661202570937,0.7038330177572915,0.6462376768232708,0.9033132905248178,0.9764158305465603,0.8199044982473911,0.5397769892255252,1.1397286492108436,0.6950970928893249,1.189964118171809,1.0458353946777559,4.027681141265171,1.368161274030543,0.7754250567021217,1.1123043545868987,2.7557605337344593,0.7029421068914783,0.7051018700609779,2.1463580262646738,2.123785305936886,1.1582593935757748,1.5475868270376776,1.4917527305524885,1.2346354206242545,1.409821672916701,1.1551884943612967,1.0114966984128786,1.0683355988357535,0.9091358070703803,0.9891193010674301,1.0477103288653593,0.8746252840247688,0.5534219531264322,0.7853033228949188,0.8780542507237151,1.21129615151981,0.7036138590684143,1.0664091336460237,1.85030468353875,0.9420856585282161,0.8130052684494595,0.7323741731188574,2.297655928743755,0.8044190827408471,1.6051346132250075,1.2535882689253572,0.9765522916583714,1.703392949241103,0.7606347925519,0.6058291321154419,0.7344389622486256,0.6538487568460056,1.640908477928998,1.509281772682172,1.5700016117202529,1.5611326222788706,0.88387829735054,1.7296055368490915,1.227018695408788,1.3212276191686454,0.9369315546671279,1.281227583380846,0.7398228845416481,1.3206634109478068,4.052767797944235,1.0122580049257615,1.5307674550535726,3.6903227219502224,1.733706839751803,1.9909024390077363,1.7020238133065955,0.5223627972069143,1.3525653042746189,2.193440878249324,1.4391600137564406,0.9468092317533118,0.659305319743375,1.314156207042188,2.6984960998661935,0.9894009523628576,0.8503858182849219,1.7074614535850643,1.1410198499652016,1.1779043636991307,0.6707658148903772,0.5610246450791019,0.0,0.9987410109763952,0.9154274233036022,0.9245990653650794,2.448763542995717,1.332299945714144,1.1487882654546144,2.1564619163796825,0.5044237894201453,1.6792567807772416,0.7496406148301034,0.671490138777951,0.9674190709613979,0.7989139832494162,1.525443090744116,1.078674453784915,1.3316213390857539,0.5401564042948038,0.6542619202125665,0.6860122643584804,0.9278945416066063,1.1147967244843215,0.8457365244435228
SP:75,1.2302772993140303,0.7676999350708256,1.6873144067032955,1.0475470278838956,1.2335468367787161,1.6834896253993559,1.4488711258516342,2.594237664415786,1.0880079370498366,0.8148502391788717,0.8057262151896806,0.9722133664696171,1.6512120161516586,1.1190727582443944,0.9293148412495619,0.9778834410934818,0.7685792124605154,0.7212318706883413,1.0038100218602277,1.033098448336182,1.2501112616753312,1.269256379526057,0.8823001338767518,1.4697765973759271,0.7600130711147243,1.0068762730300111,1.0076934297465932,2.0558225741597633,0.8505843151130529,1.0739612452176475,1.4423594902429053,3.2647864965618463,2.079352945305742,2.022114277363246,1.4075091047425938,1.28409077292223,2.1754383513692663,1.0070683009609265,1.107491498170845,1.3855128186641994,1.521236906874382,0.9524303694353243,0.7936453553856103,0.6965980405245512,0.8849909868528086,0.7695917617662142,1.6354685287734703,1.0775639130162202,0.8118847871201909,1.795661174757861,2.8954467314036805,0.8885727208834809,0.7938768926146706,3.164641279610528,2.7175480649226773,0.80995380240666,1.5936915655806652,0.8906094136767161,1.1700948709628114,1.0545792131321525,1.091611293446662,0.9167663403546676,0.9406938034646855,0.8617978474133244,0.9697059699967325,0.7422726095711815,0.8647692322327795,0.92409761192099,1.0367939292497106,0.6641390570007213,0.7371498057958342,0.9472293649727194,0.7873672893262873,1.041733317181825,0.7991640105066367,3.700076406237469,1.4045313114138387,1.1276990644139337,0.860530043981005,2.3989350168423194,1.1757596780454516,0.8520346556609697,2.063629982280848,2.0839121633742343,1.5489821964161603,1.7131452463334331,1.920253806926832,0.8396486663567314,1.3476351910839006,0.7790008981465605,1.212691310728022,1.2423929216219987,0.9199500788767053,0.6796830155537315,0.6905601097511417,0.8107573128988259,1.1039839158645848,0.8972496454246921,0.9634639029954256,0.9599422803300406,0.5616206869652458,0.5716814307152249,1.7688122893513074,0.7042655631800878,0.6730282740585283,0.7560711334955128,1.895920918226208,0.49317922116978524,1.6762060654103028,0.5792145252469423,1.324236812637827,1.7061840574012979,0.8840971657025625,0.8176493930702626,0.83051461142111,0.7577564252027364,1.438878239140142,1.1760180981539594,1.126403902102274,1.0202498182533448,1.0713669768351157,1.7845589706374325,0.7428105891318099,1.0659046068141071,1.2758510180839653,1.2722513870364167,0.8980365566450316,1.1166538242352992,3.741957446340487,1.167553612956495,1.1342024755015463,3.314907320824456,1.9367406910895943,1.8489787625233562,1.3384270936142832,1.1131079783279305,1.3455049493974802,1.7326348245338132,1.5933087240501498,0.5102890067575642,1.1727597606369342,0.8396977887013103,2.765104401503805,0.5420964334435864,0.6215685560983986,1.7664370369532785,1.2608210983329435,1.4386828379346956,1.0393042518901847,0.8217438945264894,0.9987410109763952,0.0,0.9917769734421014,1.1976458145160886,2.5087995742757503,1.3876181460256334,1.4098455455976768,1.7619706241150304,0.9286488542690838,0.9958184930674921,0.9738763342148283,0.996234163048059,1.194356675041179,0.7782602676736288,1.3802320117706677,1.1256453101904602,1.4146298012384197,0.9167778908156878,1.2462592483904418,0.9197539371801795,0.535870006589075,0.6182001767547814,0.8206964693815896
SP:76,1.0745607309642107,0.6465071976791708,1.9179774798256908,1.1848772972656718,0.8150645983265355,1.2688233524824766,1.2180059313650542,2.4207684468116373,1.218784190701829,1.1294620137915126,0.7515648922175431,1.6046066732133184,2.273355570197782,0.547985731792224,0.4899462077407239,0.6973516898636271,0.9090442003829778,0.7500491272683295,0.6227787746940775,0.647073935830903,0.894996753985593,0.7944416127036328,0.8069550277984925,1.074981778119719,0.7937243325981285,0.8422779143825323,1.048770303217234,2.1046157097190368,1.0293138265527544,1.3898073111005937,1.5313709228553987,3.342320607218061,2.2650206259493433,2.0568587223092027,1.9053115656554902,1.8385677410924204,2.4367933524764807,1.12876635983339,1.4277124761841475,2.0247996371711188,1.7555824529430792,1.291767854210842,0.7394161674722004,0.9455093544237272,1.0931852000751228,1.2952496402139155,2.182860523275061,1.2356541646273405,1.0454130385709726,2.517492494850504,3.650128199441079,1.5044393438570902,1.1742384892997766,3.9884123652463437,3.494594829395883,1.172326112385205,2.068592533501314,0.9138581976489885,1.2201519427120988,0.6367069058078596,1.4618421142993276,0.6721599312171285,0.7553624962337018,1.1642596666465441,1.25764220136708,0.7391683492429916,0.9112095069437299,1.168796935682897,1.3880156149203178,1.1644465439348954,0.6085977963269009,1.5252575171125518,0.899005540608638,1.5818200547970929,1.3782460202783011,4.555576033650161,1.053856797619732,0.6604328287973148,1.393103653498807,3.2306078918652528,0.5768702370557754,0.5415924966958426,2.4831379944577914,1.990025868791257,1.5181629766079066,1.7833993059157542,1.729414715112441,1.369489941627712,1.83101321519927,1.3604292941507297,1.2032479493504644,1.4295517845526917,1.3390112370040288,0.5487868007112985,0.9434269193880521,0.400520015380704,0.8210950302206983,0.8134005125713079,0.3351517098732106,1.6389650529557114,0.6123331681682082,1.2219071786178157,1.9165247952976128,1.219130643383078,0.7980204248390315,0.6352184483705604,2.736430891619918,0.8744170577547408,1.8660024868220366,1.4777800792890652,1.322767513542468,1.80480332088709,0.3998495299188787,0.5837697422180705,0.604984796932133,0.7413699103750447,1.8757704504271389,1.7457719063208965,1.9183852619233954,1.8028846639003857,1.079234214134365,1.8112062292147846,1.4383174218401074,1.7722922476687044,1.318004125780006,1.1719538651093804,0.751839076216719,1.6903239052576888,4.596234372777319,1.138525756723104,1.837817760553302,4.208546701071356,2.045359088586116,2.5052214129221015,2.0314878598149138,0.7463310653898424,1.2090093104338628,2.5977974299220117,1.617242059936884,1.0166285968537663,0.5672538799189111,1.5820210206419107,2.647199182094911,0.8163602908170289,0.7280165294888322,1.6235196332297301,1.340831682354993,1.6999748113296902,0.4467652817354919,0.6062401806182316,0.9154274233036022,0.9917769734421014,0.0,0.856441631764013,2.5032768599648354,1.96393101176285,1.2356486897144277,2.569760100799217,0.730742208133145,1.6633506321720493,0.5542669928722023,0.5965282323197102,1.3653880269852408,0.44551265616779645,1.795848411551226,1.2409911363316195,1.2906474650176671,0.5201850490394263,0.6374420912436001,0.6759908680013365,0.9403697523131187,1.1205540837982342,0.45925137386323744
SP:77,0.8447635428967801,0.7982510862420544,1.4483177753471213,0.7865020385892001,0.4881593396012493,0.9134792638846583,0.8565244734199686,1.8751196173774805,1.4200082357609356,1.2419629229155331,0.878836793936359,1.5842879898716553,1.9848588066383397,0.6415314371773992,0.6591673789120363,0.5943700749464442,1.083230235218628,0.8562095477988664,0.7879185020482852,0.8581672604301912,0.7291918303236313,0.5523019936266802,0.7779175873299226,0.6520139757217884,0.695011955807135,0.6859868339284685,0.7905874394620545,1.4429495992431092,0.8149346004730353,1.237148953695825,1.0805729783166833,2.753026683612772,1.8482820875281687,1.8772512777402386,1.5988847395344898,1.6783355780494666,2.3541828633704283,0.7595169875355182,1.0493734545973874,1.7117403770313644,1.2628968712227888,1.0425663522460946,0.7689780907794121,0.7954952928024979,1.052872203073949,1.2466774401849232,2.0819408734110385,1.137537087132073,1.0260248153347704,2.279740936252624,3.5134333775544158,1.5692618273431282,1.352446253925321,3.9482783272392963,3.498387463632976,1.2534100910786339,1.9172787076672113,0.9768825566728934,0.9624482857253215,0.644550865655483,1.3677311100336909,0.9993452078888849,0.9588891574182478,1.336001517684335,1.2988148854157597,0.9888861567568832,1.0207319194460587,1.1323382363906336,1.0560381580035472,1.3402836586256066,0.785586334711798,1.4670688836191579,1.007008729579713,1.6470105815730092,1.362252579375854,4.335034544884709,0.8370916787792925,0.61966519266377,1.1539719656532668,3.135435789367812,0.8615221148988707,0.7813172668392243,2.0343942183389534,1.4205013206087407,1.1458884541893963,1.3753393943368892,1.3094931397593355,1.3323848082250933,1.5266487036338654,1.2825186235298784,0.7792162152074188,0.8063077524281823,1.0697192104198137,0.8840248789045895,1.310442384033712,0.7501091418836509,0.6457475739831641,0.6026537258181148,0.748063873346834,1.6607179696605403,0.9191079579345782,1.4115374875912698,1.2900270548456179,1.1574023171377392,1.1236202184636073,0.6768748434490158,2.6851906032124937,1.1307632044980522,1.128325923069248,1.595147369136846,0.9114647455245718,1.147595473798632,1.0267544556091577,0.6568810164457664,0.5602821128308382,0.949765376979872,1.800002995619658,1.563733983687709,1.8085722979255894,1.8106861794609062,1.5009922243170046,1.0702366934582157,1.437079242584795,1.713998805617374,0.8593112941797404,0.5993128969035167,0.6516174240980598,1.4647109933708413,4.598936221067193,0.7713784956257337,1.5764856451597977,4.139879488353868,1.6538014000590526,2.337395506246419,2.0468991392072295,0.5797513661457285,0.5749322902613594,2.4906630520715867,0.9573278093605687,1.0506658121577443,0.8046136903964374,1.5907172574938673,2.085698536669115,0.9564701130702843,0.9221820862740223,1.0698674577313838,0.8215883904434078,1.1361561404181926,0.7170628129795432,0.8162751724330982,0.9245990653650794,1.1976458145160886,0.856441631764013,0.0,1.9461641876698916,1.8276572574817427,0.5616752071564729,2.4416398580506464,0.6003522054424899,1.530342921009647,1.134320312722253,0.4369492221850203,1.051701508407531,0.9498041062635793,1.4538473282317228,1.20742991844102,0.6164242595279643,0.7567082943718149,0.9660674106244606,0.6653427110862992,0.8977152116667834,1.2312482265474893,1.0120625198761497
SP:78,2.1638669684081875,2.4041632498901593,1.7908036230949977,2.059882682986116,2.0284559536924243,1.76305815675129,1.5932327847190713,1.4186069892532247,2.9753706359790266,2.693376229183662,2.317494512066345,2.710066029505779,2.736731826543266,2.1892749448863182,2.361617405546126,1.9879714427720834,2.7011753716506557,2.4710024414313505,2.3806107526494467,2.480692941350685,1.756772738299963,1.835960943046164,2.2281999016401146,1.568363241263016,2.2112611980502104,1.9931739855488768,2.015512196876108,0.9924711827808587,2.1056265705665935,2.300093720747936,1.628826585768809,1.5195685264046908,1.1656941635072597,1.5720215213319815,1.8376018228502433,2.4660317999695605,2.1551151428353634,2.1389744228937326,2.090017638418365,2.639727181586927,2.0174785137932965,2.1564629769163988,2.222167321431099,2.201440831143979,2.2489275694863506,2.4670086233078137,2.973012469375846,2.284794098871084,2.443959612048951,2.6343980394395965,3.8392615030376342,2.7551842308077656,2.889299160258377,4.428697456443381,4.101283586784438,2.6513113564852633,2.6245822759016515,2.286720849328704,1.7332240979728069,2.1263515457856417,2.499181265850825,2.65310193141035,2.543666119453566,2.7798549339904906,2.6546954532267435,2.6104676723439066,2.598388409027783,2.4618834845016315,2.019014604416323,2.674437346663534,2.4754945276888067,2.768236642141284,2.4305782650529486,2.978533949715409,2.6257490733809696,4.4472643497935085,1.8483146860981914,2.166246551667782,2.3189021632337927,3.6930552495145315,2.3193291784690655,2.2173384669811074,1.4148560647237205,1.0292017817655896,1.6833033644878916,1.335882282731245,1.5043996193348543,2.6087138187345937,2.0540071340930797,2.4357173296390986,1.8097001539452018,1.8556828273282038,2.047619212478921,2.4944564195932317,2.5522809133446813,2.3711968682323588,2.1629037404892157,1.9867840352491934,2.436714356429748,2.703552635837944,2.4881940701765037,2.8391368303422597,1.2192009868416318,2.4348599254580243,2.5124200933228495,2.187739605368835,3.475190048011136,2.6342430074789966,1.3717090601608044,2.730901267277859,1.9466355686294248,1.174625328568303,2.6989319659170996,2.169951538089601,2.2031265394617727,2.4100553255718933,2.42366958300657,2.311905609764423,2.746321959012951,2.8926883136635206,3.142722188738903,1.4090421708172043,2.5640409394739065,2.6820036289949623,1.7148550864052323,1.8289938137979487,2.030697726889512,2.614920132190795,5.4377511421174125,1.8014617387269316,2.1720065381512947,4.72682777885404,1.8170043594587828,3.1328646276173897,3.166192830770356,2.1526654968349126,1.9696881043205632,3.109428546622317,1.226017098099017,2.262575270531297,2.344817880389069,2.670055157894782,0.8099476014753464,2.404293243579781,2.4510002647537084,1.2533037354043488,1.5646084859922451,1.6453182713869474,2.3149127126595253,2.2627335863222093,2.448763542995717,2.5087995742757503,2.5032768599648354,1.9461641876698916,0.0,2.6500923716120153,1.472660105718843,3.157743675335907,2.3193451588006337,2.2079646565087696,2.7817444613379383,2.1457910535974407,2.0165106873707397,2.508837620333581,1.7403609132789237,1.9965287264081122,1.7863107862950647,2.4763521296961812,2.5361828055778024,2.0939591800690134,2.345997698293991,2.429127334596784,2.744875998785139
SP:79,1.8993648234170921,1.6825642171658923,1.9759024609653195,1.4164736732017702,1.7797922036841538,2.3378353756623995,1.97266872667012,3.001152709095368,1.7264842144685832,1.4568084390909186,1.3682713341993884,1.0664435535124963,1.097912221061457,1.905565504726779,1.659318850025017,1.7151168947235966,1.3510905818469712,1.429005686941057,1.6787123687380165,1.734662958202406,1.8532413701665487,1.972706862117711,1.4078807912922844,2.01967026107552,1.3314427440825582,1.6517336247436154,1.4558694637330294,2.1536020443631427,1.3252481839221628,1.2581752530528323,1.424236309340279,3.4226013611005075,2.360236019689503,2.5277116455439432,1.7228066069850807,1.8682143171358323,2.269653095794978,1.7052588105994733,1.6848939184222387,1.3410205154772563,1.8511036961685765,1.4039882046924144,1.7175315105700737,1.2851892881308413,1.3835886868770562,1.05570095044906,1.0636927167375643,1.4814136886720326,1.3152635709758156,1.1193311103780972,1.9551826277697013,1.020049085289867,1.3322285936832041,2.5142396822732223,1.9872456627613402,1.122379335759257,0.9222725223156353,1.3426342226909727,1.398627670338439,1.74272908560854,0.9634410026960851,1.5874374697878668,1.496806144458531,1.1312321040347346,1.1106944237538443,1.478299640016636,1.4372539716415775,1.505955223690595,1.2851966127448413,1.0620184260960057,1.5153911080845768,1.1620573570730914,1.459400773820452,1.162774725144667,1.2125770492126944,2.7955007838574475,2.1398801845719206,1.7388148955687057,1.2265552751001334,1.6943322902598492,1.7902372144101237,1.6537375874507025,1.7715100374164667,2.509530425575019,1.4592815504415402,1.7572037141836285,1.9388457794074903,1.3290642668263293,1.1559400201362624,1.1623934923101595,1.5028801902214886,1.427093534915098,0.9692502616203481,1.778841032371055,1.4473212572686556,1.8137586401509809,1.5635694323250453,1.5320965830544535,1.8916138200828672,0.7226982533281313,1.4504123504065676,1.3718176824953932,2.0293027378286377,1.0800399690893658,1.4025607598416807,1.5203206300430374,1.3908555430146012,1.3390264784971426,1.814916911250813,1.0816008617210444,1.47254646203288,1.995311116702159,1.8504711970417438,1.5903598555982588,1.6201359947269631,1.48557300321306,1.5263973776091915,1.3745008629666498,1.0263540866002845,1.2059139482889727,1.7422805133704955,2.0502452997748004,1.0882040575198926,0.9705703301816969,1.244197599895392,1.921486654320181,1.5443149396445577,1.112023770546693,3.1238839021544784,1.457796471810324,1.2203718562303332,2.5751855573738816,1.9144905034720905,1.2014479013415285,1.2465274907005268,1.5769124227286109,2.0240787836378824,1.2653904052407257,1.7588451514956884,1.2621589096765258,1.8236319212490348,1.1392079131033215,3.0713737580725264,1.6234296769960033,1.573813962860474,2.217234372443353,1.4795041251625471,1.2116343897414652,1.7250661979451671,1.495930664331381,1.332299945714144,1.3876181460256334,1.96393101176285,1.8276572574817427,2.6500923716120153,0.0,1.774394185378596,1.2104207961362758,1.4735876568808843,1.6312199480896223,1.8226044740853666,1.6488443451410426,1.2980032844060838,1.8169193193781805,1.3325224068229882,1.4315556029956165,1.9597756671572444,1.6310107921843753,1.8078270003528956,1.5026919393047302,1.424868143917987,1.3501595598430964,1.8738398414581579
SP:80,1.066711804855772,1.104243431287884,1.2901511532669203,0.8330021237979982,0.6679512671152211,0.8743281169975575,0.6659717405357737,1.6429813326395617,1.7137228717368842,1.4804895054250393,1.085701590930032,1.6636834630294295,1.9260548863474627,0.9515290638180055,1.0068730768792946,0.8080838056420526,1.374016065902204,1.1609357423727482,1.0832412086610885,1.1834265916845101,0.7309841980404285,0.6912243922162993,0.9590512285397117,0.5105894135598429,0.9214862096916847,0.8483468265784021,0.8411423841839584,1.0394237131366197,0.9176223823930153,1.2405635985540258,0.8096085426408626,2.4237259531597894,1.4981290614844873,1.6480467388631113,1.4094462970337984,1.7003182334203584,2.114826568370039,0.963747217669582,1.1602412175229375,1.7503483988416315,1.2244462085681043,1.0983638270461207,1.0558462705278373,0.976605856716128,1.164086536784516,1.3517568009786414,2.075136289511727,1.2126941126883979,1.2189229562813937,2.126901491018541,3.3717630244713845,1.6758508865822161,1.6401916316086547,3.9100332285550983,3.4456290924325144,1.4278043638890092,1.8461068247213255,1.1004221296882875,0.833228117728069,0.8696970867768989,1.4111553280119042,1.3346846989624548,1.236725843776282,1.5573836011293263,1.4319488272687182,1.3049624256524164,1.3100206532638985,1.3215674930661439,1.0722153052719372,1.5211289505888195,1.144901064406149,1.6128753571853747,1.244944904764484,1.8034375672182787,1.5063945068792826,4.173229058868661,0.8932515121843148,0.8863461005584596,1.240264797562469,3.079076760103951,1.0978183723193575,0.9979656725144285,1.6132010172052493,1.0555007916836072,0.8717508865651892,0.9958675638088285,1.0291400590449624,1.4867639150975016,1.3484718855396636,1.3672335758653162,0.7086960415197662,0.792571632526307,1.0201442942785848,1.24931914388424,1.443977653125096,1.1149909878455544,0.8726918490357206,0.74985801375468,1.1495757554598074,1.7102436616396821,1.2128781778531925,1.6644230237712145,0.9263328242986228,1.2772271221637248,1.2983803322776306,0.9311795758270428,2.701196266932006,1.3853202819735941,0.833152868567413,1.7198437603472843,0.8681667559845613,0.7978757625794622,1.4040614744971367,0.9014689862026478,0.8897782983799006,1.1819767940637353,1.7351746033550373,1.5301748210305053,1.8492877153804357,1.9219092176872834,1.8451509270712452,0.791778902557267,1.5351609696616315,1.7467697941671365,0.6262567491199935,0.6717948766776751,0.8249221884199314,1.5832288575777838,4.667783227397036,0.6215881066229862,1.468083110371644,4.117255188645845,1.4210434967256953,2.3119059655014462,2.182748610268312,0.8128865734714549,0.8143450879066763,2.439601946397721,0.5200478245998508,1.1738971909241545,1.094555815722193,1.6872006308457579,1.7294748308439982,1.233491450568402,1.223352390930032,0.8095350260642277,0.5061952159785958,0.8749663766268067,1.0290750888949773,1.0202877866821303,1.1487882654546144,1.4098455455976768,1.2356486897144277,0.5616752071564729,1.472660105718843,1.774394185378596,0.0,2.413172233842473,0.9380732244811413,1.5127873950283708,1.4885133059775297,0.7673038666300013,1.0121150399417207,1.2860163883106495,1.1856088614985874,1.134273889076173,0.6457697279799998,1.120025592170511,1.2463510655861014,0.8127513730909918,1.135843160464382,1.3520478125931785,1.4339975694959561
SP:81,2.3288713647305594,2.1649856975631647,2.0468246837492114,1.8920484381531548,2.470943468990058,2.8228654175494508,2.511779339378232,3.409528804876366,2.2810288423833387,2.0479984805537663,2.1322419572376123,1.5505886049989628,1.1144381097929534,2.5392135063700745,2.32878510465109,2.3944308845526243,1.9163604615185725,2.022173474703062,2.3531145130074655,2.3561130258562653,2.5639568698659008,2.652578696183016,2.061108694153161,2.705520042606924,1.968399323503192,2.357216831975315,2.084764818445929,2.7070972176903556,1.9143702419258208,1.620323794044866,2.1232807540110143,3.7706621734140677,2.6250118187843885,3.100993264775465,1.8131098024549912,1.7810513952751368,2.8679804454522975,2.083749686821987,1.8923627637012799,1.171665278353619,2.101721000871529,1.736571402516863,2.143305625376578,1.8735739654461336,2.067829452088038,1.4290919160695208,1.3826330315230941,2.1728126235534253,1.9039403564173185,1.2413533833227903,1.3360563709160245,1.3346318904627652,1.809448823351244,1.8447765102494893,1.3265106440519747,1.7391239343674783,1.534153629117993,1.973495134456398,2.130148427416847,2.42305273387859,1.5728826569472136,2.253336510572797,2.132054167773354,1.7372659006353397,1.6759361952614158,1.992681546383216,2.0535947342405114,2.044237564729039,1.861110183183098,1.7103963813936682,2.1313774784114057,1.5755695773618679,2.1125461872110476,1.4652595367411743,1.6720356932380325,2.182004608020991,2.5972594175938712,2.4825162895120707,1.652174135399959,1.005773311223113,2.5800444525492163,2.295249051225406,2.1174225071812742,2.874920149020661,2.1997001825942277,2.406188724338113,2.7215496032532878,1.4103735427269872,1.639292530835484,1.3224422502227737,2.153221997241252,1.9782312750848958,1.574002693432927,2.242926251996265,1.91088627486836,2.351120538111272,2.3479344504407074,2.1929908593014806,2.4685709760628494,1.187182867221112,2.0338501208178172,1.6103531984617934,2.3193578791873164,1.5012945744814192,1.9826536440200027,2.170327796941756,0.5627631785230673,1.7777987689849435,2.20697140285754,1.239115340413623,2.182211154961491,2.4621986293814317,2.4606235669000083,2.233293922476319,2.2068602194627402,2.147769436509398,2.0138295621795224,1.691708125478401,0.793086561728405,1.049236654605481,2.3290525271857354,2.4070451579063747,1.2972457413044656,1.125290051737111,2.041550264269567,2.3413990752676157,2.234883315251734,1.3048384399673516,2.4536814781150516,2.1200444391622213,1.4563940270156341,1.7411192589074351,2.560807135965555,0.9657306718609349,1.1644428261646025,2.3259786340827406,2.4485346130933574,0.47895307039378643,2.3564058471310645,1.7326736449587596,2.5853626499793463,1.3606207666101442,3.5180038586681257,2.0823331854448472,2.072611886198734,2.6817241625316375,2.0272084411571347,1.92726460766621,2.462364753501005,2.205867207728797,2.1564619163796825,1.7619706241150304,2.569760100799217,2.4416398580506464,3.157743675335907,1.2104207961362758,2.413172233842473,0.0,2.1507009721236057,1.5890782303956656,2.471339794471156,2.341756386425982,2.022194920860415,2.4212383498218926,1.7905809763889868,2.190574511966018,2.440616243064072,2.3453355482699254,2.5893928377301383,2.204654120179229,1.8509452830333208,1.8158668825314055,2.400553573944017
SP:82,0.9593676691881421,0.6452841993085882,1.6392510767753008,0.7214710308924299,0.6439729335462439,1.2799316854705636,1.1005964857180552,2.335413428331717,1.1542864430899775,0.9745186516799499,0.5516086609183168,1.2797490862077487,1.7724630862489985,0.6905564463760728,0.4295455656237082,0.6877478414797515,0.6454399368542274,0.5583709637628669,0.6165392544632387,0.7395858556365204,0.921515434608523,0.8263428671121623,0.6211669369496972,1.0130739839214864,0.4974187762678335,0.6911801784863435,0.6893717241053353,1.7942342135968141,0.7259429815668667,1.0970035569226417,1.2100619838659448,3.160128479721301,2.127622864276656,2.056030007034052,1.6705724553384453,1.6516590377285245,2.3390008178454003,0.801487073301969,1.1222370072102705,1.5321483366099118,1.4135982708959225,0.9425210507614745,0.7105619711251835,0.5073262987835871,0.8606600526304979,0.9073573063871709,1.84398551708468,0.976096191590634,0.6572539340357255,2.132837862018825,3.2406829978980944,1.214872645847874,0.9419240060539807,3.6766454435423053,3.1731385172743374,0.8630781756072056,1.6968180150175325,0.7730444885090311,0.9925714921646075,0.6807526629641903,1.1090521631129646,0.5577342517051771,0.614629811487641,0.9148413207957466,0.9260120704005224,0.5988601623310056,0.6134894710613861,0.8855491108155108,0.946662796565989,0.9346002714765322,0.3864549219778919,1.1518041942233888,0.7136625548333229,1.2637275325464248,1.0855607064954294,4.095139516223031,1.1127671751627128,0.6484527981596626,1.0105601893858607,2.85936644610036,0.7190611580655498,0.6132643496501816,2.1587462929244,1.8739289522583993,1.1925962401689392,1.549871365175821,1.4848633397672668,1.0572475531737704,1.4322150824353916,1.0075223063667667,0.9274807061483468,0.872033804287349,0.8808307127419741,0.7346592679649983,0.9926667197230143,0.6214086557625625,0.5436737495401172,0.6197926514545982,0.6065295758115912,1.25509520339733,0.5543601566346583,1.0258321140405684,1.6279058099612667,0.8572413262696538,0.8464367531193173,0.4724236716364889,2.350327881310459,0.7270370055462575,1.4266996152659952,1.2445573089894502,0.9995890798321205,1.4876609489156716,0.739631736093905,0.4749591341683122,0.43473858334930104,0.7177514316723667,1.7413105293200741,1.538059965932045,1.5438525370012142,1.4849920202506168,1.0873128274043506,1.4559181957267469,1.1178376760739888,1.4301345705437716,0.8904580885722062,0.9701988298991285,0.6237118236302599,1.1996594174599307,4.211618930625831,0.8985895577482237,1.4834472219181878,3.793018612416604,1.7726526089551893,2.054136980153291,1.6868125774583718,0.3932153958232621,0.9986815415528527,2.2333328110948414,1.2382007698925326,0.8122469672436514,0.6350413279657882,1.3451574831287432,2.5240884012412326,0.8276854602128569,0.7419871708283798,1.5011133822168052,0.9615219435337856,1.1365021088769134,0.5852828282407995,0.5856662358791865,0.5044237894201453,0.9286488542690838,0.730742208133145,0.6003522054424899,2.3193451588006337,1.4735876568808843,0.9380732244811413,2.1507009721236057,0.0,1.523266377553026,0.7870073854815797,0.37917430318667766,1.0013759384196588,0.7631616795675339,1.5271517936564407,1.1779696553750636,1.015132597308436,0.45325099492097776,0.7277319309548762,0.5695491717488709,0.7073220784634089,1.0553239075919976,0.7418494307513874
SP:83,1.3627608207910187,1.2905765127627087,1.1514991673722605,1.1766093859712274,1.5986539209041213,1.7137564416102622,1.4806973089186002,2.2612133058325425,1.81079141785342,1.5319718292950892,1.4746085273907155,1.3987445199055744,1.5074962963799634,1.5860941322431688,1.5767410130388997,1.412145624099979,1.4931088402065305,1.38593889163955,1.6044482428830096,1.6065865254511664,1.560735408855875,1.6130401343844114,1.3579664838605081,1.647820770863475,1.2701183361374622,1.4964082168125283,1.3551237712141149,1.7859967033482886,1.2318268621738884,1.1147900608618917,1.4160496726872884,2.774944096021139,1.6169443849820322,2.016285191119959,0.8427858449124466,1.092259167427456,2.2774991148421218,1.2072597839379715,0.9431786673599176,1.2920701395050358,1.22495245791568,1.026749259515335,1.2069709381569902,1.2588678531710673,1.4674883509298693,1.1946423906661443,1.858505333872143,1.63557716698792,1.4456472887409209,1.635832878154882,2.7011905699283782,1.3030164084181202,1.5973990605652706,2.9948132529951716,2.6466479996224144,1.4599813127896493,1.6740748192665798,1.3348971934697123,1.3779364202529858,1.542545081480604,1.4495823440773148,1.6835675596033368,1.5585304168360556,1.5380063910995823,1.4914654241950678,1.4350790515576832,1.612874972068733,1.508381227103316,1.2647193437197086,1.3903091526920661,1.5039245771383367,1.451213872459919,1.5088612735153062,1.522825995504906,1.3720424775311089,3.3519621144252505,1.4618591135517596,1.6771725697847175,1.1809048229802759,2.2068830838311735,1.8224724196306779,1.4231902138551267,1.6646241134409894,1.7377588380241833,1.6596993227874204,1.706890139426558,2.072310032746775,1.0212975930536767,1.3221529307805944,0.9098691206610854,1.3795364559176966,1.3437163076832512,1.0723270455402765,1.2779406231009267,1.2729050814542153,1.3916036146805046,1.6499325408315186,1.331882303634529,1.5643571776049758,1.269498930356284,1.3307744325294826,1.159842533049368,1.3262988530769082,1.0892177410672068,1.331676286840389,1.3205532313105415,1.8087205298758107,1.2070687288846158,1.4273506332329478,1.0130909100410268,1.527330540682252,1.5127353923997289,1.696452131151102,1.4035643281941244,1.339394789354714,1.4249099276702377,1.5763885858328415,1.1071874041055492,1.013665175444564,1.1097173483535439,1.9148085207059473,1.5221962532799898,0.9438417574742122,1.136479598720852,1.4682785085376013,1.300744539654503,1.352817518788396,1.2052062708453073,3.813425633138255,1.3596037111629706,1.0707760000218116,3.2209272587178153,1.989217570661378,1.741758351013308,1.4556519022706083,1.6471010038587344,1.437224650503205,1.519385563655064,1.5420157140838124,0.9452122761820596,1.817405839856598,1.017543734463904,2.430031636371086,1.127087632291022,1.1916013028777759,1.6025966093254305,1.260868317819897,1.490142389636637,1.6722119985473258,1.4516196287716057,1.6792567807772416,0.9958184930674921,1.6633506321720493,1.530342921009647,2.2079646565087696,1.6312199480896223,1.5127873950283708,1.5890782303956656,1.523266377553026,0.0,1.813643785059696,1.5454843391715232,1.5170934243950511,1.537692699630779,1.1853264067205433,1.4521597858930295,1.4664027975566531,1.656646268077356,1.9317685528774482,1.4284072574753075,1.0092963075145023,1.1029096857645435,1.6100532687324611
SP:84,1.31930350149289,0.768297784657593,2.147529723241056,1.2921340403994712,1.0566034141921583,1.6351277861740803,1.5376207718400077,2.784595786336483,1.0360888058125013,0.9762661047203611,0.7495860441715008,1.4658996999827971,2.2319954401273887,0.8672371984708002,0.6106990398938918,0.9662276517809201,0.7434824122390228,0.7293529024081286,0.7326981972359257,0.8104899584026692,1.2153344061987739,1.1396463415578821,0.9261887876343018,1.4164366976591574,0.8905177887436255,1.036580334052043,1.1621379155426987,2.3551435281814426,1.1357927189767736,1.456639128078926,1.7091899751959185,3.605334883560594,2.5412816047817612,2.3018026903289948,2.0656988631363653,1.9189824946096221,2.5031583205607455,1.2756412049877894,1.6009677900752324,1.9738554993995863,1.9135820498342335,1.3682893264711784,0.952620505598774,0.966064296902471,1.0938610017981962,1.2259764661254362,2.085244288519841,1.2020645299177612,0.944954829634305,2.4876532553782007,3.535724963611394,1.371678083269801,0.9825459968565503,3.836352711075822,3.3491894087832366,0.9946213635378475,2.062238544622249,1.0137892000110487,1.4007726055922731,0.9504430941628376,1.4075921683276154,0.5003976694811294,0.7290805559846311,0.9832059840186457,1.0992492002222511,0.6915724756106317,0.8149935404135357,1.1293389653533856,1.4562762112620244,1.0038488849999834,0.5878867289733157,1.3435869161153329,0.853537738208493,1.3713685480696494,1.2591285649243835,4.4483622988863845,1.4219672315705867,0.8933466263662948,1.3637699406650883,3.1126827450083208,0.6732599863164592,0.6598420493507976,2.574612835240927,2.342364032979674,1.6559559304786984,1.9547594567652726,1.9038537997988247,1.3803476956913938,1.845791761361561,1.3743063618833402,1.4204271186014796,1.546967950003332,1.3929334916077183,0.7879234489259594,0.8891232964874081,0.7253575591022677,0.8884359910514016,1.0073792548858655,0.6576150672384228,1.5455114463472337,0.6760395981527957,1.094919646069134,2.1732329577592795,1.2017319888216822,0.7351376462942075,0.8495039783697121,2.5804455451223536,0.8035420255236441,2.0611019516978866,1.376686374593727,1.4737943720882953,2.0366047687902653,0.2595160576133998,0.6735859659191292,0.8151578513134188,0.7695935324581425,1.9374616550524526,1.8306617427408327,1.884656092434159,1.742289788127511,0.7021333737423421,2.0671191529927686,1.4561875667495652,1.654851049856693,1.4318325254062465,1.4886092947274556,0.9670015763599482,1.7245960966034233,4.2946648842976405,1.3330702866692234,1.821094106411345,3.970789598347022,2.1823382877348827,2.4304575323919133,1.9714931681613947,0.8339562803166357,1.538448687254674,2.5128112783500614,1.8155677206779597,1.1203296105676193,0.646400012412226,1.5837141397664054,2.9855972114905067,0.9753979649705156,0.8787620815363785,1.9559183402823692,1.5302445133109235,1.7509004050508976,0.6576077534075668,0.6734914634100021,0.7496406148301034,0.9738763342148283,0.5542669928722023,1.134320312722253,2.7817444613379383,1.8226044740853666,1.4885133059775297,2.471339794471156,0.7870073854815797,1.813643785059696,0.0,0.8041328028746605,1.4351246696071078,0.4309889927503503,1.8982736703417455,1.3641292387885726,1.5543141609716555,0.468553929611066,0.6452772210995329,0.8412062747272055,1.0419444699262872,1.1987415773684251,0.4546363362798339
SP:85,0.9316629024690316,0.6043019773227378,1.6453684178063692,0.817497295683319,0.3934208990383721,1.087960660127083,0.9230027586210078,2.1528046082092316,1.1845108363746746,1.0422130285146536,0.6142859337458697,1.4158587801022149,1.9440848890878075,0.48462327842884595,0.33053051046537263,0.5207105321311859,0.7942249677276367,0.5822331550047112,0.4663446183644729,0.5875951176652584,0.6854482816513977,0.5631973002740249,0.5558563038343518,0.7646657474931403,0.5114172937055891,0.6212679948209829,0.7701354272940311,1.6850523409564595,0.7484478304656113,1.1383280505033244,1.1107153634862577,3.0316158242273543,2.004879820062771,1.9362408990975415,1.6867183628996885,1.7604744379935724,2.2896297635315674,0.8658343569219865,1.2199937336366096,1.733357340295644,1.441836356069675,1.0670109097289573,0.7245754899483071,0.6479236167980988,0.9002028782810464,1.1030811705503432,1.9240692792589835,1.0330611383138788,0.8594266380905178,2.218576035861903,3.3864594461413655,1.3724982939501755,1.1250017139066955,3.8301737501782993,3.320146433545731,0.9971825344371312,1.7615566029512115,0.739497330380114,0.9120556272594269,0.47272580602475905,1.1748888848446788,0.6618641520458782,0.6537879101877813,1.0603961984564303,1.0226429156302355,0.7126649733786374,0.8018357182096859,1.0244830236885862,1.0895487620864577,1.0688166102206855,0.5255456705765997,1.2869231924082056,0.8244421832096807,1.4368793840996608,1.188830590010691,4.2564495886671025,0.9606812624371397,0.4274792933639654,1.0822636904323049,3.025472490995024,0.5905514526231787,0.5600657705048463,2.108582173869816,1.6830855854280968,1.1410983618984314,1.403572996818247,1.3162629991483947,1.2333275051658794,1.499914869491695,1.1802540568856472,0.8233619422669964,0.9874952304115666,0.9956153875704359,0.7014423817171963,1.0284634891259858,0.5692575177586267,0.4945678790485027,0.5100898798625388,0.5465761396127792,1.4575103204213387,0.6026882941701098,1.2295490757569432,1.5359383793641102,0.999474977606419,0.8187808566187138,0.4712361781095862,2.553543881979672,0.8856742500253618,1.4028825935069513,1.4029345749333335,0.953117676498844,1.3969436889860816,0.7197220056003656,0.4493407026752469,0.4357565154710755,0.7158965178886715,1.7092791952729307,1.5345960676090526,1.7256002494118334,1.674578219405192,1.2076373407121452,1.3646087334683659,1.2868297578576622,1.6000193601721548,0.8399499075974576,0.8417418788378909,0.5558565474397126,1.42111513633327,4.443974633454995,0.7167119882556907,1.540372400749969,3.997568244055748,1.6711275700671921,2.249301884411808,1.9115395111940472,0.3958619102440599,0.8815442527844336,2.3893957609679926,1.133367198490714,0.9016970660325639,0.5763282227769311,1.4623811897346235,2.3596928446936913,0.8247553439951122,0.7589004256340216,1.3250663725295397,0.9204229283051882,1.2072994642332346,0.423967091775934,0.5484893850992835,0.671490138777951,0.996234163048059,0.5965282323197102,0.4369492221850203,2.1457910535974407,1.6488443451410426,0.7673038666300013,2.341756386425982,0.37917430318667766,1.5454843391715232,0.8041328028746605,0.0,0.9733691429747413,0.7010113644865715,1.4558992558323205,1.0681003446609867,0.9033779804778275,0.4268265120008918,0.6682110044956832,0.42490543469048897,0.7792201627246652,1.0370704872880432,0.7622495783454485
SP:86,1.278143932037699,1.059182804457765,1.6052379135746375,0.9913346128208957,1.0814004411621014,1.6123018507014544,1.3171603090762427,2.3259100521328824,1.3462631595720507,1.109485321980769,0.901964096652862,1.252181560778353,1.4548357340715856,1.119243876289712,0.9996869718113295,0.8934752243052742,1.029871980547844,0.912076799658279,0.9900640565456602,1.0799535302916365,0.9355136156791722,1.114016141184391,0.8184731434083192,1.1600773507435815,0.8056596418290793,0.9944904373944777,1.0614760395245695,1.5890043123765256,0.9600572350766208,1.0111023940825774,0.8442081853134722,2.913282683005979,2.0112580452643427,1.8257603449942161,1.682510035329173,1.7752842241898916,2.113256587614423,1.3145548367498214,1.2680498945623446,1.5683814843597812,1.5949832149280725,1.2543632723588842,1.1745925250336282,0.7604434064043777,0.8251043536261501,1.0485607465408107,1.7280713593720483,1.0476283242315163,1.088924440514125,1.6534446401005969,2.8932487218362275,1.1124776514910617,1.2546657734755393,3.3839239689094853,2.8672049711911987,0.9089907127458674,1.304893604350128,0.7691098759082663,0.7159790825996984,0.8864943865683474,0.9623057136499537,1.1333349501639256,1.0533872889837441,1.0313233709546776,0.9853830633702818,1.0630914771601117,1.1742207672821163,1.2413846314977641,0.8093631089099375,0.9927808458619712,1.060976847502015,1.2618282596527859,0.9938786300881777,1.317872811477818,1.0367840379824884,3.5940995171615144,1.3884339058373936,0.8636300898780856,1.041535516569326,2.5113381047315864,1.112440806010548,1.1139590549748766,1.6409726431846419,1.8436640846465506,0.8332301006987145,0.8768678997430811,1.121762191141741,1.4450880146666736,1.1184009761418194,1.256501557629315,0.5618170885198823,0.9798012282730592,0.7596921982653905,1.3524403669979805,1.409217225751433,1.2928515137001122,0.7424181095148726,0.7362060918743502,1.3616817874124214,1.3514263077742101,1.0657988857292822,1.4762983830599319,1.5530323405574349,0.9757189179191078,1.1518045554347554,1.0515383944186292,2.2564463776470234,1.2874460143623168,1.2487692919994506,1.3706480169338762,0.5139378474439689,1.4207175304520379,1.3511998466656525,1.0277317128476227,1.077710667106007,0.8581401236152942,1.104653482319579,1.014781253936028,1.4553737847769603,1.6905615656357666,1.4544091997328827,1.4876187319155778,1.326444763275528,1.352020514039235,0.8152235137174799,1.1327088338744609,0.8250774528002393,1.2173467337103587,4.003438288145562,0.7119233880917216,1.3488874577821177,3.540022078432382,0.9639251839058982,1.8266480445026314,1.8200847602044081,0.9172680043398804,1.2189136870974715,1.9537161056284775,1.185501919779969,1.0573226512396559,1.1636991836382222,1.1857889132479702,2.3365753876551087,1.0926021710337153,1.0419120974108138,1.4049996860740885,0.9131160994660272,0.998657236947439,1.0377082975440517,0.947425347455839,0.9674190709613979,1.194356675041179,1.3653880269852408,1.051701508407531,2.0165106873707397,1.2980032844060838,1.0121150399417207,2.022194920860415,1.0013759384196588,1.5170934243950511,1.4351246696071078,0.9733691429747413,0.0,1.2766934394040976,0.9434976167820969,0.7167949332830542,1.394979881757897,1.0818049478704463,1.1447124519541794,0.840459197365739,1.086170137648852,1.0355048065025099,1.375919902603383
SP:87,1.1574927112030926,0.6197559095765083,1.924820089658361,1.1639357422352612,0.9550380064990186,1.450040478865834,1.35562130357624,2.5330693022179203,1.021033157835134,0.8614769874945367,0.6243379768170925,1.368101437989413,2.150159685042253,0.717481955342579,0.5464255531431963,0.6778563595338998,0.7928577695516332,0.6795527290325478,0.7097551876356311,0.7770577634122775,0.9679649775216254,0.9180563412634477,0.8390284454404623,1.1911651054280474,0.7669305825054421,0.8125329032077158,1.0143960485335013,2.1020969857378096,0.9880724314096742,1.3661530313363592,1.5286877398982166,3.306584904020005,2.2740921560264784,1.9726636183310438,1.8143262209228168,1.67852154400461,2.2632279278255187,1.1100852174848508,1.3603537047657799,1.8985559628227138,1.730567752691649,1.2192489767836279,0.7354724258796533,0.8237541830092433,0.8907457484962223,1.1583466272011769,2.09410608675688,1.0266922548728807,0.8812280041046605,2.342799583180222,3.5103286883374105,1.3254106648211745,1.0085578203384125,3.798094994596382,3.3470811051267995,0.9788033314463258,2.0089745577514826,0.9251758981116123,1.1902580979225608,0.7592366874618324,1.3970508780294228,0.6301486825794335,0.7995386316955411,1.0338423328666821,1.1684500739280292,0.7193594803491674,0.8408745357868175,1.0198091445101454,1.2334036952112832,0.9541319904122006,0.5471109175768971,1.302117678371886,0.690444441523729,1.3976223558339615,1.1401776972533169,4.357144853708782,1.1981158353908417,0.7330840461894332,1.186418661701977,3.0467750710991988,0.6168063869682463,0.4477345118101962,2.34319322454922,2.0791949653993833,1.531713961594936,1.7339113029564235,1.789402178658815,1.3246260904173792,1.666990861697854,1.2827712849741586,1.218455943478198,1.3652239875570369,1.2542800271296584,0.6114926469903617,0.8319977321355626,0.5473670431132941,0.7695788390600414,0.7666117327159251,0.5747938439864189,1.5249498581402692,0.600000103057776,1.05835006959455,1.918207003424927,1.1055385797441182,0.6707619956762105,0.6772318248588254,2.563557953837143,0.7786927013450797,1.8217944944929683,1.2869736779427807,1.2937939730047192,1.7765437176857817,0.30601835402742694,0.5088273365743109,0.6608945535219319,0.5852093792255456,1.703691360830047,1.5830941275866828,1.7803071973016509,1.6944598733337974,0.8820755189995793,1.8578989198030094,1.3696534697880065,1.5768737215362578,1.3056211173669305,1.2625241107862337,0.7243891979462781,1.6302533736296771,4.3469453086714,1.1604119314323,1.6099593497207232,3.979823459746332,1.9712242696767397,2.4016027294894506,1.9535262709743042,0.7801827235110617,1.3025809620739717,2.413447406367676,1.6034998401294625,0.916754509666293,0.5939395809671982,1.4353965234959196,2.7050227207008186,0.6835138568640414,0.6737406999822285,1.7024785040448966,1.3237963568828066,1.6054830926099735,0.5664929487497528,0.5095803331431589,0.7989139832494162,0.7782602676736288,0.44551265616779645,0.9498041062635793,2.508837620333581,1.8169193193781805,1.2860163883106495,2.4212383498218926,0.7631616795675339,1.537692699630779,0.4309889927503503,0.7010113644865715,1.2766934394040976,0.0,1.6564180361977485,1.127582492671305,1.3685135780214572,0.46807096744139504,0.7235571397181058,0.6737679888286802,0.8608892936919758,0.991472400252739,0.41633848388836897
SP:88,1.5817286082292015,1.4683700531639816,1.3945017783654894,1.250565707408595,1.472489464722567,1.7606567290070354,1.4525342723342816,2.2258550812883207,1.7772381587371273,1.492141945442352,1.3545694601962905,1.3596199152625956,1.475027418005728,1.5953346821964325,1.532057835585965,1.2962957598945481,1.5232861671115272,1.4016099853679116,1.5467535538785357,1.5647358685572166,1.297357856811407,1.493794679015737,1.249229830554177,1.4206756927326056,1.211641403126563,1.3869459027179587,1.324218446059057,1.4535729697054502,1.1794124444733305,1.1195557538442158,0.8262278512162708,2.5841396366074636,1.5967023917302903,1.8071290892739456,1.280559644134829,1.5634777980316805,1.8838888201281256,1.516900613193112,1.3417978794224081,1.5852428239935603,1.5592602500776431,1.3079706005985725,1.4546966960313699,1.2263309623453473,1.2169247466493829,1.2568894024227015,1.6344647550923928,1.364529550860378,1.4581592284632854,1.292028038913747,2.5262995632074783,1.296940948549839,1.6622765437637266,3.068817464127856,2.608873808073406,1.321152714345349,1.3571110362670191,1.18159485786725,0.8984079750869354,1.3720324788088065,1.1841281440978082,1.7064114075872994,1.5611796207936857,1.455668665910883,1.376827698118813,1.553095451622271,1.649360956032541,1.5833857382545111,1.117396341041148,1.3633732753027916,1.5545598724699317,1.44259461655792,1.4365900445172592,1.5744645094570329,1.2873011814563065,3.2141104496302346,1.5736556231536214,1.4180046397650972,1.0920751069172507,2.224508525959228,1.6121872842936475,1.4358328258955457,0.9736238460853357,1.6343441890297452,1.0365646844863081,0.8889004021276165,1.446091477235494,1.5246236191899396,0.9597074270070635,1.3048950835942477,0.9526207055039981,1.2157723535500204,0.9408572878475358,1.664869950784662,1.488744320126353,1.6638639875626764,1.3594706794932514,1.146972654870786,1.7771990689307204,1.4742761215616964,1.4975032269905095,1.689563645941668,1.252557496123075,1.1761676129901657,1.336273922177146,1.4277427168814982,2.105267727193946,1.5423216855227178,1.1835488255102948,1.4217211352443069,0.9953686254395281,1.2875782277559167,1.8244730965398697,1.411578243438066,1.4584984847361653,1.3354151913165146,1.0180057928237716,0.8150360796446213,1.3731508760750222,1.6967175448802185,2.0077769002528343,1.4099600461762418,1.4276080891797542,1.2794061503679788,0.9531824808399579,1.3741692391782283,1.2228864682523393,1.4727541716377164,3.917193120263163,0.8831760776228934,0.9907573502875155,3.2804271820022883,1.2569899074270243,1.8104410839285983,1.9455093663911078,1.4535511677278705,1.5126637603160675,1.6647063376603162,1.1427534441386127,1.2106853193301528,1.6924753029563622,1.2576017807557436,2.18694305023256,1.395740763357919,1.4186579848651841,1.3992397434905228,0.9199845680734112,1.0691551594959638,1.542187691402185,1.3333232007008102,1.525443090744116,1.3802320117706677,1.795848411551226,1.4538473282317228,1.7403609132789237,1.3325224068229882,1.1856088614985874,1.7905809763889868,1.5271517936564407,1.1853264067205433,1.8982736703417455,1.4558992558323205,0.9434976167820969,1.6564180361977485,0.0,0.8973929743287903,1.5365383309638163,1.5990057498453527,1.749007626723694,1.203317426378204,1.3497877022483717,1.1492092480922558,1.8484472495924673
SP:89,1.4235710839544107,1.1352503011312585,1.7634894539470067,1.2437817256322108,1.1861856422773092,1.644259109767862,1.3607286067778266,2.3848031488059958,1.399150075986326,1.1045573431527103,0.8162892691453246,1.2659768470970645,1.7812440563888394,1.1543369255590605,1.0592633819454103,0.8123774036856894,1.18520219946372,1.051376168708221,1.1030760247051428,1.1471368961280193,0.8354146368087724,1.1078696102794483,0.9061028592314936,1.1468606591567607,0.9037170264588406,0.9369408672208048,1.0869908710374043,1.691765230186868,0.9973042244719001,1.1851681095726097,0.9509108775365498,2.9335403887479767,1.9410781926814933,1.579352935031635,1.614803569960798,1.7076860390765674,1.7546003208934695,1.468817617683723,1.4204374666203126,1.9009276124961636,1.7868647127463444,1.332306648281374,1.179240554748233,0.9627670601435723,0.7712515963956457,1.178810845257096,1.79160928612231,0.986617150008076,1.1620538999433363,1.708795533201371,3.006450735611713,1.220879754097158,1.338384172913802,3.414690128685399,2.9431453285325393,1.0446471370281276,1.4697561618039046,0.8140570556858747,0.6275154535400727,0.8425332537623484,1.1674746703285623,1.2291808039501846,1.1795015708773553,1.1485099956027873,1.228679172499267,1.1873573138813913,1.2535632710783136,1.2833156702163457,0.9785527028554019,0.9895153269626172,1.1269520981813208,1.4300088472273897,0.942863762356797,1.4780901997004148,1.1341577881591642,3.7552755215818734,1.3806969043815744,0.8632652104000262,1.1821640666692035,2.6109635494412538,0.9765289117159638,0.9564065050345779,1.6270736209500043,1.8644352593281681,0.9361690373782914,0.9512439147632884,1.3261784184769685,1.573830245301735,1.1676225507441567,1.3744644530977557,0.7735073852208452,1.275941246605683,0.9513276043743709,1.3002631628958312,1.187346686161255,1.2357620555958388,0.86712760430978,0.7494005124724592,1.3283820896238314,1.4187036422829888,1.0630497554070881,1.5220058659576008,1.6636769855896094,1.1094362038559544,0.9650608466486431,1.0095350682290587,2.4194195002844614,1.2654779837583765,1.5379680142772458,1.377177674537183,0.76982498865534,1.536355588873935,1.2693026883080525,1.0031366184150232,1.110239748363015,0.7444491681142815,0.8831212234355214,0.9946017279593163,1.6097789441670107,1.8122629258458636,1.502741812454985,1.7357552925930393,1.4134542966610775,1.4327671126411408,0.9326641178960182,1.3383533788615334,0.7374096910775908,1.53319598448537,4.195716888820496,0.7971505511236889,1.366569872638682,3.7175920912538016,1.2115361125353954,2.0687571321664358,1.9687179132115957,1.0316799053557195,1.4548228682050632,2.062010556627272,1.3446999280982503,0.9703010299350804,1.098143670014043,1.2149336030681914,2.3535319828196317,1.0189324425021509,1.009123765757455,1.4782742931933368,1.015308048535522,1.2592604384634603,0.9625285591856635,0.7853089253552005,1.078674453784915,1.1256453101904602,1.2409911363316195,1.20742991844102,1.9965287264081122,1.4315556029956165,1.134273889076173,2.190574511966018,1.1779696553750636,1.4521597858930295,1.3641292387885726,1.0681003446609867,0.7167949332830542,1.127582492671305,0.8973929743287903,0.0,1.5569735538274447,1.104132732480124,1.1204179136910064,0.751502421015254,1.163566647851765,0.880435032841663,1.3499835493788952
SP:90,0.9979591543689954,1.1529741244092027,1.2743273516565161,0.8826950916431304,0.799300543450924,0.8837733714776196,0.8414727979505809,1.5691917366444348,1.795149281561334,1.5998703938842098,1.3319733614541769,1.8022215195622004,2.0213927149374262,1.0827344505630068,1.1617260612657592,1.06927028923544,1.4703594544529481,1.2481567547632682,1.2108646127855476,1.263376442729954,1.1215331795582528,0.9252592724609279,1.112725365465625,0.8720274393596377,1.0483714389332315,1.0618251135637922,0.9736054141576921,1.1862031382277534,0.9855925259256025,1.3449236586103432,1.149856524939736,2.4734732868726765,1.5510844612968175,1.9915953150756371,1.3722197325011154,1.6703243560432757,2.4823189390642013,0.7146209915162112,1.085243194603079,1.6390402417587475,0.9422038474773783,1.0477092204216594,1.0804787538125196,1.1425627991756182,1.4606445903536134,1.4847772478851322,2.125758175488229,1.4934851273408747,1.3415276982276065,2.2864417284372887,3.505627831201289,1.8295257239698068,1.6931321268772825,3.9726609181934363,3.5543720255301925,1.6184617143247144,2.0115923442507255,1.333728348018091,1.2480612757632208,1.1344076101130152,1.5445778171961702,1.4522190713308811,1.3249525715314974,1.7032740006459368,1.5704493774857466,1.3782424413372159,1.3760916803103114,1.3769823174467022,1.3181793431343767,1.688572046748439,1.214895148264032,1.6657401735951676,1.4484419714478003,1.8872551724558269,1.6466996305084503,4.317066942923947,0.990761947124721,1.18043077036267,1.3291673245048037,3.1641445379465543,1.3906909981088071,1.210105226128233,1.937526739517247,1.0953972196837143,1.3629965943278675,1.5468932262127673,1.4946255026298456,1.3654928810905027,1.611836122046775,1.3667607829556703,1.0484939330953018,0.8939669425429256,1.2147663721091388,1.1219395983681661,1.5474256777527358,1.0722848267244327,1.1874907472975902,1.0331823032180538,1.1106279729391486,1.7740741617910427,1.2658613075106628,1.567501996500171,0.9498032044101864,1.3762264742053714,1.4344453945853308,1.0047127315350965,2.6872792488996677,1.3617151656376176,0.9385431216878695,1.7345744103174647,1.2374980889653318,0.9241928402292743,1.4654374735700826,1.0587108634201325,0.913787367845399,1.4015052925434122,2.071000555027583,1.7086719174656344,1.8590292626843903,1.8040314318265351,1.907951771920523,0.702181089911114,1.498073361040692,1.819239758817494,1.0004520820094094,0.5530762782039707,1.0794777603581145,1.5675079150757183,4.670533335732499,0.9780704811683452,1.5808112490266013,4.145711121206615,1.8902409077093505,2.3605587819479665,2.089184242148309,1.0874369080040915,0.6178855698536646,2.5171912596489174,0.8623741561241126,1.2670443165214111,1.3403793341224917,1.746917956270221,1.8989064050580742,1.2636134230948732,1.2571145695825916,0.9742580449930905,0.9332386243976117,1.1389345066383771,1.2400276189286286,1.2746342435849378,1.3316213390857539,1.4146298012384197,1.2906474650176671,0.6164242595279643,1.7863107862950647,1.9597756671572444,0.6457697279799998,2.440616243064072,1.015132597308436,1.4664027975566531,1.5543141609716555,0.9033779804778275,1.394979881757897,1.3685135780214572,1.5365383309638163,1.5569735538274447,0.0,1.237294012531364,1.494564923899479,1.1197155737843658,1.0607995229360017,1.4779270620777545,1.415609240845556
SP:91,1.1309313721529675,0.6025319737861163,1.9086625392621321,1.0210724039638692,0.7147567143734468,1.4184841811351743,1.2840553378161867,2.5115367675027307,0.9130621071586373,0.8026323458638399,0.47868044818077043,1.2880883515076054,1.9967370117343723,0.6493017527203836,0.28009729064631844,0.6416672049063336,0.5814200767442771,0.48155187804165034,0.4976164900037765,0.6114992150549613,0.921192701677674,0.8535475867708203,0.6642989984586211,1.0998604450254652,0.599463596113845,0.7529550234109507,0.9130059169839441,2.0078131998738638,0.8790948149566519,1.2554838595242435,1.3672191182566837,3.3247551325174975,2.312338383151884,2.101078021507045,1.876219770657343,1.798407722514948,2.3415195545413523,1.0602498447757336,1.372546212429545,1.8086806484668354,1.6741650413543139,1.1794893345966528,0.8167212339884252,0.7027032112043923,0.8208844139106632,1.0746753573245038,1.9243783577408586,0.9578890661200606,0.7710822644740227,2.264585044187625,3.400055091060369,1.2553906297877317,0.9045615613453493,3.770264745850038,3.2673267720380657,0.8114482252709412,1.8323542339425842,0.7917791097221798,1.0927199351022348,0.6246773667944626,1.2067963379496658,0.4388356577641563,0.6031092916641122,0.8648715848230141,0.9598287448998768,0.5965381013097912,0.672441609371546,0.9735679989131073,1.164175502354218,0.8757077872437377,0.3834688601635276,1.1648095860014211,0.6546807345602511,1.272146093175791,1.0612009972407201,4.25924819086828,1.230664117891345,0.5082637334488849,1.080250681398727,2.9928149801357993,0.48988398768919705,0.5090212058839386,2.3058245881369803,2.0504081814783346,1.3554705430601062,1.6330499081528085,1.6053970227358028,1.28125281238861,1.5709668379875998,1.2349389816034204,1.0595375043041506,1.1881306791585577,1.128369060920585,0.707010461434611,0.9236644906536089,0.6284222199572587,0.5021098065467853,0.644542898325413,0.5766180624263441,1.435892577412759,0.5311764129913096,1.118564722651172,1.862263926381293,0.9935539966962162,0.6868356930828096,0.584680044061116,2.516996502986341,0.7867165045251564,1.7018357152647714,1.3287638645597923,1.1065002988765407,1.7001700516733702,0.43228221902901875,0.48042603706821646,0.5631604280009075,0.5555617139053343,1.6906404560871289,1.5781974177510583,1.7385729462620536,1.6812371263904677,0.8677671797043192,1.7228284010590735,1.3317840616692422,1.5633330141862234,1.0846827625026316,1.1673896222412812,0.6579640921067202,1.4837646267876083,4.28494834467354,0.977043524457106,1.5942244455407555,3.913353832179548,1.8342932721466312,2.267203736805346,1.8939043762465724,0.5017039044845103,1.179226153541024,2.3815006554038884,1.456987468371294,0.9324262804423699,0.4660591351873334,1.4365588994995797,2.703780788930974,0.7792214441015315,0.7180943134021623,1.6654320014910302,1.1838979897889628,1.4177021040456363,0.3935024598912827,0.460459104304046,0.5401564042948038,0.9167778908156878,0.5201850490394263,0.7567082943718149,2.4763521296961812,1.6310107921843753,1.120025592170511,2.3453355482699254,0.45325099492097776,1.656646268077356,0.468553929611066,0.4268265120008918,1.0818049478704463,0.46807096744139504,1.5990057498453527,1.104132732480124,1.237294012531364,0.0,0.5165105333563325,0.5115323840087804,0.8283912607786972,1.00423840841034,0.5375198150695709
SP:92,1.1856549184746843,0.8148987986110735,2.027688507859866,1.18451364639895,0.8489777741301218,1.4347990512926303,1.3360755457284326,2.5620879350569723,1.2241467395525958,1.1432250164976965,0.6878207692010914,1.6046943440199906,2.1653602643149163,0.6745615905320299,0.4987018879367637,0.7973870655512293,0.8664059059861503,0.7878640651120891,0.6074614330560378,0.6800627148287148,0.9022700857028415,0.9027798753180564,0.7852247695360103,1.1266347156672543,0.8173082359046246,0.9492215674224982,1.110435720484651,2.126248121152994,1.1232268444318412,1.3708419082198768,1.422218037798839,3.413610919933485,2.4423704942797757,2.1370742768123834,2.1193109086679716,2.0462633654602707,2.4589524246002696,1.3594735304743237,1.5782904587371707,2.0686364558374515,1.8902181004237768,1.4371428329983404,0.9872927435220065,0.9335755610285611,1.0549040180755012,1.308709292343253,2.1480696827853687,1.1812878680846162,1.0482590801456064,2.445797662413285,3.566059744259737,1.4645627070813099,1.215767680850522,3.9595754365772424,3.4371009816620104,1.0569588810488755,1.9141018416273594,0.8340931087991121,1.1523714421769184,0.6704213782090829,1.356912510230053,0.5801540063629648,0.6775963001784495,1.0600581146222208,1.1081634642298726,0.7833344270418128,0.961996974086154,1.271382539048012,1.3365904831236688,1.1241006227904164,0.7005316778429161,1.5472487164623516,0.9052413741095322,1.532735440514515,1.3934878428641717,4.4623582138128395,1.2242292348437458,0.5647176852686012,1.4719979655187372,3.1744585524137237,0.3557564480497661,0.6713972929299173,2.4214236916548435,2.1610153564536954,1.274146177226115,1.6272510705417729,1.4932630213427125,1.5686714794229215,1.7780726395363189,1.500338510434414,1.0951940461122267,1.4391376785851484,1.2880506897642097,1.010062689980858,1.1673475660702595,0.8231498190278158,0.5770338705357493,0.8681977137967004,0.7653991173422305,1.6452161908892347,0.8143598909341877,1.4067483823662503,2.0439039516984745,1.2825974850569866,0.8990747967718364,0.8722152131717934,2.7437747380838897,1.0719673053909582,1.8872235697897,1.6210198273223593,1.0999580665611404,1.9195873151746958,0.6113866300128402,0.6796228502730361,0.8323436684474533,0.6946864692254376,1.803142302415334,1.7539113929348429,1.974135163095139,1.9575071504299177,0.9536625138373852,1.9109793841514788,1.5864704197693122,1.7374371038800525,1.194783074773753,1.3369393806972156,0.799625496954807,1.7219796559698979,4.5064663030830365,1.0826968664737506,1.9372692807778078,4.154726060753499,1.8288704632830868,2.413415301582842,2.102665713039381,0.5504795944656136,1.4091621907689618,2.6117780880192014,1.6334794991425468,1.221664617271348,0.39648263085660757,1.6406299471586512,2.7185915834975836,1.1087060312991177,0.9352371347719598,1.7034111919534,1.3389471236660102,1.6028826802662042,0.3994761993894654,0.5769368269360577,0.6542619202125665,1.2462592483904418,0.6374420912436001,0.9660674106244606,2.5361828055778024,1.8078270003528956,1.2463510655861014,2.5893928377301383,0.7277319309548762,1.9317685528774482,0.6452772210995329,0.6682110044956832,1.1447124519541794,0.7235571397181058,1.749007626723694,1.1204179136910064,1.494564923899479,0.5165105333563325,0.0,0.6518874581329073,1.1962199641509146,1.287745181009454,0.7540113779163605
SP:93,1.025833097190099,0.6531842161820831,1.6034741837128599,0.8701695446435264,0.6336285854880825,1.2147078469364363,1.0094980103410869,2.2522840511770434,1.1761161233641613,0.9601291590109647,0.4480750829602006,1.2784210605245485,1.857147918455907,0.6178447872224737,0.44188792636643276,0.43770551437716204,0.7666490800655543,0.5988215995821674,0.595666548843656,0.6743954811350898,0.605975491983816,0.6802229386909947,0.5142194658736219,0.8317746353945562,0.46415452277533686,0.6157134941017802,0.7423892778195468,1.7024451886368557,0.699602910052903,1.0405933194141819,1.0086155154023275,3.026128081151997,1.9487164847416525,1.8228827915389743,1.5893386674003487,1.6252335908992503,2.0762038443995094,1.0193569760766141,1.2005121883834713,1.7247694913471399,1.5354940572971545,1.0185278603440517,0.7038662964200469,0.6086573831200256,0.7013266584218012,0.9543871056935882,1.8271844049060668,0.8870503611183815,0.7984223739754811,2.026517113953866,3.1959317043640167,1.1753465173110487,1.0633577476330254,3.645418295928048,3.1303222922387564,0.8508100447263608,1.6565610121947039,0.5756940261847526,0.6873474603628666,0.4288148598729992,1.0768472398841047,0.7242886007568105,0.6907139600274725,0.9210770128626842,0.9646353160035509,0.7090239732880053,0.8260669269244113,1.0133853906822814,0.9625097465799508,0.9100199933000824,0.5722728746173067,1.242976702070546,0.6791910932381775,1.3286790872234804,1.067233109361219,4.070807555523093,0.9880747969478793,0.39172565332862674,0.9968838498635381,2.840664285400588,0.48328230325096416,0.4005135432667963,1.9085410551794249,1.7155559219152794,0.9608613298268422,1.2247185679973345,1.304739778781277,1.2259030880813857,1.3055102832897811,1.100551320082023,0.7208677832823095,1.0187987298719579,0.8787140041514326,0.8196030351100777,0.8469557992713401,0.6972400211408354,0.43650962166470214,0.3867907026052337,0.7211507241130015,1.367290541599175,0.629757059511295,1.2221338688462149,1.5299060563026015,0.8884746873760438,0.6292770092982133,0.5375818187515758,2.4441288813156916,0.8570826961377241,1.4258881698053774,1.2849049638117325,0.8213339848205479,1.4163820817064103,0.7661553060997397,0.42018304007542095,0.540215512598061,0.5198140502459017,1.4333073128771332,1.3327492885167,1.605053553766937,1.6480347099951502,1.214402615798059,1.462697363831395,1.2500513130663777,1.4361658315589925,0.7487029283654151,0.9826680669894293,0.40892069511165485,1.4178665117200155,4.318236195990866,0.5976845910076014,1.392815159169225,3.847054870724285,1.5507320830976192,2.1435407584533386,1.893147348566886,0.42604334190997317,1.0779301714030856,2.2161134413134946,1.1465211870137315,0.7776928006217925,0.5578800344799406,1.3265683417538647,2.366540126416639,0.7841390712635534,0.7231784924610716,1.3304908498823194,0.7961549257090813,1.1723245517806797,0.4003158741017906,0.2981887685336629,0.6860122643584804,0.9197539371801795,0.6759908680013365,0.6653427110862992,2.0939591800690134,1.5026919393047302,0.8127513730909918,2.204654120179229,0.5695491717488709,1.4284072574753075,0.8412062747272055,0.42490543469048897,0.840459197365739,0.6737679888286802,1.203317426378204,0.751502421015254,1.1197155737843658,0.5115323840087804,0.6518874581329073,0.0,0.824522372991864,0.8748946243681072,0.8541463992567816
SP:94,1.0710120737704618,0.6404859136713001,1.529952947976929,0.8311511933918474,0.9584821434422452,1.4838458864958344,1.2485756302480264,2.37775622451544,1.1180808877737622,0.88117274722827,0.8117695551249804,1.0794321085108658,1.5905054454550014,0.9707013764681858,0.8189467492693581,0.8452880663050467,0.7171814571167231,0.6172469310201255,0.8530530008574374,0.910020157068749,1.1248312225833648,1.0843942419406432,0.6870745851331407,1.2360446405318801,0.5872867710405191,0.8092722171397689,0.7454483601371173,1.7945421605712377,0.6166258582754395,0.8874863893679683,1.229059616230462,3.1376866026565864,1.9988661108463037,2.009430430453014,1.3084021360404197,1.3559811391318433,2.25461595060776,0.6759323387302517,0.9528817191197709,1.2780527834792577,1.2741779108123552,0.740988760885283,0.7624767932079419,0.6282237797378315,0.9020607971168406,0.782928232166585,1.6575010142353184,1.105538228098085,0.7582889639141668,1.8766919762252063,2.9987663821917563,0.9696680996842226,0.865251424982882,3.3654448680008273,2.878894651432749,0.8580137474292242,1.6086058315155356,0.8019598667730952,1.0395089012202312,0.872005251637085,0.9927215408822928,0.8710038048294654,0.8186355849447189,0.914444659314459,0.942996051178715,0.6938341051937149,0.7439052014018439,0.7872037554890545,0.967103994526285,0.8213471892832643,0.6724059548530367,0.9681779858002233,0.8229607071783799,1.0621834980615412,0.8635122726783251,3.809284495735193,1.2626699976612499,0.9871177674178311,0.8211218797176623,2.529407782569627,1.136122250258337,0.8440673832678904,2.050149053075251,1.8410729210697572,1.4096688191086024,1.5985799812458625,1.7641296473116441,0.7301684751490404,1.2751641528914943,0.7152009014222596,1.0060849803544445,0.9575898770747105,0.7874847723655074,0.5682575019852862,0.834165896706267,0.7220183345330864,0.9591259873826565,0.6900862041621502,0.8033377393453249,1.056911527484713,0.5299422482931834,0.7547461630674882,1.5309201455530752,0.5653931065636818,0.7632283270816099,0.5304637827146857,2.051702615649791,0.5847483325281941,1.4303419910435289,0.8422756345182678,1.136164041303274,1.4297329443152786,0.937239715260466,0.7523555871278744,0.5659272660564157,0.7657594213974445,1.4928079516597705,1.1647661712365875,1.181177860285997,1.127500327630012,1.1999068956395456,1.4774836877829776,0.7777480732482114,1.1775000674008427,1.0989063095101648,0.9467328622092788,0.7312660993509031,0.9749002701116373,3.9583919904388734,0.9659454340725859,1.187264605872759,3.5090863113670756,1.800943767903936,1.7989956074806477,1.4031663489494786,0.9604224963271366,1.0034299540606013,1.87029485200224,1.3636979667569202,0.45780563422822873,1.111388053174837,0.9119110055782669,2.5778976737538337,0.4524143364706986,0.49049547370721885,1.5563802687882535,1.0568608113672886,1.244624436193024,0.9465128408680532,0.8187594726598969,0.9278945416066063,0.535870006589075,0.9403697523131187,0.8977152116667834,2.345997698293991,1.424868143917987,1.135843160464382,1.8509452830333208,0.7073220784634089,1.0092963075145023,1.0419444699262872,0.7792201627246652,1.086170137648852,0.8608892936919758,1.3497877022483717,1.163566647851765,1.0607995229360017,0.8283912607786972,1.1962199641509146,0.824522372991864,0.0,0.6479220056331425,0.8578447189192094
SP:95,1.4564333747577383,0.9077801563041745,1.8144078249843534,1.1908117136726162,1.2196400111026806,1.7788261452469478,1.499720248841882,2.6481559747345664,0.9898994777107921,0.7755167827136993,0.8381394412673744,0.8761453679590478,1.6440691365520854,1.2197921451762277,1.0054221309665137,0.96360148728263,0.8393717567940983,0.8005538232220042,1.054926503060493,1.0433997251714093,1.1933153214883652,1.2880007790688222,0.8661523770105688,1.4130620498445436,0.8139280225668201,0.9802862042476876,1.046012039959506,2.0129967748835575,0.857836937292385,1.0393361652199926,1.2658546809822802,3.3201255307636903,2.1442956645224016,1.93773758353133,1.5116452019914557,1.4446866470319903,2.008856199528426,1.2028463923736405,1.3151091158357355,1.5828392742824309,1.717701465444688,1.1460333132419067,1.0730782944390718,0.8541422019637438,0.7804668579296498,0.8783446659378793,1.5046752712598719,1.0201868188885437,0.9543492047422322,1.706558743677136,2.805857316996985,0.8448218201062391,0.8695640519606098,3.190249732311098,2.6290203617514014,0.7530147572481977,1.5023398692933922,0.8124084057644764,1.0013018364943205,0.9210336709426955,0.9671859629442905,1.0500520506846456,1.051264413020108,0.8654415659192685,0.9998014507624742,0.9064888855739234,0.9487032894751563,0.9940974716994717,1.0873100949694978,0.6721697779605257,0.9185569604389902,0.9014898290969162,0.8297405047007992,1.0500623393310493,0.6599558810720817,3.615303463829661,1.5410027291765287,1.0470090525291718,0.8038431779808989,2.3541461796804173,1.203421649840983,0.9943248053585978,1.996925802172404,2.061639178373392,1.466688544923006,1.526651760524217,1.8572909754748081,1.0498430312209308,1.2501146146832993,0.9475774228437932,1.091402026025499,1.263226163799507,0.9299573206299772,0.9169112580689776,0.8284180125718087,1.0474209332925117,1.093333625101147,0.7866422151902344,1.1391587819309932,1.0931005189088046,0.7104893178143672,1.0127715179587873,1.7815884759132146,0.6281878904588261,0.674306080870278,0.8122507177085629,2.046748370144702,0.8204286583269819,1.690450396965164,0.8337854318901426,1.162266204234755,1.6372955153368716,1.0898648849947086,1.0105084758644003,0.940291586964194,0.7470716001368055,1.0057519250162108,0.8699469846303542,1.2147321163347562,1.2973754804785165,1.2764275616111804,1.7958185913043885,0.9489735555399048,1.21009553594971,1.2075267118833213,1.3089735775825653,0.8465612776444986,1.1623395002299157,3.856109583113628,0.9970069377706899,1.1106722065773822,3.396129664869339,1.6968078695997306,1.8375176141453364,1.5264215844483806,1.1856269387393232,1.3342738416053497,1.7276820881874324,1.548627575248479,0.5474193677885955,1.271164166104177,0.7700764168730078,2.7625178010500897,0.5397851590048379,0.6758210108275599,1.7816390488163272,1.1941506909871393,1.4391056301293081,1.0583167432683431,0.8633362757419402,1.1147967244843215,0.6182001767547814,1.1205540837982342,1.2312482265474893,2.429127334596784,1.3501595598430964,1.3520478125931785,1.8158668825314055,1.0553239075919976,1.1029096857645435,1.1987415773684251,1.0370704872880432,1.0355048065025099,0.991472400252739,1.1492092480922558,0.880435032841663,1.4779270620777545,1.00423840841034,1.287745181009454,0.8748946243681072,0.6479220056331425,0.0,1.0742338854007698
SP:96,1.1006758644204326,0.5669823148309012,1.9628111926321121,1.1509228906928202,1.006087379782623,1.4959270847765598,1.4369951383180413,2.624059821301911,0.9985297424548519,0.9404876991451865,0.782187493335578,1.4400899973607593,2.1152429683978373,0.7608737283485879,0.568112518927936,0.8821674925967611,0.7233831413089475,0.6588911676197466,0.705125100300089,0.6994105819282722,1.1544631157703487,1.056377633392322,0.8731619090897895,1.3461042195245059,0.8150798540229656,1.0089696012989173,1.138729313849818,2.2693797371841318,1.0805739078797296,1.3606773854043805,1.6518415730849692,3.4922686722698186,2.440854678130706,2.224578963381594,1.9511618835725169,1.7367170827301432,2.567921681591963,1.1139893533962506,1.3703793341772348,1.8525055631154972,1.7364997019061095,1.2847941959016689,0.7652021251278627,0.8740931993117331,1.0911491875988941,1.1932893669400668,2.0985036304164018,1.2200706045682184,0.9572877178585051,2.425471156588786,3.5291919408034906,1.3470317335520254,0.969332683969869,3.798951800466304,3.3230562811501305,1.0107853781302343,1.9972198143248645,0.9582820409656464,1.3844778308958343,0.8518055007662574,1.4012770389692952,0.5540374870618084,0.723473945707362,1.0192277120240563,1.1204342214137462,0.6074053929349161,0.844355461054247,1.109998092626601,1.349750092213855,1.0080020191147951,0.5377994812198796,1.3219475447218356,0.8471217727614574,1.371317775016836,1.2081052891992239,4.37900956850232,1.256787728717172,0.8620340366881073,1.2917190131633907,3.0376215033685057,0.8150137580831261,0.6986824342552698,2.565171140440858,2.220656016093685,1.6749158105275215,1.9478527161503294,1.9334140634554762,1.2443956138513204,1.8330979847892004,1.2680378964283072,1.3059728933767738,1.449811356373382,1.316602259455094,0.5177118089231837,0.9711041212510204,0.49403345512708835,0.9101295958269705,0.9441986775005212,0.5323071118074258,1.4989597057213198,0.5442535888576535,0.9374907609002446,2.050358347120271,1.1294031696585565,0.7828431964898455,0.7616549022809893,2.507998609320428,0.7063418524468185,1.9303511956492656,1.287822160654685,1.3781115565120676,1.956053504591037,0.2649456086218164,0.6803109704809644,0.71307103380152,0.7121093846342043,1.8587365751375655,1.6682772173978757,1.7413729035869434,1.5991162048016183,0.7302510340484927,1.9343520730041306,1.3019024266457875,1.5904917666098815,1.4496346898494137,1.26842682212203,0.8957794415639779,1.5296040011147853,4.266632971921448,1.2844755781414405,1.7754125415164903,3.9486732462712997,2.1277182298611703,2.3398689449019257,1.8042501148542462,0.8768429963432495,1.2794213951166973,2.4223091544367525,1.780004405546699,1.0034607686887111,0.7593459427495381,1.4052394231589482,2.8837511380777237,0.7363631432417427,0.6398177158154442,1.8279443480606992,1.4809692701122656,1.7531598706713525,0.6782147327929803,0.7143062533213635,0.8457365244435228,0.8206964693815896,0.45925137386323744,1.0120625198761497,2.744875998785139,1.8738398414581579,1.4339975694959561,2.400553573944017,0.7418494307513874,1.6100532687324611,0.4546363362798339,0.7622495783454485,1.375919902603383,0.41633848388836897,1.8484472495924673,1.3499835493788952,1.415609240845556,0.5375198150695709,0.7540113779163605,0.8541463992567816,0.8578447189192094,1.0742338854007698,0.0
