unit_id,M6_share_living_street,M6_share_motorway,M6_share_pedestrian,M6_share_primary,M6_share_residential,M6_share_secondary,M6_share_tertiary,M6_share_trunk,M6_share_unclassified,M6_share_unknown,bus_supply_saturday_am_400m,bus_supply_saturday_am_800m,bus_supply_sunday_am_400m,bus_supply_sunday_am_800m,bus_supply_weekday_am_400m,bus_supply_weekday_am_800m,common_land_use_entropy,connector_candidate_density_km2,enclosure_compactness_iqr,enclosure_compactness_median,enclosure_elongation_iqr,enclosure_elongation_median,enclosure_log_area_iqr,enclosure_log_area_median,footprint_coverage_gross,footprint_coverage_land,gross_grid_height_gross,gross_grid_height_land,jobs_density_area_baseline,jobs_density_business_core,jobs_density_business_plus_tcu,mapped_street_density_km_km2,net_grid_height_gross,net_grid_height_land,population_density_gross_km2,volume_density_gross,volume_density_land
CHI:01,0.0020821077080789,0.0,0.0198673137317467,0.0,0.6618438669338294,0.1884435014684927,0.105566277100846,0.0,0.0045578430574825,0.0176390899995235,33.12360766556451,65.22663724561905,26.900374088049784,51.68277098597914,43.82191838863728,86.77790047780465,,68.92702147068414,0.1686574419498009,0.7099920544064381,0.9675911966879712,1.6116024554287152,1.688716099579592,9.877214143801446,0.3040071848971513,0.3040091329227733,4.237495061607464,4.237521572117856,2662.16036795474,2662.095138321186,2661.9938514567016,13.202695221392236,11.378592372796083,11.378624517875725,11655.01748381503,4.238326518136315,4.238353029475403
CHI:02,0.0,0.0,0.0,0.0471051211744887,0.7667010595783769,0.1168906334434919,0.0557396419584271,0.0,0.001247919318953,0.0123156245262624,22.12010626075485,50.04343465662305,18.4018423119884,40.90528016314076,34.330037613749504,74.68742712918178,,51.54493555573342,0.0095376307323271,0.7004262512296705,0.0828133724529789,1.9884874646382584,0.0478295627644165,9.910893343409391,0.2574765393532036,0.2581980354814587,3.1411968675444344,3.1482617327789963,1303.4527304266646,1300.8365815029524,1303.37710306151,13.081954168790578,9.23830484442206,9.24255841103882,8439.407473237014,3.1430151991228854,3.1500859239388945
CHI:03,0.0062223649855019,0.1278718205319074,0.0035801855175012,0.0278642688502696,0.4706671360397839,0.2313917436808551,0.1109253592063874,0.0,0.0001485198019297,0.0213286013858635,62.7325883514454,118.2030583153581,55.35428578386352,104.82420921323296,92.7594311700592,174.22601167322205,,42.69372281516684,0.2452173644735703,0.669202557175609,1.708721818401997,1.929910349926817,1.375460220846671,10.01062650760736,0.23132843016894789,0.23181561435339781,4.066120622096648,4.074528837010494,2077.671462273085,2077.93172330115,2077.9258382921776,10.690911982562472,11.98735553178084,12.00768101885706,9462.417716655276,4.068633156829752,4.077047164566809
CHI:04,0.0027735780451012,0.0,0.0,0.0474491351204949,0.6787133187818071,0.1671926465069633,0.0811269678165352,0.0,0.0,0.0227443537290982,44.93608198303061,93.93041907494592,41.16891912270774,85.35523761843943,63.96671019236303,135.8962942099851,,52.83843463705083,0.059281157506996,0.7015614503952408,0.6468765774705327,1.9725436856791492,0.440946576298904,9.91877866036063,0.23553765921849787,0.23847941936879513,3.1661764610779906,3.1981431426062152,1583.6189743042871,1583.633264436929,1583.6399224138934,11.826707612303991,9.41665004585443,9.458884840917902,6112.461165143071,3.1668506010541133,3.198829554510404
CHI:05,0.0,0.0,0.0021679943416557,0.0451784925765175,0.7332631269506664,0.1270481623592382,0.0790453553563596,0.0,0.0003309518456272,0.012965916569935,38.71767370680169,82.56150725426136,35.652121406528174,75.59652907537357,63.70271308160964,141.65342940037974,,60.2273940251538,0.0662265098311455,0.6964844724635721,0.1072229742077002,2.0064615525141143,0.2095508806975488,9.91149052540513,0.3040432719926394,0.3092578269982237,4.1716618764413065,4.219444218098613,2304.809489122681,2304.6812318535044,2305.742618494497,13.95578070168288,11.415349808658709,11.427224618511394,6632.962457854063,4.174739908552645,4.222414651030958
CHI:06,0.0,0.0577348062696208,0.0010499200591712,0.0151557256262463,0.5988460022805131,0.2037151091150531,0.1013720432120979,0.0,0.0061020568914198,0.0160243365458774,62.446374298439885,111.47465230128871,53.527118913921335,95.7415519561343,115.91280945612878,214.19559230435885,,57.18564492340552,0.099902431801271,0.6969919614343862,0.4698992878620593,1.989308072069416,0.2666273162822303,9.917489361135338,0.34315620554963205,0.3431571709830043,5.3271232290955535,5.327137401794594,3374.6043126357317,3374.3561723712564,3374.033063447718,14.455157191374594,13.86845954047668,13.868492693567832,12724.267031159914,5.331584685428638,5.331598872206801
CHI:07,0.000938557979129,0.059072382122911,0.0086544246257626,0.0371409077428737,0.4861968403700734,0.2017381966532835,0.1220887675346291,0.0,0.0661821425565777,0.0179877804147596,50.1272916881351,95.92525853463394,43.59762834290832,84.122701267052,97.14098975759494,185.32152491488344,,50.37397087032844,0.1612812714574425,0.6674615101676081,0.916291222206096,2.008089293285688,0.5625853364258191,9.917594412845776,0.2912427806409425,0.3036176736224464,4.467923416170974,4.624131409758377,3045.246394072138,3045.6189360910566,3045.257292041342,13.078342506558574,12.296139264026136,12.577702221136905,8597.710466222738,4.469368547281167,4.62560746263344
CHI:08,0.0110108908425232,0.05414526870276,0.0012450525979136,0.009453915678052,0.2652331157086789,0.3150859138415797,0.218380104824667,0.0302723280423835,0.0811022492370505,0.0140711605243912,80.16388789076169,167.40918745633158,68.46799834787495,144.95964490791476,176.48438149464997,374.0641081490692,,73.47566092665,0.3205951345103123,0.7014022938742162,2.704372311808225,1.769097593941319,1.9031970191451189,9.273227512063055,0.3599085584685376,0.37463480754493744,9.230169179926657,9.465406868276082,28597.00728747475,28597.04521986888,28575.24489485811,16.017569238556362,26.54494660163188,26.620705660403708,14807.1366216749,9.268228327707472,9.504307655022588
CHI:09,0.0,0.0,0.0,0.0319208988813831,0.8287127396029229,0.0636787139996095,0.0627068081888835,0.0,0.0,0.0129808393272008,4.173574169095045,7.195654416119817,4.173574169095045,7.195654416119817,7.088607453290256,12.101802566312646,,62.98704294634768,0.0557744222371158,0.6971998340673358,0.2603302240816008,2.0162792198965427,0.246510645550849,9.921029472315851,0.24188075147285978,0.24188075147285978,2.6150026082841875,2.6150026082841875,914.0025343217652,913.8179393111178,913.81835528867,14.465595133148934,7.547855504898723,7.547855504898723,3923.036825417055,2.6154347984717727,2.615434798471776
CHI:10,0.0,0.0863565204503423,0.0,0.041712593981591,0.6882928562744408,0.0458797884472783,0.1298670636453439,0.0,0.0005471107213813,0.0073440664796219,5.750603972825109,12.29429475396926,5.460340979628251,11.481987327006058,11.949893733214822,24.72227337556924,,61.91147545760119,0.1502015526582337,0.690007192009876,0.7697473442526572,2.01338335521508,0.5727258761525054,9.905383456605408,0.2117062177047893,0.2119721272474316,2.3175235352106536,2.320400593545308,953.7438752980077,963.9050704166436,963.905394602317,14.89776348650478,7.548893097541575,7.556773767237036,3378.504697437999,2.3186103197966115,2.3214887604094474
CHI:11,0.0,0.100825288934798,0.0,0.0,0.6381181510619205,0.1268316385137145,0.1286269315462027,0.0,0.0,0.0055979899433641,27.941178090505133,63.30149074138753,23.799011013214173,54.162780230624335,39.39591389056355,91.63195385290004,,62.6013123080001,0.1465956905568453,0.6849496423824677,0.841535482567835,2.020796443284044,0.5537160158412142,9.902979995706035,0.2403869011077823,0.24143089981037133,2.369125690457926,2.3791976566517703,920.7533533773436,923.9081349860222,919.8907554401956,14.798791688422282,7.507766693308403,7.533041169236397,4352.399668820726,2.370639510831879,2.380717106129025
CHI:12,0.0,0.0582910056467626,0.0,0.0873166456352609,0.7277150698578907,0.0854687643973419,0.0381414350742426,0.0,0.0001874467038433,0.0028796326846577,7.871240933986084,19.06505674930113,5.5169132856023415,14.3951650007136,14.98934486489661,33.67919697885396,,52.20735389504174,0.1828400982736845,0.6853422191115384,0.8282497709866399,2.0176922622414137,0.6928243889216077,9.897758432344686,0.14927096011064192,0.15056626845156024,1.7671138752148927,1.782126500311779,560.0448753798598,545.241043386829,551.2657463484784,12.501979428288244,6.333877712218216,6.3773478733420585,2362.1658307394814,1.7696677494795336,1.784699409814881
CHI:13,0.0,0.0418748758632174,0.0014450968733294,0.095519214212744,0.5557821951384567,0.1588799587437484,0.090054072201175,0.0,0.0367911038943825,0.0196534830729464,28.709526772487624,54.39511425538141,27.43940635430405,50.74649043889596,39.34956911015177,74.99459766546231,,29.423793914838264,0.0901279477790094,0.6974161187184,0.1714699664481487,1.9795290393412404,0.0753580933038211,9.915032397883625,0.16214018010378786,0.16504310372948044,1.9999585145678656,2.025716440886453,1094.3340844531622,1105.4042884704102,1103.4671622628568,8.312416511867413,6.694276040725676,6.7208447809917935,2687.766254817865,2.0032625066268315,2.029063183223759
CHI:14,0.0,0.0253599104735611,0.0,0.0079180100976457,0.7499467055055234,0.1580536809541885,0.0514449449542316,0.0,0.0,0.0072767480148493,39.19881085797186,75.37440762797966,37.88267307219662,72.70011714156004,49.17194455071564,97.06026140947912,,59.95193222302708,0.0100577160165707,0.6991357810824335,0.1183389248246378,1.9868102840520907,0.046492412924552,9.926874339917916,0.30996673246411005,0.3129884399478464,3.692865627364606,3.714497323292229,1187.0679151363977,1175.7992926362947,1175.7990576263026,14.729529060636544,10.046327217685644,10.051019009156356,9743.24993997146,3.69348556591986,3.715125747566104
CHI:15,0.0,0.016381110139064,0.0,0.0446696258212959,0.7597871037606841,0.1013611843385794,0.0730077790331986,0.0,0.0,0.0047931969071777,33.35150018291904,70.31614920590685,30.74710547263734,64.71300763310803,49.277782775138505,104.41552910037204,,58.06245769389104,0.0094329156681718,0.6974673825818976,0.0619152088750913,2.0077447019468444,0.0345481019567905,9.93346660819903,0.2905897979531126,0.29058979795311224,3.207757953470181,3.207757953470181,790.822658439503,790.2245651469228,791.1489886151286,14.22193853166662,8.886335670776388,8.886335670776388,6160.809980715247,3.208907773304338,3.2089077733043383
CHI:16,0.0,0.1283000022246763,0.0,0.0529360058982708,0.6373304898862628,0.0990280167789316,0.0700081604448128,0.0,6.669237936677674e-06,0.0123906555291087,32.4810053328382,67.40925986691606,29.626327108214017,61.59105279891028,49.90466773100361,103.29480385028472,,67.07397280287452,0.168069174049779,0.6973345577369073,0.7897766719095318,1.993683087696828,1.1280198122265794,9.913415062789223,0.2643244500582304,0.2653382756317448,3.300139297463419,3.3063977340476685,1332.6202331571817,1333.26977745493,1332.1320973228676,16.09436327765107,9.883179993879546,9.883822500864474,6242.602717744685,3.30109656961036,3.3073348745064584
CHI:17,0.0,0.0,0.0,0.049920783203777,0.798827227633323,0.0601697470386829,0.0775276080931511,0.0,0.0,0.0135546340310659,21.5637969011831,43.32645192068363,19.60487537602273,39.30298793835265,32.12385504078894,64.91030347748597,,49.59597251268841,0.015537951191218,0.6993700848312671,0.1422356219956075,1.990536896389656,0.0598729606285157,9.928271764129352,0.23935455728846264,0.23944900335117408,2.448341601265959,2.4480336713690667,572.0865053966968,572.1686251032628,572.1452171411809,12.318432977176723,7.493898788055074,7.49335211253868,4484.123788881198,2.452049045326309,2.451742126830318
CHI:18,0.0,0.0,0.0,0.0485886605067652,0.7994135017291099,0.079850952332599,0.0626624819785121,0.0,0.0,0.0094844034530139,28.99764845456686,58.50354560358961,25.07993310928804,51.05986623294847,35.20813959419126,74.97935456388501,,51.94964126748946,0.0540354109309835,0.7015676077582029,0.4887374010615657,1.978495747368115,0.0212820694629485,9.927603089703515,0.25755321916022866,0.25755321916022894,3.2426792113981766,3.2426792113981766,910.6343530773734,906.7099646198516,910.4335559741232,12.88916484079598,8.959449275347286,8.959449275347286,5622.453306429862,3.2434360289759088,3.2434360289759074
CHI:19,0.0,0.0,0.0,0.0223743819488419,0.7848164214465483,0.1065931511272758,0.0665192679425866,0.0,0.0,0.0196967775347473,36.735749027574585,74.27773727042474,34.448654280728235,69.87383685126443,48.99132122585276,98.54733242905225,,59.63335915935883,0.0077000479117833,0.6976458034798068,0.0486996950393852,2.0070313914442166,0.0221198117121925,9.92695788865142,0.3013907696183633,0.3014944263146549,3.2400995303325004,3.241191281290695,950.980455252866,950.9282017810696,951.0477139240662,13.54974700232122,9.093085514809529,9.095135075520531,7714.466249555631,3.2426322116774693,3.243724813755477
CHI:20,0.0,0.0,0.0,0.0,0.8111674523114605,0.1141382299545309,0.0652701015528678,0.0,0.0016159805444878,0.0078082356366527,26.3644042685145,71.51828979059674,25.275489140395404,67.90700164066558,37.38528853103782,93.4564851614937,,51.21149427152331,0.0049362222138712,0.698200522878649,0.0509593224460607,2.0014836331644146,0.0188380929391769,9.932014940455703,0.3213863942517742,0.32138639425177384,3.750281069935004,3.750281069935004,1297.159919047758,1293.6026155423688,1297.882718726656,13.219622741057009,9.807128492554488,9.807128492554488,7966.478609922593,3.751811811228171,3.751811811228173
CHI:21,0.0,0.1509630812569787,0.0005413669756318,0.0,0.5668317046757806,0.1897067112847303,0.065245232957811,0.0,0.0013921130709395,0.025319789778128,44.46433823350266,91.65102445493294,41.98990791298179,86.81781688519315,70.93924212968373,147.96080922204777,,68.77155405402317,0.1698198656171928,0.6705262289996281,0.7917482905812847,2.0123310625030664,0.891947803635535,9.903260980015748,0.30011359418880484,0.3021673578516416,3.850769890040341,3.8631406149723246,1786.9835887883196,1787.4797716799794,1786.9411567904117,15.917679700534318,10.557433483781104,10.552978168838704,7063.537024885225,3.8517995414452297,3.864066915777588
CHI:22,0.0,0.0897461960057959,0.0,0.0,0.6137073437148317,0.1664887629282575,0.1106691359483649,0.0,0.0048691291667169,0.0145194322360329,41.55297539395861,89.22651499664829,39.5744159399264,85.59344274953571,63.64202693624924,134.24916026383477,,72.99069784341258,0.1896245198445976,0.6947538364355839,1.4744691487556312,2.003701111921942,0.9982113198966384,9.736984778771442,0.3017500817634411,0.3046217350963318,4.157505425834037,4.180046908251996,2156.18173419055,2156.015546573633,2155.6116324334544,16.34841078511969,11.570654776737282,11.571808354327882,7717.136676529533,4.158366700956504,4.180913145426752
CHI:23,0.0,0.0,0.0,0.0495567180974991,0.647414132851367,0.127444211839716,0.1601927336940464,0.0,0.000358164993272,0.0150340385240992,44.931067210920254,87.28840053405371,40.485997524058064,78.36659663056975,59.61891780818724,119.34009362178854,,55.20867187931738,0.0823276710494529,0.6965693826197972,0.1579004660063219,2.008942362238186,0.4512059096538046,9.922335558376304,0.26150600271209423,0.26150600271209373,3.486553186882284,3.486553186882284,946.0569098163492,952.2951757275796,945.0324197035104,12.64782089549127,9.836951182173058,9.836951182173058,5797.148725821499,3.4881942322689232,3.488194232268924
CHI:24,0.0010898889368024,0.0983354600657639,0.0009280370606701,0.0283717068668281,0.5654278817887075,0.1960149160313624,0.0722321716540085,0.0,0.0255892036484098,0.0120107339474468,49.65868002737202,93.3674381205736,44.95676731922022,84.3869225457267,82.43429914799897,160.00166875985158,,74.73277315819352,0.2388293755824341,0.6900839874039061,1.9935417488904048,2.0098076255463244,1.957631038495359,9.673168936233532,0.2969098847563002,0.30129876535124794,4.359441824791336,4.397096560427354,3653.106225385082,3653.033369916084,3653.0510288637183,15.996854451216809,12.442305003814708,12.454808348057478,7422.70730305776,4.360537375776208,4.398187210225396
CHI:25,0.0,0.0374104327156673,0.0,0.0501351902797086,0.6672088016555655,0.0916945896293162,0.1373908748279633,0.0,0.0025722289272626,0.0135878819645162,37.96522629445628,73.9788507259103,36.8679245340364,71.57359091889639,53.4430889790542,105.63649214358004,,52.92372517917482,0.097091789252852,0.6980424362623251,0.7599048686266461,1.990994569941455,0.3836232114543705,9.932444732539016,0.2472031906564431,0.24759680063921477,3.4277015314729784,3.432578464872963,750.2522155167394,747.268427033254,750.7352530151264,13.090137309500316,9.756588998605062,9.765038888852136,5219.826033138571,3.4286769390015044,3.433555296670196
CHI:26,0.0,0.0802290527766157,0.0010265641985014,0.0,0.5450139066484627,0.1651414094269558,0.1912867787186686,0.0,0.0007509810202853,0.0165513072105103,32.252176258972426,64.89871729989468,32.91393793476233,66.15844839133129,46.974664406600525,92.3658238724072,,70.43240048124082,0.2357156317794366,0.6919496922460675,1.505196697093801,2.033846539405164,0.5084984752806516,9.908155963154432,0.20790289155662045,0.20790289155662064,3.552817924713349,3.552817924713349,1056.4351740680395,1056.7163880240828,1055.3265619392691,16.73169435026553,10.844651751894917,10.844651751894917,5205.31213561279,3.5533770860128624,3.5533770860128606
CHI:27,0.0,0.1034255172400335,0.0,0.0,0.4400001983986144,0.121569561952143,0.3112721301542713,0.0,0.0114284038489887,0.0123041884059489,38.06763675545677,82.38099174537915,37.42150791290543,81.48427197043635,60.2198819516513,127.01437993234995,,62.57159370868367,0.2043015117668505,0.6949973220636064,0.9359931915202058,2.009658116854282,0.6819049756533797,9.907654334443844,0.17405737950073996,0.17610348959943817,2.946445364119384,2.9801989935380173,1249.9560057712936,1253.5192521667536,1249.7474764275623,14.3185287279953,10.270633892629135,10.36972934207348,3998.4914507937,2.9475649014549288,2.98133179300045
CHI:28,0.0042571197277608,0.1439800287247045,0.0052941814219536,0.0,0.3147470408261978,0.2880593398042282,0.1593729110104996,0.0,0.0619930645872079,0.0222963138974472,52.7040876271728,105.57531822047552,51.22026550159664,101.82040437388828,105.67743673592275,228.33612247704363,,73.26640509506613,0.4564886305176281,0.5986712115949839,5.282937386636405,2.2213331097618862,2.8785254391928863,9.026987351563324,0.2562319863834044,0.2582132066470859,5.559210431904882,5.545974859984693,10320.178236441609,10319.753121739692,10320.976433011929,16.171421905418665,16.647079301485594,16.522640456193916,4606.880801993141,5.566341451088785,5.551893249622994
CHI:29,0.0,0.0,0.0,0.0,0.6074730515167233,0.189110309985215,0.1688211131097229,0.0,0.0223050031947841,0.0122905221935546,39.67818720110401,77.35727871425145,36.68436048337247,71.705547723372,52.568969279728414,105.36732276035691,,62.1114835337103,0.307803337037692,0.6887228416997139,3.2241170002911037,2.0138822476878,2.597081277317777,9.91644552160064,0.20273435440224422,0.20370847193970718,3.444048764775488,3.460000542632903,650.5478553880604,650.8465048385671,650.404039794311,13.401687197657909,10.920190816690576,10.958726827591324,4186.273692597079,3.4450629412046574,3.4610200720367343
CHI:30,0.0,0.0566532482476144,0.0,0.0,0.6741147188219716,0.169539556744229,0.0652862515602131,0.0,0.0204992464276089,0.0139069781983628,43.3551948552787,84.30122352650623,42.38020252101607,81.69906881083494,50.3230028122542,102.84257467605316,,32.399727595843665,0.0085024855544413,0.6968053541228116,0.0603360804871868,2.003071144396508,0.0301970428155051,9.928570515438771,0.20752020376711602,0.2151970934175722,3.3359146485621483,3.4216533539759646,1107.85663537021,1108.4648582922384,1108.2104994537783,9.579161477092894,9.847642745876174,9.952006921705989,6009.543585250541,3.338728820720462,3.42441054058483
CHI:31,0.0,0.1145807200439725,0.0037033629635366,0.0,0.4752002098460373,0.2266761553739187,0.1475365895373099,0.0,0.0097398594977919,0.0225631027374331,44.1040933426281,82.00977666846686,41.917820418841146,76.87445033915117,63.61945119652386,120.26355524281055,,46.49527219832944,0.2585638507687789,0.6904925249448861,1.5670618843765656,2.006948042279725,1.8710831463314808,9.559796361103352,0.2510299477546923,0.2649934689590177,4.333983377881726,4.481800541897528,2546.776859059512,2548.8349265736606,2546.085812654377,12.231814896572896,11.80645691678237,11.964381567494009,4454.889126534793,4.335693488107263,4.483355239237505
CHI:32,0.0,0.0210110662522461,0.00657975922376,0.0,0.060584330567882,0.5838737985288364,0.1040791729025343,0.1844549285765669,0.0231786704032166,0.0162382735449572,141.85271115839723,283.3718378350589,127.61202095296208,255.7172408906661,269.5814135831365,592.7370588669153,,90.43517912086298,0.5562533015805666,0.4641453566585454,8.84538814215975,3.2768721437393244,3.744280674766909,6.849795065084728,0.28202266082291233,0.3048630649695413,10.931296110028176,11.601298098445383,108505.19503624532,108498.71496466368,108540.88804589912,18.988508164768437,29.992669060904493,30.626364137078266,9853.41139256463,11.090217659718224,11.76754260306787
CHI:33,0.0067927587365955,0.2002070021629267,0.0041887420112647,0.0,0.1857175578170092,0.2541047283546292,0.1376809583143048,0.0173211466655189,0.1799388707023944,0.0140482352353562,97.98521802195776,147.21757586501977,89.64913399991194,133.69627547105105,155.14069226528702,240.8239941024289,,51.72930400928509,0.4796630199662777,0.4142409977008849,6.504778713636311,3.0878411570229582,3.015440856788038,8.462850430520415,0.2517105878980038,0.2535900897830439,4.977828651947634,5.009467983485236,2802.7245142111,2809.4094822986185,2807.7933909214125,14.082470668664946,16.493352901440524,16.563293537580837,6233.150247299192,4.979128018728067,5.010727411137198
CHI:34,0.0,0.4411320037025016,0.006418995257126,0.0,0.3048762207690014,0.1915976974201073,0.0486298312597292,0.0,0.0046908632196087,0.0026543883719255,18.467816179632138,58.73527808834529,16.41771457811053,53.82857292793233,35.27775984331416,93.84423525099946,,71.77213990059856,0.4809927425643591,0.4282998076286937,7.453845267135976,3.683857790256277,2.444204599089357,8.772432940629187,0.17056101712749602,0.17315703231013072,2.754901856735813,2.7435681805509717,2223.58003432487,2211.772023255404,2223.3633225906938,22.615081491775754,11.226984364436737,11.152282866616126,5385.316103809775,2.756375545944093,2.744719395990279
CHI:35,0.0,0.0915789349035462,0.0129820648852205,0.0,0.4804812243843762,0.2686764295451675,0.0937718225789127,0.0,0.0389008388312132,0.0136086848715634,45.38219395581695,76.86762496471849,42.521377930109225,71.78827247102467,76.85534798906697,138.13274323113512,,48.00162760203466,0.4104031489311079,0.5851593030876026,4.204983938977822,2.319987339502644,1.951038788307006,9.782300234860047,0.13277641152571076,0.13277645847562283,3.5275257933808803,3.5275269053564573,1503.4345313450626,1509.118110633756,1502.4921401705888,12.707831898259228,13.747775926058326,13.747780005017551,4751.303609960663,3.533176910646925,3.533178018591056
CHI:36,0.0,0.2330373341081775,0.0,0.0,0.4234464234957767,0.1268690826761921,0.1956651186441483,0.0,0.0062535158002765,0.0147285252754284,30.317206534680075,55.652630926480576,30.32512778088428,54.54931090382779,44.05425090230432,84.50044964728764,,50.95083033911562,0.2837197347173257,0.7193003328912183,1.9929942620153576,1.7635094956191602,1.0246873666196643,9.54460913331828,0.10734708335354737,0.10735932293409167,2.143350104904354,2.143594486461108,124.79134534079114,124.82941326633446,124.84425271744456,12.98493936193527,8.865561081243248,8.866571854854632,4328.70441736754,2.148638384779918,2.1488833692909024
CHI:37,0.0,0.4965461391703349,0.0,0.0,0.255535294711646,0.1221689860574628,0.1187293962738444,0.0,0.0,0.0070201837867116,24.73983393285804,69.44721487595356,23.037084533771715,64.38377413593561,41.30186411531041,98.0500793227211,,61.11697073791606,0.5784201102798723,0.2888035241261528,10.253120947828206,5.402659007814628,0.9520452545062544,9.189694247140316,0.112455537068164,0.112455537068164,2.069103340831821,2.069103340831821,538.2315210959692,540.8580813529528,534.3073964559004,22.02127304827136,8.541941559435237,8.541941559435237,1372.943101507727,2.069907189929793,2.0699071899297943
CHI:38,0.0,0.0,0.0,0.0,0.6936025676034372,0.1232208778940042,0.1652211454841677,0.0,0.0,0.0179554090183907,35.55375858426098,73.68743963116988,33.41206817583079,68.8341327257521,49.8414292597861,107.30474778638458,,55.53530153205991,0.0645830936454607,0.7080313751987664,0.5762062364328207,1.8852427851308269,0.3526407209117916,9.967447155135524,0.19108299674163307,0.191082996741633,4.1789329201292125,4.1789329201292125,714.5691585150937,714.4078279451767,714.8362732217645,14.045765725434054,12.765472189180244,12.765472189180244,5462.484057883711,4.180936907684652,4.180936907684654
CHI:39,0.0,0.1554657842298372,0.0,0.0,0.4601772445535745,0.1217433968952195,0.2270719010637774,0.0,0.0140009372835924,0.0215407359739987,42.93504410591148,75.43654439283608,39.84848501243693,69.39052341469286,63.68929871786127,114.3031720072158,,48.540945885522206,0.3855220401343712,0.6978615136046289,3.830422524153012,1.66491502018671,1.4671819127064332,10.270138272534735,0.19222111736421507,0.19222223242046943,3.384357042444392,3.384376210308277,493.6217115383993,493.5531367432747,493.54360009789787,13.100729664727824,10.97255165262848,10.97260089669366,7083.872836197324,3.386898071899538,3.386917256730769
CHI:40,0.0,0.0,0.0132176592796495,0.0,0.4300006757851509,0.127508901219885,0.4061324005228813,0.0,0.0134689393804345,0.0096714238119985,36.295284122673486,72.93833296834663,27.96136426203594,58.59709032515865,45.70705179976183,97.51303835250908,,34.319364860029566,0.1971712738721776,0.749447102310528,1.5373012330624023,1.5160609426763147,0.6774414764420502,10.211894670068544,0.10705728379974305,0.11080817201951904,2.376567549466688,2.4591619539305394,187.9660317785892,187.8665655396105,187.9080499715706,9.208957779738498,9.467453039552488,9.74401189269128,3230.8524508883,2.3778311171233817,2.4604749990961343
CHI:41,0.003088216772936,0.0573911148269275,0.0077985125525057,0.0,0.5191753927616848,0.0888842189572837,0.2422567462101549,0.0329664212329783,0.042525474589659,0.0059139020958696,53.43236972829607,91.4299625634136,43.5283234896548,74.47525860024948,77.76120120008451,139.0355517498965,,47.28741845649871,0.3242606299867288,0.6789964743047006,2.010909096172175,1.8618197217016816,1.2662618646228123,9.933390896856132,0.23474409882203962,0.24042918091984178,4.320922427123759,4.422038548188883,7006.210079770764,7006.186741879614,7006.188008344769,12.331349354850357,12.174928815938047,12.396341139837231,7035.009243149577,4.324566498636574,4.4257725049906975
CHI:42,0.0,0.0,0.0054575665002991,0.0280801485091018,0.5659456737822728,0.123307920023035,0.1870676048900837,0.0544070625697932,0.0223987982963028,0.0133352254291113,48.693328761509655,92.45342996597704,37.0503455546784,72.67832172409175,68.68849403882767,136.81022670618745,,46.58074012722681,0.0357505185708815,0.6966317092648007,0.5041616068521715,1.992066321211298,0.2827188271320615,9.926915259645352,0.16421653378490836,0.171332333668786,2.876428156809644,2.9998655182644582,506.3961492937464,525.890438599218,525.8903769804797,11.964563483784406,9.01374539290016,9.349850565717594,4550.776166687227,2.877345698011035,3.0008231632242954
CHI:43,0.0,0.0088134357423219,0.002988520570133,0.0270339138038097,0.68356501596734,0.1216671676930014,0.091880956321486,0.0486662540841612,0.0,0.0153847358177464,45.05970956603341,87.64300555467813,37.77654802025201,74.26901495988372,62.88796008214744,120.99735172929032,,60.17387960274286,0.0423768878269008,0.699227257304271,0.2743447432830017,1.9834914241689865,0.3131481841964572,9.921868640164304,0.25138348285968276,0.2513919112739441,3.518793041006476,3.518902647921187,397.260675117354,397.0839942000096,397.0656839453874,14.153127239694449,10.210120049797638,10.210307041742208,7074.802114777027,3.5202487775616857,3.5203583739498066
CHI:44,0.0,0.0806728659210882,0.0,0.0,0.7020927932503589,0.1305439813309573,0.0736695199661759,0.0,0.0032847317542473,0.0097361077771722,34.5470992439858,66.12063661202879,30.711997836301705,58.55781265492156,50.69333931527224,99.19504885248354,,50.77231323697878,0.0821481340576307,0.6981727585958046,0.5142464511589959,1.988886376443986,0.522249462767757,9.924293275874788,0.22404722401162788,0.2240472240116279,2.882239820184349,2.882239820184349,552.2165377328049,556.1170667429714,551.3436408752793,13.613302397583093,9.240226744583572,9.240226744583572,4156.777325123962,2.8837565687256284,2.8837565687256284
CHI:45,0.0,0.1632596400563749,0.0,0.0,0.6284776529674938,0.0749603294061793,0.0573268291400348,0.0694802002106294,0.0,0.0064953482192874,25.7888332319738,61.48093019650923,21.97459159384668,53.10750981136847,34.53334267319645,82.25597667038176,,58.725491948714826,0.3196390210158213,0.640349351031376,2.2681185456568693,2.028879439229434,1.938773992828434,9.829047710690867,0.21037421725360775,0.21037421725360733,2.409099466124703,2.409099466124703,886.6566615935807,886.757734806134,885.7053291490279,15.655806795775623,8.174083801437074,8.174083801437074,2907.6302203336527,2.4096213293935,2.409621329393497
CHI:46,0.0,5.244488610495042e-05,0.0,0.0726435372461553,0.6500196563220643,0.1496185324125242,0.1134916499128926,0.0,0.006049822089055,0.0081243571312036,32.245144797368795,59.4960183128927,28.208114755224717,51.96607069715336,48.6395368392712,87.5397295228038,,43.88825289441928,0.026308273629421,0.6986510047858021,0.240552951556503,1.9893214878796532,0.1098865299082305,9.923653075324316,0.15416360927293807,0.15633226399343794,2.0987336231442675,2.11888161789306,291.75879751649376,291.7419306579185,291.7418526137841,11.092612957998384,6.767795785436914,6.799693793165557,3152.959125019401,2.100144968258277,2.120304448419932
CHI:47,0.0,0.0,0.0,0.0648595924855379,0.76338195678634,0.0381636784137252,0.0906542708283408,0.0,0.0,0.0429405014860558,23.42996330509749,56.686683920875566,22.49599580978393,53.40431192154902,28.57705074530469,81.34160479464477,,38.0288267250145,0.0781242550089846,0.6956546209635808,0.0780338459757887,2.013458103972948,0.0239159820998065,9.918229779221678,0.18830819946905347,0.18830819946905344,2.9164479195551056,2.9164479195551056,1071.8985600496255,1075.1016955649434,1070.8017640973735,9.03498855438502,9.680888582038794,9.680888582038794,1602.0138520112512,2.918424913615285,2.918424913615285
CHI:48,0.0,0.1681715510697319,0.0,0.0178654093434808,0.6196740944971029,0.077135858369463,0.0696051710958831,0.044606952017189,0.0,0.0029409636071493,32.56660712630321,66.14426875287101,30.508001789946515,61.53226833307653,40.18515819025773,87.32508248611296,,60.010640776327456,0.3001091861808223,0.6966638842113964,3.105991399911193,2.0068164772375687,2.916773580493322,9.915811623926173,0.2011953820776299,0.20119538207762985,2.423101891290711,2.423101891290711,553.8926690159973,553.7643008296459,554.0295496160494,16.435161077089397,7.993220095925975,7.993220095925975,2887.18756212628,2.42434332939122,2.424343329391221
CHI:49,0.0,0.0725174697861108,0.0,0.041416417406777,0.6811927938952047,0.0631012267851598,0.1363622644089782,0.0,0.0,0.0054098277177692,37.10069358178807,81.84780029431626,34.508001491375495,75.91053504556187,52.33969242473541,117.43886936813358,,52.21115822834837,0.0996893773535817,0.6968748423309218,0.2038320044704535,2.0041293592596023,0.1959659900756722,9.916165507075586,0.1894052443964561,0.18948630960894483,2.482125828663737,2.4826300374819765,154.7769398064142,151.979184206158,156.09620950687278,14.096628359574348,8.34945879393312,8.348925284280176,3113.778945667233,2.4834457836930706,2.4839498944207867
CHI:50,0.0,0.3082434534742754,0.0,0.0113683275010093,0.4290159477597847,0.0634396863398841,0.1526160537153316,0.0,0.0179104681008851,0.0174060631088296,28.55308649816937,59.2822721207201,27.085113515894385,55.48518041998676,33.72172163637268,76.0200585187695,,28.6644636222476,0.4274659854186927,0.6564039591074391,2.195779103814659,2.039306171084972,0.9241580217689762,9.899222324142348,0.1821300108694639,0.18213001086946398,2.4017369476492934,2.4017369476492934,531.0782614774241,531.1030588958886,530.7518835871219,10.2673255644691,7.895383649541485,7.895383649541485,1245.3139140239582,2.4050819566233503,2.4050819566233512
CHI:51,0.0,0.1471276611267424,0.0,0.0245248402836815,0.512241252656122,0.1646922054590904,0.0972095200003348,0.0020367295755752,0.009203324878067,0.0429644660203866,22.871790350536585,47.00918743105933,20.80098657419672,43.33512082643253,37.61887442034492,73.19668125743686,,9.43216248212724,0.2226795618813467,0.6960665936951584,1.147612532809571,1.997615504813716,0.4120679981011079,9.918498686074244,0.05865295496985654,0.07130847424422099,1.5439846586770585,1.8074032616722684,334.5346941177246,349.8512367138146,350.5886730216125,3.7680424252935993,5.1546654853868885,5.734629848277656,500.2637248932109,1.5648467042361531,1.830576381690278
CHI:52,0.0,0.0745613994887756,0.0,0.0711553983285135,0.6475319569217083,0.0813025967330383,0.0722506690490085,0.0,0.0375449217738739,0.0156530577050815,8.556591650915559,11.895627719892191,7.132779047372841,9.931383934436102,21.09468159788993,31.395561591365336,,33.51805489968706,0.0228943248034043,0.6959949387364073,0.1109581112257931,2.0131693924544063,0.0269773652122111,9.915370920524085,0.14637804640851157,0.1545998434348941,2.016372125167752,2.0700088586458003,227.0900149152634,227.75727200535783,222.13945673194152,9.99886861067633,6.4927603821238975,6.536222469769439,2810.537126269863,2.019267921637325,2.072182176406148
CHI:53,0.0,8.895131730549032e-05,0.0,0.0415858031984311,0.796867243523563,0.0518132945968478,0.0999910882077041,0.0,0.0033480737032058,0.0063055454529424,17.631077707876056,34.88414422363615,15.895256200337744,31.28588376636182,22.929845274884496,46.67276648426783,,49.43457191169151,0.0289511029205224,0.696542049504146,0.1947186802178209,2.009003925796102,0.0824734716682815,9.916568672050792,0.17979859363459388,0.18171912522365702,2.2940816771614605,2.316151529698315,121.4807171071416,121.44057920256704,121.48656203994834,12.797449579789806,7.806494917437853,7.866210908385242,2828.659882257024,2.296092133187352,2.318162257376709
CHI:54,0.0,0.1544476507633297,0.0,0.0,0.4946170698174,0.131864524601867,0.1129371765865385,0.0,0.0950901675328953,0.0110434106979693,18.553945282048,23.05744868903014,18.553928599073757,23.05705409131609,19.033400870368748,25.78359588462149,,13.466759706044758,0.4686417861251578,0.592770123352571,4.0279394154953,2.108748684958516,1.8878015846949552,9.949695121406792,0.04452226586975059,0.04907561649154166,0.7979467910486809,0.8695831027500082,82.87373105242247,82.89264694329506,82.87896232195219,5.060481114461997,3.975015456649192,4.170307869012003,785.5741412105177,0.7989336226777588,0.8706290916570373
CHI:55,0.0026307828415968,0.0195155021253332,0.0,0.0,0.5606119059239928,0.243332078621951,0.1262361810833162,0.0,0.0334516201782709,0.014221929225539,6.9548712071299335,9.613305940416888,5.7966405860400405,8.011088283680742,7.724183900539631,10.989392477439434,,11.955890824396436,0.0405103138250731,0.6969505000496774,0.0409720335693528,2.0004057580003503,0.0312093381241904,9.9246583854284,0.06907859965458626,0.08665988393122025,0.891183232163694,1.112938517980559,142.983538068019,109.56433813842143,112.7626208682144,4.024095994059316,3.374716970262837,4.101648671768739,739.2975496751255,0.8931971161561094,1.1154509311003689
CHI:56,0.0,0.0165070558557181,0.0,0.0691198762344311,0.7763616965496234,0.0978704980949547,0.0240020177182563,0.0,0.0109583794912637,0.0051804760557526,17.27825633950021,30.95790194265977,13.549258209038037,23.72079901783816,27.371819274371248,49.91060401289614,,43.0344240076722,0.0052157217099565,0.6980786500243054,0.0447674250624379,1.9949191164734543,0.0208842605715968,9.930283847868315,0.21186172342974716,0.21283031001013536,2.1112576042893214,2.1170931110744653,957.2502959906944,957.410192248656,955.5077182274932,12.104332061863758,6.829616869942038,6.833115886353252,3241.2324374088225,2.1120694508208286,2.1178403522210467
CHI:57,0.0,0.0918117325038231,0.0,0.0,0.7286471086258108,0.1482074277057588,0.0101586311806208,0.0,0.0085946867553695,0.0125804132286167,37.02064882905469,78.19077216594805,35.32149217033348,70.85980218050112,40.87376617893253,84.8474078104068,,33.130211526581405,0.128178929659642,0.6971136189995358,0.103850403936692,2.002150805714383,0.5738517335400228,9.93182536262328,0.2790344512205209,0.27903445122052123,3.003758383871412,3.003758383871412,1880.9315729723608,1879.8481467797144,1881.117275712859,9.54922109207022,8.586263638902706,8.586263638902706,2735.783606530137,3.004400976020645,3.004400976020646
CHI:58,0.0,0.0563917355192034,0.0004681425127998,0.0,0.7011346092441381,0.1759441800454549,0.0497626927710552,0.0,0.000337897359125,0.0159607425482234,34.71309128973312,71.08836825762722,32.7433409349919,66.94703856974095,48.73954218864167,103.42272611851016,,46.98024408991115,0.0523277114428023,0.696258062141551,0.1220472532958505,2.0041510722621907,0.067987122794376,9.926287892140197,0.2590561705561311,0.2590561705561307,3.192916189951846,3.192916189951846,949.44386879901,946.2076783605356,950.327410552783,11.8877384779038,9.088367458242384,9.088367458242384,6395.652690552515,3.19397326401954,3.193973264019537
CHI:59,0.0,0.0908958201646363,0.0,0.0,0.5386512001645355,0.2733082702303737,0.0803046611954629,0.0,0.0,0.0168400482449916,50.75577000295157,92.07444326330116,47.52055810666348,85.04188816532422,66.54959166809275,130.87538241972476,,57.09428885251962,0.3097574523701244,0.6564300330808701,2.425856400332349,2.014214710453249,3.0003489020753102,9.69213263876508,0.2238695505079854,0.22841541022302778,3.4122530390859693,3.4564435202853785,1840.3062808039604,1840.3669878570252,1840.3967185725087,13.97694897554882,10.393628203788422,10.441269864901432,4355.913843284494,3.413140741576256,3.457333650126368
CHI:60,0.0006375322698743,0.1180866450813319,0.001310580263705,0.0,0.6200714017010155,0.142943232112347,0.0798930517112831,0.0,0.0266382695963704,0.0104192872640724,25.945676785744155,54.93393875206955,23.65059880843656,49.06808395979561,42.96140124547748,88.82830336367056,,56.917128848017526,0.2240641049049562,0.6938062363273101,2.227469248400303,2.0117205132558915,1.4423823702751228,9.698789383931189,0.27381239283117803,0.27885032423118594,3.446676321343248,3.4770420670513937,962.4676506235004,963.092563575851,962.9504465324948,14.541850003697812,10.276702859475632,10.280243004605438,6228.35295598715,3.447482554279111,3.4778318156794508
CHI:61,0.0,0.0,0.0015338363390065,0.0,0.6375164927593137,0.142342054474973,0.1452569727648751,0.0,0.0422294183690581,0.0311212252927734,32.67675700819252,67.33541389506655,30.710107120796987,63.16478117920951,44.67312619564172,96.68928274182916,,39.92379722329194,0.0120440199709735,0.6971047248994354,0.0503136908453427,2.005828051771718,0.0520500408592514,9.920133737050389,0.21094369118069084,0.21281623318369255,3.3828773290417926,3.408563896650016,978.2731850743588,978.4843187874242,977.973140664933,10.326659989550448,9.56132970807272,9.611593985775626,3487.584473140506,3.3835902107251195,3.40928755178752
CHI:62,0.0,0.0,0.0,0.0,0.8008601245168774,0.0884632393003087,0.0996890104390063,0.0,0.0,0.0109876257438074,37.72869305937689,88.5485394460726,32.95455368033392,74.6543248426705,45.54293363707156,107.14954863506856,,49.72384614286772,0.0041742472224328,0.697542927066403,0.029141615712803,2.0005140783487305,0.0142372640282211,9.934342139364878,0.24782658504776425,0.24782658504776442,2.653305544121538,2.653305544121538,506.6446324801259,508.0240220768989,504.8067762449157,13.695549829983015,7.640700197271919,7.640700197271919,6018.362294066506,2.654450015767594,2.654450015767592
CHI:63,0.0,0.0,0.0,0.0,0.7631309970439607,0.0925355337629107,0.1281260828200533,0.0,0.0015680308711095,0.0146393555019657,36.64635093075285,74.22469599058512,31.640064161462107,64.76232306416486,53.38941209747216,107.53939742997804,,47.10528201257021,0.0032753345716183,0.6982133763199545,0.028752827376272,1.998466812410904,0.0160812345261405,9.929704132866416,0.27481007183381834,0.2748100718338163,3.050569475353249,3.050569475353249,885.4529004146084,888.214505830214,887.198927459946,12.33124499885091,8.514543622581051,8.514543622581051,6966.6635611537295,3.0514489709681416,3.0514489709681443
CHI:64,0.0,0.0,0.0,0.0482066625227654,0.7434881871276225,0.0828777490873774,0.1112685227229267,0.0,0.0022871667129721,0.0118717118263357,13.422282202960847,23.00648857054813,11.28275526472818,17.50467805468344,24.3163652906904,40.95180206123094,,45.87447903259772,0.1678341649718723,0.6945327715369026,0.1898377327806255,2.019530239124653,0.1062265744793293,9.924220766401636,0.22201716938651386,0.22201716938651278,2.103069490736152,2.103069490736152,914.1343698328792,913.4645897938332,913.0410584390984,11.56150710036978,6.791741378264187,6.791741378264187,3706.76240613792,2.103547817329753,2.103547817329752
CHI:65,0.0,0.0,0.0,0.0244400612460351,0.804001099455512,0.0882401202754179,0.0592745303642327,0.0,0.0097308341021224,0.0143133545566795,31.117505584904368,68.7329838615722,27.59175278450908,60.86340816836168,35.881220113825854,80.95010298163123,,36.37864166536408,0.0045554252423114,0.6981684483717867,0.0345247822648042,1.997762537871124,0.0130033713512993,9.928602935976253,0.2495747637585801,0.24957476375857982,2.5065754891276373,2.5065754891276373,1100.566486566077,1101.3286762148125,1099.825051382578,10.285501845398064,7.561135632416416,7.561135632416416,4401.046474101385,2.510486543761224,2.5104865437612216
CHI:66,0.0,0.0,0.0,0.0,0.8143201746865123,0.1175866058254716,0.0619604579610693,0.0,0.0,0.0061327615269467,30.97815295430409,60.31010660199567,27.46754805334092,52.33359911567734,45.26023359216918,90.17800324602511,,42.96469151605256,0.0041061140788798,0.6989436333418015,0.0361027486429295,1.989993753375368,0.0166665058669988,9.92671807750197,0.2356646495147931,0.24051956199607127,2.684082492665531,2.738746584788499,434.4347937531665,434.8482554268939,434.28450130567694,11.905372054875476,7.784843016657175,7.91469385763345,6129.842568453332,2.6853784958702174,2.7400682653774164
CHI:67,0.0,0.0,0.0,0.0,0.7316463757134697,0.1076064059651831,0.1524773859369432,0.0,0.0,0.0082698323844039,32.41571224911185,70.32467393997376,27.533685451996448,58.91687358418335,47.27399217518729,106.11672925395553,,52.54446671293213,0.0063048499750664,0.6975401073845995,0.0555521173656674,2.002585253475928,0.0629562830934062,9.91775884503169,0.1829217991439538,0.1829217991439537,2.832721092809255,2.832721092809255,178.39299401404458,178.8308313193956,178.19714979242778,13.854216701395664,8.774258414115273,8.774258414115273,3630.6768421659535,2.834617284269596,2.8346172842695982
CHI:68,0.0,0.0885439664494711,0.0,0.0,0.6637026398651539,0.0776407983269388,0.1550684278199632,0.0,0.0,0.0150441675384729,28.657977163936582,59.1202530626414,22.85654013543109,47.86025645989368,38.27423802581617,80.30705354049711,,58.983777534308,0.0569653505582098,0.6973836922694003,0.3268148588150728,2.000250986624813,0.3076680879624671,9.918040682845325,0.14221968024128379,0.14221968024128356,2.6519641887383982,2.6519641887383982,205.1793896432598,205.1655245865101,204.8575315131434,15.238130475031202,9.62127061770647,9.62127061770647,3062.6624492457463,2.6548055927295238,2.6548055927295224
CHI:69,0.0,0.1895436194686735,0.0,0.0,0.4755090464288014,0.1612115933499114,0.1652262165238319,0.0,0.0016442196837581,0.0068653045450233,40.52609817002963,83.67579259698806,31.387836591181063,64.52843207270881,59.840812859777714,122.44704056164164,,53.94096246793688,0.3731431041496473,0.695392991286842,2.60034806198687,2.005968764714679,2.042256725107844,9.889704512435904,0.17718851982219153,0.17828766180420044,2.617475303547016,2.630304250722551,322.27576875466707,322.3503576134515,322.3641684150021,14.613877143436415,8.993733446802182,9.022634065572262,3429.520270619696,2.6176503091718826,2.6304833909773864
CHI:70,0.0,0.0,0.0,0.009460653867861,0.7407139342271155,0.1765168272710175,0.0271309023859526,0.0,0.0,0.0461776822480532,21.933709086321024,45.91602664023503,17.772791786292338,38.5193807260634,23.95607478507473,52.37506127677303,,53.59615718907869,0.1603664591856937,0.6949136959993687,0.5177017182855397,2.0016866855582576,0.4163440725149172,9.91045224427593,0.19857848333385034,0.19857848333385025,2.1765074257400814,2.1765074257400814,348.1706058578272,347.2793268122017,348.366059012376,12.897289884434812,6.928592098609156,6.928592098609156,3271.864225002364,2.178261414458589,2.1782614144585883
CHI:71,0.0,0.0,0.0,0.0,0.7620742484320432,0.1233990555809005,0.1064579511796547,0.0,0.0033020351214744,0.0047667096859269,35.51746306814498,72.06566471067305,30.23963326590933,61.84542950406547,52.474285356358735,109.67635246689215,,57.51743440050599,0.0096303150881226,0.697925398287147,0.0633925294473187,1.995701894129804,0.1082946726080127,9.920193256226314,0.24312581101662173,0.2431258110166214,2.9817776430071725,2.9817776430071725,274.6741172659154,274.2579423084895,274.28165207262606,14.356377453161176,8.975694725886884,8.975694725886884,4600.136173252316,2.982822989069335,2.9828229890693336
CHI:72,0.0,0.0,0.0,0.0311443431983826,0.837135761332168,0.0810191350435503,0.0439202579066153,0.0,0.0,0.0067805025192837,10.32596487719048,22.284919175572195,10.123604166246968,21.66264075372712,15.144132198054416,33.95785601968067,,48.41203420167715,0.1011770235116665,0.6964665175224715,0.5566605595614837,2.0042671231677045,0.3033736129236288,9.935688388174212,0.16908064783268356,0.16919200510428192,2.412372030352264,2.4139508331279864,576.5123396680826,576.8400373606556,576.6039458139878,12.128882368574294,8.246198490243211,8.250193934463853,2415.518000175581,2.419050129432899,2.4206331806660533
CHI:73,0.0,0.066812691429199,0.0,0.0806834726590335,0.7282791094095271,0.0872466824988114,0.0320877736974219,0.0,0.0,0.0048902703060067,20.58667569408224,44.85502927126967,19.043887011502516,40.7531878242508,33.49020970838637,72.49657978719586,,62.76355396714253,0.0377500253508703,0.6974017338452165,0.2316897180387798,1.998459055089036,0.2181687539414003,9.909133272408962,0.20277113559895202,0.20279316238825384,2.5265833777775377,2.526638419039655,211.66745762267828,211.53620922828603,211.49868851976143,15.761122849133388,8.28930102758778,8.289210591742657,3406.4813315365063,2.527364302823114,2.5274194605554308
CHI:74,0.0,0.0,0.0,0.0,0.8050336000345607,0.1323891612367478,0.0480788846884762,0.0,0.0,0.0144983540402151,11.696992038987467,21.827958204687835,10.087480918273364,18.93909218719148,18.73521207892483,35.50011994547558,,39.33349037270119,0.074953031414626,0.6942616858551847,0.3367471030247926,2.0143859759602343,0.6376980978533613,9.927324439587483,0.17328787050896088,0.17421505049531272,1.9788573952065411,1.9875313998704047,495.6676038423779,495.6187317645315,495.9361796532048,10.33482084025821,6.274523547261834,6.295674841338336,2654.695578513057,1.9813641250025944,1.9900404439920911
CHI:75,0.0,0.0712289704464689,0.0,0.0144251632373617,0.7135427664660908,0.1240333418737209,0.0658500568772357,0.0,0.0,0.0109197010991217,10.131333350295758,22.752681398870195,8.655414288487632,19.43167485522721,15.588350720316532,35.1961489841963,,54.75226953020903,0.1170154236553738,0.6969323189813252,0.589773075296685,1.982104087504996,0.5451185103798082,9.92971580645435,0.17168745993501489,0.17168745993501508,2.347659942357644,2.347659942357644,423.7275333499384,423.2585703334999,423.311997366334,13.14225182666769,8.499968535640145,8.499968535640145,2482.7657662429983,2.351679846785267,2.351679846785267
CHI:76,0.0,0.2532461514689732,0.0,0.1675923480768423,0.1260716380782776,0.0945356824866648,0.0821264323070027,8.147907399757204e-05,0.2235846692578396,0.0527615992504019,9.014118208237551,11.379859475606343,6.593910284976082,8.156969172076602,9.897205104724698,12.176741278588402,,9.96453795212166,0.4954201938206912,0.3332837633900187,7.291425136546469,3.140366613989178,2.521080637947959,9.308505640775264,0.047298555870383265,0.04806771702937073,0.673551537715628,0.6828660266352816,1294.5223593609674,1257.540981093372,1297.8320291037353,3.8572605094468138,3.3811773991565643,3.407276208465631,388.8971265574475,0.6767398098106773,0.6860948424108944
CHI:77,0.0,0.0503914763595478,0.0049313735640682,0.07245272015266,0.6514677981563057,0.1876375925090178,0.0172508384437329,0.0,0.0012894687647138,0.0145787320499535,60.19764620571076,94.17084864204185,51.44050485829534,81.25445621978935,73.49507491432134,119.60286798380795,,69.36743857825459,0.1904739028612148,0.6976755355479097,1.3037396143262503,1.9720049254462844,2.642263854489274,9.896489709046715,0.31859036107765865,0.3185903662325581,4.491885071319541,4.491885137685148,1672.762898082025,1672.7372470437886,1674.8236265533592,14.194347675588128,12.049173383095928,12.049173520906097,12465.257064011508,4.494144309573798,4.494144375963282
SP:01,0.0025341166667342,0.0,0.0042343111032367,0.0387039723243683,0.6595075387603788,0.1041952863249161,0.1109882328401755,0.064818927732005,0.0,0.0150176142481853,152.88421193991493,336.0572384251915,131.20294365334567,291.80886394341815,198.95958674383272,444.0627648573909,,156.07586359693292,0.2403426562094918,0.6205797266944841,1.3907312135703314,1.9820695737867768,1.678698877978027,9.196606173629029,0.49997246423045416,0.5004894456954384,6.042592616402081,6.042849575005893,3755.3569082055947,,,21.23192647354524,13.071309338206454,13.068100312349191,11990.173578440792,6.043935239734883,6.044193839686199
SP:02,0.0,0.0361558831954848,0.0053504340985415,0.0012142843204318,0.6745239894206755,0.0403120117476298,0.1224557247937144,0.1053864821752633,0.0,0.0146011902482583,69.2374750108147,139.03045170171168,60.880850614609976,121.73090447308572,90.1159566131481,187.02485466819968,,136.30747832815123,0.2289622987949371,0.5556320491618927,1.5499148830301046,2.0733548564299964,3.9478739249721615,8.716193597844487,0.2952883132177736,0.301527829085283,5.078581729582355,5.181269613722299,3123.2042320475275,,,17.05347354726606,13.428408349947576,13.537930234099694,4938.885460848965,5.079627698694963,5.182367752684487
SP:03,0.0017939090137074,0.2085058264397234,0.0,0.0,0.6102593904080645,0.045990970599482,0.0082230060797744,0.0,0.1033617099562445,0.0218651875030035,40.93889464169183,77.10518190382855,37.43582968442417,70.40898231793376,59.96594403171605,113.98158466652728,,25.747510340074136,0.2945733898787878,0.5104292179876966,1.9605511167801264,2.514839141147238,1.456669718418352,8.743695254841619,0.06501524129823776,0.0653675298000973,0.8300205210439823,0.8334316932169892,352.7393597299598,,,6.239721430143499,2.9672835233821453,2.9739779663808137,2266.256178009396,0.8354221885389426,0.8388608124236183
SP:04,0.0107575763235342,0.0,0.0079027310187064,0.0142844736053678,0.7499278336200365,0.129804251014531,0.0315971609669485,0.0423136200578681,0.0,0.0134123533930072,216.5639570747697,440.6532983158484,203.5670678736313,412.2766566235436,264.531071307017,535.807324589144,,163.97642218562387,0.2151302172894314,0.604530570675021,1.6498578622902995,2.3217521429057104,1.0422995614538395,8.999044234623861,0.47464028094331784,0.4785442291455584,4.822803459583356,4.838086965127473,2505.7372853564198,,,22.347326716590647,10.786666382188024,10.777331433666744,13044.148816767272,4.82596229857879,4.841266061485069
SP:05,0.0070420146855386,0.0,0.0016106883788959,0.061609167928326,0.72149718864633,0.0811687415895187,0.0498023484085567,0.0537988700937712,0.0005015226970364,0.0229694575720262,190.48656796024991,472.3609327367851,172.36259279243518,434.6845291958712,256.50566363276755,637.1690491474164,,127.91649881222362,0.2314078593992177,0.57590572242322,1.690131456131233,2.371154473284712,1.5287667125096045,9.091847794937296,0.3925188494573053,0.39322044148237484,4.955178147419438,4.957379008869598,1388.5524328456024,,,20.81699766130588,11.77817238006956,11.778822298907793,14737.14333711091,4.960019024397419,4.962226967748752
SP:06,0.0061645602381297,0.0628538141332003,0.0,0.2224626968945859,0.2277039095847606,0.0399127172488105,0.2250346549894901,0.1447814343672084,0.0230491200642615,0.0480370924795528,335.6169973575454,666.3491175125722,307.11416675472947,617.0818361528767,450.3731154814586,907.862975613686,,84.05786874567329,0.4370205051945422,0.5106233090923709,3.63854556857637,2.375803087206508,3.148954578877912,8.209797094135311,0.3050039346923622,0.3128453084188866,5.816991537148192,5.948422964505136,18847.709395251448,,,15.142568653198502,17.07980320400501,17.00664687804818,5689.1345385064005,5.8253050140451,5.956937232562046
SP:07,0.008127146343557,0.0,0.0067075955063458,0.1377952952866949,0.4895810443425697,0.2049664788703853,0.1092884847357853,0.0193050106805373,0.0,0.0242289442341243,375.9995197184722,823.6097082155808,336.9129355727071,730.3587597751482,508.82686639170976,1113.318379905421,,107.07391776298596,0.3111643638375461,0.5694406971750676,2.1210024543053363,2.237121182110353,2.9047405619426474,8.646328379971616,0.46180918832251405,0.4618091883225132,12.736150675078813,12.736150675078813,47586.897550483984,,,19.20716557909259,30.51547639906909,30.51547639906909,21947.775264254826,12.743058167259631,12.743058167259674
SP:08,0.0056965388248758,0.0529247924949137,0.0005451609669566,0.0062472045306559,0.3878265131002313,0.1520920108650884,0.2219331425334668,0.1257130481319424,0.0040856666308332,0.0429359219210355,323.8992492235157,692.2174158592511,300.906029858887,631.4116293621727,422.17249027675433,906.6055927003011,,89.15133208708531,0.2486506652862534,0.6886061126806453,1.3098301270220147,1.7341021276950346,2.1274199418493165,9.280747365710347,0.44220011885864835,0.4470904414507527,5.185779522720017,5.238568075975382,6511.193757199439,,,14.985010945687137,12.970797533544468,12.938731246632742,9185.643233152434,5.187138018597306,5.239959311246571
SP:09,0.0014507526801647,0.0618933848333181,0.0076643055564346,0.0220356208670067,0.3756103840189586,0.1097780986347779,0.1598003241389836,0.2410742103941556,0.0,0.0206929188761996,154.15125820942723,335.3916486968014,150.4090238060812,321.5798559065933,210.15288484910172,460.71716351885874,,90.12150612925768,0.4048600032175228,0.5792710796753814,2.45188650255403,2.0620124026309887,1.887931171981924,9.139913954052927,0.4141232485414536,0.4316951290924418,5.417636407495141,5.567722510871053,15420.18992776181,,,17.135590944587832,15.128182590816357,15.068034820978028,7919.240370975271,5.419677934068691,5.569797699152393
SP:10,0.0195136747588289,0.0,0.000789401432792,0.1377036886229435,0.4137427561462813,0.1153505611837795,0.2233760666234339,0.0571452523083078,0.0,0.0323785989236325,316.1741644695989,767.8436344492245,245.1043382561816,603.0978702158062,405.8056461025062,999.3690882056884,,109.939375900116,0.2862914950627437,0.6388000597744414,2.0531794473018703,1.9268389307435831,2.513531441038835,9.175188430247603,0.5657633697201793,0.5657633697201799,6.489001079910505,6.489001079910505,12663.668383436694,,,18.01688424974588,14.714335043976764,14.714335043976764,10689.699816999384,6.489703954530094,6.489703954530082
SP:11,0.0006980182925769,0.0290036505667219,0.0119382125359461,0.0264045167736928,0.783865478075895,0.0360787838450578,0.1005128689408709,0.0,0.0034921068424308,0.0080063641268074,215.59566830318195,455.9545694115412,213.3629454700913,449.47245924048855,263.0154979598016,560.9554150186215,,71.85796933299477,0.2582519562866983,0.5263120261678993,1.618064964564233,2.321759185404194,1.2463650783295126,9.017851437367389,0.2006483411245463,0.20104722298984737,3.7527300150423177,3.752420814770325,622.5106581597468,,,11.532587292767094,8.712567077306712,8.70499954320855,11531.552593526058,3.765103921440524,3.764730714377372
SP:12,0.0053486108151645,0.0806314577219515,0.0039506633129393,0.055542246269107,0.4673694889133929,0.1432934428269539,0.1429307629582348,0.0529213104581158,0.0273110955676514,0.0207009211564886,144.1247352092295,302.2050574519501,121.05001463722328,259.01257217029416,178.32577969814375,383.7057651298641,,95.63141938152052,0.2954583473960293,0.500655904483145,1.9330455931404047,2.199900635762725,3.0210212574638806,8.81858369789667,0.2524373019063292,0.26100547869992635,3.841289819616264,3.965033273386712,5156.687358464976,,,15.1446971467351,11.53615478202487,11.757428697354875,4036.598033996634,3.8492412197619137,3.9732569444195542
SP:13,0.002479298903456,0.0289461265485679,0.0064179888727589,0.0263716222098589,0.746085821646428,0.1055887637287166,0.0613515621496455,0.0,0.010694880665298,0.0120639352752697,207.1693850868123,410.28250114921457,207.1693850868123,410.256990767216,246.4578938326886,503.2875753726655,,76.19443852674142,0.224138783631453,0.5638653497131378,1.3427334492811545,2.1689031056503323,1.7665955247023222,9.080516038051671,0.20276479604774553,0.20323305796272254,3.4925554195949395,3.4896841139857644,849.0771937863968,,,11.751833571889174,8.5346248057562,8.521324763347671,10592.07256259376,3.5027426845426435,3.4998112046818406
SP:14,0.0023789672120115,0.0,0.0068382439129384,0.0885594626451331,0.5900555396542086,0.1078504719505686,0.0957669632373731,0.0764628144639288,0.0,0.0320875369238377,136.8846770558542,334.55617338000866,108.41602098528126,255.3986404774714,199.6413186717457,485.6077782310222,,118.75099523355853,0.269810001212282,0.6209258500429375,1.3145786630038507,1.7359830879559988,3.2501137966835643,9.107009662525083,0.4503661761744584,0.4516826825972568,6.596247221139546,6.599051234492531,10984.699497954496,,,16.964253887451676,15.297185785022618,15.288881793801218,11546.725488910784,6.596892524218551,6.599697408054685
SP:15,0.0043341359113656,0.0,0.0003120253562847,0.0856439093777076,0.6422975514975491,0.0382330781993738,0.0919334940347177,0.0955823385592651,0.021086703152709,0.0205767639110272,223.65255537661903,433.52300059561134,189.68379573203063,369.5338661960198,295.2676375247568,572.1615640641071,,125.85939821733513,0.2702065205074744,0.696606322763836,1.2093059836752686,1.6873775926954189,1.4071981664598532,9.005023399600704,0.26277699553503864,0.2631007767917193,6.277441711490968,6.277385349595153,6420.236756466453,,,18.269696347917023,16.125742301081583,16.11393448250816,8049.509739973664,6.281585279314452,6.2815354832151575
SP:16,0.002158635089552,0.0,0.0001994573961333,0.1232383377261121,0.6371178868776488,0.0591016922758452,0.1087588169357586,0.0403402831078641,0.0017638672695381,0.0273210233215476,214.42528255655,417.30755153351794,191.89845566686864,371.657502561668,285.92031494303467,556.8270890191478,,99.10504114333057,0.3221858472058667,0.5858336862909129,1.8614783531807813,2.206535881127001,2.0741722077365568,8.833868907962895,0.27330133793425165,0.2779448712425042,4.6161814892843775,4.679035379339388,4068.211494820742,,,14.100491420799374,12.99491540454099,13.02531842558754,8912.371313523292,4.621608631537555,4.684561242158265
SP:17,0.0162047602788434,0.0,0.0004560357018765,0.0652330383199369,0.7770609586243398,0.0174192334304834,0.1036748204079636,0.0,0.0017809847925793,0.0181701684439769,130.73502829659785,307.8453088002157,125.44430404550384,289.9795985128152,159.06081222850509,377.488082262137,,128.9421374087161,0.2626055175645322,0.5293112699376266,1.6227080647478045,2.352548783172939,1.7293487280053623,9.037282119793415,0.3817655830023179,0.38381525946318346,6.41254500008209,6.424270122628319,1589.78451317971,,,19.453535504573367,15.14560858656853,15.151530709816056,18784.52708619877,6.446385164371946,6.458270844160314
SP:18,0.0215265232151887,0.0401599832219482,0.0088090705922694,0.0708749352983994,0.7317148494521294,0.0386601908489136,0.0647644090697433,0.0004812268924924,0.0071508501667911,0.015857961242124,149.08530520202137,313.34621893985,147.7918229549361,308.7929790708593,182.5340946308746,385.26666128582696,,100.70640239451568,0.222896700198228,0.5779676589798757,1.4072989176954365,2.088748620720154,1.4150071679630931,9.050236521405932,0.27142232550121764,0.29334278792611085,3.407260114036012,3.6739012260524806,771.9432804847905,,,14.919774988467482,8.21496440134357,8.807549988435339,10231.98670666561,3.410041444516194,3.6768413707315446
SP:19,0.0031511941876202,0.0,0.0003620111928797,0.0602984390227037,0.795463420604926,0.0556565565721839,0.0712983530243346,0.0,0.0011542172791173,0.0126158081162342,166.09861908487613,367.0938034805831,151.21288804628568,335.86789917834966,214.83779123336484,472.8713751565355,,144.49182316847296,0.2546165858234908,0.5387369683614454,1.581027822873561,2.2137573861102204,1.625151130036139,8.97855815871153,0.41295390796327636,0.41434418236201304,6.443956334891819,6.449520205169889,1479.728608557343,,,20.35261434650096,14.129314428925836,14.133647641207848,19538.806743738405,6.459274416551657,6.464837374620521
SP:20,0.0050676871638944,0.0,0.0,0.0052982434950043,0.6847752182023312,0.1245814546491069,0.0862698605803406,0.0700285520224796,0.0,0.0239789838868428,208.07918011736672,459.3241466735796,195.48220946170807,424.19895150785806,266.9480205331212,583.5886015506885,,156.43167417455572,0.2319354409377482,0.6893112956752562,1.163110431185916,1.827775520335169,1.310903254247986,8.883066536498948,0.4382933735707299,0.4414181573998572,4.780257136142136,4.796539364582269,4170.313460376031,,,20.56619597895997,10.84654898734652,10.843887459652416,10811.096536989282,4.781111357178624,4.797393079999978
SP:21,0.0003925334403971,0.02315032896346,0.0017323080643567,0.1034212447627056,0.5948367644919843,0.0606954473530488,0.1573219071219932,0.0436926495138929,0.0005886762523078,0.0141681400358532,120.13960963104698,244.5029402030488,119.1170323524628,241.9096805278756,176.6330247089216,349.77527767247864,,137.58110394948105,0.2268014887343124,0.6074912847773801,1.4346462148014492,2.1362518273188518,1.5966942411767633,9.13328383328694,0.355258346579002,0.3590464021237651,6.052388039741182,6.101078661717279,4894.622951971874,,,19.78872248451959,14.476268593816174,14.42915858320596,11234.617246177142,6.053826817746,6.102550932212813
SP:22,0.000360222388049,0.0,0.0007472208447579,0.0627095987125011,0.806683759585926,0.0216721070055578,0.0892908863888667,0.0045513042622663,0.0,0.0139849008120748,209.4514709310745,419.3439000218757,178.27875191914634,361.8080370799484,255.9968702905417,516.2244853797313,,142.52635298385704,0.2425538446609153,0.5834109347483599,1.5590649920802635,2.180341508658673,1.1233437776114776,9.165944351994538,0.3989985653681458,0.39956854712340667,6.549186497324723,6.550809186349553,1892.0326013653935,,,20.44775503256924,14.171134806975198,14.173811046969844,20214.80043657243,6.553583761009021,6.555195910254496
SP:23,0.000975123068128,0.0,0.0030820015816102,0.1042111201964249,0.7616293735613218,0.0346120048242485,0.0813899925778283,0.0,0.0038491500484843,0.0102512341419537,153.94449775573753,325.52357428879327,139.60821769376676,296.0259068170163,197.53937619575004,417.64998452046734,,81.28214872720785,0.2359006003631879,0.5382011889379619,1.9168371968398783,2.409143454198852,1.7994406927468098,8.942073203783705,0.21257440084955348,0.21423181124568544,2.5476640516488223,2.565422100438616,1023.9959870613596,,,11.797005717738177,6.81275913251262,6.839416148799423,6521.437047740773,2.5577657247167265,2.575589662241251
SP:24,0.0060398355094289,0.0,0.0002455479209091,0.0792934483783867,0.7983649183843152,0.0333407392970588,0.0664736131855672,0.0007649581443115,0.0,0.0154769391800222,129.32845743457446,310.48812960120443,113.58423436552636,274.42925809825266,164.072796549721,393.3654450360423,,111.84405904447593,0.1770374093061292,0.5259810744535932,1.8541722285464048,2.6370227694616317,1.3466753494941344,9.30352202680259,0.36416490687379555,0.3647560073436332,4.74813857027118,4.749742629442812,1407.6944583680809,,,17.232375286153925,12.112478676667171,12.113896845337496,13117.716927316384,4.764461750269304,4.7660595743224405
SP:25,0.0156147989974612,0.0,6.337334115551447e-05,0.0187288493637895,0.8296408063592821,0.0366492137636253,0.0705945668439669,0.0,0.0111814015880232,0.0175269897426958,144.243248615828,282.13673844423306,139.87823829469218,274.7334406830964,163.43389294289847,321.15422514621963,,106.46391415497158,0.2192824973128018,0.603604641479629,1.3951682027093717,2.135909020309036,1.495719878038816,8.739181826414445,0.23368861623761092,0.2345711520978453,3.29683031345064,3.298666812355536,562.9331785574709,,,14.779639726243031,9.572626799561403,9.570061981670532,12982.95234969194,3.3249422328382616,3.326611838396272
SP:26,0.0034093864538146,0.0,0.0077679443276022,0.2446803785250901,0.5631099065032468,0.0841066917836648,0.0830930664022654,0.0006545763106993,0.0,0.0131780496936165,221.69172054594,605.2818369256655,185.570437367205,523.1189844375534,304.04011736714983,828.3933263499205,,101.44031746052278,0.342295284802804,0.566061527611296,1.7361622861008763,1.7625583624458745,3.348307290470172,9.001410750661076,0.37516913608486474,0.375169136084864,9.97974219378202,9.97974219378202,35458.68990944705,,,16.54538713820506,24.961361098260177,24.961361098260177,13796.07341963002,9.989940676421412,9.989940676421424
SP:27,0.0006760837634348,0.0046436243418571,0.0018609219814398,0.0029515862088652,0.760581482884475,0.1024534125650166,0.0503991314795597,0.0570596669452478,0.0,0.0193740898301033,82.4355074199712,180.17945359929288,80.1092363619771,175.95640181408552,109.57616793565384,237.39171738357345,,97.467794944429,0.260662334928859,0.6231141954041521,1.3886224752896366,1.9135471069221404,1.7375532441288009,9.070209650581186,0.21974391137030333,0.22320816263431123,3.818802243169406,3.8761695033848937,2093.0708049299697,,,13.23688373271537,9.191913029850287,9.30523374980018,8586.21285768311,3.820871645511314,3.878244515727451
SP:28,0.0032703577006082,0.0008167859770118,0.0004522895908291,0.0545309283058883,0.7491606633812905,0.0821273479797716,0.1005935303834934,0.0,0.0008544132842786,0.008193683396828,120.8073170307151,239.67434664014183,116.973412962112,233.06796155682133,146.6658313534535,290.56316915628224,,106.43139720312551,0.2327914626619058,0.5717456096544552,1.473521947167959,2.1429043720037755,1.6278340443142802,9.252419426970466,0.358700644416125,0.3642964913932812,4.342740885737616,4.403379144137479,1409.2143374752138,,,16.23324574984628,10.057819447022217,10.184932682402748,12030.59657354204,4.345046965810944,4.405650307520661
SP:29,0.0015335477119266,0.0118983856474681,0.01349247364141,0.0015151175418466,0.7295267005810275,0.1150941815627825,0.0882432954017964,0.0235884701252082,0.0,0.0151078277865337,191.92403255259524,424.823694668012,180.8334943990973,399.7142918730241,246.1539300761592,547.5199208646729,,143.91930372248328,0.2663897461203736,0.5402954487800535,1.5035599362642982,2.2387795417870318,1.5269300631677505,8.9858280870844,0.32967130844005516,0.33143334757908194,5.587277102809673,5.615062721177628,2063.1530322595736,,,19.86476150979579,13.727104872968914,13.717925938044829,12455.799782700124,5.592477586750979,5.620255491680725
SP:30,0.0013416654269134,0.0290857532865214,0.0013224511144045,0.0115596813003109,0.7739601518053807,0.0693300293620735,0.0608405154875048,0.0,0.0430551915437852,0.0095045606731053,101.23272296332964,229.2562323240801,96.44548953057922,218.4832966818313,134.08625534366155,300.5389459904668,,38.70633203339067,0.2448906881931438,0.5797744232175105,1.5448835500843143,2.2379436064162426,1.473124193442061,9.056964683944736,0.10463611149046174,0.10518157739692477,1.211692860464209,1.2172208641115323,196.79363093068162,,,6.827563602636184,3.64153546843518,3.649034588505343,4147.881712823334,1.227419554331586,1.2330221813054003
SP:31,0.0025272283609098,0.0,0.0007389347430743,0.0350080136879916,0.842958345353923,0.0512101968692228,0.0526347882217419,0.0,0.0,0.0149224927631363,161.59655686806403,360.34070004253226,150.82559245523697,336.09149066961714,202.7646826632304,455.7693979987585,,93.52810979653924,0.2345089305584687,0.5746152119364845,1.5102886647833902,2.1713752755269145,1.1709720145030325,9.264401125883037,0.2998031565130516,0.30222569819720024,4.091219860760989,4.113586359518558,938.0842088373465,,,15.34459993529665,10.706515116231149,10.722744417032002,12266.417045759272,4.138872818831671,4.161306457967847
SP:32,0.0031112421641138,0.0,0.0010379522452117,0.1481958846866384,0.5856922488585875,0.0115846468645555,0.0786169229600793,0.1497092507638887,0.0014530823985808,0.0205987690583438,215.15359919755863,487.2300966189302,186.342417703053,419.6106721036935,298.5508220796168,674.9485964207294,,110.03779239801575,0.3389980566579244,0.6974510687229576,1.679901290418988,1.6253658231536308,2.0589282585025828,9.039828874562836,0.3507043308937437,0.3565539834441534,7.458766784984826,7.582277614587784,11573.75079682981,,,17.609714248840117,19.170027965354507,19.42802398876588,8986.109595584128,7.462467884462148,7.586046634987581
SP:33,0.0005511731718892,0.0,0.0021613887848137,0.0316405523924749,0.7768143520859178,0.0734713168440173,0.0669155198474176,0.0288860547543218,0.0107999037286169,0.0087597383905301,103.75378432346037,192.27143863938247,103.75378432346037,192.27143863938247,131.4141191324991,244.65254264763743,,84.04848568749706,0.2294185609203489,0.5637673769259329,1.5841030007275494,2.54809625874079,1.2476000228757247,8.816028867148718,0.18766573009477672,0.1884303585307611,2.498245246698488,2.5032127719292823,498.1538593847447,,,13.478550820513428,8.007925287558288,8.013588575382611,7705.220597886365,2.537099624922301,2.542159465026432
SP:34,0.0064424316498712,0.0,0.0033786487267812,0.0614759394819193,0.5872073370320451,0.1441476631352451,0.095112021380644,0.0824883701015877,0.0,0.0197475884919061,127.34727848819368,299.4294063471992,115.24350420120612,274.59887235709766,175.65707683420476,421.9781820409542,,118.42130058382662,0.2751342518509051,0.6991173540664564,1.173867903060784,1.5508593493903675,1.5476333622331158,9.223137490722728,0.42964177730243375,0.43400114295596337,5.630423330284647,5.648647531705245,5527.023558782971,,,17.135111930507698,13.197568848340325,13.199273625602764,10612.825890065458,5.631408179197018,5.649636050921992
SP:35,0.0027506843387679,0.0349743130603492,0.0026157531548888,0.1572971154178108,0.5212896187811008,0.0003877767965805,0.1240432515301264,0.1180494568459503,0.0,0.0385920300744249,224.86456563049035,490.8885936326809,211.6959429121707,455.6431080285389,320.3101317587584,685.1631337294631,,150.91318939952632,0.2969233348887073,0.6712832246626994,1.5531060754917552,1.908016415590148,1.9324060703046275,8.846525988504787,0.253298886532635,0.2572629314534756,9.505373154924447,9.637114308152146,45155.20085540262,,,21.323291767081898,24.447949466235706,24.52265639328177,10135.202017415391,9.509281009773968,9.641088829454237
SP:36,0.0258121705535906,0.0,0.0004553554901144,0.035070189674369,0.8177499487322786,0.0496757631391433,0.0602819182592854,0.0,0.0,0.0109546541512184,134.5695524819137,254.99497098422503,132.10037328681,250.3894600014246,167.34865617935444,318.42682818456103,,149.08003518180095,0.2083713536641196,0.5835577476063063,1.6637442570173628,2.303221418646749,0.994896543288009,9.154555225629087,0.4252139258103371,0.42695766154112175,4.776198475849619,4.77875487015811,2074.964712962226,,,21.27924987067196,10.561728344322214,10.563018041255454,16852.729829145537,4.782738415546846,4.785286397027382
SP:37,0.0057628539095918,0.0,0.0027710481048959,0.0616518281827985,0.7078252210319264,0.0442473547594944,0.1088217302166383,0.0548263713358456,0.0003235757740711,0.0137700166847377,211.4224605314593,508.5258032550561,201.558864063628,487.7547850763616,280.0698400548046,677.8092419510015,,126.93925886506716,0.2563349771747577,0.6081803393058964,1.8828654127754696,2.104497874817901,1.2270331561192265,9.075911882573529,0.38074155106583646,0.3827566428059694,5.15734695761465,5.1624848729847725,2209.1396081382786,,,20.03511805450676,12.449150394281506,12.433130925849667,14240.999695734738,5.162608993435063,5.16776736689273
SP:38,0.0012714495946946,0.0540898173540278,0.0035270550029457,0.0461587621053042,0.7395533318238592,0.0339375827886999,0.0985633100190803,0.0016504026932376,0.002289283166695,0.0189590054514552,185.31355796279723,383.4637593005477,172.9004070966748,357.0492191961975,252.77419662109227,515.2803684565669,,133.70594167526394,0.2606432697328867,0.6214385020189588,1.4345962738218825,1.8508956163917083,1.380072299086498,9.087072379367338,0.3408684758110815,0.3410921084176207,6.15374140281149,6.153671332191283,4236.357069520066,,,19.006796149584385,14.336070992909615,14.336444891619168,15325.975625087563,6.156728205142101,6.15666105441675
SP:39,0.0047919358490008,0.0886881810434355,0.0,0.0355357792073434,0.685536213043371,0.0571535075563167,0.0893143693389142,0.0216572417421628,0.0012219022040963,0.0161008700153588,108.4464520193251,239.8852692553982,106.38748129596124,233.3207937294761,129.75409770595337,287.08331015179607,,131.2967163848186,0.2349634829522098,0.6430845585099114,1.2449557301485292,1.8827491976727784,1.222901458830961,9.005047646874491,0.3874658691408228,0.39171161148921513,4.273068877359727,4.280244972979263,2337.875639333336,,,19.4140655025269,10.778682973126314,10.769275843299113,11528.307382635152,4.28076809454699,4.287980931486916
SP:40,0.0027885216242741,0.157551476327936,0.0,0.0336212528117941,0.4867970614504529,0.143756540862113,0.0882914492308474,0.069846893898139,0.004538196029849,0.0128086077645942,37.50510189994624,97.2470348275136,29.0021863447977,78.59778794572914,50.11127952642501,135.13207042824013,,89.62177684751899,0.2861048800586021,0.5231003496699158,1.8234285502207064,2.21369897237972,1.8337174157773184,9.133493859565728,0.27006408387285463,0.2757769588382621,4.532816859520451,4.607126273189416,5542.079857191298,,,17.37513124417785,12.324882664915709,12.27835403747725,5428.141092480749,4.5362932166623,4.610727702819717
SP:41,0.0015939291638823,0.0601361417554957,0.0047160597135016,0.0408613605895713,0.4750503507390834,0.0925429810352359,0.1068989706721558,0.1154317287743203,0.0331993214911002,0.0695691560656531,46.740385823877496,92.64837734315265,38.310953582534445,71.47987664452377,55.43655115583715,115.86729531190176,,96.22955020295616,0.3005106238793666,0.5337182695325361,2.1016681321194293,2.278319737786142,2.773274919140261,8.790572101532382,0.253800954853455,0.26079827269557937,5.180229609506544,5.307638737824034,13788.624587784694,,,15.147466911681786,14.263776278520314,14.39746728674809,8421.378769913596,5.185797004647723,5.313304823913228
SP:42,0.0020471533839251,0.0730956582548387,0.0067002348901753,0.0342378883621247,0.691437659489804,0.0811581361364955,0.0406385269041776,0.0,0.0436776058646556,0.0270071367138032,122.78417877037283,235.71774759169304,112.2855807080765,217.28558341093893,146.6362027452017,283.6584124946604,,51.794798976038216,0.2641192732278455,0.5022062287119712,2.0077968494098344,2.349746003501309,2.4820545731862564,8.92111205063478,0.16485018185829722,0.16542674263420085,2.702504079257483,2.707618935470253,705.4468058284738,,,9.93188708535919,7.757047033515801,7.76472861569364,7520.503202564458,2.727213634774709,2.732378369144815
SP:43,0.0010107257194444,0.0,0.0,0.0502812102443279,0.8507021095906002,0.0187561728669422,0.0551400381397757,0.0,0.0033138534000608,0.0207958900388486,144.80379454029827,311.6254393514724,134.42881352950002,289.3243702635279,169.91228203969686,363.0255085908908,,61.62694750500192,0.2615590953809275,0.544412428807541,1.378397108225432,2.175944440312761,1.37627548502104,9.186984708853467,0.18941797033453,0.18986439812291064,2.994696274672019,2.997756653524338,415.825041685668,,,10.599775529832629,7.88595147557526,7.888531924607884,8555.552721198474,3.022371431423671,3.0254716007528835
SP:44,0.0,0.0,0.0013614031074725,0.0,0.8703963986903354,0.0252305659347056,0.0879496665290483,0.0,0.0121463437852674,0.0029156219531707,79.9934703468152,213.1025200993003,78.49632403170331,208.19664528692712,96.00428874451946,258.8750151688554,,123.66255435835588,0.1777822412877246,0.6797875391032943,1.33304026808231,2.020820765457694,0.7038127865778048,8.965086464451876,0.3676028633076077,0.38119423292215016,2.858183568178388,2.9475155682367338,796.132909146087,,,17.758281203573134,6.672746682195765,6.823343115489969,14061.59380176749,2.865216121101924,2.9544452030931296
SP:45,0.0070934465022767,0.0,0.0013615734992,0.1317805405399321,0.5303202821933442,0.1180256503378158,0.1639444776567286,0.0,0.0156528645255755,0.0318211647451268,262.92022417338137,635.4208618365276,232.76190634733987,559.1927639475741,354.5458906340377,847.4137096262947,,98.28510266031154,0.2186384200758255,0.7123226757328688,0.9901289760227808,1.6728724072163828,1.7398213991863545,9.6340890140605,0.42214168236470634,0.4221416823647067,10.863601278983127,10.863601278983127,30366.30041257645,,,16.32036676023089,26.13412466968589,26.13412466968589,13109.010691461304,10.86803849340811,10.86803849340811
SP:46,0.0055811045353838,0.0108846577405669,0.0025825890652708,0.0547626027081424,0.7737624394321252,0.0703960784938068,0.0464681171477962,0.0,0.0077175793204583,0.0278448315564491,162.83415549464536,380.0143580705719,148.7764263651152,347.44943233926733,193.877630960495,454.1326347075327,,77.93623940694886,0.2800080590928173,0.5406391619698265,1.5577236624846345,2.21066649799618,1.8468164572858448,8.943300733156509,0.22997221772592322,0.23149271716113443,3.428124335608689,3.4442053477993624,1691.2378673600429,,,12.128808941447636,8.851761151231587,8.835072745770297,9991.325151271516,3.437867493201211,3.453982386704521
SP:47,0.0339453961276255,0.0,0.0014106677051467,0.00676690714194,0.6578296559302023,0.1074373828502193,0.0498676572492959,0.0561170283838947,0.0580672028036276,0.0285581018080476,150.65959646366207,300.2641495686912,138.90151685313228,277.8986160927675,193.7179136428768,386.2420114584439,,71.88076450643662,0.2297466009269023,0.5980384814376698,1.5022565694081984,2.2518470819473446,1.6202585932085487,9.031511866192998,0.192146675513131,0.19269929326552385,2.637119925030092,2.640603386974377,1797.4391942473997,,,11.635066317510626,8.864815514798027,8.870250131229488,8837.605031134548,2.670551211070827,2.674033719904531
SP:48,0.0047519592499395,0.0371253158343239,0.0037084207682841,0.116638214819842,0.5519232696091059,0.0285950207657432,0.1620733896742594,0.0514966306363509,0.0040901260249864,0.0395976526171643,235.75300482198875,501.4625690970984,209.4363409793281,446.5385061359685,318.72542223740743,672.4797057319396,,113.88600799296664,0.3313433790166197,0.5675615896867228,1.7377892954537877,1.986486868507094,3.694517080939925,8.976799218076767,0.41449813918182044,0.4192196719911068,6.301573912623389,6.369028604690379,11820.492512305065,,,16.68058354021139,15.225809382783298,15.188485139475466,7344.192201386755,6.303661722741034,6.371158155407115
SP:49,0.0010132514144353,0.0,0.0078594245006647,0.0598960260432032,0.5628725752742827,0.0649140715052929,0.2019027323675022,0.0806702120109852,0.0,0.0208717068836334,106.15364140561216,332.60761027687494,97.24992998416378,295.3017896688598,155.91908257077634,480.3100118366377,,106.82850588751651,0.2639121683512813,0.6152974327586317,1.5673599712956443,1.848188013470388,1.9126522356431612,9.35209619438094,0.4454779780201031,0.44929082758799316,8.915011490658511,8.989623679122097,12423.423153196525,,,17.39005734051724,19.92454684267143,20.07892829300012,18039.704846898443,8.916406878826203,8.991028709503382
SP:50,0.0044712525373129,0.0251782976739394,0.0048354375898568,0.0619712872599903,0.6744353216393992,0.0942462017730368,0.0507846287329876,0.0441746276306997,0.0191566251964056,0.0207463199663713,185.4702612106588,405.3783485797132,181.18341498971168,396.8905298566128,237.5455059247111,524.0852515383879,,149.92820714211246,0.2415520698814918,0.6056486396791962,1.4663913596186609,2.071719923231699,1.2690141323131885,9.013794739907768,0.3472371466068859,0.3509559419661069,5.760908308139334,5.811426683183333,3972.84603381471,,,20.7574132614624,13.897247966024112,13.835653138769842,12886.945109849354,5.762222142915362,5.812748301519336
SP:51,0.0068973449931609,0.0209480899897759,0.0041038140499981,0.0317738832819012,0.6763708664438062,0.1114299834692106,0.1055797210314588,0.0,0.0195748413879375,0.0233214553527504,127.73145711177044,268.9403599054677,125.28226239998064,263.9547576302513,156.82669628434587,331.427751676596,,80.84207666023347,0.249882238534927,0.5607288526281157,1.4645666843745155,2.068222255325458,1.7061002994542118,8.936879751882547,0.21503981271079106,0.2155015138965141,3.113638028035065,3.1190048077016197,1416.4636000102626,,,11.533462924899846,7.894674863892861,7.899863502182693,7864.318204112513,3.120244222843453,3.125573537894419
SP:52,0.0,0.0,0.0,0.0,0.2514015819515088,0.0058722318141818,0.1885056019645902,0.0,0.5469837925402798,0.0072367917294395,5.1316149225367855,9.427137314496772,5.078626487333371,9.29058132268296,5.98852131309117,11.180842009697784,,1.3163333568923892,0.2446457623505746,0.591390723093057,1.093627447361425,1.670015566598019,3.38733901398512,10.551307700008028,0.004535800890593811,0.004561386796477399,0.0098122272559984,0.0098205427293297,1.092123335572721,,,0.8686320395324139,0.3719334389881732,0.3703758985187722,54.77465604330166,0.0099252779833172,0.0099341338379346
SP:53,0.0058228598908478,0.0,0.0079975707417203,0.0990405018819861,0.5786754650369129,0.1096967383429245,0.1337131563035881,0.0343149785009027,0.0,0.0307387293011172,168.8036519554024,390.8241284550789,131.1982254304644,305.9999228196233,213.86819494475515,499.1494731423905,,109.58971630669906,0.3011316213446261,0.616625521385452,1.7539608474508963,2.007045521481302,2.649184053087981,9.12453215791514,0.47278812271566656,0.47278812271566595,7.037699974926364,7.037699974926364,8829.599991930581,,,16.153476870022835,16.025591629533167,16.025591629533167,10180.542589622872,7.04158149789973,7.041581497899731
SP:54,0.0016748134818325,0.0492711272953566,0.0003464163541974,0.064247705080279,0.6806850851191178,0.076903603868619,0.0189073459673829,0.0686567798795945,0.0004824915827048,0.038824631370915,115.13469219701436,280.1023571073848,104.84934359638856,257.1814319389768,142.24632561314934,357.47770613593013,,109.58542382770187,0.2840958939728629,0.4990471701457222,1.822733164350145,2.1426257120577024,3.884180147530575,8.873827266729993,0.20547094518120038,0.20997950311039942,4.92646276631594,5.02340880110632,5113.927600332196,,,16.5860006357144,15.26349947613006,15.279693708020693,3811.422884465239,4.935661912170203,5.032840499471688
SP:55,0.0,0.0298881626174286,0.0003930797589683,0.0357485225876697,0.6715144203732486,0.0431315186554625,0.0579025464547603,0.0,0.1546487569784068,0.0067729925740546,55.01898870848536,114.02361415283346,54.9948618944932,113.95886021120911,68.31088756421065,143.88782352908683,,16.36909922878411,0.2203916141092013,0.5951063578707075,1.313925646152904,2.312371388813332,1.2401315884313355,9.184251299581565,0.03809255992335413,0.03836678967314257,0.3569681349223787,0.3588250361043454,68.80696835564949,,,4.306954361256716,1.762394642961519,1.7639728733340754,1006.5101965520632,0.3630179898031941,0.3649118464216582
SP:56,0.0028112580918858,0.0438952749068741,0.0,0.0591934842226292,0.3002612969320233,0.2437254927247252,0.2180037498998153,0.107514244593581,0.0,0.0245951986284657,83.44294505452733,251.0978120637754,73.37021957859919,225.719096584864,104.00219266685268,319.4875649345706,,112.47086969446552,0.2688190624636376,0.6835478809099998,1.051014540109343,1.671685602681574,1.6088559888165124,9.268052146170254,0.44547110702531767,0.4536033746229705,5.1276115305341365,5.2125928550870615,39126.27652100618,,,18.495312744133678,13.81271006784355,13.686634292187184,6366.991068351182,5.128002415937038,5.213074741499179
SP:57,0.0027125548734813,0.0,0.0,0.0009342227221809,0.6843431165528077,0.1810179415146846,0.077913034583111,0.0023752051862562,0.0155189499493264,0.0351849746181517,124.8290439655022,258.9637201724909,117.2538997034438,243.42227177833269,168.18614723157978,346.1051240037551,,38.90863041806832,0.2760150661978272,0.5585955710521235,1.8242794003153748,2.16454709371822,1.6769763974265928,9.249960115399498,0.15364505524229946,0.15468830076430842,1.9399658049936668,1.94992708167184,2056.130121727643,,,7.060471400382776,5.869983231581309,5.892741191443535,4847.175834360259,1.9491161927945213,1.959133625498892
SP:58,0.0,0.0,0.0,0.0539957760475804,0.8254900796707226,0.0108710286152325,0.0934140896287148,0.0,0.0,0.0162290260377494,132.82465027950582,258.04751679848914,117.40617271170817,229.4574180792613,160.60466293889638,309.25855212875416,,57.02483225101124,0.219988576511061,0.5419427178448271,1.5087739192829168,2.1745191116850435,1.4210822397562417,9.32567175592374,0.17472809640024614,0.17584454546811926,2.629769941562917,2.641482568528386,788.1931603066372,,,9.653647170449783,7.382933746230943,7.4003372549736595,8832.136875585971,2.668496003040935,2.6804356955642445
SP:59,0.0066285657851209,0.0138594647739251,0.0014175613260951,0.0521018302605202,0.6895131594356018,0.0786510001419861,0.0964893125416735,0.0320887545339722,0.002344026379229,0.0269063248218756,234.151855583868,505.838554515737,219.6033739965929,471.65340123970986,295.93140302543065,636.277553778877,,129.6139255229215,0.2471335796958844,0.6491696627409695,1.327252422577068,1.9080424260853848,1.425063575471576,9.299985195976824,0.43700969433492237,0.4412868983676896,5.160828476468719,5.195216887558944,2712.3130082293637,,,18.94202869649492,11.927177993143465,11.932804407391473,11527.75509222105,5.165277772243867,5.199716471613459
SP:60,0.0038583206640412,0.0,0.0020047097208169,0.0836166514212557,0.674213420295248,0.099376744454057,0.1192589063809323,0.0,0.0,0.0176712470636486,107.28296492094198,285.11789889619376,95.52514898087948,253.1629620998528,139.22448718546198,368.8516020197061,,132.54948862878348,0.3073133701567123,0.6311542700181185,1.044289998232791,1.5973474574990971,2.090230229482957,9.412344946599038,0.44826531771971734,0.4482653177197167,9.971563101027773,9.971563101027773,6480.277511818039,,,19.466616490120657,22.19696594297173,22.19696594297173,16240.609205890463,9.97219606017788,9.972196060177886
SP:61,0.0005858973731055,0.1468961389212248,0.0096906120804767,0.0408984145028053,0.6260136211998399,0.0686414869917185,2.7939339086029056e-05,0.0,0.0625533767046316,0.0446925128871114,73.81740693693912,130.5078962576389,73.21101034536105,128.80640832352972,84.36654381736068,154.5792804203048,,38.06456232327522,0.2701405050285873,0.5318836191317637,1.9896240236358411,2.3986776915464096,1.4379789849799156,9.105513209993012,0.09188048265633478,0.09313329044870934,1.3007964658720763,1.3139928364131424,222.1485984124939,,,7.831937250711693,4.01134705034144,4.043763838768176,3714.4269599932286,1.3139456057491572,1.327296052996193
SP:62,0.0092910717513331,0.0248491185396806,0.0087420864139104,0.0913933215929511,0.5571751821941746,0.0772456106367046,0.1011180054918109,0.0976754544095172,0.0,0.0325101489699173,242.77453718329983,523.6254538454774,218.4980056241224,469.4429177427821,328.61576100114127,705.7814905476935,,151.10664339767877,0.3037591613163494,0.5949422729653787,1.5245827555315954,1.927841458670444,3.173968762575329,8.823331075093941,0.3901953457719933,0.3954629926076609,8.30272474220067,8.408833283136408,23142.605298429473,,,19.652991778838267,20.068072266293665,20.162302701725444,7907.429988633682,8.30535899031887,8.411530255708948
SP:63,0.0,0.0577633751201486,0.0018038640214652,0.1028783204884958,0.6605837053270247,0.032138248541112,0.0672047909004502,0.0114395064215896,0.002460230877202,0.0637279583025118,138.1720186451985,271.58997457707346,124.9358964134363,245.21841329032003,194.8057806046124,382.4323058788167,,105.48565017997063,0.2584590084036741,0.5000114445119302,1.7329411057248445,2.3290056295349597,2.762884631622745,8.974219123810506,0.2353490220880833,0.23672909235731265,4.201793587778859,4.221364308118061,1279.333703661546,,,16.86553793657188,11.336525669451005,11.342768680343948,10430.742895410374,4.218341489706261,4.237987974754176
SP:64,0.0058418932331362,0.0,0.0020321060495411,0.0915787872748249,0.7644144052093399,0.0816751804617731,0.0479986088447621,0.0,8.275559096418452e-05,0.0063762633356584,205.52717469762632,417.2367217519731,200.39295826681,405.357461685522,255.9989984200439,517.1335659967948,,167.09137031640944,0.193367750217689,0.6402856442774639,1.1930633949636626,2.099797528671459,0.7555429869626238,9.093218888578782,0.45889302911498464,0.46069582911944934,4.856941681462945,4.858227705737943,1743.9069851920585,,,23.054813573066752,10.678300967698185,10.676246832494003,13705.36814584062,4.859584434408802,4.860873180010559
SP:65,0.0031193945782168,0.0875737397793546,0.0,0.0,0.669373474479879,0.1069646817737969,0.0894497623908138,0.0017912974638962,0.012835244066393,0.0288924054676492,72.00766138133065,134.0411633033798,66.30373141671495,121.77355222543204,75.2864512968952,141.58982487321492,,82.88506540219748,0.2822361849149738,0.5244097487077548,1.9413259153926696,2.3679111856009345,1.6078872777804545,8.89119516732678,0.20409840192138673,0.20460574240156065,3.4345760455601204,3.4370766819342893,1454.8110561156032,,,13.201205769750024,10.312531691346129,10.312454408012549,9604.197274045588,3.444686190434059,3.447199572135834
SP:66,0.0,0.0,0.0563901545300514,0.1027710777406741,0.2373201099347303,0.2318522863001773,0.1935446942267485,0.1701849512802456,0.0,0.0079367259873724,542.4345805629255,1126.0942736569486,489.5973978940134,1008.7813228921048,743.0643042445972,1536.5056626476996,,186.9181849496806,0.4200835510022981,0.5442208861144824,4.157884591207797,2.1329940215858736,2.5934529530271,7.824087065817868,0.4482746861051186,0.44851971910536675,11.966216868629944,11.971531634443089,55174.899235345576,,,27.41047491937719,31.558204519833247,31.55946672866914,26049.71447423773,11.968632906179502,11.973945771861867
SP:67,0.0021581381229798,0.0019513544504028,0.0036583336658236,0.0221181986460446,0.7327532882571218,0.1060733237563385,0.0729008553287988,0.0473833680899741,0.0005302101270408,0.0104729295554745,69.18583694373534,149.06726393654108,53.7358528480462,118.53160746308008,76.7798342549046,172.78966322821626,,151.1861353191442,0.2514790087263897,0.5199979473858539,1.810853665630331,2.3766593926040094,2.831968935120341,8.855765227141635,0.30100715093141256,0.3022548453683857,5.499284953123244,5.509233095928483,1379.6256594211031,,,20.349098618688416,14.00593840304858,14.006487676267556,13510.03721038674,5.502700742701143,5.512636243994012
SP:68,0.001149882741525,0.0257890682646469,0.000858426227456,6.174273507621514e-05,0.7378956578329938,0.0781532906338114,0.0822202744797699,0.0462688667808407,0.0014213034867102,0.0261814868171697,107.64255682011408,189.1113976697232,106.56861066258529,186.20875426435543,154.84931556820663,267.6128893160518,,122.77679915725496,0.2357603130101908,0.6044473699562106,1.352466875667392,1.989093616930128,1.1258922095030837,9.099238780388395,0.3226626198004361,0.32390477438918364,5.422915854737712,5.433050215604165,2272.9922245764856,,,17.938121552963814,13.276831612563338,13.285520236546857,17908.682685837983,5.430162372018774,5.440280535308782
SP:69,0.0026541490008179,0.0,0.0036334293069698,0.2160741751285327,0.5025437577723479,0.0469694985881305,0.1485212232725491,0.0633216874490122,0.0,0.0162820794816396,236.2660536917005,493.07676373986646,210.43149717680103,438.395699784471,340.27345942022885,700.889870862124,,106.40660713004816,0.4469342256454861,0.6454044903823491,4.548367115908917,1.875592441541939,2.5886342285145254,9.113316693706338,0.4866215157171475,0.4866215157171448,9.852044813173988,9.852044813173988,17560.10822803357,,,19.57106232032363,22.415475958306544,22.415475958306544,21535.65509298284,9.853365684941997,9.853365684942
SP:70,0.0135198313876082,0.0266623735410533,0.0101717036061778,0.1440993329493481,0.5231874533241938,0.0869642005235359,0.102441570304209,0.0588412258432833,0.0007803691713112,0.0333319393492789,229.1178835434707,470.0216068045364,218.86731884948617,450.4933112530423,313.84540304136664,643.5109073092264,,113.901691043173,0.2708929194497099,0.5754337691533203,1.5640884020051904,2.076552459010691,2.0966478212589976,8.984523284065629,0.3619477749098231,0.36597224344549106,5.756634879636494,5.811597977679821,6378.471317294785,,,16.13859848737195,14.90229332674957,14.895674980480742,8827.78700444413,5.759155654747601,5.814153567974983
SP:71,0.0114596469203211,0.0304458873342619,0.0049999458807058,0.1416630158592121,0.5987368709513031,0.0312434558388319,0.0912367161856586,0.0448343167327139,0.0091289581124257,0.0362511861845654,312.3649927706209,668.3189427138583,282.27493154483045,606.0441042553814,419.6987074717597,888.6980419233615,,113.37467788512586,0.2897592451927845,0.6317568592946591,1.5743892362420349,1.854366816955035,2.04693322141258,9.052866169501211,0.27401898006740466,0.27868382185295343,5.381029187949302,5.468985813633475,15109.467316769653,,,17.44333946704369,15.08235476384278,15.1837057297553,5352.000293079856,5.387271968153809,5.475335469479324
SP:72,0.0182062324394364,0.0,0.0076162631911581,0.0478651924477803,0.7229143293930561,0.1089770240959301,0.067074539743162,0.0021606661952523,0.0002483263052211,0.0249374261890031,151.8975493403337,298.64235083457925,132.92678807222512,262.6825157845455,205.04012683108195,403.6201109268613,,155.49049074711002,0.202129320794225,0.6190076776891646,1.6223215922933705,2.226818029475085,0.927464416569741,9.04368196599537,0.4718333838186331,0.47301732838525695,5.499017399541395,5.503828110268693,2314.017320205219,,,20.775126138129966,12.264242972080138,12.265294079852051,14263.56906971228,5.501530082829213,5.506332262917331
SP:73,0.009786668140754,0.0,0.0013044643854945,0.0148284584341747,0.7134371163117582,0.1096361319768951,0.0637510023433589,0.0713663045465632,0.005466818948029,0.0104230349129721,197.68313702428105,442.07094189090384,191.97449790953485,428.32203964030896,244.0276880945627,549.2149289195409,,129.63770042671416,0.2598077032528644,0.5742964498983361,1.4789515211432946,2.342583869642438,1.5222548598491257,9.145877428671142,0.3913080982088349,0.39443947717090005,4.5075900251280485,4.527017600441686,2059.55436820291,,,19.7554603701859,11.019459860529762,11.039335631012769,12169.978027748311,4.513917414105031,4.533321816286176
SP:74,0.0,0.0086929496912296,0.0034342476918737,0.0371248451295678,0.7982961533074308,0.0426998541020349,0.0726049386496464,0.0253340812672289,0.0013940242087481,0.0104189059522397,204.593317867014,419.3495403878844,199.76308394700675,409.3658124704839,256.0950609060883,522.6095622944673,,141.57328472763427,0.1902935610196363,0.6814892527614721,1.1269754637477103,1.972392465126425,0.8036695805213778,8.830710256986483,0.36509984351440816,0.3729397426865775,3.717446619344432,3.778505149208738,1897.7473022446522,,,18.655239181871647,8.999299331545176,9.104787291724888,9355.342196497908,3.721851275980755,3.78296738645306
SP:75,0.0046624077625663,0.0,0.00207794040993,0.0,0.7992603338080431,0.1021685494679238,0.0360561665290301,0.0345718420183977,0.0062121924814415,0.0149905675226673,100.79320576164538,207.7639694381906,100.02465366659018,205.6651000867721,136.868889912278,280.7987208312686,,124.45560763940736,0.2408594923524177,0.5477034657137684,1.91777414149259,2.4015615953100093,1.657986476367317,8.948156517704227,0.28495215131883217,0.28581222715636767,3.9657163082642737,3.96777287279004,699.5079929344116,,,17.917939087823296,10.534735274130112,10.53741724530431,11324.591694864632,3.9853476609859335,3.9873923648459577
SP:76,0.0054580018219506,0.0,0.0029844384924175,0.0372055006622181,0.797925811791067,0.0838414769605896,0.0650436994824686,0.0,0.0,0.0075410707892883,143.9053591820472,295.85965384698727,137.2107680833448,280.07836151166987,175.40733347619454,360.6887321403232,,156.34646302950642,0.2315538264943627,0.5609107922201575,1.7237946164892937,2.4672112157909964,1.202844627330519,8.948881638357713,0.45856842157200006,0.45975818232996435,5.712252830414748,5.71577930413622,1844.3380175345262,,,21.500956265658537,12.874861728515226,12.87629856682707,19546.24873344508,5.717077709234222,5.720613033808696
SP:77,0.0044888908220259,0.0078787377856308,0.0015912873076192,0.0997393845483054,0.6700196029624249,0.0108534364906704,0.1423225793573336,0.0525159680570863,0.0,0.010590112668903,131.61634278951772,294.96994531616696,114.51046622131756,255.951197509401,194.29617197515296,431.69657598580216,,137.65154538415953,0.2563099891447196,0.6897723447046268,1.2821820893338436,1.6715598699937648,1.0779976545257297,9.26217323849333,0.44898040222080265,0.44996736002398663,7.628048592190607,7.636111054610893,6176.746001606525,,,20.71931457443876,16.9953947098886,17.002254939901395,13816.347272301024,7.628885250699046,7.636947361652798
SP:78,0.010788297004364,0.0,0.0986875538441044,0.1975445799601689,0.2474799752679976,0.0892889258596426,0.1285494444923332,0.2268679795105538,0.0,0.0007932440608352,403.6685588962646,1279.2866181126117,331.23864989755725,1045.666655769501,540.5835718458846,1730.7966365581656,,159.55980683799683,0.3430457237468761,0.5084183815710202,2.5046374989101032,2.2581353580446555,2.6081098126971423,7.835624378948792,0.40150990503309625,0.4097396207215572,9.650034194477383,9.800655075455886,120722.35885736396,,,24.53817183672396,25.682357780606644,25.909967993954258,10932.099511127912,9.65145274500398,9.802117394668084
SP:79,0.0059691240319942,0.0,0.002229158455309,0.0932973023133275,0.716165395618392,0.0775818606961875,0.0891495107189977,0.0,0.0,0.015607648165792,195.28063131567063,394.42587490397005,177.97120942409907,361.47777871928434,263.69602284188886,534.0276566418166,,90.51452941301228,0.2757469943839274,0.609954080675136,1.743352687677036,2.022636264194892,3.054363131472117,8.788535252050309,0.2384734028417062,0.24309135322694905,2.665471664937987,2.706466300551912,3573.6133990468625,,,11.59728301627797,7.367004480310627,7.288605660326465,3163.500009412648,2.6673011878757813,2.708342556574413
SP:80,0.0082338718914319,0.0278545513353372,0.0,0.0,0.5453192101532236,0.0946917030546435,0.1341519277624355,0.1397392700342261,0.0,0.050009465768702,278.9160746868358,676.3555742696865,262.6258016504593,624.6069489299603,367.00213959985285,893.3400503976569,,131.9176430079342,0.2594531191381087,0.654379496090141,1.6432618447319185,2.008905901799439,1.5896946615144465,9.04467606980374,0.4318347388484094,0.4360393392008766,7.527472447240252,7.580274664024406,12013.876568797768,,,19.275559261352715,17.803030737962114,17.796387109102323,11598.027342070443,7.530805784637314,7.583651578219207
SP:81,0.004251610412279,0.1247004767812113,1.5072458465037392e-05,0.0,0.6925119934191258,0.0621158637999301,0.0412431426083901,0.0,0.0563375318742172,0.0188243086463812,135.54600183431006,252.25839408339257,128.6869201934121,238.9814100972708,160.14525276471068,300.60382348849816,,36.50122966716369,0.2617335177989105,0.5451535284485484,1.5606309403146807,2.2102657822128715,1.5057468531936389,9.044733315670411,0.10314952013394585,0.10347101195081074,1.5108221282631993,1.5113603729378544,484.1111574641233,,,6.998061330188671,4.396122830837284,4.395522057619337,3436.6120674122176,1.5233912911721486,1.5239455861221225
SP:82,0.0043601354824111,0.0,0.0007179233753133,0.0373004942525937,0.7799838415300143,0.0761873397043316,0.0759672417524213,0.0,0.007218150719031,0.0182648731838833,193.4331984946866,408.3124064815156,185.39121610882563,390.1119819311119,258.7572824349027,549.8036390409011,,137.7112834106728,0.2286799871189022,0.6010849487558179,1.2838433771617224,1.923542456119005,1.4100399509628154,9.181454198166971,0.390395804484654,0.39063191877149617,5.051761437694757,5.05211289723601,2787.305039908102,,,18.083519934966336,11.960893731003504,11.960917671132869,10543.759654334694,5.057863037513107,5.058217914969578
SP:83,0.0048712419792488,0.049363523168278,0.0142172856143665,0.1252898607914468,0.5873095738328118,0.08753370502966,0.1023042738342258,0.003799631458918,0.0010553315196734,0.0242555727713705,134.43389967222248,313.4530601447522,126.67968376844536,291.2371219004797,154.99630951653253,366.7854425388847,,84.41248116649048,0.271574677570115,0.4830735050721633,1.663105453094171,2.1922632017938017,3.9785751793257136,8.673545548229594,0.20403064731598008,0.20807634542490985,4.943957696459794,5.033418618630241,2950.209315131711,,,14.261936825566613,16.423836144263436,16.63477025614746,16383.949605905822,5.013206160866188,5.103940044259126
SP:84,0.0053621201011747,0.0,0.0007110079642776,0.0360314247789602,0.7971831474000937,0.0139003758313404,0.1260835793419067,0.0,0.0105641452762997,0.0101641993059465,144.63740523182926,298.099695973967,139.57573053482545,286.62290847689303,174.8044102863662,361.69435857409024,,144.9793137797148,0.2171710624798801,0.5971358468697406,1.4058545221312158,2.2780828510944127,0.8777233830617561,9.114867518734624,0.4137055246878059,0.41656553643989624,4.27097273337693,4.28018187798455,992.6540192872404,,,20.960029494453785,9.7666199046394,9.772247974562225,14850.95297845506,4.280516742387369,4.289761781106289
SP:85,0.0069940299548956,0.0,0.0019597138155774,0.0323007699216558,0.7036590861018868,0.1044954442859617,0.1380842831901984,0.0,0.0,0.0125066727298243,207.78429100363144,401.07823975099416,181.92588357484652,351.1304168675912,265.4155334691661,513.3974835142756,,165.28726186846762,0.2352021548249316,0.5627797508535506,1.4222117831688998,1.9573263254300213,3.197879014494092,8.867978065000857,0.4577891588931063,0.45821852193189194,6.260269204906208,6.26194352204577,4278.3327459328375,,,19.52146042832238,14.242045958060553,14.244755601107943,12310.001863779516,6.265553586060413,6.267232387322896
SP:86,0.0157633752694262,0.0294330244442537,0.0007334549028875,0.019375428033565,0.4585593943151547,0.1659492678865598,0.2101525821285672,0.0647205627553246,0.0,0.035312910264261,107.09564778751924,220.56553681371628,96.2343997429636,202.7298859353186,138.86945184124,286.913310324132,,106.6728553345402,0.2455270935306938,0.6313954486081159,1.4003436350196097,1.824662904932832,1.4006858268791564,9.160508947261588,0.4142707482114514,0.41844508478561926,5.040465831167087,5.0866441555726,5281.644220182007,,,16.56056015730456,12.508409985855302,12.448238269046374,7303.887285961486,5.040706734126634,5.086925001509318
SP:87,0.0107608467639039,0.0,0.0004579844169793,0.0636561696422862,0.7543401496061299,0.0396399078395655,0.0933644238884066,0.0222740565957873,0.0029826771625133,0.0125237840844274,117.45264388618553,271.5895541013012,115.08394385490192,265.49059126292593,141.88943051417866,329.2867308308208,,177.96832297369332,0.2070303298503445,0.586348846610046,1.702172177277522,2.3332765899232686,1.2926841308099757,8.955744797949894,0.3938744080749781,0.39751532832708314,4.819964257650577,4.849761528517747,1357.775685751345,,,23.41784078106848,11.218464118509152,11.238323141132822,16309.470672560796,4.821311529624047,4.851115105440745
SP:88,0.0042958504672831,0.1109570886531777,0.0,0.0233254788382865,0.4955932731033129,0.063359696632267,0.0618579692024911,0.1802741608027059,0.007181819711394,0.0531546625890817,102.59424590333757,177.48828333691267,85.59742588622913,149.77257113357624,128.498831415921,223.0002794459168,,87.11481467959645,0.3147792760284776,0.5388216980391756,2.294679235900826,2.3175659984048123,3.549462488883793,8.618663513200122,0.33829210651862834,0.35125924345937065,5.730699964792355,5.940400107709224,9015.304154811962,,,14.7020335136311,14.77717999258808,14.918636552976698,6703.595822111458,5.732395018587561,5.942186143494515
SP:89,0.0314319854615139,0.1296876855267092,0.0076267204745441,0.00328605194751,0.4698862889796492,0.137266024114498,0.1278881888454304,0.0699767508309192,0.0025123931927008,0.0204379106265248,122.82724247777954,224.55281723814204,116.80299771882224,212.5507852724878,151.38159749789358,280.8106146742631,,115.02563939936002,0.3203889610948973,0.574715270630173,1.6175478282864786,2.056468288458389,2.1815096610112183,9.09169532762106,0.4014838813800056,0.40747874686813756,4.631175238369776,4.685234491665261,5186.668629712963,,,19.95591456162386,11.83651531070166,11.79179935705971,9152.73384793288,4.641441650797955,4.695621057522658
SP:90,0.003115799284466,0.0,0.0016300317611489,0.0927945609415003,0.6754135435413152,0.0249121755899044,0.1562207178878881,0.0228866257239414,0.0,0.0230265452698353,159.3418877349389,385.1795065806326,134.1637367049096,322.7030873412588,236.04954892843963,567.8948391738243,,131.6764397519449,0.2612546326839221,0.6174296310116538,1.421379450361541,1.8357631508330288,1.4972396816330755,9.328082885416022,0.407116257932425,0.4081281261828733,10.01227586641767,10.02939597269387,15254.052466236277,,,19.580330658236644,22.78876942559267,22.815061622029777,14859.805332643766,10.01368357008251,10.030804709704482
SP:91,0.0052575718218268,0.0,0.0,0.0003118673659414,0.7842972885733295,0.039068656601432,0.1026668239683632,0.0633272037582895,0.0,0.0050705879108175,134.70117589045063,333.48172510004844,110.84348327706071,283.42336632077064,168.44879798775258,420.4416975784727,,136.98645183638428,0.2289305381728956,0.6173939347011234,1.2901054491506003,1.9227848596386392,1.3765569186135718,9.250567751086496,0.43723416067686444,0.43793067648961653,5.214385303899739,5.216129377125182,5330.76809269611,,,20.53155392453628,11.498123496197987,11.495084121406276,11702.273042954292,5.21496428039426,5.216708310225471
SP:92,0.0189748146982533,0.0,0.0020267634575457,0.0,0.6689417241191986,0.1471691958051381,0.1443281805604963,0.0013904207970087,0.0119754302598605,0.0051934703024983,169.21274186633335,310.4755356097386,156.80185940403862,285.58608569006094,203.0609725822884,374.9707110152316,,142.20793954352308,0.2249914658288906,0.6402859589372317,1.5255693508749872,1.982293840772805,1.080806038267303,9.180441411991286,0.5072100830665536,0.5094035269380616,4.426368546043873,4.434429155239205,1868.331121253541,,,19.96137477260481,9.54670078349236,9.550674700392946,14658.472349868853,4.427141885351305,4.435175025717742
SP:93,0.0056787147703083,0.0,0.0046474418286505,0.0212078896932798,0.6670339293233717,0.1067902658128827,0.0853333893265259,0.0866217305806469,0.0,0.0226866386643339,140.42600817733398,261.06031695041605,125.3425126084428,226.86230053234604,197.71500220739304,368.5779277351938,,128.62374363198472,0.2255502349675556,0.6102824859095539,1.5419567129376743,2.074042836044259,1.7372321264609942,9.15198378710406,0.4365279577920017,0.44061755196465396,5.511613448378656,5.52879730376094,3286.14957530361,,,18.575010549375897,12.79489864877149,12.774645072944368,11066.545226980856,5.51618158680076,5.533360566765609
SP:94,0.0155610131332079,0.0008779975498282,0.0036104943875295,0.0495284012594258,0.744062039828242,0.0245081629157331,0.0950479785621589,0.0474122598213929,0.0,0.0193916525424814,134.9067670764826,298.47701757438614,122.95100943404888,277.1829190630212,156.12404066958533,345.7690810294658,,115.7024929075066,0.2276396516350139,0.5230655963333398,1.7771148733112117,2.3280194837382595,1.9805023083564688,9.131664159439335,0.270657401259758,0.2711149573422317,5.627015838145365,5.628967142576447,3331.63110870534,,,17.114925889704534,15.511860514111117,15.512512770402578,12338.749539284618,5.643346822193302,5.645326861082074
SP:95,0.0,0.0479219324754941,0.0004546968112844,0.0209855683434515,0.7495622423032072,0.1266767066245852,0.0228960582135741,0.009261709984808,0.0052131221908232,0.0170279630527721,54.945126985775175,126.43352979130626,47.59304444849052,109.68094992193576,74.2639514304703,169.63039651869076,,101.5141972996329,0.2619598540147181,0.544341194662154,1.879555096841139,2.30335119651244,2.1348929480386074,9.105015814597763,0.28252553131988195,0.28493351213898965,4.946010844052935,4.980547130756993,3328.314935563321,,,16.824656808573444,13.439999929208852,13.4702269884869,9097.771804025837,4.955318736797167,4.98992637536648
SP:96,0.006416313530679,0.0,0.0,0.0398406326646222,0.8572465449629205,0.0301968319422819,0.0525115225721611,0.0,0.0031989704980815,0.0105891838292536,134.3870964701971,315.3948478851802,128.15038730005057,300.49291275681384,173.35247361496357,403.3984838842358,,144.25339776670162,0.1991966226682535,0.5840975736961623,1.55033449279348,2.289688291838842,1.0629604275010325,9.039652190039918,0.4157929644434699,0.41861873932020494,4.927750630860844,4.937261778715787,1033.4920732540097,,,20.4476537508742,11.338906677448891,11.341228405215316,18468.899042722507,4.950630162732667,4.9601975822911495
