unit_id,name,product,epoch,support,support_area_m2,covered_area_m2,valid_area_m2,nodata_area_m2,outside_raster_area_m2,valid_area_fraction,zero_area_m2,partial_cell_area_m2,value,observed_allocated_mass_m3,accepted_for_model
CHI:01,ROGERS PARK,AGBH,2018,gross,4765490.917378601,4765490.917378642,4765490.917378642,0.0,0.0,1.0000000000000087,33995.67634961139,535490.917378642,4.237495061607464,,False
CHI:01,ROGERS PARK,AGBH,2018,land,4765460.39016369,4765460.390163744,4765460.390163744,0.0,0.0,1.0000000000000113,33995.599137501486,535460.3901637436,4.237521572117856,,False
CHI:02,WEST RIDGE,AGBH,2018,gross,9150747.438903373,9150747.438903417,9150747.438903417,0.0,0.0,1.0000000000000049,80000.0,820747.4389034177,3.1411968675444344,,False
CHI:02,WEST RIDGE,AGBH,2018,land,9125177.034861483,9125177.034861505,9125177.034861505,0.0,0.0,1.0000000000000024,80000.0,835177.0348615043,3.1482617327789963,,False
CHI:03,UPTOWN,AGBH,2018,gross,6051803.70022829,6051803.700228292,6051803.700228292,0.0,0.0,1.0000000000000002,351655.21599506366,761803.7002282917,4.066120622096648,,False
CHI:03,UPTOWN,AGBH,2018,land,6039085.193809924,6039085.193809881,6039085.193809881,0.0,4.284083843231201e-08,0.9999999999999929,349273.3144181851,809085.1938098806,4.074528837010494,,False
CHI:04,LINCOLN SQUARE,AGBH,2018,gross,6633506.810042517,6633506.810042456,6633506.810042456,0.0,6.146728992462158e-08,0.9999999999999908,140000.0,743506.8100424558,3.1661764610779906,,False
CHI:04,LINCOLN SQUARE,AGBH,2018,land,6551679.434277667,6551679.43427759,6551679.43427759,0.0,7.636845111846924e-08,0.9999999999999883,128926.50410774187,851679.4342775906,3.1981431426062152,,False
CHI:05,NORTH CENTER,AGBH,2018,gross,5304260.415102001,5304260.415102037,5304260.415102037,0.0,0.0,1.0000000000000067,26.616451515654656,614260.4151020371,4.1716618764413065,,False
CHI:05,NORTH CENTER,AGBH,2018,land,5214822.687014553,5214822.68701463,5214822.68701463,0.0,0.0,1.0000000000000149,0.0,614822.6870146298,4.219444218098613,,False
CHI:06,LAKE VIEW,AGBH,2018,gross,8108214.615320174,8108214.615320164,8108214.615320164,0.0,1.0244548320770264e-08,0.9999999999999988,97168.94873149304,908214.6153201638,5.3271232290955535,,False
CHI:06,LAKE VIEW,AGBH,2018,land,8108191.803152035,8108191.803151974,8108191.803151974,0.0,6.05359673500061e-08,0.9999999999999926,97153.9117549762,908191.8031519745,5.327137401794594,,False
CHI:07,LINCOLN PARK,AGBH,2018,gross,8210657.509452197,8210657.509452274,8210657.509452274,0.0,0.0,1.0000000000000093,232476.62421237445,680657.5094522749,4.467923416170974,,False
CHI:07,LINCOLN PARK,AGBH,2018,land,7875620.057153927,7875620.057153933,7875620.057153933,0.0,0.0,1.0000000000000007,188468.48891912517,1095620.0571539332,4.624131409758377,,False
CHI:08,NEAR NORTH SIDE,AGBH,2018,gross,7128465.809132978,7128465.809133004,7128465.809133004,0.0,0.0,1.0000000000000036,56886.684370640694,1028465.8091330051,9.230169179926655,,False
CHI:08,NEAR NORTH SIDE,AGBH,2018,land,6846909.413520801,6846909.4135209005,6846909.4135209005,0.0,0.0,1.0000000000000147,40386.18559529003,1136909.413520901,9.465406868276082,,False
CHI:09,EDISON PARK,AGBH,2018,gross,2941226.407281429,2941226.407281417,2941226.407281417,0.0,1.210719347000122e-08,0.9999999999999959,0.0,531226.407281417,2.6150026082841875,,False
CHI:09,EDISON PARK,AGBH,2018,land,2941226.407281426,2941226.407281417,2941226.407281417,0.0,8.847564458847046e-09,0.999999999999997,0.0,531226.407281417,2.6150026082841875,,False
CHI:10,NORWOOD PARK,AGBH,2018,gross,11338566.59849616,11338566.598496117,11338566.598496117,0.0,4.284083843231201e-08,0.9999999999999962,88529.18227214107,1638566.5984961162,2.3175235352106536,,False
CHI:10,NORWOOD PARK,AGBH,2018,land,11324342.83990052,11324342.839900482,11324342.839900482,0.0,3.725290298461914e-08,0.9999999999999967,80916.93317970459,1644342.8399004834,2.3204005935453074,,False
CHI:11,JEFFERSON PARK,AGBH,2018,gross,6030783.352569082,6030783.352569219,6030783.352569219,0.0,0.0,1.0000000000000226,250149.89287206563,880783.3525692185,2.369125690457926,,False
CHI:11,JEFFERSON PARK,AGBH,2018,land,6004705.019864179,6004705.019864245,6004705.019864245,0.0,0.0,1.000000000000011,237940.56865296885,864705.019864245,2.3791976566517703,,False
CHI:12,FOREST GLEN,AGBH,2018,gross,8286434.828237358,8286434.828237203,8286434.828237203,0.0,1.5459954738616943e-07,0.9999999999999813,951645.8640525932,1416434.828237203,1.7671138752148927,,False
CHI:12,FOREST GLEN,AGBH,2018,land,8215147.438986041,8215147.438985942,8215147.438985942,0.0,9.872019290924072e-08,0.999999999999988,912293.4844789723,1595147.4389859415,1.782126500311779,,False
CHI:13,NORTH PARK,AGBH,2018,gross,6534660.397095972,6534660.397095987,6534660.397095987,0.0,0.0,1.0000000000000022,517178.10810123174,794660.3970959862,1.9999585145678658,,False
CHI:13,NORTH PARK,AGBH,2018,land,6419722.919217324,6419722.919217317,6419722.919217317,0.0,6.51925802230835e-09,0.999999999999999,493523.27997091674,1139722.919217317,2.025716440886453,,False
CHI:14,ALBANY PARK,AGBH,2018,gross,4977776.028773762,4977776.028773814,4977776.028773814,0.0,0.0,1.0000000000000104,0.0,747776.028773814,3.692865627364606,,False
CHI:14,ALBANY PARK,AGBH,2018,land,4929718.559888613,4929718.5598886795,4929718.5598886795,0.0,0.0,1.0000000000000133,0.0,739718.5598886801,3.714497323292229,,False
CHI:15,PORTAGE PARK,AGBH,2018,gross,10244958.488065748,10244958.488065714,10244958.488065714,0.0,3.3527612686157227e-08,0.9999999999999968,1331.4714153915972,904958.4880657136,3.207757953470181,,False
CHI:15,PORTAGE PARK,AGBH,2018,land,10244958.488065746,10244958.488065714,10244958.488065714,0.0,3.166496753692627e-08,0.9999999999999969,1331.4714153915972,904958.4880657136,3.207757953470181,,False
CHI:16,IRVING PARK,AGBH,2018,gross,8331124.301416731,8331124.301416642,8331124.301416642,0.0,8.940696716308594e-08,0.9999999999999892,78641.91213309274,891124.3014166411,3.300139297463419,,False
CHI:16,IRVING PARK,AGBH,2018,land,8299291.856918671,8299291.856918578,8299291.856918578,0.0,9.313225746154785e-08,0.9999999999999888,78276.43079324986,869291.856918578,3.3063977340476685,,False
CHI:17,DUNNING,AGBH,2018,gross,9631343.813819058,9631343.813819181,9631343.813819181,0.0,0.0,1.0000000000000127,112735.83988099606,1031343.81381918,2.448341601265959,,False
CHI:17,DUNNING,AGBH,2018,land,9627544.939425044,9627544.939425176,9627544.939425176,0.0,0.0,1.0000000000000138,112223.87279894098,1087544.9394251753,2.4480336713690667,,False
CHI:18,MONTCLARE,AGBH,2018,gross,2563815.3444556845,2563815.3444556086,2563815.3444556086,0.0,7.59027898311615e-08,0.9999999999999704,0.0,453815.3444556084,3.2426792113981766,,False
CHI:18,MONTCLARE,AGBH,2018,land,2563815.3444556855,2563815.3444556086,2563815.3444556086,0.0,7.683411240577698e-08,0.99999999999997,0.0,453815.3444556084,3.2426792113981766,,False
CHI:19,BELMONT CRAGIN,AGBH,2018,gross,10143065.214612752,10143065.21461283,10143065.21461283,0.0,0.0,1.0000000000000078,20000.0,733065.2146128295,3.2400995303325004,,False
CHI:19,BELMONT CRAGIN,AGBH,2018,land,10139577.945465177,10139577.945465237,10139577.945465237,0.0,0.0,1.0000000000000058,20000.0,759577.9454652363,3.241191281290695,,False
CHI:20,HERMOSA,AGBH,2018,gross,3031024.7043207134,3031024.7043208294,3031024.7043208294,0.0,0.0,1.0000000000000382,0.0,521024.7043208295,3.7502810699350038,,False
CHI:20,HERMOSA,AGBH,2018,land,3031024.7043207115,3031024.7043208294,3031024.7043208294,0.0,0.0,1.0000000000000389,0.0,521024.7043208295,3.7502810699350038,,False
CHI:21,AVONDALE,AGBH,2018,gross,5140343.819716246,5140343.819716299,5140343.819716299,0.0,0.0,1.0000000000000104,20319.51916395431,500343.81971629814,3.850769890040341,,False
CHI:21,AVONDALE,AGBH,2018,land,5105405.9171758415,5105405.917175893,5105405.917175893,0.0,0.0,1.00000000000001,20319.51916395431,515405.91717589286,3.8631406149723246,,False
CHI:22,LOGAN SQUARE,AGBH,2018,gross,9302320.777039025,9302320.777038962,9302320.777038962,0.0,6.332993507385254e-08,0.9999999999999932,40207.822472539345,842320.7770389626,4.157505425834037,,False
CHI:22,LOGAN SQUARE,AGBH,2018,land,9214627.873118123,9214627.873118073,9214627.873118073,0.0,5.029141902923584e-08,0.9999999999999946,39680.48083604569,834627.873118071,4.180046908251996,,False
CHI:23,HUMBOLDT PARK,AGBH,2018,gross,9341768.005762478,9341768.005762566,9341768.005762566,0.0,0.0,1.0000000000000093,60000.0,981768.0057625656,3.4865531868822837,,False
CHI:23,HUMBOLDT PARK,AGBH,2018,land,9341768.005762476,9341768.005762566,9341768.005762566,0.0,0.0,1.0000000000000095,60000.0,981768.0057625656,3.4865531868822837,,False
CHI:24,WEST TOWN,AGBH,2018,gross,11859483.551316375,11859483.551316235,11859483.551316235,0.0,1.3969838619232178e-07,0.9999999999999882,131083.47467766178,1029483.5513162346,4.359441824791336,,False
CHI:24,WEST TOWN,AGBH,2018,land,11686619.852750145,11686619.852750037,11686619.852750037,0.0,1.0803341865539551e-07,0.9999999999999908,106324.0972710521,1236619.8527500366,4.397096560427354,,False
CHI:25,AUSTIN,AGBH,2018,gross,18524965.477195933,18524965.477195967,18524965.477195967,0.0,0.0,1.0000000000000018,160000.0,1544965.4771959658,3.4277015314729784,,False
CHI:25,AUSTIN,AGBH,2018,land,18495515.83404391,18495515.834043942,18495515.834043942,0.0,0.0,1.0000000000000018,152243.19367821404,1665515.8340439417,3.432578464872963,,False
CHI:26,WEST GARFIELD PARK,AGBH,2018,gross,3355597.0444757016,3355597.0444756667,3355597.0444756667,0.0,3.4924596548080444e-08,0.9999999999999896,0.0,495597.0444756669,3.552817924713349,,False
CHI:26,WEST GARFIELD PARK,AGBH,2018,land,3355597.0444757035,3355597.0444756667,3355597.0444756667,0.0,3.67872416973114e-08,0.999999999999989,0.0,495597.0444756669,3.552817924713349,,False
CHI:27,EAST GARFIELD PARK,AGBH,2018,gross,5009564.007264946,5009564.007264847,5009564.007264847,0.0,9.872019290924072e-08,0.9999999999999803,40000.0,599564.0072648474,2.9464453641193837,,False
CHI:27,EAST GARFIELD PARK,AGBH,2018,land,4951359.1146265175,4951359.114626433,4951359.114626433,0.0,8.475035429000854e-08,0.9999999999999829,18320.557764428107,731359.1146264328,2.9801989935380173,,False
CHI:28,NEAR WEST SIDE,AGBH,2018,gross,14735045.163176594,14735045.16317672,14735045.16317672,0.0,0.0,1.0000000000000084,10000.0,955045.163176718,5.559210431904882,,False
CHI:28,NEAR WEST SIDE,AGBH,2018,land,14621547.32237022,14621547.322370276,14621547.322370276,0.0,0.0,1.0000000000000038,10000.0,971547.3223702732,5.545974859984693,,False
CHI:29,NORTH LAWNDALE,AGBH,2018,gross,8319769.994193201,8319769.994193179,8319769.994193179,0.0,2.2351741790771484e-08,0.9999999999999973,110000.0,859769.9941931788,3.444048764775488,,False
CHI:29,NORTH LAWNDALE,AGBH,2018,land,8279985.369198846,8279985.3691988215,8279985.3691988215,0.0,2.421438694000244e-08,0.9999999999999971,95897.57773118297,1019985.3691988222,3.460000542632903,,False
CHI:30,SOUTH LAWNDALE,AGBH,2018,gross,11900229.189034691,11900229.189034918,11900229.189034918,0.0,0.0,1.000000000000019,95371.25310371627,1060229.1890349186,3.3359146485621483,,False
CHI:30,SOUTH LAWNDALE,AGBH,2018,land,11453818.62505984,11453818.625060076,11453818.625060076,0.0,0.0,1.0000000000000207,72106.94335653198,1873818.625060076,3.4216533539759646,,False
CHI:31,LOWER WEST SIDE,AGBH,2018,gross,7581819.527124903,7581819.527124929,7581819.527124929,0.0,0.0,1.0000000000000033,30000.0,901819.5271249297,4.333983377881726,,False
CHI:31,LOWER WEST SIDE,AGBH,2018,land,7180818.84664485,7180818.846644715,7180818.846644715,0.0,1.3504177331924438e-07,0.9999999999999812,9637.651329693867,1470818.8466447154,4.481800541897528,,False
CHI:32,LOOP,AGBH,2018,gross,4307774.3539042,4307774.353904252,4307774.353904252,0.0,0.0,1.0000000000000122,129751.81784246954,697774.3539042519,10.931296110028175,,False
CHI:32,LOOP,AGBH,2018,land,3975067.587436601,3975067.5874366397,3975067.5874366397,0.0,0.0,1.0000000000000098,110586.86794201839,575067.5874366392,11.601298098445383,,False
CHI:33,NEAR SOUTH SIDE,AGBH,2018,gross,4627054.641433521,4627054.641433649,4627054.641433649,0.0,0.0,1.0000000000000275,146072.61815143205,867054.641433649,4.977828651947634,,False
CHI:33,NEAR SOUTH SIDE,AGBH,2018,land,4592761.076971276,4592761.0769714005,4592761.0769714005,0.0,0.0,1.000000000000027,146072.5755862433,852761.0769714004,5.009467983485236,,False
CHI:34,ARMOUR SQUARE,AGBH,2018,gross,2581424.7956736647,2581424.7956738174,2581424.7956738174,0.0,0.0,1.000000000000059,39001.77841547674,721424.7956738176,2.7549018567358132,,False
CHI:34,ARMOUR SQUARE,AGBH,2018,land,2542254.917158453,2542254.9171586307,2542254.9171586307,0.0,0.0,1.00000000000007,39001.77841547674,722254.9171586307,2.7435681805509713,,False
CHI:35,DOUGLAS,AGBH,2018,gross,4277043.1447287975,4277043.144728735,4277043.144728735,0.0,6.239861249923706e-08,0.9999999999999855,63891.80976135479,617043.1447287352,3.5275257933808803,,False
CHI:35,DOUGLAS,AGBH,2018,land,4277041.618763508,4277041.618763445,4277041.618763445,0.0,6.332993507385254e-08,0.9999999999999852,63891.69263219289,617041.6187634455,3.5275269053564573,,False
CHI:36,OAKLAND,AGBH,2018,gross,1572486.67608113,1572486.6760811305,1572486.6760811305,0.0,0.0,1.0000000000000002,153827.2529071229,352486.6760811306,2.143350104904354,,False
CHI:36,OAKLAND,AGBH,2018,land,1572307.4036458333,1572307.4036458232,1572307.4036458232,0.0,1.0011717677116394e-08,0.9999999999999937,153648.01954509504,352307.4036458231,2.1435944864611076,,False
CHI:37,FULLER PARK,AGBH,2018,gross,1851670.3124760597,1851670.3124759747,1851670.3124759747,0.0,8.498318493366241e-08,0.9999999999999541,37000.90451627758,571670.3124759744,2.069103340831821,,False
CHI:37,FULLER PARK,AGBH,2018,land,1851670.3124760583,1851670.3124759747,1851670.3124759747,0.0,8.35862010717392e-08,0.9999999999999548,37000.90451627758,571670.3124759744,2.069103340831821,,False
CHI:38,GRAND BOULEVARD,AGBH,2018,gross,4508363.201553177,4508363.2015530905,4508363.2015530905,0.0,8.66129994392395e-08,0.9999999999999808,62999.09548372243,568363.2015530901,4.1789329201292125,,False
CHI:38,GRAND BOULEVARD,AGBH,2018,land,4508363.201553175,4508363.2015530905,4508363.2015530905,0.0,8.475035429000854e-08,0.9999999999999812,62999.09548372243,568363.2015530901,4.1789329201292125,,False
CHI:39,KENWOOD,AGBH,2018,gross,2702796.95471381,2702796.9547138447,2702796.9547138447,0.0,0.0,1.0000000000000129,122358.58321764525,392796.95471384464,3.3843570424443916,,False
CHI:39,KENWOOD,AGBH,2018,land,2702781.27692716,2702781.27692721,2702781.27692721,0.0,0.0,1.0000000000000184,122358.47651508608,392781.2769272099,3.384376210308277,,False
CHI:40,WASHINGTON PARK,AGBH,2018,gross,3939531.496807895,3939531.496807885,3939531.496807885,0.0,1.0244548320770264e-08,0.9999999999999974,320000.0,539531.4968078851,2.3765675494666882,,False
CHI:40,WASHINGTON PARK,AGBH,2018,land,3806176.911058432,3806176.9110584185,3806176.9110584185,0.0,1.3504177331924438e-08,0.9999999999999964,263997.9006635954,686176.9110584189,2.4591619539305394,,False
CHI:41,HYDE PARK,AGBH,2018,gross,4193452.954486159,4193452.9544861484,4193452.9544861484,0.0,1.0710209608078003e-08,0.9999999999999974,178939.60845514966,553452.9544861483,4.320922427123759,,False
CHI:41,HYDE PARK,AGBH,2018,land,4093909.3263548254,4093909.32635481,4093909.32635481,0.0,1.5366822481155396e-08,0.9999999999999962,170482.7812116046,673909.3263548097,4.422038548188883,,False
CHI:42,WOODLAWN,AGBH,2018,gross,5375107.068429622,5375107.068429464,5375107.068429464,0.0,1.5832483768463135e-07,0.9999999999999706,441076.90444553905,775107.0684294637,2.8764281568096437,,False
CHI:42,WOODLAWN,AGBH,2018,land,5151866.830224835,5151866.830224674,5151866.830224674,0.0,1.6111880540847778e-07,0.9999999999999687,329755.3613135319,931866.8302246744,2.9998655182644582,,False
CHI:43,SOUTH SHORE,AGBH,2018,gross,7606157.597013638,7606157.597013705,7606157.597013705,0.0,0.0,1.0000000000000089,51549.311800743184,786157.5970137054,3.5187930410064756,,False
CHI:43,SOUTH SHORE,AGBH,2018,land,7605902.595532223,7605902.595532298,7605902.595532298,0.0,0.0,1.00000000000001,51549.27207449716,785902.5955322979,3.518902647921187,,False
CHI:44,CHATHAM,AGBH,2018,gross,7653503.079769677,7653503.079769628,7653503.079769628,0.0,4.842877388000488e-08,0.9999999999999937,20000.0,803503.0797696286,2.8822398201843495,,False
CHI:44,CHATHAM,AGBH,2018,land,7653503.079769677,7653503.079769628,7653503.079769628,0.0,4.842877388000488e-08,0.9999999999999937,20000.0,803503.0797696286,2.8822398201843495,,False
CHI:45,AVALON PARK,AGBH,2018,gross,3240295.691314189,3240295.6913141306,3240295.6913141306,0.0,5.8673322200775146e-08,0.9999999999999819,6941.690196718503,480295.69131413073,2.409099466124703,,False
CHI:45,AVALON PARK,AGBH,2018,land,3240295.691314193,3240295.6913141306,3240295.6913141306,0.0,6.239861249923706e-08,0.9999999999999808,6941.690196718503,480295.69131413073,2.409099466124703,,False
CHI:46,SOUTH CHICAGO,AGBH,2018,gross,8671541.133055912,8671541.133055782,8671541.133055782,0.0,1.30385160446167e-07,0.999999999999985,961518.9659319517,801541.1330557824,2.0987336231442675,,False
CHI:46,SOUTH CHICAGO,AGBH,2018,land,8551212.049180657,8551212.049180385,8551212.049180385,0.0,2.7194619178771973e-07,0.9999999999999682,947623.7558522022,851212.0491803839,2.11888161789306,,False
CHI:47,BURNSIDE,AGBH,2018,gross,1580144.3966775907,1580144.3966776202,1580144.3966776202,0.0,0.0,1.0000000000000187,10000.0,300144.39667762024,2.9164479195551056,,False
CHI:47,BURNSIDE,AGBH,2018,land,1580144.3966775907,1580144.3966776202,1580144.3966776202,0.0,0.0,1.0000000000000187,10000.0,300144.39667762024,2.9164479195551056,,False
CHI:48,CALUMET HEIGHTS,AGBH,2018,gross,4539426.345624884,4539426.345624874,4539426.345624874,0.0,9.313225746154785e-09,0.999999999999998,3058.3098032814964,539426.3456248743,2.423101891290711,,False
CHI:48,CALUMET HEIGHTS,AGBH,2018,land,4539426.345624882,4539426.345624874,4539426.345624874,0.0,7.450580596923828e-09,0.9999999999999983,3058.3098032814964,539426.3456248743,2.423101891290711,,False
CHI:49,ROSELAND,AGBH,2018,gross,12487509.106485516,12487509.106485412,12487509.106485412,0.0,1.043081283569336e-07,0.9999999999999917,140000.0,1147509.1064854115,2.482125828663737,,False
CHI:49,ROSELAND,AGBH,2018,land,12482166.729084138,12482166.729084041,12482166.729084041,0.0,9.685754776000977e-08,0.9999999999999922,140000.0,1182166.72908404,2.4826300374819765,,False
CHI:50,PULLMAN,AGBH,2018,gross,5485501.606166734,5485501.606166702,5485501.606166702,0.0,3.259629011154175e-08,0.999999999999994,445890.9082838321,895501.6061667015,2.4017369476492934,,False
CHI:50,PULLMAN,AGBH,2018,land,5485501.6061667325,5485501.606166702,5485501.606166702,0.0,3.073364496231079e-08,0.9999999999999944,445890.9082838321,895501.6061667015,2.4017369476492934,,False
CHI:51,SOUTH DEERING,AGBH,2018,gross,28244565.762395654,28244565.762395717,28244565.762395717,0.0,0.0,1.0000000000000022,7834559.204868615,1554565.7623957195,1.5439846586770583,,False
CHI:51,SOUTH DEERING,AGBH,2018,land,23230621.278405126,23230621.278405372,23230621.278405372,0.0,0.0,1.0000000000000107,4675458.178580318,6050621.278405369,1.8074032616722684,,False
CHI:52,EAST SIDE,AGBH,2018,gross,7739033.223802831,7739033.22380267,7739033.22380267,0.0,1.6111880540847778e-07,0.9999999999999791,339470.28616952244,1179033.2238026694,2.016372125167752,,False
CHI:52,EAST SIDE,AGBH,2018,land,7327398.78328739,7327398.783287256,7327398.783287256,0.0,1.341104507446289e-07,0.9999999999999817,267864.5559139252,1267398.783287256,2.0700088586458003,,False
CHI:53,WEST PULLMAN,AGBH,2018,gross,9238349.483757742,9238349.483757827,9238349.483757827,0.0,0.0,1.0000000000000093,114895.84726604425,1078349.4837578265,2.2940816771614605,,False
CHI:53,WEST PULLMAN,AGBH,2018,land,9140711.762871915,9140711.762872003,9140711.762872003,0.0,0.0,1.0000000000000095,62743.36347545802,1110711.7628720035,2.316151529698315,,False
CHI:54,RIVERDALE,AGBH,2018,gross,9147590.56080378,9147590.560803877,9147590.560803877,0.0,0.0,1.0000000000000107,1764988.7368589134,837590.5608038778,0.7979467910486809,,False
CHI:54,RIVERDALE,AGBH,2018,land,8182500.451832262,8182500.451832255,8182500.451832255,0.0,6.51925802230835e-09,0.9999999999999992,1396785.4764806582,1872500.451832255,0.8695831027500082,,False
CHI:55,HEGEWISCH,AGBH,2018,gross,13570709.095509121,13570709.09550897,13570709.09550897,0.0,1.5087425708770752e-07,0.9999999999999889,5123328.422309941,1240709.0955089696,0.891183232163694,,False
CHI:55,HEGEWISCH,AGBH,2018,land,10816964.13145721,10816964.131456949,10816964.131456949,0.0,2.60770320892334e-07,0.9999999999999759,2851066.7702197186,2696964.131456948,1.112938517980559,,False
CHI:56,GARFIELD RIDGE,AGBH,2018,gross,10960784.569002023,10960784.569001805,10960784.569001805,0.0,2.1792948246002197e-07,0.9999999999999801,252475.53961433624,1210784.569001806,2.1112576042893214,,False
CHI:56,GARFIELD RIDGE,AGBH,2018,land,10910902.45835961,10910902.4583594,10910902.4583594,0.0,2.1047890186309814e-07,0.9999999999999807,245586.9496597363,1260902.4583594005,2.1170931110744653,,False
CHI:57,ARCHER HEIGHTS,AGBH,2018,gross,5199262.024856954,5199262.024856965,5199262.024856965,0.0,0.0,1.0000000000000022,18349.398353766963,749262.0248569658,3.003758383871412,,False
CHI:57,ARCHER HEIGHTS,AGBH,2018,land,5199262.024856952,5199262.024856965,5199262.024856965,0.0,0.0,1.0000000000000024,18349.398353766963,749262.0248569658,3.003758383871412,,False
CHI:58,BRIGHTON PARK,AGBH,2018,gross,7055900.694077731,7055900.694077662,7055900.694077662,0.0,6.891787052154541e-08,0.9999999999999902,6279.348542516774,745900.6940776621,3.192916189951846,,False
CHI:58,BRIGHTON PARK,AGBH,2018,land,7055900.694077738,7055900.694077662,7055900.694077662,0.0,7.543712854385376e-08,0.9999999999999893,6279.348542516774,745900.6940776621,3.192916189951846,,False
CHI:59,MCKINLEY PARK,AGBH,2018,gross,3666019.271485716,3666019.2714857296,3666019.2714857296,0.0,0.0,1.0000000000000038,20000.0,456019.2714857297,3.4122530390859693,,False
CHI:59,MCKINLEY PARK,AGBH,2018,land,3593058.9556321753,3593058.9556322107,3593058.9556322107,0.0,0.0,1.0000000000000098,13149.056470279804,513058.95563221077,3.4564435202853785,,False
CHI:60,BRIDGEPORT,AGBH,2018,gross,5419390.931894958,5419390.931894824,5419390.931894824,0.0,1.341104507446289e-07,0.9999999999999752,0.0,559390.9318948232,3.446676321343248,,False
CHI:60,BRIDGEPORT,AGBH,2018,land,5321051.358729187,5321051.3587290915,5321051.3587290915,0.0,9.592622518539429e-08,0.999999999999982,0.0,581051.3587290915,3.4770420670513937,,False
CHI:61,NEW CITY,AGBH,2018,gross,12517374.363150815,12517374.363150807,12517374.363150807,0.0,7.450580596923828e-09,0.9999999999999994,30000.0,997374.3631508069,3.3828773290417926,,False
CHI:61,NEW CITY,AGBH,2018,land,12407235.303431932,12407235.303431915,12407235.303431915,0.0,1.6763806343078613e-08,0.9999999999999987,99.21690195785423,1167235.3034319156,3.4085638966500156,,False
CHI:62,WEST ELSDON,AGBH,2018,gross,3041247.4108165028,3041247.4108166154,3041247.4108166154,0.0,0.0,1.000000000000037,0.0,551247.4108166154,2.653305544121538,,False
CHI:62,WEST ELSDON,AGBH,2018,land,3041247.410816505,3041247.4108166154,3041247.4108166154,0.0,0.0,1.0000000000000362,0.0,551247.4108166154,2.653305544121538,,False
CHI:63,GAGE PARK,AGBH,2018,gross,5697802.228001157,5697802.228001101,5697802.228001101,0.0,5.587935447692871e-08,0.9999999999999902,10000.0,587802.228001101,3.0505694753532495,,False
CHI:63,GAGE PARK,AGBH,2018,land,5697802.228001152,5697802.228001101,5697802.228001101,0.0,5.122274160385132e-08,0.999999999999991,10000.0,587802.228001101,3.0505694753532495,,False
CHI:64,CLEARING,AGBH,2018,gross,6614609.447515561,6614609.447515741,6614609.447515741,0.0,0.0,1.000000000000027,91107.39075844176,734609.4475157413,2.1030694907361513,,False
CHI:64,CLEARING,AGBH,2018,land,6614609.447515568,6614609.447515741,6614609.447515741,0.0,0.0,1.0000000000000262,91107.39075844176,734609.4475157413,2.1030694907361513,,False
CHI:65,WEST LAWN,AGBH,2018,gross,7653144.060550047,7653144.060549971,7653144.060549971,0.0,7.636845111846924e-08,0.99999999999999,15395.187967160968,913144.060549971,2.5065754891276373,,False
CHI:65,WEST LAWN,AGBH,2018,land,7653144.060550053,7653144.060549971,7653144.060549971,0.0,8.195638656616211e-08,0.9999999999999893,15395.187967160968,913144.060549971,2.5065754891276373,,False
CHI:66,CHICAGO LAWN,AGBH,2018,gross,9137324.575233605,9137324.575233454,9137324.575233454,0.0,1.5087425708770752e-07,0.9999999999999835,410000.0,797324.575233455,2.684082492665531,,False
CHI:66,CHICAGO LAWN,AGBH,2018,land,8952886.903770605,8952886.903770465,8952886.903770465,0.0,1.3969838619232178e-07,0.9999999999999843,313397.4845112131,1282886.9037704656,2.738746584788499,,False
CHI:67,WEST ENGLEWOOD,AGBH,2018,gross,8176686.467094257,8176686.46709446,8176686.46709446,0.0,0.0,1.0000000000000249,30000.0,866686.4670944596,2.832721092809255,,False
CHI:67,WEST ENGLEWOOD,AGBH,2018,land,8176686.467094248,8176686.46709446,8176686.46709446,0.0,0.0,1.0000000000000258,30000.0,866686.4670944596,2.832721092809255,,False
CHI:68,ENGLEWOOD,AGBH,2018,gross,7963236.58929961,7963236.589299636,7963236.589299636,0.0,0.0,1.0000000000000033,0.0,943236.5892996357,2.6519641887383982,,False
CHI:68,ENGLEWOOD,AGBH,2018,land,7963236.589299612,7963236.589299636,7963236.589299636,0.0,0.0,1.000000000000003,0.0,943236.5892996357,2.6519641887383982,,False
CHI:69,GREATER GRAND CROSSING,AGBH,2018,gross,9190511.504722932,9190511.504722996,9190511.504722996,0.0,0.0,1.0000000000000069,80000.0,1010511.5047229952,2.6174753035470157,,False
CHI:69,GREATER GRAND CROSSING,AGBH,2018,land,9133852.028843941,9133852.028844008,9133852.028844008,0.0,0.0,1.0000000000000073,69683.1606236599,1293852.0288440096,2.630304250722551,,False
CHI:70,ASHBURN,AGBH,2018,gross,12594243.405995606,12594243.405995596,12594243.405995596,0.0,9.313225746154785e-09,0.9999999999999992,241655.0616072734,1004243.4059955963,2.1765074257400814,,False
CHI:70,ASHBURN,AGBH,2018,land,12594243.405995611,12594243.405995596,12594243.405995596,0.0,1.4901161193847656e-08,0.9999999999999988,241655.0616072734,1004243.4059955963,2.1765074257400814,,False
CHI:71,AUBURN GRESHAM,AGBH,2018,gross,9768202.268259991,9768202.268260134,9768202.268260134,0.0,0.0,1.0000000000000147,0.0,818202.2682601342,2.9817776430071725,,False
CHI:71,AUBURN GRESHAM,AGBH,2018,land,9768202.268259995,9768202.268260134,9768202.268260134,0.0,0.0,1.0000000000000142,0.0,818202.2682601342,2.9817776430071725,,False
CHI:72,BEVERLY,AGBH,2018,gross,8254147.379523542,8254147.379523478,8254147.379523478,0.0,6.332993507385254e-08,0.9999999999999923,360178.29212412087,914147.3795234787,2.412372030352264,,False
CHI:72,BEVERLY,AGBH,2018,land,8248714.750378908,8248714.750378853,8248714.750378853,0.0,5.494803190231323e-08,0.9999999999999933,358124.64960856317,968714.750378852,2.4139508331279864,,False
CHI:73,WASHINGTON HEIGHTS,AGBH,2018,gross,7403976.897609215,7403976.897609171,7403976.897609171,0.0,4.377216100692749e-08,0.9999999999999941,0.0,733976.8976091716,2.5265833777775377,,False
CHI:73,WASHINGTON HEIGHTS,AGBH,2018,land,7403172.701221508,7403172.701221469,7403172.701221469,0.0,3.91155481338501e-08,0.9999999999999947,0.0,743172.7012214691,2.526638419039655,,False
CHI:74,MOUNT GREENWOOD,AGBH,2018,gross,7027438.056575456,7027438.05657546,7027438.05657546,0.0,0.0,1.0000000000000007,529658.9080375955,957438.0565754604,1.9788573952065414,,False
CHI:74,MOUNT GREENWOOD,AGBH,2018,land,6990037.867567974,6990037.867567995,6990037.867567995,0.0,0.0,1.0000000000000029,503555.0344544551,1090037.867567995,1.9875313998704047,,False
CHI:75,MORGAN PARK,AGBH,2018,gross,8542202.69311319,8542202.693113107,8542202.693113107,0.0,8.195638656616211e-08,0.9999999999999905,20000.0,822202.6931131065,2.347659942357644,,False
CHI:75,MORGAN PARK,AGBH,2018,land,8542202.69311319,8542202.693113107,8542202.693113107,0.0,8.195638656616211e-08,0.9999999999999905,20000.0,822202.6931131065,2.347659942357644,,False
CHI:76,OHARE,AGBH,2018,gross,34570231.627313845,34570231.62731375,34570231.62731375,0.0,9.685754776000977e-08,0.9999999999999972,9544560.40534059,3320231.627313747,0.673551537715628,,False
CHI:76,OHARE,AGBH,2018,land,34005513.17851244,34005513.17851229,34005513.17851229,0.0,1.4901161193847656e-07,0.9999999999999957,9220171.261814784,5925513.178512294,0.6828660266352816,,False
CHI:77,EDGEWATER,AGBH,2018,gross,4504278.798245761,4504278.798245812,4504278.798245812,0.0,0.0,1.0000000000000113,84499.73882310581,564278.7982458121,4.491885071319541,,False
CHI:77,EDGEWATER,AGBH,2018,land,4504278.723896531,4504278.7238965845,4504278.7238965845,0.0,0.0,1.0000000000000118,84499.72593060537,564278.7238965845,4.491885137685148,,False
CHI:01,ROGERS PARK,ANBH,2018,gross,4765490.917378601,4765490.917378642,4765490.917378642,0.0,0.0,1.0000000000000087,33995.67634961139,535490.917378642,11.378592372796083,,False
CHI:01,ROGERS PARK,ANBH,2018,land,4765460.39016369,4765460.390163744,4765460.390163744,0.0,0.0,1.0000000000000113,33995.599137501486,535460.3901637436,11.378624517875725,,False
CHI:02,WEST RIDGE,ANBH,2018,gross,9150747.438903373,9150747.438903417,9150747.438903417,0.0,0.0,1.0000000000000049,80000.0,820747.4389034177,9.23830484442206,,False
CHI:02,WEST RIDGE,ANBH,2018,land,9125177.034861483,9125177.034861505,9125177.034861505,0.0,0.0,1.0000000000000024,80000.0,835177.0348615043,9.242558411038821,,False
CHI:03,UPTOWN,ANBH,2018,gross,6051803.70022829,6051803.700228292,6051803.700228292,0.0,0.0,1.0000000000000002,351655.21599506366,761803.7002282917,11.98735553178084,,False
CHI:03,UPTOWN,ANBH,2018,land,6039085.193809924,6039085.193809881,6039085.193809881,0.0,4.284083843231201e-08,0.9999999999999929,349273.3144181851,809085.1938098806,12.00768101885706,,False
CHI:04,LINCOLN SQUARE,ANBH,2018,gross,6633506.810042517,6633506.810042456,6633506.810042456,0.0,6.146728992462158e-08,0.9999999999999908,140000.0,743506.8100424558,9.41665004585443,,False
CHI:04,LINCOLN SQUARE,ANBH,2018,land,6551679.434277667,6551679.43427759,6551679.43427759,0.0,7.636845111846924e-08,0.9999999999999883,128926.50410774187,851679.4342775906,9.458884840917902,,False
CHI:05,NORTH CENTER,ANBH,2018,gross,5304260.415102001,5304260.415102037,5304260.415102037,0.0,0.0,1.0000000000000067,26.616451515654656,614260.4151020371,11.415349808658709,,False
CHI:05,NORTH CENTER,ANBH,2018,land,5214822.687014553,5214822.68701463,5214822.68701463,0.0,0.0,1.0000000000000149,0.0,614822.6870146298,11.427224618511394,,False
CHI:06,LAKE VIEW,ANBH,2018,gross,8108214.615320174,8108214.615320164,8108214.615320164,0.0,1.0244548320770264e-08,0.9999999999999988,97168.94873149304,908214.6153201638,13.86845954047668,,False
CHI:06,LAKE VIEW,ANBH,2018,land,8108191.803152035,8108191.803151974,8108191.803151974,0.0,6.05359673500061e-08,0.9999999999999926,97153.9117549762,908191.8031519745,13.868492693567832,,False
CHI:07,LINCOLN PARK,ANBH,2018,gross,8210657.509452197,8210657.509452274,8210657.509452274,0.0,0.0,1.0000000000000093,232476.62421237445,680657.5094522749,12.296139264026136,,False
CHI:07,LINCOLN PARK,ANBH,2018,land,7875620.057153927,7875620.057153933,7875620.057153933,0.0,0.0,1.0000000000000007,188468.48891912517,1095620.0571539332,12.577702221136905,,False
CHI:08,NEAR NORTH SIDE,ANBH,2018,gross,7128465.809132978,7128465.809133004,7128465.809133004,0.0,0.0,1.0000000000000036,56886.684370640694,1028465.8091330051,26.54494660163188,,False
CHI:08,NEAR NORTH SIDE,ANBH,2018,land,6846909.413520801,6846909.4135209005,6846909.4135209005,0.0,0.0,1.0000000000000147,40386.18559529003,1136909.413520901,26.620705660403708,,False
CHI:09,EDISON PARK,ANBH,2018,gross,2941226.407281429,2941226.407281417,2941226.407281417,0.0,1.210719347000122e-08,0.9999999999999959,0.0,531226.407281417,7.547855504898723,,False
CHI:09,EDISON PARK,ANBH,2018,land,2941226.407281426,2941226.407281417,2941226.407281417,0.0,8.847564458847046e-09,0.999999999999997,0.0,531226.407281417,7.547855504898723,,False
CHI:10,NORWOOD PARK,ANBH,2018,gross,11338566.59849616,11338566.598496117,11338566.598496117,0.0,4.284083843231201e-08,0.9999999999999962,88529.18227214107,1638566.5984961162,7.548893097541575,,False
CHI:10,NORWOOD PARK,ANBH,2018,land,11324342.83990052,11324342.839900482,11324342.839900482,0.0,3.725290298461914e-08,0.9999999999999967,80916.93317970459,1644342.8399004834,7.556773767237036,,False
CHI:11,JEFFERSON PARK,ANBH,2018,gross,6030783.352569082,6030783.352569219,6030783.352569219,0.0,0.0,1.0000000000000226,250149.89287206563,880783.3525692185,7.507766693308403,,False
CHI:11,JEFFERSON PARK,ANBH,2018,land,6004705.019864179,6004705.019864245,6004705.019864245,0.0,0.0,1.000000000000011,237940.56865296885,864705.019864245,7.533041169236397,,False
CHI:12,FOREST GLEN,ANBH,2018,gross,8286434.828237358,8286434.828237203,8286434.828237203,0.0,1.5459954738616943e-07,0.9999999999999813,951645.8640525932,1416434.828237203,6.333877712218216,,False
CHI:12,FOREST GLEN,ANBH,2018,land,8215147.438986041,8215147.438985942,8215147.438985942,0.0,9.872019290924072e-08,0.999999999999988,912293.4844789723,1595147.4389859415,6.3773478733420585,,False
CHI:13,NORTH PARK,ANBH,2018,gross,6534660.397095972,6534660.397095987,6534660.397095987,0.0,0.0,1.0000000000000022,517178.10810123174,794660.3970959862,6.694276040725676,,False
CHI:13,NORTH PARK,ANBH,2018,land,6419722.919217324,6419722.919217317,6419722.919217317,0.0,6.51925802230835e-09,0.999999999999999,493523.27997091674,1139722.919217317,6.7208447809917935,,False
CHI:14,ALBANY PARK,ANBH,2018,gross,4977776.028773762,4977776.028773814,4977776.028773814,0.0,0.0,1.0000000000000104,0.0,747776.028773814,10.046327217685645,,False
CHI:14,ALBANY PARK,ANBH,2018,land,4929718.559888613,4929718.5598886795,4929718.5598886795,0.0,0.0,1.0000000000000133,0.0,739718.5598886801,10.051019009156356,,False
CHI:15,PORTAGE PARK,ANBH,2018,gross,10244958.488065748,10244958.488065714,10244958.488065714,0.0,3.3527612686157227e-08,0.9999999999999968,1331.4714153915972,904958.4880657136,8.886335670776388,,False
CHI:15,PORTAGE PARK,ANBH,2018,land,10244958.488065746,10244958.488065714,10244958.488065714,0.0,3.166496753692627e-08,0.9999999999999969,1331.4714153915972,904958.4880657136,8.886335670776388,,False
CHI:16,IRVING PARK,ANBH,2018,gross,8331124.301416731,8331124.301416642,8331124.301416642,0.0,8.940696716308594e-08,0.9999999999999892,78641.91213309274,891124.3014166411,9.883179993879546,,False
CHI:16,IRVING PARK,ANBH,2018,land,8299291.856918671,8299291.856918578,8299291.856918578,0.0,9.313225746154785e-08,0.9999999999999888,78276.43079324986,869291.856918578,9.883822500864474,,False
CHI:17,DUNNING,ANBH,2018,gross,9631343.813819058,9631343.813819181,9631343.813819181,0.0,0.0,1.0000000000000127,112735.83988099606,1031343.81381918,7.493898788055074,,False
CHI:17,DUNNING,ANBH,2018,land,9627544.939425044,9627544.939425176,9627544.939425176,0.0,0.0,1.0000000000000138,112223.87279894098,1087544.9394251753,7.49335211253868,,False
CHI:18,MONTCLARE,ANBH,2018,gross,2563815.3444556845,2563815.3444556086,2563815.3444556086,0.0,7.59027898311615e-08,0.9999999999999704,0.0,453815.3444556084,8.959449275347286,,False
CHI:18,MONTCLARE,ANBH,2018,land,2563815.3444556855,2563815.3444556086,2563815.3444556086,0.0,7.683411240577698e-08,0.99999999999997,0.0,453815.3444556084,8.959449275347286,,False
CHI:19,BELMONT CRAGIN,ANBH,2018,gross,10143065.214612752,10143065.21461283,10143065.21461283,0.0,0.0,1.0000000000000078,20000.0,733065.2146128295,9.093085514809527,,False
CHI:19,BELMONT CRAGIN,ANBH,2018,land,10139577.945465177,10139577.945465237,10139577.945465237,0.0,0.0,1.0000000000000058,20000.0,759577.9454652363,9.095135075520531,,False
CHI:20,HERMOSA,ANBH,2018,gross,3031024.7043207134,3031024.7043208294,3031024.7043208294,0.0,0.0,1.0000000000000382,0.0,521024.7043208295,9.807128492554487,,False
CHI:20,HERMOSA,ANBH,2018,land,3031024.7043207115,3031024.7043208294,3031024.7043208294,0.0,0.0,1.0000000000000389,0.0,521024.7043208295,9.807128492554487,,False
CHI:21,AVONDALE,ANBH,2018,gross,5140343.819716246,5140343.819716299,5140343.819716299,0.0,0.0,1.0000000000000104,20319.51916395431,500343.81971629814,10.557433483781104,,False
CHI:21,AVONDALE,ANBH,2018,land,5105405.9171758415,5105405.917175893,5105405.917175893,0.0,0.0,1.00000000000001,20319.51916395431,515405.91717589286,10.552978168838704,,False
CHI:22,LOGAN SQUARE,ANBH,2018,gross,9302320.777039025,9302320.777038962,9302320.777038962,0.0,6.332993507385254e-08,0.9999999999999932,40207.822472539345,842320.7770389626,11.570654776737282,,False
CHI:22,LOGAN SQUARE,ANBH,2018,land,9214627.873118123,9214627.873118073,9214627.873118073,0.0,5.029141902923584e-08,0.9999999999999946,39680.48083604569,834627.873118071,11.571808354327882,,False
CHI:23,HUMBOLDT PARK,ANBH,2018,gross,9341768.005762478,9341768.005762566,9341768.005762566,0.0,0.0,1.0000000000000093,60000.0,981768.0057625656,9.836951182173058,,False
CHI:23,HUMBOLDT PARK,ANBH,2018,land,9341768.005762476,9341768.005762566,9341768.005762566,0.0,0.0,1.0000000000000095,60000.0,981768.0057625656,9.836951182173058,,False
CHI:24,WEST TOWN,ANBH,2018,gross,11859483.551316375,11859483.551316235,11859483.551316235,0.0,1.3969838619232178e-07,0.9999999999999882,131083.47467766178,1029483.5513162346,12.442305003814708,,False
CHI:24,WEST TOWN,ANBH,2018,land,11686619.852750145,11686619.852750037,11686619.852750037,0.0,1.0803341865539551e-07,0.9999999999999908,106324.0972710521,1236619.8527500366,12.454808348057478,,False
CHI:25,AUSTIN,ANBH,2018,gross,18524965.477195933,18524965.477195967,18524965.477195967,0.0,0.0,1.0000000000000018,160000.0,1544965.4771959658,9.756588998605062,,False
CHI:25,AUSTIN,ANBH,2018,land,18495515.83404391,18495515.834043942,18495515.834043942,0.0,0.0,1.0000000000000018,152243.19367821404,1665515.8340439417,9.765038888852137,,False
CHI:26,WEST GARFIELD PARK,ANBH,2018,gross,3355597.0444757016,3355597.0444756667,3355597.0444756667,0.0,3.4924596548080444e-08,0.9999999999999896,0.0,495597.0444756669,10.844651751894915,,False
CHI:26,WEST GARFIELD PARK,ANBH,2018,land,3355597.0444757035,3355597.0444756667,3355597.0444756667,0.0,3.67872416973114e-08,0.999999999999989,0.0,495597.0444756669,10.844651751894915,,False
CHI:27,EAST GARFIELD PARK,ANBH,2018,gross,5009564.007264946,5009564.007264847,5009564.007264847,0.0,9.872019290924072e-08,0.9999999999999803,40000.0,599564.0072648474,10.270633892629137,,False
CHI:27,EAST GARFIELD PARK,ANBH,2018,land,4951359.1146265175,4951359.114626433,4951359.114626433,0.0,8.475035429000854e-08,0.9999999999999829,18320.557764428107,731359.1146264328,10.36972934207348,,False
CHI:28,NEAR WEST SIDE,ANBH,2018,gross,14735045.163176594,14735045.16317672,14735045.16317672,0.0,0.0,1.0000000000000084,10000.0,955045.163176718,16.647079301485594,,False
CHI:28,NEAR WEST SIDE,ANBH,2018,land,14621547.32237022,14621547.322370276,14621547.322370276,0.0,0.0,1.0000000000000038,10000.0,971547.3223702732,16.522640456193916,,False
CHI:29,NORTH LAWNDALE,ANBH,2018,gross,8319769.994193201,8319769.994193179,8319769.994193179,0.0,2.2351741790771484e-08,0.9999999999999973,110000.0,859769.9941931788,10.920190816690575,,False
CHI:29,NORTH LAWNDALE,ANBH,2018,land,8279985.369198846,8279985.3691988215,8279985.3691988215,0.0,2.421438694000244e-08,0.9999999999999971,95897.57773118297,1019985.3691988222,10.958726827591324,,False
CHI:30,SOUTH LAWNDALE,ANBH,2018,gross,11900229.189034691,11900229.189034918,11900229.189034918,0.0,0.0,1.000000000000019,95371.25310371627,1060229.1890349186,9.847642745876174,,False
CHI:30,SOUTH LAWNDALE,ANBH,2018,land,11453818.62505984,11453818.625060076,11453818.625060076,0.0,0.0,1.0000000000000207,72106.94335653198,1873818.625060076,9.952006921705987,,False
CHI:31,LOWER WEST SIDE,ANBH,2018,gross,7581819.527124903,7581819.527124929,7581819.527124929,0.0,0.0,1.0000000000000033,30000.0,901819.5271249297,11.80645691678237,,False
CHI:31,LOWER WEST SIDE,ANBH,2018,land,7180818.84664485,7180818.846644715,7180818.846644715,0.0,1.3504177331924438e-07,0.9999999999999812,9637.651329693867,1470818.8466447154,11.964381567494007,,False
CHI:32,LOOP,ANBH,2018,gross,4307774.3539042,4307774.353904252,4307774.353904252,0.0,0.0,1.0000000000000122,129751.81784246954,697774.3539042519,29.992669060904493,,False
CHI:32,LOOP,ANBH,2018,land,3975067.587436601,3975067.5874366397,3975067.5874366397,0.0,0.0,1.0000000000000098,110586.86794201839,575067.5874366392,30.626364137078266,,False
CHI:33,NEAR SOUTH SIDE,ANBH,2018,gross,4627054.641433521,4627054.641433649,4627054.641433649,0.0,0.0,1.0000000000000275,146072.61815143205,867054.641433649,16.493352901440524,,False
CHI:33,NEAR SOUTH SIDE,ANBH,2018,land,4592761.076971276,4592761.0769714005,4592761.0769714005,0.0,0.0,1.000000000000027,146072.5755862433,852761.0769714004,16.563293537580837,,False
CHI:34,ARMOUR SQUARE,ANBH,2018,gross,2581424.7956736647,2581424.7956738174,2581424.7956738174,0.0,0.0,1.000000000000059,39001.77841547674,721424.7956738176,11.226984364436735,,False
CHI:34,ARMOUR SQUARE,ANBH,2018,land,2542254.917158453,2542254.9171586307,2542254.9171586307,0.0,0.0,1.00000000000007,39001.77841547674,722254.9171586307,11.152282866616126,,False
CHI:35,DOUGLAS,ANBH,2018,gross,4277043.1447287975,4277043.144728735,4277043.144728735,0.0,6.239861249923706e-08,0.9999999999999855,63891.80976135479,617043.1447287352,13.747775926058326,,False
CHI:35,DOUGLAS,ANBH,2018,land,4277041.618763508,4277041.618763445,4277041.618763445,0.0,6.332993507385254e-08,0.9999999999999852,63891.69263219289,617041.6187634455,13.747780005017553,,False
CHI:36,OAKLAND,ANBH,2018,gross,1572486.67608113,1572486.6760811305,1572486.6760811305,0.0,0.0,1.0000000000000002,153827.2529071229,352486.6760811306,8.865561081243248,,False
CHI:36,OAKLAND,ANBH,2018,land,1572307.4036458333,1572307.4036458232,1572307.4036458232,0.0,1.0011717677116394e-08,0.9999999999999937,153648.01954509504,352307.4036458231,8.866571854854632,,False
CHI:37,FULLER PARK,ANBH,2018,gross,1851670.3124760597,1851670.3124759747,1851670.3124759747,0.0,8.498318493366241e-08,0.9999999999999541,37000.90451627758,571670.3124759744,8.541941559435237,,False
CHI:37,FULLER PARK,ANBH,2018,land,1851670.3124760583,1851670.3124759747,1851670.3124759747,0.0,8.35862010717392e-08,0.9999999999999548,37000.90451627758,571670.3124759744,8.541941559435237,,False
CHI:38,GRAND BOULEVARD,ANBH,2018,gross,4508363.201553177,4508363.2015530905,4508363.2015530905,0.0,8.66129994392395e-08,0.9999999999999808,62999.09548372243,568363.2015530901,12.765472189180244,,False
CHI:38,GRAND BOULEVARD,ANBH,2018,land,4508363.201553175,4508363.2015530905,4508363.2015530905,0.0,8.475035429000854e-08,0.9999999999999812,62999.09548372243,568363.2015530901,12.765472189180244,,False
CHI:39,KENWOOD,ANBH,2018,gross,2702796.95471381,2702796.9547138447,2702796.9547138447,0.0,0.0,1.0000000000000129,122358.58321764525,392796.95471384464,10.97255165262848,,False
CHI:39,KENWOOD,ANBH,2018,land,2702781.27692716,2702781.27692721,2702781.27692721,0.0,0.0,1.0000000000000184,122358.47651508608,392781.2769272099,10.972600896693661,,False
CHI:40,WASHINGTON PARK,ANBH,2018,gross,3939531.496807895,3939531.496807885,3939531.496807885,0.0,1.0244548320770264e-08,0.9999999999999974,320000.0,539531.4968078851,9.467453039552487,,False
CHI:40,WASHINGTON PARK,ANBH,2018,land,3806176.911058432,3806176.9110584185,3806176.9110584185,0.0,1.3504177331924438e-08,0.9999999999999964,263997.9006635954,686176.9110584189,9.74401189269128,,False
CHI:41,HYDE PARK,ANBH,2018,gross,4193452.954486159,4193452.9544861484,4193452.9544861484,0.0,1.0710209608078003e-08,0.9999999999999974,178939.60845514966,553452.9544861483,12.174928815938047,,False
CHI:41,HYDE PARK,ANBH,2018,land,4093909.3263548254,4093909.32635481,4093909.32635481,0.0,1.5366822481155396e-08,0.9999999999999962,170482.7812116046,673909.3263548097,12.396341139837231,,False
CHI:42,WOODLAWN,ANBH,2018,gross,5375107.068429622,5375107.068429464,5375107.068429464,0.0,1.5832483768463135e-07,0.9999999999999706,441076.90444553905,775107.0684294637,9.013745392900159,,False
CHI:42,WOODLAWN,ANBH,2018,land,5151866.830224835,5151866.830224674,5151866.830224674,0.0,1.6111880540847778e-07,0.9999999999999687,329755.3613135319,931866.8302246744,9.349850565717594,,False
CHI:43,SOUTH SHORE,ANBH,2018,gross,7606157.597013638,7606157.597013705,7606157.597013705,0.0,0.0,1.0000000000000089,51549.311800743184,786157.5970137054,10.210120049797638,,False
CHI:43,SOUTH SHORE,ANBH,2018,land,7605902.595532223,7605902.595532298,7605902.595532298,0.0,0.0,1.00000000000001,51549.27207449716,785902.5955322979,10.210307041742208,,False
CHI:44,CHATHAM,ANBH,2018,gross,7653503.079769677,7653503.079769628,7653503.079769628,0.0,4.842877388000488e-08,0.9999999999999937,20000.0,803503.0797696286,9.240226744583572,,False
CHI:44,CHATHAM,ANBH,2018,land,7653503.079769677,7653503.079769628,7653503.079769628,0.0,4.842877388000488e-08,0.9999999999999937,20000.0,803503.0797696286,9.240226744583572,,False
CHI:45,AVALON PARK,ANBH,2018,gross,3240295.691314189,3240295.6913141306,3240295.6913141306,0.0,5.8673322200775146e-08,0.9999999999999819,6941.690196718503,480295.69131413073,8.174083801437074,,False
CHI:45,AVALON PARK,ANBH,2018,land,3240295.691314193,3240295.6913141306,3240295.6913141306,0.0,6.239861249923706e-08,0.9999999999999808,6941.690196718503,480295.69131413073,8.174083801437074,,False
CHI:46,SOUTH CHICAGO,ANBH,2018,gross,8671541.133055912,8671541.133055782,8671541.133055782,0.0,1.30385160446167e-07,0.999999999999985,961518.9659319517,801541.1330557824,6.767795785436914,,False
CHI:46,SOUTH CHICAGO,ANBH,2018,land,8551212.049180657,8551212.049180385,8551212.049180385,0.0,2.7194619178771973e-07,0.9999999999999682,947623.7558522022,851212.0491803839,6.799693793165557,,False
CHI:47,BURNSIDE,ANBH,2018,gross,1580144.3966775907,1580144.3966776202,1580144.3966776202,0.0,0.0,1.0000000000000187,10000.0,300144.39667762024,9.680888582038794,,False
CHI:47,BURNSIDE,ANBH,2018,land,1580144.3966775907,1580144.3966776202,1580144.3966776202,0.0,0.0,1.0000000000000187,10000.0,300144.39667762024,9.680888582038794,,False
CHI:48,CALUMET HEIGHTS,ANBH,2018,gross,4539426.345624884,4539426.345624874,4539426.345624874,0.0,9.313225746154785e-09,0.999999999999998,3058.3098032814964,539426.3456248743,7.993220095925975,,False
CHI:48,CALUMET HEIGHTS,ANBH,2018,land,4539426.345624882,4539426.345624874,4539426.345624874,0.0,7.450580596923828e-09,0.9999999999999983,3058.3098032814964,539426.3456248743,7.993220095925975,,False
CHI:49,ROSELAND,ANBH,2018,gross,12487509.106485516,12487509.106485412,12487509.106485412,0.0,1.043081283569336e-07,0.9999999999999917,140000.0,1147509.1064854115,8.34945879393312,,False
CHI:49,ROSELAND,ANBH,2018,land,12482166.729084138,12482166.729084041,12482166.729084041,0.0,9.685754776000977e-08,0.9999999999999922,140000.0,1182166.72908404,8.348925284280176,,False
CHI:50,PULLMAN,ANBH,2018,gross,5485501.606166734,5485501.606166702,5485501.606166702,0.0,3.259629011154175e-08,0.999999999999994,445890.9082838321,895501.6061667015,7.895383649541485,,False
CHI:50,PULLMAN,ANBH,2018,land,5485501.6061667325,5485501.606166702,5485501.606166702,0.0,3.073364496231079e-08,0.9999999999999944,445890.9082838321,895501.6061667015,7.895383649541485,,False
CHI:51,SOUTH DEERING,ANBH,2018,gross,28244565.762395654,28244565.762395717,28244565.762395717,0.0,0.0,1.0000000000000022,7834559.204868615,1554565.7623957195,5.1546654853868885,,False
CHI:51,SOUTH DEERING,ANBH,2018,land,23230621.278405126,23230621.278405372,23230621.278405372,0.0,0.0,1.0000000000000107,4675458.178580318,6050621.278405369,5.734629848277656,,False
CHI:52,EAST SIDE,ANBH,2018,gross,7739033.223802831,7739033.22380267,7739033.22380267,0.0,1.6111880540847778e-07,0.9999999999999791,339470.28616952244,1179033.2238026694,6.4927603821238975,,False
CHI:52,EAST SIDE,ANBH,2018,land,7327398.78328739,7327398.783287256,7327398.783287256,0.0,1.341104507446289e-07,0.9999999999999817,267864.5559139252,1267398.783287256,6.536222469769439,,False
CHI:53,WEST PULLMAN,ANBH,2018,gross,9238349.483757742,9238349.483757827,9238349.483757827,0.0,0.0,1.0000000000000093,114895.84726604425,1078349.4837578265,7.806494917437853,,False
CHI:53,WEST PULLMAN,ANBH,2018,land,9140711.762871915,9140711.762872003,9140711.762872003,0.0,0.0,1.0000000000000095,62743.36347545802,1110711.7628720035,7.866210908385242,,False
CHI:54,RIVERDALE,ANBH,2018,gross,9147590.56080378,9147590.560803877,9147590.560803877,0.0,0.0,1.0000000000000107,1764988.7368589134,837590.5608038778,3.9750154566491918,,False
CHI:54,RIVERDALE,ANBH,2018,land,8182500.451832262,8182500.451832255,8182500.451832255,0.0,6.51925802230835e-09,0.9999999999999992,1396785.4764806582,1872500.451832255,4.170307869012003,,False
CHI:55,HEGEWISCH,ANBH,2018,gross,13570709.095509121,13570709.09550897,13570709.09550897,0.0,1.5087425708770752e-07,0.9999999999999889,5123328.422309941,1240709.0955089696,3.374716970262837,,False
CHI:55,HEGEWISCH,ANBH,2018,land,10816964.13145721,10816964.131456949,10816964.131456949,0.0,2.60770320892334e-07,0.9999999999999759,2851066.7702197186,2696964.131456948,4.101648671768739,,False
CHI:56,GARFIELD RIDGE,ANBH,2018,gross,10960784.569002023,10960784.569001805,10960784.569001805,0.0,2.1792948246002197e-07,0.9999999999999801,252475.53961433624,1210784.569001806,6.829616869942038,,False
CHI:56,GARFIELD RIDGE,ANBH,2018,land,10910902.45835961,10910902.4583594,10910902.4583594,0.0,2.1047890186309814e-07,0.9999999999999807,245586.9496597363,1260902.4583594005,6.833115886353252,,False
CHI:57,ARCHER HEIGHTS,ANBH,2018,gross,5199262.024856954,5199262.024856965,5199262.024856965,0.0,0.0,1.0000000000000022,18349.398353766963,749262.0248569658,8.586263638902706,,False
CHI:57,ARCHER HEIGHTS,ANBH,2018,land,5199262.024856952,5199262.024856965,5199262.024856965,0.0,0.0,1.0000000000000024,18349.398353766963,749262.0248569658,8.586263638902706,,False
CHI:58,BRIGHTON PARK,ANBH,2018,gross,7055900.694077731,7055900.694077662,7055900.694077662,0.0,6.891787052154541e-08,0.9999999999999902,6279.348542516774,745900.6940776621,9.088367458242383,,False
CHI:58,BRIGHTON PARK,ANBH,2018,land,7055900.694077738,7055900.694077662,7055900.694077662,0.0,7.543712854385376e-08,0.9999999999999893,6279.348542516774,745900.6940776621,9.088367458242383,,False
CHI:59,MCKINLEY PARK,ANBH,2018,gross,3666019.271485716,3666019.2714857296,3666019.2714857296,0.0,0.0,1.0000000000000038,20000.0,456019.2714857297,10.393628203788422,,False
CHI:59,MCKINLEY PARK,ANBH,2018,land,3593058.9556321753,3593058.9556322107,3593058.9556322107,0.0,0.0,1.0000000000000098,13149.056470279804,513058.95563221077,10.441269864901432,,False
CHI:60,BRIDGEPORT,ANBH,2018,gross,5419390.931894958,5419390.931894824,5419390.931894824,0.0,1.341104507446289e-07,0.9999999999999752,0.0,559390.9318948232,10.276702859475632,,False
CHI:60,BRIDGEPORT,ANBH,2018,land,5321051.358729187,5321051.3587290915,5321051.3587290915,0.0,9.592622518539429e-08,0.999999999999982,0.0,581051.3587290915,10.280243004605438,,False
CHI:61,NEW CITY,ANBH,2018,gross,12517374.363150815,12517374.363150807,12517374.363150807,0.0,7.450580596923828e-09,0.9999999999999994,30000.0,997374.3631508069,9.561329708072721,,False
CHI:61,NEW CITY,ANBH,2018,land,12407235.303431932,12407235.303431915,12407235.303431915,0.0,1.6763806343078613e-08,0.9999999999999987,99.21690195785423,1167235.3034319156,9.611593985775626,,False
CHI:62,WEST ELSDON,ANBH,2018,gross,3041247.4108165028,3041247.4108166154,3041247.4108166154,0.0,0.0,1.000000000000037,0.0,551247.4108166154,7.640700197271919,,False
CHI:62,WEST ELSDON,ANBH,2018,land,3041247.410816505,3041247.4108166154,3041247.4108166154,0.0,0.0,1.0000000000000362,0.0,551247.4108166154,7.640700197271919,,False
CHI:63,GAGE PARK,ANBH,2018,gross,5697802.228001157,5697802.228001101,5697802.228001101,0.0,5.587935447692871e-08,0.9999999999999902,10000.0,587802.228001101,8.514543622581051,,False
CHI:63,GAGE PARK,ANBH,2018,land,5697802.228001152,5697802.228001101,5697802.228001101,0.0,5.122274160385132e-08,0.999999999999991,10000.0,587802.228001101,8.514543622581051,,False
CHI:64,CLEARING,ANBH,2018,gross,6614609.447515561,6614609.447515741,6614609.447515741,0.0,0.0,1.000000000000027,91107.39075844176,734609.4475157413,6.791741378264187,,False
CHI:64,CLEARING,ANBH,2018,land,6614609.447515568,6614609.447515741,6614609.447515741,0.0,0.0,1.0000000000000262,91107.39075844176,734609.4475157413,6.791741378264187,,False
CHI:65,WEST LAWN,ANBH,2018,gross,7653144.060550047,7653144.060549971,7653144.060549971,0.0,7.636845111846924e-08,0.99999999999999,15395.187967160968,913144.060549971,7.561135632416416,,False
CHI:65,WEST LAWN,ANBH,2018,land,7653144.060550053,7653144.060549971,7653144.060549971,0.0,8.195638656616211e-08,0.9999999999999893,15395.187967160968,913144.060549971,7.561135632416416,,False
CHI:66,CHICAGO LAWN,ANBH,2018,gross,9137324.575233605,9137324.575233454,9137324.575233454,0.0,1.5087425708770752e-07,0.9999999999999835,410000.0,797324.575233455,7.784843016657175,,False
CHI:66,CHICAGO LAWN,ANBH,2018,land,8952886.903770605,8952886.903770465,8952886.903770465,0.0,1.3969838619232178e-07,0.9999999999999843,313397.4845112131,1282886.9037704656,7.91469385763345,,False
CHI:67,WEST ENGLEWOOD,ANBH,2018,gross,8176686.467094257,8176686.46709446,8176686.46709446,0.0,0.0,1.0000000000000249,30000.0,866686.4670944596,8.774258414115273,,False
CHI:67,WEST ENGLEWOOD,ANBH,2018,land,8176686.467094248,8176686.46709446,8176686.46709446,0.0,0.0,1.0000000000000258,30000.0,866686.4670944596,8.774258414115273,,False
CHI:68,ENGLEWOOD,ANBH,2018,gross,7963236.58929961,7963236.589299636,7963236.589299636,0.0,0.0,1.0000000000000033,0.0,943236.5892996357,9.62127061770647,,False
CHI:68,ENGLEWOOD,ANBH,2018,land,7963236.589299612,7963236.589299636,7963236.589299636,0.0,0.0,1.000000000000003,0.0,943236.5892996357,9.62127061770647,,False
CHI:69,GREATER GRAND CROSSING,ANBH,2018,gross,9190511.504722932,9190511.504722996,9190511.504722996,0.0,0.0,1.0000000000000069,80000.0,1010511.5047229952,8.993733446802182,,False
CHI:69,GREATER GRAND CROSSING,ANBH,2018,land,9133852.028843941,9133852.028844008,9133852.028844008,0.0,0.0,1.0000000000000073,69683.1606236599,1293852.0288440096,9.022634065572262,,False
CHI:70,ASHBURN,ANBH,2018,gross,12594243.405995606,12594243.405995596,12594243.405995596,0.0,9.313225746154785e-09,0.9999999999999992,241655.0616072734,1004243.4059955963,6.928592098609156,,False
CHI:70,ASHBURN,ANBH,2018,land,12594243.405995611,12594243.405995596,12594243.405995596,0.0,1.4901161193847656e-08,0.9999999999999988,241655.0616072734,1004243.4059955963,6.928592098609156,,False
CHI:71,AUBURN GRESHAM,ANBH,2018,gross,9768202.268259991,9768202.268260134,9768202.268260134,0.0,0.0,1.0000000000000147,0.0,818202.2682601342,8.975694725886884,,False
CHI:71,AUBURN GRESHAM,ANBH,2018,land,9768202.268259995,9768202.268260134,9768202.268260134,0.0,0.0,1.0000000000000142,0.0,818202.2682601342,8.975694725886884,,False
CHI:72,BEVERLY,ANBH,2018,gross,8254147.379523542,8254147.379523478,8254147.379523478,0.0,6.332993507385254e-08,0.9999999999999923,360178.29212412087,914147.3795234787,8.246198490243211,,False
CHI:72,BEVERLY,ANBH,2018,land,8248714.750378908,8248714.750378853,8248714.750378853,0.0,5.494803190231323e-08,0.9999999999999933,358124.64960856317,968714.750378852,8.250193934463853,,False
CHI:73,WASHINGTON HEIGHTS,ANBH,2018,gross,7403976.897609215,7403976.897609171,7403976.897609171,0.0,4.377216100692749e-08,0.9999999999999941,0.0,733976.8976091716,8.28930102758778,,False
CHI:73,WASHINGTON HEIGHTS,ANBH,2018,land,7403172.701221508,7403172.701221469,7403172.701221469,0.0,3.91155481338501e-08,0.9999999999999947,0.0,743172.7012214691,8.289210591742657,,False
CHI:74,MOUNT GREENWOOD,ANBH,2018,gross,7027438.056575456,7027438.05657546,7027438.05657546,0.0,0.0,1.0000000000000007,529658.9080375955,957438.0565754604,6.274523547261834,,False
CHI:74,MOUNT GREENWOOD,ANBH,2018,land,6990037.867567974,6990037.867567995,6990037.867567995,0.0,0.0,1.0000000000000029,503555.0344544551,1090037.867567995,6.295674841338336,,False
CHI:75,MORGAN PARK,ANBH,2018,gross,8542202.69311319,8542202.693113107,8542202.693113107,0.0,8.195638656616211e-08,0.9999999999999905,20000.0,822202.6931131065,8.499968535640145,,False
CHI:75,MORGAN PARK,ANBH,2018,land,8542202.69311319,8542202.693113107,8542202.693113107,0.0,8.195638656616211e-08,0.9999999999999905,20000.0,822202.6931131065,8.499968535640145,,False
CHI:76,OHARE,ANBH,2018,gross,34570231.627313845,34570231.62731375,34570231.62731375,0.0,9.685754776000977e-08,0.9999999999999972,9544560.40534059,3320231.627313747,3.3811773991565643,,False
CHI:76,OHARE,ANBH,2018,land,34005513.17851244,34005513.17851229,34005513.17851229,0.0,1.4901161193847656e-07,0.9999999999999957,9220171.261814784,5925513.178512294,3.407276208465631,,False
CHI:77,EDGEWATER,ANBH,2018,gross,4504278.798245761,4504278.798245812,4504278.798245812,0.0,0.0,1.0000000000000113,84499.73882310581,564278.7982458121,12.049173383095928,,False
CHI:77,EDGEWATER,ANBH,2018,land,4504278.723896531,4504278.7238965845,4504278.7238965845,0.0,0.0,1.0000000000000118,84499.72593060537,564278.7238965845,12.049173520906097,,False
CHI:01,ROGERS PARK,VOLUME,2020,gross,4765490.917378601,4765490.917378642,4765490.917378642,0.0,0.0,1.0000000000000087,33995.67634961139,535490.917378642,4.238326518136315,20197706.527063478,False
CHI:01,ROGERS PARK,VOLUME,2020,land,4765460.39016369,4765460.390163744,4765460.390163744,0.0,0.0,1.0000000000000113,33995.599137501486,535460.3901637436,4.238353029475403,20197703.48149531,False
CHI:02,WEST RIDGE,VOLUME,2020,gross,9150747.438903373,9150747.438903417,9150747.438903417,0.0,0.0,1.0000000000000049,90000.0,820747.4389034177,3.1430151991228854,28760938.283808116,False
CHI:02,WEST RIDGE,VOLUME,2020,land,9125177.034861483,9125177.034861505,9125177.034861505,0.0,0.0,1.0000000000000024,90000.0,835177.0348615043,3.1500859239388945,28745091.730967615,False
CHI:03,UPTOWN,VOLUME,2020,gross,6051803.70022829,6051803.700228292,6051803.700228292,0.0,0.0,1.0000000000000002,371655.21599506354,761803.7002282917,4.068633156829752,24622569.1933738,False
CHI:03,UPTOWN,VOLUME,2020,land,6039085.193809924,6039085.193809881,6039085.193809881,0.0,4.284083843231201e-08,0.9999999999999929,369273.31441818504,809085.1938098806,4.077047164566809,24621635.16600015,False
CHI:04,LINCOLN SQUARE,VOLUME,2020,gross,6633506.810042517,6633506.810042456,6633506.810042456,0.0,6.146728992462158e-08,0.9999999999999908,150000.0,743506.8100424558,3.1668506010541133,21007325.0284797,False
CHI:04,LINCOLN SQUARE,VOLUME,2020,land,6551679.434277667,6551679.43427759,6551679.43427759,0.0,7.636845111846924e-08,0.9999999999999883,138926.50410774187,851679.4342775906,3.198829554510404,20957705.806045406,False
CHI:05,NORTH CENTER,VOLUME,2020,gross,5304260.415102001,5304260.415102037,5304260.415102037,0.0,0.0,1.0000000000000067,26.616451515654656,614260.4151020371,4.174739908552645,22143907.640282344,False
CHI:05,NORTH CENTER,VOLUME,2020,land,5214822.687014553,5214822.68701463,5214822.68701463,0.0,0.0,1.0000000000000149,0.0,614822.6870146298,4.222414651030958,22019143.716178875,False
CHI:06,LAKE VIEW,VOLUME,2020,gross,8108214.615320174,8108214.615320164,8108214.615320164,0.0,1.0244548320770264e-08,0.9999999999999988,113279.42507958428,908214.6153201638,5.331584685428638,43229632.86920969,False
CHI:06,LAKE VIEW,VOLUME,2020,land,8108191.803152035,8108191.803151974,8108191.803151974,0.0,6.05359673500061e-08,0.9999999999999926,113264.30679439312,908191.8031519745,5.331598872206801,43229626.273321815,False
CHI:07,LINCOLN PARK,VOLUME,2020,gross,8210657.509452197,8210657.509452274,8210657.509452274,0.0,0.0,1.0000000000000093,234158.5365119798,680657.5094522749,4.469368547281167,36696454.42524357,False
CHI:07,LINCOLN PARK,VOLUME,2020,land,7875620.057153927,7875620.057153933,7875620.057153933,0.0,0.0,1.0000000000000007,190150.38827018105,1095620.0571539332,4.62560746263344,36429526.9092368,False
CHI:08,NEAR NORTH SIDE,VOLUME,2020,gross,7128465.809132978,7128465.809133004,7128465.809133004,0.0,0.0,1.0000000000000036,58104.81961117798,1028465.8091330051,9.268228327707472,66068248.74530044,False
CHI:08,NEAR NORTH SIDE,VOLUME,2020,land,6846909.413520801,6846909.4135209005,6846909.4135209005,0.0,0.0,1.0000000000000147,40386.18559529003,1136909.413520901,9.504307655022588,65075133.55217196,False
CHI:09,EDISON PARK,VOLUME,2020,gross,2941226.407281429,2941226.407281417,2941226.407281417,0.0,1.210719347000122e-08,0.9999999999999959,0.0,531226.407281417,2.6154347984717727,7692585.895787961,False
CHI:09,EDISON PARK,VOLUME,2020,land,2941226.407281426,2941226.407281417,2941226.407281417,0.0,8.847564458847046e-09,0.999999999999997,0.0,531226.407281417,2.615434798471776,7692585.895787961,False
CHI:10,NORWOOD PARK,VOLUME,2020,gross,11338566.59849616,11338566.598496117,11338566.598496117,0.0,4.284083843231201e-08,0.9999999999999962,98529.18227214109,1638566.5984961162,2.3186103197966115,26289717.526974358,False
CHI:10,NORWOOD PARK,VOLUME,2020,land,11324342.83990052,11324342.839900482,11324342.839900482,0.0,3.725290298461914e-08,0.9999999999999967,90916.93317970459,1644342.8399004834,2.3214887604094474,26289334.621852256,False
CHI:11,JEFFERSON PARK,VOLUME,2020,gross,6030783.352569082,6030783.352569219,6030783.352569219,0.0,0.0,1.0000000000000226,250149.89287206563,880783.3525692185,2.370639510831879,14296813.29686741,False
CHI:11,JEFFERSON PARK,VOLUME,2020,land,6004705.019864179,6004705.019864245,6004705.019864245,0.0,0.0,1.000000000000011,237940.56865296885,864705.019864245,2.380717106129025,14295503.958049478,False
CHI:12,FOREST GLEN,VOLUME,2020,gross,8286434.828237358,8286434.828237203,8286434.828237203,0.0,1.5459954738616943e-07,0.9999999999999813,981645.8640525934,1416434.828237203,1.7696677494795336,14664236.47369563,False
CHI:12,FOREST GLEN,VOLUME,2020,land,8215147.438986041,8215147.438985942,8215147.438985942,0.0,9.872019290924072e-08,0.999999999999988,942265.452721732,1595147.4389859415,1.784699409814881,14661568.785900617,False
CHI:13,NORTH PARK,VOLUME,2020,gross,6534660.397095972,6534660.397095987,6534660.397095987,0.0,0.0,1.0000000000000022,557178.1081012317,794660.3970959862,2.0032625066268315,13090640.167041562,False
CHI:13,NORTH PARK,VOLUME,2020,land,6419722.919217324,6419722.919217317,6419722.919217317,0.0,6.51925802230835e-09,0.999999999999999,533523.2799709168,1139722.919217317,2.029063183223759,13026023.421881627,False
CHI:14,ALBANY PARK,VOLUME,2020,gross,4977776.028773762,4977776.028773814,4977776.028773814,0.0,0.0,1.0000000000000104,0.0,747776.028773814,3.6934855659198598,18385343.91265777,False
CHI:14,ALBANY PARK,VOLUME,2020,land,4929718.559888613,4929718.5598886795,4929718.5598886795,0.0,0.0,1.0000000000000133,0.0,739718.5598886801,3.715125747566104,18314524.350096684,False
CHI:15,PORTAGE PARK,VOLUME,2020,gross,10244958.488065748,10244958.488065714,10244958.488065714,0.0,3.3527612686157227e-08,0.9999999999999968,8913.24678431052,904958.4880657136,3.208907773304338,32875126.92953443,False
CHI:15,PORTAGE PARK,VOLUME,2020,land,10244958.488065746,10244958.488065714,10244958.488065714,0.0,3.166496753692627e-08,0.9999999999999969,8913.24678431052,904958.4880657136,3.2089077733043383,32875126.92953443,False
CHI:16,IRVING PARK,VOLUME,2020,gross,8331124.301416731,8331124.301416642,8331124.301416642,0.0,8.940696716308594e-08,0.9999999999999892,81060.13676417382,891124.3014166411,3.30109656961036,27501845.852404278,False
CHI:16,IRVING PARK,VOLUME,2020,land,8299291.856918671,8299291.856918578,8299291.856918578,0.0,9.313225746154785e-08,0.9999999999999888,80694.65542433094,869291.856918578,3.3073348745064584,27448537.392094586,False
CHI:17,DUNNING,VOLUME,2020,gross,9631343.813819058,9631343.813819181,9631343.813819181,0.0,0.0,1.0000000000000127,142735.83988099606,1031343.81381918,2.452049045326309,23616527.403884474,False
CHI:17,DUNNING,VOLUME,2020,land,9627544.939425044,9627544.939425176,9627544.939425176,0.0,0.0,1.0000000000000138,141697.5760247516,1087544.9394251753,2.451742126830318,23604257.505940422,False
CHI:18,MONTCLARE,VOLUME,2020,gross,2563815.3444556845,2563815.3444556086,2563815.3444556086,0.0,7.59027898311615e-08,0.9999999999999704,0.0,453815.3444556084,3.2434360289759088,8315571.059848847,False
CHI:18,MONTCLARE,VOLUME,2020,land,2563815.3444556855,2563815.3444556086,2563815.3444556086,0.0,7.683411240577698e-08,0.99999999999997,0.0,453815.3444556084,3.2434360289759074,8315571.059848847,False
CHI:19,BELMONT CRAGIN,VOLUME,2020,gross,10143065.214612752,10143065.21461283,10143065.21461283,0.0,0.0,1.0000000000000078,20000.0,733065.2146128295,3.2426322116774693,32890229.990048554,False
CHI:19,BELMONT CRAGIN,VOLUME,2020,land,10139577.945465177,10139577.945465237,10139577.945465237,0.0,0.0,1.0000000000000058,20000.0,759577.9454652363,3.2437248137554775,32890000.58271318,False
CHI:20,HERMOSA,VOLUME,2020,gross,3031024.7043207134,3031024.7043208294,3031024.7043208294,0.0,0.0,1.0000000000000382,0.0,521024.7043208295,3.751811811228171,11371834.285794826,False
CHI:20,HERMOSA,VOLUME,2020,land,3031024.7043207115,3031024.7043208294,3031024.7043208294,0.0,0.0,1.0000000000000389,0.0,521024.7043208295,3.751811811228173,11371834.285794826,False
CHI:21,AVONDALE,VOLUME,2020,gross,5140343.819716246,5140343.819716299,5140343.819716299,0.0,0.0,1.0000000000000104,20319.51916395431,500343.81971629814,3.8517995414452297,19799573.967653856,False
CHI:21,AVONDALE,VOLUME,2020,land,5105405.9171758415,5105405.917175893,5105405.917175893,0.0,0.0,1.00000000000001,20319.51916395431,515405.91717589286,3.864066915777588,19727630.096174303,False
CHI:22,LOGAN SQUARE,VOLUME,2020,gross,9302320.777039025,9302320.777038962,9302320.777038962,0.0,6.332993507385254e-08,0.9999999999999932,40207.822472539345,842320.7770389626,4.1583667009565035,38682460.96085491,False
CHI:22,LOGAN SQUARE,VOLUME,2020,land,9214627.873118123,9214627.873118073,9214627.873118073,0.0,5.029141902923584e-08,0.9999999999999946,39680.48083604569,834627.873118071,4.180913145426752,38525558.804935314,False
CHI:23,HUMBOLDT PARK,VOLUME,2020,gross,9341768.005762478,9341768.005762566,9341768.005762566,0.0,0.0,1.0000000000000093,60000.0,981768.0057625656,3.4881942322689232,32585901.27689504,False
CHI:23,HUMBOLDT PARK,VOLUME,2020,land,9341768.005762476,9341768.005762566,9341768.005762566,0.0,0.0,1.0000000000000095,60000.0,981768.0057625656,3.488194232268924,32585901.27689504,False
CHI:24,WEST TOWN,VOLUME,2020,gross,11859483.551316375,11859483.551316235,11859483.551316235,0.0,1.3969838619232178e-07,0.9999999999999882,141083.47467766178,1029483.5513162346,4.360537375776208,51713721.282918215,False
CHI:24,WEST TOWN,VOLUME,2020,land,11686619.852750145,11686619.852750037,11686619.852750037,0.0,1.0803341865539551e-07,0.9999999999999908,116324.0972710521,1236619.8527500366,4.398187210225396,51399941.96713189,False
CHI:25,AUSTIN,VOLUME,2020,gross,18524965.477195933,18524965.477195967,18524965.477195967,0.0,0.0,1.0000000000000018,160000.0,1544965.4771959658,3.4286769390015044,63516121.92746069,False
CHI:25,AUSTIN,VOLUME,2020,land,18495515.83404391,18495515.834043942,18495515.834043942,0.0,0.0,1.0000000000000018,152243.19367821404,1665515.8340439417,3.433555296670196,63505376.35662894,False
CHI:26,WEST GARFIELD PARK,VOLUME,2020,gross,3355597.0444757016,3355597.0444756667,3355597.0444756667,0.0,3.4924596548080444e-08,0.9999999999999896,0.0,495597.0444756669,3.5533770860128624,11923701.647732442,False
CHI:26,WEST GARFIELD PARK,VOLUME,2020,land,3355597.0444757035,3355597.0444756667,3355597.0444756667,0.0,3.67872416973114e-08,0.999999999999989,0.0,495597.0444756669,3.5533770860128606,11923701.647732442,False
CHI:27,EAST GARFIELD PARK,VOLUME,2020,gross,5009564.007264946,5009564.007264847,5009564.007264847,0.0,9.872019290924072e-08,0.9999999999999803,40000.0,599564.0072648474,2.9475649014549288,14766015.039406057,False
CHI:27,EAST GARFIELD PARK,VOLUME,2020,land,4951359.1146265175,4951359.114626433,4951359.114626433,0.0,8.475035429000854e-08,0.9999999999999829,18320.557764428107,731359.1146264328,2.98133179300045,14761644.346998597,False
CHI:28,NEAR WEST SIDE,VOLUME,2020,gross,14735045.163176594,14735045.16317672,14735045.16317672,0.0,0.0,1.0000000000000084,10000.0,955045.163176718,5.566341451088785,82020292.6754552,False
CHI:28,NEAR WEST SIDE,VOLUME,2020,land,14621547.32237022,14621547.322370276,14621547.322370276,0.0,0.0,1.0000000000000038,10000.0,971547.3223702732,5.551893249622994,81177269.8781104,False
CHI:29,NORTH LAWNDALE,VOLUME,2020,gross,8319769.994193201,8319769.994193179,8319769.994193179,0.0,2.2351741790771484e-08,0.9999999999999973,110000.0,859769.9941931788,3.4450629412046574,28662131.286341485,False
CHI:29,NORTH LAWNDALE,VOLUME,2020,land,8279985.369198846,8279985.3691988215,8279985.3691988215,0.0,2.421438694000244e-08,0.9999999999999971,95897.57773118297,1019985.3691988222,3.4610200720367343,28657195.558967695,False
CHI:30,SOUTH LAWNDALE,VOLUME,2020,gross,11900229.189034691,11900229.189034918,11900229.189034918,0.0,0.0,1.000000000000019,112692.57344065896,1060229.1890349186,3.338728820720462,39731638.16660901,False
CHI:30,SOUTH LAWNDALE,VOLUME,2020,land,11453818.62505984,11453818.625060076,11453818.625060076,0.0,0.0,1.0000000000000207,89428.26369347467,1873818.625060076,3.42441054058483,39222577.22960176,False
CHI:31,LOWER WEST SIDE,VOLUME,2020,gross,7581819.527124903,7581819.527124929,7581819.527124929,0.0,0.0,1.0000000000000033,30000.0,901819.5271249297,4.335693488107263,32872445.551759932,False
CHI:31,LOWER WEST SIDE,VOLUME,2020,land,7180818.84664485,7180818.846644715,7180818.846644715,0.0,1.3504177331924438e-07,0.9999999999999812,9637.651329693867,1470818.8466447154,4.483355239237505,32194161.79812061,False
CHI:32,LOOP,VOLUME,2020,gross,4307774.3539042,4307774.353904252,4307774.353904252,0.0,0.0,1.0000000000000122,148533.6826019322,697774.3539042519,11.090217659718224,47774155.21374962,False
CHI:32,LOOP,VOLUME,2020,land,3975067.587436601,3975067.5874366397,3975067.5874366397,0.0,0.0,1.0000000000000098,126119.6029752364,575067.5874366392,11.76754260306787,46776777.18523442,False
CHI:33,NEAR SOUTH SIDE,VOLUME,2020,gross,4627054.641433521,4627054.641433649,4627054.641433649,0.0,0.0,1.0000000000000275,155282.55120682257,867054.641433649,4.979128018728067,23038697.409347396,False
CHI:33,NEAR SOUTH SIDE,VOLUME,2020,land,4592761.076971276,4592761.0769714005,4592761.0769714005,0.0,0.0,1.000000000000027,155282.50659712145,852761.0769714004,5.010727411137198,23013073.821183972,False
CHI:34,ARMOUR SQUARE,VOLUME,2020,gross,2581424.7956736647,2581424.7956738174,2581424.7956738174,0.0,0.0,1.000000000000059,39001.77841547674,721424.7956738176,2.756375545944093,7115376.180488615,False
CHI:34,ARMOUR SQUARE,VOLUME,2020,land,2542254.917158453,2542254.9171586307,2542254.9171586307,0.0,0.0,1.00000000000007,39001.77841547674,722254.9171586307,2.744719395990279,6977776.380676466,False
CHI:35,DOUGLAS,VOLUME,2020,gross,4277043.1447287975,4277043.144728735,4277043.144728735,0.0,6.239861249923706e-08,0.9999999999999855,63891.80976135479,617043.1447287352,3.5331769106469255,15111550.084796503,False
CHI:35,DOUGLAS,VOLUME,2020,land,4277041.618763508,4277041.618763445,4277041.618763445,0.0,6.332993507385254e-08,0.9999999999999852,63891.69263219289,617041.6187634455,3.533178018591056,15111549.432014335,False
CHI:36,OAKLAND,VOLUME,2020,gross,1572486.67608113,1572486.6760811305,1572486.6760811305,0.0,0.0,1.0000000000000002,153827.2529071229,352486.6760811306,2.148638384779918,3378705.2317829016,False
CHI:36,OAKLAND,VOLUME,2020,land,1572307.4036458333,1572307.4036458232,1572307.4036458232,0.0,1.0011717677116394e-08,0.9999999999999937,153648.01954509504,352307.4036458231,2.1488833692909024,3378705.2311074887,False
CHI:37,FULLER PARK,VOLUME,2020,gross,1851670.3124760597,1851670.3124759747,1851670.3124759747,0.0,8.498318493366241e-08,0.9999999999999541,37000.90451627758,571670.3124759744,2.069907189929793,3832785.693173742,False
CHI:37,FULLER PARK,VOLUME,2020,land,1851670.3124760583,1851670.3124759747,1851670.3124759747,0.0,8.35862010717392e-08,0.9999999999999548,37000.90451627758,571670.3124759744,2.0699071899297943,3832785.693173742,False
CHI:38,GRAND BOULEVARD,VOLUME,2020,gross,4508363.201553177,4508363.2015530905,4508363.2015530905,0.0,8.66129994392395e-08,0.9999999999999808,62999.09548372243,568363.2015530901,4.180936907684652,18849182.10262102,False
CHI:38,GRAND BOULEVARD,VOLUME,2020,land,4508363.201553175,4508363.2015530905,4508363.2015530905,0.0,8.475035429000854e-08,0.9999999999999812,62999.09548372243,568363.2015530901,4.180936907684654,18849182.10262102,False
CHI:39,KENWOOD,VOLUME,2020,gross,2702796.95471381,2702796.9547138447,2702796.9547138447,0.0,0.0,1.0000000000000129,122358.58321764525,392796.95471384464,3.386898071899538,9154097.794656144,False
CHI:39,KENWOOD,VOLUME,2020,land,2702781.27692716,2702781.27692721,2702781.27692721,0.0,0.0,1.0000000000000184,122358.47651508608,392781.2769272099,3.3869172567307695,9154096.547993423,False
CHI:40,WASHINGTON PARK,VOLUME,2020,gross,3939531.496807895,3939531.496807885,3939531.496807885,0.0,1.0244548320770264e-08,0.9999999999999974,340000.0,539531.4968078851,2.3778311171233817,9367540.579997465,False
CHI:40,WASHINGTON PARK,VOLUME,2020,land,3806176.911058432,3806176.9110584185,3806176.9110584185,0.0,1.3504177331924438e-08,0.9999999999999964,275002.42565917753,686176.9110584189,2.4604749990961343,9365003.131796222,False
CHI:41,HYDE PARK,VOLUME,2020,gross,4193452.954486159,4193452.9544861484,4193452.9544861484,0.0,1.0710209608078003e-08,0.9999999999999974,178939.60845514966,553452.9544861483,4.324566498636574,18134866.160579406,False
CHI:41,HYDE PARK,VOLUME,2020,land,4093909.3263548254,4093909.32635481,4093909.32635481,0.0,1.5366822481155396e-08,0.9999999999999962,170482.7812116046,673909.3263548097,4.4257725049906975,18118711.334506176,False
CHI:42,WOODLAWN,VOLUME,2020,gross,5375107.068429622,5375107.068429464,5375107.068429464,0.0,1.5832483768463135e-07,0.9999999999999706,471076.9044455391,775107.0684294637,2.877345698011035,15466041.199694678,False
CHI:42,WOODLAWN,VOLUME,2020,land,5151866.830224835,5151866.830224674,5151866.830224674,0.0,1.6111880540847778e-07,0.9999999999999687,349755.3613135319,931866.8302246744,3.0008231632242954,15459841.317985615,False
CHI:43,SOUTH SHORE,VOLUME,2020,gross,7606157.597013638,7606157.597013705,7606157.597013705,0.0,0.0,1.0000000000000089,51549.311800743184,786157.5970137054,3.5202487775616857,26775566.98282879,False
CHI:43,SOUTH SHORE,VOLUME,2020,land,7605902.595532223,7605902.595532298,7605902.595532298,0.0,0.0,1.00000000000001,51549.27207449716,785902.5955322979,3.5203583739498066,26775502.89362843,False
CHI:44,CHATHAM,VOLUME,2020,gross,7653503.079769677,7653503.079769628,7653503.079769628,0.0,4.842877388000488e-08,0.9999999999999937,20000.0,803503.0797696286,2.8837565687256284,22070839.780047633,False
CHI:44,CHATHAM,VOLUME,2020,land,7653503.079769677,7653503.079769628,7653503.079769628,0.0,4.842877388000488e-08,0.9999999999999937,20000.0,803503.0797696286,2.8837565687256284,22070839.780047633,False
CHI:45,AVALON PARK,VOLUME,2020,gross,3240295.691314189,3240295.6913141306,3240295.6913141306,0.0,5.8673322200775146e-08,0.9999999999999819,16940.998085080326,480295.69131413073,2.4096213293934996,7807885.6113325255,False
CHI:45,AVALON PARK,VOLUME,2020,land,3240295.691314193,3240295.6913141306,3240295.6913141306,0.0,6.239861249923706e-08,0.9999999999999808,16940.998085080326,480295.69131413073,2.409621329393497,7807885.6113325255,False
CHI:46,SOUTH CHICAGO,VOLUME,2020,gross,8671541.133055912,8671541.133055782,8671541.133055782,0.0,1.30385160446167e-07,0.999999999999985,1033577.9190807923,801541.1330557824,2.100144968258277,18211493.477632053,False
CHI:46,SOUTH CHICAGO,VOLUME,2020,land,8551212.049180657,8551212.049180385,8551212.049180385,0.0,2.7194619178771973e-07,0.9999999999999682,1019682.699338406,851212.0491803839,2.120304448419932,18131172.947259866,False
CHI:47,BURNSIDE,VOLUME,2020,gross,1580144.3966775907,1580144.3966776202,1580144.3966776202,0.0,0.0,1.0000000000000187,10000.0,300144.39667762024,2.918424913615285,4611532.7743734745,False
CHI:47,BURNSIDE,VOLUME,2020,land,1580144.3966775907,1580144.3966776202,1580144.3966776202,0.0,0.0,1.0000000000000187,10000.0,300144.39667762024,2.918424913615285,4611532.7743734745,False
CHI:48,CALUMET HEIGHTS,VOLUME,2020,gross,4539426.345624884,4539426.345624874,4539426.345624874,0.0,9.313225746154785e-09,0.999999999999998,13058.309803281496,539426.3456248743,2.42434332939122,11005127.98027845,False
CHI:48,CALUMET HEIGHTS,VOLUME,2020,land,4539426.345624882,4539426.345624874,4539426.345624874,0.0,7.450580596923828e-09,0.9999999999999983,13058.309803281496,539426.3456248743,2.424343329391221,11005127.98027845,False
CHI:49,ROSELAND,VOLUME,2020,gross,12487509.106485516,12487509.106485412,12487509.106485412,0.0,1.043081283569336e-07,0.9999999999999917,150000.0,1147509.1064854115,2.4834457836930706,31012051.83933028,False
CHI:49,ROSELAND,VOLUME,2020,land,12482166.729084138,12482166.729084041,12482166.729084041,0.0,9.685754776000977e-08,0.9999999999999922,150000.0,1182166.72908404,2.4839498944207867,31005076.728851203,False
CHI:50,PULLMAN,VOLUME,2020,gross,5485501.606166734,5485501.606166702,5485501.606166702,0.0,3.259629011154175e-08,0.999999999999994,466980.6028565168,895501.6061667015,2.4050819566233503,13193080.93602002,False
CHI:50,PULLMAN,VOLUME,2020,land,5485501.6061667325,5485501.606166702,5485501.606166702,0.0,3.073364496231079e-08,0.9999999999999944,466980.6028565168,895501.6061667015,2.4050819566233512,13193080.93602002,False
CHI:51,SOUTH DEERING,VOLUME,2020,gross,28244565.762395654,28244565.762395717,28244565.762395717,0.0,0.0,1.0000000000000022,7943469.510295931,1554565.7623957195,1.5648467042361531,44198415.645866126,False
CHI:51,SOUTH DEERING,VOLUME,2020,land,23230621.278405126,23230621.278405372,23230621.278405372,0.0,0.0,1.0000000000000107,4767247.606548717,6050621.278405369,1.830576381690278,42525426.64424004,False
CHI:52,EAST SIDE,VOLUME,2020,gross,7739033.223802831,7739033.22380267,7739033.22380267,0.0,1.6111880540847778e-07,0.9999999999999791,339470.28616952244,1179033.2238026694,2.019267921637325,15627181.53331055,False
CHI:52,EAST SIDE,VOLUME,2020,land,7327398.78328739,7327398.783287256,7327398.783287256,0.0,1.341104507446289e-07,0.9999999999999817,267864.5559139252,1267398.783287256,2.0721821764061477,15183705.158148222,False
CHI:53,WEST PULLMAN,VOLUME,2020,gross,9238349.483757742,9238349.483757827,9238349.483757827,0.0,0.0,1.0000000000000093,114895.84726604425,1078349.4837578265,2.2960921331873516,21212101.57329158,False
CHI:53,WEST PULLMAN,VOLUME,2020,land,9140711.762871915,9140711.762872003,9140711.762872003,0.0,0.0,1.0000000000000095,62743.36347545802,1110711.7628720035,2.318162257376709,21189653.014248997,False
CHI:54,RIVERDALE,VOLUME,2020,gross,9147590.56080378,9147590.560803877,9147590.560803877,0.0,0.0,1.0000000000000107,1784988.7368589137,837590.5608038778,0.7989336226777588,7308317.665515835,False
CHI:54,RIVERDALE,VOLUME,2020,land,8182500.451832262,8182500.451832255,8182500.451832255,0.0,6.51925802230835e-09,0.9999999999999992,1414464.391968904,1872500.451832255,0.8706290916570373,7123922.93586202,False
CHI:55,HEGEWISCH,VOLUME,2020,gross,13570709.095509121,13570709.09550897,13570709.09550897,0.0,1.5087425708770752e-07,0.9999999999999889,5214244.74479823,1240709.0955089696,0.8931971161561094,12121318.228302231,False
CHI:55,HEGEWISCH,VOLUME,2020,land,10816964.13145721,10816964.131456949,10816964.131456949,0.0,2.60770320892334e-07,0.9999999999999759,2929344.2149133943,2696964.131456948,1.1154509311003689,12065792.712113237,False
CHI:56,GARFIELD RIDGE,VOLUME,2020,gross,10960784.569002023,10960784.569001805,10960784.569001805,0.0,2.1792948246002197e-07,0.9999999999999801,282475.5396143362,1210784.569001806,2.1120694508208286,23149938.245217513,False
CHI:56,GARFIELD RIDGE,VOLUME,2020,land,10910902.45835961,10910902.4583594,10910902.4583594,0.0,2.1047890186309814e-07,0.9999999999999807,275586.94965973624,1260902.4583594005,2.1178403522210467,23107549.5054618,False
CHI:57,ARCHER HEIGHTS,VOLUME,2020,gross,5199262.024856954,5199262.024856965,5199262.024856965,0.0,0.0,1.0000000000000022,21028.078016824278,749262.0248569658,3.004400976020645,15620667.902067307,False
CHI:57,ARCHER HEIGHTS,VOLUME,2020,land,5199262.024856952,5199262.024856965,5199262.024856965,0.0,0.0,1.0000000000000024,21028.078016824278,749262.0248569658,3.004400976020646,15620667.902067307,False
CHI:58,BRIGHTON PARK,VOLUME,2020,gross,7055900.694077731,7055900.694077662,7055900.694077662,0.0,6.891787052154541e-08,0.9999999999999902,6279.348542516774,745900.6940776621,3.19397326401954,22536358.17046119,False
CHI:58,BRIGHTON PARK,VOLUME,2020,land,7055900.694077738,7055900.694077662,7055900.694077662,0.0,7.543712854385376e-08,0.9999999999999893,6279.348542516774,745900.6940776621,3.193973264019537,22536358.17046119,False
CHI:59,MCKINLEY PARK,VOLUME,2020,gross,3666019.271485716,3666019.2714857296,3666019.2714857296,0.0,0.0,1.0000000000000038,20000.0,456019.2714857297,3.413140741576256,12512639.734911602,False
CHI:59,MCKINLEY PARK,VOLUME,2020,land,3593058.9556321753,3593058.9556322107,3593058.9556322107,0.0,0.0,1.0000000000000098,13149.056470279804,513058.95563221077,3.4573336501263676,12422403.634195022,False
CHI:60,BRIDGEPORT,VOLUME,2020,gross,5419390.931894958,5419390.931894824,5419390.931894824,0.0,1.341104507446289e-07,0.9999999999999752,0.0,559390.9318948232,3.447482554279111,18683255.69252628,False
CHI:60,BRIDGEPORT,VOLUME,2020,land,5321051.358729187,5321051.3587290915,5321051.3587290915,0.0,9.592622518539429e-08,0.999999999999982,0.0,581051.3587290915,3.4778318156794508,18505721.70825274,False
CHI:61,NEW CITY,VOLUME,2020,gross,12517374.363150815,12517374.363150807,12517374.363150807,0.0,7.450580596923828e-09,0.9999999999999994,30000.0,997374.3631508069,3.3835902107251195,42353665.359138675,False
CHI:61,NEW CITY,VOLUME,2020,land,12407235.303431932,12407235.303431915,12407235.303431915,0.0,1.6763806343078613e-08,0.9999999999999987,99.21690195785423,1167235.3034319156,3.4092875517875196,42299832.87208913,False
CHI:62,WEST ELSDON,VOLUME,2020,gross,3041247.4108165028,3041247.4108166154,3041247.4108166154,0.0,0.0,1.000000000000037,0.0,551247.4108166154,2.654450015767594,8072839.23759502,False
CHI:62,WEST ELSDON,VOLUME,2020,land,3041247.410816505,3041247.4108166154,3041247.4108166154,0.0,0.0,1.0000000000000362,0.0,551247.4108166154,2.654450015767592,8072839.23759502,False
CHI:63,GAGE PARK,VOLUME,2020,gross,5697802.228001157,5697802.228001101,5697802.228001101,0.0,5.587935447692871e-08,0.9999999999999902,10000.0,587802.228001101,3.0514489709681416,17386552.745414115,False
CHI:63,GAGE PARK,VOLUME,2020,land,5697802.228001152,5697802.228001101,5697802.228001101,0.0,5.122274160385132e-08,0.999999999999991,10000.0,587802.228001101,3.0514489709681443,17386552.745414115,False
CHI:64,CLEARING,VOLUME,2020,gross,6614609.447515561,6614609.447515741,6614609.447515741,0.0,0.0,1.000000000000027,111107.39075844176,734609.4475157413,2.1035478173297535,13914147.265810126,False
CHI:64,CLEARING,VOLUME,2020,land,6614609.447515568,6614609.447515741,6614609.447515741,0.0,0.0,1.0000000000000262,111107.39075844176,734609.4475157413,2.1035478173297517,13914147.265810126,False
CHI:65,WEST LAWN,VOLUME,2020,gross,7653144.060550047,7653144.060549971,7653144.060549971,0.0,7.636845111846924e-08,0.99999999999999,15395.187967160968,913144.060549971,2.5104865437612234,19213115.18147702,False
CHI:65,WEST LAWN,VOLUME,2020,land,7653144.060550053,7653144.060549971,7653144.060549971,0.0,8.195638656616211e-08,0.9999999999999893,15395.187967160968,913144.060549971,2.5104865437612216,19213115.18147702,False
CHI:66,CHICAGO LAWN,VOLUME,2020,gross,9137324.575233605,9137324.575233454,9137324.575233454,0.0,1.5087425708770752e-07,0.9999999999999835,420000.0,797324.575233455,2.6853784958702174,24537174.92411879,False
CHI:66,CHICAGO LAWN,VOLUME,2020,land,8952886.903770605,8952886.903770465,8952886.903770465,0.0,1.3969838619232178e-07,0.9999999999999843,318263.9366462057,1282886.9037704656,2.7400682653774164,24531521.28853491,False
CHI:67,WEST ENGLEWOOD,VOLUME,2020,gross,8176686.467094257,8176686.46709446,8176686.46709446,0.0,0.0,1.0000000000000249,30000.0,866686.4670944596,2.8346172842695956,23177776.787678674,False
CHI:67,WEST ENGLEWOOD,VOLUME,2020,land,8176686.467094248,8176686.46709446,8176686.46709446,0.0,0.0,1.0000000000000258,30000.0,866686.4670944596,2.8346172842695982,23177776.787678674,False
CHI:68,ENGLEWOOD,VOLUME,2020,gross,7963236.58929961,7963236.589299636,7963236.589299636,0.0,0.0,1.0000000000000033,0.0,943236.5892996357,2.6548055927295233,21140845.033500977,False
CHI:68,ENGLEWOOD,VOLUME,2020,land,7963236.589299612,7963236.589299636,7963236.589299636,0.0,0.0,1.000000000000003,0.0,943236.5892996357,2.6548055927295224,21140845.033500977,False
CHI:69,GREATER GRAND CROSSING,VOLUME,2020,gross,9190511.504722932,9190511.504722996,9190511.504722996,0.0,0.0,1.0000000000000069,90000.69211163817,1010511.5047229952,2.6176503091718826,24057545.281785727,False
CHI:69,GREATER GRAND CROSSING,VOLUME,2020,land,9133852.028843941,9133852.028844008,9133852.028844008,0.0,0.0,1.0000000000000073,79683.85273529807,1293852.0288440096,2.6304833909773864,24026446.05751909,False
CHI:70,ASHBURN,VOLUME,2020,gross,12594243.405995606,12594243.405995596,12594243.405995596,0.0,9.313225746154785e-09,0.9999999999999992,241655.0616072734,1004243.4059955963,2.1782614144585892,27433554.45557975,False
CHI:70,ASHBURN,VOLUME,2020,land,12594243.405995611,12594243.405995596,12594243.405995596,0.0,1.4901161193847656e-08,0.9999999999999988,241655.0616072734,1004243.4059955963,2.1782614144585883,27433554.45557975,False
CHI:71,AUBURN GRESHAM,VOLUME,2020,gross,9768202.268259991,9768202.268260134,9768202.268260134,0.0,0.0,1.0000000000000147,0.0,818202.2682601342,2.982822989069335,29136818.287645124,False
CHI:71,AUBURN GRESHAM,VOLUME,2020,land,9768202.268259995,9768202.268260134,9768202.268260134,0.0,0.0,1.0000000000000142,0.0,818202.2682601342,2.9828229890693336,29136818.287645124,False
CHI:72,BEVERLY,VOLUME,2020,gross,8254147.379523542,8254147.379523478,8254147.379523478,0.0,6.332993507385254e-08,0.9999999999999923,370178.29212412087,914147.3795234787,2.419050129432899,19967196.286794648,False
CHI:72,BEVERLY,VOLUME,2020,land,8248714.750378908,8248714.750378853,8248714.750378853,0.0,5.494803190231323e-08,0.9999999999999933,367900.4362930595,968714.750378852,2.4206331806660533,19967112.622616686,False
CHI:73,WASHINGTON HEIGHTS,VOLUME,2020,gross,7403976.897609215,7403976.897609171,7403976.897609171,0.0,4.377216100692749e-08,0.9999999999999941,0.0,733976.8976091716,2.527364302823114,18712546.909944557,False
CHI:73,WASHINGTON HEIGHTS,VOLUME,2020,land,7403172.701221508,7403172.701221469,7403172.701221469,0.0,3.91155481338501e-08,0.9999999999999947,0.0,743172.7012214691,2.5274194605554308,18710922.754919954,False
CHI:74,MOUNT GREENWOOD,VOLUME,2020,gross,7027438.056575456,7027438.05657546,7027438.05657546,0.0,0.0,1.0000000000000007,569658.9080375955,957438.0565754604,1.9813641250025946,13923913.655976562,False
CHI:74,MOUNT GREENWOOD,VOLUME,2020,land,6990037.867567974,6990037.867567995,6990037.867567995,0.0,0.0,1.0000000000000029,543555.034454455,1090037.867567995,1.9900404439920911,13910458.061496502,False
CHI:75,MORGAN PARK,VOLUME,2020,gross,8542202.69311319,8542202.693113107,8542202.693113107,0.0,8.195638656616211e-08,0.9999999999999905,20000.0,822202.6931131065,2.351679846785267,20088525.92054912,False
CHI:75,MORGAN PARK,VOLUME,2020,land,8542202.69311319,8542202.693113107,8542202.693113107,0.0,8.195638656616211e-08,0.9999999999999905,20000.0,822202.6931131065,2.351679846785267,20088525.92054912,False
CHI:76,OHARE,VOLUME,2020,gross,34570231.627313845,34570231.62731375,34570231.62731375,0.0,9.685754776000977e-08,0.9999999999999972,9734560.40534059,3320231.627313747,0.6767398098106773,23395051.97657943,False
CHI:76,OHARE,VOLUME,2020,land,34005513.17851244,34005513.17851229,34005513.17851229,0.0,1.4901161193847656e-07,0.9999999999999957,9408359.900936756,5925513.178512294,0.6860948424108944,23331007.205313083,False
CHI:77,EDGEWATER,VOLUME,2020,gross,4504278.798245761,4504278.798245812,4504278.798245812,0.0,0.0,1.0000000000000113,84499.73882310581,564278.7982458121,4.494144309573798,20242878.92987009,False
CHI:77,EDGEWATER,VOLUME,2020,land,4504278.723896531,4504278.7238965845,4504278.7238965845,0.0,0.0,1.0000000000000118,84499.72593060537,564278.7238965845,4.494144375963282,20242878.894770667,False
SP:01,AGUA RASA,AGBH,2018,gross,7210090.090007394,7210090.090007346,7210090.090007346,0.0,4.7497451305389404e-08,0.9999999999999934,0.0,710090.0900073461,6.042592616402081,,False
SP:01,AGUA RASA,AGBH,2018,land,7202642.31843728,7202642.318437214,7202642.318437214,0.0,6.612390279769897e-08,0.9999999999999908,0.0,722642.3184372135,6.042849575005893,,False
SP:02,ALTO DE PINHEIROS,AGBH,2018,gross,7495651.932731646,7495651.932731559,7495651.932731559,0.0,8.754432201385498e-08,0.9999999999999883,202048.06399399624,705651.9327315588,5.078581729582355,,False
SP:02,ALTO DE PINHEIROS,AGBH,2018,land,7340548.5648843525,7340548.564884294,7340548.564884294,0.0,5.8673322200775146e-08,0.999999999999992,147454.47738860108,740548.5648842944,5.181269613722299,,False
SP:03,ANHANGUERA,AGBH,2018,gross,33398202.068625133,33398202.06862519,33398202.06862519,0.0,0.0,1.0000000000000018,19352086.077855114,1898202.068625189,0.8300205210439823,,False
SP:03,ANHANGUERA,AGBH,2018,land,33216260.59235342,33216260.592353363,33216260.592353363,0.0,5.587935447692871e-08,0.9999999999999983,19231172.712692715,3036260.5923533626,0.8334316932169892,,False
SP:04,ARICANDUVA,AGBH,2018,gross,6991680.634490524,6991680.6344905365,6991680.6344905365,0.0,0.0,1.0000000000000018,0.0,721680.6344905362,4.822803459583356,,False
SP:04,ARICANDUVA,AGBH,2018,land,6930973.027456012,6930973.027456063,6930973.027456063,0.0,0.0,1.0000000000000073,0.0,1340973.0274560624,4.838086965127473,,False
SP:05,ARTUR ALVIM,AGBH,2018,gross,6535615.284382359,6535615.284382251,6535615.284382251,0.0,1.0803341865539551e-07,0.9999999999999835,10000.0,785615.2843822513,4.955178147419438,,False
SP:05,ARTUR ALVIM,AGBH,2018,land,6523847.360305524,6523847.360305425,6523847.360305425,0.0,9.96515154838562e-08,0.9999999999999847,10000.0,1083847.360305424,4.957379008869598,,False
SP:06,BARRA FUNDA,AGBH,2018,gross,5880459.803275475,5880459.803275423,5880459.803275423,0.0,5.21540641784668e-08,0.9999999999999911,0.0,730459.8032754231,5.8169915371481915,,False
SP:06,BARRA FUNDA,AGBH,2018,land,5733067.635738968,5733067.63573902,5733067.63573902,0.0,0.0,1.000000000000009,0.0,993067.6357390201,5.948422964505136,,False
SP:07,BELA VISTA,AGBH,2018,gross,2730491.837821929,2730491.8378219283,2730491.8378219283,0.0,4.656612873077393e-10,0.9999999999999998,0.0,450491.8378219283,12.736150675078811,,False
SP:07,BELA VISTA,AGBH,2018,land,2730491.83782192,2730491.8378219283,2730491.8378219283,0.0,0.0,1.000000000000003,0.0,450491.8378219283,12.736150675078811,,False
SP:08,BELEM,AGBH,2018,gross,6074537.920844579,6074537.920844546,6074537.920844546,0.0,3.3527612686157227e-08,0.9999999999999944,10000.0,764537.9208445447,5.185779522720017,,False
SP:08,BELEM,AGBH,2018,land,6008094.3515770575,6008094.351576995,6008094.351576995,0.0,6.239861249923706e-08,0.9999999999999896,10000.0,778094.3515769952,5.238568075975382,,False
SP:09,BOM RETIRO,AGBH,2018,gross,4225216.28245804,4225216.282457967,4225216.282457967,0.0,7.264316082000732e-08,0.9999999999999828,3974.6765264250007,535216.2824579672,5.417636407495141,,False
SP:09,BOM RETIRO,AGBH,2018,land,4053223.1902002883,4053223.1902002287,4053223.1902002287,0.0,5.960464477539063e-08,0.9999999999999853,407.40919964077125,933223.1902002293,5.567722510871053,,False
SP:10,BRAS,AGBH,2018,gross,3646392.4558993927,3646392.4558993937,3646392.4558993937,0.0,0.0,1.0000000000000002,0.0,556392.4558993939,6.489001079910505,,False
SP:10,BRAS,AGBH,2018,land,3646392.4558993992,3646392.4558993937,3646392.4558993937,0.0,5.587935447692871e-09,0.9999999999999984,0.0,556392.4558993939,6.489001079910505,,False
SP:11,BRASILANDIA,AGBH,2018,gross,21153787.651120655,21153787.65112067,21153787.65112067,0.0,0.0,1.0000000000000007,8632650.386509962,1603787.6511206669,3.7527300150423177,,False
SP:11,BRASILANDIA,AGBH,2018,land,21108249.269356485,21108249.26935649,21108249.26935649,0.0,0.0,1.0000000000000002,8624995.3273751,2708249.2693564906,3.7524208147703253,,False
SP:12,BUTANTA,AGBH,2018,gross,13005330.636434147,13005330.63643426,13005330.63643426,0.0,0.0,1.0000000000000087,617951.9360060039,1275330.636434262,3.8412898196162635,,False
SP:12,BUTANTA,AGBH,2018,land,12577958.18820142,12577958.188201435,12577958.188201435,0.0,0.0,1.000000000000001,413776.29722355603,1847958.1882014368,3.965033273386712,,False
SP:13,CACHOEIRINHA,AGBH,2018,gross,13634238.689895239,13634238.689895213,13634238.689895213,0.0,2.60770320892334e-08,0.9999999999999981,4974968.70378593,1394238.6898952127,3.4925554195949395,,False
SP:13,CACHOEIRINHA,AGBH,2018,land,13600953.057997176,13600953.057997176,13600953.057997176,0.0,0.0,1.0,4974695.396115415,2080953.0579971771,3.4896841139857644,,False
SP:14,CAMBUCI,AGBH,2018,gross,3942676.92360846,3942676.923608453,3942676.923608453,0.0,6.984919309616089e-09,0.9999999999999982,0.0,502676.9236084532,6.596247221139546,,False
SP:14,CAMBUCI,AGBH,2018,land,3931185.3144774362,3931185.3144773673,3931185.3144773673,0.0,6.891787052154541e-08,0.9999999999999825,0.0,791185.3144773678,6.599051234492531,,False
SP:15,CAMPO BELO,AGBH,2018,gross,8812574.24335658,8812574.2433565,8812574.2433565,0.0,8.009374141693115e-08,0.9999999999999909,70000.0,922574.2433565017,6.277441711490968,,False
SP:15,CAMPO BELO,AGBH,2018,land,8798335.63212583,8798335.6321258,8798335.6321258,0.0,2.9802322387695312e-08,0.9999999999999966,70000.0,1208335.632125801,6.277385349595153,,False
SP:16,CAMPO GRANDE,AGBH,2018,gross,12995739.387099622,12995739.387099594,12995739.387099594,0.0,2.7939677238464355e-08,0.9999999999999979,364774.8065375156,1025739.3870995953,4.6161814892843775,,False
SP:16,CAMPO GRANDE,AGBH,2018,land,12778335.263396919,12778335.26339686,12778335.26339686,0.0,5.960464477539063e-08,0.9999999999999953,332308.81407978566,1678335.2633968606,4.679035379339388,,False
SP:17,CAMPO LIMPO,AGBH,2018,gross,12652413.07128241,12652413.071282422,12652413.071282422,0.0,0.0,1.000000000000001,0.0,1102413.0712824217,6.41254500008209,,False
SP:17,CAMPO LIMPO,AGBH,2018,land,12580887.315293074,12580887.315292966,12580887.315292966,0.0,1.0803341865539551e-07,0.9999999999999915,0.0,1990887.3152929635,6.424270122628319,,False
SP:18,CANGAIBA,AGBH,2018,gross,13788991.709947966,13788991.709948016,13788991.709948016,0.0,0.0,1.0000000000000036,2925832.3452574806,1088991.709948017,3.4072601140360117,,False
SP:18,CANGAIBA,AGBH,2018,land,12757403.571226275,12757403.57122621,12757403.57122621,0.0,6.51925802230835e-08,0.9999999999999949,2104435.8405565876,2977403.5712262103,3.6739012260524806,,False
SP:19,CAPAO REDONDO,AGBH,2018,gross,13835121.334747156,13835121.334747043,13835121.334747043,0.0,1.1362135410308838e-07,0.9999999999999918,10000.0,1315121.3347470416,6.443956334891819,,False
SP:19,CAPAO REDONDO,AGBH,2018,land,13785444.586563215,13785444.586563133,13785444.586563133,0.0,8.195638656616211e-08,0.999999999999994,10000.0,2245444.5865631327,6.449520205169889,,False
SP:20,CARRAO,AGBH,2018,gross,7938984.853779087,7938984.853779038,7938984.853779038,0.0,4.842877388000488e-08,0.9999999999999939,289168.8252215519,858984.8537790388,4.7802571361421355,,False
SP:20,CARRAO,AGBH,2018,land,7882619.272002402,7882619.272002361,7882619.272002361,0.0,4.0978193283081055e-08,0.9999999999999948,289168.8252215519,1192619.2720023608,4.796539364582269,,False
SP:21,CASA VERDE,AGBH,2018,gross,7236806.8037516475,7236806.803751681,7236806.803751681,0.0,0.0,1.0000000000000047,0.0,786806.8037516815,6.052388039741182,,False
SP:21,CASA VERDE,AGBH,2018,land,7149228.094590955,7149228.094591072,7149228.094591072,0.0,0.0,1.0000000000000162,0.0,999228.0945910724,6.101078661717279,,False
SP:22,CIDADE ADEMAR,AGBH,2018,gross,12363876.720135588,12363876.720135612,12363876.720135612,0.0,0.0,1.000000000000002,0.0,1253876.720135612,6.549186497324723,,False
SP:22,CIDADE ADEMAR,AGBH,2018,land,12342012.182813844,12342012.182813834,12342012.182813834,0.0,9.313225746154785e-09,0.9999999999999992,0.0,1972012.1828138337,6.550809186349553,,False
SP:23,CIDADE DUTRA,AGBH,2018,gross,28093369.521856222,28093369.52185662,28093369.52185662,0.0,0.0,1.0000000000000142,8104820.122209881,1803369.52185662,2.5476640516488223,,False
SP:23,CIDADE DUTRA,AGBH,2018,land,27875020.384110257,27875020.384110685,27875020.384110685,0.0,0.0,1.0000000000000153,8025870.350319827,2995020.3841106826,2.565422100438616,,False
SP:24,CIDADE LIDER,AGBH,2018,gross,10403560.521574048,10403560.52157405,10403560.52157405,0.0,0.0,1.0000000000000002,189550.62663097616,1033560.5215740497,4.74813857027118,,False
SP:24,CIDADE LIDER,AGBH,2018,land,10384090.49776289,10384090.49776289,10384090.49776289,0.0,0.0,1.0,189550.62663097616,1554090.4977628905,4.749742629442812,,False
SP:25,CIDADE TIRADENTES,AGBH,2018,gross,15007510.696948327,15007510.696948323,15007510.696948323,0.0,3.725290298461914e-09,0.9999999999999998,1758886.6231277375,1307510.6969483225,3.29683031345064,,False
SP:25,CIDADE TIRADENTES,AGBH,2018,land,14950441.481639192,14950441.48163921,14950441.48163921,0.0,0.0,1.0000000000000013,1758728.6862953864,2460441.481639211,3.298666812355536,,False
SP:26,CONSOLACAO,AGBH,2018,gross,3832905.606432626,3832905.6064326474,3832905.6064326474,0.0,0.0,1.0000000000000056,0.0,542905.6064326478,9.979742193782021,,False
SP:26,CONSOLACAO,AGBH,2018,land,3832905.606432621,3832905.6064326474,3832905.6064326474,0.0,0.0,1.0000000000000069,0.0,542905.6064326478,9.979742193782021,,False
SP:27,CURSINO,AGBH,2018,gross,11998537.775913121,11998537.775913138,11998537.775913138,0.0,0.0,1.0000000000000013,2787703.0542977853,1388537.7759131356,3.818802243169406,,False
SP:27,CURSINO,AGBH,2018,land,11812195.739681423,11812195.739681449,11812195.739681449,0.0,0.0,1.0000000000000022,2678830.2459558607,1882195.7396814502,3.8761695033848937,,False
SP:28,ERMELINO MATARAZZO,AGBH,2018,gross,9412804.354768546,9412804.354768477,9412804.354768477,0.0,6.891787052154541e-08,0.9999999999999927,1105106.7213946718,852804.3547684781,4.342740885737616,,False
SP:28,ERMELINO MATARAZZO,AGBH,2018,land,9265324.324062243,9265324.32406218,9265324.32406218,0.0,6.332993507385254e-08,0.9999999999999931,1000515.5700705621,2035324.3240621802,4.403379144137479,,False
SP:29,FREGUESIA DO O,AGBH,2018,gross,10973662.734429475,10973662.734429527,10973662.734429527,0.0,0.0,1.0000000000000047,342920.85362204234,1243662.7344295282,5.587277102809673,,False
SP:29,FREGUESIA DO O,AGBH,2018,land,10915280.135222336,10915280.13522233,10915280.13522233,0.0,5.587935447692871e-09,0.9999999999999994,338923.95595762733,1235280.1352223307,5.615062721177628,,False
SP:30,GRAJAU,AGBH,2018,gross,93335201.25123143,93335201.25123197,93335201.25123197,0.0,0.0,1.0000000000000058,50834297.86680011,2765201.2512319656,1.211692860464209,,False
SP:30,GRAJAU,AGBH,2018,land,92844807.18270192,92844807.18270221,92844807.18270221,0.0,0.0,1.000000000000003,50603118.786245234,7304807.182702202,1.2172208641115323,,False
SP:31,GUAIANASES,AGBH,2018,gross,8982108.417645346,8982108.417645343,8982108.417645343,0.0,3.725290298461914e-09,0.9999999999999996,756709.0479619568,922108.4176453426,4.091219860760989,,False
SP:31,GUAIANASES,AGBH,2018,land,8909094.400853382,8909094.400853388,8909094.400853388,0.0,0.0,1.0000000000000007,748324.3236100455,1609094.4008533882,4.113586359518558,,False
SP:32,MOEMA,AGBH,2018,gross,9121109.050243927,9121109.050243884,9121109.050243884,0.0,4.284083843231201e-08,0.9999999999999953,280000.0,811109.0502438841,7.458766784984826,,False
SP:32,MOEMA,AGBH,2018,land,8971262.658474224,8971262.658474173,8971262.658474173,0.0,5.029141902923584e-08,0.9999999999999944,218622.86779594858,1131262.6584741739,7.582277614587784,,False
SP:33,IGUATEMI,AGBH,2018,gross,19523608.090950325,19523608.090950314,19523608.090950314,0.0,1.1175870895385742e-08,0.9999999999999994,4178080.670357826,1413608.0909503128,2.4982452466984877,,False
SP:33,IGUATEMI,AGBH,2018,land,19440497.06530591,19440497.06530599,19440497.06530599,0.0,0.0,1.000000000000004,4169647.4874484306,2910497.065305992,2.5032127719292823,,False
SP:34,IPIRANGA,AGBH,2018,gross,11055040.350922698,11055040.35092258,11055040.35092258,0.0,1.1734664440155029e-07,0.9999999999999893,40000.0,1115040.3509225813,5.630423330284647,,False
SP:34,IPIRANGA,AGBH,2018,land,10941499.086862862,10941499.086862806,10941499.086862806,0.0,5.587935447692871e-08,0.9999999999999949,40000.0,1961499.086862807,5.648647531705245,,False
SP:35,ITAIM BIBI,AGBH,2018,gross,10072245.248734774,10072245.248734882,10072245.248734882,0.0,0.0,1.0000000000000107,16893.54560803622,752245.2487348821,9.505373154924447,,False
SP:35,ITAIM BIBI,AGBH,2018,land,9912060.528941087,9912060.528941145,9912060.528941145,0.0,0.0,1.0000000000000058,2781.750393262248,1082060.5289411466,9.637114308152146,,False
SP:36,ITAIM PAULISTA,AGBH,2018,gross,12200661.061182331,12200661.061182372,12200661.061182372,0.0,0.0,1.0000000000000033,0.0,1000661.0611823713,4.776198475849619,,False
SP:36,ITAIM PAULISTA,AGBH,2018,land,12148802.139456198,12148802.139456188,12148802.139456188,0.0,9.313225746154785e-09,0.9999999999999992,0.0,2018802.1394561888,4.77875487015811,,False
SP:37,ITAQUERA,AGBH,2018,gross,14794942.978510996,14794942.978511065,14794942.978511065,0.0,0.0,1.0000000000000047,30446.583517801897,1064942.9785110652,5.15734695761465,,False
SP:37,ITAQUERA,AGBH,2018,land,14715015.091326127,14715015.091326155,14715015.091326155,0.0,0.0,1.000000000000002,30446.583517801897,2945015.0913261543,5.1624848729847725,,False
SP:38,JABAQUARA,AGBH,2018,gross,14073852.592212275,14073852.5922123,14073852.5922123,0.0,0.0,1.0000000000000018,66800.66173722131,1173852.5922123007,6.15374140281149,,False
SP:38,JABAQUARA,AGBH,2018,land,14054636.894407796,14054636.894407794,14054636.894407794,0.0,1.862645149230957e-09,0.9999999999999999,66800.66173722131,1904636.894407796,6.153671332191283,,False
SP:39,JACANA,AGBH,2018,gross,7499579.066686319,7499579.066686361,7499579.066686361,0.0,0.0,1.0000000000000056,100000.01703756204,1229579.066686361,4.2730688773597265,,False
SP:39,JACANA,AGBH,2018,land,7417489.5823920425,7417489.582392038,7417489.582392038,0.0,4.6566128730773926e-09,0.9999999999999993,100000.01703675214,1477489.5823920374,4.280244972979263,,False
SP:40,JAGUARA,AGBH,2018,gross,4595867.812514296,4595867.812514251,4595867.812514251,0.0,4.470348358154297e-08,0.9999999999999902,20071.23045275279,695867.8125142511,4.532816859520451,,False
SP:40,JAGUARA,AGBH,2018,land,4500536.822513949,4500536.8225139035,4500536.8225139035,0.0,4.563480615615845e-08,0.9999999999999899,16416.634659596075,950536.8225139033,4.607126273189416,,False
SP:41,JAGUARE,AGBH,2018,gross,6629186.636248793,6629186.63624888,6629186.63624888,0.0,0.0,1.000000000000013,51162.469538707664,749186.6362488798,5.180229609506544,,False
SP:41,JAGUARE,AGBH,2018,land,6450855.1496504145,6450855.149650384,6450855.149650384,0.0,3.073364496231079e-08,0.9999999999999952,36137.119993438275,850855.1496503837,5.307638737824034,,False
SP:42,JARAGUA,AGBH,2018,gross,28240981.813812576,28240981.813812494,28240981.813812494,0.0,8.195638656616211e-08,0.9999999999999971,9253115.475415077,1910981.8138124943,2.702504079257483,,False
SP:42,JARAGUA,AGBH,2018,land,28139113.70238204,28139113.702381916,28139113.702381916,0.0,1.2293457984924316e-07,0.9999999999999957,9214064.238922816,3829113.7023819154,2.707618935470253,,False
SP:43,JARDIM ANGELA,AGBH,2018,gross,36529695.465876356,36529695.46587621,36529695.46587621,0.0,1.4901161193847656e-07,0.9999999999999959,12603897.015318535,2229695.4658761993,2.994696274672019,,False
SP:43,JARDIM ANGELA,AGBH,2018,land,36442070.60228643,36442070.60228631,36442070.60228631,0.0,1.1920928955078125e-07,0.9999999999999968,12577813.943828315,3852070.6022863104,2.997756653524338,,False
SP:44,JARDIM HELENA,AGBH,2018,gross,9296193.343635486,9296193.343635393,9296193.343635393,0.0,9.313225746154785e-08,0.99999999999999,813164.1221066436,1336193.3436353935,2.858183568178388,,False
SP:44,JARDIM HELENA,AGBH,2018,land,8961699.266089093,8961699.266089033,8961699.266089033,0.0,5.960464477539063e-08,0.9999999999999933,650372.3511260371,1981699.2660890343,2.9475155682367338,,False
SP:45,JARDIM PAULISTA,AGBH,2018,gross,6214983.268212643,6214983.268212646,6214983.268212646,0.0,0.0,1.0000000000000004,0.0,724983.2682126465,10.863601278983129,,False
SP:45,JARDIM PAULISTA,AGBH,2018,land,6214983.268212643,6214983.268212646,6214983.268212646,0.0,0.0,1.0000000000000004,0.0,724983.2682126465,10.863601278983129,,False
SP:46,JARDIM SAO LUIS,AGBH,2018,gross,26166508.374096856,26166508.374096587,26166508.374096587,0.0,2.682209014892578e-07,0.9999999999999898,7494933.931093297,1676508.3740965887,3.4281243356086892,,False
SP:46,JARDIM SAO LUIS,AGBH,2018,land,25986869.53731348,25986869.537313156,25986869.537313156,0.0,3.241002559661865e-07,0.9999999999999876,7484940.932689234,2476869.5373131563,3.4442053477993624,,False
SP:47,JOSE BONIFACIO,AGBH,2018,gross,14636563.727443988,14636563.727443993,14636563.727443993,0.0,0.0,1.0000000000000004,1159879.6451476482,1266563.7274439926,2.637119925030092,,False
SP:47,JOSE BONIFACIO,AGBH,2018,land,14591760.41932816,14591760.41932815,14591760.41932815,0.0,1.1175870895385742e-08,0.9999999999999992,1156776.7948953952,1891760.4193281485,2.6406033869743775,,False
SP:48,LAPA,AGBH,2018,gross,10329965.547931269,10329965.54793125,10329965.54793125,0.0,1.862645149230957e-08,0.9999999999999982,3264.8137918517295,829965.5479312512,6.301573912623389,,False
SP:48,LAPA,AGBH,2018,land,10213860.050296694,10213860.050296726,10213860.050296726,0.0,0.0,1.000000000000003,40.588947887258534,853860.0502967254,6.369028604690379,,False
SP:49,LIBERDADE,AGBH,2018,gross,3667873.4498650488,3667873.4498650497,3667873.4498650497,0.0,0.0,1.0000000000000002,40000.0,497873.44986505,8.915011490658511,,False
SP:49,LIBERDADE,AGBH,2018,land,3636746.4650497674,3636746.465049765,3636746.465049765,0.0,2.3283064365386963e-09,0.9999999999999993,15716.050535321345,576746.4650497648,8.989623679122097,,False
SP:50,LIMAO,AGBH,2018,gross,6486604.392972407,6486604.392972417,6486604.392972417,0.0,0.0,1.0000000000000016,0.0,676604.3929724168,5.760908308139334,,False
SP:50,LIMAO,AGBH,2018,land,6417127.223019452,6417127.223019412,6417127.223019412,0.0,4.0046870708465576e-08,0.9999999999999938,0.0,1007127.2230194116,5.811426683183333,,False
SP:51,MANDAQUI,AGBH,2018,gross,13310462.230308546,13310462.230308529,13310462.230308529,0.0,1.6763806343078613e-08,0.9999999999999988,4766888.43890453,1510462.2303085285,3.113638028035065,,False
SP:51,MANDAQUI,AGBH,2018,land,13281582.84931174,13281582.849311704,13281582.849311704,0.0,3.5390257835388184e-08,0.9999999999999973,4766492.653640649,1921582.8493117038,3.1190048077016193,,False
SP:52,MARSILAC,AGBH,2018,gross,209106171.8348724,209106171.83487192,209106171.83487192,0.0,4.76837158203125e-07,0.9999999999999977,183471813.60257292,5236171.834871924,0.009812227255998427,,False
SP:52,MARSILAC,AGBH,2018,land,207822069.5798515,207822069.57985136,207822069.57985136,0.0,1.4901161193847656e-07,0.9999999999999993,182450968.0194095,18932069.57985138,0.009820542729329713,,False
SP:53,MOOCA,AGBH,2018,gross,7985431.589482828,7985431.589482818,7985431.589482818,0.0,1.0244548320770264e-08,0.9999999999999987,10000.0,855431.5894828171,7.037699974926364,,False
SP:53,MOOCA,AGBH,2018,land,7985431.589482827,7985431.589482818,7985431.589482818,0.0,9.313225746154785e-09,0.9999999999999988,10000.0,855431.5894828171,7.037699974926364,,False
SP:54,MORUMBI,AGBH,2018,gross,11541958.285771202,11541958.285771277,11541958.285771277,0.0,0.0,1.0000000000000064,242523.9033060925,981958.2857712773,4.92646276631594,,False
SP:54,MORUMBI,AGBH,2018,land,11289717.377639543,11289717.377639625,11289717.377639625,0.0,0.0,1.0000000000000073,191312.63374525256,1139717.3776396269,5.02340880110632,,False
SP:55,PARELHEIROS,AGBH,2018,gross,153181551.16103438,153181551.1610342,153181551.1610342,0.0,1.7881393432617188e-07,0.9999999999999988,99591523.71374825,4881551.16103419,0.3569681349223787,,False
SP:55,PARELHEIROS,AGBH,2018,land,152058361.32065517,152058361.3206532,152058361.3206532,0.0,1.9669532775878906e-06,0.999999999999987,98968072.51004544,16008361.320653204,0.3588250361043454,,False
SP:56,PARI,AGBH,2018,gross,2742478.672860702,2742478.672860764,2742478.672860764,0.0,0.0,1.0000000000000226,0.0,392478.67286076443,5.1276115305341365,,False
SP:56,PARI,AGBH,2018,land,2693310.9529308714,2693310.952930883,2693310.952930883,0.0,0.0,1.0000000000000042,0.0,383310.95293088345,5.2125928550870615,,False
SP:57,PARQUE DO CARMO,AGBH,2018,gross,15546951.800633978,15546951.800633945,15546951.800633945,0.0,3.3527612686157227e-08,0.9999999999999979,5800827.251639652,1026951.800633945,1.9399658049936668,,False
SP:57,PARQUE DO CARMO,AGBH,2018,land,15440882.197638163,15440882.197638094,15440882.197638094,0.0,6.891787052154541e-08,0.9999999999999956,5739887.4878183305,1850882.1976380944,1.9499270816718397,,False
SP:58,PEDREIRA,AGBH,2018,gross,18586978.34951582,18586978.349515595,18586978.349515595,0.0,2.2724270820617676e-07,0.9999999999999878,5698184.516062121,1296978.3495155931,2.6297699415629174,,False
SP:58,PEDREIRA,AGBH,2018,land,18464960.16576074,18464960.16576057,18464960.16576057,0.0,1.7136335372924805e-07,0.9999999999999907,5687443.885757418,2164960.1657605725,2.641482568528386,,False
SP:59,PENHA,AGBH,2018,gross,11480999.539441042,11480999.539441034,11480999.539441034,0.0,7.450580596923828e-09,0.9999999999999993,11757.616391986909,1190999.539441032,5.160828476468719,,False
SP:59,PENHA,AGBH,2018,land,11369624.191473784,11369624.191473851,11369624.191473851,0.0,0.0,1.000000000000006,3673.1997429109533,1619624.191473852,5.195216887558944,,False
SP:60,PERDIZES,AGBH,2018,gross,6366810.855644385,6366810.855644402,6366810.855644402,0.0,0.0,1.0000000000000027,0.0,666810.8556444021,9.971563101027773,,False
SP:60,PERDIZES,AGBH,2018,land,6366810.855644382,6366810.855644402,6366810.855644402,0.0,0.0,1.000000000000003,0.0,666810.8556444021,9.971563101027773,,False
SP:61,PERUS,AGBH,2018,gross,23753433.145965386,23753433.145965386,23753433.145965386,0.0,0.0,1.0,12527600.420125218,1693433.1459653862,1.3007964658720765,,False
SP:61,PERUS,AGBH,2018,land,23432170.318409253,23432170.318409286,23432170.318409286,0.0,0.0,1.0000000000000013,12286695.707139565,3132170.3184092855,1.3139928364131424,,False
SP:62,PINHEIROS,AGBH,2018,gross,8357328.771686314,8357328.771686097,8357328.771686097,0.0,2.169981598854065e-07,0.999999999999974,40582.55108587127,847328.7716860969,8.30272474220067,,False
SP:62,PINHEIROS,AGBH,2018,land,8245843.848706386,8245843.848706389,8245843.848706389,0.0,0.0,1.0000000000000004,14916.946655324522,875843.8487063888,8.408833283136408,,False
SP:63,PIRITUBA,AGBH,2018,gross,17295372.86099222,17295372.86099217,17295372.86099217,0.0,4.842877388000488e-08,0.9999999999999972,2437997.0038352422,1425372.8609921718,4.201793587778859,,False
SP:63,PIRITUBA,AGBH,2018,land,17193582.21953182,17193582.219531853,17193582.219531853,0.0,0.0,1.000000000000002,2409686.192732224,1993582.2195318541,4.221364308118061,,False
SP:64,PONTE RASA,AGBH,2018,gross,6626990.910405044,6626990.910405023,6626990.910405023,0.0,2.1420419216156006e-08,0.9999999999999968,0.0,736990.9104050235,4.856941681462945,,False
SP:64,PONTE RASA,AGBH,2018,land,6600176.285240726,6600176.2852406725,6600176.2852406725,0.0,5.3085386753082275e-08,0.999999999999992,0.0,1090176.2852406723,4.858227705737943,,False
SP:65,RAPOSO TAVARES,AGBH,2018,gross,12277491.787381217,12277491.787381157,12277491.787381157,0.0,5.960464477539063e-08,0.9999999999999951,1232307.187633961,1087491.7873811554,3.4345760455601204,,False
SP:65,RAPOSO TAVARES,AGBH,2018,land,12246195.662144624,12246195.662144516,12246195.662144516,0.0,1.0803341865539551e-07,0.9999999999999912,1230044.9541702676,2146195.662144517,3.4370766819342893,,False
SP:66,REPUBLICA,AGBH,2018,gross,2408028.3322793515,2408028.332279346,2408028.332279346,0.0,5.587935447692871e-09,0.9999999999999977,0.0,388028.33227934584,11.966216868629944,,False
SP:66,REPUBLICA,AGBH,2018,land,2406712.7914405596,2406712.7914405516,2406712.7914405516,0.0,7.916241884231567e-09,0.9999999999999967,0.0,406712.7914405515,11.971531634443089,,False
SP:67,RIO PEQUENO,AGBH,2018,gross,9701286.946237521,9701286.946237478,9701286.946237478,0.0,4.284083843231201e-08,0.9999999999999956,20000.0,961286.9462374779,5.499284953123244,,False
SP:67,RIO PEQUENO,AGBH,2018,land,9659356.762808478,9659356.762808414,9659356.762808414,0.0,6.332993507385254e-08,0.9999999999999934,20000.0,2129356.762808414,5.509233095928483,,False
SP:68,SACOMA,AGBH,2018,gross,14615368.542821323,14615368.542821184,14615368.542821184,0.0,1.3969838619232178e-07,0.9999999999999905,0.0,1115368.5428211838,5.422915854737712,,False
SP:68,SACOMA,AGBH,2018,land,14557061.773435684,14557061.773435604,14557061.773435604,0.0,8.009374141693115e-08,0.9999999999999944,0.0,1857061.7734356052,5.433050215604165,,False
SP:69,SANTA CECILIA,AGBH,2018,gross,3776791.923775821,3776791.923775806,3776791.923775806,0.0,1.4901161193847656e-08,0.999999999999996,0.0,546791.9237758061,9.852044813173988,,False
SP:69,SANTA CECILIA,AGBH,2018,land,3776791.923775819,3776791.923775806,3776791.923775806,0.0,1.30385160446167e-08,0.9999999999999966,0.0,546791.9237758061,9.852044813173988,,False
SP:70,SANTANA,AGBH,2018,gross,13151931.310068881,13151931.310068883,13151931.310068883,0.0,0.0,1.0000000000000002,456025.3234733959,1081931.3100688842,5.756634879636494,,False
SP:70,SANTANA,AGBH,2018,land,13007182.43400741,13007182.434007317,13007182.434007317,0.0,9.313225746154785e-08,0.9999999999999929,442247.14760257804,1727182.4340073173,5.8115979776798214,,False
SP:71,SANTO AMARO,AGBH,2018,gross,16109558.55690841,16109558.556908414,16109558.556908414,0.0,0.0,1.0000000000000002,93288.16341043927,1129558.5569084138,5.381029187949302,,False
SP:71,SANTO AMARO,AGBH,2018,land,15831612.979054041,15831612.979054075,15831612.979054075,0.0,0.0,1.0000000000000022,60157.019652448,1181612.9790540738,5.468985813633475,,False
SP:72,SAO LUCAS,AGBH,2018,gross,9718747.631277954,9718747.631278055,9718747.631278055,0.0,0.0,1.0000000000000104,0.0,918747.6312780544,5.499017399541395,,False
SP:72,SAO LUCAS,AGBH,2018,land,9694271.136557119,9694271.136557203,9694271.136557203,0.0,0.0,1.0000000000000087,0.0,1224271.1365572035,5.503828110268693,,False
SP:73,SAO MATEUS,AGBH,2018,gross,12858847.209241943,12858847.209241942,12858847.209241942,0.0,1.862645149230957e-09,0.9999999999999999,55445.257853479525,1278847.2092419413,4.5075900251280485,,False
SP:73,SAO MATEUS,AGBH,2018,land,12755546.280795127,12755546.280795,12755546.280795,0.0,1.2665987014770508e-07,0.9999999999999901,54614.616963604036,2385546.2807949996,4.527017600441686,,False
SP:74,SAO MIGUEL,AGBH,2018,gross,8666457.149018798,8666457.149018673,8666457.149018673,0.0,1.2479722499847412e-07,0.9999999999999856,325205.97192711954,1026457.1490186729,3.7174466193444315,,False
SP:74,SAO MIGUEL,AGBH,2018,land,8480229.766902756,8480229.766902667,8480229.766902667,0.0,8.940696716308594e-08,0.9999999999999895,249201.9824211666,1740229.7669026668,3.7785051492087383,,False
SP:75,SAO RAFAEL,AGBH,2018,gross,13136117.584627697,13136117.584627658,13136117.584627658,0.0,3.91155481338501e-08,0.999999999999997,1498927.0139002989,1016117.5846276579,3.9657163082642737,,False
SP:75,SAO RAFAEL,AGBH,2018,land,13095490.88756535,13095490.887565332,13095490.887565332,0.0,1.862645149230957e-08,0.9999999999999986,1493044.0192005076,2025490.887565333,3.96777287279004,,False
SP:76,SAPOPEMBA,AGBH,2018,gross,13695330.942183198,13695330.942183224,13695330.942183224,0.0,0.0,1.000000000000002,0.0,1245330.9421832238,5.712252830414748,,False
SP:76,SAPOPEMBA,AGBH,2018,land,13658296.7772568,13658296.777256861,13658296.777256861,0.0,0.0,1.0000000000000044,0.0,1758296.7772568604,5.71577930413622,,False
SP:77,SAUDE,AGBH,2018,gross,9349712.34450125,9349712.344501326,9349712.344501326,0.0,0.0,1.0000000000000082,0.0,839712.3445013257,7.628048592190607,,False
SP:77,SAUDE,AGBH,2018,land,9329204.466635268,9329204.466635365,9329204.466635365,0.0,0.0,1.0000000000000104,0.0,899204.4666353634,7.636111054610893,,False
SP:78,SE,AGBH,2018,gross,2203854.6746511683,2203854.674651171,2203854.674651171,0.0,0.0,1.0000000000000013,0.0,403854.6746511706,9.650034194477383,,False
SP:78,SE,AGBH,2018,land,2158528.9476533514,2158528.947653313,2158528.947653313,0.0,3.818422555923462e-08,0.9999999999999823,0.0,568528.9476533129,9.800655075455886,,False
SP:79,SOCORRO,AGBH,2018,gross,12020060.281555383,12020060.281555422,12020060.281555422,0.0,0.0,1.0000000000000033,3257558.2188747586,940060.2815554217,2.665471664937987,,False
SP:79,SOCORRO,AGBH,2018,land,11791710.227074316,11791710.227074452,11791710.227074452,0.0,0.0,1.0000000000000115,3236525.5254133577,991710.2270744533,2.706466300551912,,False
SP:80,TATUAPE,AGBH,2018,gross,8553400.801761659,8553400.801761642,8553400.801761642,0.0,1.6763806343078613e-08,0.999999999999998,31840.106588475403,833400.801761643,7.527472447240252,,False
SP:80,TATUAPE,AGBH,2018,land,8469342.102959411,8469342.10295945,8469342.10295945,0.0,0.0,1.0000000000000047,30000.0,1069342.1029594494,7.580274664024406,,False
SP:81,TREMEMBE,AGBH,2018,gross,57916315.96849064,57916315.96849073,57916315.96849073,0.0,0.0,1.0000000000000016,33410924.911298595,2806315.968490729,1.5108221282631993,,False
SP:81,TREMEMBE,AGBH,2018,land,57734206.43975988,57734206.439759955,57734206.439759955,0.0,0.0,1.0000000000000013,33333387.446603663,5694206.439759962,1.5113603729378544,,False
SP:82,TUCURUVI,AGBH,2018,gross,9484762.319173284,9484762.31917327,9484762.31917327,0.0,1.30385160446167e-08,0.9999999999999987,300000.0,924762.3191732712,5.051761437694757,,False
SP:82,TUCURUVI,AGBH,2018,land,9478937.711038992,9478937.71103897,9478937.71103897,0.0,2.2351741790771484e-08,0.9999999999999977,300000.0,1148937.7110389704,5.05211289723601,,False
SP:83,VILA ANDRADE,AGBH,2018,gross,10354023.221022852,10354023.221022928,10354023.221022928,0.0,0.0,1.0000000000000073,559070.0531763207,844023.2210229293,4.943957696459794,,False
SP:83,VILA ANDRADE,AGBH,2018,land,10152228.02993315,10152228.02993333,10152228.02993333,0.0,0.0,1.0000000000000175,480849.30303445156,1202228.0299333297,5.033418618630241,,False
SP:84,VILA CURUCA,AGBH,2018,gross,9502678.404621577,9502678.40462156,9502678.40462156,0.0,1.6763806343078613e-08,0.9999999999999982,10000.0,922678.4046215597,4.27097273337693,,False
SP:84,VILA CURUCA,AGBH,2018,land,9432725.560156783,9432725.560156776,9432725.560156776,0.0,7.450580596923828e-09,0.9999999999999992,10000.0,1462725.560156776,4.28018187798455,,False
SP:85,VILA FORMOSA,AGBH,2018,gross,7507492.803549318,7507492.8035494285,7507492.8035494285,0.0,0.0,1.0000000000000147,10831.174778448136,957492.8035494285,6.260269204906208,,False
SP:85,VILA FORMOSA,AGBH,2018,land,7500458.113476075,7500458.113476165,7500458.113476165,0.0,0.0,1.000000000000012,10831.174778448136,1090458.113476165,6.26194352204577,,False
SP:86,VILA GUILHERME,AGBH,2018,gross,7233653.656879495,7233653.656879494,7233653.656879494,0.0,9.313225746154785e-10,0.9999999999999999,10000.0,683653.6568794933,5.040465831167087,,False
SP:86,VILA GUILHERME,AGBH,2018,land,7161492.26607788,7161492.266077937,7161492.266077937,0.0,0.0,1.000000000000008,10000.0,701492.2660779364,5.0866441555726,,False
SP:87,VILA JACUI,AGBH,2018,gross,8316879.549386069,8316879.549386174,8316879.549386174,0.0,0.0,1.0000000000000127,58346.79356570599,886879.5493861744,4.819964257650577,,False
SP:87,VILA JACUI,AGBH,2018,land,8239987.561430503,8239987.561430464,8239987.561430464,0.0,3.91155481338501e-08,0.9999999999999952,54343.08740849562,1759987.561430464,4.849761528517747,,False
SP:88,VILA LEOPOLDINA,AGBH,2018,gross,7023047.836778761,7023047.836778726,7023047.836778726,0.0,3.4458935260772705e-08,0.9999999999999951,87444.5303075293,693047.8367787263,5.730699964792355,,False
SP:88,VILA LEOPOLDINA,AGBH,2018,land,6763798.173629857,6763798.173629863,6763798.173629863,0.0,0.0,1.0000000000000009,56718.47409630334,793798.1736298639,5.940400107709224,,False
SP:89,VILA MARIA,AGBH,2018,gross,11897139.279261516,11897139.27926151,11897139.27926151,0.0,5.587935447692871e-09,0.9999999999999996,28066.13733122862,917139.2792615124,4.631175238369776,,False
SP:89,VILA MARIA,AGBH,2018,land,11720271.740144394,11720271.740144618,11720271.740144618,0.0,0.0,1.000000000000019,25578.91398312973,1430271.7401446167,4.685234491665261,,False
SP:90,VILA MARIANA,AGBH,2018,gross,8637189.82271333,8637189.82271335,8637189.82271335,0.0,0.0,1.0000000000000024,0.0,757189.8227133509,10.01227586641767,,False
SP:90,VILA MARIANA,AGBH,2018,land,8615775.429863093,8615775.429863073,8615775.429863073,0.0,2.0489096641540527e-08,0.9999999999999977,0.0,815775.429863073,10.02939597269387,,False
SP:91,VILA MATILDE,AGBH,2018,gross,8809360.629714485,8809360.629714534,8809360.629714534,0.0,0.0,1.0000000000000056,0.0,879360.6297145336,5.214385303899739,,False
SP:91,VILA MATILDE,AGBH,2018,land,8795349.548519954,8795349.548519986,8795349.548519986,0.0,0.0,1.0000000000000036,0.0,1285349.5485199853,5.216129377125182,,False
SP:92,VILA MEDEIROS,AGBH,2018,gross,7892074.716593311,7892074.716593297,7892074.716593297,0.0,1.3969838619232178e-08,0.9999999999999982,10045.297622387961,852074.7165932974,4.426368546043873,,False
SP:92,VILA MEDEIROS,AGBH,2018,land,7857884.971694579,7857884.971694658,7857884.971694658,0.0,0.0,1.00000000000001,10045.297622387961,1197884.9716946569,4.434429155239205,,False
SP:93,VILA PRUDENTE,AGBH,2018,gross,9569101.750148384,9569101.750148423,9569101.750148423,0.0,0.0,1.000000000000004,50000.0,1079101.7501484219,5.511613448378656,,False
SP:93,VILA PRUDENTE,AGBH,2018,land,9480286.949908873,9480286.949908867,9480286.949908867,0.0,5.587935447692871e-09,0.9999999999999994,50000.0,1340286.9499088675,5.52879730376094,,False
SP:94,VILA SONIA,AGBH,2018,gross,10037124.453072948,10037124.453072878,10037124.453072878,0.0,7.078051567077637e-08,0.9999999999999929,100000.0,977124.4530728775,5.627015838145365,,False
SP:94,VILA SONIA,AGBH,2018,land,10018761.783948967,10018761.783948883,10018761.783948883,0.0,8.381903171539307e-08,0.9999999999999917,100000.0,1818761.7839488825,5.628967142576447,,False
SP:95,SAO DOMINGOS,AGBH,2018,gross,9737931.60758742,9737931.607587526,9737931.607587526,0.0,0.0,1.0000000000000109,193654.84448575677,1067931.6075875266,4.9460108440529345,,False
SP:95,SAO DOMINGOS,AGBH,2018,land,9654410.868748983,9654410.868749097,9654410.868749097,0.0,0.0,1.0000000000000118,165869.89573938109,1554410.868749097,4.980547130756993,,False
SP:96,LAJEADO,AGBH,2018,gross,8874799.145481313,8874799.145481337,8874799.145481337,0.0,0.0,1.0000000000000027,10000.0,1114799.1454813357,4.927750630860844,,False
SP:96,LAJEADO,AGBH,2018,land,8813647.500605041,8813647.500605058,8813647.500605058,0.0,0.0,1.000000000000002,8967.915568415665,2213647.500605059,4.937261778715787,,False
SP:01,AGUA RASA,ANBH,2018,gross,7210090.090007394,7210090.090007346,7210090.090007346,0.0,4.7497451305389404e-08,0.9999999999999934,0.0,710090.0900073461,13.071309338206454,,False
SP:01,AGUA RASA,ANBH,2018,land,7202642.31843728,7202642.318437214,7202642.318437214,0.0,6.612390279769897e-08,0.9999999999999908,0.0,722642.3184372135,13.068100312349193,,False
SP:02,ALTO DE PINHEIROS,ANBH,2018,gross,7495651.932731646,7495651.932731559,7495651.932731559,0.0,8.754432201385498e-08,0.9999999999999883,202048.06399399624,705651.9327315588,13.428408349947576,,False
SP:02,ALTO DE PINHEIROS,ANBH,2018,land,7340548.5648843525,7340548.564884294,7340548.564884294,0.0,5.8673322200775146e-08,0.999999999999992,147454.47738860108,740548.5648842944,13.537930234099694,,False
SP:03,ANHANGUERA,ANBH,2018,gross,33398202.068625133,33398202.06862519,33398202.06862519,0.0,0.0,1.0000000000000018,19352086.077855114,1898202.068625189,2.9672835233821453,,False
SP:03,ANHANGUERA,ANBH,2018,land,33216260.59235342,33216260.592353363,33216260.592353363,0.0,5.587935447692871e-08,0.9999999999999983,19231172.712692715,3036260.5923533626,2.9739779663808137,,False
SP:04,ARICANDUVA,ANBH,2018,gross,6991680.634490524,6991680.6344905365,6991680.6344905365,0.0,0.0,1.0000000000000018,0.0,721680.6344905362,10.786666382188024,,False
SP:04,ARICANDUVA,ANBH,2018,land,6930973.027456012,6930973.027456063,6930973.027456063,0.0,0.0,1.0000000000000073,0.0,1340973.0274560624,10.777331433666745,,False
SP:05,ARTUR ALVIM,ANBH,2018,gross,6535615.284382359,6535615.284382251,6535615.284382251,0.0,1.0803341865539551e-07,0.9999999999999835,10000.0,785615.2843822513,11.77817238006956,,False
SP:05,ARTUR ALVIM,ANBH,2018,land,6523847.360305524,6523847.360305425,6523847.360305425,0.0,9.96515154838562e-08,0.9999999999999847,10000.0,1083847.360305424,11.778822298907793,,False
SP:06,BARRA FUNDA,ANBH,2018,gross,5880459.803275475,5880459.803275423,5880459.803275423,0.0,5.21540641784668e-08,0.9999999999999911,0.0,730459.8032754231,17.07980320400501,,False
SP:06,BARRA FUNDA,ANBH,2018,land,5733067.635738968,5733067.63573902,5733067.63573902,0.0,0.0,1.000000000000009,0.0,993067.6357390201,17.00664687804818,,False
SP:07,BELA VISTA,ANBH,2018,gross,2730491.837821929,2730491.8378219283,2730491.8378219283,0.0,4.656612873077393e-10,0.9999999999999998,0.0,450491.8378219283,30.51547639906909,,False
SP:07,BELA VISTA,ANBH,2018,land,2730491.83782192,2730491.8378219283,2730491.8378219283,0.0,0.0,1.000000000000003,0.0,450491.8378219283,30.51547639906909,,False
SP:08,BELEM,ANBH,2018,gross,6074537.920844579,6074537.920844546,6074537.920844546,0.0,3.3527612686157227e-08,0.9999999999999944,10000.0,764537.9208445447,12.970797533544467,,False
SP:08,BELEM,ANBH,2018,land,6008094.3515770575,6008094.351576995,6008094.351576995,0.0,6.239861249923706e-08,0.9999999999999896,10000.0,778094.3515769952,12.938731246632742,,False
SP:09,BOM RETIRO,ANBH,2018,gross,4225216.28245804,4225216.282457967,4225216.282457967,0.0,7.264316082000732e-08,0.9999999999999828,3974.6765264250007,535216.2824579672,15.128182590816357,,False
SP:09,BOM RETIRO,ANBH,2018,land,4053223.1902002883,4053223.1902002287,4053223.1902002287,0.0,5.960464477539063e-08,0.9999999999999853,407.40919964077125,933223.1902002293,15.068034820978028,,False
SP:10,BRAS,ANBH,2018,gross,3646392.4558993927,3646392.4558993937,3646392.4558993937,0.0,0.0,1.0000000000000002,0.0,556392.4558993939,14.714335043976764,,False
SP:10,BRAS,ANBH,2018,land,3646392.4558993992,3646392.4558993937,3646392.4558993937,0.0,5.587935447692871e-09,0.9999999999999984,0.0,556392.4558993939,14.714335043976764,,False
SP:11,BRASILANDIA,ANBH,2018,gross,21153787.651120655,21153787.65112067,21153787.65112067,0.0,0.0,1.0000000000000007,8632650.386509962,1603787.6511206669,8.712567077306712,,False
SP:11,BRASILANDIA,ANBH,2018,land,21108249.269356485,21108249.26935649,21108249.26935649,0.0,0.0,1.0000000000000002,8624995.3273751,2708249.2693564906,8.70499954320855,,False
SP:12,BUTANTA,ANBH,2018,gross,13005330.636434147,13005330.63643426,13005330.63643426,0.0,0.0,1.0000000000000087,617951.9360060039,1275330.636434262,11.53615478202487,,False
SP:12,BUTANTA,ANBH,2018,land,12577958.18820142,12577958.188201435,12577958.188201435,0.0,0.0,1.000000000000001,413776.29722355603,1847958.1882014368,11.757428697354875,,False
SP:13,CACHOEIRINHA,ANBH,2018,gross,13634238.689895239,13634238.689895213,13634238.689895213,0.0,2.60770320892334e-08,0.9999999999999981,4974968.70378593,1394238.6898952127,8.5346248057562,,False
SP:13,CACHOEIRINHA,ANBH,2018,land,13600953.057997176,13600953.057997176,13600953.057997176,0.0,0.0,1.0,4974695.396115415,2080953.0579971771,8.521324763347671,,False
SP:14,CAMBUCI,ANBH,2018,gross,3942676.92360846,3942676.923608453,3942676.923608453,0.0,6.984919309616089e-09,0.9999999999999982,0.0,502676.9236084532,15.297185785022618,,False
SP:14,CAMBUCI,ANBH,2018,land,3931185.3144774362,3931185.3144773673,3931185.3144773673,0.0,6.891787052154541e-08,0.9999999999999825,0.0,791185.3144773678,15.288881793801218,,False
SP:15,CAMPO BELO,ANBH,2018,gross,8812574.24335658,8812574.2433565,8812574.2433565,0.0,8.009374141693115e-08,0.9999999999999909,70000.0,922574.2433565017,16.125742301081583,,False
SP:15,CAMPO BELO,ANBH,2018,land,8798335.63212583,8798335.6321258,8798335.6321258,0.0,2.9802322387695312e-08,0.9999999999999966,70000.0,1208335.632125801,16.11393448250816,,False
SP:16,CAMPO GRANDE,ANBH,2018,gross,12995739.387099622,12995739.387099594,12995739.387099594,0.0,2.7939677238464355e-08,0.9999999999999979,364774.8065375156,1025739.3870995953,12.99491540454099,,False
SP:16,CAMPO GRANDE,ANBH,2018,land,12778335.263396919,12778335.26339686,12778335.26339686,0.0,5.960464477539063e-08,0.9999999999999953,332308.81407978566,1678335.2633968606,13.02531842558754,,False
SP:17,CAMPO LIMPO,ANBH,2018,gross,12652413.07128241,12652413.071282422,12652413.071282422,0.0,0.0,1.000000000000001,0.0,1102413.0712824217,15.14560858656853,,False
SP:17,CAMPO LIMPO,ANBH,2018,land,12580887.315293074,12580887.315292966,12580887.315292966,0.0,1.0803341865539551e-07,0.9999999999999915,0.0,1990887.3152929635,15.151530709816056,,False
SP:18,CANGAIBA,ANBH,2018,gross,13788991.709947966,13788991.709948016,13788991.709948016,0.0,0.0,1.0000000000000036,2925832.3452574806,1088991.709948017,8.21496440134357,,False
SP:18,CANGAIBA,ANBH,2018,land,12757403.571226275,12757403.57122621,12757403.57122621,0.0,6.51925802230835e-08,0.9999999999999949,2104435.8405565876,2977403.5712262103,8.807549988435339,,False
SP:19,CAPAO REDONDO,ANBH,2018,gross,13835121.334747156,13835121.334747043,13835121.334747043,0.0,1.1362135410308838e-07,0.9999999999999918,10000.0,1315121.3347470416,14.129314428925836,,False
SP:19,CAPAO REDONDO,ANBH,2018,land,13785444.586563215,13785444.586563133,13785444.586563133,0.0,8.195638656616211e-08,0.999999999999994,10000.0,2245444.5865631327,14.133647641207848,,False
SP:20,CARRAO,ANBH,2018,gross,7938984.853779087,7938984.853779038,7938984.853779038,0.0,4.842877388000488e-08,0.9999999999999939,289168.8252215519,858984.8537790388,10.84654898734652,,False
SP:20,CARRAO,ANBH,2018,land,7882619.272002402,7882619.272002361,7882619.272002361,0.0,4.0978193283081055e-08,0.9999999999999948,289168.8252215519,1192619.2720023608,10.843887459652416,,False
SP:21,CASA VERDE,ANBH,2018,gross,7236806.8037516475,7236806.803751681,7236806.803751681,0.0,0.0,1.0000000000000047,0.0,786806.8037516815,14.476268593816174,,False
SP:21,CASA VERDE,ANBH,2018,land,7149228.094590955,7149228.094591072,7149228.094591072,0.0,0.0,1.0000000000000162,0.0,999228.0945910724,14.42915858320596,,False
SP:22,CIDADE ADEMAR,ANBH,2018,gross,12363876.720135588,12363876.720135612,12363876.720135612,0.0,0.0,1.000000000000002,0.0,1253876.720135612,14.171134806975198,,False
SP:22,CIDADE ADEMAR,ANBH,2018,land,12342012.182813844,12342012.182813834,12342012.182813834,0.0,9.313225746154785e-09,0.9999999999999992,0.0,1972012.1828138337,14.173811046969844,,False
SP:23,CIDADE DUTRA,ANBH,2018,gross,28093369.521856222,28093369.52185662,28093369.52185662,0.0,0.0,1.0000000000000142,8104820.122209881,1803369.52185662,6.81275913251262,,False
SP:23,CIDADE DUTRA,ANBH,2018,land,27875020.384110257,27875020.384110685,27875020.384110685,0.0,0.0,1.0000000000000153,8025870.350319827,2995020.3841106826,6.8394161487994225,,False
SP:24,CIDADE LIDER,ANBH,2018,gross,10403560.521574048,10403560.52157405,10403560.52157405,0.0,0.0,1.0000000000000002,189550.62663097616,1033560.5215740497,12.112478676667173,,False
SP:24,CIDADE LIDER,ANBH,2018,land,10384090.49776289,10384090.49776289,10384090.49776289,0.0,0.0,1.0,189550.62663097616,1554090.4977628905,12.113896845337496,,False
SP:25,CIDADE TIRADENTES,ANBH,2018,gross,15007510.696948327,15007510.696948323,15007510.696948323,0.0,3.725290298461914e-09,0.9999999999999998,1758886.6231277375,1307510.6969483225,9.572626799561405,,False
SP:25,CIDADE TIRADENTES,ANBH,2018,land,14950441.481639192,14950441.48163921,14950441.48163921,0.0,0.0,1.0000000000000013,1758728.6862953864,2460441.481639211,9.570061981670532,,False
SP:26,CONSOLACAO,ANBH,2018,gross,3832905.606432626,3832905.6064326474,3832905.6064326474,0.0,0.0,1.0000000000000056,0.0,542905.6064326478,24.961361098260177,,False
SP:26,CONSOLACAO,ANBH,2018,land,3832905.606432621,3832905.6064326474,3832905.6064326474,0.0,0.0,1.0000000000000069,0.0,542905.6064326478,24.961361098260177,,False
SP:27,CURSINO,ANBH,2018,gross,11998537.775913121,11998537.775913138,11998537.775913138,0.0,0.0,1.0000000000000013,2787703.0542977853,1388537.7759131356,9.191913029850289,,False
SP:27,CURSINO,ANBH,2018,land,11812195.739681423,11812195.739681449,11812195.739681449,0.0,0.0,1.0000000000000022,2678830.2459558607,1882195.7396814502,9.305233749800179,,False
SP:28,ERMELINO MATARAZZO,ANBH,2018,gross,9412804.354768546,9412804.354768477,9412804.354768477,0.0,6.891787052154541e-08,0.9999999999999927,1105106.7213946718,852804.3547684781,10.057819447022215,,False
SP:28,ERMELINO MATARAZZO,ANBH,2018,land,9265324.324062243,9265324.32406218,9265324.32406218,0.0,6.332993507385254e-08,0.9999999999999931,1000515.5700705621,2035324.3240621802,10.184932682402748,,False
SP:29,FREGUESIA DO O,ANBH,2018,gross,10973662.734429475,10973662.734429527,10973662.734429527,0.0,0.0,1.0000000000000047,342920.85362204234,1243662.7344295282,13.727104872968914,,False
SP:29,FREGUESIA DO O,ANBH,2018,land,10915280.135222336,10915280.13522233,10915280.13522233,0.0,5.587935447692871e-09,0.9999999999999994,338923.95595762733,1235280.1352223307,13.717925938044829,,False
SP:30,GRAJAU,ANBH,2018,gross,93335201.25123143,93335201.25123197,93335201.25123197,0.0,0.0,1.0000000000000058,50834297.86680011,2765201.2512319656,3.6415354684351797,,False
SP:30,GRAJAU,ANBH,2018,land,92844807.18270192,92844807.18270221,92844807.18270221,0.0,0.0,1.000000000000003,50603118.786245234,7304807.182702202,3.6490345885053426,,False
SP:31,GUAIANASES,ANBH,2018,gross,8982108.417645346,8982108.417645343,8982108.417645343,0.0,3.725290298461914e-09,0.9999999999999996,756709.0479619568,922108.4176453426,10.706515116231149,,False
SP:31,GUAIANASES,ANBH,2018,land,8909094.400853382,8909094.400853388,8909094.400853388,0.0,0.0,1.0000000000000007,748324.3236100455,1609094.4008533882,10.722744417032002,,False
SP:32,MOEMA,ANBH,2018,gross,9121109.050243927,9121109.050243884,9121109.050243884,0.0,4.284083843231201e-08,0.9999999999999953,280000.0,811109.0502438841,19.170027965354507,,False
SP:32,MOEMA,ANBH,2018,land,8971262.658474224,8971262.658474173,8971262.658474173,0.0,5.029141902923584e-08,0.9999999999999944,218622.86779594858,1131262.6584741739,19.428023988765876,,False
SP:33,IGUATEMI,ANBH,2018,gross,19523608.090950325,19523608.090950314,19523608.090950314,0.0,1.1175870895385742e-08,0.9999999999999994,4178080.670357826,1413608.0909503128,8.007925287558288,,False
SP:33,IGUATEMI,ANBH,2018,land,19440497.06530591,19440497.06530599,19440497.06530599,0.0,0.0,1.000000000000004,4169647.4874484306,2910497.065305992,8.013588575382611,,False
SP:34,IPIRANGA,ANBH,2018,gross,11055040.350922698,11055040.35092258,11055040.35092258,0.0,1.1734664440155029e-07,0.9999999999999893,40000.0,1115040.3509225813,13.197568848340325,,False
SP:34,IPIRANGA,ANBH,2018,land,10941499.086862862,10941499.086862806,10941499.086862806,0.0,5.587935447692871e-08,0.9999999999999949,40000.0,1961499.086862807,13.199273625602764,,False
SP:35,ITAIM BIBI,ANBH,2018,gross,10072245.248734774,10072245.248734882,10072245.248734882,0.0,0.0,1.0000000000000107,16893.54560803622,752245.2487348821,24.447949466235702,,False
SP:35,ITAIM BIBI,ANBH,2018,land,9912060.528941087,9912060.528941145,9912060.528941145,0.0,0.0,1.0000000000000058,2781.750393262248,1082060.5289411466,24.522656393281775,,False
SP:36,ITAIM PAULISTA,ANBH,2018,gross,12200661.061182331,12200661.061182372,12200661.061182372,0.0,0.0,1.0000000000000033,0.0,1000661.0611823713,10.561728344322214,,False
SP:36,ITAIM PAULISTA,ANBH,2018,land,12148802.139456198,12148802.139456188,12148802.139456188,0.0,9.313225746154785e-09,0.9999999999999992,0.0,2018802.1394561888,10.563018041255454,,False
SP:37,ITAQUERA,ANBH,2018,gross,14794942.978510996,14794942.978511065,14794942.978511065,0.0,0.0,1.0000000000000047,30446.583517801897,1064942.9785110652,12.449150394281506,,False
SP:37,ITAQUERA,ANBH,2018,land,14715015.091326127,14715015.091326155,14715015.091326155,0.0,0.0,1.000000000000002,30446.583517801897,2945015.0913261543,12.433130925849667,,False
SP:38,JABAQUARA,ANBH,2018,gross,14073852.592212275,14073852.5922123,14073852.5922123,0.0,0.0,1.0000000000000018,66800.66173722131,1173852.5922123007,14.336070992909617,,False
SP:38,JABAQUARA,ANBH,2018,land,14054636.894407796,14054636.894407794,14054636.894407794,0.0,1.862645149230957e-09,0.9999999999999999,66800.66173722131,1904636.894407796,14.336444891619168,,False
SP:39,JACANA,ANBH,2018,gross,7499579.066686319,7499579.066686361,7499579.066686361,0.0,0.0,1.0000000000000056,100000.01703756204,1229579.066686361,10.778682973126314,,False
SP:39,JACANA,ANBH,2018,land,7417489.5823920425,7417489.582392038,7417489.582392038,0.0,4.6566128730773926e-09,0.9999999999999993,100000.01703675214,1477489.5823920374,10.769275843299113,,False
SP:40,JAGUARA,ANBH,2018,gross,4595867.812514296,4595867.812514251,4595867.812514251,0.0,4.470348358154297e-08,0.9999999999999902,20071.23045275279,695867.8125142511,12.324882664915707,,False
SP:40,JAGUARA,ANBH,2018,land,4500536.822513949,4500536.8225139035,4500536.8225139035,0.0,4.563480615615845e-08,0.9999999999999899,16416.634659596075,950536.8225139033,12.27835403747725,,False
SP:41,JAGUARE,ANBH,2018,gross,6629186.636248793,6629186.63624888,6629186.63624888,0.0,0.0,1.000000000000013,51162.469538707664,749186.6362488798,14.263776278520314,,False
SP:41,JAGUARE,ANBH,2018,land,6450855.1496504145,6450855.149650384,6450855.149650384,0.0,3.073364496231079e-08,0.9999999999999952,36137.119993438275,850855.1496503837,14.39746728674809,,False
SP:42,JARAGUA,ANBH,2018,gross,28240981.813812576,28240981.813812494,28240981.813812494,0.0,8.195638656616211e-08,0.9999999999999971,9253115.475415077,1910981.8138124943,7.757047033515801,,False
SP:42,JARAGUA,ANBH,2018,land,28139113.70238204,28139113.702381916,28139113.702381916,0.0,1.2293457984924316e-07,0.9999999999999957,9214064.238922816,3829113.7023819154,7.76472861569364,,False
SP:43,JARDIM ANGELA,ANBH,2018,gross,36529695.465876356,36529695.46587621,36529695.46587621,0.0,1.4901161193847656e-07,0.9999999999999959,12603897.015318535,2229695.4658761993,7.88595147557526,,False
SP:43,JARDIM ANGELA,ANBH,2018,land,36442070.60228643,36442070.60228631,36442070.60228631,0.0,1.1920928955078125e-07,0.9999999999999968,12577813.943828315,3852070.6022863104,7.888531924607884,,False
SP:44,JARDIM HELENA,ANBH,2018,gross,9296193.343635486,9296193.343635393,9296193.343635393,0.0,9.313225746154785e-08,0.99999999999999,813164.1221066436,1336193.3436353935,6.672746682195765,,False
SP:44,JARDIM HELENA,ANBH,2018,land,8961699.266089093,8961699.266089033,8961699.266089033,0.0,5.960464477539063e-08,0.9999999999999933,650372.3511260371,1981699.2660890343,6.823343115489969,,False
SP:45,JARDIM PAULISTA,ANBH,2018,gross,6214983.268212643,6214983.268212646,6214983.268212646,0.0,0.0,1.0000000000000004,0.0,724983.2682126465,26.13412466968589,,False
SP:45,JARDIM PAULISTA,ANBH,2018,land,6214983.268212643,6214983.268212646,6214983.268212646,0.0,0.0,1.0000000000000004,0.0,724983.2682126465,26.13412466968589,,False
SP:46,JARDIM SAO LUIS,ANBH,2018,gross,26166508.374096856,26166508.374096587,26166508.374096587,0.0,2.682209014892578e-07,0.9999999999999898,7494933.931093297,1676508.3740965887,8.851761151231587,,False
SP:46,JARDIM SAO LUIS,ANBH,2018,land,25986869.53731348,25986869.537313156,25986869.537313156,0.0,3.241002559661865e-07,0.9999999999999876,7484940.932689234,2476869.5373131563,8.835072745770297,,False
SP:47,JOSE BONIFACIO,ANBH,2018,gross,14636563.727443988,14636563.727443993,14636563.727443993,0.0,0.0,1.0000000000000004,1159879.6451476482,1266563.7274439926,8.864815514798027,,False
SP:47,JOSE BONIFACIO,ANBH,2018,land,14591760.41932816,14591760.41932815,14591760.41932815,0.0,1.1175870895385742e-08,0.9999999999999992,1156776.7948953952,1891760.4193281485,8.870250131229488,,False
SP:48,LAPA,ANBH,2018,gross,10329965.547931269,10329965.54793125,10329965.54793125,0.0,1.862645149230957e-08,0.9999999999999982,3264.8137918517295,829965.5479312512,15.225809382783298,,False
SP:48,LAPA,ANBH,2018,land,10213860.050296694,10213860.050296726,10213860.050296726,0.0,0.0,1.000000000000003,40.588947887258534,853860.0502967254,15.188485139475466,,False
SP:49,LIBERDADE,ANBH,2018,gross,3667873.4498650488,3667873.4498650497,3667873.4498650497,0.0,0.0,1.0000000000000002,40000.0,497873.44986505,19.92454684267143,,False
SP:49,LIBERDADE,ANBH,2018,land,3636746.4650497674,3636746.465049765,3636746.465049765,0.0,2.3283064365386963e-09,0.9999999999999993,15716.050535321345,576746.4650497648,20.07892829300012,,False
SP:50,LIMAO,ANBH,2018,gross,6486604.392972407,6486604.392972417,6486604.392972417,0.0,0.0,1.0000000000000016,0.0,676604.3929724168,13.897247966024112,,False
SP:50,LIMAO,ANBH,2018,land,6417127.223019452,6417127.223019412,6417127.223019412,0.0,4.0046870708465576e-08,0.9999999999999938,0.0,1007127.2230194116,13.835653138769842,,False
SP:51,MANDAQUI,ANBH,2018,gross,13310462.230308546,13310462.230308529,13310462.230308529,0.0,1.6763806343078613e-08,0.9999999999999988,4766888.43890453,1510462.2303085285,7.894674863892861,,False
SP:51,MANDAQUI,ANBH,2018,land,13281582.84931174,13281582.849311704,13281582.849311704,0.0,3.5390257835388184e-08,0.9999999999999973,4766492.653640649,1921582.8493117038,7.8998635021826935,,False
SP:52,MARSILAC,ANBH,2018,gross,209106171.8348724,209106171.83487192,209106171.83487192,0.0,4.76837158203125e-07,0.9999999999999977,183471813.60257292,5236171.834871924,0.3719334389881732,,False
SP:52,MARSILAC,ANBH,2018,land,207822069.5798515,207822069.57985136,207822069.57985136,0.0,1.4901161193847656e-07,0.9999999999999993,182450968.0194095,18932069.57985138,0.3703758985187722,,False
SP:53,MOOCA,ANBH,2018,gross,7985431.589482828,7985431.589482818,7985431.589482818,0.0,1.0244548320770264e-08,0.9999999999999987,10000.0,855431.5894828171,16.025591629533167,,False
SP:53,MOOCA,ANBH,2018,land,7985431.589482827,7985431.589482818,7985431.589482818,0.0,9.313225746154785e-09,0.9999999999999988,10000.0,855431.5894828171,16.025591629533167,,False
SP:54,MORUMBI,ANBH,2018,gross,11541958.285771202,11541958.285771277,11541958.285771277,0.0,0.0,1.0000000000000064,242523.9033060925,981958.2857712773,15.263499476130061,,False
SP:54,MORUMBI,ANBH,2018,land,11289717.377639543,11289717.377639625,11289717.377639625,0.0,0.0,1.0000000000000073,191312.63374525256,1139717.3776396269,15.279693708020693,,False
SP:55,PARELHEIROS,ANBH,2018,gross,153181551.16103438,153181551.1610342,153181551.1610342,0.0,1.7881393432617188e-07,0.9999999999999988,99591523.71374825,4881551.16103419,1.762394642961519,,False
SP:55,PARELHEIROS,ANBH,2018,land,152058361.32065517,152058361.3206532,152058361.3206532,0.0,1.9669532775878906e-06,0.999999999999987,98968072.51004544,16008361.320653204,1.7639728733340754,,False
SP:56,PARI,ANBH,2018,gross,2742478.672860702,2742478.672860764,2742478.672860764,0.0,0.0,1.0000000000000226,0.0,392478.67286076443,13.81271006784355,,False
SP:56,PARI,ANBH,2018,land,2693310.9529308714,2693310.952930883,2693310.952930883,0.0,0.0,1.0000000000000042,0.0,383310.95293088345,13.686634292187184,,False
SP:57,PARQUE DO CARMO,ANBH,2018,gross,15546951.800633978,15546951.800633945,15546951.800633945,0.0,3.3527612686157227e-08,0.9999999999999979,5800827.251639652,1026951.800633945,5.869983231581309,,False
SP:57,PARQUE DO CARMO,ANBH,2018,land,15440882.197638163,15440882.197638094,15440882.197638094,0.0,6.891787052154541e-08,0.9999999999999956,5739887.4878183305,1850882.1976380944,5.892741191443535,,False
SP:58,PEDREIRA,ANBH,2018,gross,18586978.34951582,18586978.349515595,18586978.349515595,0.0,2.2724270820617676e-07,0.9999999999999878,5698184.516062121,1296978.3495155931,7.382933746230943,,False
SP:58,PEDREIRA,ANBH,2018,land,18464960.16576074,18464960.16576057,18464960.16576057,0.0,1.7136335372924805e-07,0.9999999999999907,5687443.885757418,2164960.1657605725,7.4003372549736595,,False
SP:59,PENHA,ANBH,2018,gross,11480999.539441042,11480999.539441034,11480999.539441034,0.0,7.450580596923828e-09,0.9999999999999993,11757.616391986909,1190999.539441032,11.927177993143463,,False
SP:59,PENHA,ANBH,2018,land,11369624.191473784,11369624.191473851,11369624.191473851,0.0,0.0,1.000000000000006,3673.1997429109533,1619624.191473852,11.932804407391473,,False
SP:60,PERDIZES,ANBH,2018,gross,6366810.855644385,6366810.855644402,6366810.855644402,0.0,0.0,1.0000000000000027,0.0,666810.8556444021,22.196965942971726,,False
SP:60,PERDIZES,ANBH,2018,land,6366810.855644382,6366810.855644402,6366810.855644402,0.0,0.0,1.000000000000003,0.0,666810.8556444021,22.196965942971726,,False
SP:61,PERUS,ANBH,2018,gross,23753433.145965386,23753433.145965386,23753433.145965386,0.0,0.0,1.0,12527600.420125218,1693433.1459653862,4.01134705034144,,False
SP:61,PERUS,ANBH,2018,land,23432170.318409253,23432170.318409286,23432170.318409286,0.0,0.0,1.0000000000000013,12286695.707139565,3132170.3184092855,4.043763838768176,,False
SP:62,PINHEIROS,ANBH,2018,gross,8357328.771686314,8357328.771686097,8357328.771686097,0.0,2.169981598854065e-07,0.999999999999974,40582.55108587127,847328.7716860969,20.068072266293665,,False
SP:62,PINHEIROS,ANBH,2018,land,8245843.848706386,8245843.848706389,8245843.848706389,0.0,0.0,1.0000000000000004,14916.946655324522,875843.8487063888,20.162302701725444,,False
SP:63,PIRITUBA,ANBH,2018,gross,17295372.86099222,17295372.86099217,17295372.86099217,0.0,4.842877388000488e-08,0.9999999999999972,2437997.0038352422,1425372.8609921718,11.336525669451005,,False
SP:63,PIRITUBA,ANBH,2018,land,17193582.21953182,17193582.219531853,17193582.219531853,0.0,0.0,1.000000000000002,2409686.192732224,1993582.2195318541,11.342768680343948,,False
SP:64,PONTE RASA,ANBH,2018,gross,6626990.910405044,6626990.910405023,6626990.910405023,0.0,2.1420419216156006e-08,0.9999999999999968,0.0,736990.9104050235,10.678300967698183,,False
SP:64,PONTE RASA,ANBH,2018,land,6600176.285240726,6600176.2852406725,6600176.2852406725,0.0,5.3085386753082275e-08,0.999999999999992,0.0,1090176.2852406723,10.676246832494003,,False
SP:65,RAPOSO TAVARES,ANBH,2018,gross,12277491.787381217,12277491.787381157,12277491.787381157,0.0,5.960464477539063e-08,0.9999999999999951,1232307.187633961,1087491.7873811554,10.312531691346127,,False
SP:65,RAPOSO TAVARES,ANBH,2018,land,12246195.662144624,12246195.662144516,12246195.662144516,0.0,1.0803341865539551e-07,0.9999999999999912,1230044.9541702676,2146195.662144517,10.312454408012549,,False
SP:66,REPUBLICA,ANBH,2018,gross,2408028.3322793515,2408028.332279346,2408028.332279346,0.0,5.587935447692871e-09,0.9999999999999977,0.0,388028.33227934584,31.558204519833247,,False
SP:66,REPUBLICA,ANBH,2018,land,2406712.7914405596,2406712.7914405516,2406712.7914405516,0.0,7.916241884231567e-09,0.9999999999999967,0.0,406712.7914405515,31.55946672866914,,False
SP:67,RIO PEQUENO,ANBH,2018,gross,9701286.946237521,9701286.946237478,9701286.946237478,0.0,4.284083843231201e-08,0.9999999999999956,20000.0,961286.9462374779,14.00593840304858,,False
SP:67,RIO PEQUENO,ANBH,2018,land,9659356.762808478,9659356.762808414,9659356.762808414,0.0,6.332993507385254e-08,0.9999999999999934,20000.0,2129356.762808414,14.006487676267557,,False
SP:68,SACOMA,ANBH,2018,gross,14615368.542821323,14615368.542821184,14615368.542821184,0.0,1.3969838619232178e-07,0.9999999999999905,0.0,1115368.5428211838,13.276831612563338,,False
SP:68,SACOMA,ANBH,2018,land,14557061.773435684,14557061.773435604,14557061.773435604,0.0,8.009374141693115e-08,0.9999999999999944,0.0,1857061.7734356052,13.285520236546857,,False
SP:69,SANTA CECILIA,ANBH,2018,gross,3776791.923775821,3776791.923775806,3776791.923775806,0.0,1.4901161193847656e-08,0.999999999999996,0.0,546791.9237758061,22.415475958306544,,False
SP:69,SANTA CECILIA,ANBH,2018,land,3776791.923775819,3776791.923775806,3776791.923775806,0.0,1.30385160446167e-08,0.9999999999999966,0.0,546791.9237758061,22.415475958306544,,False
SP:70,SANTANA,ANBH,2018,gross,13151931.310068881,13151931.310068883,13151931.310068883,0.0,0.0,1.0000000000000002,456025.3234733959,1081931.3100688842,14.90229332674957,,False
SP:70,SANTANA,ANBH,2018,land,13007182.43400741,13007182.434007317,13007182.434007317,0.0,9.313225746154785e-08,0.9999999999999929,442247.14760257804,1727182.4340073173,14.895674980480742,,False
SP:71,SANTO AMARO,ANBH,2018,gross,16109558.55690841,16109558.556908414,16109558.556908414,0.0,0.0,1.0000000000000002,93288.16341043927,1129558.5569084138,15.08235476384278,,False
SP:71,SANTO AMARO,ANBH,2018,land,15831612.979054041,15831612.979054075,15831612.979054075,0.0,0.0,1.0000000000000022,60157.019652448,1181612.9790540738,15.1837057297553,,False
SP:72,SAO LUCAS,ANBH,2018,gross,9718747.631277954,9718747.631278055,9718747.631278055,0.0,0.0,1.0000000000000104,0.0,918747.6312780544,12.264242972080138,,False
SP:72,SAO LUCAS,ANBH,2018,land,9694271.136557119,9694271.136557203,9694271.136557203,0.0,0.0,1.0000000000000087,0.0,1224271.1365572035,12.265294079852053,,False
SP:73,SAO MATEUS,ANBH,2018,gross,12858847.209241943,12858847.209241942,12858847.209241942,0.0,1.862645149230957e-09,0.9999999999999999,55445.257853479525,1278847.2092419413,11.019459860529762,,False
SP:73,SAO MATEUS,ANBH,2018,land,12755546.280795127,12755546.280795,12755546.280795,0.0,1.2665987014770508e-07,0.9999999999999901,54614.616963604036,2385546.2807949996,11.039335631012767,,False
SP:74,SAO MIGUEL,ANBH,2018,gross,8666457.149018798,8666457.149018673,8666457.149018673,0.0,1.2479722499847412e-07,0.9999999999999856,325205.97192711954,1026457.1490186729,8.999299331545176,,False
SP:74,SAO MIGUEL,ANBH,2018,land,8480229.766902756,8480229.766902667,8480229.766902667,0.0,8.940696716308594e-08,0.9999999999999895,249201.9824211666,1740229.7669026668,9.104787291724888,,False
SP:75,SAO RAFAEL,ANBH,2018,gross,13136117.584627697,13136117.584627658,13136117.584627658,0.0,3.91155481338501e-08,0.999999999999997,1498927.0139002989,1016117.5846276579,10.534735274130112,,False
SP:75,SAO RAFAEL,ANBH,2018,land,13095490.88756535,13095490.887565332,13095490.887565332,0.0,1.862645149230957e-08,0.9999999999999986,1493044.0192005076,2025490.887565333,10.53741724530431,,False
SP:76,SAPOPEMBA,ANBH,2018,gross,13695330.942183198,13695330.942183224,13695330.942183224,0.0,0.0,1.000000000000002,0.0,1245330.9421832238,12.874861728515226,,False
SP:76,SAPOPEMBA,ANBH,2018,land,13658296.7772568,13658296.777256861,13658296.777256861,0.0,0.0,1.0000000000000044,0.0,1758296.7772568604,12.87629856682707,,False
SP:77,SAUDE,ANBH,2018,gross,9349712.34450125,9349712.344501326,9349712.344501326,0.0,0.0,1.0000000000000082,0.0,839712.3445013257,16.9953947098886,,False
SP:77,SAUDE,ANBH,2018,land,9329204.466635268,9329204.466635365,9329204.466635365,0.0,0.0,1.0000000000000104,0.0,899204.4666353634,17.002254939901395,,False
SP:78,SE,ANBH,2018,gross,2203854.6746511683,2203854.674651171,2203854.674651171,0.0,0.0,1.0000000000000013,0.0,403854.6746511706,25.682357780606644,,False
SP:78,SE,ANBH,2018,land,2158528.9476533514,2158528.947653313,2158528.947653313,0.0,3.818422555923462e-08,0.9999999999999823,0.0,568528.9476533129,25.909967993954258,,False
SP:79,SOCORRO,ANBH,2018,gross,12020060.281555383,12020060.281555422,12020060.281555422,0.0,0.0,1.0000000000000033,3257558.2188747586,940060.2815554217,7.367004480310627,,False
SP:79,SOCORRO,ANBH,2018,land,11791710.227074316,11791710.227074452,11791710.227074452,0.0,0.0,1.0000000000000115,3236525.5254133577,991710.2270744533,7.288605660326465,,False
SP:80,TATUAPE,ANBH,2018,gross,8553400.801761659,8553400.801761642,8553400.801761642,0.0,1.6763806343078613e-08,0.999999999999998,31840.106588475403,833400.801761643,17.803030737962114,,False
SP:80,TATUAPE,ANBH,2018,land,8469342.102959411,8469342.10295945,8469342.10295945,0.0,0.0,1.0000000000000047,30000.0,1069342.1029594494,17.796387109102323,,False
SP:81,TREMEMBE,ANBH,2018,gross,57916315.96849064,57916315.96849073,57916315.96849073,0.0,0.0,1.0000000000000016,33410924.911298595,2806315.968490729,4.3961228308372835,,False
SP:81,TREMEMBE,ANBH,2018,land,57734206.43975988,57734206.439759955,57734206.439759955,0.0,0.0,1.0000000000000013,33333387.446603663,5694206.439759962,4.395522057619337,,False
SP:82,TUCURUVI,ANBH,2018,gross,9484762.319173284,9484762.31917327,9484762.31917327,0.0,1.30385160446167e-08,0.9999999999999987,300000.0,924762.3191732712,11.960893731003505,,False
SP:82,TUCURUVI,ANBH,2018,land,9478937.711038992,9478937.71103897,9478937.71103897,0.0,2.2351741790771484e-08,0.9999999999999977,300000.0,1148937.7110389704,11.960917671132869,,False
SP:83,VILA ANDRADE,ANBH,2018,gross,10354023.221022852,10354023.221022928,10354023.221022928,0.0,0.0,1.0000000000000073,559070.0531763207,844023.2210229293,16.423836144263436,,False
SP:83,VILA ANDRADE,ANBH,2018,land,10152228.02993315,10152228.02993333,10152228.02993333,0.0,0.0,1.0000000000000175,480849.30303445156,1202228.0299333297,16.63477025614746,,False
SP:84,VILA CURUCA,ANBH,2018,gross,9502678.404621577,9502678.40462156,9502678.40462156,0.0,1.6763806343078613e-08,0.9999999999999982,10000.0,922678.4046215597,9.7666199046394,,False
SP:84,VILA CURUCA,ANBH,2018,land,9432725.560156783,9432725.560156776,9432725.560156776,0.0,7.450580596923828e-09,0.9999999999999992,10000.0,1462725.560156776,9.772247974562225,,False
SP:85,VILA FORMOSA,ANBH,2018,gross,7507492.803549318,7507492.8035494285,7507492.8035494285,0.0,0.0,1.0000000000000147,10831.174778448136,957492.8035494285,14.242045958060553,,False
SP:85,VILA FORMOSA,ANBH,2018,land,7500458.113476075,7500458.113476165,7500458.113476165,0.0,0.0,1.000000000000012,10831.174778448136,1090458.113476165,14.244755601107945,,False
SP:86,VILA GUILHERME,ANBH,2018,gross,7233653.656879495,7233653.656879494,7233653.656879494,0.0,9.313225746154785e-10,0.9999999999999999,10000.0,683653.6568794933,12.508409985855302,,False
SP:86,VILA GUILHERME,ANBH,2018,land,7161492.26607788,7161492.266077937,7161492.266077937,0.0,0.0,1.000000000000008,10000.0,701492.2660779364,12.448238269046374,,False
SP:87,VILA JACUI,ANBH,2018,gross,8316879.549386069,8316879.549386174,8316879.549386174,0.0,0.0,1.0000000000000127,58346.79356570599,886879.5493861744,11.218464118509152,,False
SP:87,VILA JACUI,ANBH,2018,land,8239987.561430503,8239987.561430464,8239987.561430464,0.0,3.91155481338501e-08,0.9999999999999952,54343.08740849562,1759987.561430464,11.238323141132822,,False
SP:88,VILA LEOPOLDINA,ANBH,2018,gross,7023047.836778761,7023047.836778726,7023047.836778726,0.0,3.4458935260772705e-08,0.9999999999999951,87444.5303075293,693047.8367787263,14.777179992588081,,False
SP:88,VILA LEOPOLDINA,ANBH,2018,land,6763798.173629857,6763798.173629863,6763798.173629863,0.0,0.0,1.0000000000000009,56718.47409630334,793798.1736298639,14.918636552976698,,False
SP:89,VILA MARIA,ANBH,2018,gross,11897139.279261516,11897139.27926151,11897139.27926151,0.0,5.587935447692871e-09,0.9999999999999996,28066.13733122862,917139.2792615124,11.83651531070166,,False
SP:89,VILA MARIA,ANBH,2018,land,11720271.740144394,11720271.740144618,11720271.740144618,0.0,0.0,1.000000000000019,25578.91398312973,1430271.7401446167,11.79179935705971,,False
SP:90,VILA MARIANA,ANBH,2018,gross,8637189.82271333,8637189.82271335,8637189.82271335,0.0,0.0,1.0000000000000024,0.0,757189.8227133509,22.78876942559267,,False
SP:90,VILA MARIANA,ANBH,2018,land,8615775.429863093,8615775.429863073,8615775.429863073,0.0,2.0489096641540527e-08,0.9999999999999977,0.0,815775.429863073,22.815061622029777,,False
SP:91,VILA MATILDE,ANBH,2018,gross,8809360.629714485,8809360.629714534,8809360.629714534,0.0,0.0,1.0000000000000056,0.0,879360.6297145336,11.498123496197989,,False
SP:91,VILA MATILDE,ANBH,2018,land,8795349.548519954,8795349.548519986,8795349.548519986,0.0,0.0,1.0000000000000036,0.0,1285349.5485199853,11.495084121406276,,False
SP:92,VILA MEDEIROS,ANBH,2018,gross,7892074.716593311,7892074.716593297,7892074.716593297,0.0,1.3969838619232178e-08,0.9999999999999982,10045.297622387961,852074.7165932974,9.54670078349236,,False
SP:92,VILA MEDEIROS,ANBH,2018,land,7857884.971694579,7857884.971694658,7857884.971694658,0.0,0.0,1.00000000000001,10045.297622387961,1197884.9716946569,9.550674700392946,,False
SP:93,VILA PRUDENTE,ANBH,2018,gross,9569101.750148384,9569101.750148423,9569101.750148423,0.0,0.0,1.000000000000004,50000.0,1079101.7501484219,12.79489864877149,,False
SP:93,VILA PRUDENTE,ANBH,2018,land,9480286.949908873,9480286.949908867,9480286.949908867,0.0,5.587935447692871e-09,0.9999999999999994,50000.0,1340286.9499088675,12.774645072944367,,False
SP:94,VILA SONIA,ANBH,2018,gross,10037124.453072948,10037124.453072878,10037124.453072878,0.0,7.078051567077637e-08,0.9999999999999929,100000.0,977124.4530728775,15.511860514111115,,False
SP:94,VILA SONIA,ANBH,2018,land,10018761.783948967,10018761.783948883,10018761.783948883,0.0,8.381903171539307e-08,0.9999999999999917,100000.0,1818761.7839488825,15.512512770402578,,False
SP:95,SAO DOMINGOS,ANBH,2018,gross,9737931.60758742,9737931.607587526,9737931.607587526,0.0,0.0,1.0000000000000109,193654.84448575677,1067931.6075875266,13.439999929208852,,False
SP:95,SAO DOMINGOS,ANBH,2018,land,9654410.868748983,9654410.868749097,9654410.868749097,0.0,0.0,1.0000000000000118,165869.89573938109,1554410.868749097,13.470226988486901,,False
SP:96,LAJEADO,ANBH,2018,gross,8874799.145481313,8874799.145481337,8874799.145481337,0.0,0.0,1.0000000000000027,10000.0,1114799.1454813357,11.338906677448893,,False
SP:96,LAJEADO,ANBH,2018,land,8813647.500605041,8813647.500605058,8813647.500605058,0.0,0.0,1.000000000000002,8967.915568415665,2213647.500605059,11.341228405215315,,False
SP:01,AGUA RASA,VOLUME,2020,gross,7210090.090007394,7210090.090007346,7210090.090007346,0.0,4.7497451305389404e-08,0.9999999999999934,0.0,710090.0900073461,6.043935239734883,43577317.57665894,False
SP:01,AGUA RASA,VOLUME,2020,land,7202642.31843728,7202642.318437214,7202642.318437214,0.0,6.612390279769897e-08,0.9999999999999908,0.0,722642.3184372135,6.044193839686199,43534166.33056173,False
SP:02,ALTO DE PINHEIROS,VOLUME,2020,gross,7495651.932731646,7495651.932731559,7495651.932731559,0.0,8.754432201385498e-08,0.9999999999999883,235993.8249961842,705651.9327315588,5.079627698694963,38075121.1772801,False
SP:02,ALTO DE PINHEIROS,VOLUME,2020,land,7340548.5648843525,7340548.564884294,7340548.564884294,0.0,5.8673322200775146e-08,0.999999999999992,177667.3045024253,740548.5648842944,5.182367752684487,38041422.16967106,False
SP:03,ANHANGUERA,VOLUME,2020,gross,33398202.068625133,33398202.06862519,33398202.06862519,0.0,0.0,1.0000000000000018,19550448.56738963,1898202.068625189,0.8354221885389426,27901599.065436646,False
SP:03,ANHANGUERA,VOLUME,2020,land,33216260.59235342,33216260.592353363,33216260.592353363,0.0,5.587935447692871e-08,0.9999999999999983,19428580.318299405,3036260.5923533626,0.8388608124236183,27863819.346176207,False
SP:04,ARICANDUVA,VOLUME,2020,gross,6991680.634490524,6991680.6344905365,6991680.6344905365,0.0,0.0,1.0000000000000018,0.0,721680.6344905362,4.82596229857879,33741587.1457547,False
SP:04,ARICANDUVA,VOLUME,2020,land,6930973.027456012,6930973.027456063,6930973.027456063,0.0,0.0,1.0000000000000073,0.0,1340973.0274560624,4.841266061485069,33554684.49089121,False
SP:05,ARTUR ALVIM,VOLUME,2020,gross,6535615.284382359,6535615.284382251,6535615.284382251,0.0,1.0803341865539551e-07,0.9999999999999835,10000.0,785615.2843822513,4.960019024397419,32416776.14667905,False
SP:05,ARTUR ALVIM,VOLUME,2020,land,6523847.360305524,6523847.360305425,6523847.360305425,0.0,9.96515154838562e-08,0.9999999999999847,10000.0,1083847.360305424,4.962226967748752,32372811.304784577,False
SP:06,BARRA FUNDA,VOLUME,2020,gross,5880459.803275475,5880459.803275423,5880459.803275423,0.0,5.21540641784668e-08,0.9999999999999911,0.0,730459.8032754231,5.8253050140451,34255471.97691129,False
SP:06,BARRA FUNDA,VOLUME,2020,land,5733067.635738968,5733067.63573902,5733067.63573902,0.0,0.0,1.000000000000009,0.0,993067.6357390201,5.956937232562046,34151524.05612992,False
SP:07,BELA VISTA,VOLUME,2020,gross,2730491.837821929,2730491.8378219283,2730491.8378219283,0.0,4.656612873077393e-10,0.9999999999999998,0.0,450491.8378219283,12.743058167259633,34794816.314592496,False
SP:07,BELA VISTA,VOLUME,2020,land,2730491.83782192,2730491.8378219283,2730491.8378219283,0.0,0.0,1.000000000000003,0.0,450491.8378219283,12.743058167259674,34794816.314592496,False
SP:08,BELEM,VOLUME,2020,gross,6074537.920844579,6074537.920844546,6074537.920844546,0.0,3.3527612686157227e-08,0.9999999999999944,10000.0,764537.9208445447,5.187138018597306,31509466.59462395,False
SP:08,BELEM,VOLUME,2020,land,6008094.3515770575,6008094.351576995,6008094.351576995,0.0,6.239861249923706e-08,0.9999999999999896,10000.0,778094.3515769952,5.239959311246571,31482169.940394133,False
SP:09,BOM RETIRO,VOLUME,2020,gross,4225216.28245804,4225216.282457967,4225216.282457967,0.0,7.264316082000732e-08,0.9999999999999828,4458.974861743454,535216.2824579672,5.419677934068691,22899311.452705584,False
SP:09,BOM RETIRO,VOLUME,2020,land,4053223.1902002883,4053223.1902002287,4053223.1902002287,0.0,5.960464477539063e-08,0.9999999999999853,407.40919964077125,933223.1902002293,5.569797699152393,22575633.198928688,False
SP:10,BRAS,VOLUME,2020,gross,3646392.4558993927,3646392.4558993937,3646392.4558993937,0.0,0.0,1.0000000000000002,0.0,556392.4558993939,6.489703954530094,23664007.54081899,False
SP:10,BRAS,VOLUME,2020,land,3646392.4558993992,3646392.4558993937,3646392.4558993937,0.0,5.587935447692871e-09,0.9999999999999984,0.0,556392.4558993939,6.489703954530082,23664007.54081899,False
SP:11,BRASILANDIA,VOLUME,2020,gross,21153787.651120655,21153787.65112067,21153787.65112067,0.0,0.0,1.0000000000000007,8662650.386509962,1603787.6511206669,3.765103921440524,79646208.83855452,False
SP:11,BRASILANDIA,VOLUME,2020,land,21108249.269356485,21108249.26935649,21108249.26935649,0.0,0.0,1.0000000000000002,8654995.327375103,2708249.2693564906,3.7647307143773716,79466874.35108007,False
SP:12,BUTANTA,VOLUME,2020,gross,13005330.636434147,13005330.63643426,13005330.63643426,0.0,0.0,1.0000000000000087,664006.1750038157,1275330.636434262,3.8492412197619137,50060654.76239476,False
SP:12,BUTANTA,VOLUME,2020,land,12577958.18820142,12577958.188201435,12577958.188201435,0.0,0.0,1.000000000000001,454142.1955294964,1847958.1882014368,3.9732569444195547,49975459.71789009,False
SP:13,CACHOEIRINHA,VOLUME,2020,gross,13634238.689895239,13634238.689895213,13634238.689895213,0.0,2.60770320892334e-08,0.9999999999999981,4996514.461657362,1394238.6898952127,3.5027426845426435,47757229.83033882,False
SP:13,CACHOEIRINHA,VOLUME,2020,land,13600953.057997176,13600953.057997176,13600953.057997176,0.0,0.0,1.0,4996241.153986847,2080953.0579971771,3.4998112046818406,47600767.906730264,False
SP:14,CAMBUCI,VOLUME,2020,gross,3942676.92360846,3942676.923608453,3942676.923608453,0.0,6.984919309616089e-09,0.9999999999999982,0.0,502676.9236084532,6.596892524218551,26009415.922761645,False
SP:14,CAMBUCI,VOLUME,2020,land,3931185.3144774362,3931185.3144773673,3931185.3144773673,0.0,6.891787052154541e-08,0.9999999999999825,0.0,791185.3144773678,6.599697408054685,25944633.53053938,False
SP:15,CAMPO BELO,VOLUME,2020,gross,8812574.24335658,8812574.2433565,8812574.2433565,0.0,8.009374141693115e-08,0.9999999999999909,80000.0,922574.2433565017,6.281585279314452,55356936.63993439,False
SP:15,CAMPO BELO,VOLUME,2020,land,8798335.63212583,8798335.6321258,8798335.6321258,0.0,2.9802322387695312e-08,0.9999999999999966,80000.0,1208335.632125801,6.2815354832151575,55267057.466434665,False
SP:16,CAMPO GRANDE,VOLUME,2020,gross,12995739.387099622,12995739.387099594,12995739.387099594,0.0,2.7939677238464355e-08,0.9999999999999979,448341.2995746258,1025739.3870995953,4.621608631537555,60061221.32463219,False
SP:16,CAMPO GRANDE,VOLUME,2020,land,12778335.263396919,12778335.26339686,12778335.26339686,0.0,5.960464477539063e-08,0.9999999999999953,410300.25172807183,1678335.2633968606,4.684561242158265,59860894.11421344,False
SP:17,CAMPO LIMPO,VOLUME,2020,gross,12652413.07128241,12652413.071282422,12652413.071282422,0.0,0.0,1.000000000000001,29965.18647657414,1102413.0712824217,6.446385164371946,81562327.9162206,False
SP:17,CAMPO LIMPO,VOLUME,2020,land,12580887.315293074,12580887.315292966,12580887.315292966,0.0,1.0803341865539551e-07,0.9999999999999915,29829.547645851057,1990887.3152929635,6.458270844160314,81250777.74202359,False
SP:18,CANGAIBA,VOLUME,2020,gross,13788991.709947966,13788991.709948016,13788991.709948016,0.0,0.0,1.0000000000000036,2985832.34525748,1088991.709948017,3.410041444516194,47021033.20901279,False
SP:18,CANGAIBA,VOLUME,2020,land,12757403.571226275,12757403.57122621,12757403.57122621,0.0,6.51925802230835e-08,0.9999999999999949,2162108.3485000376,2977403.5712262103,3.6768413707315446,46906949.233803116,False
SP:19,CAPAO REDONDO,VOLUME,2020,gross,13835121.334747156,13835121.334747043,13835121.334747043,0.0,1.1362135410308838e-07,0.9999999999999918,10000.0,1315121.3347470416,6.459274416551657,89364845.28742032,False
SP:19,CAPAO REDONDO,VOLUME,2020,land,13785444.586563215,13785444.586563133,13785444.586563133,0.0,8.195638656616211e-08,0.999999999999994,10000.0,2245444.5865631327,6.464837374620521,89120657.38897401,False
SP:20,CARRAO,VOLUME,2020,gross,7938984.853779087,7938984.853779038,7938984.853779038,0.0,4.842877388000488e-08,0.9999999999999939,309168.8252215519,858984.8537790388,4.781111357178624,37957170.648872264,False
SP:20,CARRAO,VOLUME,2020,land,7882619.272002402,7882619.272002361,7882619.272002361,0.0,4.0978193283081055e-08,0.9999999999999948,309168.8252215519,1192619.2720023608,4.797393079999978,37816023.14777879,False
SP:21,CASA VERDE,VOLUME,2020,gross,7236806.8037516475,7236806.803751681,7236806.803751681,0.0,0.0,1.0000000000000047,0.0,786806.8037516815,6.053826817746,43810375.103398435,False
SP:21,CASA VERDE,VOLUME,2020,land,7149228.094590955,7149228.094591072,7149228.094591072,0.0,0.0,1.0000000000000162,0.0,999228.0945910724,6.102550932212813,43628528.573248066,False
SP:22,CIDADE ADEMAR,VOLUME,2020,gross,12363876.720135588,12363876.720135612,12363876.720135612,0.0,0.0,1.000000000000002,0.0,1253876.720135612,6.553583761009021,81027701.69619806,False
SP:22,CIDADE ADEMAR,VOLUME,2020,land,12342012.182813844,12342012.182813834,12342012.182813834,0.0,9.313225746154785e-09,0.9999999999999992,0.0,1972012.1828138337,6.555195910254496,80904307.78509247,False
SP:23,CIDADE DUTRA,VOLUME,2020,gross,28093369.521856222,28093369.52185662,28093369.52185662,0.0,0.0,1.0000000000000142,8278579.930872254,1803369.52185662,2.5577657247167265,71856257.65480538,False
SP:23,CIDADE DUTRA,VOLUME,2020,land,27875020.384110257,27875020.384110685,27875020.384110685,0.0,0.0,1.0000000000000153,8189406.272687582,2995020.3841106826,2.575589662241251,71794614.33607852,False
SP:24,CIDADE LIDER,VOLUME,2020,gross,10403560.521574048,10403560.52157405,10403560.52157405,0.0,0.0,1.0000000000000002,209550.62663097613,1033560.5215740497,4.764461750269304,49567366.171651326,False
SP:24,CIDADE LIDER,VOLUME,2020,land,10384090.49776289,10384090.49776289,10384090.49776289,0.0,0.0,1.0,209550.62663097613,1554090.4977628905,4.7660595743224405,49491193.9374935,False
SP:25,CIDADE TIRADENTES,VOLUME,2020,gross,15007510.696948327,15007510.696948323,15007510.696948323,0.0,3.725290298461914e-09,0.9999999999999998,1827788.6939351005,1307510.6969483225,3.3249422328382616,49899106.126055464,False
SP:25,CIDADE TIRADENTES,VOLUME,2020,land,14950441.481639192,14950441.48163921,14950441.48163921,0.0,0.0,1.0000000000000013,1827319.3088676184,2460441.481639211,3.3266118383962717,49734315.62207163,False
SP:26,CONSOLACAO,VOLUME,2020,gross,3832905.606432626,3832905.6064326474,3832905.6064326474,0.0,0.0,1.0000000000000056,0.0,542905.6064326478,9.989940676421412,38290499.62658497,False
SP:26,CONSOLACAO,VOLUME,2020,land,3832905.606432621,3832905.6064326474,3832905.6064326474,0.0,0.0,1.0000000000000069,0.0,542905.6064326478,9.989940676421424,38290499.62658497,False
SP:27,CURSINO,VOLUME,2020,gross,11998537.775913121,11998537.775913138,11998537.775913138,0.0,0.0,1.0000000000000013,2847703.0542977853,1388537.7759131356,3.820871645511314,45844872.77558283,False
SP:27,CURSINO,VOLUME,2020,land,11812195.739681423,11812195.739681449,11812195.739681449,0.0,0.0,1.0000000000000022,2728059.889341693,1882195.7396814502,3.878244515727451,45810583.34611864,False
SP:28,ERMELINO MATARAZZO,VOLUME,2020,gross,9412804.354768546,9412804.354768477,9412804.354768477,0.0,6.891787052154541e-08,0.9999999999999927,1115106.7213946716,852804.3547684781,4.345046965810944,40899077.001459114,False
SP:28,ERMELINO MATARAZZO,VOLUME,2020,land,9265324.324062243,9265324.32406218,9265324.32406218,0.0,6.332993507385254e-08,0.9999999999999931,1010505.7086335731,2035324.3240621802,4.405650307520661,40819778.95758348,False
SP:29,FREGUESIA DO O,VOLUME,2020,gross,10973662.734429475,10973662.734429527,10973662.734429527,0.0,0.0,1.0000000000000047,382920.85362204234,1243662.7344295282,5.592477586750979,61369962.8868613,False
SP:29,FREGUESIA DO O,VOLUME,2020,land,10915280.135222336,10915280.13522233,10915280.13522233,0.0,5.587935447692871e-09,0.9999999999999994,378923.9559576273,1235280.1352223307,5.620255491680725,61346663.12321686,False
SP:30,GRAJAU,VOLUME,2020,gross,93335201.25123143,93335201.25123197,93335201.25123197,0.0,0.0,1.0000000000000058,51404988.04034224,2765201.2512319656,1.227419554331586,114561451.12323537,False
SP:30,GRAJAU,VOLUME,2020,land,92844807.18270192,92844807.18270221,92844807.18270221,0.0,0.0,1.000000000000003,51171997.909281254,7304807.182702202,1.2330221813054003,114479706.67529441,False
SP:31,GUAIANASES,VOLUME,2020,gross,8982108.417645346,8982108.417645343,8982108.417645343,0.0,3.725290298461914e-09,0.9999999999999996,767074.5538933558,922108.4176453426,4.138872818831671,37175804.38559148,False
SP:31,GUAIANASES,VOLUME,2020,land,8909094.400853382,8909094.400853388,8909094.400853388,0.0,0.0,1.0000000000000007,758689.8295414445,1609094.4008533882,4.161306457967847,37073472.06491637,False
SP:32,MOEMA,VOLUME,2020,gross,9121109.050243927,9121109.050243884,9121109.050243884,0.0,4.284083843231201e-08,0.9999999999999953,290000.0,811109.0502438841,7.462467884462148,68065983.35812235,False
SP:32,MOEMA,VOLUME,2020,land,8971262.658474224,8971262.658474173,8971262.658474173,0.0,5.029141902923584e-08,0.9999999999999944,228622.86779594858,1131262.6584741739,7.586046634987581,68056416.90190813,False
SP:33,IGUATEMI,VOLUME,2020,gross,19523608.090950325,19523608.090950314,19523608.090950314,0.0,1.1175870895385742e-08,0.9999999999999994,4335408.894937851,1413608.0909503128,2.5370996249223015,49533338.76468008,False
SP:33,IGUATEMI,VOLUME,2020,land,19440497.06530591,19440497.06530599,19440497.06530599,0.0,0.0,1.000000000000004,4325474.690811561,2910497.065305992,2.542159465026432,49420843.619385995,False
SP:34,IPIRANGA,VOLUME,2020,gross,11055040.350922698,11055040.35092258,11055040.35092258,0.0,1.1734664440155029e-07,0.9999999999999893,60000.0,1115040.3509225813,5.631408179197018,62255444.65353915,False
SP:34,IPIRANGA,VOLUME,2020,land,10941499.086862862,10941499.086862806,10941499.086862806,0.0,5.587935447692871e-08,0.9999999999999949,60000.0,1961499.086862807,5.649636050921992,61815487.69227048,False
SP:35,ITAIM BIBI,VOLUME,2020,gross,10072245.248734774,10072245.248734882,10072245.248734882,0.0,0.0,1.0000000000000107,16893.54560803622,752245.2487348821,9.509281009773968,95779810.46957967,False
SP:35,ITAIM BIBI,VOLUME,2020,land,9912060.528941087,9912060.528941145,9912060.528941145,0.0,0.0,1.0000000000000058,2781.750393262248,1082060.5289411466,9.641088829454237,95563056.04244816,False
SP:36,ITAIM PAULISTA,VOLUME,2020,gross,12200661.061182331,12200661.061182372,12200661.061182372,0.0,0.0,1.0000000000000033,0.0,1000661.0611823713,4.782738415546846,58352570.352383286,False
SP:36,ITAIM PAULISTA,VOLUME,2020,land,12148802.139456198,12148802.139456188,12148802.139456188,0.0,9.313225746154785e-09,0.9999999999999992,0.0,2018802.1394561888,4.785286397027382,58135497.61811689,False
SP:37,ITAQUERA,VOLUME,2020,gross,14794942.978510996,14794942.978511065,14794942.978511065,0.0,0.0,1.0000000000000047,40446.5835178019,1064942.9785110652,5.162608993435063,76380505.67821981,False
SP:37,ITAQUERA,VOLUME,2020,land,14715015.091326127,14715015.091326155,14715015.091326155,0.0,0.0,1.000000000000002,40446.5835178019,2945015.0913261543,5.16776736689273,76043774.7922892,False
SP:38,JABAQUARA,VOLUME,2020,gross,14073852.592212275,14073852.5922123,14073852.5922123,0.0,0.0,1.0000000000000018,66800.66173722131,1173852.5922123007,6.156728205142101,86648885.20948558,False
SP:38,JABAQUARA,VOLUME,2020,land,14054636.894407796,14054636.894407794,14054636.894407794,0.0,1.862645149230957e-09,0.9999999999999999,66800.66173722131,1904636.894407796,6.15666105441675,86529635.60176925,False
SP:39,JACANA,VOLUME,2020,gross,7499579.066686319,7499579.066686361,7499579.066686361,0.0,0.0,1.0000000000000056,120000.01703756204,1229579.066686361,4.28076809454699,32103958.79120329,False
SP:39,JACANA,VOLUME,2020,land,7417489.5823920425,7417489.582392038,7417489.582392038,0.0,4.6566128730773926e-09,0.9999999999999993,120000.01703675214,1477489.5823920374,4.287980931486916,31806053.888799928,False
SP:40,JAGUARA,VOLUME,2020,gross,4595867.812514296,4595867.812514251,4595867.812514251,0.0,4.470348358154297e-08,0.9999999999999902,30071.23045275279,695867.8125142511,4.5362932166623,20848203.982585203,False
SP:40,JAGUARA,VOLUME,2020,land,4500536.822513949,4500536.8225139035,4500536.8225139035,0.0,4.563480615615845e-08,0.9999999999999899,26416.63465959607,950536.8225139033,4.610727702819717,20750749.80512529,False
SP:41,JAGUARE,VOLUME,2020,gross,6629186.636248793,6629186.63624888,6629186.63624888,0.0,0.0,1.000000000000013,71788.99963624596,749186.6362488798,5.185797004647723,34377616.20150971,False
SP:41,JAGUARE,VOLUME,2020,land,6450855.1496504145,6450855.149650384,6450855.149650384,0.0,3.073364496231079e-08,0.9999999999999952,40822.216073103984,850855.1496503837,5.313304823913228,34275359.785003036,False
SP:42,JARAGUA,VOLUME,2020,gross,28240981.813812576,28240981.813812494,28240981.813812494,0.0,8.195638656616211e-08,0.9999999999999971,9371886.335374637,1910981.8138124943,2.727213634774709,77019190.66205426,False
SP:42,JARAGUA,VOLUME,2020,land,28139113.70238204,28139113.702381916,28139113.702381916,0.0,1.2293457984924316e-07,0.9999999999999957,9332802.556847133,3829113.7023819154,2.732378369144815,76886705.60729516,False
SP:43,JARDIM ANGELA,VOLUME,2020,gross,36529695.465876356,36529695.46587621,36529695.46587621,0.0,1.4901161193847656e-07,0.9999999999999959,12872593.262553822,2229695.4658761993,3.022371431423671,110406307.97467151,False
SP:43,JARDIM ANGELA,VOLUME,2020,land,36442070.60228643,36442070.60228631,36442070.60228631,0.0,1.1920928955078125e-07,0.9999999999999968,12845136.676146982,3852070.6022863104,3.0254716007528835,110254449.67984912,False
SP:44,JARDIM HELENA,VOLUME,2020,gross,9296193.343635486,9296193.343635393,9296193.343635393,0.0,9.313225746154785e-08,0.99999999999999,834132.104551702,1336193.3436353935,2.865216121101924,26635603.03306479,False
SP:44,JARDIM HELENA,VOLUME,2020,land,8961699.266089093,8961699.266089033,8961699.266089033,0.0,5.960464477539063e-08,0.9999999999999933,670898.4423428826,1981699.2660890343,2.9544452030931296,26476849.40826014,False
SP:45,JARDIM PAULISTA,VOLUME,2020,gross,6214983.268212643,6214983.268212646,6214983.268212646,0.0,0.0,1.0000000000000004,0.0,724983.2682126465,10.86803849340811,67544677.39482234,False
SP:45,JARDIM PAULISTA,VOLUME,2020,land,6214983.268212643,6214983.268212646,6214983.268212646,0.0,0.0,1.0000000000000004,0.0,724983.2682126465,10.86803849340811,67544677.39482234,False
SP:46,JARDIM SAO LUIS,VOLUME,2020,gross,26166508.374096856,26166508.374096587,26166508.374096587,0.0,2.682209014892578e-07,0.9999999999999898,7524485.959848251,1676508.3740965887,3.437867493201211,89956988.54988486,False
SP:46,JARDIM SAO LUIS,VOLUME,2020,land,25986869.53731348,25986869.537313156,25986869.537313156,0.0,3.241002559661865e-07,0.9999999999999876,7507797.678785308,2476869.5373131563,3.453982386704521,89758189.66746902,False
SP:47,JOSE BONIFACIO,VOLUME,2020,gross,14636563.727443988,14636563.727443993,14636563.727443993,0.0,0.0,1.0000000000000004,1248864.1807599983,1266563.7274439926,2.670551211070827,39087692.98824088,False
SP:47,JOSE BONIFACIO,VOLUME,2020,land,14591760.41932816,14591760.41932815,14591760.41932815,0.0,1.1175870895385742e-08,0.9999999999999992,1245761.3305077453,1891760.4193281485,2.674033719904531,39018859.39405178,False
SP:48,LAPA,VOLUME,2020,gross,10329965.547931269,10329965.54793125,10329965.54793125,0.0,1.862645149230957e-08,0.9999999999999982,3264.8137918517295,829965.5479312512,6.303661722741034,65116608.421727955,False
SP:48,LAPA,VOLUME,2020,land,10213860.050296694,10213860.050296726,10213860.050296726,0.0,0.0,1.000000000000003,40.588947887258534,853860.0502967254,6.371158155407115,65074117.75763471,False
SP:49,LIBERDADE,VOLUME,2020,gross,3667873.4498650488,3667873.4498650497,3667873.4498650497,0.0,0.0,1.0000000000000002,40000.0,497873.44986505,8.916406878826203,32704252.059040718,False
SP:49,LIBERDADE,VOLUME,2020,land,3636746.4650497674,3636746.465049765,3636746.465049765,0.0,2.3283064365386963e-09,0.9999999999999993,15716.050535321345,576746.4650497648,8.991028709503382,32698091.876447394,False
SP:50,LIMAO,VOLUME,2020,gross,6486604.392972407,6486604.392972417,6486604.392972417,0.0,0.0,1.0000000000000016,0.0,676604.3929724168,5.762222142915362,37377255.46551766,False
SP:50,LIMAO,VOLUME,2020,land,6417127.223019452,6417127.223019412,6417127.223019412,0.0,4.0046870708465576e-08,0.9999999999999938,0.0,1007127.2230194116,5.812748301519336,37301145.36623981,False
SP:51,MANDAQUI,VOLUME,2020,gross,13310462.230308546,13310462.230308529,13310462.230308529,0.0,1.6763806343078613e-08,0.9999999999999988,4848747.068765118,1510462.2303085285,3.1202442228434535,41531892.87749623,False
SP:51,MANDAQUI,VOLUME,2020,land,13281582.84931174,13281582.849311704,13281582.849311704,0.0,3.5390257835388184e-08,0.9999999999999973,4848034.474938305,1921582.8493117038,3.125573537894419,41512563.89516113,False
SP:52,MARSILAC,VOLUME,2020,gross,209106171.8348724,209106171.83487192,209106171.83487192,0.0,4.76837158203125e-07,0.9999999999999977,184771963.17545587,5236171.834871924,0.009925277983317259,2075436.8834884143,False
SP:52,MARSILAC,VOLUME,2020,land,207822069.5798515,207822069.57985136,207822069.57985136,0.0,1.4901161193847656e-07,0.9999999999999993,183737935.79844075,18932069.57985138,0.00993413383793467,2064532.2536828166,False
SP:53,MOOCA,VOLUME,2020,gross,7985431.589482828,7985431.589482818,7985431.589482818,0.0,1.0244548320770264e-08,0.9999999999999987,10000.0,855431.5894828171,7.04158149789973,56230067.33324631,False
SP:53,MOOCA,VOLUME,2020,land,7985431.589482827,7985431.589482818,7985431.589482818,0.0,9.313225746154785e-09,0.9999999999999988,10000.0,855431.5894828171,7.041581497899731,56230067.33324631,False
SP:54,MORUMBI,VOLUME,2020,gross,11541958.285771202,11541958.285771277,11541958.285771277,0.0,0.0,1.0000000000000064,269135.6015082168,981958.2857712773,4.935661912170203,56967203.90293821,False
SP:54,MORUMBI,VOLUME,2020,land,11289717.377639543,11289717.377639625,11289717.377639625,0.0,0.0,1.0000000000000073,205048.87553574206,1139717.3776396269,5.032840499471688,56819346.84577359,False
SP:55,PARELHEIROS,VOLUME,2020,gross,153181551.16103438,153181551.1610342,153181551.1610342,0.0,1.7881393432617188e-07,0.9999999999999988,101001324.15577409,4881551.16103419,0.36301798980319416,55607658.777413845,False
SP:55,PARELHEIROS,VOLUME,2020,land,152058361.32065517,152058361.3206532,152058361.3206532,0.0,1.9669532775878906e-06,0.999999999999987,100359313.70561934,16008361.320653204,0.36491184642165825,55487897.39337194,False
SP:56,PARI,VOLUME,2020,gross,2742478.672860702,2742478.672860764,2742478.672860764,0.0,0.0,1.0000000000000226,0.0,392478.67286076443,5.128002415937038,14063437.260085482,False
SP:56,PARI,VOLUME,2020,land,2693310.9529308714,2693310.952930883,2693310.952930883,0.0,0.0,1.0000000000000042,0.0,383310.95293088345,5.213074741499179,14040431.299727011,False
SP:57,PARQUE DO CARMO,VOLUME,2020,gross,15546951.800633978,15546951.800633945,15546951.800633945,0.0,3.3527612686157227e-08,0.9999999999999979,5968547.692344645,1026951.800633945,1.9491161927945213,30302815.50321163,False
SP:57,PARQUE DO CARMO,VOLUME,2020,land,15440882.197638163,15440882.197638094,15440882.197638094,0.0,6.891787052154541e-08,0.9999999999999956,5907607.928523324,1850882.1976380944,1.9591336254988916,30250751.52076015,False
SP:58,PEDREIRA,VOLUME,2020,gross,18586978.34951582,18586978.349515595,18586978.349515595,0.0,2.2724270820617676e-07,0.9999999999999878,5783060.043035163,1296978.3495155931,2.668496003040935,49599277.43429136,False
SP:58,PEDREIRA,VOLUME,2020,land,18464960.16576074,18464960.16576057,18464960.16576057,0.0,1.7136335372924805e-07,0.9999999999999907,5767443.885757418,2164960.1657605725,2.6804356955642445,49494138.34547696,False
SP:59,PENHA,VOLUME,2020,gross,11480999.539441042,11480999.539441034,11480999.539441034,0.0,7.450580596923828e-09,0.9999999999999993,11757.616391986909,1190999.539441032,5.165277772243867,59302551.724216886,False
SP:59,PENHA,VOLUME,2020,land,11369624.191473784,11369624.191473851,11369624.191473851,0.0,0.0,1.000000000000006,3673.1997429109533,1619624.191473852,5.199716471613459,59118822.184461094,False
SP:60,PERDIZES,VOLUME,2020,gross,6366810.855644385,6366810.855644402,6366810.855644402,0.0,0.0,1.0000000000000027,0.0,666810.8556444021,9.97219606017788,63491086.1305547,False
SP:60,PERDIZES,VOLUME,2020,land,6366810.855644382,6366810.855644402,6366810.855644402,0.0,0.0,1.000000000000003,0.0,666810.8556444021,9.972196060177886,63491086.1305547,False
SP:61,PERUS,VOLUME,2020,gross,23753433.145965386,23753433.145965386,23753433.145965386,0.0,0.0,1.0,12709112.409994893,1693433.1459653862,1.3139456057491572,31210719.103597596,False
SP:61,PERUS,VOLUME,2020,land,23432170.318409253,23432170.318409286,23432170.318409286,0.0,0.0,1.0000000000000013,12467451.76904812,3132170.3184092855,1.327296052996193,31101427.17675915,False
SP:62,PINHEIROS,VOLUME,2020,gross,8357328.771686314,8357328.771686097,8357328.771686097,0.0,2.169981598854065e-07,0.999999999999974,53970.852883746986,847328.7716860969,8.30535899031887,69410615.64897549,False
SP:62,PINHEIROS,VOLUME,2020,land,8245843.848706386,8245843.848706389,8245843.848706389,0.0,0.0,1.0000000000000004,18150.078943111967,875843.8487063888,8.411530255708948,69360165.01724528,False
SP:63,PIRITUBA,VOLUME,2020,gross,17295372.86099222,17295372.86099217,17295372.86099217,0.0,4.842877388000488e-08,0.9999999999999972,2467963.760926679,1425372.8609921718,4.218341489706261,72957788.91946316,False
SP:63,PIRITUBA,VOLUME,2020,land,17193582.21953182,17193582.219531853,17193582.219531853,0.0,0.0,1.000000000000002,2439652.9498236603,1993582.2195318541,4.2379879747541755,72866194.68932305,False
SP:64,PONTE RASA,VOLUME,2020,gross,6626990.910405044,6626990.910405023,6626990.910405023,0.0,2.1420419216156006e-08,0.9999999999999968,0.0,736990.9104050235,4.859584434408802,32204421.875172973,False
SP:64,PONTE RASA,VOLUME,2020,land,6600176.285240726,6600176.2852406725,6600176.2852406725,0.0,5.3085386753082275e-08,0.999999999999992,0.0,1090176.2852406723,4.860873180010559,32082619.888268366,False
SP:65,RAPOSO TAVARES,VOLUME,2020,gross,12277491.787381217,12277491.787381157,12277491.787381157,0.0,5.960464477539063e-08,0.9999999999999951,1255238.9042289562,1087491.7873811554,3.444686190434059,42292106.41315965,False
SP:65,RAPOSO TAVARES,VOLUME,2020,land,12246195.662144624,12246195.662144516,12246195.662144516,0.0,1.0803341865539551e-07,0.9999999999999912,1252839.340682619,2146195.662144517,3.447199572135834,42215080.44683666,False
SP:66,REPUBLICA,VOLUME,2020,gross,2408028.3322793515,2408028.332279346,2408028.332279346,0.0,5.587935447692871e-09,0.9999999999999977,0.0,388028.33227934584,11.968632906179502,28820807.136731196,False
SP:66,REPUBLICA,VOLUME,2020,land,2406712.7914405596,2406712.7914405516,2406712.7914405516,0.0,7.916241884231567e-09,0.9999999999999967,0.0,406712.7914405515,11.973945771861867,28817848.45315556,False
SP:67,RIO PEQUENO,VOLUME,2020,gross,9701286.946237521,9701286.946237478,9701286.946237478,0.0,4.284083843231201e-08,0.9999999999999956,47068.28340497984,961286.9462374779,5.502700742701143,53383278.88421811,False
SP:67,RIO PEQUENO,VOLUME,2020,land,9659356.762808478,9659356.762808414,9659356.762808414,0.0,6.332993507385254e-08,0.9999999999999934,46905.87472597472,2129356.762808414,5.512636243994012,53248520.184326686,False
SP:68,SACOMA,VOLUME,2020,gross,14615368.542821323,14615368.542821184,14615368.542821184,0.0,1.3969838619232178e-07,0.9999999999999905,20000.0,1115368.5428211838,5.430162372018774,79363824.31441522,False
SP:68,SACOMA,VOLUME,2020,land,14557061.773435684,14557061.773435604,14557061.773435604,0.0,8.009374141693115e-08,0.9999999999999944,20000.0,1857061.7734356052,5.440280535308782,79194499.81730969,False
SP:69,SANTA CECILIA,VOLUME,2020,gross,3776791.923775821,3776791.923775806,3776791.923775806,0.0,1.4901161193847656e-08,0.999999999999996,0.0,546791.9237758061,9.853365684941995,37214111.94089874,False
SP:69,SANTA CECILIA,VOLUME,2020,land,3776791.923775819,3776791.923775806,3776791.923775806,0.0,1.30385160446167e-08,0.9999999999999966,0.0,546791.9237758061,9.853365684942,37214111.94089874,False
SP:70,SANTANA,VOLUME,2020,gross,13151931.310068881,13151931.310068883,13151931.310068883,0.0,0.0,1.0000000000000002,485541.0251373091,1081931.3100688842,5.759155654747601,75744019.57523522,False
SP:70,SANTANA,VOLUME,2020,land,13007182.43400741,13007182.434007317,13007182.434007317,0.0,9.313225746154785e-08,0.9999999999999929,467965.5361090455,1727182.4340073173,5.814153567974983,75625756.1579857,False
SP:71,SANTO AMARO,VOLUME,2020,gross,16109558.55690841,16109558.556908414,16109558.556908414,0.0,0.0,1.0000000000000002,118580.33243299728,1129558.5569084138,5.387271968153809,86786573.232965,False
SP:71,SANTO AMARO,VOLUME,2020,land,15831612.979054041,15831612.979054075,15831612.979054075,0.0,0.0,1.0000000000000022,65479.010900320194,1181612.9790540738,5.475335469479324,86683392.08328383,False
SP:72,SAO LUCAS,VOLUME,2020,gross,9718747.631277954,9718747.631278055,9718747.631278055,0.0,0.0,1.0000000000000104,10000.0,918747.6312780544,5.501530082829213,53467982.46090081,False
SP:72,SAO LUCAS,VOLUME,2020,land,9694271.136557119,9694271.136557203,9694271.136557203,0.0,0.0,1.0000000000000087,10000.0,1224271.1365572035,5.506332262917331,53379877.92469273,False
SP:73,SAO MATEUS,VOLUME,2020,gross,12858847.209241943,12858847.209241942,12858847.209241942,0.0,1.862645149230957e-09,0.9999999999999999,71307.42671302253,1278847.2092419413,4.513917414105031,58043774.34311309,False
SP:73,SAO MATEUS,VOLUME,2020,land,12755546.280795127,12755546.280795,12755546.280795,0.0,1.2665987014770508e-07,0.9999999999999901,70476.78582314705,2385546.2807949996,4.5333218162861755,57824996.23337654,False
SP:74,SAO MIGUEL,VOLUME,2020,gross,8666457.149018798,8666457.149018673,8666457.149018673,0.0,1.2479722499847412e-07,0.9999999999999856,344237.98948205635,1026457.1490186729,3.721851275980755,32255264.59830815,False
SP:74,SAO MIGUEL,VOLUME,2020,land,8480229.766902756,8480229.766902667,8480229.766902667,0.0,8.940696716308594e-08,0.9999999999999895,266919.0729839518,1740229.7669026668,3.78296738645306,32080432.63782156,False
SP:75,SAO RAFAEL,VOLUME,2020,gross,13136117.584627697,13136117.584627658,13136117.584627658,0.0,3.91155481338501e-08,0.999999999999997,1548650.4890831588,1016117.5846276579,3.9853476609859335,52351995.490332186,False
SP:75,SAO RAFAEL,VOLUME,2020,land,13095490.88756535,13095490.887565332,13095490.887565332,0.0,1.862645149230957e-08,0.9999999999999986,1542562.2294800193,2025490.887565333,3.9873923648459577,52216860.37898789,False
SP:76,SAPOPEMBA,VOLUME,2020,gross,13695330.942183198,13695330.942183224,13695330.942183224,0.0,0.0,1.000000000000002,0.0,1245330.9421832238,5.717077709234222,78297271.25014128,False
SP:76,SAPOPEMBA,VOLUME,2020,land,13658296.7772568,13658296.777256861,13658296.777256861,0.0,0.0,1.0000000000000044,0.0,1758296.7772568604,5.720613033808696,78133830.56360255,False
SP:77,SAUDE,VOLUME,2020,gross,9349712.34450125,9349712.344501326,9349712.344501326,0.0,0.0,1.0000000000000082,0.0,839712.3445013257,7.628885250699046,71327882.60324438,False
SP:77,SAUDE,VOLUME,2020,land,9329204.466635268,9329204.466635365,9329204.466635365,0.0,0.0,1.0000000000000104,0.0,899204.4666353634,7.636947361652798,71246643.43778971,False
SP:78,SE,VOLUME,2020,gross,2203854.6746511683,2203854.674651171,2203854.674651171,0.0,0.0,1.0000000000000013,0.0,403854.6746511706,9.65145274500398,21270399.24925187,False
SP:78,SE,VOLUME,2020,land,2158528.9476533514,2158528.947653313,2158528.947653313,0.0,3.818422555923462e-08,0.9999999999999823,0.0,568528.9476533129,9.802117394668084,21158154.14468751,False
SP:79,SOCORRO,VOLUME,2020,gross,12020060.281555383,12020060.281555422,12020060.281555422,0.0,0.0,1.0000000000000033,3273991.7258376484,940060.2815554217,2.6673011878757813,32061121.06733117,False
SP:79,SOCORRO,VOLUME,2020,land,11791710.227074316,11791710.227074452,11791710.227074452,0.0,0.0,1.0000000000000115,3249048.620627864,991710.2270744533,2.708342556574413,31935990.6227791,False
SP:80,TATUAPE,VOLUME,2020,gross,8553400.801761659,8553400.801761642,8553400.801761642,0.0,1.6763806343078613e-08,0.999999999999998,31840.106588475403,833400.801761643,7.530805784637314,64414000.23622814,False
SP:80,TATUAPE,VOLUME,2020,land,8469342.102959411,8469342.10295945,8469342.10295945,0.0,0.0,1.0000000000000047,30000.0,1069342.1029594494,7.583651578219207,64228539.60558652,False
SP:81,TREMEMBE,VOLUME,2020,gross,57916315.96849064,57916315.96849073,57916315.96849073,0.0,0.0,1.0000000000000016,33660924.911298595,2806315.968490729,1.5233912911721486,88229211.36317308,False
SP:81,TREMEMBE,VOLUME,2020,land,57734206.43975988,57734206.439759955,57734206.439759955,0.0,0.0,1.0000000000000013,33582926.61787902,5694206.439759962,1.5239455861221225,87983789.0721355,False
SP:82,TUCURUVI,VOLUME,2020,gross,9484762.319173284,9484762.31917327,9484762.31917327,0.0,1.30385160446167e-08,0.9999999999999987,330000.0,924762.3191732712,5.057863037513107,47972628.75374364,False
SP:82,TUCURUVI,VOLUME,2020,land,9478937.711038992,9478937.71103897,9478937.71103897,0.0,2.2351741790771484e-08,0.9999999999999977,330000.0,1148937.7110389704,5.058217914969578,47946532.54485816,False
SP:83,VILA ANDRADE,VOLUME,2020,gross,10354023.221022852,10354023.221022928,10354023.221022928,0.0,0.0,1.0000000000000073,604225.8553987849,844023.2210229293,5.013206160866188,51906853.001383334,False
SP:83,VILA ANDRADE,VOLUME,2020,land,10152228.02993315,10152228.02993333,10152228.02993333,0.0,0.0,1.0000000000000175,504252.5448946165,1202228.0299333297,5.103940044259126,51816363.18042575,False
SP:84,VILA CURUCA,VOLUME,2020,gross,9502678.404621577,9502678.40462156,9502678.40462156,0.0,1.6763806343078613e-08,0.9999999999999982,10000.0,922678.4046215597,4.280516742387369,40676374.00850555,False
SP:84,VILA CURUCA,VOLUME,2020,land,9432725.560156783,9432725.560156776,9432725.560156776,0.0,7.450580596923828e-09,0.9999999999999992,10000.0,1462725.560156776,4.289761781106289,40464145.599624984,False
SP:85,VILA FORMOSA,VOLUME,2020,gross,7507492.803549318,7507492.8035494285,7507492.8035494285,0.0,0.0,1.0000000000000147,10831.174778448136,957492.8035494285,6.265553586060413,47038598.457601175,False
SP:85,VILA FORMOSA,VOLUME,2020,land,7500458.113476075,7500458.113476165,7500458.113476165,0.0,0.0,1.000000000000012,10831.174778448136,1090458.113476165,6.267232387322896,47007114.00853605,False
SP:86,VILA GUILHERME,VOLUME,2020,gross,7233653.656879495,7233653.656879494,7233653.656879494,0.0,9.313225746154785e-10,0.9999999999999999,10000.0,683653.6568794933,5.040706734126634,36462726.70057222,False
SP:86,VILA GUILHERME,VOLUME,2020,land,7161492.26607788,7161492.266077937,7161492.266077937,0.0,0.0,1.000000000000008,10000.0,701492.2660779364,5.086925001509318,36429974.05642719,False
SP:87,VILA JACUI,VOLUME,2020,gross,8316879.549386069,8316879.549386174,8316879.549386174,0.0,0.0,1.0000000000000127,67531.33178155849,886879.5493861744,4.821311529624047,40098267.26194951,False
SP:87,VILA JACUI,VOLUME,2020,land,8239987.561430503,8239987.561430464,8239987.561430464,0.0,3.91155481338501e-08,0.9999999999999952,61965.22789770839,1759987.561430464,4.851115105440745,39973128.12789936,False
SP:88,VILA LEOPOLDINA,VOLUME,2020,gross,7023047.836778761,7023047.836778726,7023047.836778726,0.0,3.4458935260772705e-08,0.9999999999999951,119557.65103080124,693047.8367787263,5.732395018587561,40258884.43485272,False
SP:88,VILA LEOPOLDINA,VOLUME,2020,land,6763798.173629857,6763798.173629863,6763798.173629863,0.0,0.0,1.0000000000000009,69594.77993856109,793798.1736298639,5.942186143494515,40191747.78473684,False
SP:89,VILA MARIA,VOLUME,2020,gross,11897139.279261516,11897139.27926151,11897139.27926151,0.0,5.587935447692871e-09,0.9999999999999996,28066.13733122862,917139.2792615124,4.641441650797955,55219877.776108764,False
SP:89,VILA MARIA,VOLUME,2020,land,11720271.740144394,11720271.740144618,11720271.740144618,0.0,0.0,1.000000000000019,25578.91398312973,1430271.7401446167,4.695621057522658,55033954.78290974,False
SP:90,VILA MARIANA,VOLUME,2020,gross,8637189.82271333,8637189.82271335,8637189.82271335,0.0,0.0,1.0000000000000024,0.0,757189.8227133509,10.01368357008251,86490085.81938834,False
SP:90,VILA MARIANA,VOLUME,2020,land,8615775.429863093,8615775.429863073,8615775.429863073,0.0,2.0489096641540527e-08,0.9999999999999977,0.0,815775.429863073,10.030804709704482,86423160.75962687,False
SP:91,VILA MATILDE,VOLUME,2020,gross,8809360.629714485,8809360.629714534,8809360.629714534,0.0,0.0,1.0000000000000056,0.0,879360.6297145336,5.21496428039426,45940501.01707253,False
SP:91,VILA MATILDE,VOLUME,2020,land,8795349.548519954,8795349.548519986,8795349.548519986,0.0,0.0,1.0000000000000036,0.0,1285349.5485199853,5.216708310225471,45882773.08110189,False
SP:92,VILA MEDEIROS,VOLUME,2020,gross,7892074.716593311,7892074.716593297,7892074.716593297,0.0,1.3969838619232178e-08,0.9999999999999982,13511.43419707942,852074.7165932974,4.427141885351305,34939334.540152274,False
SP:92,VILA MEDEIROS,VOLUME,2020,land,7857884.971694579,7857884.971694658,7857884.971694658,0.0,0.0,1.00000000000001,12436.39840696539,1197884.9716946569,4.435175025717742,34851095.18142256,False
SP:93,VILA PRUDENTE,VOLUME,2020,gross,9569101.750148384,9569101.750148423,9569101.750148423,0.0,0.0,1.000000000000004,50000.0,1079101.7501484219,5.5161815868007595,52784902.87639144,False
SP:93,VILA PRUDENTE,VOLUME,2020,land,9480286.949908873,9480286.949908867,9480286.949908867,0.0,5.587935447692871e-09,0.9999999999999994,50000.0,1340286.9499088675,5.533360566765609,52457845.970248364,False
SP:94,VILA SONIA,VOLUME,2020,gross,10037124.453072948,10037124.453072878,10037124.453072878,0.0,7.078051567077637e-08,0.9999999999999929,100000.0,977124.4530728775,5.643346822193302,56642974.38620791,False
SP:94,VILA SONIA,VOLUME,2020,land,10018761.783948967,10018761.783948883,10018761.783948883,0.0,8.381903171539307e-08,0.9999999999999917,100000.0,1818761.7839488825,5.645326861082074,56559185.013709664,False
SP:95,SAO DOMINGOS,VOLUME,2020,gross,9737931.60758742,9737931.607587526,9737931.607587526,0.0,0.0,1.0000000000000109,213688.0873943202,1067931.6075875266,4.955318736797167,48254554.9527273,False
SP:95,SAO DOMINGOS,VOLUME,2020,land,9654410.868748983,9654410.868749097,9654410.868749097,0.0,0.0,1.0000000000000118,185903.1386479445,1554410.868749097,4.98992637536648,48174799.432595365,False
SP:96,LAJEADO,VOLUME,2020,gross,8874799.145481313,8874799.145481337,8874799.145481337,0.0,0.0,1.0000000000000027,10000.0,1114799.1454813357,4.950630162732667,43935848.337813884,False
SP:96,LAJEADO,VOLUME,2020,land,8813647.500605041,8813647.500605058,8813647.500605058,0.0,0.0,1.000000000000002,8967.915568415665,2213647.500605059,4.9601975822911495,43717433.02366756,False
