,CHI:01,CHI:02,CHI:03,CHI:04,CHI:05,CHI:06,CHI:07,CHI:08,CHI:09,CHI:10,CHI:11,CHI:12,CHI:13,CHI:14,CHI:15,CHI:16,CHI:17,CHI:18,CHI:19,CHI:20,CHI:21,CHI:22,CHI:23,CHI:24,CHI:25,CHI:26,CHI:27,CHI:28,CHI:29,CHI:30,CHI:31,CHI:32,CHI:33,CHI:34,CHI:35,CHI:36,CHI:37,CHI:38,CHI:39,CHI:40,CHI:41,CHI:42,CHI:43,CHI:44,CHI:45,CHI:46,CHI:47,CHI:48,CHI:49,CHI:50,CHI:51,CHI:52,CHI:53,CHI:54,CHI:55,CHI:56,CHI:57,CHI:58,CHI:59,CHI:60,CHI:61,CHI:62,CHI:63,CHI:64,CHI:65,CHI:66,CHI:67,CHI:68,CHI:69,CHI:70,CHI:71,CHI:72,CHI:73,CHI:74,CHI:75,CHI:76,CHI:77
CHI:01,0.0,0.8961889905853988,1.0334742146683027,0.6564257629033355,1.0746286271056056,0.9349272060477266,1.0508950114840427,1.4179932864857625,1.7474101013946213,1.4683369871982612,1.1260723828555028,1.666039770686822,1.8211549921474794,0.8677989176476157,1.0348482071323704,1.0441798418797277,1.171886466713322,1.016754350430163,1.0259070292103116,1.0270584840366734,1.1475808140098238,1.0403366325810395,0.9253687086635058,1.2064573469582398,0.8301986394389826,1.1837828406559332,1.0228435786964274,1.6554461697251355,1.0122758304333324,1.0465320806990268,1.289227622277721,2.734996377060903,1.7235259215380998,2.2449866085524874,1.4804236770550545,1.4298648925800292,2.935475242134735,0.749661102259115,0.6452736330895804,1.24671111552401,1.0161826717017002,0.9213632972395818,0.7486530677411648,0.8426316250348556,1.3936877073598202,1.0963171483367549,2.1599812573434085,1.5167887671327775,1.1667787057522732,2.274409362257197,3.28098291058829,1.359698393254422,1.4377401506039011,3.660532411798162,3.287883344260683,1.285104811276611,1.9359487035299505,1.0033248467539257,1.2427201695356318,1.1597594569419782,1.3581618434416831,1.0886871347249631,0.9502426958606353,1.24767067160435,1.211572926532891,0.9741649456433799,1.2655328603179752,1.3165922788720874,1.0476747297610325,1.3069437443013603,1.0464344465147415,1.6436977592923843,1.2383408756329797,1.5456907142301024,1.5232367945736212,4.31151837196622,0.7266725254566136
CHI:02,0.8961889905853988,0.0,1.5754608385758817,0.8566118146803139,0.6999666147723548,1.0149500346411804,1.0182224989572783,1.9312557077504404,1.0118935574279557,0.8176362862798944,0.6909487920184098,1.1879734948238645,1.9864990222551802,0.502339078917043,0.43203624671696245,0.7028092176614846,0.5316992101004876,0.38810853276013013,0.4245868866031594,0.48892355531549286,0.9427008185381237,0.8100600100377854,0.5907322312230973,1.0559005300236521,0.5471129204185832,0.8700740736078049,0.8929806132389445,1.938662957357466,0.8008695462874846,0.97896428020215,1.3784120341204804,3.216100096173922,1.9723326703556288,2.1728725156944386,1.5671622441180466,1.4544637639839748,2.6507342998752237,0.7356851045914647,1.175158729917886,1.5405446872144128,1.472371135269768,0.9694619413863922,0.7118864986190185,0.6736797169017718,0.9499343851585338,0.8419749875891385,1.926239571109167,1.1014912655306797,0.8159489259418082,2.34453159660196,3.258234292220303,0.9720762557603099,0.9270107233927155,3.7039101765444578,3.142983822072495,0.7013081727006456,2.026832817306768,0.663946947720082,1.156365064461584,0.7100618586970564,1.1538101614474152,0.548020963235545,0.5713512699422282,0.7899994425357287,0.799535070639972,0.4599388617433213,0.7961581717607779,0.9178123611447243,1.220622658189835,0.8024025520029636,0.6135485031591869,1.0756542312517157,0.8010070965099559,1.0567941372793006,0.9456211683343637,4.357951128207233,0.911217056462731
CHI:03,1.0334742146683027,1.5754608385758817,0.0,1.007320523450032,1.6821577006349009,1.339120447146425,1.3486127825605,1.2593717389581311,2.343006399821132,1.9798639306644614,1.677535038752478,1.8938800264949556,1.5447334305131637,1.6149568899165527,1.7335042614156193,1.5935629535106801,1.8019686371519543,1.6821937916553855,1.7596558634226709,1.795739007481553,1.5795660066094426,1.64523428840032,1.5388787850275243,1.6111700038233643,1.4488041064856514,1.776112372062495,1.53538126633711,1.4559964171637878,1.5299097565297548,1.2542094565868736,1.3478181335852795,2.1913911244522684,1.340281695657669,2.288420246564563,1.2543805766558414,1.3884067202153172,2.9098175513012206,1.4334988142162186,0.8543938912190858,1.27927202527286,1.0533862346173595,1.2302539261805099,1.3963581906703064,1.3895466348322318,1.7731553789073942,1.40941506195751,2.301723052002096,1.853383790402724,1.6879941121257223,1.9601371679629314,2.885254378283312,1.625901708023412,2.048023311041075,3.3013321453291797,3.061777017845689,1.7266918649389078,1.9146853489732516,1.496622067206971,1.4766375660478288,1.7745701737986008,1.7168299584290259,1.8826861229995306,1.6979129204877765,1.7816637363001864,1.6420814167910491,1.6921898807800875,1.9584685852081,1.8975194083841171,1.2134277137224974,1.773271500970728,1.784171132976913,2.0048998858183666,1.7976474892392207,1.872882959669626,1.8921958520302813,3.723066794451853,1.1490438627422503
CHI:04,0.6564257629033355,0.8566118146803139,1.007320523450032,0.0,0.848982039887888,0.9057297102327566,0.8538507449650594,1.4179776132139974,1.5526875289812943,1.2487006114279,0.9602213229942722,1.277332053586274,1.457672957844182,0.9258999046668667,0.9309036762567611,0.9963327863953572,1.0245106187550548,0.9144987144686932,0.9615928818479587,1.0393532557314062,1.0824206580492926,1.0085224081944204,0.8469720274001971,1.0559341067522223,0.7320898763724794,1.115917499941344,0.9001627803696671,1.4171498466655768,0.9015452072691722,0.8732092249109167,1.0209638152472857,2.6769806213848186,1.6335470841085316,2.152928228691524,1.3473983067697821,1.400902533887197,2.712101774276702,0.7396761065464726,0.8275589099366965,1.1288797340042178,0.9136168286413886,0.8660333327563232,0.9700836559578393,0.6980417210124253,1.1928293872886775,0.911656668746946,1.852800422161025,1.227005601740199,1.006512891714618,1.996714761573206,2.967752930556479,1.1825525423186958,1.3495310268152292,3.485711309968346,3.0221112635656024,1.0112557870514316,1.6508180366987093,0.9035352915582582,1.1108628704859869,1.097086743433759,1.1509587666854888,1.0676549676971125,0.9531279055946574,1.1305506604286795,0.946569980207228,0.9822624059246815,1.1721177000786203,1.2056341227718341,0.8739178151248136,1.110276764281367,1.0320749652948313,1.2780286309298619,1.1556566410845066,1.298631694496551,1.2451821565822572,3.939044710156866,0.8940087340370672
CHI:05,1.0746286271056056,0.6999666147723548,1.6821577006349009,0.848982039887888,0.0,0.7974368439424797,0.7266322944505439,1.6876286214766665,1.2493561746924324,1.0798037407005123,0.6699169631742724,1.351580125905737,2.111258556582281,0.5322347434831788,0.5062919285347212,0.663482629084828,0.8727838516123417,0.7290145162371373,0.5177133446163735,0.7165933341673574,0.7499589093237296,0.5321077297417469,0.670120063839171,0.6329386875578633,0.6841954093724975,0.7311340011076726,0.7300154264498706,1.6256565394769482,0.844281175149778,1.1596393317602698,1.1343757534429404,3.018097861944034,1.8712997128613873,2.0224846146669586,1.6668608918490078,1.7889447006773318,2.502101238421554,0.8566953169276582,1.4168507490859574,1.7850048287530735,1.5047715722829567,1.1178451354992736,1.043745096398299,0.847990407804368,1.0262643726551623,1.1288140719981181,2.0119408421529403,1.0741444172438226,0.9465735073871306,2.4595986465559276,3.408629901568193,1.3400663239290789,1.2730338383345108,3.995370952069283,3.400539879985642,0.9476996038403415,2.047419574444019,0.8132972857616834,1.0052253710909385,0.6510353983934092,1.2386718856851082,0.7049103558180733,0.7513143697670909,1.081613136865763,1.0096069055141825,0.877320753423106,0.9125886921496313,1.0422756303226606,1.2619859724506637,1.0838858518183383,0.825491528534413,1.2789931398557532,0.963710947354299,1.401242209695429,1.232832231060866,4.526172937628206,0.9480136084691904
CHI:06,0.9349272060477266,1.0149500346411804,1.339120447146425,0.9057297102327566,0.7974368439424797,0.0,0.49030048967840356,1.2581880768093836,1.8350391160444477,1.582112084092784,1.0431350643223327,1.7671497292021423,2.282745749752867,0.7564650839883006,0.9664607705802032,0.8927604251480612,1.3908122582328544,1.2301362829006703,1.0669531910921277,1.1843470576117572,0.8108749638036721,0.6657116610281891,1.088201835664962,0.6562958166325099,1.0519271425155525,1.033990828306942,0.9567080972693206,1.5376597478025515,1.16871088252267,1.3834999181243075,1.3037700875907832,2.6565190511483507,1.5211133319696408,1.8242967859067791,1.5456916094208546,1.6343436465915107,2.5279059173982463,1.0395695884851845,1.2919462336957608,1.9053895019707945,1.4571010366504997,1.1941268538868512,0.9998746768597151,1.095511789931331,1.3553307384211088,1.3528571905265943,2.4266370048299843,1.3498712661456411,1.2683275961105915,2.622822989026838,3.5910437887204076,1.6816749981271952,1.7234456959207094,4.142126779042003,3.6467178212940863,1.4453920261675663,2.305260894742378,1.1437086330950434,1.152289685980518,1.0141836424629456,1.6691800453430408,1.1799195672607068,1.1819507967237413,1.5517027661274083,1.4804765894452454,1.2357252358748134,1.3681096815080132,1.4143431397553852,1.3103534597662245,1.5257696144342425,1.1841247074242203,1.798202432259628,1.2780538890218696,1.8617182296581072,1.6931483391326065,4.6783350225959985,0.4481967877610612
CHI:07,1.0508950114840427,1.0182224989572783,1.3486127825605,0.8538507449650594,0.7266322944505439,0.49030048967840356,0.0,1.3029842613729214,1.755770720369363,1.4763280487967019,0.8929734504123895,1.5284605386620251,2.07022829199037,0.814564554021077,0.95334547489523,0.8546817669805552,1.3021321279856743,1.1633790602179004,1.016894303948161,1.1554390746836203,0.7099076810796076,0.6793923431860285,0.9855002783045557,0.5941689947392931,0.9763856603812289,0.9800307486122267,0.87419352293522,1.404237944570244,1.0701623381962704,1.223134713892334,1.0849384448772048,2.6554910145669584,1.323089422837762,1.672671921600052,1.3265004710655646,1.6232380449952177,2.2590398489060504,1.0801111416867866,1.3357555176543712,1.8609257393254246,1.4116521259706856,1.1210219650968005,1.0669397811094115,1.0132597601210311,1.216007422600685,1.2379194040276262,2.1722718513297035,1.2573091033602783,1.1871041005559908,2.334393849575822,3.286084917861919,1.5178222255993314,1.652055332995041,3.8884701858982056,3.3440835595733693,1.2998921212481218,1.9761033402463344,0.9845706873250866,0.9662771619332469,0.9533539465491314,1.4907995179986855,1.1657031938279914,1.1310311621726081,1.4271004571318697,1.3194097985213484,1.2120617326256,1.3283594316327296,1.349503629186189,1.2183321215692693,1.3137100600644143,1.1808937519543758,1.6428063060800937,1.2202664856796712,1.7011143251036227,1.542795116312602,4.3554368645547825,0.6504901587703164
CHI:08,1.4179932864857625,1.9312557077504404,1.2593717389581311,1.4179776132139974,1.6876286214766665,1.2581880768093836,1.3029842613729214,0.0,2.6415884834540657,2.2961279339208476,1.8722410223208474,2.313141687293259,2.2233212382936673,1.726479242746982,1.9481505923949989,1.6687944287814926,2.2660323710331434,2.068221606378466,1.9661811915022502,2.0709304927126495,1.5263410476231953,1.5562060814527579,1.852732411242366,1.3775426720499189,1.8052753163169881,1.8145241802695984,1.717089378071717,0.979374622110329,1.8622922423386994,1.8726247015465334,1.4119799057455504,1.5385724003539332,1.3364969550891035,1.8897311716010492,1.6906999251574377,2.1180030801424614,2.769656250144663,1.76519364179126,1.5390786961715934,2.176198603975238,1.3746156630060016,1.78128822690182,1.850778429106223,1.816294182133055,2.0466915379202444,2.098832418350751,2.8404113211792685,2.033690797150355,2.0834945752396177,2.5369948378238503,3.7102214502042687,2.3532565635589893,2.568039023430824,4.144025971273729,3.915900563372012,2.211708332196293,2.3005288692787325,1.888819861480113,1.6273368550387848,1.8969351516682564,2.224088019386541,2.1576068327837374,2.0555951988112566,2.329324232274463,2.1969189522529615,2.165861617891147,2.287214627278077,2.196943428951861,1.5705914989165506,2.212636565765523,2.1194585428800132,2.479265308666188,2.09920606636997,2.541135639676049,2.376945825382116,4.44946421554168,1.3207355319543381
CHI:09,1.7474101013946213,1.0118935574279557,2.343006399821132,1.5526875289812943,1.2493561746924324,1.8350391160444477,1.755770720369363,2.6415884834540657,0.0,0.5599960715461861,1.0830040815599735,1.006836267241296,2.257425029049074,1.285116912500096,1.0042139878733682,1.2301793571492858,0.8146066065097226,0.8708450973655221,1.055940886998039,1.0587271896061787,1.5186008910440816,1.4215617993866099,1.2586018060044915,1.636342720757473,1.204784003608668,1.3479947749182049,1.51221694530488,2.4572610132359114,1.3763877753520117,1.6302086142077274,1.8641014184802955,3.736197821256038,2.6099949244377427,2.495953941488841,2.1743433846241107,1.8956488296423353,2.7555960177809204,1.4279076988031825,1.8383350100470743,2.0011710609911395,2.1169904108608657,1.6651279674842199,1.47838140336586,1.2298547617319884,1.1102415519384907,1.343926072054121,1.9493796531379886,1.2051338408302874,1.2278064200910166,2.5194453559346286,3.3665716193652355,1.2326861970509606,0.9461481333787705,3.7805636036286274,3.1375249846325075,0.7864961625303702,2.2463744291224765,1.2861829469754322,1.6603717406651506,1.1930214581829663,1.4786566573893243,1.0194780430514194,1.2402496051799055,1.0103698771606728,1.1724888964165845,1.089503727609492,1.1201054611069376,1.2419185491782923,1.6614803325394574,0.9357540889011903,1.097002424966294,0.7608893103227795,1.0747781265711145,1.123881472969907,0.7640452149466564,4.342622128879625,1.8081524216452696
CHI:10,1.4683369871982612,0.8176362862798944,1.9798639306644614,1.2487006114279,1.0798037407005123,1.582112084092784,1.4763280487967019,2.2961279339208476,0.5599960715461861,0.0,0.7783125058566965,0.712561331367579,1.965355113339918,1.0873489244183439,0.8191382232858704,0.93171104748599,0.6801999419216428,0.6951609013561784,0.9135137621002375,0.9621564451318594,1.2335198234376779,1.189611630289817,0.9977791798230135,1.3753129898625125,0.8946782042811929,1.0097342457282177,1.143425784858861,2.0486343365285125,0.9974609204004896,1.3405526890054347,1.5559023967315424,3.359524228193478,2.2023959032204314,2.1694437602984515,1.7054246891262084,1.4918341728240818,2.4099958555212666,1.104921905789869,1.4712941598631042,1.7127479447490819,1.7488488331595158,1.2539696868996564,1.1753507349997603,0.8773643955749191,0.7027862488906604,0.9996883513505003,1.7390992029716434,0.8068412678974771,0.8498952659597916,2.1344888539921434,3.1405993347804935,0.9694519659193568,0.7637219458396115,3.5283250609144514,2.9813633031878344,0.5889534902322359,1.9926975489896603,1.0456604331808748,1.323087241647477,0.9889395318483779,1.280347559634139,0.9527111053534517,1.0818777965819883,0.8666221144570893,1.0208457671325382,0.9417697208913484,0.8915686931340603,0.8583177972920281,1.2397024377311214,0.6117884747903453,0.8593104602141199,0.6756308489185088,0.7193787600326048,0.9007147902225071,0.43751658223155376,4.117783520036496,1.507002231595687
CHI:11,1.1260723828555028,0.6909487920184098,1.677535038752478,0.9602213229942722,0.6699169631742724,1.0431350643223327,0.8929734504123895,1.8722410223208474,1.0830040815599735,0.7783125058566965,0.0,0.9938775569521062,2.033168748814701,0.6118733101527473,0.4471098033889716,0.4361999663584327,0.7317652204121632,0.609540570368212,0.6410447150725954,0.7286823712401466,0.6546954802437248,0.6217166041738117,0.6817451736938478,0.8415193441508707,0.5564161656954422,0.5522030517406058,0.7087197926443745,1.763958591475298,0.717005039740947,1.1980260143534147,1.2169828116611563,3.076631314219684,1.7627378477816533,1.8099496198614529,1.5057628334070856,1.4388931471333395,2.190011688080704,0.9176419191829599,1.2784212616502248,1.726747888621896,1.6325720628014964,1.0347169321188348,0.7895489174467999,0.5869215594660142,0.5732551862578468,0.8170527027493438,1.813739281069994,0.6986280796789209,0.700290133193056,2.1890335495055604,3.1583033056839063,1.0424462172147724,0.9217466185940668,3.6772666611173337,3.10423633773007,0.6840071002463406,1.8935081867026649,0.6853172465490329,0.8233195577131798,0.5408976500079252,1.1795541020460172,0.6699952635264107,0.8109971465690486,0.8137218127768684,1.0046549622078034,0.7353420648594602,0.7183418983825827,0.828118731456136,0.9897675770896888,0.6446216047290044,0.5867839513293139,1.0766385813614077,0.49369289874229816,1.239443576157821,0.8800210953339067,4.2683429494909975,0.9826321743163244
CHI:12,1.666039770686822,1.1879734948238645,1.8938800264949556,1.277332053586274,1.351580125905737,1.7671497292021423,1.5284605386620251,2.313141687293259,1.006836267241296,0.712561331367579,0.9938775569521062,0.0,1.5965693672553245,1.4529154016079644,1.2096237129650207,1.2621114150326873,1.0325313789093806,1.048869198936273,1.2930161137048335,1.3354196450436444,1.4604432217353867,1.5069423964670312,1.262191376229705,1.5981130869729536,1.148127428270507,1.3880143106875868,1.4116536400896789,2.0275196073570076,1.2453597737531068,1.3613919024061245,1.5188008692399249,3.24724491230717,2.027508834474607,2.204552223119819,1.560904684387848,1.4897002368703485,2.311418570370733,1.4257105697423103,1.5772539554176106,1.6679396333151826,1.7425870243721047,1.3959835086529273,1.4632396610952332,1.100421301379261,0.9788409949347237,1.0628646469293337,1.4292214673862667,1.0202639011900791,1.161071126704452,1.7102159972927686,2.6064344840888074,0.9813911806144487,1.1144327026441443,3.0430451406210346,2.4734506747676126,0.7463400757416407,1.5678252814661333,1.1962086726348597,1.4178857714601554,1.3521847444749,1.2975898114786346,1.3463828074551094,1.393709403090108,1.0412890715524357,1.07912737268267,1.2655775446599256,1.2980537042016276,1.2840125906087694,1.287143167953976,0.6513615080357511,1.269124835552746,0.6069376227330873,1.1243145597043775,0.9781301742615179,0.6202134708316238,3.46200308175612,1.7122189779627643
CHI:13,1.8211549921474794,1.9864990222551802,1.5447334305131637,1.457672957844182,2.111258556582281,2.282745749752867,2.07022829199037,2.2233212382936673,2.257425029049074,1.965355113339918,2.033168748814701,1.5965693672553245,0.0,2.218042145022618,2.142289650929888,2.1476004249285388,1.9289969819576462,1.921622794292952,2.1033430063873446,2.1293427778812575,2.221839146784242,2.3006166699288344,1.8974810907470094,2.276360666667544,1.8293732485250676,2.2555768379165424,2.0488990004133436,1.934200900454976,1.9020711550411578,1.4646187807448725,1.6759576041895472,2.9346689493788265,2.231479822405413,2.8650324223478565,1.787271745937015,1.9705259414220906,3.2236642760891807,1.930120910620338,1.5871785443218391,1.2681677491324561,1.4371534531622316,1.7804492536661083,2.1361546237355538,1.7569643281004672,2.0355824456455363,1.7034877278237264,1.7947659514746268,2.1107441420152684,1.9975120486280002,1.322432645674526,2.172771311990146,1.6364173028514257,2.0942977195346435,2.5649172445440334,2.259501510141634,1.761237437751888,1.132665485047828,1.8354519636170412,2.0053068832456606,2.2147894197398683,1.67734058069417,2.2245385277295684,2.03988502147458,1.8683437424552094,1.6449684011486803,2.0273632146456806,2.2007710706039147,2.1397467451719216,1.5651880516266339,1.7430509076516454,2.16516769534874,1.7739637216841837,2.1513536567692797,1.6495654683018213,1.7920600140214857,2.588486440873974,2.1809467538810443
CHI:14,0.8677989176476157,0.502339078917043,1.6149568899165527,0.9258999046668667,0.5322347434831788,0.7564650839883006,0.814564554021077,1.726479242746982,1.285116912500096,1.0873489244183439,0.6118733101527473,1.4529154016079644,2.218042145022618,0.0,0.38356978330512387,0.47433243359040506,0.8307833505036475,0.6460633744400782,0.42494210042844965,0.5766755105714754,0.6383815079515549,0.4184820847889157,0.6418238441608737,0.7339766033034492,0.6115438739076163,0.6378545421079067,0.7679388456610092,1.8003681017497697,0.8418639121353174,1.18973021634437,1.3158288767667425,3.0710068887452286,1.877500517879289,1.95790207415641,1.6627360590367648,1.6482460893188584,2.5446740662446863,0.8098609849002459,1.2568535310936217,1.7776903289558963,1.5714179848396754,1.0759940716967773,0.7081865192180545,0.746823815832187,0.9706565982287289,1.0415230955790213,2.16624622626426,1.0964376209424147,0.9094851400264323,2.540691450194935,3.503845696887706,1.274150265409467,1.1648112304809517,4.010539990000725,3.4525598977062977,0.9698840826167593,2.168209731276053,0.7373981580063529,0.9953638422260919,0.5340892944799913,1.324212295568904,0.5600471317760842,0.6543453994461089,1.011437091498336,1.0946310614979198,0.6674110531092576,0.8426496676951941,0.9863352331625448,1.1948938876797155,1.0340599414241605,0.6470061477822387,1.3967624222963468,0.8024778186629206,1.4406418933362726,1.2414384969691297,4.637025682160795,0.6986865814501249
CHI:15,1.0348482071323704,0.43203624671696245,1.7335042614156193,0.9309036762567611,0.5062919285347212,0.9664607705802032,0.95334547489523,1.9481505923949989,1.0042139878733682,0.8191382232858704,0.4471098033889716,1.2096237129650207,2.142289650929888,0.38356978330512387,0.0,0.5325613915195835,0.5676907018778751,0.4304638954548609,0.35084426454292444,0.4977149353430995,0.7886264836032335,0.5961681510900523,0.6005701104508425,0.8787962355603343,0.5191100478113576,0.6030260520518954,0.7357595867126966,1.9079204408790418,0.7475049089778896,1.1780726906514074,1.363279674115828,3.242828076495996,2.0067241868918635,2.0744262238025857,1.6971950358675119,1.5806826285986344,2.516849240521251,0.7632472292351646,1.3085773739220412,1.704081527800359,1.635131072805141,1.0523310933786318,0.7501646724027682,0.6248226139685575,0.7998230625757141,0.873856982710679,1.9542280143845232,0.9024604789999441,0.7012423314088487,2.456047017096659,3.3722550202368176,1.112318831687027,0.8803680650423568,3.8805794303240635,3.295938946304054,0.7172352467720329,2.109993689422149,0.7092790307901652,1.0401169719093855,0.5069024015537115,1.2048766959726975,0.3664531451195897,0.598038836132749,0.8119399959309599,0.9231208029169722,0.5151793690816385,0.5714362592955496,0.7938704885090889,1.1768461770025829,0.8262797086872122,0.42973722898216055,1.1064265416916939,0.6101962356033541,1.210478395049021,0.9716326792456312,4.519455719796873,0.9480959364622337
CHI:16,1.0441798418797277,0.7028092176614846,1.5935629535106801,0.9963327863953572,0.663482629084828,0.8927604251480612,0.8546817669805552,1.6687944287814926,1.2301793571492858,0.93171104748599,0.4361999663584327,1.2621114150326873,2.1476004249285388,0.47433243359040506,0.5325613915195835,0.0,0.9257039040774063,0.7480749954393279,0.6756058272938532,0.7969993794761924,0.3852877774451956,0.38083065360495044,0.7393603834487502,0.6105450882734799,0.6564824138118044,0.4723130819417762,0.7406743361106374,1.613240933530919,0.8231114570530798,1.250755827467054,1.1671647562879937,2.8757045061933737,1.7245587613271214,1.6386660552509895,1.5483123729712127,1.5033983700105806,2.207473043030998,0.9531988529574038,1.220608531399978,1.8318548136872732,1.623272381755081,1.1009480756527328,0.7983436875187336,0.7026932483718069,0.6325769718266893,1.013334012108071,2.1109496830694834,0.7812371922600361,0.8745875572518722,2.340476263440764,3.400818517433219,1.2155188428294255,1.1726940255008191,3.9008638225021905,3.3732870856307846,0.8966470758609838,2.092509854949663,0.7618519287563497,0.7400506295249338,0.44504805422584454,1.3479555381827186,0.8082922462022218,0.920083571305186,1.0358425175929913,1.1958645513969897,0.8819939268062791,0.9262927930953377,0.944109017182126,0.9587236413592792,0.9334451702842664,0.7601770556776815,1.32656641680297,0.6047088235646599,1.4341660170657053,1.0712751812750332,4.45718669170938,0.7903201362637908
CHI:17,1.171886466713322,0.5316992101004876,1.8019686371519543,1.0245106187550548,0.8727838516123417,1.3908122582328544,1.3021321279856743,2.2660323710331434,0.8146066065097226,0.6801999419216428,0.7317652204121632,1.0325313789093806,1.9289969819576462,0.8307833505036475,0.5676907018778751,0.9257039040774063,0.0,0.300998221873831,0.5611710950032093,0.5837757554902894,1.1911083683499448,1.0786270863340846,0.6648654780135161,1.3205378020056857,0.6029228513455858,0.9683304963561519,0.9443797292279363,2.108852345103158,0.7905724090036653,1.0272613669375164,1.4772182145512696,3.4831957814282797,2.1923795127841146,2.4017645543473316,1.6993149642190537,1.5423255560258151,2.691017202781824,0.8204160693178804,1.3227176421598077,1.435765043831973,1.6228937606048839,0.999929145314397,0.8941333526062473,0.6535811695504291,0.8919845999252831,0.6964137130999202,1.6887103481481018,1.0885657812723437,0.6653617419607257,2.239791062177387,3.057846123038988,0.7428761638648624,0.5500695538526241,3.5487566189397235,2.922651192653534,0.4370243129674188,1.943622639560527,0.7457885987373674,1.2449151004718948,0.8625436998125648,0.979018785158434,0.5066915525378893,0.5577578277295601,0.4640424662582428,0.5983517918643195,0.40525697576270436,0.5898829956935522,0.7855729997728037,1.264758759215127,0.6048256860846165,0.532769277320712,0.7917957348905345,0.7359829333387469,0.7251280916134158,0.6984885736169837,4.217352489269951,1.2953393684025478
CHI:18,1.016754350430163,0.38810853276013013,1.6821937916553855,0.9144987144686932,0.7290145162371373,1.2301362829006703,1.1633790602179004,2.068221606378466,0.8708450973655221,0.6951609013561784,0.609540570368212,1.048869198936273,1.921622794292952,0.6460633744400782,0.4304638954548609,0.7480749954393279,0.300998221873831,0.0,0.38524565936947885,0.4149599614545355,1.020632203829213,0.9098593550890224,0.5068212653682209,1.1629589686163926,0.4265451198749339,0.8576715185636633,0.8849225362081304,1.9831614666816564,0.7044563088006073,0.9625585337457836,1.3345573143583689,3.297140264832348,2.050694112713555,2.2926772219278018,1.641057409519212,1.5355130444981235,2.662086122434419,0.7784736470591768,1.2323040065760535,1.453454067783928,1.5408884141275139,0.9800601791141184,0.7986832470038803,0.6063151336150565,0.8719495191607762,0.7200669871499015,1.6994207538062447,1.0568024364867359,0.7388286563758611,2.236984574874101,3.106815786597089,0.81286306197894,0.6921268644671041,3.5708970380092118,2.995156385896271,0.46779378376065905,1.897935876998072,0.5979794046395333,1.1036162720566214,0.7303987652298396,0.9458191963154144,0.4436439036818619,0.47775047318487857,0.48577176932912564,0.6125976010111198,0.35220714830648253,0.6378586850312594,0.8506046016983501,1.1945188520134082,0.603323620241175,0.5157889879824376,0.8729165376295276,0.7216241115078064,0.897428849230665,0.774497547573679,4.24820957330838,1.1338968166288173
CHI:19,1.0259070292103116,0.4245868866031594,1.7596558634226709,0.9615928818479587,0.5177133446163735,1.0669531910921277,1.016894303948161,1.9661811915022502,1.055940886998039,0.9135137621002375,0.6410447150725954,1.2930161137048335,2.1033430063873446,0.42494210042844965,0.35084426454292444,0.6756058272938532,0.5611710950032093,0.38524565936947885,0.0,0.3260162931142933,0.8700611204541703,0.7104568872594026,0.4543175844304719,0.9605679173724619,0.4958223182220689,0.7345901545062068,0.81044713751408,1.9142995914934786,0.7363142166644693,1.0311933394904669,1.297402066684428,3.278321670913951,2.0461164118126884,2.199760014674437,1.7147673321226882,1.749410733978066,2.6318253723993124,0.8131537356259029,1.3828703370909416,1.6741302032666552,1.5953832859951758,1.073355119888063,0.8766629024753149,0.7442112530521515,0.9720370326600767,0.9473069715591718,1.892214676745715,1.1273818265132503,0.847822666611351,2.429562590473189,3.325034011576403,1.077811410222473,0.9520581610087827,3.8482914813243383,3.2400799599848042,0.7438039069316373,2.0179477982300513,0.6086209668911484,1.0597373547306266,0.5925188938459293,1.056746255713923,0.3889505843489696,0.40461711499050534,0.7556495019398819,0.7877965013038475,0.4917067261258306,0.6850860880377281,0.8970774256207613,1.3009468801536725,0.8423667857913326,0.586071250998956,1.148613989761316,0.8229146450084327,1.1655341272675044,1.0474885535648828,4.5023962204675945,1.03516734035765
CHI:20,1.0270584840366734,0.48892355531549286,1.795739007481553,1.0393532557314062,0.7165933341673574,1.1843470576117572,1.1554390746836203,2.0709304927126495,1.0587271896061787,0.9621564451318594,0.7286823712401466,1.3354196450436444,2.1293427778812575,0.5766755105714754,0.4977149353430995,0.7969993794761924,0.5837757554902894,0.4149599614545355,0.3260162931142933,0.0,0.9732987515326682,0.8486162464553922,0.43089772187663733,1.114944267776243,0.4907272952382429,0.8484974022480795,0.9078012454873663,2.061506835778028,0.7389846539181815,1.00006721962193,1.3130178301898086,3.3791606478012874,2.1136528728643578,2.292938583704243,1.7886448695316837,1.7131274154077438,2.7175535612044337,0.883361273895865,1.3824732274062514,1.647383478469075,1.679427572820238,1.1439345367377396,0.8482103398034034,0.7736763928014951,1.0548324642212543,0.9357163402379417,1.799095474367874,1.2234249421591983,0.9224212864699458,2.401738027673737,3.258023581858631,1.0243259611453681,0.8863515639579576,3.75982796900091,3.1453489217433566,0.7498946788686696,1.9754526279625801,0.5377696930884048,1.0828568743740048,0.62728829228423,0.9405461180050515,0.37910286528732134,0.3523317961036287,0.669683884513824,0.7484522265493035,0.4197173101837811,0.7202431346806922,0.978935465425843,1.3590027181804787,0.8375541259494959,0.5964794303397248,1.17460575888686,0.8649290994384519,1.1830462440869973,1.0514593429221586,4.4937329905158325,1.1076054818861187
CHI:21,1.1475808140098238,0.9427008185381237,1.5795660066094426,1.0824206580492926,0.7499589093237296,0.8108749638036721,0.7099076810796076,1.5263410476231953,1.5186008910440816,1.2335198234376779,0.6546954802437248,1.4604432217353867,2.221839146784242,0.6383815079515549,0.7886264836032335,0.3852877774451956,1.1911083683499448,1.020632203829213,0.8700611204541703,0.9732987515326682,0.0,0.3677331172889984,0.8488474173373449,0.4019780853414215,0.8363495433170036,0.5882613099695504,0.7972385156753735,1.4898217995385346,0.9441889472235124,1.2923403900994257,1.0278803395786356,2.752080279270743,1.5649047254889648,1.4179979599253576,1.5487641176340738,1.6306265755247267,2.066016788722903,1.1484498771017446,1.3582639274325783,1.98503052453946,1.7079070696591356,1.235277892066042,0.9792094395946683,0.8948017468848104,0.8261515917193988,1.1824885878362184,2.205185292823362,0.9392899378760206,1.0893790957522178,2.3589430459995455,3.4120488351731346,1.3832369778710463,1.448854605530468,3.9939082265854644,3.431323735540569,1.1254924531982173,2.08717580995755,0.8169965603539455,0.583102607635236,0.5202760676265791,1.4153789476237115,1.0276005843870073,1.0737521979553912,1.2511572954937642,1.3451579439988526,1.1077945126728916,1.1594692488746747,1.1595017429040713,1.0408772666669612,1.1517872728328717,1.0155814235668754,1.5751143408521586,0.8659534760581087,1.6636047369862903,1.3161362888126547,4.497060524276432,0.7491194098065083
CHI:22,1.0403366325810395,0.8100600100377854,1.64523428840032,1.0085224081944204,0.5321077297417469,0.6657116610281891,0.6793923431860285,1.5562060814527579,1.4215617993866099,1.189611630289817,0.6217166041738117,1.5069423964670312,2.3006166699288344,0.4184820847889157,0.5961681510900523,0.38083065360495044,1.0786270863340846,0.9098593550890224,0.7104568872594026,0.8486162464553922,0.3677331172889984,0.0,0.814144622067871,0.38603007708722953,0.7824343835983258,0.5290672876439211,0.728821166254948,1.5851870709631477,0.9235027086236578,1.345415073508505,1.1827341740483617,2.8616611967192043,1.7239743402718941,1.6420526261411366,1.652307716284145,1.6843611090822272,2.2799357123534287,0.9613113739722098,1.343174803919196,1.9475149230711724,1.6424731396876675,1.1925827674283367,0.8874442601507735,0.8375998670886069,0.9053292343045115,1.197261801263438,2.2642213636124398,0.9785937930511857,0.9951936761413419,2.5326159058520044,3.5700415836138104,1.4503192617091034,1.3735601195519276,4.127018565879089,3.572476983177596,1.1159413335902428,2.2071113835159095,0.8819913768909975,0.8338964579508513,0.5119709702309909,1.4517417635908902,0.8257152884451189,0.9413246736902807,1.2313257496928283,1.303423118378752,0.9898231741841415,1.0175307241127576,1.068264035882835,1.1256635667674064,1.1792345545814138,0.8517693756032275,1.52397692655584,0.8337041756878292,1.64320421734306,1.3351297072201105,4.6769846456367175,0.704260750311734
CHI:23,0.9253687086635058,0.5907322312230973,1.5388787850275243,0.8469720274001971,0.670120063839171,1.088201835664962,0.9855002783045557,1.852732411242366,1.2586018060044915,0.9977791798230135,0.6817451736938478,1.262191376229705,1.8974810907470094,0.6418238441608737,0.6005701104508425,0.7393603834487502,0.6648654780135161,0.5068212653682209,0.4543175844304719,0.43089772187663733,0.8488474173373449,0.814144622067871,0.0,0.9802340414986811,0.2605691459361108,0.7328432817274463,0.633507129512884,1.7398999468327416,0.41432386586333053,0.6914597719252226,0.9949101549047474,3.127791009331918,1.8250826961396647,2.1552849831136474,1.4751505100905626,1.5505625754434988,2.5312361644111867,0.7582282123339394,1.2039606554605409,1.4507211545604717,1.4402046615207593,0.8536436425303532,0.8089081531224366,0.6301793331936811,0.9386467723787266,0.7430274316885029,1.6245756203343635,1.120774783980992,0.7881735780860243,2.1078695007082033,3.0295978270125183,0.877778987210089,0.9496377546498815,3.56888188620472,2.9890769410201905,0.7322645059971554,1.7648957252907118,0.3216979425423351,0.8026129223790079,0.6165403336030839,0.7309884273237204,0.6428031047019527,0.38311095007546725,0.6723703067877113,0.6477158229838491,0.5579413565275032,0.7387786720371228,0.8675463940559135,1.1373805314645216,0.7871113042518404,0.6608187338412588,1.1980989854231832,0.8308725603992817,1.0781240230363744,1.0181191053181138,4.2652541146738265,0.9834579330987852
CHI:24,1.2064573469582398,1.0559005300236521,1.6111700038233643,1.0559341067522223,0.6329386875578633,0.6562958166325099,0.5941689947392931,1.3775426720499189,1.636342720757473,1.3753129898625125,0.8415193441508707,1.5981130869729536,2.276360666667544,0.7339766033034492,0.8787962355603343,0.6105450882734799,1.3205378020056857,1.1629589686163926,0.9605679173724619,1.114944267776243,0.4019780853414215,0.38603007708722953,0.9802340414986811,0.0,0.9817971934972176,0.7082620583436045,0.819741428059748,1.3385084866151176,1.0612320822015229,1.3902560474292853,1.0403587175730453,2.662996564889254,1.604573604246645,1.4899648634543563,1.6198126010802611,1.789844058331588,2.1558936493472642,1.1487828760659438,1.459506003562345,2.057666676792815,1.6464109463012104,1.2998416873098304,1.1642084995567863,1.0372007653678768,1.0328676105056225,1.3617744011081627,2.329127570581019,1.0526308906257653,1.1833433704856668,2.5009531979435278,3.5655998428653457,1.6037628357141938,1.6380786014411781,4.179240525540434,3.624252290897516,1.2931679689009086,2.199666370396207,1.0249039897305028,0.802236842073262,0.7100650340136911,1.5513522793045325,1.1355558484586372,1.1812088718464617,1.4587738883836756,1.446116039196394,1.2722840081724818,1.2688369878026327,1.2544707988254447,1.1678117153448606,1.3711148924308385,1.1528052918499692,1.6751455382028748,1.0747391546314025,1.7890836374387533,1.492248307141843,4.62628226429647,0.7961380985816864
CHI:25,0.8301986394389826,0.5471129204185832,1.4488041064856514,0.7320898763724794,0.6841954093724975,1.0519271425155525,0.9763856603812289,1.8052753163169881,1.204784003608668,0.8946782042811929,0.5564161656954422,1.148127428270507,1.8293732485250676,0.6115438739076163,0.5191100478113576,0.6564824138118044,0.6029228513455858,0.4265451198749339,0.4958223182220689,0.4907272952382429,0.8363495433170036,0.7824343835983258,0.2605691459361108,0.9817971934972176,0.0,0.6736366843957967,0.5962414169605663,1.708434949440693,0.37321315732337884,0.7747374747056034,1.0362467694218231,3.0491970705091465,1.7832712701841729,2.1198606638522293,1.4264143354841963,1.405121754520841,2.5070315980651228,0.6383671058697347,1.0479515186591193,1.340627398776512,1.3631802029999796,0.7714137173345471,0.6658473741428427,0.4364723249961739,0.8228367020263827,0.6026846779468612,1.617021329850829,0.9801059289448583,0.6533947150404144,2.0577338084942163,3.0058143392932894,0.8384598510469168,0.8405948038288632,3.5073240153129084,2.9759434603904396,0.6456362649500192,1.7557366673797359,0.4200243093820385,0.8032639768815244,0.6425321214600105,0.7986806776743742,0.6000940495221725,0.4559912872271731,0.6201322800603722,0.6692188593694418,0.4981936888503269,0.6537910414546997,0.7817610236002974,0.9707767736494611,0.6937184323833724,0.528644134883253,1.0892849225780854,0.6873881031966889,1.0452890037828317,0.910323084747313,4.204257712286739,0.9305924846652378
CHI:26,1.1837828406559332,0.8700740736078049,1.776112372062495,1.115917499941344,0.7311340011076726,1.033990828306942,0.9800307486122267,1.8145241802695984,1.3479947749182049,1.0097342457282177,0.5522030517406058,1.3880143106875868,2.2555768379165424,0.6378545421079067,0.6030260520518954,0.4723130819417762,0.9683304963561519,0.8576715185636633,0.7345901545062068,0.8484974022480795,0.5882613099695504,0.5290672876439211,0.7328432817274463,0.7082620583436045,0.6736366843957967,0.0,0.5098036036189292,1.6363981480939815,0.6637084822626393,1.3004222468269238,1.2254860451853196,3.039506938252909,1.8460479453360525,1.7255919743157662,1.5920801322751759,1.5905266882993077,2.1371739241072363,0.8689708415299805,1.3510698352328496,1.860331450906328,1.6868227415840804,1.0598845966908201,0.8655429379268414,0.7013465964848056,0.6365474950207182,1.0172862527577184,2.042838181370247,0.733940567125797,0.6945779139732646,2.3683240603637654,3.443233329538556,1.2930377028753943,1.0979286122734906,3.96775906634397,3.4381826833921045,1.017452889237365,2.1564106510752374,0.8583919023736581,0.7735550288664825,0.49947015933619304,1.3160097822162569,0.8082089970438759,0.8972011334249493,1.103174434952065,1.2347696850606775,0.9298000486459364,0.7158340430358353,0.663466333090914,1.0190023574432965,1.0094602001066018,0.6640845203659422,1.4154478804967228,0.5342496883278949,1.4472977932913387,1.1265956609885097,4.620874840820282,0.9763869422990546
CHI:27,1.0228435786964274,0.8929806132389445,1.53538126633711,0.9001627803696671,0.7300154264498706,0.9567080972693206,0.87419352293522,1.717089378071717,1.51221694530488,1.143425784858861,0.7087197926443745,1.4116536400896789,2.0488990004133436,0.7679388456610092,0.7357595867126966,0.7406743361106374,0.9443797292279363,0.8849225362081304,0.81044713751408,0.9078012454873663,0.7972385156753735,0.728821166254948,0.633507129512884,0.819741428059748,0.5962414169605663,0.5098036036189292,0.0,1.4897569170362073,0.43422430345901875,1.0472715878445509,1.0868657500059538,2.970779407060361,1.6697775837087547,1.9177302739610307,1.3341167210578788,1.4200424585669906,2.2593229925783693,0.6328024418841501,1.1723889219829111,1.558508130754243,1.3910232273253993,0.6882951657745088,0.8020957814977654,0.6182768848196217,0.8333027320575104,0.8501459144319685,1.8783118877816922,0.9269312261797774,0.5648156470031181,2.1674607234328143,3.211711497219364,1.1752560936365548,1.1129751924493057,3.77390325160155,3.2488480269573996,1.0300102753707663,1.997140885043837,0.8136131375208713,0.7982502762255883,0.729659079243556,1.141757803748287,0.8890854346531363,0.7920463787056112,1.0657309881609642,1.0828422293644253,0.9075534131610632,0.7361771866085788,0.6443155793054285,0.9728910173251589,1.0458364576352401,0.6909172976767515,1.424541056659948,0.7278386464885661,1.3014869168328163,1.191480750434587,4.43274249017481,0.9007734094013208
CHI:28,1.6554461697251355,1.938662957357466,1.4559964171637878,1.4171498466655768,1.6256565394769482,1.5376597478025515,1.404237944570244,0.979374622110329,2.4572610132359114,2.0486343365285125,1.763958591475298,2.0275196073570076,1.934200900454976,1.8003681017497697,1.9079204408790418,1.613240933530919,2.108852345103158,1.9831614666816564,1.9142995914934786,2.061506835778028,1.4898217995385346,1.5851870709631477,1.7398999468327416,1.3385084866151176,1.708434949440693,1.6363981480939815,1.4897569170362073,0.0,1.6473236988131776,1.7067578007878201,1.1260846938585738,1.7460125438482696,1.4074701938434346,1.7727131575125015,1.4759111868716315,2.0590737464771434,2.3343537623586412,1.6861704865861142,1.6016271586139477,2.027511870122806,1.3291824471594822,1.5952249389653175,1.9337142567975765,1.6769307842249086,1.739621765191643,1.9224736829816906,2.5240714759390857,1.7283586821140255,1.8304649420319057,2.074903554583083,3.3689060176357133,2.1056949115707875,2.3687372592957496,3.9162679975241503,3.6218460743933694,1.9989724837601932,2.0587209601372662,1.8045229370454727,1.4086807866599529,1.8104917392019153,1.9853011142846622,2.1371028735499977,2.001253348252302,2.169203791689422,2.023456164773375,2.1440300382687107,2.112383219902921,1.8965330167209835,1.3275522578134589,2.006717539928657,2.0357108068495053,2.222199700342341,1.905374593024583,2.2139354066208887,2.074165897294375,4.034871598698123,1.577372617975574
CHI:29,1.0122758304333324,0.8008695462874846,1.5299097565297548,0.9015452072691722,0.844281175149778,1.16871088252267,1.0701623381962704,1.8622922423386994,1.3763877753520117,0.9974609204004896,0.717005039740947,1.2453597737531068,1.9020711550411578,0.8418639121353174,0.7475049089778896,0.8231114570530798,0.7905724090036653,0.7044563088006073,0.7363142166644693,0.7389846539181815,0.9441889472235124,0.9235027086236578,0.41432386586333053,1.0612320822015229,0.37321315732337884,0.6637084822626393,0.43422430345901875,1.6473236988131776,0.0,0.8093406311840913,1.0409503020623554,3.0636230511401044,1.7276644227732227,2.1131660554528815,1.3040007467472046,1.3608892057771347,2.369081351798526,0.6545301859155525,1.1440291927366875,1.3712646666928978,1.37479346240397,0.6512598129767039,0.7793574289439129,0.5704308465996862,0.8459409562186484,0.6500276255932412,1.5415613962226118,0.9806065417206129,0.577543432879967,1.9649239828330933,2.9654761434266943,0.9019844470950309,0.8952944446267721,3.477071302989676,2.9654156828340756,0.8359909994040682,1.7966039545693995,0.6131542192781697,0.8036950434085817,0.7824728189440451,0.8095717007192934,0.8312119309048999,0.6299235361725772,0.7978628863082791,0.8117927499821532,0.7423626148534628,0.6718742923255995,0.6493147579957544,1.0245560288961089,0.8207426635631568,0.6390206684464435,1.225105803843543,0.7322300879954144,1.0656970535532042,0.9935123794862543,4.233468179472415,1.052552976063174
CHI:30,1.0465320806990268,0.97896428020215,1.2542094565868736,0.8732092249109167,1.1596393317602698,1.3834999181243075,1.223134713892334,1.8726247015465334,1.6302086142077274,1.3405526890054347,1.1980260143534147,1.3613919024061245,1.4646187807448725,1.18973021634437,1.1780726906514074,1.250755827467054,1.0272613669375164,0.9625585337457836,1.0311933394904669,1.00006721962193,1.2923403900994257,1.345415073508505,0.6914597719252226,1.3902560474292853,0.7747374747056034,1.3004222468269238,1.0472715878445509,1.7067578007878201,0.8093406311840913,0.0,0.9582425855751235,3.034092222509,1.7477168867972814,2.395667251812706,1.2712493934798086,1.5182825801185533,2.7190595201694476,1.0422670846875555,1.1644771558990998,1.1380234120600845,1.2321095225184395,0.8770094789398339,1.1558930683161195,0.9580688415894897,1.3197200404955196,0.8467212792056465,1.4670787272964037,1.5069532169992352,1.1472784464435708,1.730160415459626,2.5740679090654566,0.8189063174221973,1.3069844928775485,3.12725017206469,2.5766158449034546,0.9964597757709821,1.466383603151865,0.6711200185350424,1.0751802816232103,1.189136048964604,0.6740457262760254,1.2143515617263783,0.8664132055013412,0.9555401502914818,0.6566379492426457,0.9878803424468323,1.2661145085099823,1.2751437829765546,1.2570947075020027,1.0435565505636895,1.205555782727723,1.3476236321440132,1.31966512327151,1.013728714963507,1.2183528847620086,3.741319174213146,1.2319649940560196
CHI:31,1.289227622277721,1.3784120341204804,1.3478181335852795,1.0209638152472857,1.1343757534429404,1.3037700875907832,1.0849384448772048,1.4119799057455504,1.8641014184802955,1.5559023967315424,1.2169828116611563,1.5188008692399249,1.6759576041895472,1.3158288767667425,1.363279674115828,1.1671647562879937,1.4772182145512696,1.3345573143583689,1.297402066684428,1.3130178301898086,1.0278803395786356,1.1827341740483617,0.9949101549047474,1.0403587175730453,1.0362467694218231,1.2254860451853196,1.0868657500059538,1.1260846938585738,1.0409503020623554,0.9582425855751235,0.0,2.458771457458121,1.4547036418863484,1.8862555258023643,1.4361594873720716,1.7887279423897338,2.3256223511352325,1.3569358842781187,1.377123704342727,1.6438913289530726,1.4167038567087298,1.2950868876336386,1.4621939617369073,1.1567861358605562,1.3027953270013994,1.3058524344118765,1.7642832064143574,1.3941795100543977,1.4178372842037257,1.7534610383400016,2.810700147251001,1.378891297641685,1.7399869631490013,3.483535758988221,2.9664642742768073,1.2974045281244417,1.4722994555321405,0.9591378525632746,0.6938137663213457,1.1756873543390933,1.052292597419602,1.4959497024730002,1.305161323664414,1.3901860128184964,1.2380095429805407,1.4701143883279073,1.569005140889338,1.5285895685458692,1.1135136914658905,1.3562562409492898,1.4933227914191154,1.6357535717330551,1.4300606856501137,1.6471979640291001,1.4813278015444133,3.8094855377392363,1.2811284102614082
CHI:32,2.734996377060903,3.216100096173922,2.1913911244522684,2.6769806213848186,3.018097861944034,2.6565190511483507,2.6554910145669584,1.5385724003539332,3.736197821256038,3.359524228193478,3.076631314219684,3.24724491230717,2.9346689493788265,3.0710068887452286,3.242828076495996,2.8757045061933737,3.4831957814282797,3.297140264832348,3.278321670913951,3.3791606478012874,2.752080279270743,2.8616611967192043,3.127791009331918,2.662996564889254,3.0491970705091465,3.039506938252909,2.970779407060361,1.7460125438482696,3.0636230511401044,3.034092222509,2.458771457458121,0.0,1.9997604707870562,2.550655876291995,2.5396049982261757,2.982511778830207,3.251541744862394,3.0295867464368165,2.6003997737201585,3.092054424927095,2.4159814276336697,2.9267125533422083,3.082613505054197,3.005205208780008,3.083690684754885,3.212755982630482,3.7322464321827757,3.039303451648603,3.2539002930558647,2.9800636826568008,4.134570112915031,3.391129366237652,3.7149563436763797,4.447149022039851,4.4939611339980265,3.318066783402258,3.1058214865436464,3.1295827978028607,2.7119408936691833,3.1737326751592914,3.327424310830886,3.4714217522997743,3.3735060755335287,3.4743981190853472,3.3702954447007736,3.4480538466116033,3.5418793112382465,3.367982012813798,2.5604453555500135,3.3166079154613817,3.378975903007792,3.4737096559670024,3.2361643055513154,3.594203402657115,3.378467357305847,4.4551594994801,2.661286737863464
CHI:33,1.7235259215380998,1.9723326703556288,1.340281695657669,1.6335470841085316,1.8712997128613873,1.5211133319696408,1.323089422837762,1.3364969550891035,2.6099949244377427,2.2023959032204314,1.7627378477816533,2.027508834474607,2.231479822405413,1.877500517879289,2.0067241868918635,1.7245587613271214,2.1923795127841146,2.050694112713555,2.0461164118126884,2.1136528728643578,1.5649047254889648,1.7239743402718941,1.8250826961396647,1.604573604246645,1.7832712701841729,1.8460479453360525,1.6697775837087547,1.4074701938434346,1.7276644227732227,1.7477168867972814,1.4547036418863484,1.9997604707870562,0.0,1.7290868819091467,1.0037695044484347,1.6641643125492782,2.0734254495376665,1.8777275965035278,1.683973232653007,2.133998033899152,1.6501246645318337,1.569381659973136,1.74181642314511,1.7763913110764138,1.8683326941105978,1.8159655336299678,2.3863043790411527,1.9105033818643913,1.939253434905771,1.9666562281366466,2.9630331524771885,2.0025909296725324,2.3809972611876375,3.460385847729147,3.1763334909564116,2.0537888643827524,2.0549023117991303,1.7664309978090735,1.4646512461924712,1.941573815939706,2.028858811442407,2.201968350337697,2.0508263459371587,2.1312082105323813,2.0574520928953346,2.115057836230097,2.2343006273770176,2.105628471667896,1.6466331830507268,1.9514105257126526,2.0734672267694525,2.305627653990579,1.9744728440534793,2.2917003603036084,2.165283783057172,3.9094538967680474,1.441267883365094
CHI:34,2.2449866085524874,2.1728725156944386,2.288420246564563,2.152928228691524,2.0224846146669586,1.8242967859067791,1.672671921600052,1.8897311716010492,2.495953941488841,2.1694437602984515,1.8099496198614529,2.204552223119819,2.8650324223478565,1.95790207415641,2.0744262238025857,1.6386660552509895,2.4017645543473316,2.2926772219278018,2.199760014674437,2.292938583704243,1.4179979599253576,1.6420526261411366,2.1552849831136474,1.4899648634543563,2.1198606638522293,1.7255919743157662,1.9177302739610307,1.7727131575125015,2.1131660554528815,2.395667251812706,1.8862555258023643,2.550655876291995,1.7290868819091467,0.0,2.0126990436528596,2.169396256282874,1.4122912286376692,2.2743036730737876,2.2184561208056524,2.9624147393185885,2.4945397063037538,2.2501625223145423,2.084822950158982,2.0061299491590736,1.69070369176077,2.2742605122135386,3.080345413974807,1.6803478100221882,2.1285789169420077,2.687035055217188,3.8955707330234812,2.414633926613952,2.544013828218274,4.436075440249502,3.966750073898809,2.2488471311422353,2.6878013025574017,2.0720110897038584,1.6070737162236106,1.798462830505225,2.557161051673887,2.3169977078208635,2.394858430993951,2.4610916207913327,2.5509334317268264,2.390976018655289,2.3436590917325737,2.14792477549974,1.7515287639434667,2.1524963216426634,2.2204295135150556,2.5417425553145154,1.8847458176612077,2.6876532197832463,2.225329294736246,4.683294818034387,1.7836937805915765
CHI:35,1.4804236770550545,1.5671622441180466,1.2543805766558414,1.3473983067697821,1.6668608918490078,1.5456916094208546,1.3265004710655646,1.6906999251574377,2.1743433846241107,1.7054246891262084,1.5057628334070856,1.560904684387848,1.787271745937015,1.6627360590367648,1.6971950358675119,1.5483123729712127,1.6993149642190537,1.641057409519212,1.7147673321226882,1.7886448695316837,1.5487641176340738,1.652307716284145,1.4751505100905626,1.6198126010802611,1.4264143354841963,1.5920801322751759,1.3341167210578788,1.4759111868716315,1.3040007467472046,1.2712493934798086,1.4361594873720716,2.5396049982261757,1.0037695044484347,2.0126990436528596,0.0,1.2119330795290433,2.1339890403347357,1.403812843542815,1.3312680850484209,1.6177590790417087,1.1995482864356048,0.9625991367555147,1.416626496306952,1.396636489181477,1.5187488077493219,1.334748435510584,1.923241646602312,1.6254424898403739,1.4211000546539665,1.5560657082899034,2.6597052093846902,1.4665915066638475,1.8514896131614091,3.023310924026374,2.751764379123784,1.6348994426739492,1.7942531575388716,1.4739461801099887,1.4235718023521817,1.7342645331085789,1.653615421847543,1.8720790204269473,1.6643139615288154,1.7091874046769717,1.58871787242356,1.70665012377663,1.789460032724843,1.5591283328805177,1.392527296070028,1.4695078122155147,1.6787552409855826,1.8189454542908292,1.6045785579353389,1.5830866828034316,1.6551204427665829,3.5966259351673626,1.379063319578994
CHI:36,1.4298648925800292,1.4544637639839748,1.3884067202153172,1.400902533887197,1.7889447006773318,1.6343436465915107,1.6232380449952177,2.1180030801424614,1.8956488296423353,1.4918341728240818,1.4388931471333395,1.4897002368703485,1.9705259414220906,1.6482460893188584,1.5806826285986344,1.5033983700105806,1.5423255560258151,1.5355130444981235,1.749410733978066,1.7131274154077438,1.6306265755247267,1.6843611090822272,1.5505625754434988,1.789844058331588,1.405121754520841,1.5905266882993077,1.4200424585669906,2.0590737464771434,1.3608892057771347,1.5182825801185533,1.7887279423897338,2.982511778830207,1.6641643125492782,2.169396256282874,1.2119330795290433,0.0,2.4663021235997116,1.3588557691309904,1.0643079619189246,1.5035200034963772,1.617313887713051,1.128377059167819,1.1259671941341807,1.2144823573815455,1.3467850746543792,1.1248160208825548,2.0708754411791053,1.4042998044914397,1.2731305530892427,1.8886629515684867,2.878818605558858,1.3170938346725858,1.4963381922424868,3.1269124591109576,2.8398293841307316,1.4732884478862553,2.1771443827668513,1.5127927699343806,1.5697071905409161,1.6350813526646697,1.7491546131196167,1.7260730421833588,1.680908816966805,1.557711443943162,1.6408718172956502,1.5162496893126431,1.5999821666567267,1.4459532263334738,1.2368864183001862,1.4164985692575716,1.4458817502878294,1.6715730017557098,1.3160613545843027,1.5218778327623794,1.4053863485060478,3.8914781205536575,1.3858352073577702
CHI:37,2.935475242134735,2.6507342998752237,2.9098175513012206,2.712101774276702,2.502101238421554,2.5279059173982463,2.2590398489060504,2.769656250144663,2.7555960177809204,2.4099958555212666,2.190011688080704,2.311418570370733,3.2236642760891807,2.5446740662446863,2.516849240521251,2.207473043030998,2.691017202781824,2.662086122434419,2.6318253723993124,2.7175535612044337,2.066016788722903,2.2799357123534287,2.5312361644111867,2.1558936493472642,2.5070315980651228,2.1371739241072363,2.2593229925783693,2.3343537623586412,2.369081351798526,2.7190595201694476,2.3256223511352325,3.251541744862394,2.0734254495376665,1.4122912286376692,2.1339890403347357,2.4663021235997116,0.0,2.6877747322009573,2.8393099088774516,3.293051449830362,2.9886962097373995,2.516241941192371,2.5572643608558216,2.4267958794403293,1.965405411856613,2.495292890084027,2.8973161905873868,1.9419256235492386,2.3367165099298774,2.6107520715023536,3.5943730592096856,2.5739193518415098,2.7048142311488146,4.199405091767535,3.6958237505876497,2.502875679060452,2.893639204083215,2.4659852893024126,2.017552998559996,2.3172919401551355,2.732006090133145,2.720634968471253,2.7604559388229655,2.6940640027677962,2.775906815522086,2.7737638041715034,2.5898373688355125,2.3385636682961697,2.325758502340502,2.3501861069140713,2.5647942554505128,2.6498234978539186,2.2062213859272766,2.765452825655424,2.3729200805508808,4.589135383183933,2.497597619284926
CHI:38,0.749661102259115,0.7356851045914647,1.4334988142162186,0.7396761065464726,0.8566953169276582,1.0395695884851845,1.0801111416867866,1.76519364179126,1.4279076988031825,1.104921905789869,0.9176419191829599,1.4257105697423103,1.930120910620338,0.8098609849002459,0.7632472292351646,0.9531988529574038,0.8204160693178804,0.7784736470591768,0.8131537356259029,0.883361273895865,1.1484498771017446,0.9613113739722098,0.7582282123339394,1.1487828760659438,0.6383671058697347,0.8689708415299805,0.6328024418841501,1.6861704865861142,0.6545301859155525,1.0422670846875555,1.3569358842781187,3.0295867464368165,1.8777275965035278,2.2743036730737876,1.403812843542815,1.3588557691309904,2.6877747322009573,0.0,0.9254299959002257,1.236901885406715,1.0993186338843295,0.6057044725422066,0.6856745786026248,0.5770429452311261,1.0807601991239573,0.8538918630112404,1.9303399220705868,1.1701503806230014,0.5935429333293548,2.2435913060695447,3.2632376941729757,1.1868277111528005,1.035793127128557,3.6839621471098924,3.2559785249635156,1.0361273729898925,2.044880513464053,0.9827404022350976,1.2244468389889869,1.0222258404722289,1.2153654560012717,0.8193556248393302,0.7341441118601717,1.0578666505356982,0.9870896156176593,0.7846886941073234,0.7805330867962683,0.724243340959222,1.0553043318905757,1.0786382288030227,0.6465603491399349,1.30039366492686,0.8894147360302506,1.168538855959163,1.1806749216948913,4.397435942786798,0.9606840438559495
CHI:39,0.6452736330895804,1.175158729917886,0.8543938912190858,0.8275589099366965,1.4168507490859574,1.2919462336957608,1.3357555176543712,1.5390786961715934,1.8383350100470743,1.4712941598631042,1.2784212616502248,1.5772539554176106,1.5871785443218391,1.2568535310936217,1.3085773739220412,1.220608531399978,1.3227176421598077,1.2323040065760535,1.3828703370909416,1.3824732274062514,1.3582639274325783,1.343174803919196,1.2039606554605409,1.459506003562345,1.0479515186591193,1.3510698352328496,1.1723889219829111,1.6016271586139477,1.1440291927366875,1.1644771558990998,1.377123704342727,2.6003997737201585,1.683973232653007,2.2184561208056524,1.3312680850484209,1.0643079619189246,2.8393099088774516,0.9254299959002257,0.0,1.0369102054491854,0.9966810992265566,0.9005720942987424,0.8978216177182784,0.8769906308148346,1.3318724327106668,1.0472018334611033,2.132053668848722,1.4663295929235345,1.1789310891967384,1.9728536684573885,3.0654239409556006,1.3011781649362801,1.4688191925644043,3.350785138573653,3.10047908408694,1.341298019550725,1.9022660419326882,1.2311883902855911,1.3178899229518128,1.3927486387625476,1.4891955315144567,1.4133360665723604,1.3127776852465105,1.3642630279673222,1.3757906279313339,1.2371849930494316,1.4305093851729562,1.3516589278364939,0.7838623751085777,1.344455814061532,1.2433402262960895,1.6376956904473423,1.2564471668314074,1.483616168768882,1.440547174666325,3.957956694461555,1.0199634364253505
CHI:40,1.24671111552401,1.5405446872144128,1.27927202527286,1.1288797340042178,1.7850048287530735,1.9053895019707945,1.8609257393254246,2.176198603975238,2.0011710609911395,1.7127479447490819,1.726747888621896,1.6679396333151826,1.2681677491324561,1.7776903289558963,1.704081527800359,1.8318548136872732,1.435765043831973,1.453454067783928,1.6741302032666552,1.647383478469075,1.98503052453946,1.9475149230711724,1.4507211545604717,2.057666676792815,1.340627398776512,1.860331450906328,1.558508130754243,2.027511870122806,1.3712646666928978,1.1380234120600845,1.6438913289530726,3.092054424927095,2.133998033899152,2.9624147393185885,1.6177590790417087,1.5035200034963772,3.293051449830362,1.236901885406715,1.0369102054491854,0.0,1.1268899939012853,1.1299110751371046,1.45988954491651,1.2489883665060924,1.766939432669463,1.140249797738004,1.7189267701580748,1.8737856967082225,1.4290364964638955,1.7416468831303968,2.5070895966593483,1.2393425742059498,1.51332102025082,2.872157865660508,2.5778005616871438,1.4399800413196615,1.7080178102564572,1.5091094924381592,1.7732265071629887,1.8956879428110747,1.2803917270016973,1.6825833382262265,1.4594667714363503,1.3794578854651331,1.214765766978194,1.4422584766953366,1.6281888396694726,1.6093157297535812,1.36236465172176,1.5103707961516533,1.5525108582002687,1.5427741836580364,1.7006384581708351,1.269565024546504,1.5399055765394858,3.5287984289745946,1.742813262490742
CHI:41,1.0161826717017002,1.472371135269768,1.0533862346173595,0.9136168286413886,1.5047715722829567,1.4571010366504997,1.4116521259706856,1.3746156630060016,2.1169904108608657,1.7488488331595158,1.6325720628014964,1.7425870243721047,1.4371534531622316,1.5714179848396754,1.635131072805141,1.623272381755081,1.6228937606048839,1.5408884141275139,1.5953832859951758,1.679427572820238,1.7079070696591356,1.6424731396876675,1.4402046615207593,1.6464109463012104,1.3631802029999796,1.6868227415840804,1.3910232273253993,1.3291824471594822,1.37479346240397,1.2321095225184395,1.4167038567087298,2.4159814276336697,1.6501246645318337,2.4945397063037538,1.1995482864356048,1.617313887713051,2.9886962097373995,1.0993186338843295,0.9966810992265566,1.1268899939012853,0.0,1.0382130996533656,1.474527351789437,1.332655201749922,1.7706283333066661,1.4889434457049575,2.1110384921566205,1.8279286965811279,1.4978091941759621,1.9050963185586762,3.0353625424729955,1.6671381569748949,1.8873046525739259,3.3458373955528753,3.1384517003346564,1.6651032560620682,1.7591858379645924,1.5610407153021457,1.6785484920517117,1.8010883099073105,1.6239923772420397,1.7437735433877124,1.5265389493624864,1.7287078993113787,1.492888547133875,1.629699760649287,1.767335478634666,1.6310019805223466,1.3114330638812624,1.6381888376890963,1.6410342806557847,1.7872190953193856,1.7540111820325253,1.6308082705019773,1.7805364784151687,3.7782521462457246,1.3984538727034619
CHI:42,0.9213632972395818,0.9694619413863922,1.2302539261805099,0.8660333327563232,1.1178451354992736,1.1941268538868512,1.1210219650968005,1.78128822690182,1.6651279674842199,1.2539696868996564,1.0347169321188348,1.3959835086529273,1.7804492536661083,1.0759940716967773,1.0523310933786318,1.1009480756527328,0.999929145314397,0.9800601791141184,1.073355119888063,1.1439345367377396,1.235277892066042,1.1925827674283367,0.8536436425303532,1.2998416873098304,0.7714137173345471,1.0598845966908201,0.6882951657745088,1.5952249389653175,0.6512598129767039,0.8770094789398339,1.2950868876336386,2.9267125533422083,1.569381659973136,2.2501625223145423,0.9625991367555147,1.128377059167819,2.516241941192371,0.6057044725422066,0.9005720942987424,1.1299110751371046,1.0382130996533656,0.0,0.7849191984238376,0.7504837780122733,1.1188729576673901,0.7212268066203875,1.774428207538569,1.267662793656622,0.7107260925493181,1.9163182292994119,2.9139163449969154,1.0115292729693512,1.160510061758578,3.347264761128706,2.9428021444384393,1.1048164277978485,1.8963741593579881,0.989119320175668,1.1524021330183538,1.2058554276044342,1.172351449786003,1.157320369545782,0.9341286858561616,1.0815563702855209,1.0257291197449585,0.9796468885002886,1.023188987415558,0.8838233640224957,1.058590528859723,1.0736149962055666,0.9268690619793177,1.4039326387553528,1.0274378560040893,1.070670031757673,1.2360028738222557,4.060311338962124,1.012144438228949
CHI:43,0.7486530677411648,0.7118864986190185,1.3963581906703064,0.9700836559578393,1.043745096398299,0.9998746768597151,1.0669397811094115,1.850778429106223,1.47838140336586,1.1753507349997603,0.7895489174467999,1.4632396610952332,2.1361546237355538,0.7081865192180545,0.7501646724027682,0.7983436875187336,0.8941333526062473,0.7986832470038803,0.8766629024753149,0.8482103398034034,0.9792094395946683,0.8874442601507735,0.8089081531224366,1.1642084995567863,0.6658473741428427,0.8655429379268414,0.8020957814977654,1.9337142567975765,0.7793574289439129,1.1558930683161195,1.4621939617369073,3.082613505054197,1.74181642314511,2.084822950158982,1.416626496306952,1.1259671941341807,2.5572643608558216,0.6856745786026248,0.8978216177182784,1.45988954491651,1.474527351789437,0.7849191984238376,0.0,0.5988737736752886,0.9952791764643119,0.7510122608472243,2.0426362145124135,1.1616624851814261,0.7519702312049258,2.3103266160695566,3.2472919902500195,1.09415838614874,1.00527190206521,3.646585214196576,3.1968711091426503,1.0324199397928366,2.138185877212101,0.8593189800402303,1.0896033709163713,0.8991049164229051,1.3129955313553685,0.8038571535823419,0.8050294243082726,0.9728977395479557,1.1322712735936122,0.6718341011953638,0.869168541053303,0.9242060050752569,1.0620744054442781,1.011815499459137,0.6052045178883778,1.4327588321718168,0.7444614777533676,1.3369423932996178,1.2054988310317034,4.448032580706376,0.7201054358196792
CHI:44,0.8426316250348556,0.6736797169017718,1.3895466348322318,0.6980417210124253,0.847990407804368,1.095511789931331,1.0132597601210311,1.816294182133055,1.2298547617319884,0.8773643955749191,0.5869215594660142,1.100421301379261,1.7569643281004672,0.746823815832187,0.6248226139685575,0.7026932483718069,0.6535811695504291,0.6063151336150565,0.7442112530521515,0.7736763928014951,0.8948017468848104,0.8375998670886069,0.6301793331936811,1.0372007653678768,0.4364723249961739,0.7013465964848056,0.6182768848196217,1.6769307842249086,0.5704308465996862,0.9580688415894897,1.1567861358605562,3.005205208780008,1.7763913110764138,2.0061299491590736,1.396636489181477,1.2144823573815455,2.4267958794403293,0.5770429452311261,0.8769906308148346,1.2489883665060924,1.332655201749922,0.7504837780122733,0.5988737736752886,0.0,0.6796471986535646,0.5307032269443449,1.7548726956530416,0.838870348984008,0.48098983300884574,2.002497049277595,2.9982804631347046,0.8624641201963043,0.8154501554125532,3.493800806891763,2.9816186561617957,0.6795954834448847,1.7971098716816858,0.6938361689225022,0.8866750124865477,0.7607894847286512,1.0120601258534012,0.7140935322389579,0.7231549001156213,0.7583445376802394,0.8404142106602722,0.6367685253193892,0.6846022019792825,0.6863970497612464,0.7053628138337363,0.7233285777387465,0.5263993452151335,1.067394478640601,0.5475941986040479,1.049728896150094,0.8287453277634271,4.114881962573917,0.9463557140655887
CHI:45,1.3936877073598202,0.9499343851585338,1.7731553789073942,1.1928293872886775,1.0262643726551623,1.3553307384211088,1.216007422600685,2.0466915379202444,1.1102415519384907,0.7027862488906604,0.5732551862578468,0.9788409949347237,2.0355824456455363,0.9706565982287289,0.7998230625757141,0.6325769718266893,0.8919845999252831,0.8719495191607762,0.9720370326600767,1.0548324642212543,0.8261515917193988,0.9053292343045115,0.9386467723787266,1.0328676105056225,0.8228367020263827,0.6365474950207182,0.8333027320575104,1.739621765191643,0.8459409562186484,1.3197200404955196,1.3027953270013994,3.083690684754885,1.8683326941105978,1.69070369176077,1.5187488077493219,1.3467850746543792,1.965405411856613,1.0807601991239573,1.3318724327106668,1.766939432669463,1.7706283333066661,1.1188729576673901,0.9952791764643119,0.6796471986535646,0.0,0.859673750495822,1.8994334047461348,0.4197911953803443,0.6800679042200745,2.0706994154177223,3.1291090006100424,1.0021511685426128,0.9467977431616915,3.646465968411707,3.0903636341035146,0.7485924206928222,2.025179681791385,0.9316475673859432,0.8526002333926798,0.7409515005873736,1.3057192402814086,1.0083862330958455,1.1228564571843758,0.9752803649395878,1.1835729662533796,1.015186074197682,0.8717928250361978,0.7301604544920733,0.8716218027058299,0.7573753591937064,0.8209457218858849,1.0925094274839655,0.3853948086293349,1.181531771821432,0.68847692932511,4.183035980281749,1.2307233918096514
CHI:46,1.0963171483367549,0.8419749875891385,1.40941506195751,0.911656668746946,1.1288140719981181,1.3528571905265943,1.2379194040276262,2.098832418350751,1.343926072054121,0.9996883513505003,0.8170527027493438,1.0628646469293337,1.7034877278237264,1.0415230955790213,0.873856982710679,1.013334012108071,0.6964137130999202,0.7200669871499015,0.9473069715591718,0.9357163402379417,1.1824885878362184,1.197261801263438,0.7430274316885029,1.3617744011081627,0.6026846779468612,1.0172862527577184,0.8501459144319685,1.9224736829816906,0.6500276255932412,0.8467212792056465,1.3058524344118765,3.212755982630482,1.8159655336299678,2.2742605122135386,1.334748435510584,1.1248160208825548,2.495292890084027,0.8538918630112404,1.0472018334611033,1.140249797738004,1.4889434457049575,0.7212268066203875,0.7510122608472243,0.5307032269443449,0.859673750495822,0.0,1.4962344587126362,1.0289222955920103,0.6226713439176352,1.864272910050975,2.662338508007272,0.5449887281738633,0.7413066343046842,3.182302952002887,2.634571844497592,0.6536067821875987,1.7640712743141016,0.7216034500453195,1.0264059275580233,1.021598510342545,0.8864275625033279,0.9248376650857623,0.8194803779325669,0.6234119213811283,0.7154992713400219,0.6716353069928032,0.7951325420303212,0.8537153908709636,0.9861129666514337,0.7007324499486154,0.7295490271379722,1.0232402487146397,0.7733659695782107,0.8313901076617134,0.8084177491204338,3.902759498042488,1.165636883501483
CHI:47,2.1599812573434085,1.926239571109167,2.301723052002096,1.852800422161025,2.0119408421529403,2.4266370048299843,2.1722718513297035,2.8404113211792685,1.9493796531379886,1.7390992029716434,1.813739281069994,1.4292214673862667,1.7947659514746268,2.16624622626426,1.9542280143845232,2.1109496830694834,1.6887103481481018,1.6994207538062447,1.892214676745715,1.799095474367874,2.205185292823362,2.2642213636124398,1.6245756203343635,2.329127570581019,1.617021329850829,2.042838181370247,1.8783118877816922,2.5240714759390857,1.5415613962226118,1.4670787272964037,1.7642832064143574,3.7322464321827757,2.3863043790411527,3.080345413974807,1.923241646602312,2.0708754411791053,2.8973161905873868,1.9303399220705868,2.132053668848722,1.7189267701580748,2.1110384921566205,1.774428207538569,2.0426362145124135,1.7548726956530416,1.8994334047461348,1.4962344587126362,0.0,1.9622161307911887,1.7709846188593168,1.5288689833646318,1.9246124249998209,1.3867961690317847,1.5994331317308612,2.4239536075585506,1.8609502975446306,1.528402137929495,1.358751326638819,1.5970881548258005,1.8673293049019184,2.0292407886493566,1.1151285384155396,1.9264196553844983,1.7366213034005746,1.457572122507975,1.3141607858586641,1.7721121532370556,1.784405962773582,1.8588890986323559,2.0226411713840338,1.4184654591897412,1.86136666209955,1.471952998303112,1.9274677431207552,1.4185228861563783,1.5386399673480307,3.293255690373569,2.3655113983366007
CHI:48,1.5167887671327775,1.1014912655306797,1.853383790402724,1.227005601740199,1.0741444172438226,1.3498712661456411,1.2573091033602783,2.033690797150355,1.2051338408302874,0.8068412678974771,0.6986280796789209,1.0202639011900791,2.1107441420152684,1.0964376209424147,0.9024604789999441,0.7812371922600361,1.0885657812723437,1.0568024364867359,1.1273818265132503,1.2234249421591983,0.9392899378760206,0.9785937930511857,1.120774783980992,1.0526308906257653,0.9801059289448583,0.733940567125797,0.9269312261797774,1.7283586821140255,0.9806065417206129,1.5069532169992352,1.3941795100543977,3.039303451648603,1.9105033818643913,1.6803478100221882,1.6254424898403739,1.4042998044914397,1.9419256235492386,1.1701503806230014,1.4663295929235345,1.8737856967082225,1.8279286965811279,1.267662793656622,1.1616624851814261,0.838870348984008,0.4197911953803443,1.0289222955920103,1.9622161307911887,0.0,0.8038632221622537,2.166277031344952,3.2280828971621642,1.246206838905301,1.1064835072755315,3.766041165805285,3.2236988649053164,0.9244487702062915,2.1337445050607924,1.1452021906680456,1.0151313105084017,0.9027505850395039,1.465433180006429,1.1488052416184844,1.299356923287313,1.1982673273783135,1.3473553067182213,1.1985022352596757,0.971336091949537,0.8446123608707584,0.9512040075789955,0.9712096231003997,0.9463606168042669,1.1408221490338606,0.5854136162894645,1.3789444103747182,0.8389322237667806,4.255452209836952,1.3218814524401796
CHI:49,1.1667787057522732,0.8159489259418082,1.6879941121257223,1.006512891714618,0.9465735073871306,1.2683275961105915,1.1871041005559908,2.0834945752396177,1.2278064200910166,0.8498952659597916,0.700290133193056,1.161071126704452,1.9975120486280002,0.9094851400264323,0.7012423314088487,0.8745875572518722,0.6653617419607257,0.7388286563758611,0.847822666611351,0.9224212864699458,1.0893790957522178,0.9951936761413419,0.7881735780860243,1.1833433704856668,0.6533947150404144,0.6945779139732646,0.5648156470031181,1.8304649420319057,0.577543432879967,1.1472784464435708,1.4178372842037257,3.2539002930558647,1.939253434905771,2.1285789169420077,1.4211000546539665,1.2731305530892427,2.3367165099298774,0.5935429333293548,1.1789310891967384,1.4290364964638955,1.4978091941759621,0.7107260925493181,0.7519702312049258,0.48098983300884574,0.6800679042200745,0.6226713439176352,1.7709846188593168,0.8038632221622537,0.0,2.1302138747530184,3.101988427263271,0.9550757691286397,0.706201163100201,3.594037875351021,3.0689102927976597,0.8009694988884818,2.0391230165578706,0.9309121002856493,1.0965021887147404,0.8974910359678951,1.1632976662637395,0.7887070515021444,0.8155931660543838,0.8716215329088013,0.9631898764408584,0.7555140146752114,0.4986714067722689,0.32988534677522546,0.9995853007655202,0.8088797487666401,0.48165416750548556,1.0869707537728501,0.5018673144499364,0.9681515418828583,0.8446854048254514,4.29559370057672,1.1647562266221045
CHI:50,2.274409362257197,2.34453159660196,1.9601371679629314,1.996714761573206,2.4595986465559276,2.622822989026838,2.334393849575822,2.5369948378238503,2.5194453559346286,2.1344888539921434,2.1890335495055604,1.7102159972927686,1.322432645674526,2.540691450194935,2.456047017096659,2.340476263440764,2.239791062177387,2.236984574874101,2.429562590473189,2.401738027673737,2.3589430459995455,2.5326159058520044,2.1078695007082033,2.5009531979435278,2.0577338084942163,2.3683240603637654,2.1674607234328143,2.074903554583083,1.9649239828330933,1.730160415459626,1.7534610383400016,2.9800636826568008,1.9666562281366466,2.687035055217188,1.5560657082899034,1.8886629515684867,2.6107520715023536,2.2435913060695447,1.9728536684573885,1.7416468831303968,1.9050963185586762,1.9163182292994119,2.3103266160695566,2.002497049277595,2.0706994154177223,1.864272910050975,1.5288689833646318,2.166277031344952,2.1302138747530184,0.0,1.6148680067828398,1.7164818938679929,2.234134829240661,2.040315032820093,1.7889454015826163,1.9945951092427734,1.1513192546835316,2.0222179489283794,1.9757860164782806,2.4162595536601925,1.7536313764659799,2.5369182634546297,2.321710828384154,2.0527749518420153,1.9491975222451041,2.344620339038918,2.413370837732987,2.2396479819423134,1.8077805111901304,1.8369297502213293,2.380235751510192,2.0145109149456712,2.2410585899552933,1.867673487898275,1.8985154536907023,2.3247125376468434,2.461941327908501
CHI:51,3.28098291058829,3.258234292220303,2.885254378283312,2.967752930556479,3.408629901568193,3.5910437887204076,3.286084917861919,3.7102214502042687,3.3665716193652355,3.1405993347804935,3.1583033056839063,2.6064344840888074,2.172771311990146,3.503845696887706,3.3722550202368176,3.400818517433219,3.057846123038988,3.106815786597089,3.325034011576403,3.258023581858631,3.4120488351731346,3.5700415836138104,3.0295978270125183,3.5655998428653457,3.0058143392932894,3.443233329538556,3.211711497219364,3.3689060176357133,2.9654761434266943,2.5740679090654566,2.810700147251001,4.134570112915031,2.9630331524771885,3.8955707330234812,2.6597052093846902,2.878818605558858,3.5943730592096856,3.2632376941729757,3.0654239409556006,2.5070895966593483,3.0353625424729955,2.9139163449969154,3.2472919902500195,2.9982804631347046,3.1291090006100424,2.662338508007272,1.9246124249998209,3.2280828971621642,3.101988427263271,1.6148680067828398,0.0,2.462333969381514,3.0289565340687847,1.473925240402928,0.8204300968405893,2.814846508961588,1.9453245337632232,2.8842895380517226,2.995141306708914,3.397408279444663,2.4732620016988234,3.3670338470437837,3.144079288409465,2.7831686159445987,2.642233746650051,3.1334174522701845,3.2891847761783892,3.2743107106457865,2.997723663664569,2.7369655741563013,3.2883718786056693,2.756381519434093,3.2542441283585464,2.6209211264301606,2.8069115414893644,1.8623376588662133,3.4557277652297946
CHI:52,1.359698393254422,0.9720762557603099,1.625901708023412,1.1825525423186958,1.3400663239290789,1.6816749981271952,1.5178222255993314,2.3532565635589893,1.2326861970509606,0.9694519659193568,1.0424462172147724,0.9813911806144487,1.6364173028514257,1.274150265409467,1.112318831687027,1.2155188428294255,0.7428761638648624,0.81286306197894,1.077811410222473,1.0243259611453681,1.3832369778710463,1.4503192617091034,0.877778987210089,1.6037628357141938,0.8384598510469168,1.2930377028753943,1.1752560936365548,2.1056949115707875,0.9019844470950309,0.8189063174221973,1.378891297641685,3.391129366237652,2.0025909296725324,2.414633926613952,1.4665915066638475,1.3170938346725858,2.5739193518415098,1.1868277111528005,1.3011781649362801,1.2393425742059498,1.6671381569748949,1.0115292729693512,1.09415838614874,0.8624641201963043,1.0021511685426128,0.5449887281738633,1.3867961690317847,1.246206838905301,0.9550757691286397,1.7164818938679929,2.462333969381514,0.0,0.8110497509172953,2.9949533746036017,2.3450238717809624,0.5833737872340201,1.645870803880312,0.7803351730025392,1.1817916086930875,1.1825224832965409,0.785603200981643,1.117258807980132,0.9578933569243768,0.5308364369615872,0.6575125846644504,0.8425398090195129,1.0701425980128239,1.1015047653349206,1.2327166988133607,0.6411145553548353,1.0227134489345775,0.93397874865033,1.0065638180230678,0.6064174008750467,0.7030673721817727,3.6732243937847784,1.4755244672440844
CHI:53,1.4377401506039011,0.9270107233927155,2.048023311041075,1.3495310268152292,1.2730338383345108,1.7234456959207094,1.652055332995041,2.568039023430824,0.9461481333787705,0.7637219458396115,0.9217466185940668,1.1144327026441443,2.0942977195346435,1.1648112304809517,0.8803680650423568,1.1726940255008191,0.5500695538526241,0.6921268644671041,0.9520581610087827,0.8863515639579576,1.448854605530468,1.3735601195519276,0.9496377546498815,1.6380786014411781,0.8405948038288632,1.0979286122734906,1.1129751924493057,2.3687372592957496,0.8952944446267721,1.3069844928775485,1.7399869631490013,3.7149563436763797,2.3809972611876375,2.544013828218274,1.8514896131614091,1.4963381922424868,2.7048142311488146,1.035793127128557,1.4688191925644043,1.51332102025082,1.8873046525739259,1.160510061758578,1.00527190206521,0.8154501554125532,0.9467977431616915,0.7413066343046842,1.5994331317308612,1.1064835072755315,0.706201163100201,2.234134829240661,3.0289565340687847,0.8110497509172953,0.0,3.4449446687532617,2.85969409349677,0.6883811298117664,2.0627626813480058,1.0168666577667413,1.4162994963812385,1.0965454074474341,1.101811048031215,0.7894496939989902,0.872250573906293,0.5869568753799456,0.9091591956180924,0.6647299494254926,0.5573537804560381,0.7477796464250012,1.361384710590593,0.6893974846775763,0.6071683506512371,0.9162275377219127,0.7236951155730517,0.8323829867390928,0.711704838652796,4.2770388768280725,1.5818034794261266
CHI:54,3.660532411798162,3.7039101765444578,3.3013321453291797,3.485711309968346,3.995370952069283,4.142126779042003,3.8884701858982056,4.144025971273729,3.7805636036286274,3.5283250609144514,3.6772666611173337,3.0430451406210346,2.5649172445440334,4.010539990000725,3.8805794303240635,3.9008638225021905,3.5487566189397235,3.5708970380092118,3.8482914813243383,3.75982796900091,3.9939082265854644,4.127018565879089,3.56888188620472,4.179240525540434,3.5073240153129084,3.96775906634397,3.77390325160155,3.9162679975241503,3.477071302989676,3.12725017206469,3.483535758988221,4.447149022039851,3.460385847729147,4.436075440249502,3.023310924026374,3.1269124591109576,4.199405091767535,3.6839621471098924,3.350785138573653,2.872157865660508,3.3458373955528753,3.347264761128706,3.646585214196576,3.493800806891763,3.646465968411707,3.182302952002887,2.4239536075585506,3.766041165805285,3.594037875351021,2.040315032820093,1.473925240402928,2.9949533746036017,3.4449446687532617,0.0,1.3679489391032953,3.3638887456530693,2.4851209203618096,3.4538514212356075,3.6363332380911957,3.956633802825008,3.1184995249793466,3.8837122528565646,3.679241389020377,3.310136437118344,3.2195473886044925,3.6107107361701662,3.782247542893504,3.7324678339941175,3.4663716356868606,3.1887824241990614,3.7601808236379552,3.240916356612789,3.73035978927408,3.057537169674671,3.269889436293679,2.0298240004642705,3.941437579011044
CHI:55,3.287883344260683,3.142983822072495,3.061777017845689,3.0221112635656024,3.400539879985642,3.6467178212940863,3.3440835595733693,3.915900563372012,3.1375249846325075,2.9813633031878344,3.10423633773007,2.4734506747676126,2.259501510141634,3.4525598977062977,3.295938946304054,3.3732870856307846,2.922651192653534,2.995156385896271,3.2400799599848042,3.1453489217433566,3.431323735540569,3.572476983177596,2.9890769410201905,3.624252290897516,2.9759434603904396,3.4381826833921045,3.2488480269573996,3.6218460743933694,2.9654156828340756,2.5766158449034546,2.9664642742768073,4.4939611339980265,3.1763334909564116,3.966750073898809,2.751764379123784,2.8398293841307316,3.6958237505876497,3.2559785249635156,3.10047908408694,2.5778005616871438,3.1384517003346564,2.9428021444384393,3.1968711091426503,2.9816186561617957,3.0903636341035146,2.634571844497592,1.8609502975446306,3.2236988649053164,3.0689102927976597,1.7889454015826163,0.8204300968405893,2.3450238717809624,2.85969409349677,1.3679489391032953,0.0,2.7093958166144576,1.9853034314110287,2.82919678045567,3.0819374196125793,3.3371104693810123,2.4600215461927286,3.261831048649484,3.0656294808235565,2.658664253761264,2.5660547021291253,3.0119299234344123,3.2020872911135956,3.2161894770751323,3.0757447249151193,2.590832538316383,3.2030494437134798,2.623976902877068,3.18499378686545,2.4589457234209062,2.674484138518244,2.0936640225240857,3.4853738394720994
CHI:56,1.285104811276611,0.7013081727006456,1.7266918649389078,1.0112557870514316,0.9476996038403415,1.4453920261675663,1.2998921212481218,2.211708332196293,0.7864961625303702,0.5889534902322359,0.6840071002463406,0.7463400757416407,1.761237437751888,0.9698840826167593,0.7172352467720329,0.8966470758609838,0.4370243129674188,0.46779378376065905,0.7438039069316373,0.7498946788686696,1.1254924531982173,1.1159413335902428,0.7322645059971554,1.2931679689009086,0.6456362649500192,1.017452889237365,1.0300102753707663,1.9989724837601932,0.8359909994040682,0.9964597757709821,1.2974045281244417,3.318066783402258,2.0537888643827524,2.2488471311422353,1.6348994426739492,1.4732884478862553,2.502875679060452,1.0361273729898925,1.341298019550725,1.4399800413196615,1.6651032560620682,1.1048164277978485,1.0324199397928366,0.6795954834448847,0.7485924206928222,0.6536067821875987,1.528402137929495,0.9244487702062915,0.8009694988884818,1.9945951092427734,2.814846508961588,0.5833737872340201,0.6883811298117664,3.3638887456530693,2.7093958166144576,0.0,1.7494683012654086,0.6924030214013618,1.0851820787251019,0.8798366203816712,0.8747766605192528,0.7676064418844667,0.7994002976959196,0.43060826343600983,0.5902407445133304,0.6631745785216855,0.8240023349983072,0.9488099155410008,1.1417808161366834,0.4599045645648909,0.764488743606618,0.5852516534682229,0.7502127219707928,0.7430940484163175,0.4482894385010305,3.917865330577034,1.3528566772418529
CHI:57,1.9359487035299505,2.026832817306768,1.9146853489732516,1.6508180366987093,2.047419574444019,2.305260894742378,1.9761033402463344,2.3005288692787325,2.2463744291224765,1.9926975489896603,1.8935081867026649,1.5678252814661333,1.132665485047828,2.168209731276053,2.109993689422149,2.092509854949663,1.943622639560527,1.897935876998072,2.0179477982300513,1.9754526279625801,2.08717580995755,2.2071113835159095,1.7648957252907118,2.199666370396207,1.7557366673797359,2.1564106510752374,1.997140885043837,2.0587209601372662,1.7966039545693995,1.466383603151865,1.4722994555321405,3.1058214865436464,2.0549023117991303,2.6878013025574017,1.7942531575388716,2.1771443827668513,2.893639204083215,2.044880513464053,1.9022660419326882,1.7080178102564572,1.7591858379645924,1.8963741593579881,2.138185877212101,1.7971098716816858,2.025179681791385,1.7640712743141016,1.358751326638819,2.1337445050607924,2.0391230165578706,1.1513192546835316,1.9453245337632232,1.645870803880312,2.0627626813480058,2.4851209203618096,1.9853034314110287,1.7494683012654086,0.0,1.655333453535742,1.8006434106047464,2.091991925137011,1.4141650198798341,2.125413200840632,1.9190911020291668,1.7542615517430857,1.5884312505239306,1.9928709235551134,2.1546225852912717,2.1616010565461625,1.751202160952628,1.5794268451696052,2.1186551730338974,1.8214085295549942,2.1228546355327755,1.8083642072613417,1.835104646918681,2.713526788266606,2.222518162187498
CHI:58,1.0033248467539257,0.663946947720082,1.496622067206971,0.9035352915582582,0.8132972857616834,1.1437086330950434,0.9845706873250866,1.888819861480113,1.2861829469754322,1.0456604331808748,0.6853172465490329,1.1962086726348597,1.8354519636170412,0.7373981580063529,0.7092790307901652,0.7618519287563497,0.7457885987373674,0.5979794046395333,0.6086209668911484,0.5377696930884048,0.8169965603539455,0.8819913768909975,0.3216979425423351,1.0249039897305028,0.4200243093820385,0.8583919023736581,0.8136131375208713,1.8045229370454727,0.6131542192781697,0.6711200185350424,0.9591378525632746,3.1295827978028607,1.7664309978090735,2.0720110897038584,1.4739461801099887,1.5127927699343806,2.4659852893024126,0.9827404022350976,1.2311883902855911,1.5091094924381592,1.5610407153021457,0.989119320175668,0.8593189800402303,0.6938361689225022,0.9316475673859432,0.7216034500453195,1.5970881548258005,1.1452021906680456,0.9309121002856493,2.0222179489283794,2.8842895380517226,0.7803351730025392,1.0168666577667413,3.4538514212356075,2.82919678045567,0.6924030214013618,1.655333453535742,0.0,0.721869479207067,0.6223264641548618,0.724194627610667,0.7608748544796111,0.5717142817718912,0.6447963670101231,0.6706077687986487,0.6224318018459998,0.9053996738103599,1.0456737326669747,1.1279836954418447,0.7299523881485839,0.8071706507672347,1.2064993306460938,0.8817847105104335,1.1152117618119535,0.9969501852151061,4.101863557933326,0.9960607668554545
CHI:59,1.2427201695356318,1.156365064461584,1.4766375660478288,1.1108628704859869,1.0052253710909385,1.152289685980518,0.9662771619332469,1.6273368550387848,1.6603717406651506,1.323087241647477,0.8233195577131798,1.4178857714601554,2.0053068832456606,0.9953638422260919,1.0401169719093855,0.7400506295249338,1.2449151004718948,1.1036162720566214,1.0597373547306266,1.0828568743740048,0.583102607635236,0.8338964579508513,0.8026129223790079,0.802236842073262,0.8032639768815244,0.7735550288664825,0.7982502762255883,1.4086807866599529,0.8036950434085817,1.0751802816232103,0.6938137663213457,2.7119408936691833,1.4646512461924712,1.6070737162236106,1.4235718023521817,1.5697071905409161,2.017552998559996,1.2244468389889869,1.3178899229518128,1.7732265071629887,1.6785484920517117,1.1524021330183538,1.0896033709163713,0.8866750124865477,0.8526002333926798,1.0264059275580233,1.8673293049019184,1.0151313105084017,1.0965021887147404,1.9757860164782806,2.995141306708914,1.1817916086930875,1.4162994963812385,3.6363332380911957,3.0819374196125793,1.0851820787251019,1.8006434106047464,0.721869479207067,0.0,0.7610194520810467,1.1023873750195332,1.2006026881339293,1.1115829650910387,1.1440229427514292,1.2205007104129724,1.1845974921589002,1.2191986277065205,1.1924510902113645,0.9423404713001711,1.1061162734107137,1.1323311743016906,1.5462679920499232,0.9591306698827959,1.55013697973216,1.2554754998947613,4.154299478596092,1.0234466011705674
CHI:60,1.1597594569419782,0.7100618586970564,1.7745701737986008,1.097086743433759,0.6510353983934092,1.0141836424629456,0.9533539465491314,1.8969351516682564,1.1930214581829663,0.9889395318483779,0.5408976500079252,1.3521847444749,2.2147894197398683,0.5340892944799913,0.5069024015537115,0.44504805422584454,0.8625436998125648,0.7303987652298396,0.5925188938459293,0.62728829228423,0.5202760676265791,0.5119709702309909,0.6165403336030839,0.7100650340136911,0.6425321214600105,0.49947015933619304,0.729659079243556,1.8104917392019153,0.7824728189440451,1.189136048964604,1.1756873543390933,3.1737326751592914,1.941573815939706,1.798462830505225,1.7342645331085789,1.6350813526646697,2.3172919401551355,1.0222258404722289,1.3927486387625476,1.8956879428110747,1.8010883099073105,1.2058554276044342,0.8991049164229051,0.7607894847286512,0.7409515005873736,1.021598510342545,2.0292407886493566,0.9027505850395039,0.8974910359678951,2.4162595536601925,3.397408279444663,1.1825224832965409,1.0965454074474341,3.956633802825008,3.3371104693810123,0.8798366203816712,2.091991925137011,0.6223264641548618,0.7610194520810467,0.0,1.211950667505416,0.6872509414336077,0.7915175997587348,0.9661056104068618,1.1091193875366852,0.7886984537292603,0.8085711635240895,0.9238870218149228,1.1365660370493917,0.9556401197399598,0.7198756706071355,1.370795269951329,0.6579094656260938,1.4076325689594946,1.090321471907778,4.563279923452834,0.9456377191271825
CHI:61,1.3581618434416831,1.1538101614474152,1.7168299584290259,1.1509587666854888,1.2386718856851082,1.6691800453430408,1.4907995179986855,2.224088019386541,1.4786566573893243,1.280347559634139,1.1795541020460172,1.2975898114786346,1.67734058069417,1.324212295568904,1.2048766959726975,1.3479555381827186,0.979018785158434,0.9458191963154144,1.056746255713923,0.9405461180050515,1.4153789476237115,1.4517417635908902,0.7309884273237204,1.5513522793045325,0.7986806776743742,1.3160097822162569,1.141757803748287,1.9853011142846622,0.8095717007192934,0.6740457262760254,1.052292597419602,3.327424310830886,2.028858811442407,2.557161051673887,1.653615421847543,1.7491546131196167,2.732006090133145,1.2153654560012717,1.4891955315144567,1.2803917270016973,1.6239923772420397,1.172351449786003,1.3129955313553685,1.0120601258534012,1.3057192402814086,0.8864275625033279,1.1151285384155396,1.465433180006429,1.1632976662637395,1.7536313764659799,2.4732620016988234,0.785603200981643,1.101811048031215,3.1184995249793466,2.4600215461927286,0.8747766605192528,1.4141650198798341,0.724194627610667,1.1023873750195332,1.211950667505416,0.0,1.1337669041105594,0.8484914449287869,0.730499742423871,0.5549909116704946,0.9848257402805567,1.1479547471960947,1.267048918956635,1.3980989670513644,0.9474657511654806,1.1500940510216835,1.1767424435327618,1.2788685669537332,1.0307516839128754,1.100441239528478,3.78662869989557,1.5725074443368068
CHI:62,1.0886871347249631,0.548020963235545,1.8826861229995306,1.0676549676971125,0.7049103558180733,1.1799195672607068,1.1657031938279914,2.1576068327837374,1.0194780430514194,0.9527111053534517,0.6699952635264107,1.3463828074551094,2.2245385277295684,0.5600471317760842,0.3664531451195897,0.8082922462022218,0.5066915525378893,0.4436439036818619,0.3889505843489696,0.37910286528732134,1.0276005843870073,0.8257152884451189,0.6428031047019527,1.1355558484586372,0.6000940495221725,0.8082089970438759,0.8890854346531363,2.1371028735499977,0.8312119309048999,1.2143515617263783,1.4959497024730002,3.4714217522997743,2.201968350337697,2.3169977078208635,1.8720790204269473,1.7260730421833588,2.720634968471253,0.8193556248393302,1.4133360665723604,1.6825833382262265,1.7437735433877124,1.157320369545782,0.8038571535823419,0.7140935322389579,1.0083862330958455,0.9248376650857623,1.9264196553844983,1.1488052416184844,0.7887070515021444,2.5369182634546297,3.3670338470437837,1.117258807980132,0.7894496939989902,3.8837122528565646,3.261831048649484,0.7676064418844667,2.125413200840632,0.7608748544796111,1.2006026881339293,0.6872509414336077,1.1337669041105594,0.0,0.45196507344244036,0.7222535589808876,0.8602241279052935,0.38695691840047153,0.5420199348955259,0.8754108065608798,1.3492876187770446,0.8734806015519201,0.4040186197325809,1.137588945112562,0.7576360905282731,1.211286282751874,1.051778828677097,4.597138761844185,1.1399886853686543
CHI:63,0.9502426958606353,0.5713512699422282,1.6979129204877765,0.9531279055946574,0.7513143697670909,1.1819507967237413,1.1310311621726081,2.0555951988112566,1.2402496051799055,1.0818777965819883,0.8109971465690486,1.393709403090108,2.03988502147458,0.6543453994461089,0.598038836132749,0.920083571305186,0.5577578277295601,0.47775047318487857,0.40461711499050534,0.3523317961036287,1.0737521979553912,0.9413246736902807,0.38311095007546725,1.1812088718464617,0.4559912872271731,0.8972011334249493,0.7920463787056112,2.001253348252302,0.6299235361725772,0.8664132055013412,1.305161323664414,3.3735060755335287,2.0508263459371587,2.394858430993951,1.6643139615288154,1.680908816966805,2.7604559388229655,0.7341441118601717,1.3127776852465105,1.4594667714363503,1.5265389493624864,0.9341286858561616,0.8050294243082726,0.7231549001156213,1.1228564571843758,0.8194803779325669,1.7366213034005746,1.299356923287313,0.8155931660543838,2.321710828384154,3.144079288409465,0.9578933569243768,0.872250573906293,3.679241389020377,3.0656294808235565,0.7994002976959196,1.9190911020291668,0.5717142817718912,1.1115829650910387,0.7915175997587348,0.8484914449287869,0.45196507344244036,0.0,0.6420188128252377,0.6418316612178816,0.38095339804846584,0.6647338358274307,0.904063162795726,1.3372885589968464,0.870987559391753,0.5691575520115365,1.2136320566085415,0.9214655303596938,1.0812946880889052,1.1205104840939855,4.431657058521596,1.0943761495130362
CHI:64,1.24767067160435,0.7899994425357287,1.7816637363001864,1.1305506604286795,1.081613136865763,1.5517027661274083,1.4271004571318697,2.329324232274463,1.0103698771606728,0.8666221144570893,0.8137218127768684,1.0412890715524357,1.8683437424552094,1.011437091498336,0.8119399959309599,1.0358425175929913,0.4640424662582428,0.48577176932912564,0.7556495019398819,0.669683884513824,1.2511572954937642,1.2313257496928283,0.6723703067877113,1.4587738883836756,0.6201322800603722,1.103174434952065,1.0657309881609642,2.169203791689422,0.7978628863082791,0.9555401502914818,1.3901860128184964,3.4743981190853472,2.1312082105323813,2.4610916207913327,1.7091874046769717,1.557711443943162,2.6940640027677962,1.0578666505356982,1.3642630279673222,1.3794578854651331,1.7287078993113787,1.0815563702855209,0.9728977395479557,0.7583445376802394,0.9752803649395878,0.6234119213811283,1.457572122507975,1.1982673273783135,0.8716215329088013,2.0527749518420153,2.7831686159445987,0.5308364369615872,0.5869568753799456,3.310136437118344,2.658664253761264,0.43060826343600983,1.7542615517430857,0.6447963670101231,1.1440229427514292,0.9661056104068618,0.730499742423871,0.7222535589808876,0.6420188128252377,0.0,0.5492699951139652,0.5229879200713781,0.7794013491007058,1.0063520771085546,1.2841543757771172,0.5466779853258267,0.7251015863135865,0.8621263514548102,0.8578864468499827,0.7939138683598198,0.7485111414369097,4.026696308580643,1.4040391245943031
CHI:65,1.211572926532891,0.799535070639972,1.6420814167910491,0.946569980207228,1.0096069055141825,1.4804765894452454,1.3194097985213484,2.1969189522529615,1.1724888964165845,1.0208457671325382,1.0046549622078034,1.07912737268267,1.6449684011486803,1.0946310614979198,0.9231208029169722,1.1958645513969897,0.5983517918643195,0.6125976010111198,0.7877965013038475,0.7484522265493035,1.3451579439988526,1.303423118378752,0.6477158229838491,1.446116039196394,0.6692188593694418,1.2347696850606775,1.0828422293644253,2.023456164773375,0.8117927499821532,0.6566379492426457,1.2380095429805407,3.3702954447007736,2.0574520928953346,2.5509334317268264,1.58871787242356,1.6408718172956502,2.775906815522086,0.9870896156176593,1.3757906279313339,1.214765766978194,1.492888547133875,1.0257291197449585,1.1322712735936122,0.8404142106602722,1.1835729662533796,0.7154992713400219,1.3141607858586641,1.3473553067182213,0.9631898764408584,1.9491975222451041,2.642233746650051,0.6575125846644504,0.9091591956180924,3.2195473886044925,2.5660547021291253,0.5902407445133304,1.5884312505239306,0.6706077687986487,1.2205007104129724,1.1091193875366852,0.5549909116704946,0.8602241279052935,0.6418316612178816,0.5492699951139652,0.0,0.6871942783389511,0.9606176288103527,1.1153028473036253,1.366777736531652,0.7501745250552552,0.9337178420319863,0.8477900254793869,1.132156420072381,0.7199605807487576,0.8835774174168026,3.8783672205558264,1.4101304191761843
CHI:66,0.9741649456433799,0.4599388617433213,1.6921898807800875,0.9822624059246815,0.877320753423106,1.2357252358748134,1.2120617326256,2.165861617891147,1.089503727609492,0.9417697208913484,0.7353420648594602,1.2655775446599256,2.0273632146456806,0.6674110531092576,0.5151793690816385,0.8819939268062791,0.40525697576270436,0.35220714830648253,0.4917067261258306,0.4197173101837811,1.1077945126728916,0.9898231741841415,0.5579413565275032,1.2722840081724818,0.4981936888503269,0.9298000486459364,0.9075534131610632,2.1440300382687107,0.7423626148534628,0.9878803424468323,1.4701143883279073,3.4480538466116033,2.115057836230097,2.390976018655289,1.70665012377663,1.5162496893126431,2.7737638041715034,0.7846886941073234,1.2371849930494316,1.4422584766953366,1.629699760649287,0.9796468885002886,0.6718341011953638,0.6367685253193892,1.015186074197682,0.6716353069928032,1.7721121532370556,1.1985022352596757,0.7555140146752114,2.344620339038918,3.1334174522701845,0.8425398090195129,0.6647299494254926,3.6107107361701662,3.0119299234344123,0.6631745785216855,1.9928709235551134,0.6224318018459998,1.1845974921589002,0.7886984537292603,0.9848257402805567,0.38695691840047153,0.38095339804846584,0.5229879200713781,0.6871942783389511,0.0,0.5867232874180962,0.8798046156297987,1.2758287695529147,0.7498673574785849,0.441409074461511,1.0888017724063208,0.7778523713391453,0.9983838195320398,0.9617953198063064,4.370362801166581,1.096256378418759
CHI:67,1.2655328603179752,0.7961581717607779,1.9584685852081,1.1721177000786203,0.9125886921496313,1.3681096815080132,1.3283594316327296,2.287214627278077,1.1201054611069376,0.8915686931340603,0.7183418983825827,1.2980537042016276,2.2007710706039147,0.8426496676951941,0.5714362592955496,0.9262927930953377,0.5898829956935522,0.6378586850312594,0.6850860880377281,0.7202431346806922,1.1594692488746747,1.0175307241127576,0.7387786720371228,1.2688369878026327,0.6537910414546997,0.7158340430358353,0.7361771866085788,2.112383219902921,0.6718742923255995,1.2661145085099823,1.569005140889338,3.5418793112382465,2.2343006273770176,2.3436590917325737,1.789460032724843,1.5999821666567267,2.5898373688355125,0.7805330867962683,1.4305093851729562,1.6281888396694726,1.767335478634666,1.023188987415558,0.869168541053303,0.6846022019792825,0.8717928250361978,0.7951325420303212,1.784405962773582,0.971336091949537,0.4986714067722689,2.413370837732987,3.2891847761783892,1.0701425980128239,0.5573537804560381,3.782247542893504,3.2020872911135956,0.8240023349983072,2.1546225852912717,0.9053996738103599,1.2191986277065205,0.8085711635240895,1.1479547471960947,0.5420199348955259,0.6647338358274307,0.7794013491007058,0.9606176288103527,0.5867232874180962,0.0,0.4945463382413027,1.26994936543079,0.8550227474619772,0.31714515521600545,1.1482629297193105,0.5925059324030395,1.0898347094671395,0.9622723410083595,4.567700268350996,1.3031064267200954
CHI:68,1.3165922788720874,0.9178123611447243,1.8975194083841171,1.2056341227718341,1.0422756303226606,1.4143431397553852,1.349503629186189,2.196943428951861,1.2419185491782923,0.8583177972920281,0.828118731456136,1.2840125906087694,2.1397467451719216,0.9863352331625448,0.7938704885090889,0.944109017182126,0.7855729997728037,0.8506046016983501,0.8970774256207613,0.978935465425843,1.1595017429040713,1.068264035882835,0.8675463940559135,1.2544707988254447,0.7817610236002974,0.663466333090914,0.6443155793054285,1.8965330167209835,0.6493147579957544,1.2751437829765546,1.5285895685458692,3.367982012813798,2.105628471667896,2.14792477549974,1.5591283328805177,1.4459532263334738,2.3385636682961697,0.724243340959222,1.3516589278364939,1.6093157297535812,1.6310019805223466,0.8838233640224957,0.9242060050752569,0.6863970497612464,0.7301604544920733,0.8537153908709636,1.8588890986323559,0.8446123608707584,0.32988534677522546,2.2396479819423134,3.2743107106457865,1.1015047653349206,0.7477796464250012,3.7324678339941175,3.2161894770751323,0.9488099155410008,2.1616010565461625,1.0456737326669747,1.1924510902113645,0.9238870218149228,1.267048918956635,0.8754108065608798,0.904063162795726,1.0063520771085546,1.1153028473036253,0.8798046156297987,0.4945463382413027,0.0,1.1283821152135518,0.9142379203372805,0.5786697042734804,1.219335234287254,0.5531300828982672,1.059334290823193,0.9235827447030418,4.463485237196061,1.313491698143665
CHI:69,1.0476747297610325,1.220622658189835,1.2134277137224974,0.8739178151248136,1.2619859724506637,1.3103534597662245,1.2183321215692693,1.5705914989165506,1.6614803325394574,1.2397024377311214,0.9897675770896888,1.287143167953976,1.5651880516266339,1.1948938876797155,1.1768461770025829,0.9587236413592792,1.264758759215127,1.1945188520134082,1.3009468801536725,1.3590027181804787,1.0408772666669612,1.1256635667674064,1.1373805314645216,1.1678117153448606,0.9707767736494611,1.0190023574432965,0.9728910173251589,1.3275522578134589,1.0245560288961089,1.2570947075020027,1.1135136914658905,2.5604453555500135,1.6466331830507268,1.7515287639434667,1.392527296070028,1.2368864183001862,2.325758502340502,1.0553043318905757,0.7838623751085777,1.36236465172176,1.3114330638812624,1.058590528859723,1.0620744054442781,0.7053628138337363,0.8716218027058299,0.9861129666514337,2.0226411713840338,0.9512040075789955,0.9995853007655202,1.8077805111901304,2.997723663664569,1.2327166988133607,1.361384710590593,3.4663716356868606,3.0757447249151193,1.1417808161366834,1.751202160952628,1.1279836954418447,0.9423404713001711,1.1365660370493917,1.3980989670513644,1.3492876187770446,1.3372885589968464,1.2841543757771172,1.366777736531652,1.2758287695529147,1.26994936543079,1.1283821152135518,0.0,1.1360768778670407,1.1563190159768404,1.4546123479676003,0.9480785403768512,1.4641818863008682,1.1684900132372864,3.8683371933130957,1.1338852928698435
CHI:70,1.3069437443013603,0.8024025520029636,1.773271500970728,1.110276764281367,1.0838858518183383,1.5257696144342425,1.3137100600644143,2.212636565765523,0.9357540889011903,0.6117884747903453,0.6446216047290044,0.6513615080357511,1.7430509076516454,1.0340599414241605,0.8262797086872122,0.9334451702842664,0.6048256860846165,0.603323620241175,0.8423667857913326,0.8375541259494959,1.1517872728328717,1.1792345545814138,0.7871113042518404,1.3711148924308385,0.6937184323833724,1.0094602001066018,1.0458364576352401,2.006717539928657,0.8207426635631568,1.0435565505636895,1.3562562409492898,3.3166079154613817,1.9514105257126526,2.1524963216426634,1.4695078122155147,1.4164985692575716,2.3501861069140713,1.0786382288030227,1.344455814061532,1.5103707961516533,1.6381888376890963,1.0736149962055666,1.011815499459137,0.7233285777387465,0.7573753591937064,0.7007324499486154,1.4184654591897412,0.9712096231003997,0.8088797487666401,1.8369297502213293,2.7369655741563013,0.6411145553548353,0.6893974846775763,3.1887824241990614,2.590832538316383,0.4599045645648909,1.5794268451696052,0.7299523881485839,1.1061162734107137,0.9556401197399598,0.9474657511654806,0.8734806015519201,0.870987559391753,0.5466779853258267,0.7501745250552552,0.7498673574785849,0.8550227474619772,0.9142379203372805,1.1360768778670407,0.0,0.7969424720505432,0.748269877623115,0.7474930909009556,0.802661823141042,0.5435340398245724,3.8353357282455844,1.387255318643384
CHI:71,1.0464344465147415,0.6135485031591869,1.784171132976913,1.0320749652948313,0.825491528534413,1.1841247074242203,1.1808937519543758,2.1194585428800132,1.097002424966294,0.8593104602141199,0.5867839513293139,1.269124835552746,2.16516769534874,0.6470061477822387,0.42973722898216055,0.7601770556776815,0.532769277320712,0.5157889879824376,0.586071250998956,0.5964794303397248,1.0155814235668754,0.8517693756032275,0.6608187338412588,1.1528052918499692,0.528644134883253,0.6640845203659422,0.6909172976767515,2.0357108068495053,0.6390206684464435,1.205555782727723,1.4933227914191154,3.378975903007792,2.0734672267694525,2.2204295135150556,1.6787552409855826,1.4458817502878294,2.5647942554505128,0.6465603491399349,1.2433402262960895,1.5525108582002687,1.6410342806557847,0.9268690619793177,0.6052045178883778,0.5263993452151335,0.8209457218858849,0.7295490271379722,1.86136666209955,0.9463606168042669,0.48165416750548556,2.380235751510192,3.2883718786056693,1.0227134489345775,0.6071683506512371,3.7601808236379552,3.2030494437134798,0.764488743606618,2.1186551730338974,0.8071706507672347,1.1323311743016906,0.7198756706071355,1.1500940510216835,0.4040186197325809,0.5691575520115365,0.7251015863135865,0.9337178420319863,0.441409074461511,0.31714515521600545,0.5786697042734804,1.1563190159768404,0.7969424720505432,0.0,1.131572003964797,0.49502647193644056,1.1242625791729797,0.9463834754101391,4.526318666161176,1.083317724410907
CHI:72,1.6436977592923843,1.0756542312517157,2.0048998858183666,1.2780286309298619,1.2789931398557532,1.798202432259628,1.6428063060800937,2.479265308666188,0.7608893103227795,0.6756308489185088,1.0766385813614077,0.6069376227330873,1.7739637216841837,1.3967624222963468,1.1064265416916939,1.32656641680297,0.7917957348905345,0.8729165376295276,1.148613989761316,1.17460575888686,1.5751143408521586,1.52397692655584,1.1980989854231832,1.6751455382028748,1.0892849225780854,1.4154478804967228,1.424541056659948,2.222199700342341,1.225105803843543,1.3476236321440132,1.6357535717330551,3.4737096559670024,2.305627653990579,2.5417425553145154,1.8189454542908292,1.6715730017557098,2.6498234978539186,1.30039366492686,1.6376956904473423,1.5427741836580364,1.7872190953193856,1.4039326387553528,1.4327588321718168,1.067394478640601,1.0925094274839655,1.0232402487146397,1.471952998303112,1.1408221490338606,1.0869707537728501,2.0145109149456712,2.756381519434093,0.93397874865033,0.9162275377219127,3.240916356612789,2.623976902877068,0.5852516534682229,1.8214085295549942,1.2064993306460938,1.5462679920499232,1.370795269951329,1.1767424435327618,1.137588945112562,1.2136320566085415,0.8621263514548102,0.8477900254793869,1.0888017724063208,1.1482629297193105,1.219335234287254,1.4546123479676003,0.748269877623115,1.131572003964797,0.0,1.1315570291357746,0.7986544602204726,0.5433642584042407,3.7413381654258138,1.7731267926369145
CHI:73,1.2383408756329797,0.8010070965099559,1.7976474892392207,1.1556566410845066,0.963710947354299,1.2780538890218696,1.2202664856796712,2.09920606636997,1.0747781265711145,0.7193787600326048,0.49369289874229816,1.1243145597043775,2.1513536567692797,0.8024778186629206,0.6101962356033541,0.6047088235646599,0.7359829333387469,0.7216241115078064,0.8229146450084327,0.8649290994384519,0.8659534760581087,0.8337041756878292,0.8308725603992817,1.0747391546314025,0.6873881031966889,0.5342496883278949,0.7278386464885661,1.905374593024583,0.7322300879954144,1.31966512327151,1.4300606856501137,3.2361643055513154,1.9744728440534793,1.8847458176612077,1.6045785579353389,1.3160613545843027,2.2062213859272766,0.8894147360302506,1.2564471668314074,1.7006384581708351,1.7540111820325253,1.0274378560040893,0.7444614777533676,0.5475941986040479,0.3853948086293349,0.7733659695782107,1.9274677431207552,0.5854136162894645,0.5018673144499364,2.2410585899552933,3.2542441283585464,1.0065638180230678,0.7236951155730517,3.73035978927408,3.18499378686545,0.7502127219707928,2.1228546355327755,0.8817847105104335,0.9591306698827959,0.6579094656260938,1.2788685669537332,0.7576360905282731,0.9214655303596938,0.8578864468499827,1.132156420072381,0.7778523713391453,0.5925059324030395,0.5531300828982672,0.9480785403768512,0.7474930909009556,0.49502647193644056,1.1315570291357746,0.0,1.1773046234564892,0.7747771040030308,4.398447443986067,1.1345616234327245
CHI:74,1.5456907142301024,1.0567941372793006,1.872882959669626,1.298631694496551,1.401242209695429,1.8617182296581072,1.7011143251036227,2.541135639676049,1.123881472969907,0.9007147902225071,1.239443576157821,0.9781301742615179,1.6495654683018213,1.4406418933362726,1.210478395049021,1.4341660170657053,0.7251280916134158,0.897428849230665,1.1655341272675044,1.1830462440869973,1.6636047369862903,1.64320421734306,1.0781240230363744,1.7890836374387533,1.0452890037828317,1.4472977932913387,1.3014869168328163,2.2139354066208887,1.0656970535532042,1.013728714963507,1.6471979640291001,3.594203402657115,2.2917003603036084,2.6876532197832463,1.5830866828034316,1.5218778327623794,2.765452825655424,1.168538855959163,1.483616168768882,1.269565024546504,1.6308082705019773,1.070670031757673,1.3369423932996178,1.049728896150094,1.181531771821432,0.8313901076617134,1.4185228861563783,1.3789444103747182,0.9681515418828583,1.867673487898275,2.6209211264301606,0.6064174008750467,0.8323829867390928,3.057537169674671,2.4589457234209062,0.7430940484163175,1.8083642072613417,1.1152117618119535,1.55013697973216,1.4076325689594946,1.0307516839128754,1.211286282751874,1.0812946880889052,0.7939138683598198,0.7199605807487576,0.9983838195320398,1.0898347094671395,1.059334290823193,1.4641818863008682,0.802661823141042,1.1242625791729797,0.7986544602204726,1.1773046234564892,0.0,0.7316995326320297,3.711424993501738,1.7272180354908668
CHI:75,1.5232367945736212,0.9456211683343637,1.8921958520302813,1.2451821565822572,1.232832231060866,1.6931483391326065,1.542795116312602,2.376945825382116,0.7640452149466564,0.43751658223155376,0.8800210953339067,0.6202134708316238,1.7920600140214857,1.2414384969691297,0.9716326792456312,1.0712751812750332,0.6984885736169837,0.774497547573679,1.0474885535648828,1.0514593429221586,1.3161362888126547,1.3351297072201105,1.0181191053181138,1.492248307141843,0.910323084747313,1.1265956609885097,1.191480750434587,2.074165897294375,0.9935123794862543,1.2183528847620086,1.4813278015444133,3.378467357305847,2.165283783057172,2.225329294736246,1.6551204427665829,1.4053863485060478,2.3729200805508808,1.1806749216948913,1.440547174666325,1.5399055765394858,1.7805364784151687,1.2360028738222557,1.2054988310317034,0.8287453277634271,0.68847692932511,0.8084177491204338,1.5386399673480307,0.8389322237667806,0.8446854048254514,1.8985154536907023,2.8069115414893644,0.7030673721817727,0.711704838652796,3.269889436293679,2.674484138518244,0.4482894385010305,1.835104646918681,0.9969501852151061,1.2554754998947613,1.090321471907778,1.100441239528478,1.051778828677097,1.1205104840939855,0.7485111414369097,0.8835774174168026,0.9617953198063064,0.9622723410083595,0.9235827447030418,1.1684900132372864,0.5435340398245724,0.9463834754101391,0.5433642584042407,0.7747771040030308,0.7316995326320297,0.0,3.8396696946960507,1.5805844675517207
CHI:76,4.31151837196622,4.357951128207233,3.723066794451853,3.939044710156866,4.526172937628206,4.6783350225959985,4.3554368645547825,4.44946421554168,4.342622128879625,4.117783520036496,4.2683429494909975,3.46200308175612,2.588486440873974,4.637025682160795,4.519455719796873,4.45718669170938,4.217352489269951,4.24820957330838,4.5023962204675945,4.4937329905158325,4.497060524276432,4.6769846456367175,4.2652541146738265,4.62628226429647,4.204257712286739,4.620874840820282,4.43274249017481,4.034871598698123,4.233468179472415,3.741319174213146,3.8094855377392363,4.4551594994801,3.9094538967680474,4.683294818034387,3.5966259351673626,3.8914781205536575,4.589135383183933,4.397435942786798,3.957956694461555,3.5287984289745946,3.7782521462457246,4.060311338962124,4.448032580706376,4.114881962573917,4.183035980281749,3.902759498042488,3.293255690373569,4.255452209836952,4.29559370057672,2.3247125376468434,1.8623376588662133,3.6732243937847784,4.2770388768280725,2.0298240004642705,2.0936640225240857,3.917865330577034,2.713526788266606,4.101863557933326,4.154299478596092,4.563279923452834,3.78662869989557,4.597138761844185,4.431657058521596,4.026696308580643,3.8783672205558264,4.370362801166581,4.567700268350996,4.463485237196061,3.8683371933130957,3.8353357282455844,4.526318666161176,3.7413381654258138,4.398447443986067,3.711424993501738,3.8396696946960507,0.0,4.546283811647361
CHI:77,0.7266725254566136,0.911217056462731,1.1490438627422503,0.8940087340370672,0.9480136084691904,0.4481967877610612,0.6504901587703164,1.3207355319543381,1.8081524216452696,1.507002231595687,0.9826321743163244,1.7122189779627643,2.1809467538810443,0.6986865814501249,0.9480959364622337,0.7903201362637908,1.2953393684025478,1.1338968166288173,1.03516734035765,1.1076054818861187,0.7491194098065083,0.704260750311734,0.9834579330987852,0.7961380985816864,0.9305924846652378,0.9763869422990546,0.9007734094013208,1.577372617975574,1.052552976063174,1.2319649940560196,1.2811284102614082,2.661286737863464,1.441267883365094,1.7836937805915765,1.379063319578994,1.3858352073577702,2.497597619284926,0.9606840438559495,1.0199634364253505,1.742813262490742,1.3984538727034619,1.012144438228949,0.7201054358196792,0.9463557140655887,1.2307233918096514,1.165636883501483,2.3655113983366007,1.3218814524401796,1.1647562266221045,2.461941327908501,3.4557277652297946,1.4755244672440844,1.5818034794261266,3.941437579011044,3.4853738394720994,1.3528566772418529,2.222518162187498,0.9960607668554545,1.0234466011705674,0.9456377191271825,1.5725074443368068,1.1399886853686543,1.0943761495130362,1.4040391245943031,1.4101304191761843,1.096256378418759,1.3031064267200954,1.313491698143665,1.1338852928698435,1.387255318643384,1.083317724410907,1.7731267926369145,1.1345616234327245,1.7272180354908668,1.5805844675517207,4.546283811647361,0.0
