unit_id,trans_id,street,road_class,f_zlev,t_zlev,longest_uncovered_run_m,uncovered_total_m,candidate_ids,candidate_intersection_m,geometry_wkt,status
CHI:02,104935,N WHIPPLE ST,4,0,0,46.600354599827405,46.600354599827405,M3C_GLOBAL_0e3360a7f8496c30be89,46.6,"LINESTRING (441551.75510215625 4648860.810549693, 441555.34921951446 4648865.2289656615, 441563.00080447935 4648874.422254766, 441566.3614128194 4648878.498966259, 441567.7530473227 4648887.244262642, 441567.60459799063 4648889.452759013, 441567.0532020235 4648897.682879413, 441566.9427710121 4648902.024622208)",needs_road_status_and_property_side_review
CHI:02,149694,N WHIPPLE ST,4,0,0,50.6290942934327,50.6290942934327,M3C_GLOBAL_b3e4a9094bea20acb276,50.629,"LINESTRING (441520.24188681203 4650554.156950032, 441522.32359151484 4650604.743229738)",needs_road_status_and_property_side_review
CHI:02,154308,W FARWELL AVE,4,0,0,35.38157911238544,35.38157911238544,M3C_GLOBAL_33c631f5eecc3becd724,35.382,"LINESTRING (441900.2931343374 4650648.610181125, 441864.9142175301 4650648.1761465315)",needs_road_status_and_property_side_review
CHI:02,150042,N BELL AVE,4,0,0,31.50259904561664,31.50259904561664,M3C_GLOBAL_f1e8c84c34d739c71b1c,31.503,"LINESTRING (443159.1144282813 4651991.515892624, 443159.6186321953 4652023.014456481)",needs_road_status_and_property_side_review
CHI:03,148514,W MONTROSE HARBOR DR,4,0,0,36.46438075759246,36.46438075759246,M3C_GLOBAL_d69900844289bf3fa8ca,36.464,"LINESTRING (446966.5024470905 4645565.620009815, 446935.8333281291 4645585.34451757)",needs_road_status_and_property_side_review
CHI:04,151672,N WINCHESTER AVE,4,0,0,44.464441548808274,44.464441548808274,M3C_GLOBAL_567a5b2917b9d796df6f,44.464,"LINESTRING (443852.3740608603 4646037.519334733, 443852.8517967447 4646081.981209757)",needs_road_status_and_property_side_review
CHI:06,154575,N SEMINARY AVE,4,0,0,129.42509972919495,129.42509972919495,M3C_GLOBAL_8d64c408fb08ad32ec2e,129.425,"LINESTRING (445565.6865181446 4644183.77237082, 445563.3648920494 4644313.176646221)",needs_road_status_and_property_side_review
CHI:06,102643,N SEMINARY AVE,4,0,0,97.25010708734304,146.3587573878035,M3C_GLOBAL_8f0668c2d67c17c3ff27,97.25,"LINESTRING (445563.2117429027 4644340.852179104, 445563.2215673379 4644349.308605356, 445563.41812489193 4644361.942694113, 445563.4766424078 4644375.532529052, 445563.21635109524 4644384.289823812, 445563.15706078726 4644397.215490114, 445563.2592368246 4644403.782986237, 445563.79300778866 4644438.09167548)",needs_road_status_and_property_side_review
CHI:06,149747,W OAKDALE AVE,4,0,0,58.13029363643892,58.13029363643892,M3C_GLOBAL_4f3de47b7fc5549e5940,58.13,"LINESTRING (444339.8786257178 4642818.748777431, 444281.75326420757 4642819.506001018)",needs_road_status_and_property_side_review
CHI:06,103113,W HENDERSON ST,4,0,0,62.36847664671663,98.1657561623307,M3C_GLOBAL_7fc1dba319d59cef651d,62.368,"LINESTRING (444348.0610475445 4643598.182906359, 444316.5967881431 4643597.916298466, 444285.6948097224 4643597.6544566)",needs_road_status_and_property_side_review
CHI:06,153935,N LAKEWOOD AVE,4,0,0,56.737118212963175,80.9090074308896,M3C_GLOBAL_dc9fce3c6e4f1fc70732,56.737,"LINESTRING (445078.50522374344 4644858.403478083, 445052.1744725909 4644908.660737528)",needs_road_status_and_property_side_review
CHI:07,146879,N CAMBRIDGE AVE,4,0,0,35.66189271272628,35.66189271272628,M3C_GLOBAL_9bfe6c89418d22276e79,35.662,"LINESTRING (446708.08004319685 4641659.986841597, 446707.61400655116 4641686.4530563, 446707.4550704542 4641695.6432572445)",needs_road_status_and_property_side_review
CHI:07,153873,N CLIFTON AVE,4,0,0,54.91422841738,54.91422841738,M3C_GLOBAL_7bac9d2bff176374bcbc,54.914,"LINESTRING (445367.82217557385 4640584.796807499, 445405.63795174914 4640624.615641672)",needs_road_status_and_property_side_review
CHI:07,154600,N SEMINARY AVE,4,0,0,171.04756087201596,171.04756087201596,M3C_GLOBAL_d0702c0105a39a0f7a5b,171.048,"LINESTRING (445608.4598996049 4641508.740689778, 445607.74434011686 4641559.238226569, 445606.73687537643 4641630.3366414765, 445606.0363922806 4641679.771080915)",needs_road_status_and_property_side_review
CHI:08,162430,W CARROLL AVE,4,0,0,51.57838432898518,51.57838432898518,M3C_GLOBAL_81b3e2ebd6d636164f7a,51.578,"LINESTRING (447501.73847288167 4637587.523943195, 447450.1822508368 4637589.03579585)",needs_road_status_and_property_side_review
CHI:08,153774,N BURLING ST,4,0,0,79.92766132990253,79.92766132990253,M3C_GLOBAL_b6e710b4fbf11b7b5c2b,79.928,"LINESTRING (446336.74585256283 4639340.720174782, 446337.4214484377 4639420.644980793)",needs_road_status_and_property_side_review
CHI:08,144310,W EVERGREEN AVE,4,0,0,36.31797132305492,36.31797132305492,M3C_GLOBAL_416e32d2a5947cfd3200,36.318,"LINESTRING (446416.38496985764 4639582.3868308915, 446410.5779478711 4639582.306363974, 446390.04794899334 4639582.052620642, 446380.0696972037 4639581.945669277)",needs_road_status_and_property_side_review
CHI:08,144309,W EVERGREEN AVE,4,0,0,143.0840116270619,143.0840116270619,M3C_GLOBAL_416e32d2a5947cfd3200,143.084,"LINESTRING (446559.44679822423 4639584.809545542, 446548.0834286978 4639584.648284547, 446525.0138254533 4639584.312130494, 446507.1042794164 4639584.048125391, 446474.5499854783 4639583.207303974, 446439.0816591002 4639582.701265813, 446416.38496985764 4639582.3868308915)",needs_road_status_and_property_side_review
CHI:08,154649,N OGDEN AVE,4,0,0,101.86995634285594,101.86995634285594,M3C_GLOBAL_3b20936fa5f2cd9af440,101.87,"LINESTRING (446473.43543969444 4639779.38328366, 446522.75026783755 4639868.521018265)",needs_road_status_and_property_side_review
CHI:08,162447,E HUBBARD LOWER ST,7,-1,-1,83.61073009902906,83.61073009902906,M3C_GLOBAL_17060162c6c832d29ef6,83.611,"LINESTRING (448249.3288072709 4637768.466659607, 448332.8841086317 4637771.51063763)",needs_road_status_and_property_side_review
CHI:08,150251,N ST CLAIR ST,7,-1,-1,49.3378395330229,49.3378395330229,M3C_GLOBAL_bd001294658043f8014b,49.338,"LINESTRING (448418.5856205317 4637786.557198205, 448420.48577124585 4637835.858433859)",needs_road_status_and_property_side_review
CHI:08,150317,W BURTON PL,4,0,0,32.71000786122872,32.71000786122872,M3C_GLOBAL_cb16ae5596006d7ce99c,32.71,"LINESTRING (447599.2521421176 4639913.088974867, 447566.5581335188 4639912.066030087)",needs_road_status_and_property_side_review
CHI:09,154557,N OGALLAH AVE,4,0,0,54.25973478292817,54.25973478292817,M3C_GLOBAL_090a9237db9dff6aac5a,54.26,"LINESTRING (432589.14661214827 4650019.970126428, 432622.87481052807 4650062.473390453)",needs_road_status_and_property_side_review
CHI:10,154523,N OLCOTT AVE,4,0,0,79.42938967796192,79.42938967796192,M3C_GLOBAL_2be885399b642e79bb17,79.429,"LINESTRING (432528.986853822 4647668.206333792, 432530.3128871601 4647747.624653972)",needs_road_status_and_property_side_review
CHI:11,154550,W VETERANS PL,4,0,0,71.05053188466364,71.05053188466364,M3C_GLOBAL_0c95e935f86f2fa81549,71.051,"LINESTRING (436948.0516740555 4646672.2182184635, 436888.35861633974 4646633.683598423)",needs_road_status_and_property_side_review
CHI:12,153941,N LUNDY AVE,4,0,0,37.7533726503502,37.7533726503502,M3C_GLOBAL_10ba040450bc28b6a905,37.753,"LINESTRING (436455.9721047014 4649573.427623013, 436467.86837195803 4649609.257721699)",needs_road_status_and_property_side_review
CHI:12,153832,N KINZUA AVE,4,0,0,67.70080759812089,67.70080759812089,M3C_GLOBAL_1e5ae5be4e9256a9a267,67.701,"LINESTRING (436597.95473088964 4649784.951063472, 436588.16846340697 4649824.601637512, 436581.7321196826 4649850.679491378)",needs_road_status_and_property_side_review
CHI:13,147075,N CHRISTIANA AVE,4,0,0,38.91449339765224,38.91449339765224,M3C_GLOBAL_d6ae5779731ced9b3169,38.914,"LINESTRING (440984.9244338837 4647138.72148841, 440984.61232941924 4647176.149515889, 440984.5900146032 4647177.634512892)",needs_road_status_and_property_side_review
CHI:13,146944,N SPAULDING AVE,4,0,0,135.21277260441613,135.21277260441613,M3C_GLOBAL_d6ae5779731ced9b3169,135.213,"LINESTRING (441086.6895065286 4647175.408384585, 441085.3415806938 4647210.53628747, 441084.8518506888 4647240.937308004, 441084.5786899029 4647264.499947502, 441084.47744786734 4647274.1095120935, 441084.1998325749 4647300.457449581, 441084.21797937545 4647310.5877657775)",needs_road_status_and_property_side_review
CHI:16,153950,W SCHOOL ST,4,0,0,58.71244375486372,58.71244375486372,M3C_GLOBAL_32ea0576696bb58447d5,58.712,"LINESTRING (438577.6927400898 4643463.032355148, 438518.98187442165 4643462.6018854445)",needs_road_status_and_property_side_review
CHI:21,154615,W EDDY ST,4,0,0,95.53059574804703,95.53059574804703,M3C_GLOBAL_66372d99e1b7d3c4a8cc,95.531,"LINESTRING (440657.6717860826 4643986.23544298, 440562.1448154313 4643985.403215749)",needs_road_status_and_property_side_review
CHI:22,103944,N HOLLY AVE,4,0,0,186.9988669359794,186.9988669359794,M3C_GLOBAL_6a8b31f58cf57daa9cfa,186.999,"LINESTRING (444547.91941078764 4640895.529461711, 444547.4635783179 4640896.831477359, 444544.43855463876 4640901.787603256, 444514.8077339144 4640932.39154092, 444507.42727410595 4640939.834982054, 444495.4685309258 4640951.895897609, 444480.3461025314 4640967.050281879, 444469.47833299753 4640977.939426163, 444464.539446527 4640982.882650242, 444461.26973384223 4640986.212343096, 444459.6723198444 4640988.129482045, 444459.09417140257 4640989.7504579155, 444459.8277070275 4640991.655762376, 444462.115228062 4640994.338327027, 444464.8335841213 4640997.096468083, 444467.48438394704 4641000.605278928, 444468.7696393251 4641003.111451553, 444468.58428002446 4641004.122967887, 444467.4385034021 4641005.493754714, 444466.2806206296 4641007.065847191, 444463.7144238804 4641009.586195934, 444458.80651842547 4641013.38622625, 444453.1728388029 4641017.739949015, 444445.4525210883 4641023.707630492, 444440.74655457155 4641027.952464657, 444439.0657340078 4641029.992820572)",needs_road_status_and_property_side_review
CHI:22,103945,N HOBSON AVE,4,0,0,37.071955949390045,37.071955949390045,M3C_GLOBAL_6a8b31f58cf57daa9cfa,37.072,"LINESTRING (444439.0657340078 4641029.992820572, 444439.3877532183 4641031.3011713205, 444440.3160883078 4641032.798164862, 444442.3984218763 4641035.416880656, 444449.35204688506 4641042.853711491, 444452.199051937 4641045.850583427, 444463.4279685068 4641057.669261007)",needs_road_status_and_property_side_review
CHI:22,149730,N RIVERWALK DR,4,0,0,43.47418498096651,62.2222884901917,M3C_GLOBAL_74ab2a586b0836217971,43.474,"LINESTRING (443142.51506264205 4642623.982719695, 443142.40184962115 4642624.018355416, 443142.25733062485 4642624.064178714, 443142.11290728836 4642624.110274773, 443141.9685800852 4642624.156674064, 443141.8243494891 4642624.203407047, 443141.68021502765 4642624.250443262, 443141.53617669846 4642624.297782705, 443141.39226496784 4642624.3454249045, 443141.2484193793 4642624.393401271, 443141.10469991673 4642624.441649929, 443140.9610765856 4642624.490201817, 443140.81758032873 4642624.539086922, 443140.6741492647 4642624.588245269, 443140.53084527294 4642624.637736835, 443140.38763741474 4642624.687531631, 443140.24455568043 4642624.737598715, 443140.1015705556 4642624.787999495, 443139.9586815643 4642624.838703506, 443139.815888231 4642624.88968028, 443139.6732224437 4642624.94102074, 443139.5306823078 4642624.9926030245, 443139.3882387792 4642625.044519003, 443139.24589138443 4642625.096738213, 443139.1036701136 4642625.149229711, 443138.961576389 4642625.202084898, 443138.81957785075 4642625.255182381, 443138.67764545284 4642625.308614031, 443138.53590058594 4642625.362347494, 443138.394251375 4642625.41635372, 443138.25269877573 4642625.470693638, 443138.11127229856 4642625.5253058495, 443137.969972895 4642625.580251277, 443137.82876915054 4642625.635469472, 443137.6877229427 4642625.691020413, 443137.4110662462 4642625.8009102745, 443137.2690372416 4642625.854008232, 443137.1271662492 4642625.907469402, 443136.98545421235 4642625.961354716, 443136.8438997172 4642626.015572775, 443136.70247418736 4642626.070245915, 443136.5612066698 4642626.125282268, 443136.4200976373 4642626.180712295, 443136.2791470898 4642626.236536002, 443136.1383550263 4642626.2927533835, 443135.9976909828 4642626.349364917, 443135.8572158906 4642626.406369655, 443135.7168992813 4642626.463768069, 443135.5767106932 4642626.521560632, 443135.43671058054 4642626.5797159355, 443135.29686895513 4642626.638264915, 443135.1571558215 4642626.6972385105, 443135.0176616315 4642626.756574369, 443134.878325451 4642626.8162734425, 443134.7391482283 4642626.876396656, 443134.6001285446 4642626.936852613, 443134.4612682946 4642626.997763183, 443134.32259651914 4642627.059036488, 443134.1840827553 4642627.1206730055, 443134.0457584145 4642627.182733189, 443133.9075920874 4642627.24515659, 443133.76958376885 4642627.307943199, 443133.6317644018 4642627.37112301, 443133.4941339852 4642627.434696027, 443133.35669251793 4642627.498662245, 443133.21937859745 4642627.562992148, 443133.08228361665 4642627.6276843175, 443132.94534759613 4642627.692800629, 443132.80863051745 4642627.758279204, 443132.67207144946 4642627.824120988, 443132.535670865 4642627.890356452, 443132.3994892245 4642627.956954181, 443132.2634965335 4642628.023945113, 443132.1276623261 4642628.09132972, 443131.99201659556 4642628.15907707, 443131.856589808 4642628.227186677, 443131.72132150404 4642628.2956899665, 443131.5862716683 4642628.364525051, 443131.4513812636 4642628.433814744, 443131.3167093272 4642628.503436239, 443131.1822258679 4642628.57342047, 443131.0479313592 4642628.643797902, 443130.91385579057 4642628.7145376, 443130.7799382329 4642628.785640511, 443130.64624009107 4642628.857136151, 443130.51276089024 4642628.928994054, 443130.3794397005 4642629.001215169, 443130.24636791897 4642629.073798075, 443130.11345462117 4642629.14677466, 443129.9807602645 4642629.220113506, 443129.84828485106 4642629.293814617, 443129.7159979117 4642629.367878468, 443129.58392991556 4642629.442304582, 443129.4520508672 4642629.5171238985, 443129.3203907632 4642629.592305479, 443129.1889186596 4642629.667819332, 443129.05769643694 4642629.743725443, 443128.9266631642 4642629.820024758, 443128.79587834934 4642629.896624927, 443128.6652215565 4642629.973619253, 443128.5348446339 4642630.050974892, 443128.4046561876 4642630.128693272, 443128.27471714857 4642630.20677344, 443128.14496563637 4642630.285155418, 443128.0154344898 4642630.363991052, 443127.8861222835 4642630.443188956, 443127.7570580614 4642630.522657249, 443127.6281832631 4642630.602549216, 443127.4995573985 4642630.682772502, 443127.3711200092 4642630.763358531, 443127.24293202633 4642630.844306349, 443127.114962987 4642630.92561643, 443126.9872428783 4642631.007257837, 443126.85971171974 4642631.08929245, 443126.73242902017 4642631.171627922, 443126.6053657368 4642631.254356118, 443126.4785518579 4642631.337446112, 443126.35195644986 4642631.420867899, 443126.22557950753 4642631.504621493, 443126.0994519717 4642631.588736868, 443125.9736043074 4642631.673213567, 443125.84791512834 4642631.75808394, 443125.7224739325 4642631.843224705, 443125.597313083 4642631.928757256, 443125.4723402385 4642632.014622078, 443125.3476467887 4642632.100817753, 443125.2231722815 4642632.187375692, 443125.098947182 4642632.274295421, 443124.9749405493 4642632.361546948, 443124.8512133134 4642632.44912933, 443124.7277050192 4642632.537073974, 443124.6044456578 4642632.625349942, 443124.481435701 4642632.713987703, 443124.35867468134 4642632.802956788, 443124.23616259045 4642632.892257197, 443124.1138994345 4642632.981888933, 443123.9918856832 4642633.071882461, 443123.8701208648 4642633.162207312, 443123.64878372534 4642633.327732719, 443116.57053203747 4642638.810448628, 443116.4542075874 4642638.90769753, 443116.3375409142 4642639.004494673, 443116.220533438 4642639.100931445, 443116.1031837397 4642639.196916452, 443115.98552370456 4642639.292540617, 443115.8674909811 4642639.387713491, 443115.7492088508 4642639.482524577, 443115.6305230924 4642639.576854378, 443115.5115260517 4642639.67076241, 443115.39221914456 4642639.764340061, 443115.27257001743 4642639.857465951, 443115.15254772827 4642639.9501100825, 443115.03230697074 4642640.042422418, 443114.91169352503 4642640.134283459, 443114.7907692674 4642640.2257531965, 443114.6695027877 4642640.316771169, 443114.54795548937 4642640.407366894, 443114.42606644146 4642640.497541321, 443114.3038960991 4642640.5872630365, 443114.181384482 4642640.676593917, 443114.05856157927 4642640.765503024, 443113.9354269213 4642640.853959895, 443113.8120114415 4642640.941994517, 443113.6882542132 4642641.029607841, 443113.5642156914 4642641.116768452, 443113.43989635096 4642641.203506818, 443113.3152352608 4642641.289823886, 443113.19029287726 4642641.375688241, 443113.0650392089 4642641.461130824, 443112.9395042492 4642641.546120694, 443112.81365800364 4642641.630688793, 443112.6875304656 4642641.714804178, 443112.56112210767 4642641.798497317, 443112.4344019923 4642641.881738218, 443112.30740058335 4642641.964526407, 443112.18011835555 4642642.0468923515, 443112.0525243692 4642642.128806056, 443111.9246795552 4642642.210266573, 443111.7965234563 4642642.29130532, 443111.66814651986 4642642.371859944, 443111.53939737077 4642642.451993742, 443111.4104283306 4642642.531704345, 443111.2811461135 4642642.610871313, 443111.1516140142 4642642.689646027, 443111.0218015697 4642642.7680289615, 443110.89173782256 4642642.845928242, 443110.76139183616 4642642.923313882, 443110.6307345648 4642643.000277748, 443110.4998569305 4642643.076787956, 443110.3687284684 4642643.1528449785, 443110.2372877737 4642643.228419299, 443110.10562718986 4642643.303570424, 443109.9736848393 4642643.378238372, 443109.84146119596 4642643.452453608, 443109.70901718957 4642643.526215186, 443109.57629188924 4642643.599524051, 443109.44334575214 4642643.672348792, 443109.3101183241 4642643.744720819, 443109.1766395922 4642643.816609196, 443109.0429100334 4642643.88804439, 443108.9089296454 4642643.9590264, 443108.7747284205 4642644.029524281, 443108.6402459036 4642644.099569452, 443108.50554254965 4642644.1691304995, 443108.3706188316 4642644.238237885, 443108.23541334766 4642644.306862095, 443108.09998750046 4642644.3750326475, 443107.9643712812 4642644.442718598, 443107.82844283216 4642644.509921849, 443107.6922940177 4642644.57667144, 443107.55595483206 4642644.642936429, 443107.4193338795 4642644.708718246, 443107.2825230306 4642644.774045925, 443107.1454908686 4642644.838859021, 443107.00823834527 4642644.903218451, 443106.8707040528 4642644.967094708, 443106.73297939217 4642645.030486365, 443106.595064832 4642645.093423891, 443106.45689849585 4642645.155847302, 443106.318542261 4642645.217816575, 443106.17993425124 4642645.279271734, 443106.04113634385 4642645.34027276, 443105.9021176002 4642645.400789664, 443105.76290801016 4642645.460791501, 443105.6234780576 4642645.520339682, 443105.48382632004 4642645.579342807, 443105.34398563334 4642645.637952727, 443105.1862410077 4642645.7033317415)",needs_road_status_and_property_side_review
CHI:23,147459,N SAWYER AVE,4,0,0,79.71175549134179,79.71175549134179,M3C_GLOBAL_c0681a708a26415712ef,79.712,"LINESTRING (441298.26229963027 4637689.727146221, 441297.8303409595 4637717.1037128195, 441297.5121856661 4637737.2669461, 441297.0583508264 4637769.42978242)",needs_road_status_and_property_side_review
CHI:24,154602,N BESLY CT,4,0,0,171.117340642658,171.117340642658,M3C_GLOBAL_978e15f438e5e52453cb,171.117,"LINESTRING (444881.4013857328 4640323.910994097, 444859.3928082383 4640366.535752719, 444818.19024464383 4640446.33421134, 444802.89515432634 4640475.956763189)",needs_road_status_and_property_side_review
CHI:25,153957,S LONG AVE,4,0,0,49.553055051506135,49.553055051506135,M3C_GLOBAL_e61e7d35c958a5b29c7c,49.553,"LINESTRING (436999.5907926113 4635717.297796039, 436997.4430754141 4635667.7913058)",needs_road_status_and_property_side_review
CHI:25,122081,S LOTUS AVE,4,0,0,31.413644727575868,31.413644727575868,M3C_GLOBAL_2069953396b72f1f4288,31.414,"LINESTRING (436804.93322205456 4635927.0483856285, 436805.3445459533 4635904.890471921, 436805.59069195256 4635895.641833257)",needs_road_status_and_property_side_review
CHI:25,154711,W KINZIE ST,4,0,0,37.32903485693654,37.32903485693654,M3C_GLOBAL_412e23f7c47348707f73,37.329,"LINESTRING (438512.2898015814 4637599.654682752, 438474.9626602196 4637600.030662943)",needs_road_status_and_property_side_review
CHI:25,154705,W GOLE DR,4,0,0,87.71990194559444,87.71990194559444,M3C_GLOBAL_1ed186e448059e39278c,87.72,"LINESTRING (436257.20021340996 4636401.158694304, 436254.3747951968 4636388.624416875, 436248.84107245144 4636379.322659955, 436237.95814215054 4636373.786517597, 436189.541510707 4636374.5387087045, 436186.1276381107 4636374.633398093)",needs_road_status_and_property_side_review
CHI:25,163234,W HOMER ST,4,0,0,107.0223229814165,107.0223229814165,M3C_GLOBAL_f6d6c6e80af0538d50d6,107.022,"LINESTRING (436299.55994873034 4640621.567857663, 436260.4592800852 4640621.564938643, 436192.548133948 4640620.370223904)",needs_road_status_and_property_side_review
CHI:25,112178,W WABANSIA AVE,4,0,0,37.72915992868413,37.72915992868413,M3C_GLOBAL_e00cec0fe38c1b42eb7e,37.729,"LINESTRING (438333.710066675 4640213.3111520745, 438331.1551712174 4640215.232786538, 438328.92448357184 4640216.206029004, 438324.12759199255 4640216.372051936, 438311.5473683417 4640216.305530978, 438296.8302221791 4640216.118025264)",needs_road_status_and_property_side_review
CHI:27,154713,W VAN BUREN ST,4,0,0,171.11443970244983,171.11443970244983,M3C_GLOBAL_328be67fc8af89df0a2f,171.114,"LINESTRING (441402.9620307961 4636195.396783, 441352.9118292343 4636194.954846165, 441272.3352563047 4636194.243371058, 441231.85426125367 4636193.885929964)",needs_road_status_and_property_side_review
CHI:27,121817,W FIFTH AVE,4,0,0,74.72002778371225,111.17009525680317,M3C_GLOBAL_2093be75add24c00a404,74.72,"LINESTRING (441288.95004259405 4636466.853413193, 441267.66919709725 4636459.088506303, 441238.58015955135 4636448.50329443, 441218.71107614407 4636441.367222756)",needs_road_status_and_property_side_review
CHI:27,121816,W ADAMS ST,4,0,0,41.300636578554105,41.300636578554105,M3C_GLOBAL_2093be75add24c00a404,41.301,"LINESTRING (441259.1236173085 4636513.427698121, 441249.1285933231 4636513.349641923, 441217.82415656815 4636513.116111656)",needs_road_status_and_property_side_review
CHI:27,121845,W FIFTH AVE,4,0,0,77.3213648605198,77.3213648605198,M3C_GLOBAL_2093be75add24c00a404,77.321,"LINESTRING (441218.71107614407 4636441.367222756, 441194.58210448676 4636432.701177529, 441172.21432112606 4636424.601680207, 441146.5843061924 4636413.5928788)",needs_road_status_and_property_side_review
CHI:27,121795,S SPAULDING AVE,4,0,0,71.75488690193548,71.75488690193548,M3C_GLOBAL_2093be75add24c00a404,71.755,"LINESTRING (441217.82415656815 4636513.116111656, 441218.06783652137 4636492.556244408, 441218.18256444036 4636477.610335638, 441218.227050007 4636471.814122582, 441218.48006519885 4636458.286423527, 441218.71107614407 4636441.367222756)",needs_road_status_and_property_side_review
CHI:27,121792,S SPAULDING AVE,4,0,0,124.46748339482264,124.46748339482264,M3C_GLOBAL_2093be75add24c00a404,124.467,"LINESTRING (441216.5348301437 4636637.576200529, 441216.5951892802 4636634.310212351, 441216.7609619187 4636609.283541367, 441217.056505619 4636586.333085265, 441217.1045694139 4636583.071892705, 441217.33244498185 4636567.612530053, 441217.5429178169 4636541.539954754, 441217.59839571064 4636532.165722522, 441217.82415656815 4636513.116111656)",needs_road_status_and_property_side_review
CHI:27,124196,W MUSIC COURT DR,4,0,0,35.44424535119179,35.44424535119179,M3C_GLOBAL_d7e41abf06aa250e58d3,35.444,"LINESTRING (440380.1129883848 4636651.487801728, 440344.66922575823 4636651.302816897)",needs_road_status_and_property_side_review
CHI:27,122137,S FAIRFIELD AVE,4,0,0,62.761738854309726,62.761738854309726,M3C_GLOBAL_cdaae7a15a849c1db2e0,62.762,"LINESTRING (442339.2649499447 4635594.1293962, 442339.58337646886 4635563.818512159, 442339.7436805995 4635547.851448661, 442339.90875382937 4635531.370961261)",needs_road_status_and_property_side_review
CHI:27,122123,W ARTHINGTON ST,4,0,0,64.87012760069194,64.87012760069194,M3C_GLOBAL_cdaae7a15a849c1db2e0,64.87,"LINESTRING (442339.2649499447 4635594.1293962, 442310.81276048225 4635594.128448769, 442292.4894593062 4635594.022391129, 442287.2310474485 4635593.991965853, 442274.3956187345 4635593.890452557)",needs_road_status_and_property_side_review
CHI:27,122109,S WASHTENAW AVE,4,0,0,61.79570303571161,61.79570303571161,M3C_GLOBAL_6d513e16696e2fb50b1c,61.796,"LINESTRING (442445.4090683258 4635594.945739325, 442446.13314049767 4635573.995837215, 442446.37357273925 4635551.613104672, 442446.70804084546 4635533.16686863)",needs_road_status_and_property_side_review
CHI:27,122122,W ARTHINGTON ST,4,0,0,67.00025557570818,91.26611367270309,M3C_GLOBAL_cdaae7a15a849c1db2e0,67.0,"LINESTRING (442406.26121156267 4635594.73648816, 442404.5830421746 4635594.734828806, 442392.129434353 4635594.572879872, 442375.32658272045 4635594.354346221, 442358.770437736 4635594.130060472, 442339.2649499447 4635594.1293962)",needs_road_status_and_property_side_review
CHI:27,122132,W ARTHINGTON ST,4,0,0,151.3981901915786,151.3981901915786,M3C_GLOBAL_6d513e16696e2fb50b1c,151.398,"LINESTRING (442596.79916402913 4635595.09786537, 442574.64672879555 4635595.112917587, 442545.92320913007 4635595.495080292, 442520.4089150115 4635595.711657042, 442494.6600726617 4635595.541798892, 442476.8410495585 4635595.428548155, 442445.4090683258 4635594.945739325)",needs_road_status_and_property_side_review
CHI:27,122121,S WASHTENAW AVE,4,0,0,86.41031914240764,86.41031914240764,M3C_GLOBAL_6d513e16696e2fb50b1c,86.41,"LINESTRING (442443.8194652392 4635681.336431097, 442444.11351580074 4635658.393350212, 442444.25694488647 4635645.263572715, 442444.3360067789 4635637.994655282, 442444.49751493277 4635621.320646194, 442445.4090683258 4635594.945739325)",needs_road_status_and_property_side_review
CHI:27,155427,W LEXINGTON ST,4,0,0,147.01176000342218,147.01176000342218,M3C_GLOBAL_149c89063b1cf22353bc,147.012,"LINESTRING (442602.4562228627 4635798.087517107, 442579.1230162139 4635798.136373225, 442549.07365470374 4635797.911445234, 442526.03269129427 4635797.669063699, 442499.1186611849 4635797.42590269, 442481.81116851413 4635797.286431971, 442463.37851757306 4635797.100447589, 442455.44948820415 4635797.036370709)",needs_road_status_and_property_side_review
CHI:27,153145,W FLOURNOY ST,4,0,0,145.9617794242424,145.9617794242424,M3C_GLOBAL_149c89063b1cf22353bc,145.962,"LINESTRING (442600.16780822526 4635898.678653198, 442593.64667562797 4635898.6009725435, 442564.5604981796 4635898.78462714, 442539.7032462972 4635898.533930815, 442515.4137154077 4635898.341424082, 442484.0656040594 4635898.07878199, 442463.0186183089 4635897.905990133, 442454.2109100043 4635897.899714411)",needs_road_status_and_property_side_review
CHI:28,154436,S WOLCOTT AVE,4,0,0,39.82558722101052,39.82558722101052,M3C_GLOBAL_9134b228cf4d79d2f19a,39.826,"LINESTRING (444090.47594675596 4634478.026319395, 444090.954973645 4634438.203613174)",needs_road_status_and_property_side_review
CHI:28,114358,W WASHBURNE AVE,4,0,0,57.81009302104288,57.81009302104288,M3C_GLOBAL_df452abc533b9f611aed,57.81,"LINESTRING (444434.2985384187 4635108.917278785, 444416.8087310702 4635108.69659435, 444415.46245637286 4635108.735362164, 444384.57571322966 4635108.343571781, 444376.49375194975 4635108.224882466)",needs_road_status_and_property_side_review
CHI:28,114311,W WASHBURNE AVE,4,0,0,52.31446326755221,52.31446326755221,M3C_GLOBAL_df452abc533b9f611aed,52.314,"LINESTRING (444541.24160968215 4635110.21655165, 444501.30911070533 4635109.717844368, 444488.9309670561 4635109.585577871)",needs_road_status_and_property_side_review
CHI:28,114327,S PAULINA ST,4,0,0,84.74772260432265,84.74772260432265,M3C_GLOBAL_df452abc533b9f611aed,84.748,"LINESTRING (444488.9309670561 4635109.585577871, 444489.107158248 4635096.715903617, 444489.66306088807 4635059.034369159, 444490.1674137678 4635024.846881617)",needs_road_status_and_property_side_review
CHI:28,114351,W WASHBURNE AVE,4,0,0,34.75270673539844,34.75270673539844,M3C_GLOBAL_df452abc533b9f611aed,34.753,"LINESTRING (444488.9309670561 4635109.585577871, 444478.0640133235 4635109.469452796, 444454.1807816022 4635109.168122489)",needs_road_status_and_property_side_review
CHI:28,114905,S PAULINA ST,4,0,0,73.53027335546376,73.53027335546376,M3C_GLOBAL_df452abc533b9f611aed,73.53,"LINESTRING (444487.7740893108 4635183.106719166, 444488.3490780642 4635147.490847887, 444488.7631038855 4635121.84567637, 444488.9309670561 4635109.585577871)",needs_road_status_and_property_side_review
CHI:28,153988,W FILLMORE ST,4,0,0,72.58595207301879,72.58595207301879,M3C_GLOBAL_3b95b6b21919b97b8bbf,72.586,"LINESTRING (444266.4704506661 4635389.415025749, 444193.8863063687 4635389.927309811)",needs_road_status_and_property_side_review
CHI:28,114676,W 13TH ST,4,0,0,120.58733235254506,120.58733235254506,M3C_GLOBAL_c2887f0f2359da62729f,120.587,"LINESTRING (446450.69339248585 4635034.592694438, 446330.1153545602 4635033.095532488)",needs_road_status_and_property_side_review
CHI:28,114675,W JAMES M ROCHFORD ST,4,0,0,120.27088628442688,120.27088628442688,M3C_GLOBAL_c2887f0f2359da62729f,120.271,"LINESTRING (446449.4435115351 4635101.992290507, 446440.1820684482 4635101.904880685, 446428.73191363795 4635101.793245117, 446407.87645105197 4635101.574778872, 446384.8352574099 4635101.301893242, 446355.3086888693 4635100.97128658, 446335.8793236848 4635100.755046979, 446329.17980247963 4635100.6812585415)",needs_road_status_and_property_side_review
CHI:28,115802,S NEWBERRY AVE,4,0,0,35.495141438399315,35.495141438399315,M3C_GLOBAL_52d1e24e7629f8ccbd91,35.495,"LINESTRING (446229.1293326521 4635075.728966195, 446229.25269101514 4635068.879645518, 446229.5172906503 4635054.133096645, 446229.75284084486 4635040.239305785)",needs_road_status_and_property_side_review
CHI:28,114677,W 12TH PL,4,0,0,119.9564559358167,119.9564559358167,M3C_GLOBAL_c2887f0f2359da62729f,119.956,"LINESTRING (446448.1838097886 4635169.816988221, 446431.9152475671 4635169.60529987, 446417.14547025005 4635169.414198879, 446404.6136077176 4635169.304131176, 446387.0775296038 4635169.149903875, 446363.58940086694 4635168.9418616695, 446348.2711301327 4635168.555116631, 446328.24753966846 4635167.903243416)",needs_road_status_and_property_side_review
CHI:28,153997,W MAXWELL ST,4,0,0,71.5138048072753,71.5138048072753,M3C_GLOBAL_52d1e24e7629f8ccbd91,71.514,"LINESTRING (446059.56011117576 4634960.845996909, 445988.0846829106 4634958.503469999)",needs_road_status_and_property_side_review
CHI:28,144948,S KENNEDY MONROE ST XR,9,0,-1,47.693664137182544,94.71204197934058,M3C_GLOBAL_da8447266319d57428a1,47.694,"LINESTRING (446469.6425111577 4636633.954800429, 446468.6687018245 4636624.945386604, 446467.12640011305 4636613.3472671, 446465.7269044885 4636603.879979981, 446463.75495500065 4636592.282441148, 446462.733842883 4636586.778969315)",needs_road_status_and_property_side_review
CHI:28,154034,W 15TH PL,4,0,0,211.2390981408504,211.2390981408504,M3C_GLOBAL_1109973bb9d90e7e527c,211.239,"LINESTRING (446942.7154362063 4634566.778000695, 446927.65587867063 4634566.219741203, 446877.46550687845 4634565.653542464, 446863.2649005004 4634565.615080251, 446825.57908742555 4634565.164329541, 446783.53988522955 4634564.583122645, 446742.2833561413 4634563.974523677, 446731.52413320984 4634563.270578473)",needs_road_status_and_property_side_review
CHI:28,147242,W 15TH PL,4,0,-1,154.99424391695163,154.99424391695163,M3C_GLOBAL_1109973bb9d90e7e527c,154.994,"LINESTRING (446705.6217370111 4634561.642906327, 446693.72364749666 4634561.271857672, 446683.48881243553 4634561.124326846, 446669.96226762666 4634561.715340753, 446642.901200697 4634563.1686336715, 446631.7769143179 4634563.042778792, 446619.1939790359 4634562.979192057, 446603.7521206534 4634562.874685447, 446591.9748928173 4634562.694979887, 446572.5046589581 4634562.397072179, 446550.6936391596 4634562.065433376)",needs_road_status_and_property_side_review
CHI:28,114702,W 14TH PL,4,0,0,84.35637220074867,84.35637220074867,M3C_GLOBAL_1109973bb9d90e7e527c,84.356,"LINESTRING (446656.92149282177 4634699.025053154, 446641.8655438357 4634698.767495146, 446625.28750874987 4634698.494699723, 446602.71239378944 4634698.211533672, 446583.21273649076 4634697.98112888, 446572.57374236477 4634697.832538297)",needs_road_status_and_property_side_review
CHI:28,162441,S LUMBER ST,4,0,0,277.28576364010223,277.28576364010223,M3C_GLOBAL_5626cd673ed884c81cec,277.286,"LINESTRING (447127.8412952951 4635499.012276462, 447128.59583961766 4635496.975540823, 447130.64901804586 4635491.245364334, 447132.975503545 4635486.239225712, 447135.4637712449 4635482.428127713, 447140.1671588912 4635475.465325017, 447146.86915973254 4635465.5370136, 447161.33807433164 4635443.811146371, 447170.62119324657 4635429.771669985, 447182.3206008977 4635411.9953483995, 447193.4436627554 4635395.172615558, 447206.0979555095 4635376.290562645, 447223.5068702864 4635352.370752103, 447234.13408354117 4635338.545037487, 447240.3361320343 4635330.172479332, 447247.5776461015 4635318.684763478, 447252.4293445509 4635309.303224409, 447257.1729151776 4635298.649631721, 447258.7634678426 4635294.91647198, 447261.85619719216 4635287.055388164, 447264.2323177156 4635278.772731899, 447265.39592834044 4635273.056376482, 447266.19860457425 4635268.625455319, 447266.8227219123 4635264.273487957, 447267.0861123556 4635261.927392593)",needs_road_status_and_property_side_review
CHI:28,162440,S LUMBER ST,4,0,0,220.6357489136299,220.6357489136299,M3C_GLOBAL_5626cd673ed884c81cec,220.636,"LINESTRING (447082.61075883603 4635750.5486176945, 447083.16465742845 4635738.435303444, 447084.64719812974 4635719.312356663, 447085.5989139303 4635707.998484837, 447086.2184767971 4635700.803537671, 447086.8025819868 4635694.072286887, 447091.10987930436 4635650.430295228, 447094.21538467525 4635621.031321791, 447094.81381314405 4635615.418205572, 447095.46982897667 4635609.3928213855, 447096.5400593269 4635599.8231913885, 447096.8564788993 4635597.045314547, 447097.4789305035 4635591.605516242, 447097.8545168841 4635588.320883377, 447098.2248453074 4635585.088134775, 447099.0300966815 4635578.66734235, 447099.75928114005 4635573.625040252, 447100.25148604007 4635570.3934761565, 447100.70237666124 4635567.640935422, 447100.8609769187 4635566.669458808, 447101.0195771793 4635565.697982199, 447101.69709009724 4635563.018101429, 447102.8126685275 4635559.898711958, 447103.87339264073 4635556.975196073, 447107.02242641605 4635548.817652595, 447113.55354313686 4635533.240670979)",needs_road_status_and_property_side_review
CHI:28,153981,S MAPLEWOOD AVE,4,0,0,30.36578034546904,60.532738161393496,M3C_GLOBAL_149c89063b1cf22353bc,30.366,"LINESTRING (442727.4194963504 4635743.519285475, 442727.3936178504 4635713.153516157)",needs_road_status_and_property_side_review
CHI:28,147386,W CAMPBELL PARK DR,4,0,0,69.04176313982816,125.07796819056948,M3C_GLOBAL_f0b187ed4d84b663896a,69.042,"LINESTRING (443447.4390237246 4635858.190842063, 443378.40035077743 4635857.537622994)",needs_road_status_and_property_side_review
CHI:29,154722,S ROCKWELL ST,4,0,0,68.81662603459758,68.81662603459758,M3C_GLOBAL_e795f775efe3f7cb909a,68.817,"LINESTRING (442668.8676637151 4634170.220959962, 442666.9020968551 4634101.432410292)",needs_road_status_and_property_side_review
CHI:29,154715,S FAIRFIELD AVE,4,0,0,48.832334590755536,48.832334590755536,M3C_GLOBAL_090d93dfb8ad4a4f8d25,48.832,"LINESTRING (442363.49836059596 4634633.558838264, 442365.28064948734 4634584.759039618)",needs_road_status_and_property_side_review
CHI:29,147496,W GRENSHAW ST,4,0,0,33.644975132664754,33.644975132664754,M3C_GLOBAL_d143fdf58f7b7bd053df,33.645,"LINESTRING (439050.8822483314 4635264.470487381, 439048.8158948502 4635264.451206602, 439045.2040739826 4635264.417535607, 439017.23873675463 4635264.156671419)",needs_road_status_and_property_side_review
CHI:31,114448,W 22ND PL,4,0,0,36.85496647297306,36.85496647297306,M3C_GLOBAL_6d9ecab6eb6117b66d8d,36.855,"LINESTRING (444156.840006428 4633501.39891533, 444147.1092609691 4633501.263743367, 444119.9877093616 4633500.957351296)",needs_road_status_and_property_side_review
CHI:31,154060,W 23RD ST,4,0,0,138.8506346612142,138.8506346612142,M3C_GLOBAL_efab7ba7bfe490b95411,138.851,"LINESTRING (446322.6384075358 4633414.160979125, 446183.7890769548 4633413.559195909)",needs_road_status_and_property_side_review
CHI:31,154059,S MORGAN ST,4,0,0,67.96807575312474,67.96807575312474,M3C_GLOBAL_efab7ba7bfe490b95411,67.968,"LINESTRING (445940.55210142187 4633321.176882636, 445940.58635050216 4633318.189858578, 445941.3313793445 4633253.213274377)",needs_road_status_and_property_side_review
CHI:32,149908,E WACKER DR,4,0,0,65.9451591002232,65.9451591002232,M3C_GLOBAL_883e6f0195cad7d46948,65.945,"LINESTRING (449298.0559559218 4637510.7819762705, 449363.993154721 4637509.757367431)",needs_road_status_and_property_side_review
CHI:32,154025,W TAYLOR ST,4,0,0,67.32033676207976,67.32033676207976,M3C_GLOBAL_ed6a204f032e3a97dd2c,67.32,"LINESTRING (447655.80119719193 4635522.885111416, 447588.4808621863 4635522.869733254)",needs_road_status_and_property_side_review
CHI:32,119138,E CONGRESS DR,4,0,0,118.86049439332017,118.86049439332017,M3C_GLOBAL_e48631e22987b9a35f21,118.86,"LINESTRING (448363.16431903606 4636168.340054883, 448482.01745340583 4636169.662770992)",needs_road_status_and_property_side_review
CHI:32,153035,E CONGRESS DR,4,0,0,32.73581036161102,32.73581036161102,M3C_GLOBAL_838dc4d7461de1608cbe,32.736,"LINESTRING (448316.6119343836 4636167.869529123, 448349.34613897 4636168.1937668845)",needs_road_status_and_property_side_review
CHI:32,154017,S LA SALLE ST,4,0,0,56.93528372898536,56.93528372898536,M3C_GLOBAL_3dbca8eb74cafcd1fea3,56.935,"LINESTRING (447575.1347013373 4636379.1385002155, 447576.6793674944 4636322.224173902)",needs_road_status_and_property_side_review
CHI:32,149825,E WACKER DR,4,0,0,60.21518775630574,60.21518775630574,M3C_GLOBAL_f0040478031a1a7db3e5,60.215,"LINESTRING (447950.4244380886 4637425.027008758, 447980.4431084404 4637439.139782077, 448003.77095886145 4637450.41456182, 448004.7291185146 4637451.022811709)",needs_road_status_and_property_side_review
CHI:32,162331,E WATERSIDE DR,4,0,0,41.77534897504391,41.77534897504391,M3C_GLOBAL_8521bbd36c1e7d2816b5,41.775,"LINESTRING (448797.0841959393 4637403.393475818, 448838.84706742916 4637404.414429739)",needs_road_status_and_property_side_review
CHI:32,149835,E WACKER LOWER DR,7,-1,-1,67.62130555678193,67.62130555678193,M3C_GLOBAL_f0040478031a1a7db3e5,67.621,"LINESTRING (447942.3161676965 4637425.08935717, 447948.69654566474 4637427.58142921, 447979.13200408494 4637441.890144952, 448002.28663042776 4637453.081197601, 448003.4880820349 4637453.843893061)",needs_road_status_and_property_side_review
CHI:33,119261,S PRAIRIE AVE,4,0,0,91.12622940247728,91.12622940247728,M3C_GLOBAL_02e84f467b77a2106baf,91.126,"LINESTRING (448484.4900740997 4633234.211092309, 448484.7334241698 4633215.71106215, 448485.36889670865 4633143.089243633)",needs_road_status_and_property_side_review
CHI:33,119260,E 24TH ST,4,0,0,67.09447525503344,67.09447525503344,M3C_GLOBAL_02e84f467b77a2106baf,67.094,"LINESTRING (448484.4900740997 4633234.211092309, 448497.76959407865 4633234.370802251, 448551.574872961 4633235.339312861)",needs_road_status_and_property_side_review
CHI:33,149307,S MOE DR,4,0,0,139.15592053120767,139.15592053120767,M3C_GLOBAL_cb8a5c5679069029349f,139.156,"LINESTRING (448998.86205831467 4633440.85225327, 449044.73432246374 4633309.474532173)",needs_road_status_and_property_side_review
CHI:33,149305,S MOE DR,4,0,0,83.65172831622273,83.65172831622273,M3C_GLOBAL_cb8a5c5679069029349f,83.652,"LINESTRING (448977.1327203883 4633521.632495431, 448998.86205831467 4633440.85225327)",needs_road_status_and_property_side_review
CHI:33,146587,W 25TH ST,4,0,0,30.39813261156382,30.39813261156382,M3C_GLOBAL_2889cb09ba3120bdbdc6,30.398,"LINESTRING (447837.1881232039 4633041.820871433, 447818.7482881024 4633040.788198643, 447807.19672639866 4633042.579530172, 447806.9833529539 4633042.688907824)",needs_road_status_and_property_side_review
CHI:33,154822,S DEARBORN ST,4,0,0,172.5512670648911,172.5512670648911,M3C_GLOBAL_4675c41af76fef0a8dbf,172.551,"LINESTRING (447850.59968422574 4633415.46549197, 447850.3159789999 4633334.279696787, 447849.9967257967 4633242.915278389)",needs_road_status_and_property_side_review
CHI:33,154821,S DEARBORN ST,4,0,0,174.8945607580819,174.8945607580819,M3C_GLOBAL_02e77646988cedc54d16,174.895,"LINESTRING (447870.1572624423 4633611.976594152, 447870.18111944845 4633609.965679349, 447870.3346254715 4633595.2636, 447867.5796129181 4633589.961037207, 447855.31838899764 4633574.879024433, 447855.1731659474 4633565.526927385, 447854.93132316007 4633537.658526137, 447849.71024418186 4633535.447943333, 447850.1422855072 4633487.348525698, 447850.51749851037 4633445.576149715)",needs_road_status_and_property_side_review
CHI:33,144093,S PRAIRIE AVE,4,0,0,136.10426237137622,136.10426237137622,M3C_GLOBAL_02e84f467b77a2106baf,136.104,"LINESTRING (448482.97612902767 4633370.303322662, 448483.78820338764 4633334.596955913, 448484.28762189904 4633249.602832475, 448484.4900740997 4633234.211092309)",needs_road_status_and_property_side_review
CHI:33,119259,S PRAIRIE AVE,4,0,0,66.09009195797108,66.09009195797108,M3C_GLOBAL_02e84f467b77a2106baf,66.09,"LINESTRING (448482.1270712938 4633436.383947605, 448482.1439486499 4633406.8928971905, 448482.97612902767 4633370.303322662)",needs_road_status_and_property_side_review
CHI:33,119249,S PRAIRIE AVE,4,0,0,134.11369467189266,134.11369467189266,M3C_GLOBAL_02e84f467b77a2106baf,134.114,"LINESTRING (448480.4928567756 4633570.486595325, 448482.1188421725 4633450.803419327, 448482.1270712938 4633436.383947605)",needs_road_status_and_property_side_review
CHI:33,149303,S MOE DR,4,0,0,143.73580700369405,143.73580700369405,M3C_GLOBAL_cb8a5c5679069029349f,143.736,"LINESTRING (448858.30542090087 4633929.639260951, 448899.2467551495 4633791.857588132)",needs_road_status_and_property_side_review
CHI:33,154750,S MOE DR,4,0,0,115.86115189442022,115.86115189442022,M3C_GLOBAL_cb8a5c5679069029349f,115.861,"LINESTRING (448947.03679368587 4633633.516550212, 448977.1327203883 4633521.632495431)",needs_road_status_and_property_side_review
CHI:33,149304,S MOE DR,4,0,0,165.39580427812834,165.39580427812834,M3C_GLOBAL_cb8a5c5679069029349f,165.396,"LINESTRING (448899.2467551495 4633791.857588132, 448947.03679368587 4633633.516550212)",needs_road_status_and_property_side_review
CHI:33,162112,E CULLERTON ST,4,0,0,35.05175779438076,35.05175779438076,M3C_GLOBAL_cb8a5c5679069029349f,35.052,"LINESTRING (448626.35788693296 4633924.364741325, 448661.40949251014 4633924.261441092)",needs_road_status_and_property_side_review
CHI:34,163466,S DAN RYAN 35TH ST XR,9,-1,-1,78.87295969826889,78.87295969826889,M3C_GLOBAL_5a604df7cee720dd7542,78.873,"LINESTRING (447694.4734507589 4630578.578543707, 447691.70402869955 4630539.356424266, 447688.80244573404 4630499.909807272)",needs_road_status_and_property_side_review
CHI:34,154769,S GROVE ST,4,0,0,98.9002139370294,98.9002139370294,M3C_GLOBAL_4afcaed753faaeda060e,98.9,"LINESTRING (447090.31708299083 4633793.913543188, 447019.7924467894 4633755.000778355, 447010.09227160027 4633739.421228588)",needs_road_status_and_property_side_review
CHI:36,162489,E 41ST ST,4,0,0,35.90782975814247,35.90782975814247,M3C_GLOBAL_259a1d9cea3475996fe5,35.908,"LINESTRING (450185.8320790372 4630014.514660792, 450196.00501891685 4630018.084302334, 450211.37386202026 4630021.674095513, 450220.17301931756 4630024.81893342)",needs_road_status_and_property_side_review
CHI:37,154165,S STEWART AVE,4,0,0,67.869252045698,67.869252045698,M3C_GLOBAL_7649012fb2ae2c0a1b47,67.869,"LINESTRING (447197.7342243252 4629083.270670615, 447198.39616571344 4629046.367602078, 447198.9514236016 4629015.412334361)",needs_road_status_and_property_side_review
CHI:40,154171,E NAVAL ARMORY DR,4,0,0,53.143099035615776,53.143099035615776,M3C_GLOBAL_74f2a5b839cf7f96b0e7,53.143,"LINESTRING (449533.5564132135 4627778.226753689, 449586.6986234034 4627778.534115435)",needs_road_status_and_property_side_review
CHI:41,126417,S HARPER AVE,4,0,0,55.7035100513186,55.7035100513186,M3C_GLOBAL_3389c62eaa20a3e12231,55.704,"LINESTRING (451064.86740804336 4626903.665918586, 451065.493783168 4626861.53085824, 451065.69540203834 4626847.968562652)",needs_road_status_and_property_side_review
CHI:42,127488,S HARPER AVE,4,0,0,138.244477768074,138.244477768074,M3C_GLOBAL_affab3093873d861198b,138.244,"LINESTRING (451131.4051839256 4625332.481183221, 451131.524594409 4625325.03962361, 451131.69081932434 4625306.869819223, 451131.89134377014 4625285.018434686, 451132.03590986447 4625272.571530382, 451132.0706980989 4625269.072834071, 451132.29647631006 4625250.225603059, 451132.4668526754 4625231.342665042, 451132.64917169017 4625211.856201241, 451132.78668358875 4625194.243866916)",needs_road_status_and_property_side_review
CHI:42,155283,E HAYES DR,4,0,0,73.30564999254139,73.30564999254139,M3C_GLOBAL_883e6f0195cad7d46948,73.306,"LINESTRING (452258.81591913255 4625589.122174493, 452332.0966341655 4625587.210336349)",needs_road_status_and_property_side_review
CHI:42,154225,E 61ST PL,4,0,0,52.7797727717152,52.7797727717152,M3C_GLOBAL_17bd6ccadf8bd49372df,52.78,"LINESTRING (449707.2519698196 4625894.939935556, 449760.031740559 4625894.954582492)",needs_road_status_and_property_side_review
CHI:43,162512,E 77TH ST,4,0,0,176.69529256927785,176.69529256927785,M3C_GLOBAL_1b4b88f9c255c46028d2,176.695,"LINESTRING (454169.2091989755 4623088.347488073, 454213.97641360294 4623082.461912027, 454286.0390804758 4623072.987782651, 454344.39695792366 4623065.315433651)",needs_road_status_and_property_side_review
CHI:46,124486,S FARRAGUT DR,4,0,0,54.41878474223715,54.41878474223715,M3C_GLOBAL_1b4b88f9c255c46028d2,54.419,"LINESTRING (454670.28750683955 4622603.358484724, 454670.62168647646 4622588.339490064, 454671.1603693925 4622568.439378495, 454671.6866936605 4622548.95781534)",needs_road_status_and_property_side_review
CHI:47,154958,E 93RD ST,4,0,0,95.69333066949363,95.69333066949363,M3C_GLOBAL_36038258969129390973,95.693,"LINESTRING (450840.1622312782 4619514.227434996, 450935.8522661464 4619515.021639972)",needs_road_status_and_property_side_review
CHI:47,154959,E 93RD ST,4,0,0,67.84864676613088,67.84864676613088,M3C_GLOBAL_36038258969129390973,67.849,"LINESTRING (450935.8522661464 4619515.021639972, 451003.69063715544 4619516.202439208)",needs_road_status_and_property_side_review
CHI:48,162578,S BENNETT AVE,4,0,0,59.64103426799674,59.64103426799674,M3C_GLOBAL_88e9590893e07dd47532,59.641,"LINESTRING (451937.656457449 4619370.268194626, 451937.6073271805 4619310.627180594)",needs_road_status_and_property_side_review
CHI:48,154931,S BENNETT AVE,4,0,0,49.4353900546754,49.4353900546754,M3C_GLOBAL_88e9590893e07dd47532,49.435,"LINESTRING (451937.69717541756 4619419.703567912, 451937.656457449 4619370.268194626)",needs_road_status_and_property_side_review
CHI:48,141007,S CRANDON AVE,4,0,0,68.9935106839111,68.9935106839111,M3C_GLOBAL_2175e811d1312ec85b53,68.994,"LINESTRING (452770.20097379835 4619621.56138626, 452770.35998796456 4619613.893976413, 452770.7642684891 4619586.213435264, 452771.2555307761 4619552.576063608)",needs_road_status_and_property_side_review
CHI:48,152334,S MARQUETTE AVE,4,0,0,34.071992196420936,34.071992196420936,M3C_GLOBAL_96ab645b52307fdc690d,34.072,"LINESTRING (453656.7711511988 4619972.833794536, 453642.6185213938 4619958.4273366835, 453639.71759333316 4619955.474365041, 453632.8936947176 4619948.528080718)",needs_road_status_and_property_side_review
CHI:51,162404,S BUTLER DR,4,0,0,240.53573441094483,240.53573441094483,M3C_GLOBAL_4f0dad7a7886dfc3a4cd,240.536,"LINESTRING (450966.76709777914 4612794.8638407225, 450997.5699753363 4612781.5856629945, 451090.7685628802 4612740.288002084, 451186.8156868227 4612697.728121811)",needs_road_status_and_property_side_review
CHI:51,162403,S METRON DR,4,0,0,297.4858226048647,297.4858226048647,M3C_GLOBAL_4f0dad7a7886dfc3a4cd,297.486,"LINESTRING (450966.76709777914 4612794.8638407225, 450925.5255534655 4612701.630946135, 450905.3658466296 4612658.842668571, 450893.6042282045 4612628.23882049, 450876.7763454027 4612601.818109247, 450851.8519906902 4612582.706006286, 450810.22508454474 4612550.355282295)",needs_road_status_and_property_side_review
CHI:51,162405,S BUTLER DR,4,0,0,217.0589249610976,217.0589249610976,M3C_GLOBAL_4f0dad7a7886dfc3a4cd,217.059,"LINESTRING (450768.385235083 4612882.929245319, 450783.9256355547 4612875.894744456, 450886.45586298517 4612829.483532013, 450966.76709777914 4612794.8638407225)",needs_road_status_and_property_side_review
CHI:51,162406,S BUTLER DR,4,0,0,400.135748298218,400.135748298218,M3C_GLOBAL_4f0dad7a7886dfc3a4cd,400.136,"LINESTRING (450621.61573569133 4613212.015754997, 450728.6197803012 4613193.005783004, 450891.549032285 4613164.060338547, 451015.58262228966 4613142.024974674)",needs_road_status_and_property_side_review
CHI:51,153915,S CALHOUN AVE,4,0,0,36.32837663298289,36.32837663298289,M3C_GLOBAL_158afd77ad360c9a24cf,36.328,"LINESTRING (453240.7288639404 4616318.589243369, 453240.1665172915 4616282.265219431)",needs_road_status_and_property_side_review
CHI:51,153769,S YATES AVE,4,0,0,176.0945061690325,176.0945061690325,M3C_GLOBAL_960406e039a6f47933ff,176.095,"LINESTRING (453076.257866653 4616918.918945595, 453075.6765474019 4616881.333262666, 453074.3404950989 4616794.947938265, 453073.534675371 4616742.845496909)",needs_road_status_and_property_side_review
CHI:52,136983,E 109TH ST,4,0,0,70.3843051654857,70.3843051654857,M3C_GLOBAL_5229ce7d8e2d049472a1,70.384,"LINESTRING (455574.17062986904 4616304.640117136, 455584.86535672186 4616304.302127879, 455614.3505478365 4616303.979727866, 455629.6844281676 4616303.827656718, 455644.5454093908 4616303.604888428)",needs_road_status_and_property_side_review
CHI:52,145195,S CHICAGO SKYWAY INDIANAPOLIS AV ER,9,1,1,44.165570352070766,44.165570352070766,M3C_GLOBAL_25a8b92086787381cbc6,44.166,"LINESTRING (456232.55362222035 4617163.29689237, 456236.08613912377 4617159.020377897, 456246.34388153924 4617145.118988941, 456254.71033604385 4617133.248849878, 456258.4822641846 4617127.566689162)",needs_road_status_and_property_side_review
CHI:52,152030,E 103RD ST,4,0,0,92.053944790527,92.053944790527,M3C_GLOBAL_2783238d7af9ac0fbb15,92.054,"LINESTRING (454785.70622351277 4617520.891120196, 454877.75711829 4617520.141772341)",needs_road_status_and_property_side_review
CHI:52,150440,S AVENUE O,4,0,0,40.89068565279392,40.89068565279392,M3C_GLOBAL_2783238d7af9ac0fbb15,40.891,"LINESTRING (455060.59630932624 4617685.028409278, 455059.99737360346 4617684.605719461, 455059.386418276 4617684.19028693, 455058.7682857389 4617683.78560006, 455058.14322111744 4617683.391746466, 455057.5113486292 4617683.008876586, 455056.69485855725 4617682.536049642, 455057.74372844014 4617646.292381139)",needs_road_status_and_property_side_review
CHI:52,155289,E 100TH ST,4,0,0,137.70268537778284,137.70268537778284,M3C_GLOBAL_7973201306e612955b8d,137.703,"LINESTRING (455981.14734389813 4618184.599065577, 456056.01046753343 4618069.0242314655)",needs_road_status_and_property_side_review
CHI:53,154468,E 118TH ST,4,0,0,42.23165129052977,42.23165129052977,M3C_GLOBAL_e77e18aafa97a9ab2e50,42.232,"LINESTRING (448733.2216850274 4614424.14850461, 448775.4492154564 4614423.558551565)",needs_road_status_and_property_side_review
CHI:56,162574,S KILPATRICK AVE,4,0,0,39.333377875895096,39.333377875895096,M3C_GLOBAL_af33b76b94b98d3350fd,39.333,"LINESTRING (438562.18771591486 4626335.857242436, 438561.09233156475 4626296.539120046)",needs_road_status_and_property_side_review
CHI:56,147876,S KEATING AVE,4,0,0,169.14948476714952,169.14948476714952,M3C_GLOBAL_9bbe0991a07ae86e3cac,169.149,"LINESTRING (438386.0099449523 4627257.599104239, 438386.76820940286 4627217.293934592, 438387.18427398254 4627195.002713051, 438387.6320288917 4627172.251591928, 438387.6614159216 4627170.757236941, 438388.18713654333 4627151.014919623, 438388.72259508097 4627129.937681206, 438389.55951725115 4627112.036945782, 438390.22135249 4627097.881414133, 438386.5276798723 4627089.273132276)",needs_road_status_and_property_side_review
CHI:56,147877,W 54TH ST,4,0,0,79.0303017778965,79.0303017778965,M3C_GLOBAL_9bbe0991a07ae86e3cac,79.03,"LINESTRING (438386.0099449523 4627257.599104239, 438370.3110128405 4627257.447255897, 438354.41825324605 4627257.370756444, 438336.06770785985 4627257.186201549, 438306.98296040035 4627256.8937064465)",needs_road_status_and_property_side_review
CHI:56,132932,W 54TH ST,4,0,0,75.76642336894092,75.76642336894092,M3C_GLOBAL_9bbe0991a07ae86e3cac,75.766,"LINESTRING (438461.77159927174 4627258.369388686, 438461.68276887544 4627258.367254131, 438441.89146880736 4627258.025166002, 438436.2688222835 4627258.000482666, 438421.98530492675 4627257.937783789, 438404.19272190676 4627257.774955878, 438386.0099449523 4627257.599104239)",needs_road_status_and_property_side_review
CHI:56,154092,W 46TH ST,4,0,0,45.91038313507317,45.91038313507317,M3C_GLOBAL_4419221c3835606922f3,45.91,"LINESTRING (438631.1106780332 4628888.331013179, 438585.2008866411 4628888.564109604)",needs_road_status_and_property_side_review
CHI:56,150126,S MOBILE AVE,4,0,0,98.12501326448633,98.12501326448633,M3C_GLOBAL_406bc1a127b877b9ecd7,98.125,"LINESTRING (435251.8582026783 4626726.434061799, 435254.5475059172 4626628.345908201)",needs_road_status_and_property_side_review
CHI:57,150737,W 38TH ST,4,0,0,56.372136736262505,56.372136736262505,M3C_GLOBAL_cc2e29494d38c4f3b4b6,56.372,"LINESTRING (440271.0919443207 4630389.042421183, 440218.4986966898 4630368.750351208)",needs_road_status_and_property_side_review
CHI:58,162571,W 37TH ST,4,0,0,122.48718667766468,122.48718667766468,M3C_GLOBAL_cc2e29494d38c4f3b4b6,122.487,"LINESTRING (441073.8322444489 4630695.702218055, 441067.5626944625 4630697.889135417, 441050.95244334114 4630706.068346337, 441029.89417489845 4630707.5450635655, 441004.5909334713 4630707.17121242, 440987.97358062764 4630706.662521863, 440971.7354848986 4630705.892432214, 440953.71112030075 4630705.277807325)",needs_road_status_and_property_side_review
CHI:59,154046,S IRON ST,4,0,0,208.48003906935747,208.48003906935747,M3C_GLOBAL_4456ae49d6a69128d6e2,208.48,"LINESTRING (445033.6476438584 4631569.472856161, 445072.2520529035 4631510.433184891, 445100.19629672484 4631467.696652757, 445126.112438724 4631428.061802948, 445147.74143848586 4631394.9835077245)",needs_road_status_and_property_side_review
CHI:60,143373,S STEWART AVE,4,0,0,59.230815990694055,59.230815990694055,M3C_GLOBAL_3540944ed18a5f236364,59.231,"LINESTRING (447179.9680583278 4630484.421498834, 447180.0116950876 4630481.698292837, 447180.1343459774 4630465.256697498, 447180.25142049865 4630449.631840707, 447180.3609022903 4630434.695770979, 447180.3624338658 4630425.192329883)",needs_road_status_and_property_side_review
CHI:60,147243,W 25TH PL,4,0,0,79.32446241177891,79.32446241177891,M3C_GLOBAL_322aae5e40059aeb6220,79.324,"LINESTRING (446558.10362872295 4632894.242549144, 446548.8443448491 4632891.190519026, 446536.61114344513 4632887.157018464, 446516.4292937219 4632879.687785316, 446506.0525973687 4632875.704686612, 446493.5348998298 4632871.011309377, 446486.22467511345 4632868.266523523, 446483.5390033824 4632867.2199464915)",needs_road_status_and_property_side_review
CHI:61,154174,W 54TH ST,4,0,0,50.327872455314925,50.327872455314925,M3C_GLOBAL_4a85b666118a2932584e,50.328,"LINESTRING (446992.28954369645 4627344.40363846, 446941.9635668063 4627344.840440393)",needs_road_status_and_property_side_review
CHI:61,150749,S DAMEN AVE,4,0,0,55.85032814413339,55.85032814413339,M3C_GLOBAL_a7fff259912ef8e6e2b2,55.85,"LINESTRING (443909.28630949993 4629001.173342919, 443913.0380558109 4628987.898325461, 443916.9423700809 4628973.041833073, 443919.15175596153 4628954.954905976, 443919.13132341247 4628954.659275474, 443919.1160666119 4628954.363351361, 443919.10595603654 4628954.06719504, 443919.1009935755 4628953.770928369, 443919.10127062665 4628953.47454993, 443919.10666863725 4628953.17827487, 443919.11724901054 4628952.882132711, 443919.133013168 4628952.586214844, 443919.1539020646 4628952.290644074, 443919.1799771059 4628951.995449924, 443919.211179251 4628951.700755198, 443919.24754085875 4628951.406681284, 443919.2890319319 4628951.113259121, 443919.3356239035 4628950.820611035, 443919.38731818454 4628950.528828431, 443919.44408525905 4628950.237972706, 443919.5059270171 4628949.94816572, 443919.5728144115 4628949.659499341, 443919.64474791463 4628949.372004034, 443919.7216694336 4628949.085863539, 443919.8035789657 4628948.801077849, 443919.8904474691 4628948.517738835, 443919.9822468359 4628948.235999296, 443920.07894707925 4628947.955890171, 443920.1804886833 4628947.677503793, 443920.2869344721 4628947.400961085, 443920.398163528 4628947.126324865, 443920.5141758524 4628946.853595129, 443920.5857764463 4628946.69311729)",needs_road_status_and_property_side_review
CHI:61,147617,W 45TH PL,4,0,0,111.68168665981533,111.68168665981533,M3C_GLOBAL_a7fff259912ef8e6e2b2,111.682,"LINESTRING (443341.915252625 4629034.785974643, 443320.37620618043 4629034.711842798, 443310.7707318871 4629034.674999003, 443288.0248412279 4629034.592167245, 443265.23634531914 4629034.513043747, 443247.3138560617 4629034.602198886, 443230.23510574014 4629034.770741189)",needs_road_status_and_property_side_review
CHI:63,154152,W 51ST PL,4,0,0,134.68004483493087,134.68004483493087,M3C_GLOBAL_99834e882c873d868925,134.68,"LINESTRING (443510.04964592116 4627823.141411084, 443375.3726303473 4627822.238109991)",needs_road_status_and_property_side_review
CHI:64,154188,S SAYRE AVE,4,0,0,47.35200421325592,47.35200421325592,M3C_GLOBAL_2d65d2588674f8215a9b,47.352,"LINESTRING (433830.6077108181 4626147.0474991165, 433831.1793658573 4626099.698945669)",needs_road_status_and_property_side_review
CHI:65,162536,S KEATING AVE,4,0,0,50.04225441124188,50.04225441124188,M3C_GLOBAL_725df6d2049727009981,50.042,"LINESTRING (438465.8283273537 4624449.418084696, 438466.4035112367 4624399.379135965)",needs_road_status_and_property_side_review
CHI:65,162218,S KEATING AVE,4,0,0,134.8722088781386,134.8722088781386,M3C_GLOBAL_725df6d2049727009981,134.872,"LINESTRING (438464.2781506779 4624584.28138467, 438464.297038667 4624582.638112117, 438465.1519842141 4624508.258491909, 438465.8283273537 4624449.418084696)",needs_road_status_and_property_side_review
CHI:68,154209,W ENGLEWOOD AVE,4,0,0,171.71615791808932,171.71615791808932,M3C_GLOBAL_dcfbb9ad6de237311312,171.716,"LINESTRING (447411.31076955213 4625631.971187913, 447382.24569648434 4625631.719440283, 447338.71234193095 4625631.3423839295, 447284.0007215978 4625630.868500367, 447239.60105237504 4625630.483936382)",needs_road_status_and_property_side_review
CHI:68,154212,W 58TH PL,4,0,0,152.50824881889844,152.50824881889844,M3C_GLOBAL_b02fabf903a1ae1cbc55,152.508,"LINESTRING (447002.78601373674 4626431.303338283, 446850.2777656676 4626431.288215917)",needs_road_status_and_property_side_review
CHI:68,150801,W 57TH PL,4,0,0,54.27903526568608,54.27903526568608,M3C_GLOBAL_12f823068ab45c940040,54.279,"LINESTRING (447188.5505147412 4626649.114349195, 447134.27547557896 4626648.455719322)",needs_road_status_and_property_side_review
CHI:68,154214,S WALLACE ST,4,0,0,172.0060651224137,172.0060651224137,M3C_GLOBAL_59b5442c21331c9c537a,172.006,"LINESTRING (446800.3579991484 4626727.464409708, 446800.84175863914 4626694.666437264, 446801.62171498284 4626641.787624781, 446802.28329659154 4626596.934473832, 446802.89479755407 4626555.477052345)",needs_road_status_and_property_side_review
CHI:68,154213,S WALLACE ST,4,0,0,140.54570325956976,140.54570325956976,M3C_GLOBAL_ad7389c914b8107558b7,140.546,"LINESTRING (446798.00948624813 4626898.0978246275, 446799.9063263072 4626757.5649220655)",needs_road_status_and_property_side_review
CHI:69,154287,S WENTWORTH AVE,4,0,0,143.17307537993926,143.17307537993926,M3C_GLOBAL_6f7915999383f32d5948,143.173,"LINESTRING (447660.6375921783 4622870.675926027, 447662.5551455479 4622727.515692363)",needs_road_status_and_property_side_review
CHI:69,154304,S WALLACE ST,4,0,0,150.61263325891755,150.61263325891755,M3C_GLOBAL_a3a127bc309d8bcb3a18,150.613,"LINESTRING (446848.7001720484 4622486.7047469495, 446849.06658134185 4622461.773928675, 446849.6851868414 4622419.683559376, 446850.3523453185 4622374.289848798, 446850.9121507433 4622336.201317082, 446850.9135167099 4622336.108377795)",needs_road_status_and_property_side_review
CHI:70,154251,W 83RD ST,3,0,0,38.83739453360338,38.83739453360338,M3C_GLOBAL_739b61b8abb8677cab1f,38.837,"LINESTRING (440781.4587668371 4621413.859412759, 440742.62847798946 4621413.116525035)",needs_road_status_and_property_side_review
CHI:71,153926,S EGGLESTON AVE,4,0,0,66.98141679343149,66.98141679343149,M3C_GLOBAL_9e4683b1e8a6dd924cf3,66.981,"LINESTRING (447191.28253448725 4619976.207381651, 447190.68828780804 4619909.228600932)",needs_road_status_and_property_side_review
CHI:71,154285,S BISHOP ST,4,0,0,57.51784062735474,57.51784062735474,M3C_GLOBAL_676924655add79d4b30c,57.518,"LINESTRING (445097.59358921176 4623055.780186148, 445098.78393480164 4623021.842519803, 445099.60975823575 4622998.297692701)",needs_road_status_and_property_side_review
CHI:72,154522,W 102ND ST,4,0,0,41.720899647326576,41.720899647326576,M3C_GLOBAL_c440f169a0a0b165714b,41.721,"LINESTRING (443122.6877630012 4617603.993387776, 443080.98208420794 4617602.866523199)",needs_road_status_and_property_side_review
CHI:73,155075,S GENOA AVE,4,0,0,59.55284975754167,59.55284975754167,M3C_GLOBAL_d4683d1a1bfdda6c24ce,59.553,"LINESTRING (446065.6630451248 4619295.065097473, 446049.2257439059 4619237.825626451)",needs_road_status_and_property_side_review
CHI:75,154471,S ADA ST,4,0,0,33.407090536098856,33.407090536098856,M3C_GLOBAL_71c97a03547f317072e4,33.407,"LINESTRING (445436.4924454772 4615436.31850891, 445437.36799921753 4615402.9228938725)",needs_road_status_and_property_side_review
CHI:76,163154,W IRVING PARK RD,2,0,0,69.7340570815426,69.7340570815426,M3C_GLOBAL_3c7ca3a015a37d75b21c,69.734,"LINESTRING (424545.20943627757 4644913.785829368, 424539.34013945493 4644919.099452814, 424523.3359194528 4644934.618948987, 424509.2990984836 4644949.864104787, 424497.681892451 4644964.645710367)",needs_road_status_and_property_side_review
CHI:76,163138,W IRVING PARK RD,2,0,0,131.35148083727333,131.35148083727333,M3C_GLOBAL_3c7ca3a015a37d75b21c,131.351,"LINESTRING (424621.549042403 4644886.1821830245, 424587.64289816294 4644909.205719021, 424572.6740059454 4644921.344806083, 424563.5602924186 4644929.245283603, 424549.9290909276 4644941.3787962105, 424536.98297464254 4644954.452408627, 424530.9975236186 4644961.478400319, 424522.86827751 4644971.821594819)",needs_road_status_and_property_side_review
CHI:76,163155,W IRVING PARK RD,2,0,0,196.0545238702963,196.0545238702963,M3C_GLOBAL_3c7ca3a015a37d75b21c,196.055,"LINESTRING (424497.681892451 4644964.645710367, 424492.1615355117 4644971.669769034, 424487.36818992184 4644978.146935799, 424481.08881956246 4644987.045527563, 424473.8340224682 4644997.690219541, 424467.4974856777 4645007.223560626, 424459.79407598777 4645019.197805047, 424453.4309945465 4645029.179527699, 424442.32052308443 4645046.829237591, 424437.0128750207 4645055.310455533, 424433.2484745313 4645061.326694303, 424425.81003072637 4645073.290723507, 424421.84042269835 4645079.828213598, 424417.276780886 4645087.554290558, 424412.5440301913 4645095.575549375, 424406.2304900557 4645106.784606226, 424400.0089233773 4645117.437605514, 424392.2698044889 4645129.800445074)",needs_road_status_and_property_side_review
CHI:76,163139,W IRVING PARK RD,2,0,0,202.84073777276345,202.84073777276345,M3C_GLOBAL_3c7ca3a015a37d75b21c,202.841,"LINESTRING (424522.86827751 4644971.821594819, 424517.80440079275 4644978.264573023, 424513.7663603033 4644983.733487928, 424504.5010046368 4644996.579209919, 424489.28387145046 4645018.617072803, 424476.29709321575 4645039.066061007, 424462.8907730421 4645060.362660841, 424449.85060399 4645080.51383753, 424441.5551316767 4645093.411516272, 424411.32237753936 4645141.143931886)",needs_road_status_and_property_side_review
CHI:76,153573,W IRVING PARK RD,2,0,0,144.42498663883453,239.2443698824085,M3C_GLOBAL_b95abe6c7cfeedfb292a,144.425,"LINESTRING (424304.13870969287 4645274.206778222, 424301.01530657976 4645279.28948606, 424289.298508459 4645296.945567486, 424277.9827215991 4645311.779672211, 424270.645050415 4645320.231506438, 424260.3412816224 4645331.36250952, 424251.949357722 4645340.019718128, 424244.1719498786 4645348.02131604, 424235.42188173183 4645356.967506546, 424223.5108485631 4645368.211865103, 424215.8686728654 4645374.916214099, 424208.16720007895 4645381.256284362)",needs_road_status_and_property_side_review
CHI:76,153570,W IRVING PARK RD,2,0,0,176.4927327177522,309.6738977634451,M3C_GLOBAL_b95abe6c7cfeedfb292a,176.493,"LINESTRING (424327.4470857634 4645274.000823723, 424323.32699141384 4645280.179564276, 424320.7126526426 4645284.117869204, 424315.4718486183 4645291.802681635, 424301.0892835469 4645311.462768469, 424299.11379019305 4645313.95885479, 424292.88220493204 4645321.619498888, 424285.62885007146 4645330.204137163, 424277.96149433876 4645338.81350205, 424268.1408212969 4645349.068448496, 424260.8523835474 4645356.373725052, 424250.4459272918 4645366.390947742, 424242.3031352059 4645374.0203538425, 424233.8415937463 4645381.532823981, 424223.6052880543 4645390.340629333, 424208.2621658467 4645402.714126278, 424208.10334243614 4645402.837816095)",needs_road_status_and_property_side_review
CHI:76,143999,W POSTOFFICE RD,99,0,0,89.10982874375547,89.10982874375547,M3C_GLOBAL_b95abe6c7cfeedfb292a,89.11,"LINESTRING (425205.0506487265 4645494.5530321365, 425205.4748930126 4645532.588481511, 425205.51172025636 4645537.305274281, 425207.33526733913 4645583.624469349)",needs_road_status_and_property_side_review
CHI:76,143998,W POSTOFFICE RD,99,0,0,139.6139852900485,139.6139852900485,M3C_GLOBAL_b95abe6c7cfeedfb292a,139.614,"LINESTRING (425310.141843048 4645497.872613067, 425309.50613659323 4645497.881103154, 425302.8622092902 4645498.429405168, 425299.06021738483 4645499.286982955, 425290.31981544767 4645501.998035013, 425284.85541176837 4645504.124817247, 425280.6293250237 4645506.32070513, 425261.62312097335 4645517.312802079, 425258.79110013566 4645519.011604465, 425251.8952555553 4645523.933789241, 425249.0378755686 4645526.157138021, 425246.66353904177 4645528.284595999, 425243.1103557154 4645531.618881029, 425236.38800709625 4645539.073798099, 425207.33526733913 4645583.624469349)",needs_road_status_and_property_side_review
CHI:76,163158,W IRVING PARK RD,2,0,0,103.87781996140764,103.87781996140764,M3C_GLOBAL_b95abe6c7cfeedfb292a,103.878,"LINESTRING (423538.6243740711 4645574.1185121145, 423509.348914878 4645579.560340836, 423478.636269173 4645585.965428675, 423436.8275315831 4645594.778210917)",needs_road_status_and_property_side_review
CHI:76,163159,W IRVING PARK RD,2,0,0,169.17684852954017,169.17684852954017,M3C_GLOBAL_b95abe6c7cfeedfb292a,169.177,"LINESTRING (423436.8275315831 4645594.778210917, 423403.08588144643 4645601.890533913, 423369.82493205374 4645609.234294972, 423334.3548207521 4645617.179251707, 423296.67040176806 4645625.786432699, 423271.7141078253 4645631.614756446)",needs_road_status_and_property_side_review
CHI:76,163590,N RWY4R ORD,99,0,0,1785.7122626592763,1785.7122626592763,M3C_GLOBAL_b95abe6c7cfeedfb292a,1785.712,"LINESTRING (425476.63942363195 4644991.817772291, 425544.5705666698 4645067.779184854, 425614.2261395048 4645144.569498709, 425659.97463019687 4645197.342624183, 425742.6764797522 4645287.62204053, 425824.53610015503 4645378.770274027, 425886.37190372 4645447.9803171465, 425963.8872047651 4645534.917288349, 426070.1282867589 4645653.070283722, 426153.53456417227 4645744.622170764, 426238.8696619942 4645839.139146829, 426325.1002577569 4645936.209420555, 426413.93744838715 4646035.806361473, 426516.6764717314 4646148.879024574, 426608.1069565181 4646250.147013257, 426671.0339312751 4646319.252458682)",needs_road_status_and_property_side_review
CHI:76,143997,W POSTOFFICE RD,99,0,0,41.48537557703431,54.59108160368456,M3C_GLOBAL_b95abe6c7cfeedfb292a,41.485,"LINESTRING (425102.7382747173 4645759.443849164, 425095.50998801313 4645771.530146005, 425089.24001962476 4645782.010188879, 425083.00818826514 4645792.395169414, 425081.42370328284 4645795.03492384)",needs_road_status_and_property_side_review
CHI:76,163592,N RWY22L ORD,99,0,0,2260.843538415353,2260.843538415353,M3C_GLOBAL_b95abe6c7cfeedfb292a,2260.844,"LINESTRING (425465.44779105997 4645000.984276876, 425521.2736945613 4645063.74104448, 425616.1333655945 4645167.576015342, 425707.70287074766 4645271.462127232, 425802.5796104773 4645376.393717932, 425875.1294135499 4645456.441941147, 425948.7930034522 4645537.569792701, 426026.945877844 4645625.209684532, 426134.1084419045 4645744.210742864, 426201.1904582656 4645818.310487884, 426301.6361688925 4645928.640062088, 426432.29071051074 4646076.893997884, 426482.49650153145 4646130.962006363, 426606.4171250671 4646269.447715844, 426658.90170744644 4646328.965137891, 426723.4856165404 4646397.618612576, 426836.2683771554 4646525.307637491, 426862.3455962893 4646551.915590844, 426940.7583869939 4646639.212471671, 426978.2598032988 4646680.96273931)",needs_road_status_and_property_side_review
CHI:76,163808,W TWYS ORD,99,0,0,2062.366019817758,2062.366019817758,M3C_GLOBAL_b95abe6c7cfeedfb292a,2062.366,"LINESTRING (425350.6870234783 4645142.434761614, 425355.62646099855 4645148.01921533, 425372.8924832442 4645166.149798395, 425424.3460117904 4645224.388509315, 425467.08947541204 4645268.609478762, 425492.5889331801 4645296.1148412, 425508.2221042214 4645313.2598760715, 425519.9548421001 4645326.6240054825, 425570.1577894892 4645382.455858316, 425624.4979088731 4645444.288998583, 425682.8997041249 4645507.2720544115, 425720.5613509946 4645549.752325521, 425776.11431815976 4645611.566550641, 425818.8986790478 4645658.41524558, 425852.64732161316 4645696.306030444, 425895.8265309211 4645742.542001738, 425934.3093238233 4645785.818207713, 425996.4377354885 4645854.40446418, 426046.2301246702 4645909.838181205, 426079.34718708775 4645946.1212333245, 426123.77698984946 4645994.763953468, 426198.26029352495 4646077.715478162, 426260.3887154247 4646146.301628497, 426326.7903831996 4646216.640961322, 426379.48824384256 4646276.881895962, 426438.74266979005 4646342.6820676895, 426499.25397974084 4646411.293303264, 426559.18089470686 4646481.328930234, 426588.53910150117 4646522.927290818, 426605.6493839859 4646557.03308894, 426641.5688656008 4646630.47514419, 426657.0620274151 4646664.60610086, 426676.28615313245 4646711.045895199)",needs_road_status_and_property_side_review
CHI:76,163822,W TWYK ORD,99,0,0,702.4379434347694,702.4379434347694,M3C_GLOBAL_b95abe6c7cfeedfb292a,702.438,"LINESTRING (425049.794379803 4645970.169441239, 424988.3024478251 4646045.730894647, 424939.64599809353 4646115.12426199, 424888.12989613315 4646192.519970016, 424814.01920186053 4646288.172426851, 424738.80568719574 4646376.878994493, 424659.72257076215 4646472.608914052, 424615.6161675177 4646521.46107146)",needs_road_status_and_property_side_review
CHI:76,144000,W POSTOFFICE RD,99,0,0,129.80302851249292,129.80302851249292,M3C_GLOBAL_b95abe6c7cfeedfb292a,129.803,"LINESTRING (424615.74910855957 4646254.638455267, 424612.100220208 4646255.956597832, 424605.6426120507 4646260.408353682, 424600.46298397926 4646263.099721936, 424594.8720332629 4646267.320421587, 424589.3149328118 4646273.716231881, 424585.9126250788 4646278.773124299, 424582.5001623837 4646283.177490501, 424580.18540631456 4646288.217465578, 424577.85371741315 4646292.169881738, 424575.3248376709 4646297.430750723, 424574.51911062805 4646301.5769880675, 424573.31221634743 4646307.905090834, 424572.29913581477 4646312.70724719, 424571.0651614267 4646317.295272199, 424570.27974486025 4646322.746569918, 424570.6258854815 4646331.008571743, 424570.7375922258 4646338.186407083, 424570.4650576092 4646348.633674619, 424570.03500665596 4646366.023220869)",needs_road_status_and_property_side_review
CHI:76,143967,W HAUL RD,99,0,0,89.17371118180556,96.9664110769558,M3C_GLOBAL_b95abe6c7cfeedfb292a,89.174,"LINESTRING (424534.77353446983 4646367.761964246, 424529.29421057395 4646368.253680973, 424522.886364534 4646368.974602364, 424510.6917114253 4646370.406787704, 424502.43681829085 4646372.191793325, 424497.4974167496 4646374.132263768, 424490.2872691932 4646376.522207575, 424483.91807626863 4646379.727339542, 424476.3486724598 4646385.6430102885, 424469.60732854647 4646391.5457942765, 424459.0570431604 4646406.0058142245)",needs_road_status_and_property_side_review
CHI:76,143982,W HAUL RD,99,0,0,866.9309471987345,866.9309471987345,M3C_GLOBAL_b95abe6c7cfeedfb292a,866.931,"LINESTRING (424459.0570431604 4646406.0058142245, 424456.2243967092 4646410.924824754, 424449.7363743842 4646421.685603902, 424446.2302514001 4646427.652126338, 424442.72122406156 4646433.627836289, 424438.1769339886 4646441.420671835, 424434.3379823874 4646448.129845391, 424432.61732077366 4646451.13698181, 424428.42114535684 4646458.388057566, 424424.05781912914 4646465.081013167, 424420.81933048496 4646469.446533302, 424416.4174425954 4646474.640768197, 424413.24404944683 4646477.902116378, 424409.99554493796 4646481.036642754, 424403.53404148703 4646486.649951932, 424400.7100670678 4646489.06173226, 424395.44018971495 4646493.114511429, 424392.7586675375 4646494.695181819, 424386.9534384248 4646497.63481893, 424385.08859587193 4646498.428769902, 424377.58574101963 4646501.160208193, 424371.7336807482 4646502.65918416, 424367.28635837964 4646503.563417038, 424361.23748639773 4646504.556540117, 424357.8083182453 4646504.698253083, 424353.14411394857 4646504.786080008, 424348.588546323 4646504.805173371, 424347.0282753994 4646504.805076961, 424342.3656477403 4646504.798409907, 424339.25719765574 4646504.791934096, 424336.106283922 4646504.79830876, 424331.43784729147 4646504.81001652, 424323.6612448812 4646504.833528446, 424319.0171818754 4646504.844887346, 424315.9089207835 4646504.850567722, 424308.1660210076 4646504.885744728, 424298.802106331 4646504.9339603, 424294.1704188547 4646504.957285725, 424283.28593408776 4646505.010881807, 424267.7454352961 4646505.091229307, 424252.16866037337 4646505.190425784, 424239.71247498237 4646505.292861756, 424219.4986757786 4646505.464225135, 424207.0790966719 4646505.569138792, 424191.4937955898 4646505.70808418, 424177.49635819375 4646505.855838767, 424141.8603072944 4646506.267221652, 424125.5525050234 4646506.585018634, 424119.9613529196 4646506.6385133965, 424093.55029788916 4646506.88499406, 424073.31549542886 4646507.077985661, 424054.65591380687 4646507.252617542, 424028.3313461283 4646507.573937273, 424024.6375376046 4646507.551125652, 424014.46688220964 4646507.65257949, 423964.8626987021 4646508.138123221, 423905.9268948086 4646508.592147333, 423803.7237886437 4646509.426998119, 423768.64645764144 4646509.9058707105, 423755.6924153598 4646510.720005704, 423743.003869997 4646512.928768216, 423725.0405287949 4646520.049762764, 423713.83138571354 4646526.459206852, 423696.05348871753 4646537.273820716, 423682.7369787233 4646545.148344555, 423670.05172331375 4646551.09317823, 423664.72869312053 4646553.101983358, 423651.2166058625 4646557.417133478, 423650.42752377235 4646557.592267652)",needs_road_status_and_property_side_review
CHI:76,163544,N RWY4R ORD,99,0,0,457.76959407202463,457.76959407202463,M3C_GLOBAL_b95abe6c7cfeedfb292a,457.77,"LINESTRING (426671.0339312751 4646319.252458682, 426703.67452841625 4646355.985817347, 426750.0015664183 4646408.02338069, 426835.2550726623 4646501.868846868, 426901.5705036676 4646575.319388732, 426966.8195241793 4646646.717536364, 426977.854482289 4646658.971485122)",needs_road_status_and_property_side_review
CHI:76,143988,W HAUL RD,99,0,0,111.28946730089376,111.28946730089376,M3C_GLOBAL_b95abe6c7cfeedfb292a,111.289,"LINESTRING (423650.42752377235 4646557.592267652, 423639.98001405626 4646559.911089042, 423632.0361140325 4646560.738673671, 423622.72998536675 4646561.36804584, 423614.38025511743 4646561.772262177, 423608.1221896118 4646561.854421541, 423585.43993692717 4646562.024588699, 423574.7988448622 4646561.858032203, 423542.4497215887 4646560.23440189, 423539.5255356576 4646559.92796683)",needs_road_status_and_property_side_review
CHI:76,143981,W HAUL RD,99,0,0,195.0287567422559,195.0287567422559,M3C_GLOBAL_b95abe6c7cfeedfb292a,195.029,"LINESTRING (423539.5255356576 4646559.92796683, 423521.86442943674 4646558.077234922, 423505.28072983865 4646556.138151172, 423489.7293645715 4646554.347560735, 423468.92124783807 4646551.971400139, 423451.85739271034 4646550.314055369, 423439.8158480268 4646549.843221332, 423429.0601990563 4646549.952714011, 423412.4378220772 4646551.4029500475, 423405.22381388023 4646552.526963686, 423393.3226134522 4646555.003837446, 423379.99458540656 4646558.810256111, 423363.31269124814 4646565.051946535, 423348.5580232317 4646571.766465961)",needs_road_status_and_property_side_review
CHI:76,163826,W TWYK ORD,99,0,0,252.9261086041259,252.9261086041259,M3C_GLOBAL_b95abe6c7cfeedfb292a,252.926,"LINESTRING (424595.6641423691 4646543.540396083, 424567.7613235074 4646574.393904858, 424489.0055812367 4646666.065454515, 424446.1554301678 4646715.483314657, 424429.46514629375 4646734.179897572)",needs_road_status_and_property_side_review
CHI:76,163806,W RWY9R ORD,99,0,0,118.22661956453608,118.22661956453608,M3C_GLOBAL_b95abe6c7cfeedfb292a,118.227,"LINESTRING (426794.4974739722 4646709.147851728, 426753.5323710879 4646709.78542375, 426698.52208376303 4646710.641592067, 426676.28615313245 4646711.045895199)",needs_road_status_and_property_side_review
CHI:76,163548,W RWY9R ORD,99,0,0,798.9205550346754,798.9205550346754,M3C_GLOBAL_b95abe6c7cfeedfb292a,798.921,"LINESTRING (426667.60283278103 4646711.20378164, 426571.30313416594 4646713.749734349, 426401.6705681487 4646714.295523236, 426277.07153402874 4646715.187591542, 426169.2393683052 4646716.865869191, 426055.12569652 4646718.641911266, 425953.55866329523 4646719.175514012, 425868.7585491888 4646720.495326058)",needs_road_status_and_property_side_review
CHI:76,163550,W RWY27L ORD,99,0,0,127.74769542100144,127.74769542100144,M3C_GLOBAL_b95abe6c7cfeedfb292a,127.748,"LINESTRING (426794.4748037385 4646721.795163206, 426732.7232547674 4646723.803424832, 426686.6590914498 4646724.52035933, 426666.76774347184 4646724.829944774)",needs_road_status_and_property_side_review
CHI:76,163556,W RWY9R ORD,99,0,0,803.7153239922784,803.7153239922784,M3C_GLOBAL_b95abe6c7cfeedfb292a,803.715,"LINESTRING (425868.7585491888 4646720.495326058, 425762.3466145701 4646721.492266295, 425662.532970015 4646721.678397501, 425524.46402883064 4646723.827275427, 425372.7035648428 4646724.821896268, 425267.4430139748 4646726.460151275, 425175.83135971834 4646726.518627104, 425065.08138915285 4646726.874959955)",needs_road_status_and_property_side_review
CHI:76,163564,W RWY9R ORD,99,0,0,376.5303892168357,376.5303892168357,M3C_GLOBAL_b95abe6c7cfeedfb292a,376.53,"LINESTRING (425065.08138915285 4646726.874959955, 424985.33476456435 4646728.874663763, 424895.48749994143 4646730.273029842, 424796.1641981774 4646730.63639018, 424727.5873066127 4646731.112467328, 424688.5922831178 4646731.597523566)",needs_road_status_and_property_side_review
CHI:76,163546,W RWY27L ORD,99,0,0,796.8163723608873,796.8163723608873,M3C_GLOBAL_b95abe6c7cfeedfb292a,796.816,"LINESTRING (426666.76774347184 4646724.829944774, 426561.01323520136 4646725.428717349, 426436.43054141774 4646727.367700768, 426221.81319907925 4646730.707968855, 426097.21409640607 4646731.600042962, 425976.818911299 4646733.473853957, 425913.987716521 4646733.404582158, 425870.01728415 4646734.088930842)",needs_road_status_and_property_side_review
CHI:76,163824,W RWY9R ORD,99,0,0,231.4912272167641,231.4912272167641,M3C_GLOBAL_b95abe6c7cfeedfb292a,231.491,"LINESTRING (424660.94267856656 4646731.819956116, 424618.96425829426 4646731.993263563, 424490.0872981278 4646733.23638541, 424429.46514629375 4646734.179897572)",needs_road_status_and_property_side_review
CHI:76,163825,W RWY9R ORD,99,0,0,174.2734503753761,174.2734503753761,M3C_GLOBAL_b95abe6c7cfeedfb292a,174.273,"LINESTRING (424429.46514629375 4646734.179897572, 424391.72279891674 4646734.767312666, 424311.6349096669 4646734.488386581, 424255.1968711355 4646734.604074241)",needs_road_status_and_property_side_review
CHI:76,163570,W RWY9R ORD,99,0,0,501.1124974644285,501.1124974644285,M3C_GLOBAL_b95abe6c7cfeedfb292a,501.112,"LINESTRING (424255.1968711355 4646734.604074241, 424159.92288714764 4646734.904470952, 424067.9569553339 4646737.358078838, 423975.95917984424 4646737.767649052, 423854.338669362 4646739.660529376, 423795.0296273218 4646738.539070025, 423754.1487657839 4646739.175332537)",needs_road_status_and_property_side_review
CHI:76,163554,W RWY27L ORD,99,0,0,804.07306379337,804.07306379337,M3C_GLOBAL_b95abe6c7cfeedfb292a,804.073,"LINESTRING (425870.01728415 4646734.088930842, 425777.4279768894 4646733.85305855, 425685.00710932974 4646735.291481954, 425600.8937098158 4646736.600609487, 425493.9346691466 4646738.265303226, 425343.32888609404 4646738.53193124, 425244.67727744376 4646740.067329569, 425159.52533956256 4646741.392621342, 425104.4557780545 4646740.17233702, 425066.04971670255 4646741.808772467)",needs_road_status_and_property_side_review
CHI:76,163740,W RWY27L ORD,99,0,0,158.88249528583472,158.88249528583472,M3C_GLOBAL_b95abe6c7cfeedfb292a,158.882,"LINESTRING (425066.04971670255 4646741.808772467, 424988.391064291 4646742.764071942, 424928.656223654 4646742.947057314, 424907.1737095752 4646743.066566482)",needs_road_status_and_property_side_review
CHI:76,163741,W RWY27L ORD,99,0,0,213.86943066704575,213.86943066704575,M3C_GLOBAL_b95abe6c7cfeedfb292a,213.869,"LINESTRING (424907.1737095752 4646743.066566482, 424853.99056574947 4646743.362415924, 424783.81575653964 4646744.454606195, 424719.60164482595 4646744.707305971, 424693.31886314164 4646745.207819645)",needs_road_status_and_property_side_review
CHI:76,163828,W RWY27L ORD,99,0,0,247.2515837978489,247.2515837978489,M3C_GLOBAL_b95abe6c7cfeedfb292a,247.252,"LINESTRING (424665.6978304926 4646745.534992502, 424627.76985521766 4646745.741391, 424542.3787903816 4646746.346670559, 424437.4516303033 4646747.256006941, 424418.45328143024 4646747.377383173)",needs_road_status_and_property_side_review
CHI:76,163829,W RWY27L ORD,99,0,0,163.3901152777574,163.3901152777574,M3C_GLOBAL_b95abe6c7cfeedfb292a,163.39,"LINESTRING (424418.45328143024 4646747.377383173, 424358.57254295284 4646747.759934787, 424294.17586544435 4646748.762195417, 424255.08118887234 4646747.923196767)",needs_road_status_and_property_side_review
CHI:76,163572,W RWY27L ORD,99,0,0,500.8795773671922,500.8795773671922,M3C_GLOBAL_b95abe6c7cfeedfb292a,500.88,"LINESTRING (424255.08118887234 4646747.923196767, 424153.1231693041 4646750.288843346, 424028.4138929869 4646751.277700825, 423937.9717687976 4646751.7332365345, 423849.43335521105 4646752.159135305, 423754.24667185836 4646753.640607706)",needs_road_status_and_property_side_review
CHI:76,163748,W RWY14R ORD,99,0,0,181.02881405041785,181.02881405041785,M3C_GLOBAL_b95abe6c7cfeedfb292a,181.029,"LINESTRING (424666.5672844888 4646748.04271326, 424636.79757074104 4646783.76619598, 424590.6136475757 4646840.664712469, 424560.07343189523 4646878.340137274, 424551.8585172406 4646888.084758639)",needs_road_status_and_property_side_review
CHI:76,163834,W TWYK ORD,99,0,0,187.8017498158215,187.8017498158215,M3C_GLOBAL_b95abe6c7cfeedfb292a,187.802,"LINESTRING (424418.45328143024 4646747.377383173, 424361.4353376414 4646813.9035298135, 424310.99472531636 4646872.978182015, 424296.1571827795 4646889.899606061)",needs_road_status_and_property_side_review
CHI:76,163744,W RWY32L ORD,99,0,0,157.83172436265488,157.83172436265488,M3C_GLOBAL_b95abe6c7cfeedfb292a,157.832,"LINESTRING (424672.87244699715 4646766.228364227, 424658.81086986937 4646783.493717827, 424622.87953374395 4646826.972732244, 424583.250459589 4646876.189873153, 424573.0674377471 4646888.494147487)",needs_road_status_and_property_side_review
CHI:76,163742,W TWYT ORD,99,0,0,218.86139970829103,218.86139970829103,M3C_GLOBAL_b95abe6c7cfeedfb292a,218.861,"LINESTRING (424907.1737095752 4646743.066566482, 424886.64692548744 4646759.940568235, 424844.81327606685 4646796.003903211, 424793.1076584276 4646838.704827173, 424747.8300745808 4646877.814365223, 424742.343595054 4646886.375664721)",needs_road_status_and_property_side_review
CHI:76,163738,W TWYM ORD,99,0,0,2145.104179281549,2145.104179281549,M3C_GLOBAL_b95abe6c7cfeedfb292a,2145.104,"LINESTRING (426888.7687697107 4646862.850681698, 426768.2280972472 4646863.387363086, 426638.3552995438 4646866.748168689, 426466.9491873323 4646869.415969854, 426350.42570772825 4646869.890126689, 426237.94036585744 4646871.640872874, 426097.3544805343 4646875.168423268, 425927.2663832138 4646876.476271788, 425815.831363615 4646876.871237698, 425640.40752914903 4646879.601574381, 425454.2706919088 4646882.498651649, 425225.2403974857 4646883.384453812, 425092.64713779173 4646884.10873002, 424952.01913745765 4646884.958052754, 424804.6954933532 4646885.911595237, 424761.86460329784 4646887.917663404, 424745.29090078943 4646894.862499492)",needs_road_status_and_property_side_review
CHI:76,163832,W TWYM ORD,99,0,0,255.70798519976432,255.70798519976432,M3C_GLOBAL_b95abe6c7cfeedfb292a,255.708,"LINESTRING (424551.8585172406 4646888.084758639, 424507.6229219858 4646888.418275685, 424424.3486676595 4646888.868882569, 424365.5944018843 4646889.360605009, 424308.5307049878 4646889.826007377, 424296.1571827795 4646889.899606061)",needs_road_status_and_property_side_review
CHI:76,163833,W TWYM ORD,99,0,0,570.9822579251469,570.9822579251469,M3C_GLOBAL_b95abe6c7cfeedfb292a,570.982,"LINESTRING (424296.1571827795 4646889.899606061, 424264.56901013176 4646890.087486984, 424207.08922723995 4646890.982116238, 424141.1499540135 4646891.585667805, 424074.77486387885 4646891.350500396, 424024.9026752058 4646892.126723254, 423964.45117982174 4646892.222110357, 423907.8100695334 4646892.680935167, 423865.54548540025 4646893.338751475, 423842.2999620547 4646893.7005505, 423801.71280241327 4646893.486763918, 423766.2171154667 4646894.461978894, 423725.22045466385 4646895.100061057)",needs_road_status_and_property_side_review
CHI:76,163746,W TWYM ORD,99,0,0,143.92058881286675,143.92058881286675,M3C_GLOBAL_b95abe6c7cfeedfb292a,143.921,"LINESTRING (424716.0961853174 4646890.896335516, 424708.55761290895 4646887.167361747, 424640.72958202916 4646886.875562304, 424573.0674377471 4646888.494147487)",needs_road_status_and_property_side_review
CHI:76,163836,W TWYK ORD,99,0,0,63.52245246298544,63.52245246298544,M3C_GLOBAL_b95abe6c7cfeedfb292a,63.522,"LINESTRING (424296.1571827795 4646889.899606061, 424277.2444418533 4646911.502019479, 424261.62194252654 4646929.557107919, 424254.595779283 4646937.936291967)",needs_road_status_and_property_side_review
CHI:76,143960,W TANKFARM RD,99,0,0,196.0338893345224,209.44382163683787,M3C_GLOBAL_b95abe6c7cfeedfb292a,196.034,"LINESTRING (425764.33794876846 4646991.234814432, 425745.2806418904 4646991.409377415, 425726.03465149895 4646991.3005821025, 425714.30053180363 4646990.995635841, 425699.53882682486 4646989.811405915, 425684.4818755771 4646987.668826419, 425662.4484538508 4646982.529480378, 425651.0236487063 4646979.583726632, 425649.8099970233 4646979.13941316, 425642.5035003667 4646976.473914949, 425626.54295112117 4646970.316717588, 425613.460113183 4646964.809534765, 425598.54109138495 4646958.608699076, 425581.24006045616 4646951.692231889, 425575.1668321215 4646949.705331644)",needs_road_status_and_property_side_review
CHI:76,163749,W RWY14R ORD,99,0,0,296.3607214632103,296.3607214632103,M3C_GLOBAL_b95abe6c7cfeedfb292a,296.361,"LINESTRING (424551.8585172406 4646888.084758639, 424495.2216249891 4646955.268056841, 424426.70476557256 4647040.60409986, 424387.9454854778 4647086.75852262, 424363.35915497656 4647116.749448599)",needs_road_status_and_property_side_review
CHI:76,163745,W RWY32L ORD,99,0,0,296.6033831938848,296.6033831938848,M3C_GLOBAL_b95abe6c7cfeedfb292a,296.603,"LINESTRING (424573.0674377471 4646888.494147487, 424557.8500400366 4646906.881534957, 424520.0354638846 4646951.021062438, 424488.44270375685 4646989.383199842, 424451.90980769444 4647034.765142853, 424423.40339955426 4647068.661035794, 424404.2444504022 4647094.837363848, 424384.39553911926 4647117.237390484)",needs_road_status_and_property_side_review
CHI:76,163812,W TWYD ORD,99,0,0,486.957885294999,890.1643123821132,M3C_GLOBAL_b95abe6c7cfeedfb292a,486.958,"LINESTRING (426608.8720986466 4647036.35395484, 426548.8319676872 4647037.28942766, 426459.13418883143 4647037.642485822, 426346.5108143408 4647039.395431939, 426223.5080099441 4647044.439116127, 426122.0514890631 4647046.018255368)",needs_road_status_and_property_side_review
CHI:76,163582,W RWY14R ORD,99,0,0,154.6491346233237,154.6491346233237,M3C_GLOBAL_b95abe6c7cfeedfb292a,154.649,"LINESTRING (424363.35915497656 4647116.749448599, 424337.7480568867 4647147.245284604, 424289.583310694 4647205.2403100915, 424264.43202571693 4647235.617458818)",needs_road_status_and_property_side_review
CHI:76,163612,W TWYT ORD,99,0,0,710.6234104325898,710.6234104325898,M3C_GLOBAL_b95abe6c7cfeedfb292a,710.623,"LINESTRING (424723.1026062102 4646911.104589421, 424687.9715481895 4646948.576314004, 424616.67527537775 4647036.260868765, 424542.31184757815 4647125.539173919, 424486.1107780897 4647189.799137151, 424419.3551068464 4647271.229188631, 424357.1400321353 4647346.404669327, 424268.742772795 4647457.290652807)",needs_road_status_and_property_side_review
CHI:76,163584,W RWY32L ORD,99,0,0,188.3574226407882,188.3574226407882,M3C_GLOBAL_b95abe6c7cfeedfb292a,188.357,"LINESTRING (424384.39553911926 4647117.237390484, 424348.91434028087 4647158.867332596, 424301.6090956372 4647216.736660048, 424264.37991600175 4647262.397665724)",needs_road_status_and_property_side_review
CHI:76,163814,W TWYB ORD,99,0,0,693.2242331329894,1485.260741964487,M3C_GLOBAL_b95abe6c7cfeedfb292a,693.224,"LINESTRING (425166.19098975434 4646989.531771211, 425143.2669649936 4646989.6959120985, 425052.40716787527 4646990.260861156, 424985.08639915544 4646997.2533542635, 424898.6567468642 4647009.638708862, 424766.7228076907 4647044.812558625, 424708.22867331153 4647106.019044699, 424634.6897998485 4647182.746038541, 424572.9713237651 4647255.042882561, 424571.7280060777 4647256.481889977)",needs_road_status_and_property_side_review
CHI:76,148435,W HAUL RD,99,0,0,794.2010561933732,794.2010561933732,M3C_GLOBAL_b95abe6c7cfeedfb292a,794.201,"LINESTRING (422940.08235040965 4647171.643963483, 422875.9356086235 4647209.906179557, 422824.5868582079 4647239.872226689, 422782.97510890337 4647264.585351634, 422741.65015927877 4647289.516479251, 422714.60523118405 4647305.235464616, 422669.47024814563 4647331.292501442, 422619.66627277597 4647359.872341957, 422597.92772284616 4647372.708165763, 422578.4550804855 4647384.085577651, 422523.6775239515 4647416.177287577, 422382.487828332 4647493.560741034, 422250.69654253655 4647565.793142922)",needs_road_status_and_property_side_review
CHI:76,163860,N TWYA ORD,99,1,1,865.2147537148927,865.2147537148927,M3C_GLOBAL_b95abe6c7cfeedfb292a,865.215,"LINESTRING (425640.77291387075 4647128.182889006, 425690.0904524063 4647163.985464606, 425728.2309219676 4647186.552938717, 425764.25644901814 4647229.876429989, 425798.98739318474 4647268.344042388, 425820.63499615947 4647327.738402024, 425827.99953441124 4647409.297195266, 425829.1377453553 4647482.419864028, 425831.77465636015 4647651.820699181, 425833.89941835846 4647788.316332193, 425835.9244165952 4647840.0925804805, 425844.8917344291 4647867.990132407, 425866.0841104021 4647898.13539331, 425872.14508493745 4647905.635528872)",needs_road_status_and_property_side_review
CHI:76,163608,W TWYT ORD,99,0,0,802.4213417848451,802.4213417848451,M3C_GLOBAL_b95abe6c7cfeedfb292a,802.421,"LINESTRING (424268.742772795 4647457.290652807, 424203.34007880074 4647533.216320898, 424107.4134502405 4647653.313273081, 424015.42069147737 4647758.783678031, 423952.16304405034 4647838.837589126, 423880.6167298349 4647921.101333833, 423807.02253933693 4648005.477759247, 423755.6567005462 4648073.874801105)",needs_road_status_and_property_side_review
CHI:76,163940,N TWYA ORD,99,0,0,493.8280730019064,493.8280730019064,M3C_GLOBAL_b95abe6c7cfeedfb292a,493.828,"LINESTRING (424425.415650548 4647578.317327614, 424391.800519772 4647651.90893452, 424376.95923969767 4647701.088664663, 424369.9967688679 4647755.1115540415, 424375.69004452415 4647801.843429712, 424395.2119733324 4647871.060880153, 424425.16811293387 4647926.99196436, 424458.8304967225 4647993.151668994, 424483.18343184167 4648037.2869282225)",needs_road_status_and_property_side_review
CHI:76,148401,N HAUL RD,99,0,0,506.49687730104176,506.49687730104176,M3C_GLOBAL_b95abe6c7cfeedfb292a,506.497,"LINESTRING (422250.69654253655 4647565.793142922, 422241.60552153265 4647610.470456128, 422234.6381469571 4647670.394449957, 422233.5934139453 4647748.283770486, 422230.1144133766 4647824.407903821, 422230.5138899579 4647831.276662492, 422233.23548348015 4647856.546157961, 422233.35352183343 4647870.001722625, 422232.48784418736 4647898.5695143305, 422233.37129766284 4648070.71067686)",needs_road_status_and_property_side_review
CHI:76,163874,N TWYJ ORD,99,0,0,663.7014474548138,747.5439371611805,M3C_GLOBAL_b95abe6c7cfeedfb292a,663.701,"LINESTRING (424282.29540738865 4647606.919171836, 424281.5388450752 4647607.865674902, 424202.59660127026 4647704.2522573965, 424131.2867903304 4647786.78595647, 424066.79656794365 4647866.270512826, 424024.3602364983 4647913.038499187, 423969.5250575238 4647982.562708013, 423939.82348698296 4648028.1514686085, 423937.38140799664 4648123.347308228, 423937.20150892664 4648148.483222612)",needs_road_status_and_property_side_review
CHI:76,148421,W OHARE AIRPORT,4,0,0,52.14547641557172,52.14547641557172,M3C_GLOBAL_d96bb667df37e0077cd3,52.145,"LINESTRING (425244.57861453446 4647892.648000985, 425214.806287566 4647849.837263343)",needs_road_status_and_property_side_review
CHI:76,163866,N TWYA ORD,99,0,1,98.27608669991386,98.27608669991386,M3C_GLOBAL_b95abe6c7cfeedfb292a,98.276,"LINESTRING (426013.829632182 4648031.585123229, 425997.4836552136 4648017.217031934, 425970.4277108597 4647994.083092205, 425938.9850860829 4647967.902698508)",needs_road_status_and_property_side_review
CHI:76,163864,W TWYP ORD,99,0,0,87.82981363853733,87.82981363853733,M3C_GLOBAL_b95abe6c7cfeedfb292a,87.83,"LINESTRING (426073.9055545391 4647967.533376119, 426068.19345369627 4647973.962874188, 426036.47163003316 4648006.6879672455, 426013.829632182 4648031.585123229)",needs_road_status_and_property_side_review
CHI:76,163938,N TWYE ORD,99,0,0,67.8051023326832,67.8051023326832,M3C_GLOBAL_b95abe6c7cfeedfb292a,67.805,"LINESTRING (424537.85428598954 4647997.196070951, 424497.9077601054 4648025.8453943385, 424483.18343184167 4648037.2869282225)",needs_road_status_and_property_side_review
CHI:76,163939,N TWYE ORD,99,0,0,191.35380648349616,191.35380648349616,M3C_GLOBAL_b95abe6c7cfeedfb292a,191.354,"LINESTRING (424483.18343184167 4648037.2869282225, 424455.14731459215 4648059.072383375, 424422.52179839707 4648081.425221235, 424387.82310705475 4648102.986000028, 424344.5607701413 4648130.450459686, 424325.1988786818 4648144.975488386)",needs_road_status_and_property_side_review
CHI:76,163854,W TWYT ORD,99,0,0,100.236401943681,100.236401943681,M3C_GLOBAL_b95abe6c7cfeedfb292a,100.236,"LINESTRING (423755.6567005462 4648073.874801105, 423690.0696138558 4648149.6750011975)",needs_road_status_and_property_side_review
CHI:76,163872,W TWYW ORD,99,0,0,344.0914921768125,344.0914921768125,M3C_GLOBAL_b95abe6c7cfeedfb292a,344.091,"LINESTRING (424281.27620318 4648145.970881202, 424235.9606347891 4648146.99783943, 424094.77977855183 4648147.296339996, 424018.8140545629 4648147.845827452, 423947.91203448945 4648148.316484795, 423937.20150892664 4648148.483222612)",needs_road_status_and_property_side_review
CHI:76,163873,W TWYW ORD,99,0,0,112.37926791715678,112.37926791715678,M3C_GLOBAL_b95abe6c7cfeedfb292a,112.379,"LINESTRING (423937.20150892664 4648148.483222612, 423907.40222233743 4648148.947127777, 423842.1870237521 4648148.696140763, 423824.8284380386 4648148.966373316)",needs_road_status_and_property_side_review
CHI:76,163856,W TWYW ORD,99,0,0,108.62687893565226,108.62687893565226,M3C_GLOBAL_b95abe6c7cfeedfb292a,108.627,"LINESTRING (423798.69550852064 4648149.236731672, 423775.33273962344 4648149.350761066, 423736.8062276094 4648149.549177665, 423703.89725793176 4648149.6601422345, 423690.0696138558 4648149.6750011975)",needs_road_status_and_property_side_review
CHI:76,163865,W TWYP ORD,99,0,0,328.0844360359549,328.0844360359549,M3C_GLOBAL_b95abe6c7cfeedfb292a,328.084,"LINESTRING (426013.829632182 4648031.585123229, 425996.99046750244 4648050.101483408, 425963.2049743054 4648086.028997218, 425926.29929432564 4648125.175381087, 425880.5777824598 4648175.026651134, 425834.8480478443 4648224.3496824205, 425791.29646024655 4648272.648094955)",needs_road_status_and_property_side_review
CHI:76,163656,W RWY14L ORD,99,0,0,291.3009437670556,291.3009437670556,M3C_GLOBAL_b95abe6c7cfeedfb292a,291.301,"LINESTRING (426166.5783121739 4648046.13780635, 426126.3927364915 4648094.856342757, 426075.36376288 4648156.741793079, 426013.50150107575 4648232.44391968, 425990.52531592984 4648259.447711773, 425981.20376169786 4648270.836373283)",needs_road_status_and_property_side_review
CHI:76,163944,N TWYA ORD,99,0,0,400.7309726612927,400.7309726612927,M3C_GLOBAL_b95abe6c7cfeedfb292a,400.731,"LINESTRING (424796.59543887165 4648280.628574094, 424735.14753050945 4648224.83993611, 424635.5832814741 4648164.422839157, 424560.7496677354 4648122.821785249, 424532.2570789175 4648086.608743729, 424483.18343184167 4648037.2869282225)",needs_road_status_and_property_side_review
CHI:76,163650,N TWYH3 ORD,99,0,0,286.40134373220064,286.40134373220064,M3C_GLOBAL_b95abe6c7cfeedfb292a,286.401,"LINESTRING (426177.48858683347 4648056.755450152, 426238.7925479091 4648105.303677636, 426294.372549804 4648150.817869646, 426336.74874310975 4648187.39236185, 426338.41851156426 4648252.689510505, 426338.5264540649 4648267.757872731)",needs_road_status_and_property_side_review
CHI:76,163652,W RWY32R ORD,99,0,0,276.4919913240949,276.4919913240949,M3C_GLOBAL_b95abe6c7cfeedfb292a,276.492,"LINESTRING (426177.48858683347 4648056.755450152, 426071.5874785401 4648186.044085982, 426003.1430091348 4648271.347100829)",needs_road_status_and_property_side_review
CHI:76,163855,W TWYT ORD,99,0,0,43.6594629478895,43.6594629478895,M3C_GLOBAL_b95abe6c7cfeedfb292a,43.659,"LINESTRING (423690.0696138558 4648149.6750011975, 423678.86171956087 4648162.628173815, 423662.179853021 4648183.257823436)",needs_road_status_and_property_side_review
CHI:76,163588,W RWY14R ORD,99,0,0,2434.522537906084,2434.522537906084,M3C_GLOBAL_b95abe6c7cfeedfb292a,2434.523,"LINESTRING (424264.43202571693 4647235.617458818, 424225.1081949638 4647286.385769278, 424171.1524942529 4647348.781643048, 424078.2423022764 4647463.869774674, 424022.46672688605 4647531.029114629, 423975.03537741036 4647586.694381857, 423896.01751965354 4647681.67903801, 423829.0426274473 4647759.429962651, 423779.791399216 4647819.85870855, 423764.9375714971 4647839.030273063, 423736.5763983869 4647872.617363089, 423715.2424335419 4647901.359982404, 423679.8982634384 4647942.63192994, 423640.8406343636 4647988.696770364, 423565.5362674218 4648078.888704809, 423495.80946923094 4648162.364719482, 423446.51405117835 4648219.953201171, 423378.6808292408 4648303.399790455, 423300.55085862626 4648394.582857195, 423256.89196393086 4648449.242601146, 423178.3107217362 4648541.853282882, 423055.56035121705 4648686.764200869, 422987.72716988146 4648770.210964992, 422925.41258131544 4648843.154620932, 422853.8364651996 4648929.500778619, 422795.72347482597 4648998.59099618, 422706.48267732584 4649106.0466887)",needs_road_status_and_property_side_review
CHI:76,163586,W RWY32L ORD,99,0,0,2414.788580233239,2414.788580233239,M3C_GLOBAL_b95abe6c7cfeedfb292a,2414.789,"LINESTRING (424264.37991600175 4647262.397665724, 424236.12595238764 4647296.696842993, 424148.03241079894 4647404.829525009, 424089.65734510624 4647473.677296577, 424003.95186833374 4647579.346487288, 423905.11213272234 4647698.565376924, 423833.6783305263 4647785.814523444, 423766.90734385233 4647860.859112166, 423702.61882288975 4647939.504685217, 423662.8158132656 4647985.619310008, 423593.78896876564 4648071.617896505, 423508.04578250716 4648174.861557282, 423453.17729614634 4648235.162576713, 423350.7933140733 4648360.503006336, 423307.92172794265 4648412.124898601, 423257.9237685245 4648473.563364091, 423203.1308345992 4648538.716097075, 423116.1747762558 4648641.978860403, 423069.7400192758 4648698.509107548, 423019.7231907554 4648758.734740413, 422974.43524816894 4648811.000950035, 422893.44933991996 4648908.104874723, 422818.45243705576 4649000.262784458, 422751.7381751046 4649078.946530243, 422718.3621566596 4649117.075501509)",needs_road_status_and_property_side_review
CHI:76,163878,N TWYJ ORD,99,0,0,137.0128762132452,137.0128762132452,M3C_GLOBAL_b95abe6c7cfeedfb292a,137.013,"LINESTRING (423937.20150892664 4648148.483222612, 423936.059206912 4648227.94161771, 423935.99599717284 4648285.487853609)",needs_road_status_and_property_side_review
CHI:76,163666,W TWYH ORD,99,0,0,85.04741713511416,85.04741713511416,M3C_GLOBAL_b95abe6c7cfeedfb292a,85.047,"LINESTRING (423662.179853021 4648183.257823436, 423682.74105268833 4648206.031065949, 423711.80920720624 4648241.22879414, 423718.62626300915 4648246.660451427)",needs_road_status_and_property_side_review
CHI:76,163931,N RWY4L ORD,99,0,0,168.05988548951422,168.05988548951422,M3C_GLOBAL_b95abe6c7cfeedfb292a,168.06,"LINESTRING (424309.8455380046 4648155.133225405, 424325.29389793886 4648173.565097428, 424371.4446440558 4648228.818940425, 424404.96153171896 4648268.460474431, 424418.1505111633 4648283.636500928)",needs_road_status_and_property_side_review
CHI:76,163929,N RWY22R ORD,99,0,0,158.42958167767512,158.42958167767512,M3C_GLOBAL_b95abe6c7cfeedfb292a,158.43,"LINESTRING (424296.6376649744 4648162.898752261, 424314.234887228 4648182.290373248, 424370.87755959894 4648248.877254334, 424398.80538414663 4648283.937666521)",needs_road_status_and_property_side_review
CHI:76,163932,N TWYE ORD,99,0,0,224.14655658600765,224.14655658600765,M3C_GLOBAL_b95abe6c7cfeedfb292a,224.147,"LINESTRING (424296.6376649744 4648162.898752261, 424235.448086672 4648202.851167039, 424165.48938226525 4648246.38549066, 424108.95583806856 4648285.367705789)",needs_road_status_and_property_side_review
CHI:76,163654,W TWYH ORD,99,0,0,335.4247480386352,335.4247480386352,M3C_GLOBAL_b95abe6c7cfeedfb292a,335.425,"LINESTRING (426338.5264540649 4648267.757872731, 426260.79097552795 4648267.336032647, 426202.1568426881 4648268.248849716, 426119.9188346372 4648270.34369894, 426052.3140002226 4648270.581605809, 426003.1430091348 4648271.347100829)",needs_road_status_and_property_side_review
CHI:76,163877,W TWYH ORD,99,0,0,209.80272318127325,209.80272318127325,M3C_GLOBAL_b95abe6c7cfeedfb292a,209.803,"LINESTRING (423935.99599717284 4648285.487853609, 423849.7948001435 4648286.829836739, 423776.9082234857 4648286.707909141, 423741.3789834415 4648264.641639287, 423734.4004478874 4648259.149686662)",needs_road_status_and_property_side_review
CHI:76,163732,W TWYH ORD,99,0,0,189.91898220788545,189.91898220788545,M3C_GLOBAL_b95abe6c7cfeedfb292a,189.919,"LINESTRING (425981.20376169786 4648270.836373283, 425908.53645921894 4648271.115464775, 425819.9658337885 4648272.494334132, 425791.29646024655 4648272.648094955)",needs_road_status_and_property_side_review
CHI:76,163772,W TWYH ORD,99,0,0,380.2164733390962,380.2164733390962,M3C_GLOBAL_b95abe6c7cfeedfb292a,380.216,"LINESTRING (425791.29646024655 4648272.648094955, 425696.8267876748 4648273.154743883, 425533.48539082997 4648274.441016727, 425460.61870624917 4648275.57540707, 425411.0968078173 4648275.181286116)",needs_road_status_and_property_side_review
CHI:76,163942,W TWYH ORD,99,0,0,614.5849893275322,614.5849893275322,M3C_GLOBAL_b95abe6c7cfeedfb292a,614.585,"LINESTRING (425411.0968078173 4648275.181286116, 425353.79217634234 4648274.725231679, 425231.94841005804 4648277.878729408, 425119.478140593 4648277.744726594, 425041.5860726405 4648278.957352497, 424940.44221394777 4648279.90365096, 424877.5966662543 4648278.997087779, 424815.4183850109 4648280.593393451, 424796.59543887165 4648280.628574094)",needs_road_status_and_property_side_review
CHI:76,163943,W TWYH ORD,99,0,0,378.4647955122617,378.4647955122617,M3C_GLOBAL_b95abe6c7cfeedfb292a,378.465,"LINESTRING (424796.59543887165 4648280.628574094, 424677.82148772775 4648280.850560775, 424586.7379159318 4648282.268552629, 424484.9559921558 4648282.596471018, 424418.1505111633 4648283.636500928)",needs_road_status_and_property_side_review
CHI:76,163902,W TWYH ORD,99,0,0,289.8606457754811,289.8606457754811,M3C_GLOBAL_b95abe6c7cfeedfb292a,289.861,"LINESTRING (424398.80538414663 4648283.937666521, 424361.20788891707 4648284.522985631, 424255.01898004464 4648284.291190649, 424138.1708256838 4648285.481973195, 424108.95583806856 4648285.367705789)",needs_road_status_and_property_side_review
CHI:76,163903,W TWYH ORD,99,0,0,172.964400417947,172.964400417947,M3C_GLOBAL_b95abe6c7cfeedfb292a,172.964,"LINESTRING (424108.95583806856 4648285.367705789, 424041.40430587286 4648285.103488971, 423968.5177670721 4648284.981553661, 423935.99599717284 4648285.487853609)",needs_road_status_and_property_side_review
CHI:76,163651,N TWYH3 ORD,99,0,0,100.08637469199807,100.08637469199807,M3C_GLOBAL_b95abe6c7cfeedfb292a,100.086,"LINESTRING (426338.5264540649 4648267.757872731, 426338.975324429 4648330.415382825, 426339.55793026765 4648367.838104821)",needs_road_status_and_property_side_review
CHI:76,163657,W RWY14L ORD,99,0,0,130.57120533082136,130.57120533082136,M3C_GLOBAL_b95abe6c7cfeedfb292a,130.571,"LINESTRING (425981.20376169786 4648270.836373283, 425959.2743774231 4648297.62872635, 425919.73856357276 4648346.337202275, 425898.5182046561 4648371.888737099)",needs_road_status_and_property_side_review
CHI:76,163653,W RWY32R ORD,99,0,0,131.5528506134615,131.5528506134615,M3C_GLOBAL_b95abe6c7cfeedfb292a,131.553,"LINESTRING (426003.1430091348 4648271.347100829, 425978.2486361538 4648302.373210287, 425937.18999529665 4648348.266627846, 425918.00769441575 4648371.585319005)",needs_road_status_and_property_side_review
CHI:76,163734,W TWYP ORD,99,0,0,130.83292668558968,130.83292668558968,M3C_GLOBAL_b95abe6c7cfeedfb292a,130.833,"LINESTRING (425791.29646024655 4648272.648094955, 425778.2825283259 4648288.450626661, 425744.4434118774 4648329.371161409, 425721.21944342426 4648358.034049478, 425708.1670047174 4648373.674341807)",needs_road_status_and_property_side_review
CHI:76,163776,W TWYGG ORD,99,0,0,101.2538915962934,101.2538915962934,M3C_GLOBAL_b95abe6c7cfeedfb292a,101.254,"LINESTRING (425411.0968078173 4648275.181286116, 425410.98872981424 4648319.921862948, 425411.1878737327 4648357.796307547, 425411.4780034301 4648376.432265354)",needs_road_status_and_property_side_review
CHI:76,163700,N RWY4L ORD,99,0,0,129.035194436295,129.035194436295,M3C_GLOBAL_b95abe6c7cfeedfb292a,129.035,"LINESTRING (424418.1505111633 4648283.636500928, 424442.7157441547 4648313.041930758, 424473.15214183263 4648350.419336843, 424500.28201001324 4648383.155491719)",needs_road_status_and_property_side_review
CHI:76,163696,N RWY22R ORD,99,0,0,130.20480698466335,130.20480698466335,M3C_GLOBAL_b95abe6c7cfeedfb292a,130.205,"LINESTRING (424398.80538414663 4648283.937666521, 424425.47952662123 4648314.746605234, 424462.558512306 4648359.086637883, 424483.0011272513 4648383.252560979)",needs_road_status_and_property_side_review
CHI:76,163906,N TWYE ORD,99,0,0,99.25354499424972,99.25354499424972,M3C_GLOBAL_b95abe6c7cfeedfb292a,99.254,"LINESTRING (424108.95583806856 4648285.367705789, 424109.24261682667 4648321.106373947, 424109.7021031565 4648367.436804016, 424109.7765265426 4648384.617660564)",needs_road_status_and_property_side_review
CHI:76,163882,N TWYJ ORD,99,0,0,100.0573476858456,100.0573476858456,M3C_GLOBAL_b95abe6c7cfeedfb292a,100.057,"LINESTRING (423935.99599717284 4648285.487853609, 423936.1559164435 4648328.395507125, 423936.09679768473 4648371.215849502, 423936.3198488124 4648385.543126315)",needs_road_status_and_property_side_review
CHI:76,163924,N TWYR ORD,99,0,0,139.08925200506874,139.08925200506874,M3C_GLOBAL_b95abe6c7cfeedfb292a,139.089,"LINESTRING (424402.7647654677 4648288.510796157, 424372.0191813153 4648320.597876049, 424330.6144648186 4648360.164882361, 424301.7379520084 4648383.900109237)",needs_road_status_and_property_side_review
CHI:76,163760,W TWYT ORD,99,0,0,454.8132875167423,454.8132875167423,M3C_GLOBAL_b95abe6c7cfeedfb292a,454.813,"LINESTRING (423662.179853021 4648183.257823436, 423523.9276300384 4648354.227752983, 423402.6529157887 4648498.397422807, 423372.7202124032 4648534.041473005)",needs_road_status_and_property_side_review
CHI:76,163646,W RWY9L ORD,99,0,0,67.49640604045392,67.49640604045392,M3C_GLOBAL_b95abe6c7cfeedfb292a,67.496,"LINESTRING (426407.0461581892 4648366.787428663, 426339.55793026765 4648367.838104821)",needs_road_status_and_property_side_review
CHI:76,163647,W RWY9L ORD,99,0,0,421.5757748311949,421.5757748311949,M3C_GLOBAL_b95abe6c7cfeedfb292a,421.576,"LINESTRING (426339.55793026765 4648367.838104821, 426319.78354044067 4648368.145958238, 426204.3424523043 4648368.066110719, 426094.5603999578 4648369.775229447, 425949.10796587716 4648371.101140876, 425918.00769441575 4648371.585319005)",needs_road_status_and_property_side_review
CHI:76,163728,W RWY9L ORD,99,0,0,190.36162914820844,190.36162914820844,M3C_GLOBAL_b95abe6c7cfeedfb292a,190.362,"LINESTRING (425898.5182046561 4648371.888737099, 425839.3258373485 4648372.810261307, 425752.04848466686 4648373.230485882, 425708.1670047174 4648373.674341807)",needs_road_status_and_property_side_review
CHI:76,163774,W RWY9L ORD,99,0,0,296.7020932036817,296.7020932036817,M3C_GLOBAL_b95abe6c7cfeedfb292a,296.702,"LINESTRING (425708.1670047174 4648373.674341807, 425579.94792461226 4648374.971255447, 425431.68036140467 4648376.340993363, 425411.4780034301 4648376.432265354)",needs_road_status_and_property_side_review
CHI:76,163775,W RWY9L ORD,99,0,0,911.2273297743502,911.2273297743502,M3C_GLOBAL_b95abe6c7cfeedfb292a,911.227,"LINESTRING (425411.4780034301 4648376.432265354, 425261.81699436076 4648377.1084047435, 425108.857748503 4648378.551183599, 424980.7636922127 4648379.606845927, 424836.2345274213 4648379.979844982, 424725.51374875277 4648381.703579591, 424612.4325446659 4648382.525524337, 424500.28201001324 4648383.155491719)",needs_road_status_and_property_side_review
CHI:76,163816,W RWY27R ORD,99,0,0,67.31725409478014,67.31725409478014,M3C_GLOBAL_b95abe6c7cfeedfb292a,67.317,"LINESTRING (426406.90455999173 4648381.806191474, 426359.0362642902 4648381.61288723, 426339.5900526746 4648381.915632207)",needs_road_status_and_property_side_review
CHI:76,163920,W RWY9L ORD,99,0,0,181.2645156652863,181.2645156652863,M3C_GLOBAL_b95abe6c7cfeedfb292a,181.265,"LINESTRING (424483.0011272513 4648383.252560979, 424423.80254693324 4648383.58508954, 424301.7379520084 4648383.900109237)",needs_road_status_and_property_side_review
CHI:76,163817,W RWY27R ORD,99,0,0,433.9596797011626,433.9596797011626,M3C_GLOBAL_b95abe6c7cfeedfb292a,433.96,"LINESTRING (426339.5900526746 4648381.915632207, 426268.0204095866 4648383.029851893, 426188.2350113316 4648382.394909264, 426109.43173380167 4648384.5602787165, 425991.1756506711 4648384.524259708, 425917.0492671884 4648385.678283735, 425905.6816822997 4648385.855258065)",needs_road_status_and_property_side_review
CHI:76,163921,W RWY9L ORD,99,0,0,191.9627957340381,191.9627957340381,M3C_GLOBAL_b95abe6c7cfeedfb292a,191.963,"LINESTRING (424301.7379520084 4648383.900109237, 424279.2731632662 4648383.958089644, 424117.38492274727 4648384.601336847, 424109.7765265426 4648384.617660564)",needs_road_status_and_property_side_review
CHI:76,163905,W RWY9L ORD,99,0,0,173.46197776966764,173.46197776966764,M3C_GLOBAL_b95abe6c7cfeedfb292a,173.462,"LINESTRING (424109.7765265426 4648384.617660564, 423977.54698743613 4648384.901289696, 423936.3198488124 4648385.543126315)",needs_road_status_and_property_side_review
CHI:76,163881,W RWY9L ORD,99,0,0,52.61061743293818,52.61061743293818,M3C_GLOBAL_b95abe6c7cfeedfb292a,52.611,"LINESTRING (423936.3198488124 4648385.543126315, 423883.7156058944 4648386.362085225)",needs_road_status_and_property_side_review
CHI:76,163724,W RWY27R ORD,99,0,0,188.88154873421183,188.88154873421183,M3C_GLOBAL_b95abe6c7cfeedfb292a,188.882,"LINESTRING (425886.17200021876 4648386.158991274, 425856.99750368355 4648386.613189544, 425742.49457788357 4648386.518731476, 425697.29950248665 4648387.222343414)",needs_road_status_and_property_side_review
CHI:76,163778,W RWY27R ORD,99,0,0,286.20786979555544,286.20786979555544,M3C_GLOBAL_b95abe6c7cfeedfb292a,286.208,"LINESTRING (425697.29950248665 4648387.222343414, 425662.7382813958 4648387.760404014, 425570.11252562294 4648388.2638971945, 425447.20854270196 4648391.115843549, 425411.1305158247 4648390.983749121)",needs_road_status_and_property_side_review
CHI:76,163779,W RWY27R ORD,99,0,0,898.231376566477,898.231376566477,M3C_GLOBAL_b95abe6c7cfeedfb292a,898.231,"LINESTRING (425411.1305158247 4648390.983749121, 425349.595077745 4648390.758450938, 425258.56436532724 4648391.237111508, 425136.5985952096 4648394.074452709, 425062.44281591324 4648393.351854019, 424942.32438448415 4648394.283361673, 424810.8523478095 4648395.391625949, 424697.30201476516 4648396.220878812, 424574.3539238503 4648396.2578932345, 424512.95608591137 4648397.213755826)",needs_road_status_and_property_side_review
CHI:76,163916,W RWY27R ORD,99,0,0,208.49208904666705,208.49208904666705,M3C_GLOBAL_b95abe6c7cfeedfb292a,208.492,"LINESTRING (424494.80341217737 4648397.496362897, 424453.31162230705 4648398.142321393, 424340.6848898622 4648398.018655973, 424286.31757370115 4648398.373001072)",needs_road_status_and_property_side_review
CHI:76,163917,W RWY27R ORD,99,0,0,176.6325898433706,176.6325898433706,M3C_GLOBAL_b95abe6c7cfeedfb292a,176.633,"LINESTRING (424286.31757370115 4648398.373001072, 424236.9867062944 4648398.694526082, 424126.236531345 4648398.541644516, 424109.6919725414 4648398.981100152)",needs_road_status_and_property_side_review
CHI:76,163909,W RWY27R ORD,99,0,0,165.1583349852479,165.1583349852479,M3C_GLOBAL_b95abe6c7cfeedfb292a,165.158,"LINESTRING (424109.6919725414 4648398.981100152, 424040.8646122391 4648400.809283387, 423962.969970969 4648401.083434598, 423944.5606265264 4648401.3700376665)",needs_road_status_and_property_side_review
CHI:76,163885,W RWY27R ORD,99,0,0,53.0158960221226,53.0158960221226,M3C_GLOBAL_b95abe6c7cfeedfb292a,53.016,"LINESTRING (423936.8795842661 4648401.489618803, 423883.87011189986 4648402.314888747)",needs_road_status_and_property_side_review
CHI:76,163756,W TANKFARM RD,99,0,0,196.52767771241537,196.52767771241537,M3C_GLOBAL_b95abe6c7cfeedfb292a,196.528,"LINESTRING (423564.6852620492 4648448.8147931, 423558.04287200497 4648456.869070477, 423528.5635458891 4648495.905161319, 423516.36265706125 4648515.930693622, 423510.3531399802 4648528.847748659, 423504.35715222417 4648544.982656919, 423500.5369730525 4648556.579621156, 423498.27947803 4648564.483207046, 423494.44318619184 4648582.516519108, 423489.7740202282 4648608.906633921, 423487.0703634686 4648625.280270111)",needs_road_status_and_property_side_review
CHI:76,163818,W TWYV2 ORD,99,0,0,636.6414502564686,636.6414502564686,M3C_GLOBAL_b95abe6c7cfeedfb292a,636.641,"LINESTRING (426339.5900526746 4648381.915632207, 426340.6492718074 4648449.952026383, 426340.78691783716 4648511.542075659, 426326.64749396493 4648552.823673539, 426291.62440085836 4648571.435990207, 426120.02902221703 4648574.107531932, 425954.19356139307 4648577.510624615, 425867.97250762366 4648578.031762071)",needs_road_status_and_property_side_review
CHI:76,163918,N TWYR ORD,99,0,0,239.71538579453488,239.71538579453488,M3C_GLOBAL_b95abe6c7cfeedfb292a,239.715,"LINESTRING (424286.31757370115 4648398.373001072, 424274.9139671706 4648408.571270707, 424193.88687333633 4648483.100575789, 424140.5388281342 4648534.900068414, 424111.661229775 4648562.531001626)",needs_road_status_and_property_side_review
CHI:76,163914,N TWYE ORD,99,0,0,163.65888398710828,163.65888398710828,M3C_GLOBAL_b95abe6c7cfeedfb292a,163.659,"LINESTRING (424109.6919725414 4648398.981100152, 424111.611135295 4648477.4497305835, 424111.1706439073 4648561.146669326, 424111.661229775 4648562.531001626)",needs_road_status_and_property_side_review
CHI:76,163754,N RWY22R ORD,99,0,0,255.457942340942,255.457942340942,M3C_GLOBAL_b95abe6c7cfeedfb292a,255.458,"LINESTRING (424494.80341217737 4648397.496362897, 424507.0716326309 4648412.065785184, 424540.1166786151 4648451.8224508995, 424592.85813962435 4648513.761533357, 424634.96708682564 4648564.621604236, 424659.0038967193 4648593.186989193)",needs_road_status_and_property_side_review
CHI:76,163782,W TWYP ORD,99,0,0,440.2643754839302,440.2643754839302,M3C_GLOBAL_b95abe6c7cfeedfb292a,440.264,"LINESTRING (425697.29950248665 4648387.222343414, 425677.6424482162 4648410.477080487, 425651.31692270585 4648442.327557863, 425626.1576602078 4648472.520790219, 425606.5665514865 4648496.667029609, 425582.2872016355 4648525.952526609, 425548.3612764786 4648567.308831895, 425525.24819041515 4648594.937095384, 425502.72867293615 4648622.407111259, 425474.3569874388 4648656.822597801, 425452.1284532727 4648683.841068939, 425432.82137278374 4648707.088864974, 425416.8145594054 4648726.56940431)",needs_road_status_and_property_side_review
CHI:76,163784,W TWYGG ORD,99,0,0,335.7343380789287,335.7343380789287,M3C_GLOBAL_b95abe6c7cfeedfb292a,335.734,"LINESTRING (425411.1305158247 4648390.983749121, 425412.1493890814 4648405.251458497, 425414.6170085424 4648436.299608884, 425414.7072666621 4648484.581596572, 425415.2916959136 4648564.60387187, 425416.2491333524 4648626.100686744, 425416.4320805565 4648680.333978081, 425416.9365456536 4648712.735518976, 425416.8145594054 4648726.56940431)",needs_road_status_and_property_side_review
CHI:76,163892,N TWYJ ORD,99,0,0,316.8477712217317,316.8477712217317,M3C_GLOBAL_b95abe6c7cfeedfb292a,316.848,"LINESTRING (423944.5606265264 4648401.3700376665, 423944.1887197882 4648438.129991313, 423940.8233061603 4648501.340934369, 423940.2947172883 4648537.23264635, 423938.4314301227 4648545.598220129, 423939.63929480454 4648588.2590071345, 423939.57757006167 4648654.13696286, 423939.5023990633 4648707.510277118, 423939.54997595196 4648717.900227406)",needs_road_status_and_property_side_review
CHI:76,163894,W TWYZ ORD,99,0,0,451.8051264472549,451.8051264472549,M3C_GLOBAL_b95abe6c7cfeedfb292a,451.805,"LINESTRING (424659.0038967193 4648593.186989193, 424599.362834386 4648591.874057112, 424498.59264086385 4648590.580718313, 424421.27801358385 4648588.349755067, 424372.6142673839 4648587.962508432, 424323.2692344715 4648617.352942275, 424266.01884394034 4648653.735794848, 424232.25545458257 4648675.354222637)",needs_road_status_and_property_side_review
CHI:76,163915,N TWYE ORD,99,0,0,162.81246454802212,162.81246454802212,M3C_GLOBAL_b95abe6c7cfeedfb292a,162.812,"LINESTRING (424111.661229775 4648562.531001626, 424139.43738629343 4648640.909590375, 424163.9359916344 4648716.70645351)",needs_road_status_and_property_side_review
CHI:76,163757,W TANKFARM RD,99,0,0,36.09322887534539,36.09322887534539,M3C_GLOBAL_b95abe6c7cfeedfb292a,36.093,"LINESTRING (423487.0703634686 4648625.280270111, 423486.30411613744 4648629.920733645, 423483.29689071234 4648648.160583198, 423481.23167745554 4648660.898084548)",needs_road_status_and_property_side_review
CHI:76,143818,N HAUL RD,99,0,0,1214.8761858968332,1214.8761858968332,M3C_GLOBAL_b95abe6c7cfeedfb292a,1214.876,"LINESTRING (422233.37129766284 4648070.71067686, 422233.41116065055 4648078.468663173, 422233.81729089585 4648202.6294282265, 422233.90062604443 4648217.965790801, 422236.8262767703 4648290.009988679, 422238.71908349544 4648302.365232208, 422241.4820776864 4648314.240673358, 422242.47914917517 4648317.604708016, 422245.41135953437 4648326.451458024, 422253.26422495325 4648345.613270324, 422257.5183409386 4648356.1764384415, 422261.1165532149 4648365.3297204105, 422263.0504636346 4648370.340043551, 422264.6956536764 4648374.815468386, 422265.74129435146 4648377.971552541, 422267.80003943224 4648385.52147935, 422269.27838974015 4648393.961145855, 422269.6843336175 4648396.938248955, 422270.0780212623 4648400.302565039, 422270.32244370267 4648403.279135329, 422270.51238327764 4648406.671002773, 422270.89226252295 4648413.4547376465, 422271.27680331003 4648423.669793444, 422271.81558227463 4648435.570717964, 422272.7246249287 4648450.897271521, 422273.4003132512 4648459.456093568, 422274.29731421865 4648469.702787476, 422274.6302586497 4648473.080238809, 422276.4761591298 4648487.51150265, 422279.3287682468 4648512.580869062, 422279.54382508574 4648523.0667360565, 422280.0804727798 4648534.83055957, 422280.5492215695 4648545.169217735, 422280.9267565982 4648557.28292411, 422281.5866924534 4648563.263874863, 422282.3678687038 4648566.8537922595, 422283.01569849125 4648569.7082798965, 422284.44869699574 4648575.512634329, 422286.9411721988 4648584.610021038, 422291.44233306043 4648598.515374505, 422303.0429466633 4648632.319577407, 422310.4203516296 4648653.238001112, 422321.1719518199 4648681.835191335, 422323.64304432995 4648688.662552224, 422326.82439539325 4648703.13704766, 422327.53037619125 4648708.943547248, 422328.0512240993 4648722.432453836, 422327.9535023558 4648726.529735988, 422324.21218174376 4648743.616928707, 422320.54032587924 4648755.964335147, 422309.71222791006 4648781.371640842, 422302.4066541288 4648794.622835784, 422294.96033746016 4648807.446475571, 422278.92391135625 4648831.46294194, 422267.27837562165 4648847.621904551, 422256.0478133765 4648865.38036654, 422249.35433267057 4648879.581941576, 422245.60507789336 4648890.483032994, 422243.1696715172 4648900.236123386, 422240.7345327845 4648915.486753762, 422239.75616949657 4648932.701619945, 422240.21630366996 4648951.295901876, 422240.7990451257 4648976.58650196, 422241.1973769257 4649011.564671115, 422241.3594619595 4649047.2230456835, 422241.8892727573 4649080.663268468, 422242.0577203626 4649095.004847401, 422242.3131526484 4649123.936114606, 422242.2472725134 4649144.757107695, 422242.23076752725 4649173.83583781, 422242.65620714705 4649196.855512319, 422243.16811880533 4649219.163761259, 422244.4918210479 4649239.003211239, 422245.585334058 4649250.57247198)",needs_road_status_and_property_side_review
CHI:76,163786,W RWY14L ORD,99,0,0,732.147159115121,732.147159115121,M3C_GLOBAL_b95abe6c7cfeedfb292a,732.147,"LINESTRING (425886.17200021876 4648386.158991274, 425858.95922917506 4648420.367420418, 425813.6915717412 4648474.323285051, 425778.00087912724 4648517.739598206, 425727.00119529257 4648578.928175927, 425660.73294002266 4648660.486015083, 425611.6304546508 4648718.3980686115, 425567.6714096528 4648772.983038936, 425524.985587492 4648825.924685642, 425448.4911330532 4648918.032299436, 425420.5356508596 4648951.113798408)",needs_road_status_and_property_side_review
CHI:76,163891,W TWYZ ORD,99,0,0,485.2161823557021,485.2161823557021,M3C_GLOBAL_b95abe6c7cfeedfb292a,485.216,"LINESTRING (423939.54997595196 4648717.900227406, 423879.00118856586 4648717.005750043, 423780.5378458436 4648716.821410824, 423727.2866550723 4648715.933153897, 423637.40786336036 4648715.615158906, 423595.62059605063 4648715.69330524, 423553.8621037256 4648680.851865641, 423509.7876493672 4648644.329131115, 423487.0703634686 4648625.280270111)",needs_road_status_and_property_side_review
CHI:76,163790,W RWY32R ORD,99,0,0,759.9633000082086,759.9633000082086,M3C_GLOBAL_b95abe6c7cfeedfb292a,759.963,"LINESTRING (425905.6816822997 4648385.855258065, 425853.4036558017 4648449.235305593, 425791.51795071474 4648522.878801852, 425747.3367621444 4648576.951097373, 425688.63617748814 4648648.6154852845, 425622.9623829864 4648726.820325317, 425587.63346261124 4648771.107048639, 425554.17356161494 4648811.505563128, 425513.7654695945 4648860.052093039, 425445.57963747287 4648942.155246758, 425421.29886232957 4648971.423994693)",needs_road_status_and_property_side_review
CHI:76,163900,W TWYZ ORD,99,0,0,79.96907028370839,79.96907028370839,M3C_GLOBAL_b95abe6c7cfeedfb292a,79.969,"LINESTRING (424232.25545458257 4648675.354222637, 424211.0398452659 4648688.938408685, 424165.10190243315 4648716.5584970685, 424163.9359916344 4648716.70645351)",needs_road_status_and_property_side_review
CHI:76,143889,W TANKFARM RD,99,0,0,88.74118362376915,88.74118362376915,M3C_GLOBAL_b95abe6c7cfeedfb292a,88.741,"LINESTRING (423481.23167745554 4648660.898084548, 423481.0475309326 4648662.03388669, 423480.50563634915 4648681.055106772, 423479.8499689115 4648687.288123645, 423478.8021054147 4648692.4058002625, 423477.08025361877 4648700.230927121, 423474.35385539907 4648710.6711337445, 423472.37482078443 4648717.244732479, 423470.091097486 4648724.213143386, 423467.1839531945 4648732.830766552, 423459.9296880039 4648745.93115743)",needs_road_status_and_property_side_review
CHI:76,163901,W TWYZ ORD,99,0,0,224.50300442396687,224.50300442396687,M3C_GLOBAL_b95abe6c7cfeedfb292a,224.503,"LINESTRING (424163.9359916344 4648716.70645351, 424149.6763844971 4648718.515993783, 423998.54318162374 4648718.006797774, 423954.46672834735 4648718.120585952, 423939.54997595196 4648717.900227406)",needs_road_status_and_property_side_review
CHI:76,163764,W TWYT ORD,99,0,0,530.9690388207871,530.9690388207871,M3C_GLOBAL_b95abe6c7cfeedfb292a,530.969,"LINESTRING (423372.7202124032 4648534.041473005, 423243.0050781761 4648688.507142382, 423109.3955113967 4648843.813837798, 423031.25885265856 4648940.602754754)",needs_road_status_and_property_side_review
CHI:76,163720,N RWY4L ORD,99,0,0,921.8368984045752,921.8368984045752,M3C_GLOBAL_b95abe6c7cfeedfb292a,921.837,"LINESTRING (424512.95608591137 4648397.213755826, 424539.04665793804 4648428.949859864, 424576.6800103315 4648473.551449599, 424611.0250757044 4648514.259289828, 424650.8655221344 4648562.41281673, 424693.97752061335 4648613.384433146, 424718.8246046808 4648642.943255691, 424754.63733831444 4648685.77999729, 424798.48318098416 4648737.8160585975, 424836.1249181176 4648782.955404422, 424880.7045963198 4648836.055900802, 424922.7242286649 4648885.968577855, 424963.65426910296 4648935.001633757, 425012.62021198886 4648993.413261207, 425056.1047306389 4649045.2755590845, 425087.88976605394 4649082.795474055, 425105.3125213383 4649103.532614142)",needs_road_status_and_property_side_review
CHI:76,163788,W TWYGG ORD,99,0,0,224.60075847424352,224.60075847424352,M3C_GLOBAL_b95abe6c7cfeedfb292a,224.601,"LINESTRING (425416.8145594054 4648726.56940431, 425416.61070645036 4648768.501449159, 425417.9870780127 4648856.903312417, 425418.9153406073 4648916.523174079, 425420.5356508596 4648951.113798408)",needs_road_status_and_property_side_review
CHI:76,143803,W TANKFARM RD,99,0,0,253.3497489874417,253.3497489874417,M3C_GLOBAL_b95abe6c7cfeedfb292a,253.35,"LINESTRING (423459.9296880039 4648745.93115743, 423452.12647266604 4648760.022580273, 423446.6513801663 4648769.292714641, 423438.2942782879 4648782.922851685, 423430.2920101157 4648794.679402957, 423420.43994008825 4648807.025478439, 423414.01013025583 4648814.8690541405, 423405.74396014784 4648824.94449831, 423390.1248799806 4648843.859157738, 423372.24564635754 4648865.384069649, 423361.6654790188 4648878.13460106, 423348.62153135147 4648893.922144797, 423339.5737473207 4648904.881321299, 423330.1310022344 4648916.504888357, 423317.17251933145 4648932.888396541, 423305.1895035671 4648945.861781096)",needs_road_status_and_property_side_review
CHI:76,163755,N RWY22R ORD,99,0,0,680.1875485534945,680.1875485534945,M3C_GLOBAL_b95abe6c7cfeedfb292a,680.188,"LINESTRING (424659.0038967193 4648593.186989193, 424674.9316279852 4648612.11553146, 424719.6915819489 4648665.287811969, 424751.66647109715 4648703.492087278, 424778.31492666306 4648735.503275149, 424815.09337791085 4648779.908766445, 424849.7355550781 4648821.47100262, 424897.1505988465 4648877.216895655, 424958.9600453555 4648950.520695222, 424993.6022360269 4648992.082898979, 425041.5645783307 4649049.389231971, 425090.0579470641 4649107.210275864, 425096.1358826518 4649114.305353172)",needs_road_status_and_property_side_review
CHI:76,148372,N PATTON DR,99,0,0,211.54806681638897,211.54806681638897,M3C_GLOBAL_b95abe6c7cfeedfb292a,211.548,"LINESTRING (426395.3069067352 4648757.721810427, 426394.6963339178 4648790.704696513, 426393.76948840194 4648827.4394949805, 426395.364414257 4648881.7458056, 426394.23343121324 4648905.369362869, 426392.94497832446 4648918.878534912, 426390.9014774815 4648932.02477184, 426389.6363558224 4648947.032368461, 426389.149606199 4648963.901340052, 426389.05552473164 4648968.921748758)",needs_road_status_and_property_side_review
CHI:76,163783,W TWYP ORD,99,0,0,489.0262384662382,489.0262384662382,M3C_GLOBAL_b95abe6c7cfeedfb292a,489.026,"LINESTRING (425416.8145594054 4648726.56940431, 425413.22563033074 4648730.937189641, 425389.81228858803 4648758.42113853, 425368.46831424517 4648784.829817985, 425344.78022025566 4648813.808135345, 425319.6163281142 4648843.703470693, 425295.0483244573 4648873.589539991, 425269.886753331 4648903.633864932, 425245.3233900532 4648933.817882351, 425220.4574486043 4648963.708602612, 425198.23124846746 4648990.876077112, 425171.3214480324 4649023.480769763, 425146.4601477769 4649053.6694422625, 425121.3009006311 4649083.862765573, 425105.3125213383 4649103.532614142)",needs_road_status_and_property_side_review
CHI:76,163765,W TWYT ORD,99,0,0,129.2544946332557,129.2544946332557,M3C_GLOBAL_b95abe6c7cfeedfb292a,129.254,"LINESTRING (423031.25885265856 4648940.602754754, 423002.01889773784 4648976.822687641, 422948.5168474139 4649039.891239349)",needs_road_status_and_property_side_review
CHI:76,143805,W TANKFARM RD,99,0,0,130.72282159078844,130.72282159078844,M3C_GLOBAL_b95abe6c7cfeedfb292a,130.723,"LINESTRING (423305.1895035671 4648945.861781096, 423300.8154789506 4648950.597327966, 423293.8832590571 4648957.8801758485, 423280.13880874217 4648974.672087913, 423267.1968712574 4648992.313923352, 423253.3368941626 4649009.512942306, 423240.86801199586 4649024.65768015, 423231.0768824549 4649036.609703348, 423222.4093966705 4649046.941293772)",needs_road_status_and_property_side_review
CHI:76,163768,W TWYY ORD,99,0,0,243.44722511184415,243.44722511184415,M3C_GLOBAL_b95abe6c7cfeedfb292a,243.447,"LINESTRING (423031.25885265856 4648940.602754754, 423065.19270513597 4649022.109332394, 423108.62737729 4649126.276997784, 423124.94616039866 4649165.300824678)",needs_road_status_and_property_side_review
CHI:76,163787,W RWY14L ORD,99,0,0,345.0247159724218,345.0247159724218,M3C_GLOBAL_b95abe6c7cfeedfb292a,345.025,"LINESTRING (425420.5356508596 4648951.113798408, 425400.6669414472 4648974.62571159, 425350.945547164 4649034.495698558, 425310.1872688086 4649086.1085879505, 425256.63105033676 4649149.934743158, 425214.54900477285 4649199.944755808, 425200.6638555029 4649216.974863357)",needs_road_status_and_property_side_review
CHI:76,163791,W RWY32R ORD,99,0,0,332.13724452419217,332.13724452419217,M3C_GLOBAL_b95abe6c7cfeedfb292a,332.137,"LINESTRING (425421.29886232957 4648971.423994693, 425362.8744180122 4649041.850541467, 425332.5946413522 4649079.948434944, 425253.6875529272 4649175.7255318435, 425217.05255636177 4649218.746305729, 425209.80453075725 4649227.500399399)",needs_road_status_and_property_side_review
CHI:76,163766,W TANKFARM RD,99,0,0,153.32656957552314,153.32656957552314,M3C_GLOBAL_b95abe6c7cfeedfb292a,153.327,"LINESTRING (423222.4093966705 4649046.941293772, 423215.57593574113 4649055.086761689, 423202.93886420596 4649069.9964233115, 423162.80119934026 4649119.108736958, 423142.46088415064 4649144.0393854175, 423124.94616039866 4649165.300824678)",needs_road_status_and_property_side_review
CHI:76,163604,W TWYT ORD,99,0,0,202.3775682031122,202.3775682031122,M3C_GLOBAL_b95abe6c7cfeedfb292a,202.378,"LINESTRING (422948.5168474139 4649039.891239349, 422906.89706517 4649090.956960242, 422844.71170759277 4649157.548252905, 422814.62286528165 4649191.5288285175)",needs_road_status_and_property_side_review
CHI:76,163868,W TWYGG ORD,99,0,0,329.7387683471098,329.7387683471098,M3C_GLOBAL_b95abe6c7cfeedfb292a,329.739,"LINESTRING (425421.29886232957 4648971.423994693, 425421.5538759051 4648986.392397975, 425421.8353804729 4649040.460128978, 425421.9424449691 4649083.323918804, 425422.77009368583 4649154.473290574, 425423.6772383124 4649212.733779583, 425424.8024593038 4649284.999188884, 425425.0537398774 4649301.137132875)",needs_road_status_and_property_side_review
CHI:76,163948,N TWYE ORD,99,0,0,1057.537657923398,1057.537657923398,M3C_GLOBAL_b95abe6c7cfeedfb292a,1057.538,"LINESTRING (424163.9359916344 4648716.70645351, 424195.4947718231 4648800.538429098, 424222.3116641402 4648887.244569963, 424218.5371840039 4648989.171008173, 424213.55258680624 4649013.37517232, 424362.1623309176 4649174.585675287, 424527.10292885476 4649351.626115727, 424632.10118279804 4649466.602741851, 424721.3595924401 4649565.962275193)",needs_road_status_and_property_side_review
CHI:76,163600,W TWYT1 ORD,99,0,0,121.71247430118648,121.71247430118648,M3C_GLOBAL_b95abe6c7cfeedfb292a,121.712,"LINESTRING (422814.62286528165 4649191.5288285175, 422793.13738846645 4649175.211281397, 422759.43951584434 4649149.925252219, 422735.84063397243 4649131.559100242, 422718.3621566596 4649117.075501509)",needs_road_status_and_property_side_review
CHI:76,163721,N RWY4L ORD,99,0,0,148.19473431843025,148.19473431843025,M3C_GLOBAL_b95abe6c7cfeedfb292a,148.195,"LINESTRING (425105.3125213383 4649103.532614142, 425126.2569818401 4649128.461402435, 425175.94280927547 4649187.041085864, 425200.6638555029 4649216.974863357)",needs_road_status_and_property_side_review
CHI:76,163717,N RWY22R ORD,99,0,0,148.61610969598104,148.61610969598104,M3C_GLOBAL_b95abe6c7cfeedfb292a,148.616,"LINESTRING (425096.1358826518 4649114.305353172, 425134.2706313345 4649158.821953053, 425168.93724593706 4649201.952741813, 425191.3583179395 4649228.388092095)",needs_road_status_and_property_side_review
CHI:76,163767,W TANKFARM RD,99,0,0,135.96933737259994,135.96933737259994,M3C_GLOBAL_b95abe6c7cfeedfb292a,135.969,"LINESTRING (423124.94616039866 4649165.300824678, 423122.5236742628 4649168.241523523, 423106.8590417974 4649187.166063713, 423088.9565688503 4649208.959543128, 423074.15495773125 4649226.944235727, 423053.93543134915 4649251.607890566, 423038.5077595088 4649270.257955142)",needs_road_status_and_property_side_review
CHI:76,163896,W TWYP ORD,99,0,0,419.76119366660777,419.76119366660777,M3C_GLOBAL_b95abe6c7cfeedfb292a,419.761,"LINESTRING (425096.1358826518 4649114.305353172, 425073.10165077425 4649141.534299993, 425022.4229025747 4649204.890740719, 424951.17583123076 4649291.105010432, 424866.3794493008 4649391.297266034, 424828.2198306879 4649437.419398285)",needs_road_status_and_property_side_review
CHI:76,143804,W TANKFARM RD,99,0,0,67.24077462877038,67.24077462877038,M3C_GLOBAL_b95abe6c7cfeedfb292a,67.241,"LINESTRING (423038.5077595088 4649270.257955142, 423030.23386734945 4649280.259975611, 423020.97142284387 4649291.524207458, 423009.05015393195 4649306.020481041, 422995.7600440318 4649322.161223249)",needs_road_status_and_property_side_review
CHI:76,163964,W TWYY ORD,99,0,0,739.2809038424415,739.2809038424415,M3C_GLOBAL_b95abe6c7cfeedfb292a,739.281,"LINESTRING (424164.859330469 4649069.803394575, 424152.7386922281 4649083.270931021, 424034.96616454265 4649226.934014092, 423948.08091492514 4649330.113080619, 423887.4050890207 4649403.790885525, 423805.2354523088 4649498.411089192, 423736.2082667503 4649580.704505971, 423685.6162546871 4649632.398081842)",needs_road_status_and_property_side_review
CHI:76,163796,N RWY22R ORD,99,0,0,337.88547361814034,337.88547361814034,M3C_GLOBAL_b95abe6c7cfeedfb292a,337.885,"LINESTRING (425209.80453075725 4649227.500399399, 425238.72765699937 4649262.420232447, 425273.3995356429 4649303.385271483, 425312.7327625683 4649350.503447592, 425360.0986176288 4649407.042664181, 425409.1501148123 4649465.215815511, 425426.8190457991 4649486.478928786)",needs_road_status_and_property_side_review
CHI:76,163800,N RWY22R ORD,99,0,0,351.890708247681,351.890708247681,M3C_GLOBAL_b95abe6c7cfeedfb292a,351.891,"LINESTRING (425200.06750795676 4649239.260687281, 425211.2885603146 4649252.7192495465, 425237.3644750922 4649282.580712011, 425290.34052401886 4649345.3951401, 425359.92461980856 4649428.12925943, 425416.0646890637 4649494.77482882, 425427.21852470376 4649508.008206516)",needs_road_status_and_property_side_review
CHI:76,163869,W TWYGG ORD,99,0,0,185.35287285836375,185.35287285836375,M3C_GLOBAL_b95abe6c7cfeedfb292a,185.353,"LINESTRING (425425.0537398774 4649301.137132875, 425425.4588446812 4649327.154005092, 425425.6652846967 4649394.3907274, 425426.14408301644 4649443.132223768, 425426.8190457991 4649486.478928786)",needs_road_status_and_property_side_review
CHI:76,163770,W TWYY ORD,99,0,0,729.9078226032464,729.9078226032464,M3C_GLOBAL_b95abe6c7cfeedfb292a,729.908,"LINESTRING (423685.6162546871 4649632.398081842, 423609.1792656594 4649571.282976824, 423518.1997129742 4649499.610672746, 423436.87788915343 4649432.580672759, 423266.9349615851 4649291.445145876, 423124.94616039866 4649165.300824678)",needs_road_status_and_property_side_review
CHI:76,143813,W TANKFARM RD,99,0,0,66.93806373433011,66.93806373433011,M3C_GLOBAL_b95abe6c7cfeedfb292a,66.938,"LINESTRING (422911.36306544027 4649421.714590203, 422907.45951148716 4649426.4453651365, 422900.63409144327 4649434.715665882, 422889.0837330951 4649448.764298366, 422882.3796578954 4649456.9991584355, 422877.8953969327 4649462.968807546, 422869.36161874584 4649473.825812901)",needs_road_status_and_property_side_review
CHI:76,143765,N HAUL RD,99,0,0,77.91103698656465,77.91103698656465,M3C_GLOBAL_b95abe6c7cfeedfb292a,77.911,"LINESTRING (422245.585334058 4649250.57247198, 422247.63316985924 4649272.238209722, 422249.003641803 4649285.884545061, 422251.4767675989 4649308.107432873, 422253.8287821189 4649328.042841566)",needs_road_status_and_property_side_review
CHI:76,163950,N TWYN ORD,99,0,0,362.6884055977336,362.6884055977336,M3C_GLOBAL_b95abe6c7cfeedfb292a,362.688,"LINESTRING (425425.0537398774 4649301.137132875, 425462.14883115084 4649345.88573145, 425562.7841431234 4649466.876220871, 425638.28466571914 4649559.1616577525, 425656.30593540496 4649580.534168564)",needs_road_status_and_property_side_review
CHI:76,163946,W TWYP ORD,99,0,0,167.16024355226628,167.16024355226628,M3C_GLOBAL_b95abe6c7cfeedfb292a,167.16,"LINESTRING (424828.2198306879 4649437.419398285, 424773.019228447 4649504.138354139, 424721.3595924401 4649565.962275193)",needs_road_status_and_property_side_review
CHI:76,163962,W RWY14L ORD,99,0,0,739.5428979646886,739.5428979646886,M3C_GLOBAL_b95abe6c7cfeedfb292a,739.543,"LINESTRING (425191.3583179395 4649228.388092095, 425160.38398653263 4649266.378046056, 425116.35925757606 4649316.743042042, 425051.3794379351 4649397.631680598, 424973.60675317375 4649491.0582521595, 424926.41161054303 4649546.3432013765, 424879.25185464264 4649603.9005379565, 424832.7464148304 4649661.7724007135, 424760.04641238786 4649747.327224048, 424726.2832911153 4649789.414960736, 424719.2170588676 4649797.508412156)",needs_road_status_and_property_side_review
CHI:76,163956,W RWY32R ORD,99,0,0,734.6773320882631,734.6773320882631,M3C_GLOBAL_b95abe6c7cfeedfb292a,734.677,"LINESTRING (425200.06750795676 4649239.260687281, 425157.7089838049 4649290.4209120255, 425103.4145527591 4649355.906642212, 425040.92591737665 4649432.132579426, 424954.4426610394 4649537.032423142, 424903.28329305083 4649597.323908572, 424823.7432239315 4649693.754277193, 424744.1831434305 4649788.898616209, 424731.39804509585 4649805.016784407)",needs_road_status_and_property_side_review
CHI:76,143763,W TANKFARM RD,99,0,0,57.52342595861923,57.52342595861923,M3C_GLOBAL_b95abe6c7cfeedfb292a,57.523,"LINESTRING (422869.36161874584 4649473.825812901, 422858.107428253 4649488.143829102, 422850.4919450867 4649497.73377509, 422843.86288859026 4649506.089395821, 422838.208936425 4649513.070686407, 422833.5419064777 4649518.834526728)",needs_road_status_and_property_side_review
CHI:76,162890,W ZEMKE RD,4,0,0,119.772118181431,119.772118181431,M3C_GLOBAL_b95abe6c7cfeedfb292a,119.772,"LINESTRING (426627.5688251631 4649589.176550109, 426507.8114899517 4649591.05829311)",needs_road_status_and_property_side_review
CHI:76,163960,W TWYP ORD,99,0,0,202.41192201674187,202.41192201674187,M3C_GLOBAL_b95abe6c7cfeedfb292a,202.412,"LINESTRING (424721.3595924401 4649565.962275193, 424657.5263670824 4649642.355021512, 424593.77887342544 4649723.079808508)",needs_road_status_and_property_side_review
CHI:76,163804,W TWYGG ORD,99,0,0,328.457705806829,328.457705806829,M3C_GLOBAL_b95abe6c7cfeedfb292a,328.458,"LINESTRING (425427.21852470376 4649508.008206516, 425427.59894395777 4649544.736363014, 425427.3562778308 4649572.892504807, 425427.93161440233 4649624.420527136, 425428.23127549543 4649658.2440998275, 425428.77735519246 4649693.312527387, 425429.2113271863 4649735.761345224, 425429.129490249 4649774.245080735, 425429.1900460607 4649836.451771033)",needs_road_status_and_property_side_review
CHI:76,163951,N TWYN ORD,99,0,0,282.982055894281,282.982055894281,M3C_GLOBAL_b95abe6c7cfeedfb292a,282.982,"LINESTRING (425656.30593540496 4649580.534168564, 425690.38590796303 4649620.951643078, 425786.50396755175 4649734.958669359, 425819.73695718334 4649774.118017546, 425835.12042626104 4649799.447989506)",needs_road_status_and_property_side_review
CHI:76,163797,N RWY22R ORD,99,0,0,589.0384186736368,589.0384186736368,M3C_GLOBAL_b95abe6c7cfeedfb292a,589.038,"LINESTRING (425426.8190457991 4649486.478928786, 425450.1786720039 4649514.590329725, 425498.80876637914 4649572.354967269, 425549.5459033776 4649632.162022674, 425593.09646916535 4649683.57247032, 425643.00372617174 4649743.392418069, 425691.2091848213 4649800.541033524, 425746.6270756618 4649867.746003636, 425786.3623477673 4649914.027712252, 425805.8182651393 4649937.382490142)",needs_road_status_and_property_side_review
CHI:76,163801,N RWY22R ORD,99,0,0,570.4743313783628,570.4743313783628,M3C_GLOBAL_b95abe6c7cfeedfb292a,570.474,"LINESTRING (425427.21852470376 4649508.008206516, 425470.6227514893 4649559.504783143, 425533.9150815648 4649636.90417943, 425582.12700914545 4649692.807903652, 425631.15108451433 4649751.027226631, 425707.08739322406 4649842.9753363915, 425762.39117350406 4649905.753355647, 425794.04339078616 4649944.840941996)",needs_road_status_and_property_side_review
CHI:76,143758,N HAUL RD,99,0,0,76.9495844976696,151.23090574982882,M3C_GLOBAL_b95abe6c7cfeedfb292a,76.95,"LINESTRING (422609.5842360595 4649721.1150973, 422612.08385773783 4649719.878795954, 422633.8205036972 4649709.078535758, 422641.749720044 4649705.349969902, 422647.91376726155 4649702.553973685, 422659.83666976576 4649697.556442356, 422665.76299740316 4649695.34620453, 422680.2823140428 4649691.179519822)",needs_road_status_and_property_side_review
CHI:76,143757,W TANKFARM RD,99,0,0,93.17109812944992,93.17109812944992,M3C_GLOBAL_b95abe6c7cfeedfb292a,93.171,"LINESTRING (422613.39904575184 4649787.396392573, 422605.06418687926 4649797.8678741455, 422596.614529546 4649808.488660124, 422587.0949894228 4649820.463922792, 422574.8993426581 4649835.735499791, 422565.6985716812 4649848.415847974, 422556.4527239627 4649861.113446219)",needs_road_status_and_property_side_review
CHI:76,163958,W TWYU ORD,99,0,0,234.9504527068933,234.9504527068933,M3C_GLOBAL_b95abe6c7cfeedfb292a,234.95,"LINESTRING (424917.9494674172 4649947.540471339, 424882.06703711394 4649923.464275336, 424819.8128382532 4649874.5617216835, 424766.3474023034 4649830.364225739, 424739.3990212297 4649809.963512454, 424731.39804509585 4649805.016784407)",needs_road_status_and_property_side_review
CHI:76,163954,W TWYU ORD,99,0,0,531.5649505571419,531.5649505571419,M3C_GLOBAL_b95abe6c7cfeedfb292a,531.565,"LINESTRING (425429.1900460607 4649836.451771033, 425296.6707386082 4649871.994928229, 425092.8849450771 4649932.153015624, 424956.1929131972 4649963.829268352, 424917.9494674172 4649947.540471339)",needs_road_status_and_property_side_review
CHI:76,163961,W TWYP ORD,99,0,0,780.6508365924934,780.6508365924934,M3C_GLOBAL_b95abe6c7cfeedfb292a,780.651,"LINESTRING (424593.77887342544 4649723.079808508, 424578.9764745524 4649741.8243999565, 424489.25309508666 4649847.099764426, 424382.3435968755 4649973.919076566, 424286.4614612789 4650085.548190469, 424162.4243140698 4650237.665282516, 424092.06681865983 4650321.102517437)",needs_road_status_and_property_side_review
CHI:76,163963,W RWY14L ORD,99,0,0,805.5735335886395,805.5735335886395,M3C_GLOBAL_b95abe6c7cfeedfb292a,805.574,"LINESTRING (424719.2170588676 4649797.508412156, 424694.3819870148 4649825.95376079, 424614.07300068147 4649923.316446349, 424540.114962872 4650011.488582807, 424485.2552413353 4650075.010606119, 424411.3578789052 4650167.078304656, 424330.37944680796 4650263.152755372, 424281.3124229872 4650323.337601846, 424233.4984053287 4650380.580628275, 424203.2776906416 4650416.1103167385)",needs_road_status_and_property_side_review
CHI:76,163957,W RWY32R ORD,99,0,0,806.8955690087953,806.8955690087953,M3C_GLOBAL_b95abe6c7cfeedfb292a,806.896,"LINESTRING (424731.39804509585 4649805.016784407, 424711.38132482546 4649830.251852395, 424651.97770743934 4649898.068464279, 424573.71372007724 4649993.835892803, 424526.975491767 4650048.913149878, 424451.20352652797 4650139.496336343, 424367.23237639334 4650240.498263382, 424328.7183848633 4650286.764448759, 424297.77558595454 4650323.586501263, 424231.46888193075 4650402.444987466, 424213.97842355113 4650424.110834866)",needs_road_status_and_property_side_review
CHI:76,148357,N WOLF RD,99,0,0,82.73563638919035,82.73563638919035,M3C_GLOBAL_b95abe6c7cfeedfb292a,82.736,"LINESTRING (424730.79549088277 4650301.753332931, 424730.98071791936 4650311.8989430405, 424731.24474056833 4650326.504060564, 424731.57564008434 4650344.033639303, 424731.90663533 4650361.569311333, 424732.2660252359 4650380.536818521, 424732.2897735251 4650384.475169871)",needs_road_status_and_property_side_review
CHI:76,163852,N MT PROSPECT RD,99,0,0,595.5977222456303,595.5977222456303,M3C_GLOBAL_b95abe6c7cfeedfb292a,595.598,"LINESTRING (423415.99292830797 4650109.906732732, 423386.9410240059 4650136.656819422, 423332.8365391716 4650189.728856895, 423268.0267146462 4650249.27118954, 423241.3685274244 4650272.199057984, 423123.1892078731 4650316.3634128105, 423034.4530479787 4650342.959596756, 422936.7840570369 4650374.197456162, 422904.4224954927 4650389.519715168)",needs_road_status_and_property_side_review
CHI:76,163636,W TWYP1 ORD,99,0,0,152.79129305335002,152.79129305335002,M3C_GLOBAL_b95abe6c7cfeedfb292a,152.791,"LINESTRING (424203.2776906416 4650416.1103167385, 424184.7504287884 4650406.5954371635, 424142.2293478152 4650387.662481457, 424130.8435126627 4650383.14799608, 424104.8141645984 4650342.15510478, 424092.06681865983 4650321.102517437)",needs_road_status_and_property_side_review
CHI:76,163635,W RWY14L ORD,99,0,0,31.115705779689083,31.115705779689083,M3C_GLOBAL_b95abe6c7cfeedfb292a,31.116,"LINESTRING (424203.2776906416 4650416.1103167385, 424183.1177247006 4650439.811855073)",needs_road_status_and_property_side_review
CHI:76,163639,W RWY32R ORD,99,0,0,32.429623265435566,32.429623265435566,M3C_GLOBAL_b95abe6c7cfeedfb292a,32.43,"LINESTRING (424213.97842355113 4650424.110834866, 424193.6079475518 4650449.344228865)",needs_road_status_and_property_side_review
CHI:77,162286,N GREENVIEW AVE,4,0,0,79.86100861697281,79.86100861697281,M3C_GLOBAL_90906a6eccd85415c90f,79.861,"LINESTRING (444718.052493768 4648691.306200956, 444715.2852981401 4648771.119253308)",needs_road_status_and_property_side_review
