unit_id,connector_a,connector_b,along_road_m,straight_m,road_id,within_10m
CHI:24,0250448d-33da-4204-90d9-e07cf23b093a,15dd9100-1dab-4ecf-948e-69ceb2d4e4c7,10.128641800552746,10.128641800552746,1fe89069-22a1-463d-8074-fa6189c7c025,False
CHI:24,02f13467-3e36-44ac-88fb-6c4fee49c6eb,11690419-40d6-4204-a0b0-22afd243c33a,9.108715292017013,9.108715292017013,7cb3d494-e04e-49cf-82a0-f50535bfe0c7,True
CHI:24,071f5ea8-b9ca-4e5e-bb2e-a13cf7d405de,3b380239-9c99-4486-9606-370017a5ca3a,9.965316080185984,9.965316080185984,1ca298c6-1ad1-441c-a3ce-d6dc538960e1,True
CHI:24,08624858-bc4d-4ce4-993f-2068568fa6c9,92424391-42c8-4a0a-ad8f-f9c1c9e44d42,13.840873650507527,13.840873650507527,d1aa03bf-66cb-4714-bd1b-c630df40fa26,False
CHI:24,0da4309e-62ed-493c-87ee-285ac68aa12a,917f4580-45b9-48e3-9ddd-9e693b7179e9,11.639249685198209,11.63921782493604,b06a6138-3f6a-4f51-a093-584d1a7e229f,False
CHI:24,0e250a98-5157-43ee-93c1-d86b79cf96da,1555a29c-fcc0-4d3c-a2da-d0f976d85caf,7.151638179441339,7.151638179441339,950c908f-70eb-4c44-85f7-8b7f533de2bc,True
CHI:24,0e250a98-5157-43ee-93c1-d86b79cf96da,3be828dc-61de-4058-9feb-ab91691587e3,5.4879596850754115,5.4879596850754115,4ba69469-1f97-44fb-b7c2-1a738c5ad5a7,True
CHI:24,0fa32475-4a83-4e52-96e2-3be5abac297b,beb55c4f-5af2-41b5-8052-004a18ada1bc,6.904982799524958,6.904982799524958,c317e92a-7434-4c37-9b00-00ff0912654b,True
CHI:24,0fa32475-4a83-4e52-96e2-3be5abac297b,d59b92d3-acc0-4b76-bfcc-b226e93e973d,5.223574539634588,5.223574539634588,de1c1ea2-bb5a-43e7-9e3b-a78c81bc7cf8,True
CHI:24,14c772bb-93f7-4ed6-bea4-2b1b03a30e8f,9c7f3192-11ce-4873-a4fe-62f9b866392e,10.427097484605914,9.935348461986388,fca944f5-b2bc-4eaa-9dec-84ec3e3a50ba,True
CHI:24,1555a29c-fcc0-4d3c-a2da-d0f976d85caf,90d4ab1c-4a76-4e09-85ff-6aaf6a90e1df,5.476862801597894,5.476862801597894,7edbae1c-b355-4302-a04c-99c7fc3ca7a1,True
CHI:24,158e92ca-0152-4963-89e2-6fa28236a381,390af9b1-b79c-4fea-b7c2-bab8591db10e,10.415401020325131,10.415401020325131,66b02c3a-fa28-4329-9067-013c5734e192,False
CHI:24,16e7ad46-c42c-4dcc-981b-a1b077685880,3a1a3cce-3aa0-40ef-9f3a-be58ac881020,10.039408226486866,10.039408226486866,85ea8c4a-be7d-4cd1-8194-f530e1917456,False
CHI:24,1b027502-cc53-4159-b1de-9080778c8539,49fc210b-da4f-43f1-aaeb-6cd92b0e1d6d,17.15254843716491,17.15254843716491,819e08e2-add3-40a4-86fe-bc70f6a04c2d,False
CHI:24,1c625560-790e-4fa6-a432-fb662d8cec50,8db7a594-31ba-4e34-ab6d-fe64b8f52eb0,5.3759616358339315,5.3759616358339315,598b65f2-04ae-4f2f-bfbb-a24b93db1f69,True
CHI:24,1c625560-790e-4fa6-a432-fb662d8cec50,bd889fb3-294b-4b69-955e-eb32db7743bf,3.9322550875774605,3.9322550875774605,da00789d-aac4-4cf1-a0c1-1e8c50753095,True
CHI:24,1ce3bb26-bfe2-4f54-8c03-34ce8452fb80,802830cc-cdc8-4ddd-b8ab-06f44091cd3f,9.799518114192121,9.799518025656976,5c4075c2-b9f1-4a7e-910f-e8a599041547,True
CHI:24,1e98ef19-d482-4b11-9d43-3f69a45783ca,a663d082-dec3-4655-9a89-6882f59b132f,10.07912750007697,10.07912750007697,98f2b22b-cd10-4ec5-bda9-8a425416f849,False
CHI:24,20438e02-90eb-432a-8465-9c76b3193cb9,ee4f20e2-f8cd-4e18-8908-cb958cd188e4,6.106833706097167,6.106833706097167,d2e599f8-8bea-4fab-b882-5bd6398571d3,True
CHI:24,212cf955-2fb7-437b-981c-2d0029e71415,2354e503-eeac-49e7-b17a-5154b32b812c,10.006923512174986,10.006923512174986,a0478a4a-2331-492b-9b44-1553dc959cc3,False
CHI:24,22e3df7f-5666-47c4-b0d2-d836dc22273e,f76f9af0-96cb-4d37-bfc0-493074cfeecd,10.932592985311622,10.932592985311622,3358fed0-5141-454d-874c-5b3b141c2a5d,False
CHI:24,25c522d9-9f9d-46b1-a5c5-8e4bcb6533ce,323f3825-791c-4be4-ba01-91c103699c1a,9.880491926556886,9.880491926556886,69d1668a-cce8-449a-9ec8-a3bbf92f2eb5,True
CHI:24,25ea1d9e-3321-4580-a6f9-2b9e2471a14b,fed56bb4-58a9-4f1d-b2b9-824580b61fbf,11.865133186714152,11.86513318671415,d2ccd2ea-768f-4cb8-8253-1cfd60008079,False
CHI:24,26a5819d-e39a-46f9-83e7-c4c3d4b500df,9280eb36-fb6e-4750-887c-af4243c0650b,9.830902990028049,9.83074137075799,a6e64b4e-091f-4fdd-809c-72ebb9eee284,True
CHI:24,27afb88f-5ae1-433c-9d1f-9312bb114e44,dde7c92f-6f5a-43cf-b23d-f2f8948f39f4,9.00564179107469,9.00564179107469,2bc39cbd-f8dc-493b-8f57-e089ee36edc4,True
CHI:24,282c4aeb-bf5d-4329-b0b5-449a4fd81818,c5680833-62c1-4307-9e66-091469ab64bd,6.409823866248158,6.409823866248158,0c64b791-50df-44bb-b09b-e63e2c254eda,True
CHI:24,295d82a6-bdd1-4f63-bc6b-ee724df2a3a1,5090a97a-798b-4885-a875-653c6fe5b017,10.437353631215462,10.437353631215462,cfa9de58-c907-4d67-b1a2-debe830dfcdd,False
CHI:24,295d82a6-bdd1-4f63-bc6b-ee724df2a3a1,97562111-73f0-4b63-9021-34208c3d50f6,16.57043414174704,16.57043414174704,93494005-a1d7-43ab-ae14-5b93c724a7e5,False
CHI:24,29fff3cb-1f5f-46ac-b3b3-0953345c3238,b9245a9d-e958-4e10-8adc-7d9dfb6357de,7.210874143808543,7.210874143808543,56b51f1d-16c1-424c-90e4-b7b27d2cef88,True
CHI:24,29fff3cb-1f5f-46ac-b3b3-0953345c3238,b940de2e-c1ba-4a13-941f-c3ac87653a23,5.848913069258838,5.848913069258838,bbf9d283-e113-499e-bcc0-6a392ee689cb,True
CHI:24,2aaab280-f8da-4cc2-a54f-c40cc36fee0a,b79dbd2b-d236-47a5-ae8c-f82af87262c6,18.386156957843916,18.38612356061305,4fbf25c0-4370-4c79-b055-1307a4b17229,False
CHI:24,2b1d7044-ad1e-4d64-ad55-0d70f63b3bcf,b7ca796d-3c23-46e3-968b-5fc7792aba15,10.331251995332783,10.331251995332783,4442b205-0ad1-45f2-91ef-8f1aa4170eb7,False
CHI:24,2b2b55d8-15d5-4897-9c71-bfea4e9326b1,8d2f8e94-5a99-4b07-93ac-878fc281bb46,16.10577304761432,16.10574211464102,80c8e05c-7fe5-4924-acb2-ef1c0a67f962,False
CHI:24,2e01cec1-feba-4600-b5f2-a1d505aa51c6,aff416d0-dc4c-4ce9-a6b9-6602b3bb1c54,9.305518939860326,9.305518939860326,935940a2-9e9e-4bc9-9c3c-96d8aaa468b4,True
CHI:24,2f80d8ae-3d79-4765-94ab-bc3a98977799,7a25c380-78b5-4497-b62c-3c139f53197e,14.427099417973993,14.427099417973995,1d34de73-425f-4ebf-b1f2-f0be5be8ccf5,False
CHI:24,307b9d0f-40b8-4b5e-a9b9-e8b2d722d68c,5c62f613-847e-440c-aed0-41957a6240e3,9.998922197126655,9.998922197126655,c74990f5-66bd-4e84-9ba4-43ffdcfbb957,True
CHI:24,315333aa-9de7-4e69-9275-c9d8821d81b4,8db7a594-31ba-4e34-ab6d-fe64b8f52eb0,3.890826390159907,3.890826390159907,aaeef7ef-981f-42b5-a988-64ea17a9693f,True
CHI:24,315333aa-9de7-4e69-9275-c9d8821d81b4,bd889fb3-294b-4b69-955e-eb32db7743bf,5.3439855614204275,5.3439855614204275,fa27560a-a45d-474b-adf8-b0f74180f781,True
CHI:24,3166035f-b6d0-4b54-b02c-b3b060d241e7,bf73d41c-0ffc-41fa-b90e-7871ffc615c5,10.164367086991774,10.164367086991774,989b7a7e-b195-4c97-b30e-cf2570bb1b6b,False
CHI:24,331330e5-ebca-4dd0-b440-5307bab93029,6f6791b7-d59c-4e5d-8e22-f9184bac3cf2,9.307112127632974,9.307112127632974,120303db-b66d-4624-95cf-59ba5fa477af,True
CHI:24,33138a25-1703-46ce-aa47-ea78dfa4888d,c82eab5d-2edd-45a5-b289-3e6145133962,9.140065814761842,9.140065814761842,c74e0c58-0e7f-4625-b78c-04a94a2708aa,True
CHI:24,332790e0-b6f5-40cb-a35a-ca1083b9197a,53e3c75d-525d-44e1-922c-abc08a5b22dd,9.180621903882397,9.180621903882397,52de0a84-d959-49f6-8bbc-8ed1627b688f,True
CHI:24,33dc1052-2885-4bf1-a9df-b5f0a021f29e,9ae2caa8-b402-469e-801a-766066ebfd18,5.179641376818721,5.179641376818721,a6ac9568-2fda-4f6e-9671-5d513c81e2f8,True
CHI:24,35839366-741c-4362-a41c-865b6c164c54,96c4e5a3-a619-42f3-a63e-eaaccc8bbc49,5.352153340566779,5.352153340566779,774bff1d-322e-4307-b0c4-359d4ed44bac,True
CHI:24,35839366-741c-4362-a41c-865b6c164c54,d8354c46-1bf7-4af3-9be3-dfc2e36b455c,6.8208073871749395,6.820807387174939,4dab16ac-8c36-4f99-9512-cf833d5df134,True
CHI:24,3be828dc-61de-4058-9feb-ab91691587e3,90d4ab1c-4a76-4e09-85ff-6aaf6a90e1df,7.151830909745388,7.151830909745388,b8eb5eb3-0b06-4c58-9487-ff783cb1168c,True
CHI:24,3df421fa-72ae-4a9f-a74b-fc3dbe2ae3a4,f4914d4d-7695-4de9-b9d8-979fef478b57,9.824145803195124,9.824145803195124,0561dbea-42b8-42cc-ae7e-31314e69d252,True
CHI:24,3f5e4453-f07e-4ee0-9413-ce6ef1944d25,9cce2941-cee5-45b4-aa5a-f2cee0e93157,8.381344231960567,7.5310134650556915,05e195cd-402e-469e-80f7-351f73e32478,True
CHI:24,3f5e4453-f07e-4ee0-9413-ce6ef1944d25,b03c5c96-1c94-46af-8256-ac84de7f846b,8.97023208514656,7.935196386082372,7350bf22-dcfe-4e19-ab69-c99d6c666123,True
CHI:24,3fb9cd09-c570-4401-be9f-3e0b989788f6,e1fa8a14-99c3-40e5-b040-5efcbdfc920e,19.702025098099114,19.70202509809911,f75b0a69-63bc-4777-9055-c356c5bad4df,False
CHI:24,42ec6a32-7523-4f32-80d3-cf655b2c5ce2,8f78eef9-6223-4ef0-8668-3be60b59fffb,10.858952875707901,10.858952875707901,92249bac-3cc8-4954-9b23-8bcd597cff1b,False
CHI:24,470c0493-266a-414d-957e-f32c2337304f,ca93e913-0194-4b9c-8a23-00dee9c402d2,12.038394945415153,12.038394945415154,c39dc42b-ca4a-47be-a77b-9625e6f4d31a,False
CHI:24,485fbd48-45f9-4945-a695-6d69243edf9a,61acf4a7-d572-4039-9fd8-e6e2b26fcf82,14.074999706230049,14.074999706230049,c816930f-c647-4820-a1ff-f122f6e71707,False
CHI:24,4b927080-d4d3-43f9-ba9b-c4000c00b62d,8c766bc5-17b6-4faf-80ed-e05113bbdc0d,14.446557111725863,14.30962841274525,dd560d9b-f480-481b-9120-4dd00b88999c,False
CHI:24,4b927080-d4d3-43f9-ba9b-c4000c00b62d,c0b19ded-d671-4895-9c68-daa5eadd08b4,14.454340236006122,14.359876109015952,4eb36fc1-9c16-4e02-b374-8f62d7bbd6b0,False
CHI:24,4cd1ea43-37f4-4f28-8ba9-a4a0647dbc30,9c8e17fc-c058-4c92-8567-b055531e4cc1,13.828578714311126,13.828578714311126,98c0f960-b118-4d99-8319-c26af88d8d4d,False
CHI:24,4cd1ea43-37f4-4f28-8ba9-a4a0647dbc30,fecd61af-53ae-45d4-a0c1-a1da7f8f5b94,12.746709906306464,12.746709906306462,2240b802-bd3a-4b34-a122-bb5bd3fe3c7f,False
CHI:24,4de8caa3-49fa-4c47-9877-0e50b75d2337,e5b6195f-abb3-47cc-af24-ca0e01aec5ef,9.101620193754771,9.101620193754771,ed726d09-4e7d-434a-b8ad-a959d7c6f2f4,True
CHI:24,4f70bde7-7546-4a16-9599-cd074f4135fb,ac187592-60b7-47f3-ac49-ca824cb05512,9.965160022523717,9.965160022523715,75168452-4bae-4916-9dca-13644dd8ebfe,True
CHI:24,5090a97a-798b-4885-a875-653c6fe5b017,c976b682-5b98-4247-9654-136adab41125,16.545770225788015,16.545770225788015,44b60792-566a-4124-9493-130121a41b71,False
CHI:24,50e1b3b7-1423-4fcf-afd6-f0af2aea2977,605e6d48-d56b-4f9d-af32-40b850350b51,8.414129212107284,8.414129212107284,c090da9c-cd0d-430d-973f-6964e67ee3e5,True
CHI:24,50e1b3b7-1423-4fcf-afd6-f0af2aea2977,64fcc5eb-8a28-4206-bfd7-3c790be39137,6.2620599805794495,6.2620599805794495,a4463f8d-81ff-47f4-85f2-ede9814adf50,True
CHI:24,51cf8129-63c8-43bb-bca9-552d4399812e,d78d3b06-b819-4dbb-afeb-c65318a2e5b4,15.333721216960114,15.333721216960114,a08c6c7a-d1d7-4f34-88b7-db60f52fcfb2,False
CHI:24,54d054ab-2357-454e-bc3f-2107501254d4,edb431d6-5f52-46f5-a2c9-0d5da8b49d8e,10.595785461498735,9.915392034051342,99d7bdb9-cf28-43b8-9b1a-21b4fe65eecc,True
CHI:24,5b6d6787-51c4-43f0-b2de-4758ce668542,da141058-ef63-4710-9ab1-7cc4f86a9750,9.989444009073534,9.989443456398641,814fe08d-27b3-4161-981a-d1c74600fa6c,True
CHI:24,605e6d48-d56b-4f9d-af32-40b850350b51,64fcc5eb-8a28-4206-bfd7-3c790be39137,5.906836110241058,5.906836110241058,dbb3ca1f-6466-41d8-af0f-fdacfcf4be28,True
CHI:24,65a684e5-f3cc-4f8f-8f31-4c425f8c1626,67bbdfda-01b4-4c60-afa9-69ebd1052fa1,9.473090976517684,9.473090976517684,1dca9b21-9a94-41e9-ae89-730f3abc3eb0,True
CHI:24,67cc7927-5c7a-4f99-bfac-ded4d75301b3,dc153d75-79bc-48ce-9220-35c607b6bf7c,6.041203529555522,6.041203529555522,be172d19-66a9-4ae3-9a78-b8f4ff0b07d6,True
CHI:24,691ec84f-35ad-4aa3-92a9-1ad8b5c533fc,e6262951-f025-44d9-822d-820824776253,17.608817082899726,17.608817082899726,4fb6e62e-e3f5-420b-a54b-82c3a3c35114,False
CHI:24,69d0760b-519b-4f6a-81da-be20e738527b,786092c7-c7f7-4ec2-a196-3d90a263d209,13.210366629237255,13.210366629237255,c33a8cea-f6cc-4a60-88bb-cc0c41f1e29d,False
CHI:24,6e625376-9b79-4328-a393-82837e440ec8,f588d7d7-5ae9-4740-b356-0a1e44493284,9.516723217609371,9.516723217609371,b94d0b68-8870-42f6-8d32-480df388f9e8,True
CHI:24,74cd6cb0-27d5-4246-ba21-da71f4d9e10c,cc8be4b4-49ed-46e3-b649-ad9dc79d619b,12.36738632421385,12.36738632421385,e441e26a-4b2d-437f-a60c-1d735d244e51,False
CHI:24,77f7d8a7-1225-42c2-a558-426b03f9192b,a18b5440-22e5-432a-8921-ecb337c463f7,9.350987246571007,9.350987246571007,2a8adcb2-1e06-4eec-b02e-70fdc4ff39aa,True
CHI:24,7a4b6017-7d84-4164-a50e-6765e2c6aa50,c95a4664-9994-4578-9d17-b52267b0f82a,16.900773691623233,16.900773691623233,b1612878-4f25-403f-99e1-55acdb7c8ad5,False
CHI:24,7d7d4589-3f80-4633-ad6a-956385fd222b,84eea2a8-2b78-464c-80ce-549f65022056,10.967704013327586,10.967703347258832,f2736eeb-ffd2-4c73-b608-fa72e2f21389,False
CHI:24,83fcfa1f-4089-4166-bd55-43b192f1b7f1,ec5494a8-be81-43b6-99db-e8b7dac87233,10.039451133597433,10.039451133597435,029fb893-172b-493d-ac2c-2844b9e42eab,False
CHI:24,8493156c-3684-4526-9785-27fdaa4515cd,bef8bb6a-7825-4851-8649-09f11018a93d,9.42730690793695,9.42730690793695,079c4217-4718-42ab-b2f6-4cc2e97fea99,True
CHI:24,8a002390-a4f9-4b27-b8cf-383d416fcad0,9cce2941-cee5-45b4-aa5a-f2cee0e93157,7.779683865044169,7.065727882568212,9c5b7925-00ed-43bb-b798-2a508f3539c1,True
CHI:24,8a002390-a4f9-4b27-b8cf-383d416fcad0,b03c5c96-1c94-46af-8256-ac84de7f846b,7.482024776759002,6.845706508121135,57abdefd-ac77-447e-83d5-094eb6b5c4c1,True
CHI:24,91b1e30e-8f87-41f2-a2f4-dcb58708f23f,a0c5ec96-b1d2-4138-906e-a254f047f5e3,9.415713502849968,9.415713502849968,e2a2ba7c-08f4-4149-8860-ca216905aa8b,True
CHI:24,94d935e4-f3a6-4ca8-a339-79ced684dfb4,bb4fc810-faba-4f11-aa8e-02a85b91977d,9.837960517674803,9.837960517674803,cb39e66f-143e-413e-8dea-2ae61f5d8855,True
CHI:24,96c4e5a3-a619-42f3-a63e-eaaccc8bbc49,d8354c46-1bf7-4af3-9be3-dfc2e36b455c,5.220637987368543,5.220637987368543,16c24abd-4f3f-4c72-a9b3-203c2665b149,True
CHI:24,97562111-73f0-4b63-9021-34208c3d50f6,c976b682-5b98-4247-9654-136adab41125,10.313514292899109,10.313514292899109,2a9d2ba7-bddc-42be-87d9-6287b4313947,False
CHI:24,9a11d7be-923f-453c-9b85-2b298fb916b3,aa2ac0be-f705-4555-b21e-a7f0b95c42d5,9.28728917796731,9.28728917796731,ef26859b-c8fc-4ef8-b1b2-616b05be054a,True
CHI:24,9ae2caa8-b402-469e-801a-766066ebfd18,d97dd462-0f2f-49b4-985a-498e81bc90be,4.888753560098593,4.888753560098593,d3df4e34-ec3c-41e8-9b9e-6d2bc5ec3077,True
CHI:24,9c8e17fc-c058-4c92-8567-b055531e4cc1,fecd61af-53ae-45d4-a0c1-a1da7f8f5b94,19.006896148216384,19.006896148216384,39ed9774-a913-4d34-a7d6-528acf4fc5fa,False
CHI:24,b14cf45c-7c3b-4c1d-9d0e-3260c35f1ab4,fcd64150-3042-44e7-badc-eccc2c7e2ba1,17.995144145315567,16.41436215268739,1b473d4b-8d1f-46aa-9cf9-c2b231e2d82d,False
CHI:24,b6145381-dc31-408d-95a5-6f67da5a422a,f10636b0-b2d9-4443-8658-a673b0f88cdd,7.952685411997985,7.952685411997985,1d3ca012-1ee8-419f-9ad8-3f1eb0fc481e,True
CHI:24,b6eb2f2c-96a1-4480-8f27-6a7482a35f6d,e9cbaee9-4489-4fbb-95ca-9a3cc519aa50,8.738723464133031,8.738723464133031,0c2c2682-71a0-4a22-9321-2039f5415304,True
CHI:24,b9245a9d-e958-4e10-8adc-7d9dfb6357de,b940de2e-c1ba-4a13-941f-c3ac87653a23,6.1891149294230186,6.1891149294230186,7d5eb1dd-bbef-44bb-b8d3-0877a44e10ad,True
CHI:24,bbd109b0-c170-4976-9578-8ac32a6aeb62,e617eca8-8677-46b8-9eab-f26199c51191,10.00260703654153,10.00260703654153,4c1f1152-c5e3-483b-935e-94131c4d8711,False
CHI:24,beb55c4f-5af2-41b5-8052-004a18ada1bc,d59b92d3-acc0-4b76-bfcc-b226e93e973d,4.534870295250944,4.534870295250944,ef4b8253-da64-4098-8628-ef65449cf592,True
CHI:24,cc6370da-dc40-4686-a5cf-6a796429db68,dc0855c3-0be6-42d3-a59a-77465be5ab2d,18.964766558445156,18.964766558445156,d19f78b3-bb0a-42c3-b2a3-e731abefd4d5,False
CHI:24,ce8d0364-b8b3-485b-b793-d4526cde9435,dae0db9f-e7bc-4852-93cf-657cce2c3149,19.32663734670096,19.326637346700956,538a0b52-1f29-49b1-a5fc-460c461c7584,False
CHI:28,002dfbe1-c798-4f82-b4d0-b29361d02078,1e29d773-8870-4b09-934f-76ba81e015d8,13.498414078707999,13.498414078707999,f89cff0d-39e2-4b9b-a324-8d3a22f8b87f,False
CHI:28,002dfbe1-c798-4f82-b4d0-b29361d02078,64ee0d49-1bc0-4178-bc3d-b9d7ca5226fb,9.564933780970897,9.564933780970897,b7bb5b4d-59a6-4ef5-a848-cdecd9a828e4,True
CHI:28,004a4f8e-0bbc-4891-8382-5d983b042ce4,1c036b77-c39e-4554-aafd-7114b9418494,17.903062962428457,17.90306296242846,ef0d4693-3b59-4095-bc26-a0253726093c,False
CHI:28,004a4f8e-0bbc-4891-8382-5d983b042ce4,cb08fc02-bc87-47b7-9a3c-a47bbc54300e,16.89037688409294,16.89037688409294,8ab2b729-614c-4a9c-8f6a-aff748437526,False
CHI:28,015ddf43-fa68-4590-ad05-0b366b495b77,e9acb087-39fa-48c1-9346-c6616cef9396,12.00990182509887,12.009901825098868,da7ce383-7656-478c-a72e-d3793051e37f,False
CHI:28,024681bc-ffd9-4af6-8dab-769bd3a3c61f,a9e88b48-2c74-4b61-ac49-6e8f1b3ffda7,11.030679201282307,11.030679201282307,b9ee0161-a009-4224-b767-7b2746e09f05,False
CHI:28,0381da4c-4d70-4628-aa88-b86445df56de,fa1a9a05-717e-4331-8890-2341b286c78e,14.139464915513301,14.139464915513301,14744152-a03f-44a1-9902-d94ad270903d,False
CHI:28,03c0ebbb-7295-4c8b-9dc3-e6eca6a15b01,1d1919aa-51a0-4f48-8528-0851e8a6d83d,9.051477619400439,9.051477619400439,af6b8696-37b8-4dd1-a076-afdbe870655e,True
CHI:28,04327686-7ae6-4576-97d3-76625dcfbef1,f645d338-2c89-4c9d-a029-0ff0a44c73e4,10.361379934161599,10.361379934161597,ac88a1e8-df25-4ff7-a32c-270ad7400e07,False
CHI:28,0440e606-05d9-4401-9e3b-4be7cc2216f7,23cf2851-5133-44b4-89f6-246ecfdb3740,10.949109809975017,10.949109809975017,8005b3b8-0dd8-4751-8253-e1e68f07cb8e,False
CHI:28,05d0b6d6-567e-47d1-b438-78077218acf5,f4080933-d879-438e-b0c1-95020bde9c41,11.282279115550292,11.282279115550292,8c04bf60-eaed-4aa6-8be8-48fca0f31242,False
CHI:28,05d76284-5545-4dec-b908-320741f6ef4d,2b29d052-5d65-466d-8589-687bc8315645,18.283194684504736,18.283194684504736,97fa129b-5f22-4476-8bff-18c77a8b754a,False
CHI:28,07609aa6-b4e1-4390-9dae-cf9a9c47266d,5270c0c0-4b51-4ff8-9c95-9481391c071c,2.8982367179911726,2.8982367179911726,07b5de40-cb8b-4ebd-a6d7-ff4dd5625a5e,True
CHI:28,083f8cb4-cb99-486a-85af-602d70af7693,f530a56b-c289-466e-89e5-5947ef80b6c2,10.316804471651404,10.316804471651404,c4fa1e92-3587-46d8-9ec4-c4cd8545a682,False
CHI:28,09752293-420d-4b57-a152-6044bb49804a,2653e4c4-2022-4414-9747-90a272315d52,9.448736462568569,9.448736462568567,eec7479b-f571-4af6-b040-9d7c4c696e29,True
CHI:28,0a26be16-64ff-4fe4-8f24-c09d5e8f6a0d,aa4ec7be-b203-4524-9773-b574bb144492,9.944442129652911,9.94444212965291,4dec5101-bb97-4a35-9c5e-ea4670710c84,True
CHI:28,0ad1f20e-f734-4ce7-9329-2cc0d0d73e4a,26110305-da8d-4354-8be9-63bc7ae4127d,11.85018570698889,11.85018570698889,e8d7c6c3-0e0d-4a1a-b376-27d44e182f80,False
CHI:28,0b453bbd-d056-4d6d-98f3-788b3a9be24d,205aa699-07ff-4fd0-86df-f00d073df75c,14.357787735461708,14.357787735461706,ce21bb96-bc85-49a1-94b2-8151e7d617bd,False
CHI:28,0d005b71-a8f9-49e7-a33e-6782eb13bf21,b8098ee5-a35e-4b79-8f7c-2545b519cef0,10.94049824020866,10.94049824020866,b7f3d98a-3085-483d-9c99-bbb2c5df0271,False
CHI:28,0d89f1da-5952-4c43-8998-cbd3738bbbbd,aecbd505-2c2f-4e1b-bf3b-4d57808b3e17,6.414320195438903,6.414320195438903,69dc2377-3c3d-4365-9400-b473e97ede72,True
CHI:28,0d8c40d1-af2f-4aa6-b558-ec211af7926a,f2677921-c248-400b-89e0-f11f559386d4,10.085113470048965,10.085113470048965,fbcb1e1b-97e1-4e63-848f-c86c0f6e1183,False
CHI:28,0d8f5dce-0dec-40b1-9cb3-cf19f59daba3,30ebfc4b-5178-4aa8-8b06-8c103251a326,18.33157555178553,18.33157555178553,25050b73-7d22-4e04-8d51-3debdd33dc82,False
CHI:28,0e2c465e-cb1c-4c24-99a7-1f2e090461a6,90362a1b-196f-4a09-82ea-6b7d4cb74ed4,10.637320539211782,10.637320539211782,053da32e-642e-4f1f-9e80-a93e9d4eafa2,False
CHI:28,0ebd5acf-5b92-4efe-aa8d-377e9a5fcf49,1c8f6a50-ab3a-47f3-9cdd-6478aef0ed48,10.260705395198281,10.260705395198281,d6501490-f3d6-44df-ab59-ea6669d30f4c,False
CHI:28,12c95662-b4b6-48a6-8e68-ed137e4dbb46,e3164625-ddb2-4811-aad8-27134a6dd7c7,19.685775935623802,19.685775935623806,09c849d9-6e19-4829-a75e-9cf11f9aa41d,False
CHI:28,1399b305-1c75-4a06-a945-2aa3f1ac8ea9,5c5f40ef-9c14-4a48-b538-df60fe297d26,12.94796390277543,12.94796390277543,f0caf680-253f-4bb6-8c67-e089b655b738,False
CHI:28,1672aec5-494a-4c42-8894-f34866901ce3,c555e7a3-1e54-4670-b6da-d3549ccefc14,13.669270995698652,13.669270995698652,702011de-bcb7-423e-bc4c-59b6762c498d,False
CHI:28,16d1d6c7-b61e-40ce-bd07-e41de78094d2,72c76d37-5e10-4ff5-9901-2f3f36af8bcf,11.379573597595966,11.379573597595968,62357a60-9467-42a3-aaa6-01ba5c45342f,False
CHI:28,1710e1a3-4d6b-4090-b157-34ad2bf9a0d5,2b9c1b30-f2d8-4f11-993a-04db3797254f,7.836954798780752,7.836954798780752,20cd1103-acf4-4134-97c5-9199ba79c55d,True
CHI:28,186802e5-020a-4d09-b373-4dc97c258008,6185e821-6e16-49bb-b8d1-321985c67858,11.428517576409538,11.428517576409538,20fc6197-6b45-4eb8-bbb8-2722138e09ba,False
CHI:28,186802e5-020a-4d09-b373-4dc97c258008,ebf968d4-25d3-4604-bf16-d084787f8a8f,13.137883813133222,13.137883813133222,84f865f8-5f23-4487-ba24-bd9335722bfe,False
CHI:28,19f2b3e3-fcf8-4bf3-96cc-c80d3bd224a7,6c53c280-1492-4198-a5b2-a2ed2e7f9837,11.220769606414683,11.220769606414683,5f582dd9-9da1-40a1-9d5c-bb3648f32144,False
CHI:28,1a4d9519-3de7-463d-a75e-da8a4e9c6c6d,95ac6ea4-6dab-4e8a-80c1-e3dbf7f08ca7,9.560520644545964,9.560520644545962,f6c844ae-310e-44b7-ae6d-bf42c07a2099,True
CHI:28,1acb7d53-40ea-44a7-b474-e4ddad6537b4,8d6d5f88-a8e5-4f17-b81b-a0a5ca02d72f,13.712316161472318,13.712316161472318,ee94084e-1861-43df-946c-e6eec22b638a,False
CHI:28,1acb7d53-40ea-44a7-b474-e4ddad6537b4,f1c90e16-066f-4945-93f7-304faa8d4081,12.251824372254497,12.251824372254495,eed76d75-616c-4f9e-9158-974f4d172726,False
CHI:28,1b4a2679-160e-44ca-9b4a-253b868eaf83,9b049ab9-69ec-4f2f-9eca-7da04134f81e,10.203478538212657,10.203478538212659,541f6af5-0acf-4030-bd97-4670f9f581db,False
CHI:28,1c036b77-c39e-4554-aafd-7114b9418494,e1cdfae9-b5f5-4804-ad07-0e4d0dad0e14,8.20524235488179,8.20524235488179,15095363-ce3a-43f6-b564-a563b33c432a,True
CHI:28,1c8f6a50-ab3a-47f3-9cdd-6478aef0ed48,2dbbc714-10cb-4ca3-a032-3a50fca8aefc,9.891873697898983,9.891873697898985,c01f29c3-e37d-47e2-a53d-21731ebafd47,True
CHI:28,1ceaefdc-5a2f-497b-99b5-1e314b5304b1,206f8b44-56aa-4672-83b0-643d8b55b00a,18.260162408825533,18.260162408825533,6c6ec8ba-44a1-49d9-97c9-ee1765d3f52e,False
CHI:28,1ceaefdc-5a2f-497b-99b5-1e314b5304b1,6814a082-6378-4a71-8c4b-03e79d24fa72,18.19002211928373,18.19002211928373,2b9cd600-c16e-4b1d-bc9e-c67140b606b4,False
CHI:28,1e09e4dd-c80d-44e9-86e1-73b5a08edd8b,b6a8c6ba-5f1e-4983-9fc4-6a54354af5a5,5.508191257478802,5.508191257478802,dec03e73-4308-4546-a9cc-6c067cab5165,True
CHI:28,1e29d773-8870-4b09-934f-76ba81e015d8,8d2ceb67-b0ec-4101-80a2-3dbef394e3eb,8.773074402351057,8.773074402351057,e27942c3-7be7-4b43-94ca-3a26f908de57,True
CHI:28,1f59847d-3881-4453-9a83-0fe3fda3574e,d5e43c74-2d0e-4d7f-8183-ad0df7a442a1,13.703752686067416,13.703752686067416,f1984855-1adf-4a4c-afa6-e21790aaf64f,False
CHI:28,1f6f0aaa-242a-42ae-9605-207136efba9a,b9b9de70-f1f0-408c-9407-2c7bf7ac56c1,15.93327732420509,15.93327732420509,9ccceeaa-4add-4bc6-a16e-5874961556df,False
CHI:28,206f8b44-56aa-4672-83b0-643d8b55b00a,4f7b1fe8-a3fd-4c7a-9a2d-98543ff9a61b,18.246703064419908,18.246703064419908,3a3a5db1-7e7e-4858-8b40-367a2b5e84f9,False
CHI:28,2279d21e-7c61-4e65-814c-8461ed00f11b,8742f1e3-974c-4da1-902c-6fdec300bebd,15.461315070653006,15.461315070653004,fa705375-809e-419f-9ea8-bc75ae53c308,False
CHI:28,23bd57a3-16c2-4d3b-ad96-6cfa47837275,6d9581d2-25bd-4eef-9dd6-e05149b4a73a,10.905688687073201,10.905688687073201,0bc846ec-1699-4607-a607-2f7d8b53592d,False
CHI:28,23bd57a3-16c2-4d3b-ad96-6cfa47837275,b1e78a02-d723-445c-b284-9014aa70e334,9.639353062364409,9.639353062364409,39e90023-96ec-4ae5-a425-591f18b1c3a2,True
CHI:28,240733be-307d-4a16-bd5c-1450b7811346,bbbe3d3f-eac4-49dd-a080-49fd7b7490c1,10.12530943204786,10.12530943204786,31c354bb-a9a9-41f6-9a55-8db86ee21cf4,False
CHI:28,242f1131-ee07-4c07-82dd-2438bf45b623,be4b859b-2910-4766-894b-b42205da7de9,10.326599418126392,10.326599418126392,0f90e196-4df6-4c8b-890e-75f3f19a6593,False
CHI:28,2461f355-e8d4-4e5d-93c5-4ccd9c321bc8,66af07f0-d2e8-482e-8ae5-99fcb201cfea,15.239136719582268,15.239136719582268,ee80549c-0810-40e3-ba57-429eb394f90b,False
CHI:28,24b97138-ce1d-4002-bed2-b89fac28ba77,abca7780-406b-4cfe-a7b5-1aee2e76d45b,19.972246789053173,19.972056534615735,8083df1e-254f-4bb3-a9ae-0679725f9cbf,False
CHI:28,25f24b7b-867e-43ef-8181-0816dd1fbc31,f356e877-a0f0-4c8f-92f6-d15987423dcb,18.7997349112277,18.7997349112277,0871462f-3044-4a4c-8de3-39d118706271,False
CHI:28,2653e4c4-2022-4414-9747-90a272315d52,a62f66c1-7d25-4091-a751-775f68dcf818,9.90894651426778,9.908946514267782,68c2f9ab-d3f1-4351-b7f3-0e850eb77664,True
CHI:28,2691c4a8-1bb4-4196-98e2-71bd9233f9e7,f296b7b5-a7c7-42e7-8c3f-47e0e62a68ab,9.894224894778834,9.894224894778832,5cd9091a-d6db-484e-bfa2-b0c21dbc1bea,True
CHI:28,2691c4a8-1bb4-4196-98e2-71bd9233f9e7,f939eca4-5373-4689-86c4-90fcffb83972,11.014771391949989,11.014771391949989,b3eede14-1271-4751-9ebc-34edb0ac1c83,False
CHI:28,27053b5c-50b9-4b6a-8358-3c6ad764e37d,6f6b3721-c8c2-4890-9d6e-20f3216c2979,18.42287003039221,18.35839488856022,a4b6171c-7c0f-4f5a-88c7-f8f49879b58a,False
CHI:28,28b6c2a5-a210-4447-ba7e-4dd301726d83,8bb05545-67b2-4042-b8c0-22cdfbbac00e,6.922850776215864,6.922850776215864,6859b8b0-090a-4e24-93ec-7b3eede324e5,True
CHI:28,2994dad4-15f2-4a84-accc-ea808aaff867,72f874f6-7073-4771-ae58-3ec27e88d3e7,18.290553297381187,18.290553297381187,8d8690a9-cd7e-47a3-a85d-8de8e834612e,False
CHI:28,2a7ba083-c350-4503-b454-6ad05de63b3b,9bc703cd-b272-4550-aedc-8e4ba31345d3,11.393530481993952,11.393530481993952,12586be9-1071-4a83-8d3b-2dbb4c78e887,False
CHI:28,2abcf8c0-c5ae-4ff1-8f7d-cb20a015d7df,8d6d5f88-a8e5-4f17-b81b-a0a5ca02d72f,12.475345753666117,12.475345753666117,62d0ab1b-fed4-4845-9e87-d8631513c69f,False
CHI:28,2abcf8c0-c5ae-4ff1-8f7d-cb20a015d7df,f1c90e16-066f-4945-93f7-304faa8d4081,13.74799248931407,13.747992489314068,f760800c-4f90-47f8-b749-72e91746b110,False
CHI:28,2e0fd01c-3d3c-4c44-9e4f-0f7da9e10d16,ad37c6ba-932d-4abc-9ca0-ff73d34e6284,11.97514266940234,11.97514266940234,b53272e7-8d03-4eb5-a0e5-896b32e04578,False
CHI:28,2fad5ff4-1cfa-4d1e-9755-a9e2edd02e88,32facbd1-4ce8-4fe8-9f88-943c5fc0ef31,11.981556697131436,11.981556697131436,0eee50b8-9a6d-4a8d-b15a-d7765feb3f95,False
CHI:28,2fad5ff4-1cfa-4d1e-9755-a9e2edd02e88,dc3fc4fd-689a-44fc-9ad3-0c23023e97db,12.787143744942162,12.787143744942162,6c393b17-efc9-468e-863e-14f3158d333d,False
CHI:28,30564062-03ff-437b-975c-214e15015e9b,823e53cf-cf4f-4db5-b9c4-f682f052f44c,12.75604845193487,12.756048451934868,89d5aaa5-3aa4-41fe-86c8-6e398e644422,False
CHI:28,30915f82-b2da-46e8-93d8-57aa769c9e0c,32facbd1-4ce8-4fe8-9f88-943c5fc0ef31,12.753618464498135,12.753618464498135,97187e42-86ea-4c14-9a69-c00d1cff0e38,False
CHI:28,30915f82-b2da-46e8-93d8-57aa769c9e0c,dc3fc4fd-689a-44fc-9ad3-0c23023e97db,12.225558689696836,12.225558689696836,f8e5cab1-533b-49b7-bf8c-406596113673,False
CHI:28,309b218d-3669-441c-a203-59b008dffdcf,f25e8675-47e5-43ab-891a-2a941ff6f102,15.855690484524022,15.855690484524022,4185e30e-b4b3-47e2-bb57-7c1206aae4c2,False
CHI:28,30eef1fd-910e-4c71-919c-a947f40858ce,c1288baa-ebf3-4184-b40c-8e6cbd35fe71,18.705441550810075,18.705441550810075,4366a450-ab9b-41f5-9847-8053fb23502b,False
CHI:28,3105d9dc-d3ae-4c22-bf32-b6efcd2e48f4,31eda2b5-6899-4ea2-8e71-1a78ea828464,6.839974699530803,6.839974699530804,d2ab5196-406f-4e94-8b92-e8bb04ffadb7,True
CHI:28,3105d9dc-d3ae-4c22-bf32-b6efcd2e48f4,e92ed3b7-926f-449d-8fc4-c6d7cc0be668,8.849348646345856,8.849348646345856,fde01233-c1bd-44a5-a613-e238f55f5b08,True
CHI:28,31cd7d3d-5c28-440f-a702-97fbadb66ad1,b6437bc5-5b99-419f-be32-8f997b751bf6,16.475934967611316,16.475934967611316,6956943b-94b6-4ccd-9a6d-786d3b0aa51f,False
CHI:28,31cdc11c-ebc9-489d-bd0d-7a2324d0d426,a0ba2548-1695-43b1-a79a-6f14fc3672da,19.584212065635906,19.584212065635906,049a0993-0c34-499a-9f18-6e8be663dcd2,False
CHI:28,31eda2b5-6899-4ea2-8e71-1a78ea828464,ecab7d8d-3d44-4a70-b577-f7799079a720,9.304376511974906,9.304376511974906,2a0f2058-378b-44bb-ae5e-ea2741e29682,True
CHI:28,326cf9fd-625c-49ef-99b6-0325adda9558,d5bd0edd-d519-41ba-824b-4df1c45fb1b7,11.187503532744703,11.187503532744703,31f80f0f-24de-4a88-9b73-897c1b26dc20,False
CHI:28,34174cc2-e29f-4214-9acd-efe0b9938ab7,e77fa08e-436e-4c66-8132-a48a35481192,8.02465713988578,8.02465713988578,94f932b9-b7d7-4d5e-b4d6-7e3d2a5c627c,True
CHI:28,353fe83f-65f9-42fd-be23-bb39b077a847,4ee64afa-8e76-44ec-9989-717b90979ac0,10.066132308375217,10.066132308375217,57972ce7-2ff8-474f-b760-9003aae29084,False
CHI:28,3ad1a290-4ad8-4a7b-9b8a-344e5331ceab,d21ab767-0222-44f2-9539-29ca62d1deb1,18.32457210175979,18.32457210175979,63a3419d-6917-4352-ab5d-5b439d794a9b,False
CHI:28,3d42fc63-6398-4c4d-8399-977e9303f479,58f2a933-368d-466d-854d-43e6ca4dab52,8.229556728921883,8.229556728921883,a40bc2bd-4432-4317-9788-f5cfb880f69b,True
CHI:28,3d42fc63-6398-4c4d-8399-977e9303f479,cb08fc02-bc87-47b7-9a3c-a47bbc54300e,19.139783071142315,19.139783071142315,ddcc8f89-fb2b-4379-bc0c-c42fb59446ab,False
CHI:28,3d6adb77-0859-45c6-ae8c-c8f1e4b56b26,fbe0100a-a91a-451c-808e-1f2f3415e0c5,13.567590409652958,13.567590409638154,9923701c-5168-4446-9370-4be13103fb2d,False
CHI:28,3f267303-895c-4223-9ebb-8c5eadccf2d4,692d35b6-1069-442e-a318-36a9df5b7746,8.724016138444583,8.724016138444583,9b7083aa-266c-4e41-9746-9b5984916a72,True
CHI:28,41e9968f-5f0f-4139-a4fc-8ba6de4ccc79,70739465-117f-437c-8c40-36f39ec2ad2c,9.931963916295485,9.931963916295485,1ac97bba-f04e-49c5-b4ec-fb9ef13739d1,True
CHI:28,443abe03-b3c5-4a98-b60f-0c181f684b60,53929715-d75d-471e-b9c2-028b5d99a9b3,10.342277413815317,10.342277413815317,a6751729-1366-413f-80fa-29d7c4e63048,False
CHI:28,446daf32-c38e-42a5-85a2-42c8aa741e9e,66b987f6-dabe-4882-aced-1abe15a3f57e,14.555916172967898,14.5559161729679,35e7ee95-ac9d-4c7a-8b47-81e67853a5d7,False
CHI:28,4759c09b-e64b-4b79-ac24-271db7847b25,8b1d31b1-476b-4d35-8ae4-17737d74d0ba,10.621336043705387,10.621336043705387,bb4b4b90-3070-4296-b251-68a6114dd043,False
CHI:28,4759c09b-e64b-4b79-ac24-271db7847b25,cdad343d-1676-4dce-bd0c-706818444162,6.59965985809457,6.59965985809457,9bd38500-9bab-430b-82a1-891a86ddb197,True
CHI:28,47611fba-994b-4953-b8c7-8f9131ebc1fd,5b08337f-62a0-40d2-accb-fb01f507afb9,10.498008577927472,10.498008577927472,e0d1ea5a-2582-48a5-a1f0-d0f041cd1c3b,False
CHI:28,4d4a152b-c95b-499a-a03a-11593200d958,c15401b6-7df1-4d71-b16b-9ec1cfa39625,13.728112523778208,13.728112523778208,e5978599-6505-4b32-a18a-d7cec9b890aa,False
CHI:28,4ee66c99-b9f5-4eb1-bc58-1f4362a2280e,ceee8afc-4f3e-462b-a371-7ca339290a40,15.979250230358295,15.979250230358295,7bc08e60-592a-4fe9-aad0-0824275d8ec9,False
CHI:28,4f7b1fe8-a3fd-4c7a-9a2d-98543ff9a61b,6814a082-6378-4a71-8c4b-03e79d24fa72,18.203170453279327,18.203170453279323,009f1184-ad07-4346-bce0-33e1ef865825,False
CHI:28,50322f06-100d-4458-9e86-b92ef453dd89,dd2909b1-5a1a-43bd-b949-908798e12321,10.861811282824624,10.861811282824624,16c83491-78e2-4316-bede-f18d5fbba0ea,False
CHI:28,50322f06-100d-4458-9e86-b92ef453dd89,e8b6b242-cbb8-4c0a-86a3-e9f9b8dd20c3,12.732451252716263,12.732451252716263,49aae542-9b4e-45d9-a50e-d4e9ad9c132a,False
CHI:28,5168b91b-3517-4c11-9ac1-1d1cc5cc828e,ccd8e5e2-7dbd-441c-be5a-2b3b95c61d25,14.398788637753835,14.398788637753837,caa68351-b660-492b-a898-5534bfb21d53,False
CHI:28,53929715-d75d-471e-b9c2-028b5d99a9b3,8b0222c7-8bb3-4b72-80ee-159c91a5163a,9.72718866406142,9.72718866406142,5edf398f-feff-436e-9bd8-ab513fcaf5b1,True
CHI:28,54360afa-0af0-4291-816d-e21899f7b18e,5acdf70a-0d04-4e93-8568-08df82a66b7b,8.894345958155988,8.894345958155988,1c0112c7-b946-491e-839b-9f2f775e73b9,True
CHI:28,555e6e4f-63d3-4bd2-b86e-ad63d2a04ea9,d7389553-a8e0-4a87-92ee-f2e2bc201462,10.251820971546369,10.251820971546369,5c946793-b144-41d9-a9ff-8ed2a87bbc51,False
CHI:28,557109a3-99f3-421e-9eb4-36658709b00b,55f9a50f-6504-437d-8a6f-f03d2e417088,10.772935180568487,10.772935180568487,979642e1-609e-4ab8-bc75-1a2798030c7a,False
CHI:28,557109a3-99f3-421e-9eb4-36658709b00b,fa4b155e-bd34-4c73-9067-fe017ebbe9c3,19.176972614245212,19.176972614245212,0a607fa3-78fd-40fa-9cc4-5888ac59e197,False
CHI:28,55f9a50f-6504-437d-8a6f-f03d2e417088,56ad6c33-4db2-42c0-9494-12c16c13badf,19.23369059451645,19.233690594516446,61d4cb9c-44e1-4a48-bfbb-9b3f3df14d22,False
CHI:28,56ad6c33-4db2-42c0-9494-12c16c13badf,fa4b155e-bd34-4c73-9067-fe017ebbe9c3,10.699175805622264,10.699175805622264,31590d42-9975-4c06-94ba-5cce8c2dc026,False
CHI:28,579351d2-78d1-42b6-9aac-4c6e7341602b,f383ebde-5154-4275-8dd8-f9d39bfc299f,7.838905403463105,7.838905403463105,05828904-8aca-489f-9dd8-b77a90a1f63d,True
CHI:28,5802431a-6d7a-4ae2-963d-78a16913655f,f8a26a94-df1b-4e89-a934-2c8d1b19c2f1,9.982735328485314,9.982735328485314,db9937b3-3b74-47ec-a20b-b1c63121c6cf,True
CHI:28,58202608-b47b-4e6e-aed5-9a92babbb7e8,908a1e3e-6ef8-4159-af33-4146c41f6b39,12.538922814522795,12.538922814522795,4ed7747c-c9fb-424f-8794-6fe01567036b,False
CHI:28,5842d3e8-a637-4351-aabd-f4840aaf3904,e1a92229-574a-4edc-888a-3c3ebc7ccd2c,10.493556873803692,10.493556873803692,c0fc4ebd-14bd-4661-b634-406a3259c9df,False
CHI:28,58f2a933-368d-466d-854d-43e6ca4dab52,e4072ee4-9f90-4283-8cbb-4901ac182e5d,19.19770573626445,19.19770573626445,514a9e4a-8c97-4a90-83d4-8a8b8523908c,False
CHI:28,5944ae31-04cb-4274-84fb-9812f18ef271,c64e3add-1f93-4099-821e-851412252a40,14.058148573617927,14.058148573617927,028898e1-8cda-446c-bfae-3e69b3a05a15,False
CHI:28,5944ae31-04cb-4274-84fb-9812f18ef271,eb3d2761-feb8-4673-9a69-13d6a0551966,8.196271670046283,8.196271670046283,b8f23e57-90fb-4e25-a485-3bf072f3f788,True
CHI:28,594e1d24-3fee-4116-b8e5-ee91de846474,6ad2a612-ab6a-4f3b-a8c3-aaba28bb85e5,16.803858902198225,16.803858902198225,829bd40f-8923-4eb5-af6f-ac2db158da4f,False
CHI:28,5ad75d64-e507-43b3-9ce0-026078176e85,ffb21313-bc7b-4278-83a1-1fe801de4947,18.99869363439274,18.998693634392737,07c827be-0316-4b66-a8af-834aca51c0b5,False
CHI:28,5b44d2cd-a838-4c61-a300-6e5601d0fcbb,fa03e981-7ad2-4850-8a0c-80b5c40bd798,10.739591041528584,10.739591041528584,2178cec1-ce0c-48cc-b7fb-620529753c0d,False
CHI:28,5c333141-8350-4c90-a63d-63000a27a5f2,e32ace22-c26e-437e-940d-11e005d7315a,18.09099444782268,18.09099444782268,6893b526-7904-48a9-bb41-b17ff9212b72,False
CHI:28,5d981636-c907-4fbd-b729-455ea1e5656d,d6b55721-1a5b-454f-9113-f367b2b9de9b,14.24689397743646,14.24689397743646,44c6a7f1-b88a-40a5-af89-c7adc4f197a0,False
CHI:28,5dda042b-e4f9-4f18-b17e-126f3e16bca7,c5839b87-7b71-4bbb-aa0a-5b8a9f83c595,6.792124755954068,6.792124755954068,f1b894e9-2254-48bc-bb9e-1497f23fbcb3,True
CHI:28,5f8737b0-b8a1-4cbc-a98c-875ddfe7cf86,9c425972-23bc-4991-af1f-4f1343614ae2,18.446509005209954,18.446509005209954,fe3f4e75-4893-474c-9fc6-85935f75ef65,False
CHI:28,6185e821-6e16-49bb-b8d1-321985c67858,68887045-d916-4617-95d9-c0afb4fb0e5a,13.11323263331038,13.11323263331038,96d564d2-b63f-446e-b4e0-afb725bc962b,False
CHI:28,61f8a5f8-e883-43e6-9c6d-509ea9f1116b,ba44170a-daf4-4a1c-a8e0-4ed484532603,19.401575740019336,19.401575740019336,4b5c32dc-2391-4c59-b290-92dd68ffc834,False
CHI:28,64977d93-1206-4da1-a7f7-67a0a100184e,76178195-1bd6-498e-94a5-773ca24f744f,10.501212244542955,10.501212244542955,0279ae59-d84e-45cd-a88a-609d9eb450fb,False
CHI:28,64ee0d49-1bc0-4178-bc3d-b9d7ca5226fb,8d2ceb67-b0ec-4101-80a2-3dbef394e3eb,13.657339391931433,13.657339391931433,34207930-049f-4187-99fe-2f0feaad4167,False
CHI:28,68887045-d916-4617-95d9-c0afb4fb0e5a,ebf968d4-25d3-4604-bf16-d084787f8a8f,11.383528855420078,11.383528855420078,0ccf18b6-a0f8-4b7f-aad9-c60d11e19d75,False
CHI:28,69345ea3-5ce7-4d2a-80c1-8622e9d9bc76,7c91b562-bb2c-4070-8741-3e8e670ce650,10.031706684398172,10.031706684398172,5c499e83-f7c7-4880-a33c-86596eee554d,False
CHI:28,6984847d-8e0a-46cf-b97f-044207aa5290,960f0dba-d45a-406f-a70c-fcda03d9055a,10.409098995573208,10.409098995573208,b23896c0-52fa-426a-9a8f-635d6a264afa,False
CHI:28,6ad2a612-ab6a-4f3b-a8c3-aaba28bb85e5,bad32f61-41dd-4cd5-ae42-be504c35969f,19.056814866922686,19.056814866922686,7aa9de5e-8920-4d5f-9cf2-4d41255f280f,False
CHI:28,6c0151f8-2df2-45d9-beb6-e92caf879797,dd2909b1-5a1a-43bd-b949-908798e12321,12.8546073156207,12.8546073156207,9bcbae91-4275-494e-b6ec-05e6932f0816,False
CHI:28,6c0151f8-2df2-45d9-beb6-e92caf879797,e8b6b242-cbb8-4c0a-86a3-e9f9b8dd20c3,11.10959121836934,11.10959121836934,ccdcfe8b-b0d0-4099-94ed-7e67df60f1f0,False
CHI:28,6cd4d049-579f-4475-b0e8-28d67e3cb1f5,70739465-117f-437c-8c40-36f39ec2ad2c,9.716457400032423,9.716457400032423,0a0fe2dd-99b8-43a3-affa-4cb96ed939ed,True
CHI:28,6f6b3721-c8c2-4890-9d6e-20f3216c2979,864a6aaa-8569-4420-b49e-516e7220ac7a,17.35880952609676,17.358809526096763,996fae17-6839-4056-8e8c-832b0f7df411,False
CHI:28,6f9fb71d-11d7-40cf-a5a9-85f0ebf4c4cf,c8d455c1-d704-4181-b61d-cace24d9d47f,10.694267544371348,10.694267544371348,1d4ea1d3-6601-4028-a0b4-82b4f3a4317d,False
CHI:28,71616af3-a895-4eda-a1c2-30753feee180,88db1f0e-7dbb-4b5a-bc13-e6209834c680,9.462078371822198,9.462078371822198,d11fb7b3-bdeb-46ad-b32f-0c7587064276,True
CHI:28,74764218-d3f3-44ee-8e4a-5fdb46acbb57,be74fc14-fd73-4dc5-9bbd-aca20708f8f7,10.224924044479296,10.224924044479296,92058317-94bf-42ba-ad64-3780e588aa78,False
CHI:28,7a082638-9802-4c68-ba96-11ad418b5bcc,ac5c550c-9d87-4045-ab4f-8ef31c06ab1b,9.326553716231093,9.326553716231093,0d810fa3-0745-4dcb-8197-f9de3392d832,True
CHI:28,7a082638-9802-4c68-ba96-11ad418b5bcc,cc2e092b-7819-48e0-8d80-a6a24dcc435e,11.269333715440334,11.269333715440334,41bc5472-dfcf-4e93-9158-419318e8309a,False
CHI:28,7b4188a5-c553-45b1-b4a0-626b1dbf72a5,e5badef0-e9f2-462c-8313-c60681482eca,9.92522214463671,9.92522214463671,20db573c-1be7-4077-80a7-81dba6b7ae3f,True
CHI:28,7e710bf8-3616-4685-a67d-5ebd4fb9fdfa,8273173b-2aa9-4975-89af-d107c59b705c,10.063003245675654,10.063003245675654,addabb06-0c9e-4801-a751-4a225764a8f6,False
CHI:28,7eb82fd7-4888-4823-8115-42854a818684,b4d79c9e-8b67-4edb-ba68-5f1b97d4ca68,11.370825881763091,11.370825881763091,fe5ff4e5-a751-4f8b-b6d3-828309a29248,False
CHI:28,8085eb6d-645a-4c58-9954-c2b93141a0f0,9c35c22a-e39b-4d9e-8677-066023e272c1,14.079959151336562,14.079959151336562,c1c9d4cf-8ed6-4648-874f-78ccaa3a0019,False
CHI:28,887e16e1-0544-4194-b5ff-3f2c7b6a4f43,b11cfb8d-3739-40a9-a0dc-42257d7f81fd,16.67746707899049,16.677467078990485,4036580b-d5b5-4553-ac03-c7c5b43ee507,False
CHI:28,88db1f0e-7dbb-4b5a-bc13-e6209834c680,cad7f6cb-13fc-4936-8218-6ce859ae8c21,9.861525087268689,9.861525087268689,a2af1ea5-0817-4232-b996-820f748abb00,True
CHI:28,88ef3704-aeb7-491f-88d8-8a3c23a09a71,d7715553-9adc-4f2d-9639-f1aba70e839c,10.705158911521158,10.705158911521158,95c2b4e8-d5da-487b-8209-19ea9349d834,False
CHI:28,893ca240-2977-493b-be95-341290939188,a38fcb71-053b-455b-826a-26bca128db2e,16.472282009029943,16.47228200902994,f399f30e-c52e-40ed-84e7-4b31bb40a8f8,False
CHI:28,8a1f3102-180c-4d5b-9951-d324c191891f,d2aaa17d-9bce-404b-ac28-5c25247b48b8,11.033800412908139,11.033800412908139,cb7dace8-c86f-41d7-ae64-1ecaf5761af7,False
CHI:28,8bb05545-67b2-4042-b8c0-22cdfbbac00e,c7375bf2-997e-4217-9e38-27b24bac86e1,4.76662697325665,4.76662697325665,15a1e36e-be2a-46c9-8e43-3f43fd64173e,True
CHI:28,8c9ae7df-2510-47fc-8897-a297145994dd,fe1e60cd-28b6-4adc-b762-9aa3f03bc6c7,14.331064478494245,14.331064478494245,f649e432-ee0b-4f27-8272-199f9aace4a3,False
CHI:28,8cddcb11-7cf1-414a-819b-bfd92318f681,a2530a9e-53ef-4315-9a4d-601065bed604,10.525915193151516,10.525915193151516,17109252-f246-4a0e-8be8-5f49be8931a1,False
CHI:28,8fd58747-415a-441f-ab68-462f88a8b467,e89f53d3-0d2e-4924-9048-704cf991eb87,7.775827330465658,7.775827330465658,9b31be4b-f650-485e-9013-7bcf29c0fc03,True
CHI:28,90b38e18-b11b-4124-a7fc-6744ae7a0b40,bcb18a9d-35c9-4f4c-9367-863e3252bb55,11.34671078914881,11.34671078914881,a55895c3-d60b-4e89-b601-5561a0fbf745,False
CHI:28,953e7ac3-3a14-4bf6-9043-52d024507914,b5d65e92-402c-4079-a319-a1df10655777,15.888030253945914,15.888030253945914,43c75784-957b-4bc1-85d1-050eea397b16,False
CHI:28,96a15d23-4e57-4b1e-9126-817b301cb92b,eaa73605-5aed-48c8-9469-ae3842e69f6c,10.350265655174159,10.350265655174159,57564c8d-7a6b-4175-b54e-f2891229c13d,False
CHI:28,96efe0f6-afdb-42d0-873f-697d152aeab8,e24d4838-1763-4d20-9664-42e8f42eeac5,10.066061413088898,10.066061413088898,3c3617c8-1eaf-47c3-a37d-29d54a90cace,False
CHI:28,9722b4e4-3bdc-4794-8814-c8e8ca7bb6a5,c7375bf2-997e-4217-9e38-27b24bac86e1,7.888208398814307,7.888208398814307,f26cd51d-07af-4011-8672-5e5d396cf623,True
CHI:28,983590bd-6ecd-4666-95fa-7801f0879d70,b3dd9442-0341-4615-bf38-2538f47a9944,8.085507308506092,8.085507308506092,259ac70b-8a8b-4982-9898-3f0b9bf0026b,True
CHI:28,9a91ec38-17fd-40ec-af71-c4ebb542db01,d686d552-b99b-4a6a-9afa-49130bd764e7,9.310594950733272,9.310594950733272,430fcbac-5267-4fa2-a3d2-e2abb0973516,True
CHI:28,9ac60686-adce-4681-b648-8cf8102a073b,c3a9189d-cb36-4aec-acd8-a21ac745c283,10.0999501748936,10.0999501748936,764780d5-fa69-4bd1-8a59-453f4b0e6471,False
CHI:28,9ac60686-adce-4681-b648-8cf8102a073b,db01c09f-f856-488e-b6d2-4ffbdf40694e,10.84755666106745,10.84755666106745,0dc193f5-13b0-4310-9ecd-7a2669b5b938,False
CHI:28,9afbf69c-7c7b-4691-9e22-43d95d3caae5,d486fe58-db88-4e89-8a5a-6ad80406e183,11.894868093179797,11.894868985142846,431548ab-181a-49b0-9b5b-6109e49ff37f,False
CHI:28,9bffcbf6-6af6-4008-ae14-1ee59b3eaa20,ef078aa7-aaba-4092-a189-6210161f339b,8.206818495186686,8.206818495186686,166cb9b4-a559-4827-a892-2c6c132ec780,True
CHI:28,9c93c47c-efd7-462c-86b4-1dba82504674,c110b70e-958e-40db-883e-ded624bc404f,15.125859673778155,15.125859673778155,5d087371-f70b-4f0e-bebd-ae3c41b1f25b,False
CHI:28,9d15ea5f-a9c4-4b3d-ade5-69817c6793a0,f79cc26e-27f3-4aa4-88de-3186fb5f0f57,10.981828967267688,10.981828967267688,5fc5a973-7cca-4ec5-b8dd-05ae8edfcbf1,False
CHI:28,a2530a9e-53ef-4315-9a4d-601065bed604,bcda5729-cd26-4531-a544-44e9b695f565,9.897853928041634,9.897853928041634,cb9299df-1412-417c-9b9d-61a7c3420cb0,True
CHI:28,a3892aaa-b079-4137-9c7f-4eb5db733b08,be4b859b-2910-4766-894b-b42205da7de9,9.917205385641248,9.917205385641248,345496e8-6cd1-4070-b9fa-3eee1c3e0783,True
CHI:28,a5e1706c-c804-42f4-8db0-db4a644748e1,f356e877-a0f0-4c8f-92f6-d15987423dcb,17.68095193900968,17.68095193900968,4f978df5-25a4-48f3-a9c4-e17989541da9,False
CHI:28,a5fd439d-f140-4c22-a9bb-89943cfa8b85,e1a29303-273d-4f83-9d6c-a486baad4933,9.683702535439894,9.683702535439894,3fe94892-24e7-47c9-baf6-9a5e6eaf53fc,True
CHI:28,a9ef4d50-9ba3-48d5-9b12-a3667fc64984,ce20cc7a-1be5-4115-acec-9b0010e0fd34,19.67514934446878,19.67514934446878,09897c86-470e-477f-a300-7e3e2f14b932,False
CHI:28,ac5c550c-9d87-4045-ab4f-8ef31c06ab1b,cc2e092b-7819-48e0-8d80-a6a24dcc435e,10.451402944830207,10.451402944830207,98123230-d884-4c41-9715-972edae04dda,False
CHI:28,ae8b9a71-44ae-4394-8180-8b8c92aabe5c,f2324537-482e-4838-a894-071a95b8d7f1,10.011486569763266,10.011486569763266,f6c00ed5-b295-4957-a42f-a60949786373,False
CHI:28,b18e70a8-fcff-45be-9212-acf4c0304b30,e79118d3-0453-4944-a232-123eb0612fd2,14.923202170236118,14.81523061066208,b36a3338-0aaf-49d5-addd-8f024c0906a3,False
CHI:28,b57325cb-9153-4ee8-b7e5-38d77d25ee10,c5083564-5528-45bf-83b3-0cc12d0a0235,15.553077683198143,15.553077683198143,63d70bdf-6cc7-4b84-afba-6ba46b3a6bf7,False
CHI:28,bad32f61-41dd-4cd5-ae42-be504c35969f,e7bc0eed-737d-444d-b7d3-4617d88cd2c0,18.834800485546484,18.834800485546484,1e64e6fe-948d-4764-a272-17081ad3d109,False
CHI:28,bbb7067a-df20-4f8e-9d53-7656e4190724,c863d9d9-a8c7-4322-8b18-b622b5eeab3a,9.994898922867833,9.994898916758109,d0451a40-0bae-44e5-9407-c0e9455623d8,True
CHI:28,bc45bb9d-d5b9-4e41-9ccc-0b151073c214,c8d455c1-d704-4181-b61d-cace24d9d47f,11.116057033820551,11.116057033820551,73354061-182a-4516-ba87-bb209343d252,False
CHI:28,bc7fa8ae-3a53-4d18-91ea-c195dc68a8d2,d3781cac-f6e3-4a90-90c7-f3b8090c16a2,13.106636298990944,13.106636298990946,e30560c7-098b-4b8c-96e1-9126e10c24b6,False
CHI:28,bd604bb6-050b-4767-8bc4-f86b102d09b6,eaa73605-5aed-48c8-9469-ae3842e69f6c,11.6046973033473,11.6046973033473,cffd49a2-a57b-46bf-8fce-f8dd663b626a,False
CHI:28,bf3fe138-72cc-4080-ae15-ecadcdb085c7,c64e3add-1f93-4099-821e-851412252a40,8.496364423529409,8.496364423529409,9e378fa0-7682-416f-b226-50694c693249,True
CHI:28,bf3fe138-72cc-4080-ae15-ecadcdb085c7,eb3d2761-feb8-4673-9a69-13d6a0551966,14.047816630262126,14.047816630262126,0ca034b0-27d8-4c35-be12-51d5f4cb3182,False
CHI:28,c30d11cc-0d1b-4b15-9730-e240bac41c70,f865d27b-5c89-4db1-8a6b-b1ca9e8e2ddc,11.459640202506643,11.459640202506645,150a6348-d2e1-4154-b2e9-61f48d1d03c5,False
CHI:28,c439ea6a-37fa-4c31-91da-fe8577e56f40,ebe0db1c-851d-4b4c-8a80-c2d345fa89ac,11.45587596761318,11.45587596761318,884fc7b0-58c6-4743-b052-f932ae80c445,False
CHI:28,c58b9647-8d7c-4e92-8d55-1f23cab53755,f0b13563-00fa-439c-a41e-c34c7fa1298d,10.206352406636025,10.206352406636023,37ec075d-e797-427d-915e-cf861ce40466,False
CHI:28,c6457c38-11ac-458d-9118-2ecf84bd3c92,e0a63085-fa4f-4d36-a82d-c6c4c12ffd11,14.687497303390629,14.502808944261467,fbf0db3b-25b6-4765-be52-808a63917418,False
CHI:28,cf237130-693d-4313-8402-c9bcc3a9ff95,e32ace22-c26e-437e-940d-11e005d7315a,14.972942541853875,14.972942541853875,665660c6-e4dc-4cee-ac73-f7aacb74d2d1,False
CHI:28,d2aaa17d-9bce-404b-ac28-5c25247b48b8,dc1030be-5a3e-4d2b-9877-6f8bf20cd2c2,7.290508642726582,7.290508642726582,e70544b8-216f-42a5-a713-44a49a9b896a,True
CHI:28,daac85f1-dd41-452d-93ca-1da74b0c4e37,e70ff2c2-c6b4-43a3-968a-e8ab595c49c6,13.008439043861767,13.008439043861765,102ff739-9a21-4a85-be3e-34e759657412,False
CHI:28,db03822f-db49-4f28-bb68-fc7b77f3c9b3,e8739324-f11c-4de6-af9b-bf06458a3bda,8.333247146601089,8.333247146601089,df05c677-31fa-4293-b3be-f73e5106b34d,True
CHI:28,e1cdfae9-b5f5-4804-ad07-0e4d0dad0e14,f1972d00-a970-46db-809a-cc3c9416611f,17.944389877342278,17.944389877342278,adf7029f-4436-4cc6-bbef-e6ebed90e27a,False
CHI:28,e1eca199-8694-46c2-a506-eefa5be6a961,f0b13563-00fa-439c-a41e-c34c7fa1298d,9.983315671979767,9.983315671979767,9b8e7843-5c21-4e83-8dc9-13e3691795d8,True
CHI:28,e4072ee4-9f90-4283-8cbb-4901ac182e5d,f1972d00-a970-46db-809a-cc3c9416611f,16.940182624565242,16.940182624565242,96af89d2-d53f-44fb-b5ce-edc12c8b07b1,False
CHI:28,e8739324-f11c-4de6-af9b-bf06458a3bda,efc6d1a4-ee39-45dd-83c0-1ec0636ccdd2,14.024475303760536,14.024475303760536,c16f1882-46e9-40e7-a861-df640df871b1,False
CHI:28,e92a3095-3f39-46dc-8262-0cedc4b10b8f,febe0321-6a35-4bcf-b3ea-0ddc6c711d86,13.759924628271722,13.759924628271722,fc8d8c0c-821d-4edf-b3dd-a64a5a392a86,False
CHI:28,e92ed3b7-926f-449d-8fc4-c6d7cc0be668,ecab7d8d-3d44-4a70-b577-f7799079a720,7.245629446817966,7.245629446817966,1d416653-8ee9-4233-a5c2-4fb6f47b6f41,True
CHI:30,05805282-7098-4cb4-a5dc-8a0a5997a1e9,23159089-61f5-4bca-91bc-3b54032204d4,10.805260852809052,10.805260852809052,d129b445-c950-4e1e-a271-fa563698220b,False
CHI:30,08d0bb63-6c15-47a5-a24c-d6b98edc5f0a,1dfcf235-aa6f-4ade-978d-599393fb91f0,7.45325666318163,7.45325666318163,d90c025b-201a-4236-ad8b-5e1c02024d87,True
CHI:30,1a4fdf1e-1ad7-4abc-8d4f-ad4f907ef7ff,585d2db6-6fca-4687-ac2f-acb7939df731,12.759371771614683,12.759371771614683,70c4fc0e-b505-49fc-b454-b6d6795ded5b,False
CHI:30,1c17f977-e7cf-4568-b38e-2cfdcd5b09ed,bda425af-b6a1-4ddd-a90b-ef0c24edb2a2,11.548366709657174,11.548366709657174,76e35a3a-5c79-46ea-b71f-1303cbeb3ad1,False
CHI:30,249c8b85-55e3-41d5-be5b-e514479e1276,c6e645f9-d3ad-4671-b650-56f744da814c,19.270679958598535,19.270679958598535,a646857d-a9c2-4b28-a7c7-62d6fa66d4b6,False
CHI:30,2a415b21-b481-4ce2-916d-c140abbcb726,3d99ed7b-e16f-40ea-b418-f61c28cbf9bf,15.750051541244723,15.750051541244723,c68ca963-64ea-4d14-984e-5d79a856827a,False
CHI:30,7667a40a-973d-4261-beb0-4ee6c16e2f4e,cf60425a-999b-4dbe-bb59-6088d42a0c12,15.834992386203309,15.834992386203309,c1e0d2bc-11eb-4694-ae31-cd360c7ab8d9,False
CHI:30,8e9227c1-2559-484d-87bd-186f4e2c87c6,c6e645f9-d3ad-4671-b650-56f744da814c,19.79284085368892,19.79284085368892,c84aaa4f-9fb8-489f-9dc2-4f059d13d3f5,False
CHI:30,ce38b269-a1c1-4357-8e04-c36d794ce107,eb2a4494-21b4-4396-b471-42fe8f207795,14.369055830836146,14.369055830836146,bb1ae86a-b09d-462f-a676-bea7b4439728,False
CHI:32,025bc001-820d-4b8c-acb8-492ff4971222,4fec6c03-03b1-4c13-a341-81ca06209e24,15.618791300395555,15.618791300395555,b507e919-d2db-439c-a298-91d62b34d6f2,False
CHI:32,04e4aa7c-c922-46d2-9dfd-ccf7614e608b,45338a4b-6dd8-4122-b35c-7a365cf72e97,8.294377107538983,8.294377107538983,c4ea1b1e-ffab-47b0-8a33-03f43260552b,True
CHI:32,04e4aa7c-c922-46d2-9dfd-ccf7614e608b,5e8a4c6c-90b8-4b03-b187-201e3075bdf7,12.06607150611851,12.066071506118508,78683f2a-5d5b-4828-8617-2bb3f68f7d6c,False
CHI:32,0784e3ad-29e4-437b-8a73-cc8bee4172da,3d4dc2fc-e107-4af2-8d51-54d24049a3b5,11.61551651322642,11.61551651322642,28e5f9ce-960b-4be2-8d70-ec7f3dbd7ab9,False
CHI:32,0784e3ad-29e4-437b-8a73-cc8bee4172da,f9f1385c-d0cd-4f6e-ae1a-8da959001a2b,15.384333771921607,15.384333771921607,5636fd79-d6ea-4e19-8b70-ae7352627d52,False
CHI:32,0e274bf4-95be-424d-a72c-b251d22333ea,bb92ad6e-24fa-4763-a5ba-e7c47bddc38e,17.680930189723117,17.680930189723117,2645e47d-0ef6-4756-b069-aa150707e38d,False
CHI:32,0f076e8d-3bcd-4fff-a0f7-63562662d155,b68c6c6e-77c5-44d9-a4cc-ab03a6e42afb,13.94630757341302,13.946307573413021,4694dcd3-77c8-4918-8eaa-03e801f07cbd,False
CHI:32,0f12c232-9a92-4473-a69f-8f4b45c4cf09,3d0d614a-cde9-40c3-ad63-5c070b645efb,12.675439736304629,12.675439736304629,cd40578f-f1d5-4ae5-b949-64ff02cc4291,False
CHI:32,0f12c232-9a92-4473-a69f-8f4b45c4cf09,7b73dfd4-f396-4ce7-b14a-d7ec78ff149e,11.395315818796508,11.395315818796508,9cb1c295-48d6-4d8e-857d-a9fb837ffea9,False
CHI:32,0f411ea8-208a-4833-8025-546a99197d98,8b9a5190-ab76-494c-9a95-5fae81f86e28,6.64189760107098,6.641897601070979,2286275e-49b9-4875-93ad-70dac5cd4814,True
CHI:32,0f411ea8-208a-4833-8025-546a99197d98,efd879a0-3ad0-4f12-917b-9bdc6d264d54,6.763394368130386,6.7633943681303865,c24e3073-ac6e-456a-b9b1-2ee992c94819,True
CHI:32,0f86bd1b-60b4-48ed-bfe3-bd92d3e34e8c,d5d478c5-5afe-4e17-95e5-fc680f5f992c,13.726165231181305,13.726165231181305,11820b3c-fe06-49cc-882e-9b64dae93106,False
CHI:32,1174abaa-4bf7-4060-a53e-c4994d95123d,f1e5e1c5-36bd-4d10-8b1a-938100ea56dc,11.538568831947568,11.538568831947568,358c91d5-8ef8-4ae5-907a-6fb4f1036fa5,False
CHI:32,1174abaa-4bf7-4060-a53e-c4994d95123d,fd229452-f68a-4752-99b3-d196879ac052,8.255399453130554,8.255399453130556,9f82d299-8f83-4318-91f3-73582c3fe101,True
CHI:32,11c9c8d3-b79b-4641-ad57-1a08a783bacc,99f98f76-1b40-403c-bbc3-9609bba5d0fc,14.553084593950778,14.553084593950777,f5107544-e763-43b8-bd8e-bef77249e78f,False
CHI:32,126462e4-26fe-4df8-89e2-2db55ee93e3d,22240ae1-e54d-4fc2-9ffb-97558fadd02e,13.342025311011785,13.342025311011785,82446ce0-af7b-4f07-b11e-251759571d78,False
CHI:32,138a1e59-7dcd-4b42-8968-feaa3a56b3b9,db3202e0-2364-4ceb-9d44-7131c2a45be8,12.94337125422102,12.94337125422102,95452ec5-bca4-49fa-8a26-092d7477d141,False
CHI:32,16214c7c-7470-4dd6-8223-d4aae4f523f7,a9ddeb77-b009-4f5b-bcd3-81caf7da0b23,15.277847168176482,15.27784716817648,85321132-0d2f-4c7d-9ce0-c771b8590e0c,False
CHI:32,1e7954a8-af77-453c-9cce-af8345e485d1,70d097df-d456-4d30-b72f-e7456f5dd984,15.524578627535726,15.524578627535728,d16c48b6-9d67-4f48-a485-3c08a69c4b1b,False
CHI:32,1eb42b23-e454-457e-afbf-3f2abe7758c0,226892d3-a8d2-473d-90a2-39244877a562,14.217676403880553,14.217676403880553,3eca1f53-7a86-432c-9044-e626136f4099,False
CHI:32,1eb42b23-e454-457e-afbf-3f2abe7758c0,4e990359-b365-4b62-9353-d01dcfacd81d,14.428920504492819,14.428920504492819,dbcd4a11-c6bf-461e-beb0-8cd09edadbd6,False
CHI:32,1ec926fc-daef-4276-abd1-ed9cb4044428,99bd95c0-8065-4d97-a042-ce3fd11f513b,17.995227865284622,17.995227865284622,8207d5a9-0b81-4376-9824-a2a8f37d64c0,False
CHI:32,1f04a6fe-c712-4e14-be76-8e31441849ae,3bf8f77a-9ebd-44a8-9cb2-0202ff9febe3,14.480284526970543,14.480284526970543,f90096f9-a2df-4169-85a5-8e3514d8eae1,False
CHI:32,21256dba-a41a-43f7-a1a6-243dfa176ee5,b6ad9389-9828-4672-b5b7-f9c04c4ea493,8.837014750230638,8.837014750230638,04f4e0d6-6d57-4622-ba46-71dfd581f0ae,True
CHI:32,2162163a-3628-4a7d-a614-e54d86af0deb,fb808599-73a6-4446-b9c0-4f15edcfc3b8,14.258925424211704,14.258925424211704,293d62f2-538b-42ca-af80-3e3c05e75779,False
CHI:32,226892d3-a8d2-473d-90a2-39244877a562,8011754f-273b-4bb0-afe9-d8b8c33585b3,15.299182823872007,15.299182823872007,7bf8b9a7-3180-40d9-a3af-3356776e0ec6,False
CHI:32,22be69e7-36d0-4e46-be4c-1042f5ee48f5,a9a4eb4a-358e-49ac-8e2b-fe62eee96002,16.229410789473707,16.229410789473704,05183c92-9d64-4302-af4c-f473cc041bf0,False
CHI:32,2315a271-6696-48bd-beca-e985695ddb0e,cb8696ed-afe5-4850-8eb4-d53ee38a0cfe,13.857457985755913,13.85745798575591,c49d866a-9822-4661-b6c0-eeb804e9bd30,False
CHI:32,28067f12-b107-4ae7-8b26-b63113fcc171,da3a3c8d-754c-40b5-ad8b-bd39e7fdec98,13.673325374372407,13.673325374372407,48a1dc23-b138-4895-b212-9dc9034f4b60,False
CHI:32,2a0dfd52-6e88-4a41-861d-da0aeeec8a0b,bec71605-99c9-43d2-afb3-98a3d163217a,8.747609299633808,8.747609299633808,6fe478b6-41d7-4ca7-aab3-2380e79212d7,True
CHI:32,2bbc695f-2913-43c3-a33a-434aae8537bb,f3b05776-2c66-45d3-89f3-3245e36547cf,7.7778703114339685,7.7778703114339685,2551d9e5-bf5f-4386-87e8-cef316348e1d,True
CHI:32,3138e9a3-33c6-44c8-9c07-9ee12a7768ab,977b89d8-5d76-4f16-a682-5eaef2563c24,14.11758703968843,14.117587039688429,318c187e-4f70-41c8-84fe-c6fceb7a089b,False
CHI:32,32842c74-574e-4268-8530-d9b9665023a8,4c8c906c-5ca1-4217-91a8-f54539fbeab2,6.107095668362249,6.107095668362249,2848c8ea-7255-4283-bda4-a5f6068ed902,True
CHI:32,32842c74-574e-4268-8530-d9b9665023a8,bb72771e-1e6e-422e-832f-f2b161414dc9,8.091176193207826,8.091176193207826,5dace04b-37be-4e35-8cf6-862ee939bdde,True
CHI:32,32eb0529-388b-4745-a8a3-21beb100c811,5b8a9820-72b7-4c4b-bcb6-9bbefff5427f,9.837982013586762,9.837982013586762,2c249631-a8ca-4e8d-84ad-c5a202915028,True
CHI:32,32eb0529-388b-4745-a8a3-21beb100c811,8fbefd9a-9451-48d2-ab9c-f2570a705e32,10.165592351223552,10.165592351223552,57cff4e1-07f1-45f0-8cbd-9e1a5f663fb1,False
CHI:32,333742d6-ce47-4257-ba07-5f16c50022fc,789437c6-30c0-428a-9578-21dc1deecd07,15.914081996815746,15.914081996815746,deb0ad24-74a3-445f-93ca-ee3a3d7a6913,False
CHI:32,34c1827f-bb32-4f1e-a73c-a93f47a48be2,bc02e473-96ee-4422-981e-a09ca9c5b840,13.541503338484187,13.541503338484187,cecd386d-51c7-4157-be89-2f41d6b05755,False
CHI:32,362838c8-f07b-444e-bfed-d70967ab151f,37df4f49-93aa-4200-b05b-e94da3db21e0,16.41982980155814,16.41982980155814,0d94e6af-8945-45d8-abe9-11dfe43b08d2,False
CHI:32,38bda45f-3ff2-4e1d-bee4-f0a4da7deb7f,58e20425-81ee-4c35-964c-dcc9f5c729e1,6.884487839061565,6.884487839061565,4b1c30ac-b875-447b-bee5-b0c633aa60e4,True
CHI:32,3a11ea05-95c2-49a9-a0d5-d4730a2840b0,67c15f7e-ed81-494d-b29e-faf0b087cb17,17.91828842293643,17.918288422936435,10e6ceae-6e47-452f-a5ac-0fb2edfc7449,False
CHI:32,3a11ea05-95c2-49a9-a0d5-d4730a2840b0,8c9efbf7-cafe-44ac-acfc-997fccd21278,15.711732757391557,15.711732757391557,08e3a0bc-57c3-4890-ac3e-6fd6b5e152c2,False
CHI:32,3c249aeb-c5bb-4657-843f-a99863f85d45,7c02e6dd-3de5-4df6-b11f-be6a4006a6c1,12.82309598720831,12.82309598720831,af070a4b-5441-4a60-b1f2-7a2b2a108e4b,False
CHI:32,3d0d614a-cde9-40c3-ad63-5c070b645efb,7c34679d-658b-4077-b8dc-aa8c92d9ea66,12.15750725426761,12.157504255469856,596b0a6d-6f4c-4756-9823-9d71ac8bc18f,False
CHI:32,3d4dc2fc-e107-4af2-8d51-54d24049a3b5,f9f1385c-d0cd-4f6e-ae1a-8da959001a2b,15.2700842934767,15.2700842934767,6b8e14c4-7a21-4b59-b0ef-20aac8486020,False
CHI:32,3e1bc373-e92d-4a0b-9dd0-82f58f8048b2,604bcd87-c02a-4623-87ec-5fdb9b6357c6,17.093494130217067,17.093494130217067,865df99c-ccad-40f1-9251-cd6cc22f622e,False
CHI:32,4318cc4d-5682-4b91-9941-e8e821148084,6d6190bd-9da7-428f-b225-4ad280f98ceb,13.325659108460716,13.325659108460716,9eaf509c-f724-485e-95d3-0bd4b090f6d9,False
CHI:32,4318cc4d-5682-4b91-9941-e8e821148084,9ec895bd-f6c0-41ba-a16a-0b4d332af83e,7.368879101445599,7.368879101445598,da95083e-e77a-4a0f-881a-9bce469dbc7f,True
CHI:32,4332b8c6-5b25-4574-adf6-a9f4d2ba6960,9b8d4963-a49f-4a48-bda3-97e277a99b72,18.837301242766827,18.837301242766827,3a2943c2-a424-4993-b9f7-0cf775abcb0c,False
CHI:32,43529139-2b74-4a58-a4ee-0a454a52b801,be2e5465-b870-4929-80f3-734a292b0a2f,8.112347451286794,8.112347451286794,08352223-7ecb-4d15-bdbc-5775667afc73,True
CHI:32,4473fb83-da9b-455b-825c-5261ad5f4760,943eb9ec-3d60-4640-8e09-4ef0d195f688,13.123034325278363,13.123034325278361,a0a0fb6b-3fd1-40b0-83f4-c505f66748f1,False
CHI:32,4473fb83-da9b-455b-825c-5261ad5f4760,cb14e8e1-2f7b-4a59-9061-994d00d4a797,8.538023216255127,8.538023216255127,eb94d320-0397-4e4b-84f8-c9f2cc84d6bb,True
CHI:32,45338a4b-6dd8-4122-b35c-7a365cf72e97,59b3de8e-a4d6-4bce-a64e-f63418bb4920,9.2160511586096,9.2160511586096,c7cbc115-8a37-45a9-b3b5-42428c26e424,True
CHI:32,45338a4b-6dd8-4122-b35c-7a365cf72e97,c7c66b0a-9f34-46ee-b3c5-5ad3f3d8974d,12.0803894389246,12.0803894389246,4f26ded1-4f36-448d-85ca-9f411ab5e470,False
CHI:32,4a9da418-5d96-4af2-b769-e301050f6380,77ceb03e-8d05-4262-98a9-4bbaca94322a,13.165246235029509,13.165246235029509,ac9853d4-642f-4a30-aba2-d0d51bf48321,False
CHI:32,4afbd34c-6103-4181-84a5-eb12855d64a5,938908a5-1a03-40b1-893b-cfcefdd9cd33,17.24202731396463,17.24202731396463,0e53ea39-7100-4228-80fa-59055caa6513,False
CHI:32,4b39ca23-ba03-4adb-a2ad-b02628c7767f,b2c2947e-ac06-4b47-a738-1739e0ac1d92,12.16763357012178,12.16763357012178,c89d2ffb-5708-46cc-ab5f-e38d1dd6f683,False
CHI:32,4c8c906c-5ca1-4217-91a8-f54539fbeab2,797d6765-b143-465d-b759-d2a7d717629e,7.786694407995857,7.786694407995857,99593fc0-f82b-4267-a54a-4d0b327b804e,True
CHI:32,4cafb2ed-7a91-4ff2-b8e2-ce65e1add7e2,cd52bfed-cf52-4b35-b37a-c870fcc815a1,16.81233381954747,16.81233381954747,871d03ce-786a-4146-bcf7-9b0bcd3d735f,False
CHI:32,4e064fc7-15d8-47ff-a0fa-d77f71b610d4,bec71605-99c9-43d2-afb3-98a3d163217a,11.112809049510432,11.112809049510432,2ec31956-34b0-419c-b9da-281115609abf,False
CHI:32,4e4468bf-2481-4a95-8060-fefb502e6273,77957fae-b431-48ab-8f0a-69b99deff6b5,13.546470152478769,13.546470152478769,07c99c58-7def-4bfd-a470-b0f152bbcca1,False
CHI:32,4e4468bf-2481-4a95-8060-fefb502e6273,8c7752ff-e41a-40e4-9a74-bb2ed8b29cf8,8.621401544108766,8.621401544108764,443c75ba-3749-4b33-b146-42e5e21276e3,True
CHI:32,4e990359-b365-4b62-9353-d01dcfacd81d,8011754f-273b-4bb0-afe9-d8b8c33585b3,14.290774051729572,14.290774051729572,a0fc0623-aae0-4efa-909d-5e3ecf4c48b9,False
CHI:32,5157b67d-e1eb-496c-8605-8b7b75148eff,b5ab7bf1-5c02-4471-9d53-3dd04bcfbf4c,9.926069099835978,9.926069099835978,97782271-69a8-44d9-9eb5-a46c4ffa76b3,True
CHI:32,56355810-e33a-4157-bc6e-9628018bf697,e62af161-6c15-4b2c-acbe-22940138c949,10.346366689820258,10.346366689819575,239afe7e-53a0-4815-a605-756c329a463d,False
CHI:32,564a1210-eb05-48e9-9cf2-08739bc3204f,d257260e-d40e-4fd3-88b6-17f0e7e7d244,19.576253759215454,19.576253759215458,fa4b333c-b720-42aa-b239-72d2417ec572,False
CHI:32,5651e97c-3d15-4014-999e-ba053fdd3fde,e1df7a5d-9fe0-4994-9b66-ebce2cb7ea51,11.636514595273667,11.636514595273665,b9596a2f-38d5-4276-ac23-fceca506f85f,False
CHI:32,59b3de8e-a4d6-4bce-a64e-f63418bb4920,84409c8f-ef63-4d79-b450-e4e04475b63f,12.106918619617556,12.106918619617556,91761f6e-5870-4301-bb2e-7ef64f1dfb27,False
CHI:32,5a317b77-497f-41f6-8c64-dbf3ab41df38,b529bbee-4bb2-4ae9-ba1b-7bec78248c1a,9.028873027931173,9.028873027931173,65c8b0c6-2dd0-43d7-909f-6dd867f5ef31,True
CHI:32,5a317b77-497f-41f6-8c64-dbf3ab41df38,de6ebd85-d446-4618-bc75-e0b0a9ba3900,17.789551419970586,17.789551419970582,bd8cd1c4-2ab2-41f0-909c-7e4a4c64b79f,False
CHI:32,5b8f68d7-d620-426e-9091-ed10a1c71242,e287097c-64a2-4343-b012-54e5a059625a,17.027375942473153,17.027375942473153,dec2836c-2e15-4b45-b277-86bd19d3b97b,False
CHI:32,5e8a4c6c-90b8-4b03-b187-201e3075bdf7,c7c66b0a-9f34-46ee-b3c5-5ad3f3d8974d,8.138790523104785,8.138790523104785,0360a5b5-f529-4a0c-9da0-2285eaaa1b6d,True
CHI:32,617a1fbc-c105-4a63-9f34-9caf50dce2bc,f1e5e1c5-36bd-4d10-8b1a-938100ea56dc,7.646355605302366,7.646355605302365,72ceb800-37db-4030-aee8-07b3495ac8ce,True
CHI:32,617a1fbc-c105-4a63-9f34-9caf50dce2bc,fd229452-f68a-4752-99b3-d196879ac052,11.31450204265558,11.31450204265558,35172712-0bf7-4bce-b3fc-5956551f4388,False
CHI:32,67c15f7e-ed81-494d-b29e-faf0b087cb17,6d18b740-060c-49f0-a48a-53b8299b190f,13.589845250463046,13.589845250463046,43e3a1d1-7914-42f8-8e1c-77eda3de4982,False
CHI:32,68bdfb2f-d69c-4845-8177-3d27458d38f9,e2cc2815-cf5b-4181-8044-2c9f79af47f2,14.834996402834616,14.834996402834616,1141f90a-bb89-454d-96bb-7c307aa3e38f,False
CHI:32,6992660f-458f-445e-9275-cf436649d766,90707a86-1eb4-4b36-9242-b84b4d4f5292,16.766758613525305,16.766757989049022,4d255534-0c6e-45d9-8bf7-0772f11f4574,False
CHI:32,6b1ee9e3-6d10-47f7-88fc-9a0dd90b4d9e,c2cece28-3062-45a4-8d7f-956e536324b4,7.027546647231926,7.027546647231926,effe9cc3-b293-4f56-804b-24c15bf7e4ba,True
CHI:32,6babf74f-9d78-464d-af97-8b056a028b19,ba2b7f7f-c5e9-4287-9b82-0cc02965c7d3,7.130278541056273,7.130278541056272,5f433de2-a6e7-4020-b208-8ee8665b6f2f,True
CHI:32,6d18b740-060c-49f0-a48a-53b8299b190f,8c9efbf7-cafe-44ac-acfc-997fccd21278,18.048840218820907,18.048840218820907,23ab6f83-10d4-4ec2-b5ca-fc862f8f70cb,False
CHI:32,6d6190bd-9da7-428f-b225-4ad280f98ceb,f2a178b8-f45d-4e75-8877-256a4f282a41,7.868386382824291,7.868386382824291,7de26dfc-043f-45ef-b838-d92a84aea528,True
CHI:32,6e1d1f27-094d-4638-b484-e03f1affe91c,90649bff-9c6a-4b35-b5ed-96aa48e21a54,14.705734281571196,14.705734281571194,149a9a64-d1b7-4266-baaf-bdea73d34055,False
CHI:32,736b0831-f26f-49b4-a5a3-938d1ecede32,798c80ff-2e31-4205-a294-f2c15b0bb3f5,7.539081679328931,7.539081679328931,ef1e9490-50cb-4fb9-84fa-321e35421ad5,True
CHI:32,77957fae-b431-48ab-8f0a-69b99deff6b5,8c7752ff-e41a-40e4-9a74-bb2ed8b29cf8,11.75732111653846,11.75732111653846,a289e593-674a-4879-b010-cac0ac37c640,False
CHI:32,797d6765-b143-465d-b759-d2a7d717629e,bb72771e-1e6e-422e-832f-f2b161414dc9,5.4894268529772905,5.4894268529772905,e20ab39c-4e1b-40cf-b2bb-d3a2d1e72d57,True
CHI:32,7b73dfd4-f396-4ce7-b14a-d7ec78ff149e,7c34679d-658b-4077-b8dc-aa8c92d9ea66,13.424181310656223,13.424181310656225,f767a828-4f4e-4029-ae5d-554398f510d8,False
CHI:32,7d36aa81-124e-45b5-ab14-b2613df6336c,826ca74e-a04f-4913-8f3f-ae0a6c08f603,8.065802952004713,8.065802952004713,00dd6bbc-13ad-4721-a64b-5dba4bcab94f,True
CHI:32,7d36aa81-124e-45b5-ab14-b2613df6336c,ba93c53b-db8c-4f46-a895-c89149fe2c83,4.355893222668298,4.355893222668297,b602b08f-93fc-4642-bdfb-560816d07cd2,True
CHI:32,7d846c9a-a91c-4749-a175-727502a2a536,a49b6676-f608-43d3-8228-74e85ee362b7,14.983871400068583,14.983871400068583,8cc91dea-858a-4d24-9bdf-6d84eb774d38,False
CHI:32,7dad317c-9c26-4c38-82b3-f3e367a9cc44,f627391c-2c13-481b-9c7c-d2e76df74106,19.848841517838054,19.848841517838054,bf817232-805a-4ad7-91f5-fb4d6c9e0379,False
CHI:32,826ca74e-a04f-4913-8f3f-ae0a6c08f603,ba93c53b-db8c-4f46-a895-c89149fe2c83,8.046281686728669,8.046281686728669,2bf39702-5da4-4a18-9c2f-b6f6cffd315f,True
CHI:32,84409c8f-ef63-4d79-b450-e4e04475b63f,c7c66b0a-9f34-46ee-b3c5-5ad3f3d8974d,9.337945374493165,9.337945374493165,f4b09a93-06b2-49db-bd6b-f1d27e5075e4,True
CHI:32,8525fc63-d615-4f20-973a-75bf00a13620,8fbefd9a-9451-48d2-ab9c-f2570a705e32,5.142422610957302,5.142422610957302,709dc4de-2c5b-42ef-b261-1a8e83cce9cb,True
CHI:32,866380ab-cd42-4cc7-9262-c578a3a097ec,d3194ae5-65b7-46e2-a4db-de09744b6282,14.135785985723663,14.135785985723663,22dcb312-2653-4b30-822b-fb177d279276,False
CHI:32,90431731-9ae9-46f7-bd74-234fd1b29321,ad7c896e-0205-4695-9105-fdcbfccd2593,6.276373316286101,6.276373316286101,d91fce6b-ac73-49e9-b264-dcd7c7c26358,True
CHI:32,919c3c17-70a1-4b5d-ad27-c557a0853d54,ab2c9c43-a927-4fa2-982e-65edfc49733a,13.283490437574931,13.283490437574931,3e448c95-ac64-4508-97b7-a1906857eb3d,False
CHI:32,943eb9ec-3d60-4640-8e09-4ef0d195f688,cb14e8e1-2f7b-4a59-9061-994d00d4a797,13.041147127354991,13.041147127354991,bbdd2dde-3f8d-4935-930e-c1405d1a526f,False
CHI:32,999d0536-d565-43ec-ac0c-d8cf5459ae08,b61ff717-0b2f-4adb-a7fb-5b43449d6cf8,11.839643151723669,11.839643151723667,59829998-77cc-47c1-8a80-0d46f5f70704,False
CHI:32,9c5f8c80-9541-43a9-8d97-760a0604cf32,d2d1653e-8fa7-458e-8ec0-8f591e1e77be,14.93539630286427,14.68333950006868,829a533d-5709-43a7-aaaf-f5d51745845d,False
CHI:32,9ced1b2d-60b7-41f1-92fa-a31d9dbd49cf,b529bbee-4bb2-4ae9-ba1b-7bec78248c1a,17.900429786573973,17.900429786573973,e1e337fa-f755-4da7-8f50-755c338a8d47,False
CHI:32,9ced1b2d-60b7-41f1-92fa-a31d9dbd49cf,de6ebd85-d446-4618-bc75-e0b0a9ba3900,9.035690403469248,9.03569040346925,febc1fea-0988-400a-b579-9c4b9f2da827,True
CHI:32,9ec895bd-f6c0-41ba-a16a-0b4d332af83e,f2a178b8-f45d-4e75-8877-256a4f282a41,13.403984702473835,13.403984702473835,8db308c1-1ab9-4cc6-9127-9a93ccb2bf53,False
CHI:32,9f417a3f-65c9-4f7b-91a1-20f6f3f87231,fb6ff35e-6cee-428b-a257-a234c0aef4d3,11.649188485667187,11.649188485667187,213d8f6f-ceaf-4c92-944b-0aeb92ebaf58,False
CHI:32,9fff2323-9b11-4fbd-bb5e-2e6d86911dd7,bb4c2fb3-bdb6-4a6a-a928-92c8fd2feba9,7.007979004246046,7.007979004246046,3c526db0-d489-435b-adab-d9f00975a982,True
CHI:32,a1d63edc-b5a7-4f4b-8d6c-4e6393f4ff68,e562a62c-872e-4e4b-9a23-698fa6962746,17.344581513859257,17.344581513859257,0b402fcc-0c9b-4fb3-97a1-5d88bb7f79db,False
CHI:32,a5575268-9df0-42f3-97df-425aa1def2ba,b60dd229-50df-46b6-b675-cefd2d507a4f,19.39280671590151,19.39280671590151,f8c3b24e-02a9-4a1c-a7ca-e8a55796f682,False
CHI:32,abf1bac9-b822-4c91-954f-ef48e33d73b3,d95cff13-a331-4074-90e3-c18f5d83612e,11.54340560852522,11.54340560852522,1fb365d1-5bf3-420d-87d2-6ef1acd34144,False
CHI:32,b5423253-5e12-4d62-9395-85682368fe7c,d51022f5-542a-4c39-a65f-a1aff0923c7d,17.856638117769815,17.683198708692167,acf82081-6117-46b9-8a2b-3adae730df56,False
CHI:32,b9fde601-b8af-4e1f-92a7-7ac6680e63b7,f549ebc9-efab-470f-9db5-99e7f1f45a93,11.453865368231527,11.453865368231527,5762da07-4f2c-4cf1-8b2e-6be30550d8e2,False
CHI:32,e8857b54-6751-41e2-8774-dafd2d25a8fb,fdc02f42-0473-4842-bb2b-7a595ab88dad,19.351458598775586,19.351458598775586,6eebdcf6-d7c5-43b7-ac66-f36b91e83a75,False
CHI:32,ea9f9686-195e-465e-99ff-45dd24a64ebf,f0bd284e-25ea-4624-9355-fae5ca7403d0,16.553900504882268,16.553900504882268,e64396b4-6f2f-4aaf-bf17-9d5a19b14d8c,False
CHI:32,ec632230-4f24-4463-bc36-1805f8cbe998,f0bd284e-25ea-4624-9355-fae5ca7403d0,13.378185237299059,13.378185237299059,a0d3afb7-b831-4ea7-b8b1-267cd019e757,False
CHI:32,ed2fb622-10af-4cff-be42-4cd76c251004,f0b20d7f-4c94-46fa-873b-b01816c873a3,19.65701580035527,19.65701580035527,94177dbc-4f96-4146-924c-bfe1d1d885d8,False
CHI:32,f5d240cd-a152-4699-bc04-8a5769809cb7,fa94ef98-6e0b-4226-9ce6-e0810db113b2,14.309668686664716,14.309668686664716,0f6b40c1-1b12-4540-954a-18e4ee1de4ca,False
CHI:76,015d1b68-9685-4ccd-9600-3eb7483b3043,b2141e2c-5802-419f-8c54-2149f2adfabb,17.51355651180455,17.51355651180455,da093472-721f-4860-9793-4568dda3dbaf,False
CHI:76,01c576a1-2461-491e-aa3e-a5715f064bf6,90e41258-bfdf-4a9f-8d45-297f3f438176,12.3138825889466,12.3138825889466,7185b07d-61d4-4f1e-8a76-171611c17113,False
CHI:76,0ea1253e-e5b6-4bca-9237-b4b89ab8b304,17a7a0c7-a3f9-4c06-a376-b8da44413fd1,14.159131104851552,14.159131104851552,649acd82-d45a-4d17-9633-d8bd9cad6595,False
CHI:76,0ea1253e-e5b6-4bca-9237-b4b89ab8b304,8a240c0a-cc80-44e2-99e0-89b01d70e734,18.570319645717948,18.570319645717944,40cff461-0dbd-42e5-8990-56fedad01b69,False
CHI:76,1030d9fd-8cb5-449c-912d-fe3e38e3c887,d651a0f7-64ab-45e2-99c6-91c8659788db,17.33477286798163,17.33477286798163,407b569a-244b-481f-a2d8-89f3e7d6eb05,False
CHI:76,105193af-4086-4e92-b974-196e18958e39,604bf4ce-027d-4f3c-b6f6-ffa1c11777bd,11.266477011726357,11.266477011726357,b3259be5-1499-421e-be34-26e1a3c05caf,False
CHI:76,13d57f5b-8080-4f99-8981-86b8f0c1fbf9,f6f3ed00-eafd-42e4-b56d-6b4c041de909,12.080830460554797,12.080830460554797,75e3ae11-5f34-478d-9495-55460056bba3,False
CHI:76,17a7a0c7-a3f9-4c06-a376-b8da44413fd1,8a240c0a-cc80-44e2-99e0-89b01d70e734,17.996115156973836,17.996115156973836,b2d60633-aaac-440e-b4b3-b6b8e7ced758,False
CHI:76,1ea9599d-aa21-4467-b174-932a66095303,6b0085b0-7614-448f-8cd1-f07d8caa49ab,11.028503283909801,11.028503283909801,2a27295e-167d-4527-81dd-d75a9029c96a,False
CHI:76,1eb88047-102e-48e9-b156-608e31963760,c70838e6-de46-407e-82ab-d7506732713a,19.40180329567613,19.40180329567613,c1259b59-fd28-4d80-825d-e392d1a43efd,False
CHI:76,22f3bee0-46eb-4b43-a388-0189ce305c62,c063ebd4-365d-4cf7-aa17-fe52c5245e6e,19.553662366178724,19.553662366178724,beafb485-f6ea-44b4-aca4-f0ea02803f46,False
CHI:76,26064a23-57d3-4d6f-ad10-3ef8697bdb8e,a289ee48-16a0-4096-83d3-d17cdcbbf7bf,17.093886813545623,17.093886813545623,0ac10701-adff-480a-8d90-28656a16e916,False
CHI:76,29e5a999-3166-4a0d-8630-0f6e584dcba9,2e3c4741-1069-48bc-90e8-dfa0bab2a522,12.498137410979675,12.498137410979675,ecc5f3f3-9048-49de-b796-def590c0c5a3,False
CHI:76,2a5252de-bbca-4e86-90fb-29b0f2b61d43,f2930399-01f0-4b17-86b5-b327f2a31408,11.177181286527683,11.177181286527683,d09e58d3-397c-4c7e-8a73-36afad3ec0f6,False
CHI:76,2adc3f2e-bdb7-4b11-b41f-e86411024fc9,85d49d3f-bb84-471d-a69c-0e2d9083cfdc,12.393603441739858,12.393603441739858,020b5126-9c4e-40b4-9f6a-b1b4e06df634,False
CHI:76,2f7e12a9-79e0-4467-bae7-bc9c49d2c80d,a5b44aa5-d0ed-42e2-824a-3b5165a113c6,10.063257791241126,10.063257791241126,85892ba9-32b0-467f-af2e-6e9d30144cd7,False
CHI:76,33804ea5-b3e5-4a9d-941b-11a6bd9444f1,4a028f5e-2ceb-48ce-a966-aed5976044f5,15.506912419021743,15.506912419021743,ec4a9ce2-bf6b-4c4d-bd90-971c84d84ad8,False
CHI:76,469cd272-fb90-4458-8577-a6a64f7197d4,763b4c50-025f-4b3c-beff-a70f39323e86,10.849914918243917,10.849914918243917,60f84e7c-35ba-425b-97a6-7006aea73de9,False
CHI:76,46e3bea6-d839-4328-8187-387419c11558,508c0e35-e88f-47ff-89b4-bba0859362bd,13.108328571577633,13.108328571577633,e0c06dd3-e010-4907-8bc3-86608c2b4b78,False
CHI:76,4c2a999d-d8ce-48f5-8230-21eef107241a,592b4d40-e584-4dbd-b6ee-7680166107cf,14.612734095925042,14.612734095925042,d07f43a1-e98b-4342-babb-266f582b42f9,False
CHI:76,513916c7-6373-4a55-8e51-c75a7a42cde1,e909c740-06c5-4b4f-8594-88388494fe6b,10.6887387684506,10.6887387684506,495f39ed-6054-41b2-9de7-aed75609ad9b,False
CHI:76,592b4d40-e584-4dbd-b6ee-7680166107cf,9ae94d74-0882-468e-9c47-46f69cab643b,16.456043044457807,16.456043044457807,20bc09ec-d711-41d4-b2bc-355964de1f01,False
CHI:76,59d759c4-ff46-4f46-866c-57307c50f091,ee34e9f7-8b02-444c-adf5-bda65e6ac551,13.291766213182388,13.291766213182388,825fc774-4645-40b0-a77e-74efa3a35302,False
CHI:76,64720bfb-ce3b-48fd-92fd-eb21a795a7ea,6fa8d243-0f06-4703-9b5b-c06ac4eb418e,14.719798934086622,14.719798934086622,dd3bab7c-bed5-43b7-9bc6-89c4825bbb2b,False
CHI:76,64720bfb-ce3b-48fd-92fd-eb21a795a7ea,dcddb59c-676b-40fe-b426-fb72a5228082,14.926405393860795,14.926405393860795,9e5feb26-b963-4200-ab46-4497af7a286c,False
CHI:76,6575996c-6185-40b9-9935-9a7430d53612,8ebe9a9a-975d-4181-bad2-d0e28b50e694,10.6318161633388,10.6318161633388,cc892bb9-39f7-4356-972c-05df57b28fc1,False
CHI:76,6fa8d243-0f06-4703-9b5b-c06ac4eb418e,dcddb59c-676b-40fe-b426-fb72a5228082,7.3357139943743785,7.3357139943743785,bec51e56-7b1b-4e9c-8df9-f6566b082b19,True
CHI:76,7159f382-e074-403b-9a4c-feb1cb67464b,c974cb6e-bc51-4d45-b253-45b47af42d19,5.947097226191373,5.947096884659097,603dd50b-e39f-4331-a5f8-3dea60317d30,True
CHI:76,723e9766-5a18-4f5f-9fee-77dc4ac5db55,a4e8c862-efb2-4ec1-9b53-cf57154953b3,12.44721831532105,12.44721831532105,97c3e6c7-9598-4a0e-af58-c70cc712d8fe,False
CHI:76,74d61306-ed4c-49fd-a602-ce7d70078820,b04422c3-36c2-466d-92a9-c686bdd0d7c7,14.690158610542266,14.690158610542266,b9064cf9-78a8-4084-ba58-ae86bab57ded,False
CHI:76,757aa26c-9c2e-4b01-8601-9e6000e107e9,9e577e8f-2000-41b2-893b-01538867dc03,12.149179487449075,12.149179487449075,ada2b320-7a7b-47ec-b1db-42b17ecdb26a,False
CHI:76,765671ba-19a1-495b-afd8-230753303066,b0a93c2b-5d8d-4723-a93e-693d17eea8e0,6.3366785709992595,6.3366785709992595,b83aed66-4b57-4a3d-a8dc-3954fb25b854,True
CHI:76,79fd5ef1-2296-470c-8bfb-3e86817b8002,bd0f31e8-8323-4db3-bcdb-0e90d1e47c7e,7.5848727635893285,7.5848727635893285,3a72f933-d287-4ad2-bac5-9e256f011154,True
CHI:76,7ba28efa-1012-40c8-b68e-bf7c1a26ead4,cffa2040-2933-41d5-8505-437b30b67dad,17.703237959876816,17.617873025103712,7a8e911e-fda3-499a-b249-94e2e1a5925a,False
CHI:76,89ba624c-1366-4c70-a5b9-d80afcf2718b,fd81d030-bfa2-43ee-9340-e94886dfed13,11.145472006043232,11.145472006043232,b8e0c519-88a3-4b87-be90-161e07b9b5cf,False
CHI:76,8a67dd31-30a0-4ab6-801c-fedfde4740aa,e6c845be-7528-4a4b-bdc2-ba819487e87d,15.134339802513768,15.134339802513768,210661b9-2c5e-45dd-9fb7-af51db8eaaef,False
CHI:76,8fdddf15-181f-4295-96d7-e6da6d663ed4,928f9424-1d61-4232-b69a-b5355f09bb68,19.762166317855314,19.762166317855314,b9d66374-d67a-4998-a10e-8cbd0f09f45a,False
CHI:76,94bb88fd-2084-4110-bfc6-9adcd4f4e366,f496d4f6-d666-4304-92b4-d96f46692072,10.849949265744709,10.849949265744709,f1bba569-b7ea-4b5a-b64e-8c41e64cc9ba,False
CHI:76,a960bd03-9e81-4890-b202-09ee59882a84,b2141e2c-5802-419f-8c54-2149f2adfabb,11.875235290803296,11.875235290803296,a09f2617-717b-4d4e-8b2b-4a66545ab0cf,False
CHI:76,b0155bac-7ed3-4951-868b-b0222ca5170c,e14af27f-0360-4e8f-813c-205721a41e8f,11.716569910765822,11.716569910765822,1356807a-3ad8-40ef-ba97-50157b7c2ae3,False
CHI:76,b0a93c2b-5d8d-4723-a93e-693d17eea8e0,c837400b-0b0f-42c7-813e-cae504e218c7,13.513402093597586,13.513402093597586,9aa9bdb9-8d91-4043-8740-31c6fc03cc6a,False
CHI:76,b7daba45-e41a-4ce3-883b-062a2b9d84e9,c70838e6-de46-407e-82ab-d7506732713a,18.34687056051246,18.34687056051246,50b4f2af-80b9-40e2-92ca-1c66c7bb4064,False
CHI:76,c384448f-ad4c-43a0-ab97-bfbf0a3f35ab,feb8ff9a-a3ce-4559-8210-469248bf33ea,12.254386792250013,12.254386792250013,45cb5558-bdd4-43f2-b688-c916bf59a962,False
CHI:76,c523eaf6-0ad3-492b-b0a9-140e93d9f9b2,cffa2040-2933-41d5-8505-437b30b67dad,15.280203766511168,15.280203766511168,f564a441-d10c-4dc9-a8a1-4312bb2a81ae,False
CHI:76,cdcc1b2c-7e0e-46df-89b6-ccc7f7e5e764,d7cec194-805d-4c69-b2ac-e002eaf49008,6.996150006886585,6.996150006886585,60513c8b-f96a-43f3-9df0-0867a491bd8f,True
SP:10,02a68305-4e55-4aae-92d5-05efc29f92e7,2ab051d4-359d-4420-b838-a9142a91f23f,7.725788677341182,7.725788677341182,75cac392-f328-4e23-a263-232b15f5ce1b,True
SP:10,03644299-d6b6-4b2c-8d35-6f3169e55855,e7c97aca-e5f4-48cf-a81b-cde05fd58c0c,6.551546780162308,6.551546780162308,fa4637a7-a542-4059-84bf-4f2020a2ca6a,True
SP:10,064ac76b-4d7f-47c5-8936-bfc5b059b932,bc4c5056-0397-45d9-937f-789706415b3e,18.71137205890206,17.464320999009306,1b77801e-81a3-4cf2-9575-c2e38fbe639d,False
SP:10,064ac76b-4d7f-47c5-8936-bfc5b059b932,fd8120b7-0f58-4a60-895e-17818f532db6,13.86124607960215,13.81195519096505,f8680231-6746-4c2a-ada5-238fa12ae20e,False
SP:10,0956a567-99f7-43ee-8861-b331010b8bb1,9a85f3e4-da15-4163-9099-8626fa6c9d8c,8.277247114305238,8.277247114305238,c52de261-89cd-45a9-b831-7cb8919f26ba,True
SP:10,0956a567-99f7-43ee-8861-b331010b8bb1,ec9ae7d9-e81e-4cfd-a0bf-c555922b00ac,15.36747642583192,15.36747642583192,444f99b5-f54c-4f52-9ab8-0c4cbdd4d199,False
SP:10,09d6a055-50a9-4b67-9e03-ba1d482274e4,18e9a4a7-fc1b-42c8-a258-e3ad1118be2e,10.29501215943098,10.280994621628526,d92e701b-f502-4213-b8ec-0be56d1bac5e,False
SP:10,09d6a055-50a9-4b67-9e03-ba1d482274e4,c87ffb1d-4518-42c4-8d3d-9c5af672b7fd,16.09678742334856,16.09678742334856,966bd306-1928-48b2-8fc1-e334fbbd53cd,False
SP:10,0a3f9eb8-7e98-40b2-9681-1bfc0a46e0a7,622208c7-cacc-42c1-a31c-2805452da31a,17.80192397901959,17.79150243959337,c652e9be-41c9-4691-931a-e4c947ac38f4,False
SP:10,0a3f9eb8-7e98-40b2-9681-1bfc0a46e0a7,c87ffb1d-4518-42c4-8d3d-9c5af672b7fd,11.879559591615207,11.86126898830001,44f95201-87be-4d02-9a28-d0cf620bd42b,False
SP:10,13c72ef6-de0d-444f-91b6-5377c13d57c0,30d13dd3-cb67-445a-89b3-7d7260f7eebe,4.4828662250101425,4.4828662250101425,4bcca3fb-6254-431b-a104-3f6367b2ca15,True
SP:10,18e9a4a7-fc1b-42c8-a258-e3ad1118be2e,bc4c5056-0397-45d9-937f-789706415b3e,15.060575981295656,15.060575981295656,57c601e4-bf13-42c5-acc5-31236d9c74b2,False
SP:10,213231c9-c437-4c58-bb96-6169fac47483,d71b6941-0c11-4783-8a4a-766cb599634d,13.488628138263692,13.488628138263694,4c8f8b78-64a7-455e-87e5-6c1721cf92db,False
SP:10,218c96f5-15be-46d6-b630-27c55fbc80ea,be90d024-5e0c-4672-a736-e0c47a293268,11.020666807285094,11.020666011045353,9e2cbf54-12bf-4309-b99a-d405f06af691,False
SP:10,2354a98a-bd3a-44d6-98c3-1550ac410d41,fe0de6c1-380e-42b5-8c71-43ed8f7af05f,11.468774839743109,11.46877483974311,dfff7d36-e85a-4291-be9d-f9d00a5b84f1,False
SP:10,23696840-d85e-45af-a02c-a1aa4741d5e7,913e63a3-a355-4eac-b4ac-ceb4c16f3bd6,16.698972243509576,16.698972243509576,c54c1b60-92a6-4504-93a5-453c75255ce5,False
SP:10,25777b01-d098-4f89-b120-c1e824287567,5ba329f7-e943-4992-9ad1-b52a8f5a64e4,11.340910495135256,11.340910495135256,8dd6d501-50fd-43b0-90cd-f39d03786ea3,False
SP:10,25777b01-d098-4f89-b120-c1e824287567,bcc7bb50-c9c5-4f1f-a4d6-20e38b6ca8ca,15.099924499786303,14.242583229087733,c745a17d-4b19-470a-96c7-664b8d747ce4,False
SP:10,261c4e59-f3d6-458a-89ac-1603cd66748f,483cdae0-8693-43a5-84dd-0229996e20e9,1.9414885472547636,1.9414882900985766,019a008e-5809-418b-ac86-8ad46f0bc530,True
SP:10,27f17a2f-63a2-4942-8a54-92aed031b29b,c2216f29-8d0e-43ec-94f0-abb3f98b0116,14.287359640803913,14.287359640803913,09990e1f-deb3-4182-a167-cead178d98c3,False
SP:10,297c254e-935b-4086-b7e4-47fbae7bd6de,c290459b-8295-4b76-8531-763ce8ed9248,9.553299873886415,9.55329830736334,c35e58b6-2406-4d7a-8782-ecda0fd37938,True
SP:10,2e2dea4e-3d73-4aef-82c9-bed6f54a3d68,5abe73d8-3270-4cf2-97e3-6e7eb80ec280,17.02992266507162,17.02992266507162,f8ea499f-c3cc-450f-9a4b-605b62e50c38,False
SP:10,2f46ca2c-e587-4696-89b5-c2045bc5dabf,6a7f00bb-9a30-4dff-b355-22ab6f30f2af,9.627708808445426,9.627708808445426,c07ad863-31c8-46ad-bd86-4bd0f02cfa1f,True
SP:10,2fbcd7e7-f1d0-427b-a1ca-c2697bf6e944,a8a7fbd9-278d-4631-966e-244d04cc0c91,5.0871967226793045,5.0871967226793045,30ce1dca-0eff-491f-a40f-f14552de006a,True
SP:10,3106b44a-94d8-4f57-afee-d00c77239573,9ad6320b-b17b-478b-a445-1b3c6273ee31,19.905134013945798,19.905134013945798,b5c5deca-684d-4ffb-b326-6d8d2c04b71a,False
SP:10,310a85ec-4abe-4849-bb92-6c3f41dab20c,b45fe193-933e-4de6-b3e5-00d73da21952,16.25367642297102,16.25367642297102,6142f03c-c194-49d6-a8e3-ce9f6a12a54b,False
SP:10,310a85ec-4abe-4849-bb92-6c3f41dab20c,f07cb1e3-ce54-43c3-8856-5634f779c857,16.38997109589493,16.389970901750985,95835b4b-b52d-416e-b277-34881a86bce5,False
SP:10,326901ea-d1b5-4c9e-821f-24894ad1d023,7b724435-729a-436d-b6b4-1ffc408d8752,11.71344970610337,11.71344970610337,bee730ad-16e3-4c41-a5a7-2d5509ecc504,False
SP:10,3a44a879-b20e-484e-a086-b5dd3ff788ad,cd3fa13b-1bda-4152-9231-49bd4839c166,6.43366566842645,6.43366566842645,de5cc8de-58e4-4d05-a40d-065cb5e56337,True
SP:10,3b5d0153-055a-4742-ab16-7a45253a0db0,50496b92-8845-484a-872e-dce38fdb6a3b,16.471855470339563,16.471855470339563,4a76305d-ef55-4262-bea7-acd093f91030,False
SP:10,51777628-d812-43d6-ba0f-ffe11c083367,b57de0de-2f17-4271-bb91-5b4d9a44133d,13.395341932434524,13.395341932434524,929ca9be-a463-43b6-8b32-021f11f97b5a,False
SP:10,54ef0bb0-db5c-4e65-b66d-87611d2b3f21,7d20941a-e1f0-4571-b6d3-53a794b34ed3,17.48932228635685,17.48932228635685,ccec657b-8d88-4279-92ea-696640aa0029,False
SP:10,5ba329f7-e943-4992-9ad1-b52a8f5a64e4,bcc7bb50-c9c5-4f1f-a4d6-20e38b6ca8ca,16.270227527454995,16.270227527454995,fbd2a1a7-fc85-4f70-9e90-897f87189dd7,False
SP:10,5f75d8ac-b5ad-4b2a-b8fe-daf21e0c0b6d,e1564d3f-c9e9-4156-bdfe-32aebc564661,14.090489426864904,14.090489426864904,22a8688f-e32e-41ee-9244-ec2827aa8c7a,False
SP:10,6361a56d-c861-4fed-976b-9c0961b62fbc,b4fb296c-a51d-4784-88da-72ae13bf5227,13.486777969159421,13.486777969159421,8f860183-8557-4f12-b86d-79bc5920be97,False
SP:10,6475e7f8-4834-4e9f-8803-2f7161c03a81,a4b14f57-d92c-4545-b6fa-9ae33fbe8e47,12.086086864393467,12.086086864393467,5c258562-873c-4035-a841-d8f29adb51e6,False
SP:10,6489cdaf-6c8c-4d6c-bc83-39a1792bd150,ce80e33d-b2a2-484f-bf50-3b81fc95957f,19.48424765434204,19.48424765434204,feefeadd-2977-49a8-adf0-92c2fb57ccc4,False
SP:10,747a89e7-c093-4e16-b6cb-b153b59f7506,c040fb87-3df1-4624-b486-13aa43d2cbc2,10.622832020700075,10.622832020700075,38e9aee0-8978-480d-8eb1-0580c7435cd7,False
SP:10,75bb9983-a910-4a2d-b649-ff6fd8f199a8,8fffcb23-46a1-46e8-a7b9-55f576bf88c6,13.659471573703266,13.659472831675524,ca3e6171-7df9-4644-979d-8e2710baf8b2,False
SP:10,75e6c65a-7bfb-4939-acd1-38887ec40e16,7ba5820a-e2b5-42dd-89bc-06b02c80fc43,10.675911390506686,10.675911268139728,22641692-6923-4d79-af7a-ed6a94081278,False
SP:10,7ef263dd-8192-4d32-8c1f-91b94f64102f,8a2059a8-bb2a-4a14-b84b-d1097725b1bc,7.35464737358108,7.35464737358108,ea900b25-2851-458b-ba4e-ea8d11ab1bc1,True
SP:10,896ce202-f14d-4ca9-94ad-bbe4f703854c,a73fb568-1bed-4960-aa00-9704505a89f5,17.2899601258294,17.2899601258294,1ed288b3-0ef3-4a11-8039-6dd40c87a51b,False
SP:10,896ce202-f14d-4ca9-94ad-bbe4f703854c,eb54dafb-e1aa-4d74-99e0-71d68b88e6dd,18.468257519519163,18.46825751951916,17cd1c0d-9089-4c36-8868-918a833fd21b,False
SP:10,8d620aff-8391-458e-a02d-89f8058b9adb,ee522f83-5d44-443a-be50-238afbd3c2c4,3.4931918778832105,3.4931918778832105,9c2eb298-0fe2-4abc-a486-67d370307cf6,True
SP:10,94808fc4-ae5e-4e22-accf-0e6518ceccb5,b86b8d25-55f9-47de-b9b2-46b530394443,14.037471218425203,14.037471218425203,b32de7ea-c23f-4733-8dfe-ad931c51092e,False
SP:10,9a85f3e4-da15-4163-9099-8626fa6c9d8c,ec9ae7d9-e81e-4cfd-a0bf-c555922b00ac,12.531310985071334,12.531310985071334,049f167f-8cd1-418c-abbc-c26fbdda1ab0,False
SP:10,add16976-f673-4aab-96f6-26130a33036b,c73ffab4-91ce-4b4b-8e27-0cd58cb95101,13.824283382209261,13.489611180379855,49694ce8-6e77-41be-96cf-18860ecf8a10,False
SP:10,b45fe193-933e-4de6-b3e5-00d73da21952,f07cb1e3-ce54-43c3-8856-5634f779c857,16.246881834413074,16.24688183441307,92a5032a-97b9-449b-a3c2-1a02d6cc604c,False
SP:10,ca0d28df-e4f2-46ab-99ae-1b9807fa0aaa,f86f804e-526f-40ad-ba68-5b98f8dc5ef9,7.484399040643307,7.484399040643307,e0df5811-5b15-47a1-a4ae-0f4e7190686f,True
SP:10,d145d24f-703f-4f4b-a9a8-0ceb16f2c97d,f30584f2-e3b8-4acc-b7a4-c39ffe3b9bbf,13.864155768029654,13.864155768029654,1378caa7-f24e-4177-b010-d030bc69205d,False
SP:10,e336fdb9-b590-42bc-902a-140a7d44c762,f07cb1e3-ce54-43c3-8856-5634f779c857,8.87213830508054,8.87213830508054,74c1425c-5580-49a4-9b91-85336dbf4660,True
SP:30,0081c08a-1d8e-4cf5-826a-d3af89fd6ed8,2c0f98fb-b733-4984-8554-ac7989c55a5b,11.823466335456494,11.823466335456494,7c6e85d0-952d-44ca-add0-bf5b8256de9b,False
SP:30,00830eae-c4cb-4a3f-8fac-10e1f4deeca8,a8356fab-0a5c-4302-85cf-6b1b5cf5a300,15.888924454438268,15.888924454438268,23690c3f-f8e6-4d71-b0d4-72a2ba9d0e45,False
SP:30,011b804f-080f-4a39-9b20-9da1a9c38888,4961e8e2-5df7-4301-809c-559bbf405a2e,8.80829894961296,8.80829894961296,a81867fe-a7c5-4e59-b993-741011155e83,True
SP:30,02660e1b-a736-4eb3-8493-ac6375a259eb,e785cfb8-94db-4c1a-a5b3-d37d35421e25,14.059736148143326,14.059736148143326,ab3fc305-22ef-4e7e-8436-926ef7bc5451,False
SP:30,02cfcf98-c9e7-4390-8b13-14338de4adda,08efad4f-b390-4a40-937c-44d011062535,9.174298278347154,9.174298278347154,f372c517-cdd7-4468-abbf-fa6823101a8f,True
SP:30,02f265a4-5fe9-465f-af69-c14b91a5c3eb,58720301-cb69-4660-be6b-070b2f9c0b3e,15.27226282872306,15.27226282872306,fcf5f450-013f-4bf4-850e-f9c4e85bb9a2,False
SP:30,030cef11-78c2-4426-9abd-4468ba8c540f,1ef538ac-691f-4b67-b0da-0ab8a52af554,16.49733569743789,16.49733569743789,1140b758-2b82-4a00-ba3f-0365196c407c,False
SP:30,030cef11-78c2-4426-9abd-4468ba8c540f,a6b413f0-3396-4384-8254-b631462360c9,8.668330514738768,8.668330514738768,8756070f-6d43-4b46-a0ef-8bb3d9eda41f,True
SP:30,038e09e5-af1c-4ecb-ad34-fe056e0ab6ed,2681ed59-63b7-4009-9a95-6b0fad7c7624,9.23305685495677,9.233055926334261,93ce6d75-59e5-44d2-9c1a-8343d9469109,True
SP:30,039f6744-f8ab-41fd-8619-05cfe3de452d,87d68799-8514-411c-afa9-9ed52f0e1731,5.9040278823923416,5.9040278823923416,01e28c9c-19e9-4b65-8c75-72393397d67d,True
SP:30,03ba38c8-b9c1-415a-8ba5-cb42e3442298,8b3bc417-5459-4ef5-b013-ac8e9c5d2b6d,12.395408826164196,12.380563855243834,804709b4-8d27-46d8-85b7-82f752d98bc7,False
SP:30,04ed3361-def3-4e5f-83a2-b0b648356b62,196acb17-2b33-443a-8ac8-a8abd959bbe4,6.011847421171105,6.011847421171105,ab3aa5c2-eb22-43fd-a6dd-443511782318,True
SP:30,053628d2-5954-4161-98a1-c0c4050adefb,f701bccb-9e1c-4b29-8e45-ad292cb0f4e3,17.352901281620202,17.352901281620202,30f51a8d-4586-45f3-a171-971b40d515b5,False
SP:30,05614f44-6fa7-4d2a-bfb3-2a2e84dd55a9,48f326bb-448c-4d61-b6a3-7aebb9868718,9.82114083995556,9.82114083995556,9f31d1f7-9ccf-4a06-9aec-2682f5d36d9d,True
SP:30,057b791d-baec-48f7-a8cd-f578cb39760d,bcd6caeb-29c8-4504-9862-f9dde9dce608,14.284807322946598,14.279307595783013,3d945f6f-7c8f-4bbd-bc5f-bd80ee16e78a,False
SP:30,05842a9b-bf78-4c42-b23d-f5f463f2241e,a6625c08-c2ca-43d5-a884-5029ac236208,12.416792048149475,12.416792048149475,8d86ebb2-2195-4fed-a5fc-9dad4d0e392a,False
SP:30,05dc4ac1-98c5-451c-9573-8b6c2917d302,a0dba01d-75b4-4757-96c4-3ce68669d84a,13.78044071043588,13.780441140296233,2fabd7ec-f5d7-44d2-9131-d9fad900b649,False
SP:30,060c2a95-0944-496d-adc2-6249687838ab,7ad3e1ab-74cd-4122-aa6b-54adb1a95f9d,15.82508095455455,15.82508095455455,1a56ad1b-20df-484f-bffb-e38195cf32ff,False
SP:30,06ef7308-4eaa-44a6-a7fd-30727515241f,65759389-d712-4388-ad84-9cd5489bba63,7.900748988550039,7.900748988550039,91048c5a-44d7-42b0-a17f-ad274f5c8ccd,True
SP:30,07dcac72-b019-4f19-a36c-37e31384a23e,33c6ef95-b1ab-4f55-b37a-532086a4e417,4.448001120791222,4.448001120791222,434bcaf4-b1d4-4b4a-94c0-8a4dd35b3a9a,True
SP:30,085812d2-2ed1-4cab-b4ed-73c4fffeefb5,d9912ba5-f0df-4e20-a17e-835cba908167,5.30099288210014,5.30099288210014,d951337e-0e58-4df9-8046-34d77a987995,True
SP:30,09c0df24-dffb-47d7-afb0-5e9bbe785b90,0c9b9b00-4355-4b96-b2b4-d9ad31a27691,13.675547789777786,13.675547789777788,1a9bfeb5-bef8-4fbb-8c4c-d1e31a7c9def,False
SP:30,09c6e960-2d29-42e9-afb7-94c6c990a0d1,5af1d0a1-9f2a-404d-9efd-c16ba2931bd6,9.153612474171448,9.153612474171448,e85142b7-f51b-40e1-8483-4c2f96c70682,True
SP:30,09f546a3-f0aa-42ca-a443-982a09d11c68,420f1892-029d-4339-8187-62c4ed06f7f4,5.756725512337371,5.756725512337371,2d34cd84-b548-40d9-9643-53028092abe5,True
SP:30,09f546a3-f0aa-42ca-a443-982a09d11c68,77324822-8310-4695-a77d-fe5f11611593,8.538453820235178,8.538453820235178,3ed24fe6-4bf6-4d84-add8-62f4ff0cee68,True
SP:30,0a2c61d6-9dc4-409a-b8a8-89e2c2db7e1a,c96f539d-1906-4287-9f05-877e1ac71356,9.030933309736593,9.030933309736593,341c0d1c-5e40-4b92-a323-fafa82670c06,True
SP:30,0a4af3b7-9e5b-4024-bf38-87085069e2ad,8f471f97-9f04-4f21-af39-7273254a6e03,17.3533318704292,17.353331870429198,8d4a56eb-2018-454f-885b-84c828fff634,False
SP:30,0a4af3b7-9e5b-4024-bf38-87085069e2ad,d1ac5bac-8916-4be1-8317-234044f80cea,6.989365413393245,6.989365413393245,eeb259be-4fd4-4628-91a7-854cc3448f67,True
SP:30,0a9bc0ba-979d-426a-83be-a67bc7992ee3,618dcdbe-de15-4c46-b3f0-c1a6fdee6c87,15.746282482639202,15.746282482639202,ce07d5a8-6dcd-434b-b2a0-50c35e80c4b6,False
SP:30,0aa8e46b-7208-4646-bdaf-aa33644497ea,79a0ba67-523a-42ad-b288-16166e04f3eb,17.950418754956203,17.947037397690377,b551f86b-1d95-44d3-9f90-ab773870e706,False
SP:30,0b85580e-0702-4f40-9f6a-f427d256044e,b33a9ceb-534f-4c9a-8845-56766ab2c440,15.60294101573615,15.60294101573615,a6d4c1d1-3270-4cd1-a2ca-7f15fd195656,False
SP:30,0b8cb01d-783c-410d-8049-6f0f3c32f0d5,7c77f8ff-1e36-482b-8faf-6a32c0c04886,10.591301847935473,10.591301847935473,f0074f01-f36d-4ed3-a3ee-86d0ba82d81f,False
SP:30,0b99861a-48a3-42e3-9fc1-3da4c9f4991d,e3eabc04-68fc-4749-85d2-ae808f7c6509,8.444140813592526,8.10427357639968,5d1b735c-88cf-4c6b-bfb7-8e4779b658f8,True
SP:30,0ba442d7-8118-4757-acdd-54c672cc6f12,11ec6f53-9535-4a62-a915-22ec3559e777,9.642391252763758,9.065596052464146,44c0978e-90c6-4e85-8d53-1c5c8b8977bb,True
SP:30,0ba442d7-8118-4757-acdd-54c672cc6f12,a45b7bad-56a9-46f5-9c76-e1ef105dba0e,15.663174310459347,15.663174310459347,5008260a-fca5-4e23-b49a-474499dd4528,False
SP:30,0ba442d7-8118-4757-acdd-54c672cc6f12,c44c0926-0341-4da6-8f1c-f25ba8c78a31,10.557555725249436,9.816769010939671,8714b3ff-5970-488b-8345-dfa930549f58,True
SP:30,0c389558-2094-400a-bb90-f744122de98c,740a3ffb-78d4-47b8-afd5-490ca75c3496,6.822325635587417,6.822325635587417,e4938946-e2f2-4be1-a9fc-1b869c6d197d,True
SP:30,0c99add6-51b3-4891-85a0-76e7c27dc05f,c535ac35-3ca7-4015-b0ce-ee63cbd92cce,12.341134242083381,12.341134242083381,aa3c6de1-0bd5-4fa2-a4ea-3ba3c6a0d873,False
SP:30,0d253da4-a34c-4ab8-91e9-f8bed2be1ce1,9e7ad28d-dac2-433b-a076-eec618c285a6,14.21788955653867,14.21788955653867,ba558287-3b48-4b00-adf9-d20f793f62ad,False
SP:30,0d8f3223-458e-4a1a-a39b-6c1fdaa22008,0f5838e9-6b90-4a8c-b920-7e14a13f999c,5.69877625335138,5.69877625335138,d5bbd645-b036-4606-bc99-ea2581d26f47,True
SP:30,0d8f3223-458e-4a1a-a39b-6c1fdaa22008,16bab92e-e212-4151-9d9c-d024e13a46bb,4.8591995737134965,4.859199573713497,00a35b11-9051-4f65-9d99-931bbbb038e5,True
SP:30,0d96908d-5e05-4f12-aa2d-b23da3f53fda,45e52424-38fc-4771-a8df-9ab07a4c4841,3.958600927971639,3.9586009279716396,460ab511-67b0-4607-90f9-ecb6b49b0f7c,True
SP:30,0de91781-1cf6-4ca6-8b8d-2c289cf10617,18b06d33-8944-4f5a-a1f9-79fedc96b110,15.473312312641186,15.473312312641188,872bb402-e68c-4844-949b-7a4baefd0af6,False
SP:30,0e74f9a6-839d-4ed0-89c0-8cf02f4bc460,ec2114ec-6eed-4066-b58f-9147e7b27742,7.047295710049854,7.047295710049854,bb78c287-ba0b-4c3f-8c4e-ca4a621dffb1,True
SP:30,0ea501c3-a434-4dff-8fbb-1f6b4e749f57,1796be85-61f5-430d-8c6e-de7e39dc5dc7,17.317488162897277,17.31748816289728,2ef910a5-69b7-4eb9-a8c4-e5677f065d9e,False
SP:30,0ea501c3-a434-4dff-8fbb-1f6b4e749f57,1bbb5ce2-4f52-421e-976f-6f1381d34fac,3.3924016568405824,3.3924016568405824,27c016f9-3dc2-4ee1-aed1-ce5109a68ed4,True
SP:30,0ebcb7a5-a9a6-4c15-83ad-d670912d6dfe,43781e25-4505-40b8-8abf-b43532d50adc,10.299227347122065,10.299227347122065,b9004922-4b70-491f-9847-c2b5b1da4635,False
SP:30,0ebcb7a5-a9a6-4c15-83ad-d670912d6dfe,f4157a3b-4cce-43ec-89a5-cd469ff36bef,15.138453856096277,15.138453856096277,fb0f68d2-60a6-4467-af84-ba8db76422f2,False
SP:30,0ed876fc-3404-4e21-bc39-5f6dbf8693f8,d78fb0b1-1d07-485a-af02-af152ce7d6a1,16.846130213608987,16.846130213608987,a1ae891a-df16-4af7-a87c-f15a3559154a,False
SP:30,0ee5cff1-494e-43c7-aec0-40f48d70c5da,55cd36b7-23c5-4371-9b9d-dd9474d4d63e,7.7142190392566565,7.7142190392566565,fe02f29c-ec5e-40bc-8084-8f025a8061c2,True
SP:30,0ee5cff1-494e-43c7-aec0-40f48d70c5da,77324822-8310-4695-a77d-fe5f11611593,14.930850855939159,14.878908026800687,358db64b-203c-48ef-bebf-74d63c0dbd15,False
SP:30,0f152609-c5ba-4e4f-bd96-71b0f2316e9b,e9355ed8-e7bc-49ec-a622-cd5332e2d284,5.0654267745654815,5.0654267745654815,15c0dc5a-fd64-4121-9c9a-6e065c1e38da,True
SP:30,0f15f2fa-01ee-469a-bb83-f53fd170ae91,74317c4d-e7ca-41e2-92f9-52d0ed05ce24,18.040682872106885,18.0330005286725,b0bca779-466c-4b16-9596-e69800b80daa,False
SP:30,0f2c93d9-9893-4253-9619-53ec3418cd39,877488bc-f03a-40fe-863d-3f1f37ad701c,17.10935084197635,17.10935084197635,81df5cf4-77ad-455e-91b5-c095fc83f111,False
SP:30,0f54dcb3-09c3-4a82-a384-5337e2742fb7,e4a8ef5c-e011-446c-888c-c4eb674233ca,14.05802156991204,14.058021569912041,60cfd160-9637-4fb4-92e4-036b5226c70e,False
SP:30,0f5838e9-6b90-4a8c-b920-7e14a13f999c,16bab92e-e212-4151-9d9c-d024e13a46bb,6.647549353598136,6.647549353598136,1d3e00dc-e5bc-4856-989e-82e48b03033d,True
SP:30,0f80d908-a060-435a-8ae3-7ec44d357153,2678ce47-6e78-496b-aa19-febbefd514a0,4.820195661462813,4.756617852136596,eedeaefe-6b2f-4794-bc7e-0ebce31430af,True
SP:30,0f80d908-a060-435a-8ae3-7ec44d357153,e1c68d4a-88f3-4027-9425-e673e68ea419,9.673598082046889,9.051717291068567,f1038e07-01f9-43de-ac33-4255ea6f2941,True
SP:30,105efcb5-cf7e-4b59-9ef8-78b0b90c8928,b51d64fd-3976-4633-995f-839a7f60aa1a,7.089419795151854,7.089419795151854,3990c354-46ed-43ce-9b5d-11c222ebb04c,True
SP:30,10dfc0fa-2870-44f8-9172-15292d6795b5,c0a3a0b2-4c26-4db6-86df-c9b32ec401a8,17.522533680216466,17.121047062045132,9b29a9be-91d9-4876-bf16-4447d4e23cbf,False
SP:30,11a7348b-c783-44d5-a467-c89c09157df5,932735a9-f1d8-40cc-ba01-203a3514995e,16.049210813688806,16.049210813688806,3d800174-6897-4aa4-b95a-f5b0225e6284,False
SP:30,11b4ffff-51ca-4a85-8d45-3d3f2ee7b0d7,bf5ca991-b3a2-4434-aba6-f8ee74de75b0,7.598102334747486,7.598102334747486,0981c6de-6e23-42e0-a94e-4757ac119661,True
SP:30,11ec6f53-9535-4a62-a915-22ec3559e777,5838d035-6a42-441a-898d-d36967e617af,16.8651176639779,16.8651176639779,bc525831-fb0f-4fa9-b9f0-bde2fa07c73f,False
SP:30,11ec6f53-9535-4a62-a915-22ec3559e777,973567d5-10b5-4f27-b245-f8afabebd306,9.741684995693124,9.151974115672038,ef6a6eb5-2c95-4aee-83a0-86d64b374b6d,True
SP:30,12528701-0f0a-41c3-848d-a1ec08a73efa,c2f78a1f-821f-49b4-8dbf-3f139e730cad,5.441169894137019,5.441169894137019,4f9f1a24-290d-420e-898f-2d40078dd794,True
SP:30,12f0833d-da14-4426-950e-0a9cc7114b1d,94cfac7d-c6dc-4ad2-8b8e-d0304a12fb33,12.947438541138833,12.947438541138833,6253258b-9c45-4e48-879c-81c2d20eb406,False
SP:30,133c9286-3640-4453-bf43-cdfec846356a,68afa14b-298a-4b6c-9b18-6504de789e8f,3.583979947028965,3.583979947028965,8a2b1bcb-d088-4eac-86d0-542e21a9d97b,True
SP:30,13f01904-99a1-4693-bbdb-0c1d5644cca3,67117daf-1114-4961-8334-b2e18178a3c5,14.290199703960694,14.290199703960694,d6720e89-2c1e-44a0-a646-142c7ed1aaf5,False
SP:30,14092502-4a4c-44a7-9046-21ac91832c7c,44a15599-98b7-4ec8-84b4-ad60d90f6a89,16.676837491143495,16.676837491143495,d65ada79-b7d9-41df-8151-049f9ab0126e,False
SP:30,15770a77-593a-49b4-aeaf-277899731d45,2afb60b7-ebb6-457b-9c90-7dcda2198f92,9.240574458056381,9.240574458056381,3f34fb19-16ca-418d-b30a-e23d4b9b2d11,True
SP:30,15770a77-593a-49b4-aeaf-277899731d45,dbed1b99-f562-4ca3-bb98-8ff288efe37c,17.761350707772138,17.761350707772138,f9cda76b-abbe-444f-b18f-8def74cec6da,False
SP:30,15875c91-534b-4521-a790-496a31087585,2afb60b7-ebb6-457b-9c90-7dcda2198f92,10.187058100713568,10.187058100713568,ec9ccc49-d6ce-4ae7-9abe-587114e97928,False
SP:30,15875c91-534b-4521-a790-496a31087585,dd4b4926-ec13-4baa-b9c4-48dd714e26bc,7.140208773194244,7.137971503589211,baecc9da-b28f-45fb-bc39-4a1119b9eb8b,True
SP:30,16802fa8-f4c2-46b4-ba5d-0e47dd512552,d6d1611c-fb33-423f-9291-94fd6ccefd92,14.146438981539177,14.146438981539177,0c5bde2b-aa84-4d40-a223-42237e081ae9,False
SP:30,16bab92e-e212-4151-9d9c-d024e13a46bb,d6c7cac3-6061-4609-bad8-3aaa4f048f60,19.12560328617258,18.981547021741196,f3d3e106-6a59-4005-8386-8e486c224f48,False
SP:30,174628a5-5267-4e1b-a7cb-23917396d314,2b79db1c-a1e8-42ba-a588-52d004835a79,3.0492935611227527,3.0492935611227527,b89398a9-c957-4075-ae79-993367ea3d98,True
SP:30,1782b30b-cf72-4a64-b5f3-25352aac1f7d,e6380cc1-46e8-4084-b676-8d026a71dd8d,17.801963552931774,17.801963552931774,db7a9d47-c3a8-45be-8d7a-0ecb4e79ad65,False
SP:30,1796be85-61f5-430d-8c6e-de7e39dc5dc7,7425bfdf-e226-4761-8a4f-79ae7f4a5ff8,13.080114141903573,12.531351303466343,4c48f0fa-25a7-46de-b100-2feff350b382,False
SP:30,17c7aa39-d807-49fb-9958-87409fdb859d,a3118e59-f1ac-4b3e-8e0d-587ce5cbcea3,9.987212022530056,9.987212022530056,be5b8b48-45f6-48af-a8cd-1a9a37f12f08,True
SP:30,18005cc3-5cda-416c-8849-0d704fd8e2bf,27e3f9b5-b74a-4e20-9012-c4ea0f5a6080,14.313023025707018,14.28043146929575,2077e209-37e4-41fa-972b-c2666321af65,False
SP:30,184d95f5-088d-445f-a9c7-1edc71c24f1c,8891b803-e987-4e5a-8c71-74fdd726a9d8,15.51747284198272,15.51747284198272,1ad62c6c-4344-4f17-af6a-bc762c84213c,False
SP:30,18b64add-ef90-42a2-8327-55618c4702e3,2cb37855-0b5c-4e5f-b58c-b631cb5b3b51,11.669642314593148,11.669642314593148,de6118ed-28f5-4999-a5db-cfc973985908,False
SP:30,199d5539-66fb-40aa-8e59-adb3965ee138,40e813a7-f9f7-463c-b73c-961e41efaf02,16.34962246709772,16.34962246709772,c2312f89-6039-47fc-97dc-609e2ba32b18,False
SP:30,199d5539-66fb-40aa-8e59-adb3965ee138,dd09ae53-34de-4489-875e-6429f90edc0a,11.971949197598834,11.971949197598834,0d09963a-a378-4854-9931-479c22322f3c,False
SP:30,199d5539-66fb-40aa-8e59-adb3965ee138,e3a34b3f-7d0e-4386-a831-1d99dc0f4a2e,16.3280302048156,16.3280302048156,e681a3e9-98ea-426a-aadc-7d246f1c440f,False
SP:30,19f56080-a1f1-463c-9e98-34176603dee0,8a96858c-31ac-4718-a71c-e672aae2947e,8.166640020235139,8.166640020235139,49ecac30-31dd-4c72-845a-45ab92812e72,True
SP:30,19f56080-a1f1-463c-9e98-34176603dee0,cd41a562-6353-4b78-bd8c-7917d8c3f4e7,14.49876795909482,14.49876795909482,5d30b099-f337-481c-bbb0-f0d5946f0731,False
SP:30,19f68f75-8d52-41e9-983e-9c00c9b3b067,3e6b2739-bf28-45e3-adad-877285f7c2fd,13.99217857139954,13.992178571399538,8a15ba5b-7570-4f19-82b0-58371285dfe8,False
SP:30,19f68f75-8d52-41e9-983e-9c00c9b3b067,4f64c41b-1fea-4d11-a48a-9b49fc7154a9,13.516457396471237,13.516457396471237,b748bea3-087b-4d65-8e02-9d02071f5564,False
SP:30,1a09ea91-d770-429e-9fd4-1b8a0095dc20,adfc7406-ccbb-4dc4-8c15-72e45eac54cd,11.71486325590267,11.71486325590267,567e0697-775b-4041-aff0-07de4233da9d,False
SP:30,1a43f49e-b59f-4c96-a018-59a4f1e983d9,428ed2e3-d1d7-4cc2-a606-b47a2b380a0a,18.74255437137656,18.74255437137656,cde94582-59ae-4853-b95c-8f5fff656a44,False
SP:30,1a974720-2219-4064-867d-fd7d69299b8d,291cf18c-7bc2-4c90-aad1-9d57f0001bc2,19.32530576172286,19.324455078338254,7f14ab3a-bb44-4210-bd27-8e404c3804eb,False
SP:30,1aad8b2c-6014-40b2-b0c8-33050729e2f1,20ac7dd2-3495-4f8d-8c67-79df290bcd6b,9.733097637753033,9.733097637753033,b14ec9c3-633b-4284-a7bd-e821ed4e2f1d,True
SP:30,1acb0655-a1c3-4060-b9d1-29b115c7ca15,4b6cf092-74b2-48aa-801f-a346cd3acd90,11.391407568141991,11.391407568141991,1a9fff00-89f5-4642-aea6-e07925dec8da,False
SP:30,1acb0655-a1c3-4060-b9d1-29b115c7ca15,f292546b-3f2d-4b40-b97d-8dc4fbc8d7e0,19.123651530607972,19.113087403657033,eeb10cd4-d384-42c5-bc63-ede396361670,False
SP:30,1ace0ba5-2ce4-41ad-ad89-a184b6a5cdb5,81933bc9-d224-4e89-a638-7048d7516f37,5.310548876975701,5.310548876975701,9494d59e-8475-4ced-8150-b6af2255ebe5,True
SP:30,1af3888b-beb3-4339-af6d-43b00f3673ea,b0eeb53a-b9d6-4a94-a9c1-ac9891eee2c2,15.348506040048594,15.348506040048594,e7704c11-6679-47d2-94b6-64b16cb6a8cc,False
SP:30,1b130cfb-0ff7-4576-b250-82b786638f40,7076de18-5fdb-4b90-b794-10e227198e2e,15.344089122350908,15.212589722112135,4b7cc51e-291d-471d-800d-bb249a1bc189,False
SP:30,1b130cfb-0ff7-4576-b250-82b786638f40,8438971f-1356-4739-ac12-b700cc2fbc54,5.16905069273448,5.169050692734481,88f0d08a-9f29-4fce-b95b-779a87551e92,True
SP:30,1bab6ee2-cd45-41da-81f8-e365ae4eb414,b167bb4c-a6df-400e-ba5e-f6392ddda2c2,4.51884547887752,4.51884547887752,d6c7e82f-45d0-44ad-b410-a3ab16d36991,True
SP:30,1bbb5ce2-4f52-421e-976f-6f1381d34fac,dc3450c1-99ef-4f0d-9eb7-b99778b48748,6.82465450907267,6.82465450907267,f1323275-649b-42ca-ba13-c6f5ba34d0c1,True
SP:30,1bd0fea5-70c6-447d-bae9-8bfbbfeee30e,1c623367-cc38-4075-83f8-e1621e640277,8.645484689634387,8.645484689634387,5ba18103-3164-4267-ac98-6ed467f24646,True
SP:30,1c1f83fc-e367-4c51-8f10-376751848244,85c95e0b-b6ad-4008-b469-06a4b7e2cac1,13.733255021513044,13.733201848625512,ff4dd21e-575d-479e-ac4c-b1a8a27e11f5,False
SP:30,1c30b667-168a-4df8-ad7e-df0cdd6d35e8,373974dc-3fd5-4599-8d39-5790fc364110,7.615913291855554,7.122731171734453,2d604e53-a6e0-4361-9697-93b64c6866f9,True
SP:30,1c30b667-168a-4df8-ad7e-df0cdd6d35e8,ed32d845-76d4-42a3-a9ea-59daa372053e,2.6300850908806543,2.6126351468076923,3847a922-b842-447b-9b4a-e05256a7847e,True
SP:30,1da6c073-eaa2-4925-ba7e-490c3122b6ea,8a9282f2-17fb-4f30-a2f1-78af58248055,10.918314823020562,10.918314823020562,9090ae49-c452-4df9-b03c-f47dce25c7fb,False
SP:30,1e004f54-4d84-4b17-9546-6d092848207a,39694ce4-16cd-46db-b0f6-93515cb6834b,9.459190901154502,9.459190901154502,fb2930e3-4f28-4e4b-ba13-fa6f529fd051,True
SP:30,1fb154a1-1301-4f3c-8fa9-5d594012e6d6,7a5f32ac-da00-4612-b302-c1cbf52f432a,5.486112908302317,5.486112908302317,21923f4d-cfe0-4967-9601-cb9813011f8b,True
SP:30,21c7f3b3-c38b-4046-8f16-f1ae596deda0,bd708eee-340f-45bf-9052-53b20dbff2a1,8.839490692105958,8.83949069210596,cbde5984-6a7f-4511-9cbb-cb60947a6db0,True
SP:30,21d926a3-6796-48ad-bbe0-d3a43067e276,64a69873-5509-4783-be6d-5219ee30ebd1,14.214515339089516,14.193621033946396,24eae227-2794-4657-b0a6-6308f671d613,False
SP:30,2226be68-a08d-4fe4-9a6b-72a3fa84e446,513dd64b-19a3-4241-91a9-930ff5037960,17.364283943625257,17.364283943625257,b6fb8375-18a0-4c2c-bb86-e938d872b54d,False
SP:30,225062ae-36e6-417e-92de-577e2544f26c,2c3fb84b-2de3-446e-a430-293fe584920f,8.006224994714938,8.004275300327539,c8fbaaaf-d2ba-4f56-8ea5-c293a0dfa759,True
SP:30,2291a444-1bae-45b5-9d6b-81dbac22e5b1,9cd507bd-c5db-4d33-b5b6-5967a225b2bb,5.881573475227257,5.881573475227257,58b48238-3ba2-4dc2-8394-b2fae5bb66c2,True
SP:30,232c9b05-e610-466d-a9ad-5a46a9c221d2,3b230bbc-fea2-47a8-bfb4-1605960aebfe,11.622943062013485,11.622943062013485,c25f07c6-8e44-49e2-a39c-2f1bb4627a28,False
SP:30,23329647-3993-4432-83dc-0fe8178dceb1,2efb16c6-8b5a-468b-9177-53f9334b77f0,19.38348657687972,19.383470736694644,82b18452-d570-4bb8-b162-05d807e6d747,False
SP:30,238d82a3-490c-421b-8d6f-bc149fcdd533,b4875437-887f-47f2-9758-5da76309b369,10.647739400067739,10.647739400067739,0046cc48-4f8d-4fa0-b5ce-1247c2f88e90,False
SP:30,248ef3d8-3328-4b59-8d96-fac544d5bddf,5a0c7012-60b8-4595-ac96-49cc84c5fdee,6.454099764398489,6.454099764398489,b08fdf37-4a19-40e4-91f9-56c792f78d08,True
SP:30,258684ce-36e3-4e25-9b5d-dc53bc70a9d2,5da82d04-023d-4ad4-a8f9-6c944af9c4a9,7.532371886935412,7.532371886935411,a261cc27-1aec-42fe-8a4d-2dcf6377b3f6,True
SP:30,25a6ade2-7e76-4e9e-82f6-fa53c2fb2f0c,37dea7ed-312b-4228-95b6-1dd7d1535d04,9.515010692973739,9.515010692973739,351b23a1-8f48-44b9-939d-5da3ff074391,True
SP:30,25a6ade2-7e76-4e9e-82f6-fa53c2fb2f0c,8859cb0a-d422-4d2e-9147-1b2546376033,11.082251361828398,11.082251361828398,d6b4d080-889b-44a2-bfe4-d2415091ec24,False
SP:30,25b210c7-915c-4c42-a297-705e690c5642,c7fd1404-6494-41e6-83ed-12ec0b89d888,10.158804785059418,10.158804785059418,011352b2-2bdc-4ad0-a4ed-48fede8fbd16,False
SP:30,261ed553-8053-4074-af74-9632a585619b,9fe35410-5b4b-48b0-bd1a-0af56bb1bae4,11.806988629533333,11.806988629533334,aa13a32b-cc76-4601-8d02-14ca31c87327,False
SP:30,26237f5f-aa30-4dc6-abaf-e03793ef7bf1,c8f75049-f794-4e73-8901-df749a4e52c3,9.09548903254691,9.09548903254691,149d90da-944e-4043-8833-1afd268a56dd,True
SP:30,26237f5f-aa30-4dc6-abaf-e03793ef7bf1,ee14ea16-4fc8-4c59-b15f-9bd945f0a46e,18.37381998994831,18.37381998994831,4e95f086-1a56-4ebc-998c-7c0812f30618,False
SP:30,2678ce47-6e78-496b-aa19-febbefd514a0,ab8229db-f9e2-45c6-a96b-cb993d231dcc,7.057853223063931,6.828731891490013,ec86538c-8c4a-4922-9de4-de2afe954f0b,True
SP:30,26b6ba4c-eca6-47a0-98c2-b298cb6a6484,82570171-aa9b-4a2a-afba-3388d268ff12,8.079985609389256,8.077436237346515,f0676f52-1189-40f3-a611-a1834feeb622,True
SP:30,276d0f97-e88a-4027-920a-985c01becaa0,dbcfb958-26ea-469a-8e60-8bae0312deb6,11.478158667894194,11.478158667894194,d1eb8909-a56e-44fa-ba72-d38aa85cb474,False
SP:30,27b728e2-d35c-4ed8-b70a-efc9113e0034,92498363-2516-4bb4-89d0-34dca09345eb,9.24451978663068,9.24451978663068,294d47c1-c511-4920-98da-629ef7773170,True
SP:30,27f3e1d1-46d5-4320-ba56-c04d1c885fee,e8b06807-0989-46a0-a1fa-48aff2394a51,6.083383253032481,6.083383253032481,06d93e87-dc87-48c7-b4be-953343ac3587,True
SP:30,28832e0e-f30d-4b32-bdd7-1dfd87a670ec,ca0616be-07dc-4664-9ed8-bb089ada57ea,15.687668004691742,15.687668004691742,dfaaa403-8721-4da7-9511-a17f978c14f1,False
SP:30,28832e0e-f30d-4b32-bdd7-1dfd87a670ec,f4bc4ff0-36b8-46c0-85e2-167a8a94730d,19.236673651416016,19.236673651416016,403c42f5-d275-4cd8-84f0-46f462a09ddf,False
SP:30,292c827d-720c-440d-a423-b37b9e3fe253,299392c0-bc37-4028-a394-4bf2dd5a95e6,6.611824420999568,6.611824420999568,1d28e059-52a3-48e6-876d-af3cb31fed4c,True
SP:30,29424f44-f94b-4942-882c-fd1b48873fb2,4d16ef88-8a65-4144-b6b6-d91c0bc9e7b0,18.63536622039861,18.63536622039861,a23f5de7-ca32-4adc-9e29-325ae18bdc16,False
SP:30,29dd44dc-ea39-4d21-a42b-f20a49d12360,a55bccc1-9195-45bb-a71d-03fbf7236366,5.820906566661654,5.820906566661654,6976b6f4-f99f-4071-8304-42aba44486ad,True
SP:30,29dd44dc-ea39-4d21-a42b-f20a49d12360,a59c8cc4-ffd7-4a57-a5c4-81db18fdfb4f,6.323509975256324,6.323509975256324,9137f2bf-4444-4602-a36e-9be3ea7c04c2,True
SP:30,29dd44dc-ea39-4d21-a42b-f20a49d12360,be41f021-f5bf-45e4-9afd-06c27f7beb41,11.940067393615537,11.940067393615537,01de1186-6c71-4b9c-b75e-c2664346f712,False
SP:30,2ac0d7fa-af8c-40a9-9f9a-c8262380c793,c3ea678a-d98a-4ab3-b87d-faedb387f658,11.038196380713181,10.464183330523761,72d571ca-fe01-435c-b780-1eb84452b407,False
SP:30,2ac0d7fa-af8c-40a9-9f9a-c8262380c793,dd5b80ec-de2d-414b-96ce-aba3db96dd76,16.348941933464676,14.504693808855091,4311bb18-bd33-4721-89de-a836ed792ac9,False
SP:30,2ad52fa7-9998-4c96-b775-a70bbd59ab73,58917c55-6db8-47e4-8ee9-4381123c4671,5.452812709525222,5.452812709525222,cd8c02b9-6bda-4d45-bf9e-887fb62749be,True
SP:30,2aee5854-35ac-40db-a6ed-b60446fbe6e0,f3693cfa-6494-4e83-a0ea-72fb4ed83216,10.06846118068861,10.068461180688608,e7d4345b-86cc-4d46-9a1f-0b35ccab7cb1,False
SP:30,2afb60b7-ebb6-457b-9c90-7dcda2198f92,3939a98f-0a07-4a31-b81f-7cf931792139,19.284763846777018,19.24717073652902,a9d2f0a1-61c7-4abc-be92-b354085eaf98,False
SP:30,2afb60b7-ebb6-457b-9c90-7dcda2198f92,dbed1b99-f562-4ca3-bb98-8ff288efe37c,10.594826037405845,10.590218517463615,38ee6846-3880-437b-b7e5-0b56cac8e49a,False
SP:30,2b83e200-60d2-4777-8467-ded6e03ded41,4c8f3fa9-f1e9-462f-8a1e-2bf67fad2131,6.115359125575101,6.115359125575101,0fc7106f-a9b7-4082-b11a-39a8803b545b,True
SP:30,2ba4e95e-5721-499b-8e1a-1d9e41498640,347f1338-8a23-41bf-8609-dabfbd76ff49,11.935826461605107,11.935826461605107,c67bf0e7-2959-47c8-8980-7b024c122651,False
SP:30,2bb62c62-b528-4fc0-af6c-0e18098f64ee,c5e4cc43-c6a2-4f1e-b260-061127d65f88,17.770841906276413,17.77084190627641,b0eef6bb-d502-494d-8096-de1c4c581726,False
SP:30,2bdbe901-513a-41c8-8a1e-441e1ca24b2b,48c6125a-232d-4413-9258-bb69aa6e2af7,7.563135264281877,7.563135264281877,bf8d184a-62d4-431b-b36b-04abfd64c7ad,True
SP:30,2c212efe-8e1f-4284-ae45-1ea4c1e51fee,8088d085-2331-4aa8-84f2-b98ff6b0f192,11.1268881876767,11.126888187676698,b13dd9ed-4fcb-4ab7-a1f3-b936f72a58c8,False
SP:30,2cd8c24a-9fd4-4c89-b14b-14ea5a4f350a,c3ea678a-d98a-4ab3-b87d-faedb387f658,17.666745338902466,17.39485561447219,e5330b30-0462-4680-8274-640ac254aaf5,False
SP:30,2de17116-6b60-4c09-b2ab-5ae816bd19b9,a26a1ef8-b179-4af5-a743-2803f1f54382,13.436012461857139,13.436012461857137,d47263a3-40f4-4888-84ec-0546bc6c15a1,False
SP:30,2eef773a-9d2d-47f1-bca9-78fa354e00e7,97567cb2-6f0d-4d0c-8434-d2b5061c047b,5.922498996981551,5.920210401982984,eb5a0243-e12a-4691-a6ee-5a1b5ecf90ab,True
SP:30,2efccc2a-a27e-4edc-8213-35162c92868d,d46bc009-57fc-47fe-9cc1-0ce294482ad7,9.75213289815476,9.75213289815476,95ae79b9-005d-43c2-b131-43120f2d12ef,True
SP:30,2f3e6399-e26f-4658-b07f-fcadc5525b0d,82570171-aa9b-4a2a-afba-3388d268ff12,12.723963698241644,12.723963698241642,8a0f216d-13ca-42ae-8a33-63d1c34ecd25,False
SP:30,2f3e6399-e26f-4658-b07f-fcadc5525b0d,93c76fb1-16e9-4a09-bccf-75d2b87f0bee,14.291704739082347,14.291704739082347,92a68c91-e31f-4bc5-95a0-e8355d8664f0,False
SP:30,2fab7baa-5ec1-4fe6-b08c-551604d03554,b8ce4571-10e2-4f9a-8516-694f80fbea31,17.413571685757205,17.413571685757205,c202481c-88cf-47cf-aae6-68c676336ec9,False
SP:30,30723a79-1ba3-428e-8e03-4250a3208ba1,8b98367c-63b4-486f-b4b1-7aa3df27647d,3.74590382890782,3.7459038289078195,29d1b6f3-c7e9-4629-9182-c6d760d1aaf9,True
SP:30,30791ec1-6315-490b-b244-649223f2c98e,e2b880bf-82c4-4622-8f3b-614c60df0569,13.858196719774202,13.858196719774202,96ef9c79-dd07-471e-aa0a-27c533f13d06,False
SP:30,30d6cc8c-1b2b-4eb3-9878-459184252f44,5389ce1c-0ecd-4c2c-9471-4dc635d789d1,17.598208305647166,17.598208305647166,9adb1378-7946-40a8-9c7e-30b8658fd1d4,False
SP:30,313d9e48-62aa-4308-a369-bdd94f6624bb,3ecdae54-0464-4eb6-bfbb-a2f054b1e5a3,7.300822960352209,7.141364484539653,56a66406-63d8-431f-913d-64ce79ad0d92,True
SP:30,313d9e48-62aa-4308-a369-bdd94f6624bb,f384971f-71c9-41cf-b63c-79ff4cb37b1b,9.84510922688709,9.760434729299371,501f8b99-1b62-4178-b43d-d387eaf39c2b,True
SP:30,313d9e48-62aa-4308-a369-bdd94f6624bb,f59d7cf1-ebf0-41e1-a81d-b327c35b261e,10.109399092728475,10.100792248669697,b4c54b8f-7c35-4556-9025-89ac754c45b4,False
SP:30,3145ea80-4940-42fa-bd9b-1e4d5df045ed,ed32d845-76d4-42a3-a9ea-59daa372053e,6.591089031833942,6.282950113970539,f1f541e4-9955-464a-8040-1cc972aac762,True
SP:30,3145ea80-4940-42fa-bd9b-1e4d5df045ed,ede0ec6d-77e2-4793-8db6-cce283bad026,3.228408413456349,3.1969296059499044,cfd2c623-3e09-47d6-8c17-9062c4a87522,True
SP:30,327dacb8-14e6-4d52-97e9-370349ebc8ec,c1a5ef45-54a5-4b7b-80fc-ca7fc3a2327a,19.14533224139452,19.145332241394524,5273276b-709e-48da-a82e-10911a7ebbef,False
SP:30,33696c71-80c3-4110-9576-d8a63d8b7082,52a63b77-702b-49bb-89ad-6631424446b5,10.888816117306133,10.888816117306133,bdbd3e12-1b31-4557-af54-908c8f8a4722,False
SP:30,342bb76e-ad9f-4cfd-8aaa-a629cb832039,63c28a75-929e-43ea-8b6d-1d1a4a3abb08,17.396664889340293,17.39666488934029,171984b2-9b33-408d-bd77-4894a6d08751,False
SP:30,348714aa-4e38-40c3-b623-265ad40598ee,79b21900-4d3e-4f14-a41d-a60bf76a6a69,2.1643617331344744,2.1643617331344744,ebdb91e5-78ac-406c-aed9-f40d9f0e7bf2,True
SP:30,35021ae0-8a28-4a2f-b377-07a55e2d3743,61585a22-e2c1-4204-a1e5-26df0f1525a0,17.780421072550617,17.779388442533588,956f9c3f-7b95-45d3-949e-79b52c070baa,False
SP:30,357509c1-d3c3-422f-8dc2-2df663673281,958a3e6c-fcc9-4fff-822e-d097569902ac,13.954032001420371,13.954032001420371,faa342d0-73c2-4267-b859-52632328849c,False
SP:30,363bcfea-4029-46e7-b12a-e796c93bbb31,8cbd81d9-027c-443d-a1cf-c06dd14f5c28,19.14817692583111,19.14817692583111,f7a4ca40-7694-40e5-bd0f-910f1d6d6b2e,False
SP:30,3674dfff-522c-491b-88a5-f2bd9def9d5c,3f35f0d5-9533-4ff8-8357-2c3e25fe3719,15.530438466031411,15.530438466031411,7d82c121-83a5-4857-856d-0a3442f53f17,False
SP:30,367ec6cf-2b76-4f35-a741-7c89612de6d1,6930f296-253a-42e0-b3fd-230104b2cfc5,9.574890059942872,9.574890059942874,7d0c63ed-3579-44c1-8f83-642a6f0b2e1b,True
SP:30,3695ba71-50e0-477c-ae69-4bbde7635d99,cbc30f13-ee0f-4202-945e-66c92c05b4b2,9.022999366577386,9.022999366577386,a847bd9d-1a40-4d13-8703-c1c43214ac40,True
SP:30,36f25380-8fd5-4b27-854e-c66d78a943ea,6b4612fd-5880-4d30-b61b-f9ea5cf392f9,10.808590207369523,10.808590207369523,deab0f9b-e673-48fe-83f2-85ba870ad628,False
SP:30,36f25380-8fd5-4b27-854e-c66d78a943ea,873608c4-572d-47e5-982f-7cfb2c108e44,18.577475837015506,17.87583606420905,373ee018-1957-40d3-baba-a73389591776,False
SP:30,36fd16c0-202f-45a4-903e-919e621d6248,a0c1dacb-45b8-4bab-ad3f-328780985d95,12.09291507194248,12.09291507194248,5076ac71-2f56-4ce9-b855-faa8d640f61b,False
SP:30,370cd053-dfe0-42c4-9c8d-7e9dd7e83657,e3722c5a-779a-4453-ae93-12d73b54fd21,16.22706692596487,16.08635872853195,b69bcd4d-fe51-4291-be7f-cb51339562b4,False
SP:30,373974dc-3fd5-4599-8d39-5790fc364110,445ff22b-31d6-42be-a38d-e571805e9df8,1.6769547462382004,1.6721238638110758,755d12c8-0c8c-4a38-9fe1-2e58e32f5efa,True
SP:30,37451923-f48a-44fe-88de-4f2f7d799661,65bb24d7-1213-48f0-805c-c5d957ec109b,19.247905188350348,19.210815307914174,0703e0f7-1a8f-4dc2-9319-a457d208ac99,False
SP:30,37bdb278-9550-4d64-a788-0563ff1ac704,7d4ac336-22b2-4e79-989b-876ff27a8f0e,6.523830919222602,6.523830919222602,472fbf55-b17c-4a07-a90f-9e6acd6c541f,True
SP:30,37bdb278-9550-4d64-a788-0563ff1ac704,e5634116-8f20-4bc4-ae28-d7eab2d8afb7,18.19112774885066,18.191127748850665,63ecf1e2-3259-4e38-9f3a-4df8fb1b65f7,False
SP:30,37dea7ed-312b-4228-95b6-1dd7d1535d04,8859cb0a-d422-4d2e-9147-1b2546376033,12.582369752924786,12.582369752924786,2094a56c-6518-4122-a889-0ea543247bc2,False
SP:30,37dea7ed-312b-4228-95b6-1dd7d1535d04,939d9d33-5554-4841-81b7-e5f0949d8d8c,18.494560407187564,16.46937570707736,11bfbca2-2bc3-426a-b11a-1e527658a765,False
SP:30,385427e3-b8a9-4d28-ac6c-fdaf3de2e2ae,4c05be07-bdd3-47cd-b65e-9023b08f1df3,6.6306510205949465,6.625345623456588,6b304d4b-9c9b-4d78-91fc-13889717c26a,True
SP:30,3939a98f-0a07-4a31-b81f-7cf931792139,dd4b4926-ec13-4baa-b9c4-48dd714e26bc,11.078001811086603,11.078001811086601,03bace8d-ffbd-4b87-a4b8-6af3dbae2abd,False
SP:30,393d83cc-0778-432d-9a6b-003d43062de5,b33a4ed1-1604-4ff5-a3ec-25d4dc97a2d2,13.226325299342294,13.226325299342294,3ff38764-7497-40fb-aaa4-4d9158c4caa4,False
SP:30,3ab6796f-705c-4af8-8391-76ab59e86e84,a5eef7dd-31d8-488a-a829-7f96cfe125ee,5.175447703622221,5.175447703622221,5b2e9157-3192-4d35-afd1-201a675a3d0e,True
SP:30,3abdde1b-7ac2-4507-b860-1264a28e0466,7ca2b18a-d312-4a6c-8742-a5e4fb52fa3f,2.558348136124775,2.5423358979193327,6b42363d-5169-47d5-9932-a7cee1f8c3c1,True
SP:30,3abdde1b-7ac2-4507-b860-1264a28e0466,ede0ec6d-77e2-4793-8db6-cce283bad026,3.7586242436100816,3.70941121707488,31ecad92-38a4-44a7-a295-cc4d4855e5e5,True
SP:30,3b1f04e5-2b8c-4422-a457-55382ba4984b,d71f5327-6370-4da0-bfc6-db7778043a71,13.875309851685463,13.875309851685463,a927ba25-6728-46d1-9711-57be0bd03cfd,False
SP:30,3c1f290c-0792-40c7-98e6-350c74189d00,d21fcf6e-9b59-43b0-a77c-94463195ceb2,10.859204141043755,10.839966352248602,980444c8-4e19-40e4-91a5-e69e015d67eb,False
SP:30,3c66e27e-109b-4397-b44d-71460f5df04d,94bd2197-0fa6-4285-a560-15ade1734384,19.05295864125299,19.05147501936897,5d9f53c1-2822-482a-bcff-8d49ce2677ea,False
SP:30,3d2d7b4f-862b-4fc7-bf1b-26147f66fc28,56122630-dfe7-45c0-8c8d-9228ea8b2b31,4.908701903059484,4.908701903059484,0f43f9ea-c1b3-439c-94e9-61e58e7d1046,True
SP:30,3d6af8bd-f9ee-44ad-b878-073862ce1aca,7d4ac336-22b2-4e79-989b-876ff27a8f0e,17.67752647189806,17.67752647189806,8e5e5322-fb7c-4f3b-badb-ca2a7d77bcc5,False
SP:30,3d6af8bd-f9ee-44ad-b878-073862ce1aca,e5634116-8f20-4bc4-ae28-d7eab2d8afb7,7.683194788058879,7.683194788058879,377219e5-6ab9-4eba-b4e5-d311b188d843,True
SP:30,3d6c79b3-f610-47b6-8a8b-f8b9defdc0e8,9f308a8f-2989-4c04-9552-b2f3302fc09e,9.967281364542577,9.967281364542577,8819e268-2007-4020-890a-976ef67884bc,True
SP:30,3dc7e396-d8fa-42c4-87fc-c9c1d2f404e1,92e95623-3c1c-43cf-8979-c9d465423328,6.259648172361427,6.259648172361427,19ba2bac-0947-42af-a558-e18a6a5874da,True
SP:30,3e6b2739-bf28-45e3-adad-877285f7c2fd,4f64c41b-1fea-4d11-a48a-9b49fc7154a9,11.271955624399821,11.271955624399821,af8762c6-d933-4c40-9d50-d6fa09f88278,False
SP:30,3e9520b8-4980-4741-a31b-b92e3452edd1,7d582b99-c8fd-449c-908b-a08117a5a3b6,12.805174267961808,12.805174267961807,ef1056e6-6bb7-4890-a307-d67332209f43,False
SP:30,3ecdae54-0464-4eb6-bfbb-a2f054b1e5a3,7074f031-d516-4764-99ae-bbe27105669b,7.42389330513273,7.423392194157686,d14667c5-a922-4e49-9c32-0f27d117d8a5,True
SP:30,3f70c482-fd92-46db-829d-d504c85c6017,64928eab-4393-4722-a410-ab66b46497a2,18.30626806228217,18.30626806228217,4288ccad-4791-485f-87ac-b132112af62f,False
SP:30,4071f964-673e-460b-860d-a3d7aa9c30c2,e1337e27-831f-4f1a-b3e9-df1ee44ce333,9.660602036634048,9.660602036634048,124ebb29-a7cb-47ab-8732-311a5934a6c3,True
SP:30,40e813a7-f9f7-463c-b73c-961e41efaf02,b3aeb6dc-9563-4800-9992-f0fb81c7b328,12.672030887876655,12.590317846161787,ddb74c55-e345-4dbd-ac13-0413c355ae5a,False
SP:30,40e813a7-f9f7-463c-b73c-961e41efaf02,d9f1894f-d2d3-43a6-a08a-cf88f656acd2,11.088116493121527,10.894187379890981,4a1ccaa0-2b05-404f-b7b9-c9b238225a3c,False
SP:30,410ac1a9-c400-4599-bead-236ab72e4c83,81933bc9-d224-4e89-a638-7048d7516f37,15.3781689085922,15.3781689085922,3f3cba9c-43cc-4fb8-bc03-81236a5d73db,False
SP:30,41c1c336-367f-4a08-a47c-5752e3d02520,5e18fbd9-88b5-4ac6-9685-61110979f694,8.20775921411149,8.207759214111492,e21a625b-03c6-4bc4-879e-70ba26a6f248,True
SP:30,41cf5546-0347-4658-8c64-1acd0a536271,583b3bb9-5dd7-4e73-a553-a9552813fb4b,19.845423201567804,19.845423201567804,5d462dc3-82f1-4df0-8cb2-31d77d953ff0,False
SP:30,41fcd6f3-1776-4df2-9924-61b9c2cb2a86,c8864566-8b43-45dc-bdb8-a73418e47949,4.633724833382922,4.633724833382922,e4b947e4-018d-41ef-b348-d55b7cae09ce,True
SP:30,420f1892-029d-4339-8187-62c4ed06f7f4,77324822-8310-4695-a77d-fe5f11611593,5.175888350958411,5.175888350958412,2c0bbbbf-fa60-42b4-bd3a-f8f5879371ec,True
SP:30,420f1892-029d-4339-8187-62c4ed06f7f4,f56aa02a-22d0-4469-b09f-55d92ef5797e,7.069153332878281,7.069153332878281,c3be1f52-5d83-4d1c-a57d-06e1431f0dd5,True
SP:30,434635fc-8d79-4209-a992-5a72abfabc6d,8992efca-5416-4ffb-b784-4ad8e161cd2d,12.30649610132433,12.299658847835195,9347d9e5-9823-4f9c-b9eb-f0d6edd9f783,False
SP:30,4414af6d-78a6-473f-b6ae-5922d8986b53,505f5935-e87a-482d-ab3f-d96c5bd1f6fb,9.236973890684483,9.236973971593978,efbb21ee-b0c8-4b78-85bc-0ceabb99abc0,True
SP:30,445ff22b-31d6-42be-a38d-e571805e9df8,7ca2b18a-d312-4a6c-8742-a5e4fb52fa3f,8.299239897437229,7.6561334458973995,eca5ae27-24c9-47b2-8922-f5c9f63cac1b,True
SP:30,44a15599-98b7-4ec8-84b4-ad60d90f6a89,4fdadde4-cd25-4ef9-80e7-f3379f3c40d0,8.660346879814991,8.660346879814991,e6d4b546-5d8d-4573-a447-e3cf98d1b255,True
SP:30,4611dba7-68e8-455b-832b-29a37d010d17,dab6f83e-cb26-40e4-a447-6ecae557f83d,10.104987756468665,10.104987756468665,23a1103a-ddab-4a06-965d-1d6cc5b4368d,False
SP:30,46581c0d-151f-4592-980f-bb627b76fbc5,a9e9f734-ff54-43bc-9ce7-ef4880554378,5.824986222063159,5.824986222063159,7931f356-ddb7-441c-914c-97bf695849e3,True
SP:30,46735c6b-48a2-4240-b2a0-c92099a37c98,ba6df329-5fab-4e88-ad6f-a2e466122ace,10.338991718597248,10.338991718597248,794b0aaf-85fb-4731-9894-dd62418ad49a,False
SP:30,4690d9c4-e913-4d2b-85a0-7e523ed57fff,bb3e9284-3a33-48c3-ac8e-e3fff9cebaf9,11.475911826463612,11.474527507579975,650ef6e7-62f1-4f31-bd16-184cd6a868d7,False
SP:30,46d51a3a-f52a-4b12-af35-d705e975af9b,a827283a-24aa-413a-aec1-b9e284226697,11.264413842490365,11.264413842490365,6f396a8f-ae05-4a87-8046-e8a8111b3dba,False
SP:30,46db38f7-1016-4cd4-83e4-d7ea9f6b5650,8e4db2bf-e076-49a1-a3b7-3a0b80f16101,7.663022344917355,7.663022344917355,0441ee8b-3f74-4504-ac0f-448500e4443f,True
SP:30,480a3c95-81b7-424c-a66a-13c206012ac8,676ce29a-68ee-4611-a36d-6f8eed4ed78b,13.933698181212856,13.933698181212854,890340de-0ed2-4075-bb8f-f337badfad49,False
SP:30,480a3c95-81b7-424c-a66a-13c206012ac8,da7c94bd-93c6-455b-ab22-1bd2e1ee8994,7.243905740284801,7.243905740284801,581b9c6c-5092-4415-bffa-a86dd3c47485,True
SP:30,48973ef3-8ecc-4974-be64-55c69aa301d5,e8f99226-2172-4bff-a06f-e691770cc196,12.473791737553764,12.473791737553764,ace625ba-284e-416a-b354-8261e8b7f438,False
SP:30,4900dbce-5b0f-4855-a774-8fdbc1a94532,a4c31933-5f0a-4f3f-9c39-760389a80fff,15.204028480246176,15.071200522784052,cea91c1d-63b9-4a40-b786-2d6a442e8cf5,False
SP:30,4907af1d-d447-4e47-807b-c7a3c2df13d4,64c1458a-1bbb-4074-88bf-648c5e6dcb6e,17.604245166130433,17.604245166130433,2a8c7f4b-720d-44a9-b249-74a635c4de9e,False
SP:30,49cbd7ba-81ef-4c48-b4b9-5f31f39ebbba,5d3718a7-fbfa-4e66-a479-6dd58d2fdc19,19.51494629022688,19.509198522163963,be045e4b-5336-4d7d-b13b-fda2f2e177af,False
SP:30,49cbd7ba-81ef-4c48-b4b9-5f31f39ebbba,a4291fdd-fbd0-430b-8e43-da0d14f6e27f,9.548411095515874,9.548411095515874,9e52d3c0-328d-4bed-bd8a-fb1521f64cbb,True
SP:30,49ce1d8b-cf36-4a69-b830-c00ff7208ba2,7b1f7ce9-2c52-4341-a511-0067e257f6fc,4.352577395585381,4.352577395585381,d5afa30e-4a28-475a-9b6f-371055b691a3,True
SP:30,4a02f098-c0e7-4915-855d-0ea3d7ca0954,9146c85c-c0b3-42f5-8f0f-40500a24360e,8.804300308871866,8.804300308871866,cedc6bbb-091f-45bd-b303-be1ea0c50b33,True
SP:30,4a7cde33-0806-4951-ba9b-54a38b15b99d,517516ee-2b96-4f76-ac66-3264f19d4522,17.919554726308927,17.919554726308927,9504eb67-463b-4390-96a8-238103c605bd,False
SP:30,4bf4105a-e08d-4164-b774-959accc14f82,e285c4c7-873c-4593-91a4-30e9c75f9aef,7.623273737350719,7.623273737350719,c3573605-909f-4f55-9712-242ab9b7b5eb,True
SP:30,4bff5cc9-229b-493c-8698-134a35545ccb,79540cdb-f09b-4d43-8e5c-5d4d7d9e49f9,10.393267230478608,10.393267230478608,02476f2b-d572-42e2-a5e8-4c42c17f9f59,False
SP:30,4bff5cc9-229b-493c-8698-134a35545ccb,8bef592d-6407-448b-8ffa-eb785d10a4d2,12.735618461557545,12.735618461557545,31f26221-0c5b-43b8-b046-09c8f95fa2ec,False
SP:30,4c36db24-03c0-4400-82a0-161f830fc762,bf9a984d-9cb7-4044-ad8a-adfa6d443063,14.329860608168865,14.329860608168865,b33e810f-bf72-4ed2-aef3-98a8a647283e,False
SP:30,4d002a1c-8117-4d7e-90d2-9a8462cd43d1,7123ba3a-9034-4324-9750-4a2fbbc248b7,13.49654925694932,13.49654925694932,724185a3-6536-4a38-9868-03e9d26e709d,False
SP:30,4da993b5-38d3-4dee-bfd4-c769d128a195,af4bc182-edf8-49f9-9ef0-1ce82b976dad,7.506804135951289,7.506804135951289,8c7d058b-d491-40f3-a0e5-c17bf7828b2e,True
SP:30,4dcb2bc8-532e-4deb-8f5e-1acf218e3444,aa5ce486-1c5b-4f15-aabe-9b03e3834e5a,6.963388812583197,6.963388812583197,6f16a76e-7a2b-4258-b140-b9737019572d,True
SP:30,4de46be5-0fd7-440b-90f5-b2b057fd7951,6730f492-e191-4bb3-beef-5d26fae24bcc,11.640261427596084,11.640261427596084,6bdc01af-0ddf-441b-acf7-fbc8b4aa64db,False
SP:30,4de46be5-0fd7-440b-90f5-b2b057fd7951,f5a50fac-cdea-4cb8-bb84-7cbc3193a017,7.347108535546704,7.347108535546704,5baf8ced-8a11-4d28-b4fe-4e91f16e68b3,True
SP:30,4e46ec2b-d976-4470-9ca0-585b959dab18,a762bcea-83d9-479c-a46c-3b443d966483,16.335951927918426,16.335951878452843,ef3aa905-fdbd-4c9d-a310-5dd290efa7ca,False
SP:30,4e73644b-a69f-4348-a752-b4c8f2b69532,a2d2f4e9-c49d-4123-8f0d-66e3e5694b11,14.512548541651505,14.512548541651505,3f637eec-7f30-476d-aa5a-3716c336a1ad,False
SP:30,4ebdf9b8-cb4e-417f-a6c6-6341e84d5246,803d2f77-1484-4731-8a27-05b38e44ad61,16.61020537344785,16.610205373447847,dd02f2a4-edb8-477f-bc32-75773ec0b2a2,False
SP:30,4ebdf9b8-cb4e-417f-a6c6-6341e84d5246,bc1bb289-c4e2-4cde-a030-35334e55b330,16.191809863319605,15.105453685504079,46b4389e-09fd-4760-93c7-f4d5d489bb14,False
SP:30,4f29e64a-9501-491d-b8ed-6a49ed5c8731,ac90ae51-b138-46f2-86c0-c58db047eff3,15.133896142813702,15.133896142813702,9446ef29-bf0c-4052-be6a-fabdc6aa589d,False
SP:30,4f30e94e-37ec-4a04-a8fd-52414fe42d39,df8d83d6-32c0-45c3-a302-aa389ca13323,9.036343425259652,9.036343425259652,9a2c2987-789b-42b7-9ea7-d8467bfb7054,True
SP:30,4fe3e133-f25a-4cc0-94fc-4331230dceec,8891b803-e987-4e5a-8c71-74fdd726a9d8,2.2704469880843514,2.2704469880843514,39315ed3-0a73-4a0a-8af6-9f8766dd4b46,True
SP:30,50853507-7448-4ebb-8612-c3d3b1682609,bbee31ae-0381-4849-8b39-2fe62d087e33,16.051224810678146,16.051224810678146,b61f0718-19c4-49bc-940d-cbb2f853ddbe,False
SP:30,5145f555-8889-4f19-86a4-627fdd7ee917,9ddd9475-07c4-4f8c-838a-134972471f0f,17.14620366093044,17.088625452487655,40b288d6-9748-49f6-b667-e2bbee861944,False
SP:30,519504d7-ca57-400a-8973-d360be7dec8f,97540f29-c1d9-4ea4-a921-795269742430,10.686613241524793,9.92956688723254,527dd250-2c5d-4c4b-8299-7ca4f652de0d,True
SP:30,519504d7-ca57-400a-8973-d360be7dec8f,c44c0926-0341-4da6-8f1c-f25ba8c78a31,2.8623038826465246,2.8498860437332887,46e952d2-dcd4-4070-9a3f-5daef57af6d5,True
SP:30,51b9c9f0-530a-46f6-be09-69de01737639,7a766b0d-e60e-4ac4-8006-8d284e33ec5f,8.978710293462571,8.978710293462571,adbc9676-5e72-4280-bfbd-135f7985c1b0,True
SP:30,52223e93-cbc1-4e22-ae81-a96c27f74ede,a83c1a56-6653-4daf-9d60-aa149b37331c,18.28094797564259,18.280947975642594,35cb08ac-2aa0-40e9-bdf8-a3c74eb1ecd9,False
SP:30,5261ea1d-1302-4854-9fad-3885134d12d4,ebda061f-fcb2-4719-bb09-df5b15472e29,15.555789422956032,15.552619103659461,f70bff06-c427-42bb-89a5-fae1496073a6,False
SP:30,5261ea1d-1302-4854-9fad-3885134d12d4,fb3a4991-5379-4f1a-b26c-96d206d626f0,12.574850084254466,12.574800764920369,1601d8b5-53c4-4b23-9593-8050b281a4a8,False
SP:30,52d2ee04-9754-41e1-8a49-7ae04fa7a50d,b7409c10-9ed2-4865-9f9e-91d87987330f,16.186818750202804,16.186818750202804,882ddc2e-ac7b-4fec-9309-536bf57e7612,False
SP:30,53169ca7-b29c-477b-8e41-c61ca40528ee,fdd8b82a-b7d9-4330-a6c9-7a2ad7fe4afd,14.266083917984796,14.266083917984796,b3ba7317-e09c-4fbc-8a7d-6964a683920c,False
SP:30,53608da0-a84c-4379-af09-10b8a05b82aa,bee29106-0731-41b5-9b30-69a017c04533,14.749285314960275,14.749285314960275,2cd23c51-38b7-4753-9c9b-51505cd3880d,False
SP:30,539061fd-cbb1-4fdc-8d9a-3f88503f3671,c04bb505-123a-4e60-9fd6-ab362324cceb,2.8743061219567747,2.8743061219567747,cda86c65-0c39-4b69-9513-2638eced365e,True
SP:30,53a56125-cb37-48a8-9d49-fd8a1f8baa89,6fa4f484-6c6c-4933-8ceb-7cf8a8252fa3,4.0507418560809825,4.0507418560809825,df1ca4c1-82ca-48d1-a5b7-db05522a0dd6,True
SP:30,544ef498-4a91-41c4-8012-c83ee61fe1a0,8f355b75-b907-4afd-9517-fde4ab07f46d,18.109741175184304,17.977238492748704,f19ed5e5-0321-4396-8b43-fdcf27e1b6b5,False
SP:30,5567c230-707e-4609-b733-b93e8bd80b4d,a43d2f9d-526b-4572-a789-22405d6c1515,19.69003909255932,19.69003909255932,a9992e8a-c65b-4db9-b121-711a2dda8713,False
SP:30,5567c230-707e-4609-b733-b93e8bd80b4d,c159822e-aa36-4828-a77c-7a0160a47a99,13.072405441282124,13.072405908582088,1e0f839c-4ae2-44ec-ae47-5ce340e68eb6,False
SP:30,55845957-b6bc-4794-aee6-a21c97de79da,e3120984-4cb0-43d5-ac9f-702387168caa,19.73385315835854,19.73385315835854,025a4691-94c5-4d68-8d6b-394bf8d0a88a,False
SP:30,573834f4-89b3-4da0-9114-196e13d880ac,6413ac98-bc77-43df-ad27-ff9854a56efd,5.702515212166712,5.702515212166712,8d8e7839-87b2-49d6-aa5f-ba6fd58b5698,True
SP:30,5838d035-6a42-441a-898d-d36967e617af,973567d5-10b5-4f27-b245-f8afabebd306,15.710055829044133,15.710055829044135,49169b1e-05fa-49a0-be20-932d9c524739,False
SP:30,58beb2e3-895e-4c03-a91b-69c7a3819656,9f19740f-c2eb-4060-bced-f64f083e4c76,19.139264149676638,19.139264149676638,60b140d4-aa5d-4568-96a5-6d480e792b14,False
SP:30,590e51ac-4891-49b6-bb7a-6261bfc2039c,ba33491d-acd9-44b7-b045-a22d1d323b58,13.340179538789755,13.340179538789755,0309c149-c21c-404a-a352-00247ce99120,False
SP:30,5a4fd9b9-e8f3-4c57-889b-336a5c062034,a9d13cb4-f92c-4149-b67a-12dbd0ba87a2,18.80256392052598,18.802563920525984,b5252f36-bfe5-452c-8809-1e72c87009f0,False
SP:30,5a51c320-9e7b-4d4e-a727-7ad8e83ef2a0,f1cf02b3-0d55-40a3-a849-1448883df64b,10.874280353051521,10.874280353051521,02c81d93-c4fa-495c-b9a4-296594a0b0d3,False
SP:30,5ba2edb1-eac3-4a0c-9b5d-ee75c1e621a1,7425bfdf-e226-4761-8a4f-79ae7f4a5ff8,7.7878356471643375,7.7878356471643375,7e0e6c5a-8eb5-486a-9db5-c1e00ba1f282,True
SP:30,5bbe7d8c-9b51-4c46-9d9e-6297cff0404e,c55ed09d-1375-4fde-be4d-6c1e5579935b,4.777723889015111,4.777723889015111,beabb4d1-f55d-4586-8b23-84be1f5402f9,True
SP:30,5c08d3e2-81dc-40d5-b194-4899cd2dcb05,d7417cc6-5e0b-4cff-8f8e-785af2d6f48b,19.163564112369993,19.163484842375727,bfaa8dae-8f6e-4d01-b0da-ae9ea4adbaf4,False
SP:30,5d0709fc-17a5-4756-a1af-e2fb22661ebb,b7fc3a70-30ad-45d3-a15d-9ce0159ecab1,10.349778583204307,10.349778583204307,9e217dbd-1afe-4ce2-a712-bee75213bf69,False
SP:30,5da82d04-023d-4ad4-a8f9-6c944af9c4a9,94cfac7d-c6dc-4ad2-8b8e-d0304a12fb33,8.313476363851398,8.313476363851397,0e783617-d449-4bd1-99e5-dc94ee4e0676,True
SP:30,5dc05673-5113-460b-9090-a035eb345ecb,b328994c-6a6d-40f7-8d2d-e0583d645a7f,16.764687622586536,16.75090927211758,081a858f-de82-4868-a27a-ffd235b1be24,False
SP:30,5df23916-8d18-4d4c-b077-24107fc09ec4,c05b278b-72e7-4d9d-b0d0-9c3a40d86fa0,15.608186631555029,14.189203117419751,6a286256-5647-4b85-ab7f-a6c82fb395ad,False
SP:30,5df23916-8d18-4d4c-b077-24107fc09ec4,e90ed9fc-94f0-4080-a25b-f84e110b37a9,13.473392742476761,12.696977157340273,c8f6c779-fd19-4f43-a2fc-c6b42965a453,False
SP:30,5e383767-0f90-49f5-a7c6-80ea3a1e4aa5,f3ecb3cd-8729-43df-be5f-d84637e36ea0,7.984186345835375,7.984186345835375,54b958e9-1eef-463d-9c79-a948139a7099,True
SP:30,5ed6ea68-a7b8-4f66-9c47-ace1e4ac0299,f5e1fd79-de20-45a7-8430-1eb97902b686,8.035956291787553,8.035956291787553,2b2f6a54-6ca5-4ca7-ad60-f3d45a7bb327,True
SP:30,5ed6ea68-a7b8-4f66-9c47-ace1e4ac0299,fae82860-6da0-4c40-956f-55fc4b02e799,18.441153230107073,18.44115323010707,235bbf93-462c-4ac6-89c0-ecccc7cf4d31,False
SP:30,5f932c79-8c4d-4c35-88d3-72bb292589fc,e9a6f748-7dcd-4784-89c0-0243b63778ad,11.533599273139334,11.504223557886696,2fa4463c-6a5b-4d09-b35b-e436430802b9,False
SP:30,607148da-7e31-4deb-bd39-6d1f3abcd8e9,700d1d3e-304d-46ee-888e-634ac8badee1,7.309046368502506,7.309046368502505,91b2495a-abb9-4029-a903-f88707fc4052,True
SP:30,60e80a10-178d-4742-ab92-55231df1778a,aa30ae33-eebd-4da0-9392-00e673039f0f,4.058006206471838,4.058006206471838,7f024d70-19e9-4353-9589-5fb7032f7338,True
SP:30,6162830f-79e1-446c-88ca-b20a1052008d,e8f267a6-bc40-4519-b31f-14837d43a31e,12.958584822316048,12.312594460627821,efc847f1-89c7-4490-bed6-a91bd2b89e2d,False
SP:30,62555b3b-7de5-4475-b0cc-9c4aeab3ac98,be909fa6-04ad-44e5-99ac-5fdee1958e35,6.477023887034694,6.477023887034695,71da77e1-cc30-4e4f-8f50-52775392343c,True
SP:30,627de7bc-7eb4-4de6-aea3-1f4d0bbf4531,bd08db92-fc70-4ea5-8121-da96473eb0a3,10.403646895726487,10.403646895726487,844bbc2f-fdf6-4361-9a64-d1f2f5c90b8d,False
SP:30,62df6cad-97f2-4705-af2c-1834f334b449,e4e9b61c-3b00-4949-ae8d-6c33082508d5,16.510701516973437,16.510701516973437,57cdaefe-1ae2-4758-8feb-c5477c86e235,False
SP:30,6366ae4d-5c46-4694-b18d-2cc034959fea,6f0a3446-7083-4385-8923-3ae65b6f8744,13.906223870002918,13.906223870002918,54be7cf3-5ebf-49a5-8709-fcf1003bef66,False
SP:30,6366ae4d-5c46-4694-b18d-2cc034959fea,74dfacde-500d-4326-8250-b49a7bf70d63,12.519119570583351,12.519119570583353,b2069431-7039-402a-86fc-c87d2101f819,False
SP:30,63a2743a-10eb-4198-9c7d-eab20de1e0e4,727c9ab3-cef0-4cda-a500-2a8a31da42d4,9.92009694609124,9.920096946091242,94713d77-b290-432c-9798-66b02545630d,True
SP:30,63a2743a-10eb-4198-9c7d-eab20de1e0e4,a6b537e8-dd04-4ec3-95ce-6ba29b85ad7e,13.776580966711421,13.776580966711421,20631134-f91e-4415-a582-b98085b77445,False
SP:30,63d33519-dad1-4d17-a15c-74b1e51d35a6,9beb4e7e-f7d5-4100-a1cf-e59e4557273d,19.3458358410594,19.331504929424817,ef2cbc78-5d48-4198-8e2d-187a70227934,False
SP:30,63f793c3-377b-43be-96d0-9d409a520f27,a1b362b1-1650-4b70-97eb-0be6c6ed2db8,6.4220086049588065,6.4220086049588065,6afb259d-9f04-411b-a14a-fae94da77f07,True
SP:30,63f793c3-377b-43be-96d0-9d409a520f27,f19f7d97-d9cf-4482-ad21-bda8cfedd7d6,11.113466733685252,11.113466733685252,2666e767-43c5-4c3f-85d6-01237fdcf735,False
SP:30,64a4a4ba-43ef-4669-8808-e3eea5bdc078,af99525a-7662-4008-adfc-6f0e80cb0ea4,17.960149994027155,17.960148264593908,2414da01-8c50-42b0-aa13-0be2b7c223cc,False
SP:30,66563a7c-b2e5-4d11-867e-5350958b390d,dfb5c12a-20ce-4dd2-83ef-11f927f474ba,13.143665082277991,13.139531389748534,b9f0c8e3-b730-4f13-baa8-bb4b7a65461d,False
SP:30,6730f492-e191-4bb3-beef-5d26fae24bcc,f5a50fac-cdea-4cb8-bb84-7cbc3193a017,14.944430551381293,14.944430551381293,258efc89-13e7-4d95-a870-fc9e1f5746be,False
SP:30,674e6082-eaaf-4e7d-906a-f2eb3f09eae5,c1f4d591-18a2-4fe5-88f3-67e80804f6b4,9.830153346994594,9.830153346994594,b20ae1de-fee6-4247-bf2b-8b236c5afb27,True
SP:30,676ce29a-68ee-4611-a36d-6f8eed4ed78b,a55bccc1-9195-45bb-a71d-03fbf7236366,7.79224683867993,7.79224683867993,87be0660-ff2f-45eb-b87f-0da828d3b9a9,True
SP:30,676ce29a-68ee-4611-a36d-6f8eed4ed78b,a59c8cc4-ffd7-4a57-a5c4-81db18fdfb4f,6.478799250898482,6.478799250898482,42dd9d59-1ba1-412d-9876-20ae926fe4a1,True
SP:30,67ca3caf-1c21-48f6-83ad-c927c8535241,75439c31-222f-4575-96ea-b401909abff7,10.98603714064418,10.98603714064418,ec929547-9740-4f76-a2c4-6c2699fb7756,False
SP:30,69844475-6197-4bbb-a129-1eb72d950753,e5cec113-81b0-4b3c-9605-2be19f729cb6,16.03957245093917,15.890685098495492,52c1ab52-c5f6-48d7-9735-68b6095ecb0a,False
SP:30,699c5e0e-d4bc-4bbc-9b2c-5a9e3f5086b6,c2df96f0-87e0-444d-a07c-288bd1822222,9.44559585060918,9.44559585060918,dd6f1e90-3b08-4007-81de-f18104b7fbdc,True
SP:30,6a1a071b-1090-4c6c-884c-07799c8a1a06,c24c7302-fd67-4a30-8e0b-d3356c3ede5c,11.675108695981487,11.653133198145373,20016c42-e63a-4de5-b494-60394bf87e21,False
SP:30,6a1b926c-08e0-469d-910c-d44782d531f9,95f7de86-ab92-4b87-b02d-6f892a62a592,19.63538277638584,19.63538277638584,0621710c-1f40-4f02-a60b-6b66b888d279,False
SP:30,6a1b926c-08e0-469d-910c-d44782d531f9,a090db0a-fb2f-462a-88f9-62c61455f54c,9.325046872249409,9.322565052074664,e0437a6b-793a-4a2b-b5aa-9ac20f36e429,True
SP:30,6adc6d8a-2c44-4d9c-86da-e6285d6216e0,920e68fb-dbeb-4b41-b913-3c0ce32b57f1,3.207828437777775,3.207828437777775,2c16f6ca-7058-40b5-89f7-533d1aafbba9,True
SP:30,6b4612fd-5880-4d30-b61b-f9ea5cf392f9,7e4ef39a-4b1c-4a9b-a6e7-119fb9b22a19,5.2614108932902575,5.2614108932902575,4661c699-c91a-4342-a00a-f07e28abb8e7,True
SP:30,6cda008b-19bf-42a9-9227-de9262e11f55,80d5cfae-3c2c-42e6-a547-45435174324c,10.871395385592951,10.871395385592951,6a9096d6-76b6-4650-86ac-8786815d95f3,False
SP:30,6cda008b-19bf-42a9-9227-de9262e11f55,cf21314a-cce7-4cee-9b0c-5fe4080716e0,11.377539101432905,11.377539101432905,ed8cf604-5198-4c94-8d0b-710d27300ca5,False
SP:30,6dbed09a-5484-47ef-9009-ac989c798f65,c5af9b19-3db7-477d-9f60-7a731dc8e00b,11.287496385825078,11.287496385825078,f69a76d7-c4b2-449a-baf0-2a0f7e6dffad,False
SP:30,6eaf5487-37ca-456c-bbfa-b3247d615333,811bc4d4-f5a7-49ca-8cdf-8fc0032a84da,14.789906050286389,14.789906050286389,e9f8eba8-5280-4c43-906c-2160dceb505f,False
SP:30,6eaf5487-37ca-456c-bbfa-b3247d615333,b8e9dda2-fb8b-4ed7-9f40-c833df0d0055,12.478615458580064,12.478615458580064,2c78547d-474d-4a7f-b577-09361df57653,False
SP:30,6fed8a40-fea7-49ea-9854-ca76113516e1,7b15ba85-60a4-4512-a035-a103b5f9b129,12.88024725222242,12.878930222739493,d0ec8d19-79e8-41fa-9108-7186ca44e0e7,False
SP:30,7074f031-d516-4764-99ae-bbe27105669b,97844fd3-685d-4523-b190-3d8dcc8b408f,19.128218363123995,18.59957553303804,58832117-55e0-4aa5-806b-b5b821a12632,False
SP:30,7076de18-5fdb-4b90-b794-10e227198e2e,8438971f-1356-4739-ac12-b700cc2fbc54,18.32473979677472,17.97365303956128,c93dfe03-e670-462d-88f6-160fb80b71c7,False
SP:30,71ce1f3c-7cec-4cc3-99f4-be051276bd11,c3260cab-a8ca-48e3-9ecb-6aaab7ad04d3,19.117309862428808,19.117309862428808,d5ed34b9-a1f1-46c0-8654-a24f7624548f,False
SP:30,71ce1f3c-7cec-4cc3-99f4-be051276bd11,daa4b297-5820-4df8-b311-335bf2f78730,13.110521961675186,13.110521961675184,3462e00a-3def-4c98-b679-7eca0d1eec25,False
SP:30,71fe7d91-f43f-44ac-b4bb-e4f7909bf7d4,b9eab7b6-bcd1-4d4c-8a08-e24257d29c41,8.76401533324258,8.76401533324258,b9f16e00-80b0-41f6-83e8-34fefeb7c74e,True
SP:30,72080fbb-c48b-4ef7-bd8c-d0a90d2b951d,8d8b8657-fd89-4441-bb2b-d59d3db29c7c,18.159208181385235,18.159208181385235,d3acbdfc-93da-47eb-942d-457e80bdc92f,False
SP:30,72c1b514-710e-4152-a7ca-3db6dcf55701,77dd47b8-6385-44e3-a671-edaab03a284d,6.680769672147181,6.680769672147182,9b774387-a084-4301-8fe1-39b81d94f11e,True
SP:30,742abd3b-a517-4c4f-b948-81e703ca39e4,80df136b-47d2-4dcc-86a1-7dc47244a4f9,13.743915038875759,13.723519912731776,32a3e8ed-b15b-4411-8dd2-28b15b9997b4,False
SP:30,7439f6e1-b225-4ae4-b715-3e80db6053b6,95e28101-e9fb-4847-b204-21bb12b47ac3,14.57269780616847,14.57269780616847,b9864fb9-bccc-49f1-b416-14b992ea0116,False
SP:30,7521bd91-e9a6-4976-bf7b-3483ab0e0585,dff05444-0db4-4ffd-85a4-fa7c4050eee7,17.185985574692243,17.168754510379074,3e85084e-d692-4f9d-9db3-fb8852ad2396,False
SP:30,75901522-581f-4ec8-a2d8-d56a798f52de,e7612ca8-7586-424a-b7de-e0b492d53408,9.666634337545942,9.666634337545942,43715079-1113-422a-9195-cf32f9bee236,True
SP:30,75fa4a5b-d195-4356-9deb-049aea16e0ca,f2f37e13-d76f-4db5-a71a-daff16915138,19.817403237906916,19.647293678665555,3ed7d16e-d1b0-4c12-8a8b-acbd1a6de61e,False
SP:30,791be7f9-b064-45a6-8efa-c24718c7725c,b5d283e7-361f-4803-b01b-c55e877b0e41,6.311700766279459,6.311700766279459,337e9dfc-a83c-46e9-a466-087d65b53453,True
SP:30,797345a4-e03a-407a-b5ae-b4ab25bcaf2c,b79d1656-3016-4f56-ae3a-45ba4ceec28f,10.613239757757318,10.613239757757318,dcf5f761-aacd-4d70-baa8-9f91ca79fb5e,False
SP:30,79a0ba67-523a-42ad-b288-16166e04f3eb,b4bd5d8e-bbe6-4777-a023-7c2694630a94,18.44700594402044,18.44700594402044,a026ceff-803b-4e34-9ec6-0cc8580ff76e,False
SP:30,7a3b0e38-8a1b-41a9-949e-af48efc50909,da77d34c-7b10-431d-8bc6-6f3b9f542012,19.348165354577258,19.322568662779457,e94681bc-5834-4596-b65e-7c564e56f840,False
SP:30,7a5f32ac-da00-4612-b302-c1cbf52f432a,7aa78fdc-cd43-4b19-95df-e34354dfe6d8,3.5028343042992036,3.502834304299203,f253bbe7-3138-4b3b-a855-cabcf3d98e02,True
SP:30,7c92b28d-3615-419f-881b-45291c67e312,c8601675-a6d6-44df-a3da-b6ebf2f7585f,8.927017222811756,8.927016333477626,8796cb2a-4dad-4a98-aafd-553ea953bcfa,True
SP:30,7d3c7299-1102-4f4e-80eb-072bfd43f002,8a9282f2-17fb-4f30-a2f1-78af58248055,13.746440592729389,13.746440592729387,3e29a27d-beb3-429f-b984-d9f33d529ca7,False
SP:30,7d4f0a13-5114-4d44-a0f4-a7fe4c75261c,a94d5623-7848-463a-a6ad-2c63bee27cda,17.514800151368753,17.514800151368753,cc712304-6b52-4590-8464-35f704680051,False
SP:30,7d582b99-c8fd-449c-908b-a08117a5a3b6,ef516d9c-1d46-4cda-aa4e-0de5d1bedafa,18.439120564758866,18.439120564758866,84f26a42-7f5e-45fe-ba84-a6bffc00d614,False
SP:30,7f89cb29-a497-44a6-bcf6-9d52d2799634,f6bcb04b-f580-4822-a62d-4fcce91b1f06,13.670450944443939,13.67045094444394,f7c41da5-65d7-4e19-9d89-c90eac344ff9,False
SP:30,7fb26f78-9929-4e32-abbc-93e951ed1463,8e473291-dd43-4fb1-8f9b-4d7f86fc2121,18.823985169064883,18.823985169064883,1dde676c-fb8c-4d40-9bd0-dd3a531e5429,False
SP:30,80d5cfae-3c2c-42e6-a547-45435174324c,cf21314a-cce7-4cee-9b0c-5fe4080716e0,5.5882077045404195,5.5882077045404195,5165383e-60ee-4ef3-a288-4533cacd82ad,True
SP:30,8142b4bd-da23-48c7-8f08-43bd82a729e1,9a73b797-3466-47c1-9501-72a8bef97d09,15.052573235326056,15.052573235326056,4f9b2988-efa8-4571-9386-90f84db79cd9,False
SP:30,8142b4bd-da23-48c7-8f08-43bd82a729e1,d0eea2ba-0d6f-485e-bed7-a8e25ebed858,12.70402330978086,12.704023309780862,9706a5ca-d75a-4763-835c-617d52017280,False
SP:30,81933bc9-d224-4e89-a638-7048d7516f37,c95904d9-5948-432e-9485-9d3ed63a3e8f,18.211314919202515,18.211314919202515,112ffd47-8737-458a-8a98-ae75236c0348,False
SP:30,81b4b479-92ea-4f16-9d12-3b87f14323fb,8c8580b4-5617-43f8-845e-dd5751614eb4,2.4349838610686976,2.4349838610686976,1d888fd5-90b2-46af-950e-06906ca5f539,True
SP:30,81b4b479-92ea-4f16-9d12-3b87f14323fb,ab8229db-f9e2-45c6-a96b-cb993d231dcc,6.0696402217730245,5.948930956957685,d8114517-e99f-402a-a7ea-e6b1957b0dec,True
SP:30,82570171-aa9b-4a2a-afba-3388d268ff12,93c76fb1-16e9-4a09-bccf-75d2b87f0bee,18.06148034226875,18.06148034226875,14edf3f1-b1ed-4235-8164-d43d60a43860,False
SP:30,828873d6-3a37-4333-9cb7-a873567482a9,a4e35856-789b-4a21-8953-5ded2552d064,14.231644858917626,13.149672515587952,6c9ff4da-8699-49e2-8e65-0d846ef45e36,False
SP:30,828873d6-3a37-4333-9cb7-a873567482a9,e90ed9fc-94f0-4080-a25b-f84e110b37a9,5.18822926921508,5.18822926921508,6d0411de-2049-42b6-80d6-ac7284d4b376,True
SP:30,829f228c-45d3-4b1c-b3fc-1a75c998dc68,ca5619a4-2c6a-4989-a6bd-1ed56e8f2c3d,11.674731563249734,11.674731563249734,8688546f-8a4a-450c-a389-d5a3175a81d0,False
SP:30,831049a4-950b-490f-8175-b10a9125251f,dcb38280-d98f-4286-9624-1ca37752dbe3,18.35445092040356,18.35445092040356,12a42046-f69e-4704-a2ab-4a8b53ddc2e3,False
SP:30,83aa2a57-2928-4343-84ff-60add0dd2b10,a28d1e86-68c4-49b5-896f-18a8508dcf99,9.262928751621619,9.262928751621619,98fff495-2267-4d47-8289-e350529636ea,True
SP:30,83f0366b-f440-448c-959a-60ecdd953c83,d5208cbc-1e69-4ecf-bc00-8c221ed36b29,2.7813862573749977,2.7813862573749977,45aadb77-1cfd-480e-8953-1df402db0ae6,True
SP:30,8438971f-1356-4739-ac12-b700cc2fbc54,ffc21c95-6927-449b-a6eb-9e4a4101d2f8,10.309827940496985,10.309827940496985,bc92eed1-d7d2-4f94-8422-2041384129e7,False
SP:30,85c95e0b-b6ad-4008-b469-06a4b7e2cac1,e5325a0f-2be5-44eb-a1a0-abb443a379a6,15.71440819913771,15.71440819913771,f20d02ca-3c80-4fd3-931c-e2f02e2f59e4,False
SP:30,875f9ce4-c2f5-4edd-98c7-7a33403686ee,aaa6c7f2-493e-48b5-bf62-0c8ed5cace84,8.769110312036885,8.769110312036887,465cdf88-b73c-4a13-a011-02bb8d27750e,True
SP:30,87d85af7-bb40-49d7-9fe2-542fb500754e,b4875437-887f-47f2-9758-5da76309b369,18.230520691182274,18.184065826694695,a3adf957-229e-4074-86a8-c114c18ee13e,False
SP:30,8839ebbc-debd-4bcb-966a-b345e1663ce6,b9d8681c-88f2-45b2-9ee3-c2c2bbf07fb1,8.896824412882193,8.896824412882193,11f3b390-574b-4cc5-a485-046ec68ec6a5,True
SP:30,884258d7-dd7e-44a9-b290-850153f7e115,a6154b6a-2382-4985-b875-c99f4fcc34cb,9.778163758779892,9.778163758779892,9a5eac68-c37c-496b-9730-be1091a36ce3,True
SP:30,88962cc2-137b-40c5-9b9e-e1ce99f3e5e6,98cd7893-d482-4632-b49c-c3a45dfa90fa,6.503744370286671,6.503744370286671,18eb492e-d244-44c1-9ee5-df11c9be0e94,True
SP:30,88962cc2-137b-40c5-9b9e-e1ce99f3e5e6,decb8364-1bdf-4e52-a6e7-ce52fb657c4d,19.864789089397448,19.864789089397448,b8f1312e-7d22-4f27-b87b-0171b087962f,False
SP:30,88eda94e-ded2-4acb-b611-1b3e5603b494,8fefafcd-3233-4c85-b187-6c068f708c28,19.72645501713994,19.72645501713994,968c23ff-4fac-4691-9898-a7ddac7f437b,False
SP:30,8b755b32-c38e-4e5a-ac18-8662114a078c,c5041926-110f-4e5d-835f-882ddc57f1d4,16.097680028782154,16.097680028782154,cf1b2cf8-a6fa-4ec6-bba7-63cec2689535,False
SP:30,8bd2b761-b97f-4e46-9fe5-13f8fe1f6fb9,ba2f9f29-db29-4355-91c1-c94355b28833,13.86157409943669,13.86157409943669,cf4ef86e-7c90-40b0-b273-c0af0b7eb8c8,False
SP:30,8c8580b4-5617-43f8-845e-dd5751614eb4,cdc9e94a-bb73-4acd-9537-cf86a05b00ab,14.444759042488972,12.353854176703074,d0d4f68f-fcd5-4568-b141-ade0498865a6,False
SP:30,8cc8c560-fbf5-4609-8c17-03e561e4873f,a00bfecd-48b2-4f96-98aa-bdde032f121b,5.825297881040215,5.825297300096289,df8e047a-0a18-4896-b41a-99ffc0ad47b7,True
SP:30,8ce7c438-7987-4edc-9340-c611dd7cb4b6,f69c4223-8b72-4727-b94c-3b3f8e986140,13.490829828757485,13.490829828757485,f1d67e48-613d-47ed-a936-44205927c5d9,False
SP:30,8d8b8657-fd89-4441-bb2b-d59d3db29c7c,c8727f35-fa69-4dc4-8efb-e41990931128,9.06388166087442,9.063881660874422,24fe95de-6c71-45cb-a4fb-cff7ce8e52a0,True
SP:30,8e5f7598-ab04-4e10-9ef5-36d074ee31f2,bfb90fcc-ace5-415f-a2d3-8738075d2798,18.345681526054477,18.345681526054477,9ead2d04-35e8-4d5f-bca2-2e5d10df084c,False
SP:30,8eb85503-a5b6-4030-9b1f-5380eb6a0b82,e16a6e5e-b161-4cdd-be15-15eb9850768f,17.482717118119428,17.301922999925225,80e2a6da-207f-45bf-9b88-e16bbb0d2a70,False
SP:30,8ed78280-ccb3-4947-898f-43b9aeddde88,f6126a2e-42b6-4975-a912-d352225854b6,7.1120545956071135,7.1120545956071135,9ef714be-31da-4825-8729-dd501f7b9400,True
SP:30,9114bc70-ff04-43aa-b561-a34697b6c5a3,d7fe3174-95be-4202-8e4d-34b7816c0987,9.277169523882828,9.277169523882828,465dc1ef-8d19-4d70-b3e3-d12eb55ff4dd,True
SP:30,91cd33a2-bc81-4776-a689-10d46ae8b168,9867880b-4954-4625-8299-2f00060779dc,12.293718895183435,12.293718895183435,04125910-4fb6-4aa7-80c5-90aa50d3b535,False
SP:30,920f78db-244a-4f40-b26a-b5c0296f0517,9af4f4d0-765d-4146-b25b-7d11b61599c8,10.620390203656553,10.62039093549062,f23ec824-f855-4ade-95c9-936704c0f114,False
SP:30,921a7ad1-c356-422b-842d-a29c54ffd563,ff244b51-d920-498d-8162-0abf8d07fe75,8.067551460588918,8.067551460588918,d1af2819-b062-463c-a434-ea694dfbe36d,True
SP:30,92c5407d-498d-4fb7-8987-d8b2aab8746c,adf83b6e-0f57-4c0f-b0dc-b76b0f7db269,5.2779605429674525,5.2779605429674525,727a5012-42fd-44fc-9ac7-97033d82f3fd,True
SP:30,93ea21f4-e429-4119-a0aa-27d6ca1670d8,c78c94b2-ab22-46ae-ae58-9ca5c7a1d6ac,18.675925468086337,18.675925468086337,8f6a40fb-f6ae-424c-9e7d-c32348fc0632,False
SP:30,9430212e-fcab-4581-9ce1-0fa91ecc02b1,a7b27900-57b4-4f03-85c8-90ca3997c4b9,7.515163347734805,7.515163347734805,4fd33528-9ea1-4172-8643-75f66918379e,True
SP:30,972ab570-2327-4183-b0ab-0d66106bf3fa,f22a6ba7-cdcc-46c7-8416-aff760f86593,12.303043436933546,12.298438292865534,d89c143c-844e-49d7-9d2c-9cefd9e36929,False
SP:30,973567d5-10b5-4f27-b245-f8afabebd306,97540f29-c1d9-4ea4-a921-795269742430,5.162314491665394,5.089652965378421,ec566a1b-8ff6-4f0b-b93a-d8b552266560,True
SP:30,974fb86a-a529-4f09-b2d3-a915f9909a72,d1cbeb08-de28-4182-b6a1-f725f4b74f55,19.104013324548216,19.104013324548216,8280ebfe-cf0b-4ef9-bbfe-03fa8852fa82,False
SP:30,9755b14b-aa6b-4033-acf8-22111bb5eb72,adccd3ec-e1b7-45cf-bf3d-84b32187e492,14.705234187518194,13.447159189602843,da1569b8-bf09-4279-bfd4-debd49d2bf9d,False
SP:30,98d0210d-7065-4e48-987c-5aa2eeac30cb,d4e20598-58ed-4247-b042-63a678e8fc92,10.927814653704399,10.38231864900991,9971424c-fc21-4b78-a368-4a768e0d240f,False
SP:30,98d0210d-7065-4e48-987c-5aa2eeac30cb,f190ffc2-ad88-4dde-a6b1-46bb21037407,5.3495270748153585,5.349527074815358,6032b758-af61-4a0d-ae5e-48550f465a10,True
SP:30,9989b8ef-0b11-44fb-81b3-69eb1bfbbcab,d8c97256-4b87-4f2a-b6d2-817990e43060,19.623233800807338,19.607214687227824,5cffb0e4-2050-44ca-a366-7ba5df69d1ce,False
SP:30,9a73b797-3466-47c1-9501-72a8bef97d09,d0eea2ba-0d6f-485e-bed7-a8e25ebed858,5.97144511800201,5.97144511800201,c57c591a-c85e-4b5e-9b56-74f311d4512e,True
SP:30,9af4f4d0-765d-4146-b25b-7d11b61599c8,db75fad9-801b-47da-ac41-661c48cc8070,7.817871791284776,7.817871791284776,d1c633a0-8547-493d-91fa-2775b3c06861,True
SP:30,9cf009c2-017f-4f48-b440-635a727b9f7e,ed79b65b-afcf-4180-af71-2e6780fb7462,15.760362087910258,15.760362087910258,8b9c290c-8214-44d8-a3e8-b56ca35d42d6,False
SP:30,9edc6ebd-5a85-4953-a3c9-9806a039ae37,cc6176e9-b68f-4af7-a31e-c8418a316a83,8.865089784188966,8.865089784188966,725dcfad-5912-403f-b494-8b34ebe69512,True
SP:30,9f8aedd4-3bd7-435f-88da-39e75eadd8e3,c8864566-8b43-45dc-bdb8-a73418e47949,19.5437175840578,19.543717584057795,94057a25-91b7-4793-b6e3-b377c9c3c568,False
SP:30,a01d9c74-0bff-4877-b2f1-cd2ac66cf276,eeeade3d-acab-40cd-810e-85d183d26d1c,12.365853418810211,12.365853418810211,27e5bd98-e64e-4b5f-b95e-778fbcb68d65,False
SP:30,a090db0a-fb2f-462a-88f9-62c61455f54c,a4f67e09-985e-4fea-8800-35509d3e44b3,19.218494125031416,19.218493535201958,1e0f839c-4ae2-44ec-ae47-5ce340e68eb6,False
SP:30,a188d612-80b1-4366-bb0e-b4ab81d8ed5b,c1a5ef45-54a5-4b7b-80fc-ca7fc3a2327a,15.262998853457928,15.262998853457926,44816ef4-ea14-41c2-a1a8-b7541af21bd8,False
SP:30,a1bdc2ba-fbf7-4154-aad1-70542c3edeee,b298cf6d-444f-4e78-b672-b56dae5182ce,18.89097943541423,18.89097943541423,02f8a479-4402-4ac7-a978-66aa2e3e3bce,False
SP:30,a29a893c-d7c0-4af8-beb5-5c79c6be8e44,ee14ea16-4fc8-4c59-b15f-9bd945f0a46e,14.510422746261996,14.510422746261996,4fe97b94-5bea-48fb-881d-08dc51cf6d83,False
SP:30,a43d2f9d-526b-4572-a789-22405d6c1515,dd90cce7-4b21-49bd-b4c4-17af3c0bc926,9.228883015668602,9.228883015668602,98af424c-a6d5-4a97-adf1-b838d81b5979,True
SP:30,a45b7bad-56a9-46f5-9c76-e1ef105dba0e,c44c0926-0341-4da6-8f1c-f25ba8c78a31,19.14683499762528,19.14683499762528,c5b592c8-de86-459a-b71d-83dee205ce3d,False
SP:30,a4e35856-789b-4a21-8953-5ded2552d064,b92f9a2f-28c2-4313-80dc-592f4ad26be5,14.94946694977664,14.949466949776639,021d0147-5f73-4681-bd79-42cc3acd238f,False
SP:30,a4e35856-789b-4a21-8953-5ded2552d064,c05b278b-72e7-4d9d-b0d0-9c3a40d86fa0,13.70496222934468,12.771562771140545,4f13da3d-00bd-407b-b54d-576f28d0945b,False
SP:30,a5898dcc-b39b-44b7-bf02-825213df36eb,a827283a-24aa-413a-aec1-b9e284226697,10.341381116753578,10.341381116753578,1f1d19bf-4e44-4343-9d52-70f3693bdb35,False
SP:30,a59c8cc4-ffd7-4a57-a5c4-81db18fdfb4f,be41f021-f5bf-45e4-9afd-06c27f7beb41,13.322627216050485,13.322627216050485,1d2d8010-9877-4eed-8d18-df596318475b,False
SP:30,a59c8cc4-ffd7-4a57-a5c4-81db18fdfb4f,da7c94bd-93c6-455b-ab22-1bd2e1ee8994,18.157981269290985,18.157981269290985,3213e2be-52e5-4db6-b166-c2665cc714de,False
SP:30,a63ec64d-eb1d-461b-a3bd-91acbb7ad839,b3719b01-0c9a-4de6-8a11-3a6f41679e58,19.06352989252508,18.64598461556037,226c2fe5-ed87-4802-93e4-8b6fba9a1520,False
SP:30,a682be00-3516-4afc-b2a8-0854063c4760,fa10c4c3-a3b2-414e-b1f2-221d6da006f9,8.400649205278583,8.400649205278583,916e2f4e-5131-4ce6-a749-778fe3b8a506,True
SP:30,a7f2ec5a-7fdb-4349-b049-ea3b7a0c0137,e1f68830-e464-4074-954b-894bea7b46fa,9.056090069869507,9.056090069869507,f2951d7a-70b2-42b2-9a0e-7ebf3c9c0503,True
SP:30,a83c1a56-6653-4daf-9d60-aa149b37331c,e3d5403a-2261-4411-8bd7-2412bc57b49d,10.64940191002052,10.64940191002052,570f0ed3-9193-4ea8-b7d3-746721ab28d8,False
SP:30,aa287a23-f190-4a5c-bb5a-004163370fb0,f0cd732f-0dc8-414d-b826-940bd7f42d89,6.602033658975615,6.602033658975615,3a721cca-96d1-4230-8845-4f78280a6073,True
SP:30,aa5aa0a9-fb52-4f5e-8574-317a30f544d8,ca4ba472-73a0-4e31-ac75-fc6bf7c292a1,3.6863861844269312,3.672165167747121,15d409e0-4acd-448b-b3e9-5e53b39ee7f8,True
SP:30,aaf6a6f4-fd48-4450-95cd-1582b7b20a68,d5b16781-c4a2-4bb0-8b69-2308f6083317,10.972357723352133,10.93607733788804,69b74be1-6a6c-42b4-9dc4-2ec17b9b9e01,False
SP:30,ad4bf0d1-4e2c-486a-bffa-efc003b515db,c97055dd-be19-44c9-8ac0-0c5abe25612b,10.63431371669259,10.63431371669259,bc5d6ecc-0150-42c9-9e46-b3ec83830c20,False
SP:30,ad5040fc-6b02-4cf4-bffc-87b371cce2df,f98d0348-6706-4ac2-8ea1-b1b864e5fcb2,7.731955428342838,7.731955428342838,d7ff13e8-96c6-4b6b-855f-de3f21c91e54,True
SP:30,ade381e2-e29c-4153-9fc2-b5041e21c4d3,af93a33d-9d04-45b7-838d-1994c8aebbfa,8.375101416231175,8.375101416231175,8f2bdb5c-0075-4bc8-8842-dc44fbfb656d,True
SP:30,ae9c7433-d5e0-4b00-acaa-6d480c73c1f1,e1813151-68e3-43e0-bd67-365df3f47e88,15.688855688250857,15.688855688250857,22a35a7a-c73c-480e-8dd7-246de8c387d2,False
SP:30,af0647b0-ffe2-4612-b2de-d6772efc85c3,e8e09b9b-128e-4f39-ac58-e4eb4e3b086b,9.65278753299681,9.639099696356329,51954d7c-b929-4dad-bc1d-ee3cb246316c,True
SP:30,afbb1c8c-cedc-4854-89c3-15622c7c2349,db388cb4-866c-4e32-8ce1-0f5987afd50c,7.80578085957928,7.80578085957928,fd69b871-b658-40eb-b892-86e01631cf78,True
SP:30,b0b9b61b-a6c4-4c49-b840-384b5583498c,ec76395c-8f6f-4403-9aa4-21474f0b0d94,13.459702997539036,13.459702997539036,c36e641c-ebaa-41cc-87e2-7d8336494e14,False
SP:30,b3719b01-0c9a-4de6-8a11-3a6f41679e58,d6b396f6-c3f5-4fdd-aa32-0be05af5452e,19.156816618475197,19.099925490677364,2c902c7e-e6d5-493d-842d-28e50474414a,False
SP:30,b3ae4869-76d0-4394-8d31-40c3a8e316cf,ddce4d48-9f78-422d-a1bf-170a683cd306,8.678010606022681,8.678010606022681,f0f1190b-ffc6-4d99-8e11-18c9ce71c03e,True
SP:30,b3aeb6dc-9563-4800-9992-f0fb81c7b328,d9f1894f-d2d3-43a6-a08a-cf88f656acd2,4.751970425999785,4.751970425999785,4ff3cb9e-5eaa-43ca-bbf3-36b9926d33a3,True
SP:30,b5d283e7-361f-4803-b01b-c55e877b0e41,f9417c7a-aaf2-4430-aeb9-7b0ae6d021a2,11.547916261131713,11.547916261131713,dfa913c4-6916-47d2-9960-4226eb6c4fb5,False
SP:30,b75c8942-b2fe-491c-b82c-467d26eb82eb,cfee18de-3e13-4f3f-a270-627c4554a340,18.089690519569235,18.089690519569235,4f99be70-e7d8-47cb-aaba-b42ac499c5b1,False
SP:30,b92f9a2f-28c2-4313-80dc-592f4ad26be5,ca1defaa-9732-4659-9cb5-5e8cd4ac1ce8,9.854940419824931,9.854940419824931,a8e5fea9-6b1d-4f0a-9ea9-869248a00655,True
SP:30,bc013dae-bd4d-480e-a341-16c65d8c6f1a,c76e4832-5147-4762-8ed4-2bfc7a39b310,8.433405934083506,8.433357094179327,c3cb40c2-bb5c-4330-8df4-985f28050985,True
SP:30,bc59cab6-5dd3-4d96-a42f-184d61092708,bc609e6f-ae76-45a1-9d82-d91a63d2946a,13.608968556461454,13.608968556461452,032afbb4-c088-466e-b08a-d8c9c62fd2a8,False
SP:30,bc59cab6-5dd3-4d96-a42f-184d61092708,e6380cc1-46e8-4084-b676-8d026a71dd8d,12.033887627270001,12.032217165891222,2841ec88-e6a0-45bb-bfc0-2204a0ba0221,False
SP:30,bc609e6f-ae76-45a1-9d82-d91a63d2946a,e6380cc1-46e8-4084-b676-8d026a71dd8d,13.264927887871306,13.264927887871307,5069d0aa-f501-4c19-a571-d378d35a7be3,False
SP:30,bc9545dc-f558-4d32-af10-5cda7a32bfbb,d25a34dd-711c-464d-b23d-9afe11ed68fe,9.393511928166093,9.393511928166093,372bd94e-a542-4ca2-a8cf-98691e4dc858,True
SP:30,bf0a0dd3-c944-4eda-9863-2c08020891b8,cae7486c-aa06-415e-8155-8ae43700fea6,15.289658938489945,15.289658938489945,6747309a-e8ee-4092-9b9e-cf3af642aa65,False
SP:30,bf313c26-3d8d-46ee-9846-474131b908ec,d80ee07f-7bed-4e30-be6a-96fe671f75de,18.474836507431682,18.474836507431682,976e66ec-2e57-498b-a614-a2d9191114a7,False
SP:30,bf313c26-3d8d-46ee-9846-474131b908ec,d8dec5c8-0b50-4d03-b8b9-10821ce5b4b6,15.296196501443472,15.296196501443472,2c2359f3-a5a2-4c2a-a639-022eecf98773,False
SP:30,bf5ca991-b3a2-4434-aba6-f8ee74de75b0,fbd9aef3-b61f-4bf3-a506-8a543d7eea7e,8.027114570290857,8.027114570290856,b9c63ed2-efb5-459f-b0c6-d64b1a4c415f,True
SP:30,c05b278b-72e7-4d9d-b0d0-9c3a40d86fa0,ca1defaa-9732-4659-9cb5-5e8cd4ac1ce8,18.691090286900653,18.687682145887845,c054a004-5ec2-4ce5-b24d-02dc2db85cf1,False
SP:30,c3ea678a-d98a-4ab3-b87d-faedb387f658,d4e20598-58ed-4247-b042-63a678e8fc92,5.500468578529906,5.442849088897128,1304b2aa-ef18-4b68-b44f-94a5dd73cfb9,True
SP:30,c7666c25-3cc4-4304-a1dc-690bd78bc00c,f094430b-77ff-41f4-ae53-2c68e7272d60,10.236184696596894,10.236184696596894,dd1654a8-673c-431d-9cfa-3083eb4d1368,False
SP:30,c97055dd-be19-44c9-8ac0-0c5abe25612b,e3a34b3f-7d0e-4386-a831-1d99dc0f4a2e,15.619328582781776,15.619328582781774,7f54d763-dd1e-4cd1-be9d-ebbb82c40054,False
SP:30,cb1031ad-cac1-4d1c-870a-27326cc54d5d,fcb765f4-09de-4205-a25b-62611ddfaadc,11.019909365640837,11.019909365640839,b24bff85-5f1a-4c1d-b445-2bb4989726be,False
SP:30,cca617cc-c9d4-4738-bfaa-d0a6626b1e1f,ea71fcaf-94d7-490b-9e3d-3e5069f0ad75,19.161049517448348,18.670437460130177,708d438a-8a0e-41b6-846a-b5aa7685c889,False
SP:30,cd2ff449-eb3e-4260-a907-f6f2ca4da6f2,cd41a562-6353-4b78-bd8c-7917d8c3f4e7,18.850649995116708,18.850649995116708,39c0eede-e699-40e8-acbf-2cb977a3488a,False
SP:30,cd7ef36e-3301-4a6e-81f0-f50d9ab17055,fc22c228-6034-4366-83d0-40b2f66402c6,5.678101616708579,5.678101616708579,c32e5a0c-bd41-4c99-b20f-9c3197f58c7a,True
SP:30,cdc9e94a-bb73-4acd-9537-cf86a05b00ab,e1c68d4a-88f3-4027-9425-e673e68ea419,2.5710673638134383,2.5710673638134383,bb46b32b-1af2-474f-a4d6-da0ca209bd26,True
SP:30,d0eea2ba-0d6f-485e-bed7-a8e25ebed858,e827fb24-a0d6-4d94-89e7-04c7b08b81ce,7.693471955226273,7.693471955226273,d785f062-e775-4461-b785-fd1d9a9be963,True
SP:30,d164fd56-51cf-4df2-b1c6-97d59dc05970,e01b3d05-f152-4f43-bcd5-6899c050f1cc,16.970544591993953,16.970543594767342,a94468c0-48c7-421d-9117-a470aaa2b58a,False
SP:30,d24a3c50-8724-410d-9947-f897a14261bc,d5ceb11e-4f46-486f-877b-461389a50722,6.394430426757913,6.394430426757913,040e9428-01fd-48e0-9b77-6535cb3e779b,True
SP:30,d80ee07f-7bed-4e30-be6a-96fe671f75de,d8dec5c8-0b50-4d03-b8b9-10821ce5b4b6,18.608257504627623,18.608257504627623,91c956d7-b684-4ba1-84db-f01800b5386c,False
SP:30,d9db6c9c-d2bc-4122-8dcc-1ddc3c430f69,e670e3b7-1151-4e6a-b186-8f4112e2fd79,16.481388594900885,16.48138859490088,6ee4bc63-8a81-4f3c-b39c-e43fa72c80eb,False
SP:30,da7c94bd-93c6-455b-ab22-1bd2e1ee8994,ec2114ec-6eed-4066-b58f-9147e7b27742,17.62697075833076,17.62697075833076,b2b130ad-05b7-40a8-842c-4bdcf6a8d4ac,False
SP:30,daa4b297-5820-4df8-b311-335bf2f78730,e786d1a9-7859-4cb9-a531-777d74c2f0a0,15.882362767945423,15.867848804335798,223b79b0-f56e-4733-bc51-bf137ad40a8e,False
SP:30,dc2fbaa8-89ea-457e-966a-162152388726,f945bc1b-c620-4366-8177-e430292a0779,7.612848710039045,7.612848710039045,87b70bc6-aba7-42cb-a0ce-ae6fe26fe368,True
SP:30,dd5b80ec-de2d-414b-96ce-aba3db96dd76,f190ffc2-ad88-4dde-a6b1-46bb21037407,10.705844782100783,10.204998835266396,496af905-e13f-4277-a525-1784bb27523f,False
SP:30,ddfe99d6-7ab3-461e-8bca-8b8e756ad2b8,ee6328c8-5b12-47cb-bde4-bd71e7faa5aa,11.916860037627762,11.916860037627762,77535f0b-142c-4a49-bbc3-2ab93e75cfc4,False
SP:30,dfeaaf7a-87c4-4cc9-999e-1f5deda6ff50,f672068b-989b-4bcb-93f5-6caf8b8ee49b,13.538124344685391,13.538124344685391,0cb5d27d-1930-4fa2-8b62-633e6dbfb546,False
SP:30,e032575d-7a5b-4fd2-afbb-e4a141f81ef0,f6620c5c-27f5-46b4-9e85-6c4a50839967,10.896058407737398,10.896058407737398,16cb76c9-f6b5-4c91-93f0-0e942f1b8260,False
SP:30,e505aa4d-c078-41d5-b04a-fb90333c8730,fe0a3bb5-66a0-4e5c-82ed-cb306f7fcab6,16.56205594177992,16.56205594177992,0adb1436-8573-47ab-baa6-79d3500c8dd0,False
SP:30,ec0dcf6f-68a9-4201-ab01-00a7eacedf68,fcb8e5c7-468c-4fcf-b8ac-ed7b8373f09d,10.642967748158135,10.642967748158135,89ea975d-d1b9-4be8-a816-40ce446cc0c2,False
SP:30,ef0e6ec2-72cf-4af6-8422-505757c6fcb9,f846ca74-33f0-4474-b956-987c6c3716b9,19.61103336600753,18.887356791078684,917a953e-3f45-4b18-b1e4-37c0a48cbf17,False
SP:30,f078b19e-6fac-4058-aa84-9059ba253f7b,fee05e08-b22e-4cb5-a583-03595a57cabc,17.06584567993766,17.06584567993766,67100522-d677-4219-8f8f-f7e1341f1069,False
SP:30,f6b6dc0a-8de6-4198-b0bd-cacdb5ca2396,fdd007e0-b2b5-4b26-ba4c-68c82c563627,5.009874694331838,5.009874694331839,1938bedf-01d6-4243-aed5-07642c753b70,True
SP:35,004e7bd7-a6bf-47e8-a189-e7d94abf77dd,afad6553-fdbf-4f0d-a149-be19a59a7d5f,9.87965198674816,9.87965198674816,42f3adf9-99c8-4ef2-94b9-bbd9b3323b66,True
SP:35,004e7bd7-a6bf-47e8-a189-e7d94abf77dd,b0678748-a30f-406e-b68a-03d88451810a,11.61269956724685,11.61269956724685,677dbdf7-d2a5-4b71-b303-9eef21860079,False
SP:35,005444df-438c-4c33-b2cb-8faa067d7289,f6bf6b7d-28a8-4831-b53b-1c47411bfd48,19.513501893659402,19.51349026101367,21cae3cf-989e-4826-8932-144f24b1e1f4,False
SP:35,0144ce29-f595-4018-85db-123a87f35c11,138a2881-1c0e-4be1-876e-d0c366107d60,14.415912418084122,14.415912418084122,3072bcc0-3b1c-4bcc-9deb-64aab7eb397f,False
SP:35,01cf3d26-8e63-42ee-903f-c70a78432947,0ddf7e0f-b1e7-4623-bcf4-7268d8c0d4dd,12.897873821632952,12.897873821632952,ce3d0493-55a4-4a36-9dc5-cc285680cf66,False
SP:35,01cf3d26-8e63-42ee-903f-c70a78432947,69f61981-3245-4408-8c4b-80020a97cf5f,3.9580149836533014,3.9580149836533014,910da4a1-e7ee-4dc0-8b68-c3d2fd514396,True
SP:35,02accdd2-8266-4ab1-9236-31cbf24233e3,3e309fd9-4727-497a-a1ea-ec4c8ff2fc1b,13.231127169892936,13.231127169892936,f27602d1-704d-4673-8417-a473e1f4da61,False
SP:35,02accdd2-8266-4ab1-9236-31cbf24233e3,498dcf60-3aff-448d-a1aa-c35ef86a0650,13.872571674996689,13.872571674996689,30d28bc1-11f9-474f-a21a-ee9a9d53eba9,False
SP:35,03413652-4d60-49c9-97b0-a67ec4bbbbde,ef707fb3-1d6c-419b-908a-1e8775dcee5e,15.365876751214941,15.365876751214941,c1a23904-c5dc-497f-95a8-27fc4d98d6f9,False
SP:35,0654f23d-7a92-4192-9b20-8be502f95595,50d20ab6-068c-44f2-9d79-305e63ad35bc,13.863451177202641,13.86345117720264,3b802ece-ca1b-447d-a616-533c20bd59fd,False
SP:35,07d753ca-5b1b-4082-afed-b01d8999e9b7,e3a02304-dfc0-485c-8f82-13f195108e66,3.746979215791962,3.7469792157919617,e03c4cfe-34cc-4d0b-925c-f9be54413ee1,True
SP:35,09417cb0-7089-43a3-9d65-27af1d56dce2,c956b63e-81c3-4446-bb58-ca4e6c9aa79d,8.79997565975905,8.79997565975905,8f2dc821-fb21-4624-8e26-1bfbd6f79a3e,True
SP:35,09f34f7c-0ba0-4536-8134-7597f63a78bb,56af80d9-203d-4f94-a804-1e8c086d3301,17.89228935675871,17.89228935675871,f8390377-05ee-4593-9e32-af76e00f13e0,False
SP:35,0a90b0f0-bc33-452d-b665-6df8693080fb,6f2abd68-a953-45cb-bf74-b83724b54c50,14.22819357383826,14.228193573838258,4bdddfd1-bff2-4283-9dc0-c46456489dac,False
SP:35,0a90b0f0-bc33-452d-b665-6df8693080fb,d8382011-0e39-47af-b43a-79afcd96b8bb,13.112249955030194,13.112249955030194,152c8478-1182-44fe-9300-0ef5097a7052,False
SP:35,0b4a4786-5b98-4bc3-98d0-acf6269c0e69,baed5a75-bf82-4423-a2c1-28bcd0b366e4,10.420379630284497,10.420379630284495,ce701905-23fa-49bd-b05a-958835131350,False
SP:35,0dd6914f-14e7-4929-b2ec-c2658ffc3bd5,6851ff71-8fd3-4a10-aa16-a4a3bfdcb500,12.433803545664066,12.433803545664066,e96ec809-5f3a-4765-830e-54ec07b6d273,False
SP:35,10ce165b-6baa-443d-99b2-8f096b5a9dfd,43f6a459-1eb6-4a3f-80d0-d26f0e8074c6,16.36327700904091,16.36327700904091,d0131922-7b51-475b-a17d-4168ff8d843b,False
SP:35,128ec07a-7946-4df2-bfcf-cf06c5a12da8,cfed186f-d988-4feb-a97e-67dc3137f013,16.09827977104772,16.09827977104772,16a1fae8-a313-484a-817d-1292483a8f8d,False
SP:35,13d71af8-3b8d-4707-8e3b-45662e8320b0,4879fd9e-4a60-4488-97d7-5fccb9a3103c,3.379075163466889,3.3790751634668896,eb434586-50a1-4b26-a999-f14bb2152eea,True
SP:35,13d71af8-3b8d-4707-8e3b-45662e8320b0,49195e86-e678-4144-8426-1a5691c85abb,19.85281464153154,19.852813955216906,672ce613-f223-4cce-afa3-6eead6b57322,False
SP:35,1416fdd4-8da6-47e4-a85c-feac02da0acf,ae3c4c89-c420-4202-a479-4a4ff6e4a308,18.237613224692595,18.237613224692595,90322767-b083-424b-bdfe-3e19d5efb522,False
SP:35,15aa607d-3a82-4083-9d21-db63c774ea75,9378e102-805b-4d61-9660-8694d290cc95,15.92580460046734,14.14813315412253,d741f739-5685-4f43-ad29-7e78a8bfe09a,False
SP:35,160e43eb-e7f4-41ab-bc31-11128106bc77,50e8011c-04fe-4a7d-82cd-4b07fad42a66,11.138694387708604,11.138694387708604,ca933a94-89c9-4cae-92aa-21a38bed0cd2,False
SP:35,160e43eb-e7f4-41ab-bc31-11128106bc77,cc72fd9b-58b6-4e45-a8ff-efc0648a473a,16.326388637203944,16.238271446746477,3e5999f4-59f8-4267-8369-f85aa953e1eb,False
SP:35,16472ab3-d4aa-4424-b543-dabeea716b67,fdee5884-0c95-4af8-aa3b-3993ba4fca26,18.631333666639794,18.631333666639794,2daf9009-e573-414a-a4c4-d2ff33a607a4,False
SP:35,181b39d6-713d-43c6-ba78-ad03d2316f7f,b52f4fba-73b5-4ff6-83a0-500ac982b157,16.684385099294232,16.68438590481639,590affa6-8b1f-4848-b009-bc83d4e395ce,False
SP:35,1836055d-1681-4b47-9390-4ea48f7ecb16,2651a9da-43d6-4391-b724-4ad76d1d0856,11.496998750516806,11.496999743739499,43cffed7-b79b-4406-9797-4e4969439244,False
SP:35,1b29b23b-d513-4160-bc71-77c433e32c35,ed414e74-0afb-409c-8485-b3ea1e326727,10.213268696776355,10.213268696776355,91da817e-fe63-4292-b3dc-acabed624d06,False
SP:35,1b5d39a3-7f40-4661-862b-24a820f36110,64a94cc6-9867-4a74-a4a4-db17a165d303,17.051374838173444,14.487750592167583,3097ab24-aa41-44a3-9aa7-7fa653f197c8,False
SP:35,1b5d39a3-7f40-4661-862b-24a820f36110,71891d08-a22a-4b4d-ae14-8e16b84d992d,10.025879717099105,10.025879717099105,25aca1b9-7bb6-40f0-a68d-a8b3d63b3dab,False
SP:35,1cf81d6c-ec44-47a6-b5e6-d98cbf45b6dc,45869e28-2e8b-4bc5-81b9-d03525726e16,11.150620961235786,11.150620961235786,c2d3d00d-7bcf-4247-84c4-9f176b4d0d2a,False
SP:35,1d723bee-3343-43fc-82a7-0d9eae3095d5,cbeb2bf5-6dcb-494f-b68a-ee0272d8466d,10.94473950872157,10.94473950872157,d5e9d375-b87c-40c2-8c0f-73e79fafd78f,False
SP:35,1dd6cf21-9a36-472e-9350-129eaa3c68d4,f6bf6b7d-28a8-4831-b53b-1c47411bfd48,19.08211194836546,19.08211194836546,1e506b40-f3fa-4b52-b0a9-9c0116f8d3b2,False
SP:35,1e737ee9-f816-4a51-b73f-4749ffe46f2a,58304ccd-2fee-4f2c-a325-38615f34c07b,19.22799245052664,19.22799245052664,6319461f-4938-42e8-ab8e-bd3af1c270f2,False
SP:35,1e94c8b4-7273-4cab-9a8b-cf1e370ef6db,2fffaa7c-d30b-4792-8590-8f0f329dc751,11.322470310373927,11.322472332308141,f7451529-722c-4e47-b04d-b90cd936b3a5,False
SP:35,1f5efa1d-be37-4bcf-9aa9-cd4c52e4818a,d6f6d272-167c-4edd-8e90-917420c6c098,19.568034559210513,19.568034559210513,a3e45696-c564-4502-af45-04cda5351a6d,False
SP:35,208f2dad-1154-442d-83c2-fe7040658d6c,87bb1b23-864f-4e07-974d-b2b4a99ab563,15.735562443785856,15.725293939517334,39a3617a-b13d-48f1-b63e-1a4d8657ead6,False
SP:35,20cd5a8b-d600-4938-92cf-9be3e619b370,f0ae224a-9ac2-4b72-8692-b3736e643971,17.992188162676815,17.992188162676815,be55c7ea-aa8d-4c3f-804c-fce797e4a8bb,False
SP:35,20cd5a8b-d600-4938-92cf-9be3e619b370,f14f17ab-924b-4400-a3d3-81f56ace8ad6,18.40506944270611,18.40506944270611,7833fa33-f4fe-4460-8133-7748bc1ace77,False
SP:35,237eb6fd-f4b5-4f82-be9d-878bf461eca2,702d4599-cc9a-4b22-bd60-bebad4278cda,14.636328714829059,14.636328714829057,0d36ac47-b58e-46ec-9367-980069efb34b,False
SP:35,24a47fac-e787-4c9d-a40e-2f331ce42ac8,a6b80b93-8ab5-49ef-9aa3-120bb2584bab,15.737801265879227,15.737801265879227,4768c5c0-cb61-4813-9fa1-7e0df4281048,False
SP:35,24fbdf0e-e2b4-4f97-9813-e6092915008d,762815af-9e37-46aa-8ea3-918bf151f0b2,16.660542419716283,16.660542419716286,60100c8d-bcaf-424d-ae15-8b0e035cd4a4,False
SP:35,25ac759d-07f4-4826-b1a0-ad83f41ed68e,5a0a82c7-0e6a-4eaa-8d31-1e075cddca04,16.312079964695,14.454661579465563,5803b4c5-2291-432d-8a09-1bad06f62daf,False
SP:35,25ac759d-07f4-4826-b1a0-ad83f41ed68e,a7242553-e3aa-4150-ba2a-06c89355206e,12.467531684356814,12.016356914864494,a3096b80-8bcd-42dd-aa1f-96d4e950bfc1,False
SP:35,25f86c3d-b6e6-4837-b056-a884f4a41d4f,f4f7508d-ce35-4cfa-a36e-04b2472941c1,18.71279567057674,18.71279567057674,b5fd55dc-7390-404b-ae5e-6ae24589c5be,False
SP:35,26044b31-bef4-47a1-90cd-1d941a06c4ce,2c373163-d0c3-4bc9-b722-0081a19179bf,19.13118706432288,19.13118805697797,2bb6bf08-db01-43c5-b6b9-31ffaa3de98e,False
SP:35,263dcdd3-9897-4182-b0ed-243aba4d6a62,adbce668-b302-44fc-9a04-540be845454f,19.7534277737443,19.7534277737443,e43f9367-f358-4b0b-824d-64d650fa17eb,False
SP:35,26cd9550-9ae7-407d-9acc-40a909929142,dd4cf3a0-5ad8-4115-845c-d67eb0be62c2,17.315466712653123,17.315466712653123,1436710f-0c22-4e06-acb5-c5f8aa92b9d3,False
SP:35,270043db-6421-462f-8140-8c265488e97c,3bd9b7da-c719-4643-ba32-cf66d50a98c6,11.768478475058984,11.768478475058984,e4ba999f-4c89-4149-9ba2-d4508161071b,False
SP:35,27382b72-77bc-4688-963e-830e009ba56f,e952f09f-5d99-4bf2-ad13-ba24699760e7,15.17412400809584,15.174124008095838,86eeb879-952d-46e7-b21a-91de432f9e04,False
SP:35,276a1aea-4d53-469c-ad8a-0f3a1811e54d,f14f17ab-924b-4400-a3d3-81f56ace8ad6,17.309918217071612,17.309918217071612,1bb8fca1-9c5a-4720-aeeb-3b7b58c16254,False
SP:35,2794ede4-a239-4566-b374-b721c0e5ad29,82727894-f71e-4900-85be-073de8e70461,6.561967901104795,6.561967901104795,9387c133-da84-44d7-925f-165e87cab56f,True
SP:35,2794ede4-a239-4566-b374-b721c0e5ad29,b24110ec-e7d8-4041-bcff-f489de4f1f2f,13.994577103609863,13.994577103609863,d3f352f8-c9fc-49c8-b800-1092770e517a,False
SP:35,2884638a-a442-4d87-b631-ec634f7eca7c,31db2bbb-a013-4dbf-bc3d-bf458f2862d0,13.790194565567356,13.790194565567356,ef6bab2b-68cb-411d-93d5-c3704329a89d,False
SP:35,28bd810a-af19-4d86-807d-e0e774db5849,5453463a-bbad-423e-9d59-fcf6f006db96,11.006569851552463,11.006570360004991,3a2ec304-6e2a-4120-b4af-9fbf3cce6a06,False
SP:35,28c4a884-87fc-4bfe-80ba-51eb34ea79bb,a9e77992-ee0b-4f13-a948-2b36586a6e4b,10.372877377586876,10.372877377586876,6e7b7706-623f-4925-b6be-b2d0261e8cff,False
SP:35,298dfa65-5cd8-4c60-a7cd-5b6a1e871386,c8b1a39d-c841-466e-a376-5e38e4b7b88c,14.323789180160025,14.323791408364166,07c3ccaf-607c-4a17-898f-5bff999b93c1,False
SP:35,2a53a7de-ff1b-482e-8f22-73ebd5d3f2a1,76f2333f-a6f6-4924-b09c-ce83490c95e1,19.679087281905336,19.679087281905336,76a49ad8-6230-43f3-855a-ba24397f684e,False
SP:35,2bbd4fa8-28a3-432b-b71d-ba912dc46631,8ac0643d-aab9-42e2-a3af-4e9d742a45ad,18.251571730520865,18.251571730520865,0e4ea019-bcec-43b9-aafa-8a907d8c8cec,False
SP:35,2c0fd8bf-188f-4678-90fb-845379d8c19c,973b078a-7f26-48d7-ad0a-47e48c763dbf,15.392760187586878,15.392760187586878,1200e1e2-8e19-4e1a-b692-88fc6de81118,False
SP:35,2c49f910-27a4-47d5-bd8f-d494e99341d0,878aafc1-758b-49be-a83f-82a7a4929a20,11.136027033828226,11.135941404422061,477e6ca6-6c06-4d80-9c17-0557a23d274b,False
SP:35,2c8d74de-3f9c-4032-8b6a-a226c61eebc2,5a4794aa-a5dc-4fd7-ad14-08dc209a01e6,18.40033728901351,18.40033728901351,61673e0d-6b46-430f-ab75-d42a80513073,False
SP:35,2d9fcf0b-da4c-4675-a44f-281e615a3b17,d7954ab3-7541-481a-9fe6-a16847ad16b3,14.42552689892357,14.425529827447683,94e7a3c0-3aec-4a3a-bff1-64013e4c3f5c,False
SP:35,2e2927b9-f2de-4f20-b24e-b539e4ed668b,a6b0807d-e185-4128-8d2c-a43a0984e6a1,16.71533249047738,16.715332500415016,39a3617a-b13d-48f1-b63e-1a4d8657ead6,False
SP:35,30d2e894-8d23-42a2-bbce-805c65bc6b01,77f0c3df-f250-4881-b685-d8130051b52e,16.022447326035525,16.02244732603553,0b602017-119e-4b66-93fd-50ad0a59771a,False
SP:35,30d2e894-8d23-42a2-bbce-805c65bc6b01,88dccb01-c1a2-4a46-b42c-840884150d40,16.263082874606617,16.263082874606614,54cd03d6-72e4-4a8e-9e7e-b3de14e57082,False
SP:35,32bf6710-2179-420e-8dcc-28e31f34574c,498dcf60-3aff-448d-a1aa-c35ef86a0650,2.478087024736774,2.478087024736774,7f31aa4d-a0df-47ff-b6a0-a5afc3e60a7d,True
SP:35,32bf6710-2179-420e-8dcc-28e31f34574c,90296466-e2c8-48e9-8646-618cd62d9855,17.543916443817405,17.543916443817405,e4a7eb83-0e35-4a60-a41f-bff8834fcd7c,False
SP:35,32bf6710-2179-420e-8dcc-28e31f34574c,c1e18721-2328-4673-ba5b-c4a1bf521fb6,6.26750247187461,6.0271775176201245,8b0de846-6b24-4a95-ae88-75b56e654551,True
SP:35,33ac8867-04c1-4c44-b241-1c29f7866e7c,61cb8798-0f3e-4e31-979f-a007ee9a5575,15.348748976185549,15.348748976185549,93b53181-a111-46b3-a04d-9338cbf85069,False
SP:35,35eb6b68-6307-46e4-919d-6e19f90b6078,9158329d-4a23-4a0c-95e7-5ea15b979aea,18.395437171537846,18.395436847182285,605b96bc-175d-4ebf-8362-b78845a08df7,False
SP:35,37c68ce1-38b1-492e-a484-999625908b3f,c45a1f88-842f-408a-a788-a2a32e3e0e36,17.6055557807114,17.605555780711395,23f7c256-5dcb-4bf8-9c6d-6093b8a8bb8c,False
SP:35,383586bf-7307-4657-bd16-9b44409d67e0,f8f08015-4016-457a-85c4-50d97c0abdc0,19.799647081094914,19.799647081094914,e50ff668-7846-441f-b21d-8b1b73eb0a4e,False
SP:35,3b70005b-71cb-410b-b828-22ab3bedf10d,a30970b0-9b56-44bc-a0c1-a1ab678c3b11,10.905327938644506,10.905327938644506,5ce02042-cfbc-42dc-887c-9023fab8166e,False
SP:35,3e309fd9-4727-497a-a1ea-ec4c8ff2fc1b,498dcf60-3aff-448d-a1aa-c35ef86a0650,5.904628612924236,5.708988638952654,cf3be3c1-c19d-44eb-a7f7-c57c9b2982bb,True
SP:35,3e309fd9-4727-497a-a1ea-ec4c8ff2fc1b,fc04aa8c-4b95-42fa-a098-5a8a66aa2ebb,2.4317950999927453,2.4317950999927453,fe5bdc1e-02b8-426a-943d-0019b7aa2b2c,True
SP:35,3ef04da5-28ce-4f7d-93b4-9460b9b9592f,d7d597db-dde1-490a-97a3-7af08e3c2a3d,13.635142568483374,12.082525307880653,e5041193-b073-4370-9747-948b0573ea24,False
SP:35,3fd91efc-1dfb-46da-ae52-3cd2cae2e2bc,451ddfc7-08b3-4cda-9484-1cc24fbf04e8,13.592801337472585,13.592801337472585,074c71f7-ce94-4528-ba3b-4b92c13959f2,False
SP:35,40acbc04-daa0-4082-882b-62107584288c,7a0dd3ac-7a8d-4984-8bf1-100240e24fe7,17.473213357767264,17.473213357767264,51c9b6c4-0e4b-4ea7-8fb5-85cbb5c25446,False
SP:35,46861dcf-fd3e-4c64-b430-c8795f8a3685,69c3ee64-9280-43c0-8527-0fb5bafa7937,12.62716392203804,12.62716392203804,cb295b44-01de-4457-bc07-c9a0c4fe2893,False
SP:35,47905f31-a349-4822-823e-d2aac77b8bb8,f60ed798-c15b-4eb6-90ca-0c41b5285c3d,7.637702219682991,7.637702219682991,7cc53592-89df-4307-9bef-ea8c3b9b9c6a,True
SP:35,491fa1a7-75a3-4fed-8a18-5764e80757eb,dcd2db3d-5219-422e-8b3b-c50c82e4c975,15.865026833468686,15.86471488584499,6f521f11-73d9-41c9-8187-e5ce131c0e5e,False
SP:35,4ad4589d-dfb0-4db9-8bfd-265a892a5e02,8fde6e9b-1802-46d3-af28-0195bc9e772d,9.730113200493207,9.455811006927417,66e67499-f3bf-41fe-9fb4-445a652eff1d,True
SP:35,4ad4589d-dfb0-4db9-8bfd-265a892a5e02,c0da5273-ec32-4e4b-ad48-614ac2922a16,6.472958844809232,6.472958844809232,6d926364-1daa-4222-98a3-8758fc7a23c7,True
SP:35,4adfedb8-181a-4a0d-bdd4-3b13b3f2ee8e,59a51f26-9983-441a-8eba-79b1f4027e9e,11.902861374541489,11.900295096376304,a09a4655-fcdb-443f-a454-f9a7adaae978,False
SP:35,4be47b73-7352-43eb-910e-99c743308d77,d6f6d272-167c-4edd-8e90-917420c6c098,16.34646810090279,16.34646810090279,a71d1545-313d-4e2c-8204-5b4642d7c335,False
SP:35,4e420d4b-55c2-46b1-8705-8134320f7240,7a600bb1-ef97-4ba6-9037-1bbfe5102fa4,16.360178937590693,16.360178937590693,263bc2f6-233d-4be3-bbda-1d26e6c4423e,False
SP:35,4f76ffb1-3787-448b-ade8-3e99b5f05e24,7e379466-bb24-4181-bb2e-030985a41bba,8.870658444760775,8.870658444760775,6de7b514-ccf7-4c0c-8f63-89ab4427c4d0,True
SP:35,4fd3204d-24b8-4423-8ad8-c89c69f98f9e,9ad53e21-1f92-4d57-9ae0-cf45783ed877,12.566417540651868,12.566415188286399,522103d5-f05a-4c1e-b557-da10a85a4589,False
SP:35,517f45a2-414b-4cba-a7fc-dfd055cde9bf,a4cbfda0-3801-4078-ab71-2a4dc40880b7,11.7442501535086,11.7442501535086,028e59e4-15ad-4fc2-8046-b93e8fb76f35,False
SP:35,5199a750-c975-4cac-aa40-65f2c90caf5d,c35708fb-c85a-4c8e-a8ba-80d9bf19f338,17.756842215881804,17.7568422158818,5ab3e394-0f3b-4ffd-90a0-67ff3855bd94,False
SP:35,5598f6e3-75b5-44fa-9c6c-568738e02e98,a35edb6e-884c-4343-be6a-1c2ebdf5ed58,11.132965096540902,11.132964379806982,05655e8f-62cd-4c5d-bdc2-f67d68b94768,False
SP:35,566742cf-dea4-49b4-9c78-5e32646ac8d1,668aadc7-b2b5-42f7-8227-c828ccbe975b,19.19006565605673,19.184502454622955,473a5926-3080-497f-b384-cb22829d509e,False
SP:35,566742cf-dea4-49b4-9c78-5e32646ac8d1,f1b844c2-6f5e-4d63-ae53-c243e9e00881,15.217115233439868,14.443908264436926,d348d743-f321-44db-bb1d-39a9c9ca5e17,False
SP:35,59253233-2763-4dfe-89e2-4cef6d574087,ba97605a-afc2-4ccf-94d8-8f5fe7ec9106,17.170227740184842,17.170227740184842,b82e56b8-0bc6-4061-b019-fc2903f36961,False
SP:35,59d943b8-7268-4e0b-a543-f8fe6918c42a,76aea37e-a485-431f-b3a6-e43bd356ccdd,3.3965738851629896,3.3965738851629896,0a87902f-d9f0-4d51-8714-34e36d964063,True
SP:35,59ec7b0c-c2bb-468b-af17-aabed3f3b5cf,cc8d8953-6744-40f2-92e6-c69f0f0e7ef4,10.28437447621706,10.28437447621706,0c29d0ce-1157-4143-940f-5031c14edb3f,False
SP:35,5a0a82c7-0e6a-4eaa-8d31-1e075cddca04,991a02cf-bfe4-45da-a63d-8272308ff4ab,12.506875346987623,11.99793597030266,47938d10-26ca-43e4-9b11-1bd041cb4264,False
SP:35,5aac1616-7338-4af5-9b3c-ff44c8c2a197,5f4f4680-e441-4f4a-bce9-e7dca6f7f3f7,6.616257436456361,6.616257436456361,a6546770-0c52-40a0-83dd-2da43cf12c42,True
SP:35,5d44bd5f-45b1-4835-86d2-861738f01a38,9158329d-4a23-4a0c-95e7-5ea15b979aea,11.693538265182633,11.693538265182633,155f9140-eb3c-41cc-b90a-c963b79c9ae0,False
SP:35,5e6dff2a-748b-4db3-9d7b-a334c7047a1b,78ac06d0-f002-43e0-8f85-4501e046d193,8.630820674352442,8.630820674352444,9ab03f05-3f6f-43ae-bfee-6d1a2747ed16,True
SP:35,5ea1f1a4-8d08-40d3-9807-68303110cca5,6c41aa90-4e85-40ba-8980-a0e8ddc9d024,19.977367614754932,19.85504191357791,bce0ab2e-cedc-465b-b87f-51b9954fb0d9,False
SP:35,60f0dccd-f1ff-48f8-b65c-ac28a0763182,8727ce2e-cc17-493d-9745-84fb830bbd2e,15.408285642979699,15.408285642979699,06514097-1d49-44d5-8547-66e51c721651,False
SP:35,60f0dccd-f1ff-48f8-b65c-ac28a0763182,f50494db-fd3e-4c60-8b4d-e5d42086aff8,16.097915257008754,16.097915257008754,a9a1875b-3a4e-425f-981e-45b3a4285c06,False
SP:35,6224b5c1-498a-432e-be3e-c00b398afe56,e1198a83-8796-4899-9ce5-cbe79880bc8a,17.608651372927863,17.608651372927863,5a27f4b6-37ce-439d-886d-35ecf0a52b71,False
SP:35,64a94cc6-9867-4a74-a4a4-db17a165d303,befd21c9-215a-4d66-bbb2-58ed8679e56b,17.644102855235392,17.644102855235392,458453e8-7713-4f9a-a1f6-8724fc3180ac,False
SP:35,65ff2596-77c2-446e-9d36-7c17b6bd008a,668aa4a9-6a6b-4902-8455-ec68a72f9f35,7.4253544003012895,7.42535742757451,1c19e04c-d8e3-4f91-9215-c71d8e4879d9,True
SP:35,6613b185-ba9b-4876-bdb3-344d6152a216,de3edf0d-9553-40d7-8df0-595802f5aee5,9.68179407498819,9.68179407498819,a9c19ba9-4ff2-4cf9-ae60-54d5e67c2d49,True
SP:35,668aa4a9-6a6b-4902-8455-ec68a72f9f35,d1e55f38-b190-4df1-bb0c-96f94f7b3c05,8.011218715806235,8.011218232510037,bd59dfa7-e2d3-46cd-9b49-bbef192f1228,True
SP:35,66926f30-5c26-4db1-b628-9afc08c87312,e0e7562a-5654-4d85-b0cc-592b3ca474ad,17.55070239009761,17.55070239009761,57bb69c0-fd96-42d3-b211-a0e04e58562a,False
SP:35,67de19b5-2268-4727-9a5f-ca853d7921ab,ad0ce2a3-53ee-4a6c-a630-329ea285b75d,16.19691810616807,16.19691810616807,432f4201-f345-451a-b669-2af4316db07d,False
SP:35,6840d47a-cff6-4a9f-b73a-078dcdd400c7,8ea350fd-f8c0-40c9-b8b9-80d72fb90fd1,13.425680516515177,13.425680516515177,40b70d95-33b3-48dc-9069-1c8dc5a6cc55,False
SP:35,69032984-dfe4-4a5b-aa7e-07273c311c8d,c0268b06-546c-4697-9c7d-96b5a7a69d27,15.862678883554391,15.862678883554393,249540f1-279f-4920-9a9d-7ff0663f54d6,False
SP:35,6aa8df13-172c-4d7d-98d9-198b7863734c,d962be11-6529-4663-99c1-2c32e5ebad73,17.96507459721106,17.965073780172073,76ac2cdf-556a-43ac-be3c-302b5a6e4907,False
SP:35,6bd96f11-ce32-4735-acdd-073cd35b1147,a4f68543-df3c-4b85-a8c7-6e6bbb75d18b,2.3675301886914872,2.3675301886914877,d621aca6-d458-4c1a-be6b-394825a24745,True
SP:35,6c062697-3d7f-4725-b86e-3e9f2cb82f93,d8185517-0a83-49c6-afff-99597e73c654,15.92943320858931,15.89005774611788,6023134d-c518-4d7f-90de-66ef89fe6378,False
SP:35,6f2abd68-a953-45cb-bf74-b83724b54c50,d8382011-0e39-47af-b43a-79afcd96b8bb,10.186483439846416,10.186483439846416,d4243c96-6ecc-452c-a9c2-8f55a6e2ef30,False
SP:35,70657f43-bd41-4ba6-9581-64a82b361f5b,8b4849e6-e559-4535-b6ed-430037edc208,16.24225236705535,16.24225671005349,0706f593-f689-4789-a455-7b347abdda2b,False
SP:35,70bbe2ea-d14b-4633-bf2e-2f16dc5bc93a,865ac837-4a42-45a8-ab4b-82b938aa9a6b,16.63469147554698,16.634687229761592,93bfdab3-3177-4edd-ad03-226ef6f66f02,False
SP:35,70bbe2ea-d14b-4633-bf2e-2f16dc5bc93a,bd6b663e-ef20-4221-9d74-e5bed7572a35,18.54102071418274,18.54101466937391,93bfdab3-3177-4edd-ad03-226ef6f66f02,False
SP:35,7118ddba-3a72-4146-83e6-d4b57be3150a,a5decc27-9f29-487e-9308-8c4f155ff97b,19.157538339411815,19.157538339411815,947a6fd2-81de-43ce-a689-2f6c12c3370d,False
SP:35,71891d08-a22a-4b4d-ae14-8e16b84d992d,d6790a77-4ec1-4ee3-b69b-f8318b2cdbec,7.326771080313288,7.326771435487436,d9d8632a-bac4-408d-8fe2-14cef71a5732,True
SP:35,7357b5ce-1531-4fbc-808a-ee3f93a50c63,b5ebb4b2-67b0-4708-9f2d-857f121ee462,19.257602296129512,18.879855202823126,cf8d084e-4184-4fe7-8aa3-db93bbae7649,False
SP:35,74c70ec1-efef-4a24-b415-49a2fdb85b53,9254b36d-c929-4a31-aa67-adb3bde6467e,10.05912905835707,10.05912905835707,58516ea2-5621-493f-b67e-af67efa36eab,False
SP:35,750dafca-4650-4bda-a60f-45bdd3ef4227,ae891d84-0654-4709-a9bf-b434d359ca7e,7.673087348890441,7.6730865545897515,a46b03b4-82db-4663-9660-f2bdc40d642f,True
SP:35,75c8722c-968d-4b54-9de0-d631055f7f39,a6b0807d-e185-4128-8d2c-a43a0984e6a1,15.380185111842792,15.380184152216609,39a3617a-b13d-48f1-b63e-1a4d8657ead6,False
SP:35,76e54b0b-adb1-4ccc-b1ef-a120b64ed92f,fab7bcb2-e580-4f8f-9f0c-0e3534c434c9,16.722171802862192,16.722171802862192,f6e8df4a-3c14-4065-bdd2-f09f3c08d2c6,False
SP:35,77f0c3df-f250-4881-b685-d8130051b52e,88dccb01-c1a2-4a46-b42c-840884150d40,6.176365753282187,5.950672188994754,a90de34a-ca44-4d86-9b31-b2657d909d94,True
SP:35,77f0c3df-f250-4881-b685-d8130051b52e,b682e05d-2ffa-459a-b525-2c90b3d6c5b9,3.8798413510591474,3.8243357573731602,571b7eff-2d3d-42dd-b3d6-c9bdab29ee0e,True
SP:35,78ac06d0-f002-43e0-8f85-4501e046d193,d4926440-c11b-4110-8995-6229b7f16377,13.301115691726082,13.301115691726082,f2e27f97-3780-43a3-91f7-0595b0476e8d,False
SP:35,7975bdbd-ce72-4932-a20c-168cb4a74ad6,9e8fe24f-79bd-4b9a-8fa2-f3fe0b68d215,18.27862120909472,18.27862120909472,6802ea4e-0396-45f4-93a6-2b2b26ea6a52,False
SP:35,79ffefeb-6f0d-4a11-b2a7-854d148179d7,a2c9f861-1e5c-448f-9c5f-2a5dfda99062,18.527772467701563,18.527772467701563,feae1adc-08ad-4b81-af41-f16a7611aa8a,False
SP:35,7ad99755-66ff-47ae-8776-05e0608f69ca,dc989134-1b4d-4d0a-9fa5-ae86ca6aaf86,1.8734700300922817,1.8734700300922817,ba1fc6c4-cb26-4247-92f1-21dfe66691ed,True
SP:35,7c204999-c8d1-4e4b-9f72-a294dcf315fb,d10848b7-ff7c-4e56-832e-be51d3821917,14.647710716538954,14.647710716538954,48eda1d8-281a-4ba8-9acf-6bff5a2d636a,False
SP:35,7c2ce31a-b3f2-43fb-bed2-98c65a2e411d,8500c4ef-f97a-4a24-bb1d-8ce137be19f9,16.369053409583078,16.294106540956314,a536bc30-7e8f-4ae8-84cf-e0097a4f238a,False
SP:35,7d0fba73-4a91-4e1d-80b8-45d32c229624,f8a0bb32-a7a2-4b6e-b008-afb2da00c080,19.296448394425283,19.296449296436126,ad4f89ac-7233-4dab-bcb6-2a4b3089dcab,False
SP:35,7e80bfdb-153f-4a1e-b2fe-4bfb16e05245,c8108789-f17d-4b58-8dcf-b1bcaaf47ce4,9.838576389974293,9.83857662481092,6188ea2d-edad-4cc9-9178-2544f29430cb,True
SP:35,7fdf2527-5d3c-4fcc-b6d7-59d8ed2f9b36,eca5cc1b-9236-4f2e-8635-3d4ebcdebd2c,15.846665888876588,15.846665888876588,5f8ad74e-e220-47f9-8aec-5665af13946e,False
SP:35,81026f75-f82d-4b86-a815-fbaf4fd65ff2,e6f928fd-d49f-4bb4-829f-40d80518895b,14.71235265179125,14.71235265179125,f2530261-c373-4430-88cd-7e0bb19c21fa,False
SP:35,81b73053-2b16-4fad-bca1-7fc8680dabe3,a3844600-a0dc-4659-8738-6dfece93cd7e,17.3375711896604,17.33756954603584,54cdeb47-81ba-4eac-9755-14c16b44fc34,False
SP:35,81bd28f8-7efe-43e9-ae49-c2297baac87e,ceb4c1c8-bfb3-4fed-b82c-0bbc67f9b51c,13.843398447683649,13.843398447683649,aef86e4b-9026-4ef6-afa4-36bf543227a1,False
SP:35,82656081-206a-46a1-965d-1c7705fd32e2,846dda84-eb07-4bce-84b2-eb62e0429dc1,8.541688752595668,8.541688752595668,7050c769-4096-4f78-bae8-e04efbbd47ee,True
SP:35,82727894-f71e-4900-85be-073de8e70461,b24110ec-e7d8-4041-bcff-f489de4f1f2f,13.188201342198656,13.188201342198656,05c4300a-f4a2-4c8c-a41f-42bc5029112c,False
SP:35,83f2dc90-0a44-4fee-b61e-3d818a04fb9a,dbaaab6b-a6f6-4f6d-9df1-109c7d0f97bd,9.125060749255798,9.125060639313363,98fae006-9644-4d85-be26-32296dd340e5,True
SP:35,8416fe50-490b-439e-a297-f76e7dc9093b,8beda9ef-f218-4dd5-bef2-09d95e71716b,11.997906560364573,11.997906560364573,5bf71b09-7a50-4439-a0fc-4024a3edd551,False
SP:35,88dccb01-c1a2-4a46-b42c-840884150d40,c1e18721-2328-4673-ba5b-c4a1bf521fb6,2.966342133787207,2.941909739313141,d97ca596-f3ec-4b54-a817-99ef05504195,True
SP:35,8ba8e5ab-09e7-405f-9816-884fd31b333a,f2499ebf-4556-4eaa-a291-fbf6d7b23349,16.440312187353815,16.44031218735381,773d96fe-de74-4cc8-bde8-4a017aae9c8f,False
SP:35,8cbf390d-d8c6-438d-b40f-597e2298c3cb,b4da0c05-c525-42d0-a58a-21e7d2bcfa52,18.52208407156019,18.52208407156019,0e3c6408-b163-4786-9f54-9854d6032a25,False
SP:35,8fa4a836-24a8-45aa-9ae0-52615a90ddec,e6851fd5-3d75-4053-b7c3-d7d260e7db30,16.773020362914725,16.773020362914725,c80e5dce-781d-4b6f-a02a-1a92097a44c5,False
SP:35,8fde6e9b-1802-46d3-af28-0195bc9e772d,c0da5273-ec32-4e4b-ad48-614ac2922a16,10.185120208360697,10.185120208360699,47bf82ee-096e-4177-b7eb-fa384305007a,False
SP:35,90296466-e2c8-48e9-8646-618cd62d9855,c1e18721-2328-4673-ba5b-c4a1bf521fb6,16.836983408133754,16.836983408133754,0361341f-1ff0-4fdb-94d4-e6d3b8a7a093,False
SP:35,9545d0e5-2210-4eac-956d-8604b2f4525b,971e4edb-2d34-409d-95d4-172667b9eff1,17.88495156712621,17.666253165153073,82e20b4f-27c7-4c3c-a444-bfd5e20e798e,False
SP:35,97ae89ea-318d-46d8-8471-e7050ec594e7,b682e05d-2ffa-459a-b525-2c90b3d6c5b9,17.217343762610113,17.217343762610117,8f8839b5-3b89-4bf5-af86-aefdc9435526,False
SP:35,97ae89ea-318d-46d8-8471-e7050ec594e7,fc04aa8c-4b95-42fa-a098-5a8a66aa2ebb,18.8560944180781,18.8560944180781,45d981e2-96ae-4e3b-92af-a94d617ede96,False
SP:35,98a5fb05-1414-43e8-a844-e478d5ed5903,c92daffc-067a-4d25-8cba-c61f3e4f6753,14.750471105422298,14.750471105422298,256496f8-949a-46d4-b170-75bff2342251,False
SP:35,991a02cf-bfe4-45da-a63d-8272308ff4ab,a7242553-e3aa-4150-ba2a-06c89355206e,5.337991802793412,5.023349358167141,5ccd10dc-e4bc-405e-a11d-adfdef968918,True
SP:35,9ff2f0c1-e7fe-40ca-880b-af8d8fb4c7ba,bdb07951-bb61-46ba-b0ed-83940dd9385d,19.77082877727197,19.7708286977758,7d770282-18d9-483a-b697-40055ded70b1,False
SP:35,a2dd6be5-0fb1-4ba1-86c2-dfc54e404923,feea4d38-7ada-49a5-ac11-75e8ec8e7350,15.894794890382373,15.632985134534835,34409945-09df-4f1b-9461-bb33822043f6,False
SP:35,a2fec2b3-54be-4486-8b69-a0e9092a0f2b,e539106a-20b4-431c-99f8-e597dbd41bc6,14.113890750496708,14.113890593874698,771c9e01-fdf1-4f88-94db-ea712a3866c0,False
SP:35,a3844600-a0dc-4659-8738-6dfece93cd7e,ad7faa2b-9cee-4754-883e-e172b144e715,16.703249103445664,15.962712483525008,ce0b3e94-1c1a-4008-a2cb-ddb44ce97521,False
SP:35,a5b35c57-1301-4fdb-81fa-2544806cf248,dd4cf3a0-5ad8-4115-845c-d67eb0be62c2,18.933960555120862,18.933960555120862,f936cca3-86bf-43b7-aa20-d0578865f8e5,False
SP:35,a60aea4a-225f-4c83-9406-a42a022bc4b8,be25eed2-cc43-48b2-b562-f4265f622343,13.315996088623065,13.315996088623065,4aec4f2b-098c-4c4e-bb90-b6a5d1f6a35c,False
SP:35,ad1505ee-db30-4cc5-8c7a-c4b13ff58b66,bb408bdd-a5fd-4f6a-b34a-40b9c9d23198,19.96821965598655,19.96821965598655,348ed4d6-b366-4c6d-9e23-bee411366a86,False
SP:35,aea26fed-490b-4814-b714-5d55698f8976,cf5ae66e-b973-4bac-8c38-f44af050167c,9.646021663534182,9.646021663534182,3d002389-f496-4e68-b460-cfb68fd372e1,True
SP:35,afad6553-fdbf-4f0d-a149-be19a59a7d5f,b0678748-a30f-406e-b68a-03d88451810a,11.895803641431652,11.895803641431652,ae235f6e-84fb-4a2d-8143-f5e6b8bdebee,False
SP:35,b0169198-b81a-46a1-a466-8bf24e11d659,c2ecd672-6d8c-459b-a000-dc3595e28aec,8.427601492962529,8.427601492962529,eca48248-b106-460c-a8b5-03a2b2498463,True
SP:35,b0b85cea-eb2d-418e-ab0d-b37cd2fca451,dfa44e91-697d-4fe8-851b-a86adb020731,8.13140523007349,8.131405720153383,b3b988cf-bc55-4874-ab2f-190f6886206a,True
SP:35,b1ac5194-e30b-43c4-b957-a65d004a55a0,f4f80605-27ee-435b-b51d-d4415829b888,16.961905474828278,15.181975700435027,1ec86dc7-85a5-4abc-8442-a4410f1e75bc,False
SP:35,b682e05d-2ffa-459a-b525-2c90b3d6c5b9,fc04aa8c-4b95-42fa-a098-5a8a66aa2ebb,5.777335210333676,5.59224606645733,053d37e2-bd6d-4657-b8f2-ec5b8609a1a7,True
SP:35,b6b322ad-a478-4909-9804-50b0a0663e97,f10ea134-2069-4afd-8695-09935a4ff771,18.761132362017403,18.761132362017403,435184e1-4a2e-4b5d-9b09-02b4157b8ef8,False
SP:35,b6e1aaa6-2ae3-4848-bf76-88eef2d7419d,d26e4841-6e08-41a2-b5bc-bb419e4094f6,4.5338050371605,4.5338050371605005,5c9f99c2-d44a-4b09-b1c1-1bc8fbbc9a86,True
SP:35,befd21c9-215a-4d66-bbb2-58ed8679e56b,c8b52fdb-2784-437a-8156-79fc921fdbd7,17.69159254366437,17.691593337005628,6795de67-8ca7-479a-a6b0-7001b5aea004,False
SP:35,c0268b06-546c-4697-9c7d-96b5a7a69d27,c9955333-a280-49f3-9879-1c4707641f8c,0.6298935195936828,0.6298935195936828,ad27fa87-63a5-48cd-a88c-d4d6ebe70a44,True
SP:35,c23a061e-c7c9-49ed-8185-7442693bfd91,da12b7c0-0d09-47da-9088-12a0bafe0d97,10.458422984659778,10.458422984659778,49ef6e46-f79b-4049-a59c-d738f37cece3,False
SP:35,c5e99df9-035e-4dbc-ab9e-afe47343ac05,eee509c6-6c37-487f-8010-bf77acd7ec5d,10.557007315052429,10.557007315052429,431045f7-e4fe-4a5f-b6ea-0443e7e92fd2,False
SP:35,c681ff15-c1b0-43c1-bef7-b99177e52df9,ece04b5f-5b18-4101-82a6-7dbcb4917573,15.670117293214174,15.670117293214174,df66e237-28dd-4844-8606-402326019b20,False
SP:35,c7520306-5913-4d86-b7d8-ed1c68f2222d,dd7abd4a-c65e-401a-b4c5-c5d74072cd65,17.01372493171992,17.01372493171992,5f92bf95-0162-42c1-8860-b8dd61b7de6d,False
SP:35,c87501a0-560d-494f-88fe-3c744d09d0b0,d2c388de-132e-4064-b4a2-a8f1c44a89e0,6.292659536724758,6.292659536724759,bebcba36-dc5c-4130-84a1-fbac01b88cc2,True
SP:35,c8e26637-7386-453a-b017-7c5cb0921c00,dfd0dcab-3cae-418b-8c56-269c49679532,12.668748724030188,12.668748724030188,1df53140-ed59-41db-a81e-5590a3328e82,False
SP:35,ceb4c1c8-bfb3-4fed-b82c-0bbc67f9b51c,fdbaabae-0d81-45ca-aa7a-d15e02783578,8.587100553340271,8.587100553340271,9b3f83da-5890-479f-8e4e-22158c29959c,True
SP:35,d23c9e61-5284-469a-965d-4422172d92d2,e00d574a-7395-4cbc-b413-3b1db4c9cab3,13.988045009289767,13.988045009289767,6ea10658-ec3e-4a6d-a76f-f3f5d9307733,False
SP:35,d6633bcc-5658-4d63-8e58-b875e5541869,e9f3c3be-cf95-4101-bc5a-3386248f2830,6.30026747926051,6.30026747926051,a865ad6b-159f-46e5-afd0-820b1d9a2a76,True
SP:35,db5ca666-0ed2-4066-bf94-7378da729d10,deda4697-c189-471b-8fc7-bd2e023dcd3d,15.246018098766042,15.246019781008224,cf586c7d-5dfe-428c-b450-918ef748a2ad,False
SP:35,db676f84-6644-4014-8631-bf4246b67a5d,fdb58f27-e7f6-4d12-8137-7b2d20e15956,18.80474140727917,16.878506454173085,5764a570-799b-445e-b09b-d8c147609174,False
SP:35,dfd0dcab-3cae-418b-8c56-269c49679532,edcf5eca-ecdb-471a-91ad-4f52858e5fac,19.42373404135006,19.42373591198831,05b6aa05-84e4-44f3-9d44-9a59913cf046,False
SP:35,f0ae224a-9ac2-4b72-8692-b3736e643971,f14f17ab-924b-4400-a3d3-81f56ace8ad6,10.40023080156949,10.40023080156949,a11e72f0-687c-4e3f-b656-dbeeacd6a352,False
