,CHI:01,CHI:02,CHI:03,CHI:04,CHI:05,CHI:06,CHI:07,CHI:08,CHI:09,CHI:10,CHI:11,CHI:12,CHI:13,CHI:14,CHI:15,CHI:16,CHI:17,CHI:18,CHI:19,CHI:20,CHI:21,CHI:22,CHI:23,CHI:24,CHI:25,CHI:26,CHI:27,CHI:28,CHI:29,CHI:30,CHI:31,CHI:32,CHI:33,CHI:34,CHI:35,CHI:36,CHI:37,CHI:38,CHI:39,CHI:40,CHI:41,CHI:42,CHI:43,CHI:44,CHI:45,CHI:46,CHI:47,CHI:48,CHI:49,CHI:50,CHI:51,CHI:52,CHI:53,CHI:54,CHI:55,CHI:56,CHI:57,CHI:58,CHI:59,CHI:60,CHI:61,CHI:62,CHI:63,CHI:64,CHI:65,CHI:66,CHI:67,CHI:68,CHI:69,CHI:70,CHI:71,CHI:72,CHI:73,CHI:74,CHI:75,CHI:76,CHI:77,SP:01,SP:02,SP:03,SP:04,SP:05,SP:06,SP:07,SP:08,SP:09,SP:10,SP:11,SP:12,SP:13,SP:14,SP:15,SP:16,SP:17,SP:18,SP:19,SP:20,SP:21,SP:22,SP:23,SP:24,SP:25,SP:26,SP:27,SP:28,SP:29,SP:30,SP:31,SP:32,SP:33,SP:34,SP:35,SP:36,SP:37,SP:38,SP:39,SP:40,SP:41,SP:42,SP:43,SP:44,SP:45,SP:46,SP:47,SP:48,SP:49,SP:50,SP:51,SP:52,SP:53,SP:54,SP:55,SP:56,SP:57,SP:58,SP:59,SP:60,SP:61,SP:62,SP:63,SP:64,SP:65,SP:66,SP:67,SP:68,SP:69,SP:70,SP:71,SP:72,SP:73,SP:74,SP:75,SP:76,SP:77,SP:78,SP:79,SP:80,SP:81,SP:82,SP:83,SP:84,SP:85,SP:86,SP:87,SP:88,SP:89,SP:90,SP:91,SP:92,SP:93,SP:94,SP:95,SP:96
CHI:01,0.0,0.807133442688583,1.0152413277273071,0.6814704171119917,0.8339116167836048,0.8133658410443924,0.8030435556439653,1.7302575637733884,1.6447325188184845,1.4857441862081224,1.132643351532234,1.7625091728190156,2.254086923365095,0.7351208248205233,0.9809078044822862,0.9173242030285226,1.2472065076089913,1.002825037408778,0.9322826659564838,0.8813154437786994,0.9174697692412075,0.8238384094193971,0.8997748498058122,0.9524867463053399,0.8736835444657803,1.139609368047521,1.1105450292748582,1.5633293351739437,1.0993167618726007,1.2586284032838824,1.1714714507659592,2.515085537768403,1.6258113039032511,1.906086772731128,1.5675455712155513,1.8154614224759422,2.567396734137683,0.9702576046833342,1.0029420130534694,1.7210632980061094,1.0514503002939297,1.115509230390879,0.8266314317768616,1.0698634597515468,1.389287649605126,1.4192960909066268,2.4703481189514482,1.6058114406552786,1.5142543137917555,2.4802532893862743,4.043643997593856,1.6646747370792514,1.7397049144164487,4.364376846969071,4.05651151677387,1.3654134110484002,1.976352813601606,0.9720762758902697,1.122199446302982,0.9953946623445231,1.5797705963873578,1.1850508119290906,0.9518554072874381,1.3471052658778748,1.236496183421709,1.1048902665090121,1.5288903923117052,1.6212603717481624,1.3204777495272508,1.5158559449112217,1.1827027721105567,1.7013475818246238,1.4816966792268662,1.7572538524932044,1.642503673516782,4.623658327351684,0.5612839044160736,1.0587589678803133,1.4096978423042759,3.777642225780322,1.2048660248898115,1.1047041098125314,1.959335552896437,1.4124224572414281,1.1741057558140495,1.4528417104913824,1.28912766465234,1.7384825784352422,1.7108394274463843,1.470584934842183,0.8604463569157609,1.1080530867005407,1.2098315614999038,0.9774393677134869,1.4675825418872976,0.8889151808884644,1.056783268158612,1.0131107782349786,0.9682804255844069,2.2534260040148353,1.101253138047513,1.5074271408108246,1.2630193728038002,1.2699652813898714,1.255734740365738,1.037016917629073,3.472588015239174,1.2149066114988807,1.2295204072387704,1.8729907455229946,1.066770871903873,1.424541113264581,1.197556139594488,0.9314617756069166,0.8439551439083205,1.136036314072908,1.8951806266940538,1.6454631770658472,2.3298172898398763,2.1985604712917928,1.5624484657373463,1.140151928868884,1.516450188696849,1.810849126527388,1.0603729313366506,0.6671679253848759,0.9612542855912691,1.6775454830695282,4.991004242130021,0.9746647604675027,1.6771730825866804,4.521953650892687,1.781132823023346,2.5940783327830546,2.595007299020223,0.957280754740279,0.8739807875104544,3.1806219520327392,1.240158840313603,1.2454082549441752,1.216628516217693,1.7826120067498148,1.9726049392399438,1.1979133942398026,0.9690266409248496,0.9548603500272558,1.0839426800729384,1.2920729893145402,1.0652794712540028,1.098778637829653,1.2139600754779045,1.3074345380252168,1.095457530089293,0.8442362261106494,2.018246180948643,1.8757526156580262,0.9776672816939671,2.8908182482970193,0.9556932809524968,1.3704899196222144,1.3799520617935006,0.9014120663965378,1.1800963619732943,1.2198028859376548,1.484800021364988,1.3393371888706374,0.9348469915473462,1.0922540620248602,1.2047114379063142,1.0120738382541234,1.030264794005012,1.389962178510929,1.1726568910822297
CHI:02,0.807133442688583,0.0,1.463566589294015,0.714918349539022,0.6876947435640279,1.1659231465494986,1.0411547547671411,2.304638060414306,0.965753969863595,0.8603053668959366,0.671976702165916,1.2425006820139464,2.232288817533623,0.5165030302189282,0.45216097378049186,0.6291020879506245,0.6224705475938569,0.4099229796795879,0.44857348774783234,0.5296318577475811,0.8482202295979588,0.8009564442447338,0.5721381961503789,1.0329905387710732,0.5601468397298123,0.8447038566409979,0.9253910605301082,1.9092559582495823,0.8755841108078408,1.2068247992533294,1.323057081874515,3.02165643368401,2.012632438432441,1.8619836044789717,1.6786442157515666,1.6472257020055845,2.3167294735079476,0.8975336388755454,1.1428021980629317,1.6750983528126142,1.469023927678968,1.0267038278876484,0.6749786786595416,0.7332664624648361,0.9230004213879099,1.0208421299369301,2.3337170709422805,1.1356570162906197,1.071698148089229,2.4441065983524295,3.9820602495405546,1.1796737424116084,1.1935563226488222,4.2706014876078955,3.9034811220487646,0.7853094351744222,2.0048014055159644,0.6359170742735707,1.0504970367176414,0.640401391817427,1.430971882021209,0.6288426792040226,0.5551587103980515,0.856423868287223,0.793201784951295,0.5637109064816144,1.0259749021292026,1.1734047202888012,1.1460272737141612,0.975713101536652,0.7118522798666432,1.1659207927141464,0.9806901389373867,1.2765147583406344,1.0820115965404868,4.5622794166247775,0.9072477727621961,0.6906754568129277,1.0000956500207763,3.702384113579631,0.818596742643044,0.6512452524463673,2.1285548537796624,1.766242092432816,1.2706790031684416,1.4411374754371933,1.468022027652243,1.608917957557752,1.5517622062188665,1.2807256716711028,0.9335572889775593,1.0848557571646065,1.179778697801531,0.5710212475413097,0.9891727014985348,0.575942727336413,0.719084714574679,0.6270996075087544,0.6025260648061037,2.137330836537262,0.5331269820152184,1.2278473184592877,1.5832807118690513,0.8109611009380467,0.7061225174896588,0.6329528806646354,3.408898444421443,0.7937674462031736,1.453922079148171,1.6032597818595302,1.0215794410607428,1.5572434772992039,0.6097968675301403,0.5567198326847118,0.5151322254216975,0.6231762173091657,1.5663161220848232,1.5470051571691632,2.265205577466139,2.111417872900646,0.9862736300079638,1.476201698184536,1.371881995621508,1.7434647979853315,1.1029629347753145,0.8823421592137886,0.6695485439726931,1.5912193865776976,4.793898483107506,0.8832927002330879,1.4253165716850942,4.370014677640003,1.6951980061995986,2.566830386749037,2.565827413727465,0.6812408762852179,0.9314005819141947,3.0647167506273836,1.362095401431874,0.8545825294342645,0.8399359701581087,1.6012732711839093,2.405675516264713,0.6493905929622606,0.47988459511327863,1.3856534087362122,1.0391429441533113,1.3578137369175927,0.6776480726685652,0.6346951141428497,0.8172610779942525,0.8431293772267966,0.631995401229074,0.7549893494973435,2.2934281543226542,1.7167702499353341,1.0301187562346543,2.799339172879639,0.5999933229784248,1.3121749544280645,0.8178918742261809,0.555907381746278,0.9844371615128626,0.6697678793126081,1.4226353309585238,1.0702785449851482,1.0909071069035572,0.5785676997382753,0.8019827618224389,0.6176801216726161,0.6179197352199179,0.9112783452041432,0.6233130928401711
CHI:03,1.0152413277273071,1.463566589294015,0.0,0.9833145094187609,1.4701734090986256,1.2247366527598154,1.1024393082166157,1.6464465556501708,2.204192450595863,1.9468936613365013,1.6743088946619487,1.9281005958114101,1.9772568513566318,1.5122949687255651,1.6569116858951178,1.4894408216134536,1.786780475880395,1.6079980794746898,1.6584457310598069,1.6537955416583336,1.4590525844898623,1.467277625365619,1.454127890787537,1.4115604441196143,1.3758236224181022,1.6068186938093425,1.4103953471097666,1.377339362675204,1.399513083782008,1.2862574173523815,1.232458556942615,2.140778140458394,1.1260564817753393,1.9739415248722343,1.1197912108210284,1.6199807235281949,2.521025920773208,1.2481129921156016,0.9316777507791393,1.4946824479428356,0.9478644805753472,1.1862302283895416,1.3298797642893385,1.4429605462003734,1.7618905571836263,1.5818473875255317,2.406191004913524,1.9086301785875655,1.8346896014226075,2.1716111899442336,3.6332900868230524,1.8482187804232526,2.1248145321294056,4.009634873005119,3.76350180817891,1.7904427117588257,1.952756949280143,1.4528217992355463,1.3796539411379547,1.589403805527045,1.7235385170003106,1.8578937841565946,1.6348534807684174,1.8283360105694417,1.6694977019799402,1.675424533595597,1.9624086531564326,1.9276277773812693,1.4254920734999466,1.87970492440479,1.7438201026949192,1.919154124312742,1.8984857606685552,1.9618140771872972,1.8837455941378611,4.129107718719093,1.0634465056933557,1.7050891617411321,1.584838739557793,3.4351403996919823,1.8865071839594387,1.6460254244711479,1.436733386105728,1.1863826619559883,1.2835925359351008,1.4604870618472203,1.545621940835092,1.6946441687228606,1.551750532985504,1.4155213840001246,1.2051611046621276,1.2496129637333233,1.2288174496250248,1.5997439179801503,1.7720399580492978,1.5527243463696834,1.66944805510292,1.478021825185734,1.688485684231711,2.2033920431354477,1.67764528600331,1.7482551079544413,0.8473755826654826,1.48995911985542,1.7282807670249092,1.5615532210571779,3.193844613412583,1.6160218704052343,1.02436968089809,1.9002919732390597,1.4172785663139227,1.325027387968955,1.943850095052772,1.5219755407578655,1.4508448899896433,1.6800129085653868,1.9779421591345347,1.6079528431488832,2.0971194697744795,2.0858627700718815,2.2550388734899762,0.9671608087311832,1.5347896668651837,1.7091771941239011,1.2715266955170483,1.0304176452082523,1.485271343192877,1.6173323177703454,4.772678876060938,1.2872296602360425,1.5380966255551585,4.176487241183176,1.8894849443922277,2.342565655738669,2.505952766165969,1.5531104384212773,1.282575515302036,2.837211441820331,1.2393012738872997,1.4645534880263777,1.897132421211255,1.7961612622747993,1.7555606327535151,1.6424140780959442,1.543992704035432,1.017447843797131,1.0605913882310696,1.2723369622127627,1.7743764964367645,1.6652392549824262,1.8096342069371125,1.6510145227300168,1.8304339600769612,1.416281814869955,1.7675083303620853,1.8735551327852236,1.2263888046950204,2.5451369855999397,1.5571914673390128,1.1052587591260314,2.0921366408245494,1.5543971257012792,1.4797977032854897,1.8838896090839947,1.2998794191703777,1.6691988053951778,1.2398408061059076,1.8151977932453411,1.9490143661254802,1.5418669485531493,1.4199597338794787,1.6765251264732097,1.8951057745273119
CHI:04,0.6814704171119917,0.714918349539022,0.9833145094187609,0.0,0.7543323901739347,1.0250748957532212,0.812424685025878,1.9912570387515711,1.393926080695897,1.1722920232260206,0.890684974656476,1.2797508172980752,1.9054254442714302,0.8589649128727082,0.8491739746630209,0.8685323683174002,0.9775186640681923,0.8240683970044734,0.8863601834019279,0.9446657735337471,0.9541031035254448,0.9150658497307855,0.7588832029355044,0.9782740465705538,0.6646625472341608,0.970143665545601,0.8117149051561459,1.4971321869373226,0.8332722437239398,1.0431871999970668,1.0065138519458663,2.6268675731421967,1.630086042951025,1.8037379276799976,1.355685393949342,1.521170254818478,2.256777931624334,0.7627669665671056,0.8801338460528432,1.3638359927023949,1.0312221149132623,0.8343746632290372,0.8390717610899124,0.7435850203444381,1.0854462731978864,1.0193431387424914,2.163945166721744,1.2110771181453563,1.1605790950681014,2.15350387080106,3.709679153415323,1.3020779387095642,1.4393549682496607,4.082249244146848,3.74178544526825,1.00563729487215,1.7419735061236992,0.8152419050735683,0.9640979463084517,0.9276901491877194,1.3245062990235552,1.0284799230777457,0.8684395226413364,1.1056809230682811,0.9141915229647454,0.9385767256717329,1.230657113344552,1.293148339211468,0.9557714875597473,1.1847654059077186,0.9886224385199123,1.234803619140115,1.2120826333660546,1.3774320126175263,1.2308403576124507,4.251138871865123,0.856785184681658,0.9932893960510168,0.9911739128702373,3.486269425060689,1.1573555348922546,0.9656690650050511,1.704963700891144,1.4654302250932623,0.9715342828492868,1.2576207751227615,1.251949924172377,1.4915376101629279,1.302387179525823,1.134941716064824,0.7648115924405686,0.7352273324398259,0.8728318865824936,0.9634136158841833,1.2291026565551009,0.9002092782342109,0.9038563541922766,0.811951521733464,0.998765449231228,1.9699999742199603,0.909312387907261,1.2687962012587712,1.150048939993737,0.8613903932157202,1.0490532781804025,0.8378936889979788,3.2045910057153955,0.9569358862866447,0.9864044747816553,1.5873821172716849,0.8934934678569948,1.244363259464338,1.1577096007763525,0.7919242897943477,0.7371558320584415,0.9689469380331036,1.6245195060271838,1.448045526629347,2.06966818096634,1.9548305752447128,1.4251426129006546,1.0417510355840565,1.2161348212500684,1.545834960557781,0.7627585951493073,0.7025083509348984,0.8357014236784753,1.352628755644997,4.655895829750824,0.776556376402064,1.2339202484676235,4.165716638911009,1.5907340666810232,2.2954604209999823,2.389006577493248,0.769955157373766,0.8699942063507815,2.8691549055909262,0.9946360112538575,0.9262361511413788,1.1559778421429785,1.53978868917285,2.0961484386229405,1.0179283320164767,0.8826106178625461,1.1278497711014575,0.6958207093591634,0.876706716266833,1.0455621029989965,0.9337900994467795,0.9373950260016205,1.0805796773509002,1.135436116363766,0.780484779946584,1.9794390712852186,1.4505180591846119,0.7828199540308051,2.5605901309870682,0.7007714349869734,1.1786590920040678,1.2977365610343343,0.769445231417312,0.9027312906146363,1.1674296008427805,1.194087966687388,1.167414752977634,0.8586300565408541,0.9794637162729584,1.156516555149682,0.8408718696316291,0.7773495813357911,1.1254580655510358,1.1430424081335835
CHI:05,0.8339116167836048,0.6876947435640279,1.4701734090986256,0.7543323901739347,0.0,0.8247149549997466,0.6734230246925469,1.9245807881247743,1.2685925481842792,1.1943627595743205,0.8151629129156142,1.5278834206923069,2.3931519717960916,0.5122343995046623,0.6172162767338136,0.6179047592187077,1.0099775829940438,0.772365912795659,0.5949139858272035,0.6516928761257385,0.6157367116637925,0.45432318405280764,0.7010442131689388,0.5692468947814875,0.735984221383266,0.819383963542381,0.9121537785314126,1.544111962659574,0.9582684758137141,1.368609411825204,1.0722231516521075,2.713766366088646,1.7979521111210677,1.7485280115547897,1.7359348768486895,1.945478615722221,2.2703608029467977,0.9819105377356772,1.342508959562554,1.9286504403228277,1.384675625789124,1.188973983429654,0.9532810263686504,0.9695190014996992,1.0877313040222458,1.36148380287541,2.414776559036635,1.27021487555959,1.3133434827556816,2.556842382055872,4.130804769699031,1.5834985260063696,1.5585922383901143,4.540972526014593,4.133947748450472,1.115932164144587,2.0315420636890384,0.8398747662667521,0.9319457955218406,0.6067954481725477,1.5336683448837087,0.9290399286960785,0.7990542361053815,1.1913777717589271,1.0770546615401562,0.9978311256473766,1.2726709195962862,1.4048569335822307,1.2998870528325968,1.338149496528503,0.9754026745405678,1.4458192650641344,1.2438529076026206,1.6481907919573529,1.4136208049013508,4.742699506489167,0.8017853329811071,0.6095275134946906,1.1730434286940137,3.931883789401714,0.8156160328582998,0.8401029126935533,2.0055163701294187,1.4172447487856192,1.0873965851137486,1.2607517595694497,1.1091489322202985,1.8486462913525405,1.6087771074044441,1.551188907723802,0.7970021513530509,0.9853765291333725,1.2583016974305954,0.8867937170684954,1.2884186108760705,0.8045368332095618,0.687674833857156,0.6505495809390383,0.7559402240533133,2.308199573860183,0.8837009682511268,1.6201163822345979,1.3420316024655672,1.1284333861775666,1.0111858341879258,0.7180159399658841,3.6517685002952307,1.171239544131645,1.2525948931347062,1.9356794667646162,0.9379421140710625,1.2514503591188582,0.9582622286412471,0.7089294796109584,0.6073245217472414,0.9414498450479863,1.7340584473550282,1.7057109183971992,2.506259654457715,2.367759404337075,1.4202144031990709,1.14562540141485,1.6238447769846074,2.0058429690731225,0.8046604585855784,0.7158947624866926,0.7033519294255647,1.7999937210958106,5.147518096559127,0.655963190783444,1.5519467894398504,4.6676051186019025,1.5879165386859535,2.759890552055408,2.790723327871702,0.6091358119788688,0.7730158756030654,3.308570077585131,0.9723399962434396,1.137312236175408,0.8772254067886649,1.8932948525300084,2.0525816586189745,1.034704333299465,0.9110345767279833,1.0898500325496494,0.8786288543117241,1.1436704315822337,0.709089519037265,0.8138592715216371,0.9280183104300506,1.2748229249131857,0.8237592973553263,0.4917121198178436,1.9236227840542492,1.7986142757430483,0.6137530721261153,3.0283348273895627,0.6410981007317644,1.5846413970103632,1.10381466857341,0.3975111431119563,1.0045378810780927,0.9904770575837563,1.407960512835375,1.106696132839106,0.7533062177958874,0.6830197928249232,0.8645670615921153,0.6239402811500272,0.9191691600630894,1.184597415734613,1.036220434671945
CHI:06,0.8133658410443924,1.1659231465494986,1.2247366527598154,1.0250748957532212,0.8247149549997466,0.0,0.4903671400713882,1.3675374847287824,1.9386181502425477,1.818591689326987,1.4002352907925784,2.0891275055095933,2.6768101278145755,0.9222882030057915,1.2165444545399058,1.0792710184453507,1.655850359174697,1.409575491471953,1.2370414211583367,1.218591321019607,0.9081779105341518,0.7347701115708438,1.2752144462507997,0.661195871551497,1.2765653385798315,1.285744962802296,1.3217716134871003,1.4275120704008395,1.4155536873712324,1.6924822424745927,1.3333961343221266,2.2862267041775843,1.48289181479022,1.7224493320856546,1.754332673804768,2.0594343690631076,2.5154591036306977,1.246750562624658,1.443249988360442,2.207786264778229,1.3175425133905858,1.4770093057069849,1.1856079528710954,1.4406491425576342,1.627127888482099,1.8137191580207936,2.8229643984608432,1.7527644918711227,1.810812323089226,2.8591914659354956,4.405336012535299,2.1172438134781664,2.135811065799524,4.8366111753130685,4.465697251407032,1.7536963915361163,2.38344634657998,1.367578941426886,1.3068500750110656,1.1430823298767252,1.9990485440883754,1.5356013555373509,1.3850747201152647,1.8218733419263646,1.6845921007743438,1.5328227003060853,1.832134085154942,1.897271106535594,1.64992139970732,1.9415989768943902,1.5045179079083226,2.0376734874356854,1.763831172318917,2.223833971303973,1.99214005468262,5.010719837387281,0.49513494117683143,1.1945409688738537,1.6725213307590094,4.217987613904121,1.3312350133570603,1.2707189908595393,2.039616765654963,0.9926360509458877,1.3449801410403743,1.4703515986097795,1.2840100113627189,2.1125940379551715,1.9678826541386842,1.8581014396607167,1.137642797590667,1.3004726160408782,1.603389747606437,1.295677311256848,1.727385979579662,1.1555632783655267,1.2799487196031076,1.1973682883841703,1.176777013152336,2.6373203047509297,1.4432353374231621,1.9829681254362197,1.1249650160034683,1.6597665252939204,1.5542049151076145,1.251143562278766,3.906924981456731,1.6198493805981782,1.2415581974797762,2.3080288878372737,1.3460874312931426,1.2345413133227878,1.469460415445051,1.1633805212720376,1.102093942854083,1.4999492300480755,2.1768259414073285,2.0217092257821863,2.7623589781165223,2.6260185366296387,2.0024445014100043,0.9684976904268104,1.942089517503843,2.3103703982399777,1.1842338465729818,0.7789585575801368,1.1915138426959557,2.1404485479107773,5.547194206017886,1.094829117474054,1.890806435216067,5.009155658192421,1.8854750051295583,3.076018976280414,3.0530334412553497,1.1493799241540898,0.9243414699607065,3.5753364970807713,1.0388065918306222,1.569725441656496,1.3501208057201948,2.2596416058443936,1.5972311663526402,1.5144522354089873,1.402213727812346,0.7766219098507073,1.1008642953944163,1.4441635686521073,1.2569562506296885,1.3326006649062012,1.5301151406648708,1.7062786595771644,1.2575576666188326,0.8830688576691045,1.6641380620346733,2.285606410403892,0.8111907828482398,3.2988927454397072,1.2311053126103717,1.703194108888509,1.6374891233012014,1.0420827050033172,1.5135205494667838,1.454749309148841,1.6730382027876975,1.5475902555548866,0.8218388403098914,1.3273494339655993,1.412691776609151,1.1715369520335037,1.4127067090787628,1.697632778301197,1.4985973403299353
CHI:07,0.8030435556439653,1.0411547547671411,1.1024393082166157,0.812424685025878,0.6734230246925469,0.4903671400713882,0.0,1.5053809976740924,1.7656087122700692,1.6088763189150226,1.1753154825763101,1.7926865444779465,2.339828878230391,0.8603962252771328,1.086826683595145,0.9211903898328462,1.4518057714356694,1.2270994757001095,1.09238794324857,1.1074031136750215,0.7402008988360711,0.643946217917224,1.0710683740170805,0.5309048563077908,1.0606191013288433,1.0963940276495001,1.0808223911733503,1.2571279222146416,1.1875674193315748,1.3796981398316261,1.0023704312266786,2.3222241776156682,1.2900592682569476,1.5418880306382194,1.4639504216793675,1.9210315054732323,2.206343850496991,1.100660370189517,1.281785551500739,1.9727926288690276,1.176672687554295,1.2546277233405665,1.099910465938757,1.2110879833252188,1.3863613172190197,1.5792293923480638,2.490227299864782,1.5593997956621977,1.6135537222716592,2.5001680181885924,4.035463600354404,1.8602703324620815,1.946761510450505,4.503058822921614,4.104168280446755,1.5054344695810706,2.0139807801836866,1.1152866336539904,1.017013224826782,0.9701380592063079,1.6729533735293083,1.3798378701359526,1.2171468381283026,1.5866482095123653,1.4359984385616502,1.3761322141550363,1.6590749978246855,1.7045461151817116,1.411062711966694,1.6641039378197884,1.3648439138042772,1.7652047160573006,1.5820750718224006,1.930925748721732,1.72560907782205,4.62229915927769,0.5663985525482128,1.0781092662392575,1.4265368273945003,3.872662071699331,1.244737118439082,1.148957469505295,1.727939296990541,0.9853679680071195,1.072107797836495,1.201515240767684,1.0852934210475353,1.8444652217504043,1.6050301602477985,1.5602289224074242,0.9108366634130844,1.124915452415708,1.2428093431045713,1.1702200241156835,1.4646830577600907,1.0544429253768848,1.1537756172689306,0.9908002900551381,1.1194203616475098,2.282503855589022,1.2457069408421357,1.7485645340620946,0.9780564986898742,1.3789699971965237,1.3466573885062003,1.0429430533169373,3.5882636985042637,1.396454393109302,1.1297993312529644,1.9945057447849939,1.178831964255939,1.0915962668708532,1.3961303031383836,1.039168385291582,0.9620878818341875,1.2936865703702838,1.881283545784677,1.721006514348612,2.4453556084926964,2.3270099666044732,1.8960557529886828,0.9037774618204251,1.6084782617782922,2.0040802750567344,0.8831740005498157,0.6833413610871417,1.010798001338302,1.8241079131965683,5.231669387899847,0.8259301303730145,1.581590412992264,4.668137774576785,1.6513596105333637,2.730348535594923,2.747575877178586,1.0075489325382212,0.9293561563185186,3.237426881767341,0.8158663114813688,1.2733561667418312,1.2974622143913193,1.9394442125376092,1.6551213306329953,1.3235574756836848,1.2356602749099297,0.8072868915403674,0.7968202834643614,1.1405062670896169,1.1714256883323368,1.1792173959940742,1.3794855018407048,1.4854295125884067,1.2078500081946766,0.8569050017619961,1.5606287527997114,1.9010786944354876,0.632413840725955,2.961475820599539,1.0628633448219467,1.4281782956340405,1.5658344016187413,0.8963029372147802,1.2345413098092484,1.387372917310772,1.3548510118573511,1.2934766973563008,0.8008316581731266,1.2187980396823734,1.3337820360306327,0.9951522452113539,1.1672430491611647,1.3997772477447958,1.439321328226731
CHI:08,1.7302575637733884,2.304638060414306,1.6464465556501708,1.9912570387515711,1.9245807881247743,1.3675374847287824,1.5053809976740924,0.0,2.991017337800373,2.8177424254237593,2.479074327506192,3.00296514073452,3.173611776866523,2.0946551067920858,2.406773788270671,2.1131329978433393,2.778843599989181,2.49901881313251,2.363873040486363,2.3104811105480008,1.8915971979238366,1.8142873607500443,2.307656933399942,1.5868295720405383,2.308847741344535,2.2609682969711806,2.280102809915875,1.2245503082950995,2.345093571204016,2.453847881794396,1.8442540375282612,1.258500528333077,1.463157168728091,2.168084389326277,2.1638602448287236,2.8985752175653077,3.0654297949780265,2.183446455175574,2.219899347537187,2.938606698467194,1.5829472440620522,2.3526551425064723,2.300903997307303,2.495666097164576,2.5934526761631593,2.8366823910843357,3.3954375069829923,2.7564543088933755,2.8912797260890004,3.2742813567366924,4.819318106332888,3.112456981682656,3.228765460177998,5.278155857996948,5.014957216899783,2.786425051041768,2.858825195891133,2.390206039881014,2.086365020306659,2.2414153210833456,2.7705434726773808,2.7238867814698264,2.499972965418349,2.8493631293447215,2.6946442020003514,2.6953036084846924,2.951138739494841,2.904955539370833,2.511314763643531,2.9624781378773677,2.6640499964779085,2.997562602394135,2.8526235719660247,3.1843323224631876,2.964290972817,5.2763653546780525,1.6398452521247726,2.2734743897959313,2.5516135738105676,4.679385941141501,2.4744648556826254,2.4408491088299997,2.1590733820582377,0.9613111020815412,2.055853934732285,1.9697089003052997,1.8174477691113806,2.9717600932860586,2.569195342596983,2.76699212570323,1.8957308506504105,2.0541305344731913,2.3666040424211077,2.4076519716482503,2.8275217008816558,2.3309839343594567,2.3157338627367805,2.203084446475651,2.375401716290443,3.3498571669605637,2.5755245875688817,2.973578950052178,1.2797394224189653,2.6400618755781946,2.6639965094010076,2.3359138309279075,4.465203119360016,2.7214808411235247,1.6048288438699385,3.177408155359232,2.1160091855853085,1.5293023509686259,2.6680504258099393,2.319554755814745,2.21021209533715,2.555663708082471,2.8301835092561247,2.545846580234045,3.3954555353739737,3.355612929884655,3.1429651660895543,1.2709962569975806,2.7671327428024846,3.0237722090213968,1.9324764848730323,1.6230614810111768,2.205424874613986,2.866486329956154,6.194198447565645,1.9511158279654062,2.558340398618665,5.583688984435287,2.256476494124647,3.5966776387551462,3.6735576987163605,2.2903127696442107,1.7701039476101976,4.1335348716732625,1.5726591139176136,2.5514011953100932,2.5088954787988085,2.998693161223413,1.0628658477355564,2.5418873440691625,2.4471108996335835,1.2076535204955516,1.93998907823879,1.9995090681141614,2.3977521567819147,2.4570397975184055,2.600001786636674,2.730065578795875,2.4734428425575894,1.917573469719749,1.3273418239803567,2.980223015499078,1.6573355501367204,3.89231823422088,2.3601729255007853,2.3472020036865078,2.8474051198462877,2.175113295384012,2.3138867318549416,2.609776003636709,2.1981270155960333,2.3580851598885713,1.5743223872629453,2.4563195701826253,2.5945304409660555,2.2779811346999415,2.381397322056248,2.6195446520564434,2.698338967198396
CHI:09,1.6447325188184845,0.965753969863595,2.204192450595863,1.393926080695897,1.2685925481842792,1.9386181502425477,1.7656087122700692,2.991017337800373,0.0,0.5091798186628143,0.9025117216624153,0.9493683970488155,2.377121804692263,1.2474000155243639,0.9235069179469912,1.1301255277261497,0.721276603364009,0.7999471431834413,1.019284069953015,1.0807105201016576,1.4184642978519528,1.4134545531391012,1.1659710735316522,1.6348035910943983,1.1118977971472388,1.2609173655958672,1.4138257174560995,2.4421010395708933,1.337011153170841,1.6975883925293151,1.7925931729189848,3.5790490699023985,2.623393591289224,2.1779140649677626,2.1948931803752254,1.9042408714603913,2.3371142550935877,1.4801438959286959,1.7008034446090734,1.980577589461869,2.1086431278258226,1.5712806795655134,1.3369217158463924,1.1015169518627808,0.9453560155933245,1.2701671746715137,2.326756880241845,1.082623497114063,1.2130718059009402,2.508355033723566,3.978955445106616,1.2087272893020382,1.0417444214343292,4.210255124372139,3.8110556985519266,0.6919419656306001,2.156684816012045,1.1615344425745853,1.5004627274353641,1.1148873595747044,1.6391379243550654,0.904432672212381,1.1182151199777068,0.8929468991563894,1.0453411650969404,0.9906552033297046,1.1369887868259665,1.3039571115779585,1.4201852133971613,0.883914413582682,1.0078727777989716,0.8587112743311754,1.0137084612292635,1.1808273592701541,0.8311931575316795,4.467725749570233,1.7529202198841252,1.06461212308362,0.9758768054867296,3.6794320184709304,1.1817021712801024,1.1360429206289921,2.4901338152515615,2.4386706392435484,1.8099315962541702,1.8666560922039777,2.014350286144494,1.902633713476955,1.7493616798560934,1.619190870744098,1.4794528536801204,1.4899769151669524,1.5711836144494786,1.1134052870602316,1.2580219257565965,1.2092309560595083,1.0803942577579322,1.0632091886192407,1.2108980341494084,2.235553958689992,0.9144175621986131,1.4302822342360173,2.2101454160064145,1.058996916801055,0.9893671026461958,1.1008805282057728,3.440258654792996,1.1309765401058323,1.9736532423751676,1.6885506953810632,1.435446323635977,2.0200934732030063,0.9247851424660601,1.1398341386692648,1.1496924436989373,0.911052234380365,1.4934635862722387,1.691716751396874,2.4066805039375874,2.277601078433819,0.9002071969603163,2.0878292681467,1.64737435376985,1.9606405854024944,1.5595171577173508,1.5827695930073198,1.1666522894038025,1.7713015500851172,4.551241945648662,1.3845743522213174,1.501582471627825,4.23462071033107,1.934386742646311,2.7143469854407942,2.68012664630095,1.1840552108426663,1.4739865228504836,3.0775417201411903,1.8328188581283174,1.1795988100045423,1.2170377653255549,1.7179271469340167,3.0512561320015577,0.8964168855984447,0.9972877797167197,2.109393674467214,1.553224535421982,1.7353986362431717,1.1213687412439872,1.0556035667603665,1.0809311343246435,1.0584195898007387,1.124894532336743,1.325133345579835,2.8219948733233977,1.7543592734137408,1.59812284141322,2.8583968742052672,1.0589725654977578,1.7545456562818549,1.007037999065402,1.0883324933543852,1.244117244097229,0.9780377571642507,1.7038787465455787,1.3121738887164724,1.6894226704382551,0.86932259599126,1.14724395190438,1.0879631252499529,1.0489070830603353,0.9801413108506043,0.9474203544666535
CHI:10,1.4857441862081224,0.8603053668959366,1.9468936613365013,1.1722920232260206,1.1943627595743205,1.818591689326987,1.6088763189150226,2.8177424254237593,0.5091798186628143,0.0,0.685615098232077,0.6734955063285818,2.1264866586620093,1.1635769339287243,0.83652857143362,0.9503091464077399,0.6462403315160543,0.70631398091187,0.965731224493421,1.0728634890292092,1.2644127525669522,1.3002820312567318,0.992861630687255,1.4914592247024512,0.8822160178872526,0.9850891203371464,1.0953861646889949,2.156055609966152,1.0271617927889913,1.4612864399913517,1.575253309754624,3.3331723327394953,2.344679716149497,1.9280287153953497,1.820363062960944,1.5979875048739742,2.0085349120227076,1.2266920146435092,1.4155765264025164,1.7158263969566747,1.8413390881343135,1.2312944998237738,1.13890725850416,0.8343217731268361,0.6109100101467182,0.9906572284879891,2.1156167105734993,0.7487556384636294,0.9294545153006254,2.194011848275707,3.7767496715085414,1.0124208529505918,0.8912781220294009,3.986794442630688,3.6563144619674777,0.5574956743858734,1.9665152818732272,1.0070653136552647,1.2541426699426723,1.0010505991438503,1.4536843566102233,0.8826444483293937,1.0285488666201437,0.8005895128690045,0.9513705892472876,0.9015929075265396,0.933927965373376,0.9840699988190509,1.0689831705763622,0.6367952619223574,0.8393979769860198,0.7243263785868338,0.7565121731339762,0.9601305272944999,0.5591160412933048,4.2709208377238905,1.5884934890884028,0.9522541298128887,0.7360989166411667,3.4648281729367945,1.067351768055118,0.9421310304913892,2.167758864793426,2.218925637003619,1.524290981505192,1.5981985928413216,1.8228447899290456,1.7016426646102027,1.3461745315863418,1.3768340469607776,1.248927594185003,1.2409829690462972,1.276935375206186,0.990321207691413,1.0381536116144865,1.0622055451767056,0.9182260351781859,0.8440632833172983,1.1235341640650567,2.008675027651518,0.780754055521091,1.2356639313079085,1.9435695264114636,0.8319501270774473,0.8400267430139748,0.8961856237554311,3.2500740589068995,0.9223481122298075,1.7113160512191015,1.4505589684708085,1.2274810420841866,1.7959384766227562,0.8702964969819534,0.9405336969868419,0.9784978378762256,0.6253331092340032,1.2435274192852226,1.4528475979832884,2.1791686305787024,2.079968130772,0.9402773576731952,1.8933753456063682,1.4111018126038233,1.6977117720306372,1.3062154108022166,1.3978644282166588,0.9433787996143509,1.5550839852457312,4.417431489997425,1.1911153169139288,1.174556462139249,4.065411860900383,1.7096142231687852,2.463996593373179,2.4983891387089368,1.009421539848506,1.3683121585574358,2.856962503651994,1.6164648061182956,0.8755271007064359,1.0968845769543278,1.4838788646048688,2.8265924669728597,0.6822263435096376,0.8290432235195654,1.8997799420579389,1.2613935392710467,1.4309276645128488,1.02895234229221,0.852293882400498,0.8963612555877586,0.8162627803168578,1.056236278962019,1.1782903810585557,2.57032536724934,1.4916001396432381,1.3839631459595538,2.6428131047675976,0.9003678871862433,1.4769426575953875,0.9842722915311157,0.9623075713846806,1.0100625323927714,0.8698695366962415,1.4301917597125196,1.0510349128659553,1.5134866872223243,0.7957875492340162,1.0933983587148548,0.9063126905783943,0.8103670252695233,0.7652099885560881,0.9127274775656389
CHI:11,1.132643351532234,0.671976702165916,1.6743088946619487,0.890684974656476,0.8151629129156142,1.4002352907925784,1.1753154825763101,2.479074327506192,0.9025117216624153,0.685615098232077,0.0,0.9874494016338179,2.221796910238058,0.7240759653973078,0.4585906098379752,0.5053513670987033,0.6311376320666363,0.5263270396882233,0.6440893401632305,0.7784794785081223,0.7717231200981605,0.8373977303723047,0.6722264751542864,1.0603424478504473,0.5619299358597336,0.6389709571649573,0.8000471402222763,1.9123221617713577,0.8243347408971917,1.3628191692029996,1.2789465178308959,3.0557260088323237,2.0288130049382485,1.65387220164589,1.7297136405538842,1.6267202393811684,1.9172813996240226,1.0771678522422814,1.250471189522524,1.7486548323242586,1.714072126883999,1.0839004767298233,0.7882415996139202,0.5965072435605665,0.5219600676442002,0.9011165495973278,2.217722316992011,0.7281849072405416,0.8785959726542801,2.291308245876553,3.8622051783934657,1.0930419599622119,1.0275404064633409,4.170366311506126,3.8097116326690186,0.6100392426234753,1.9045941742116457,0.6664201097477197,0.8297219279263318,0.5924916906890587,1.3941230087504264,0.5906783726219323,0.7222264683549354,0.7163709275363979,0.8835170834633718,0.6806432541194136,0.8498695444222216,1.0256159739154806,0.8820669792590389,0.7161825618032999,0.5978423960847689,1.0497919626550085,0.6428698826335291,1.2582063137316688,0.9059327399104907,4.446442964316477,1.1482215343444562,0.561104139400173,0.8753424666079259,3.622150680726678,0.5944224570673535,0.5188211299064486,1.9950388373400714,1.9178737891890734,1.1271426291172186,1.3344127094631661,1.3956079581470602,1.6727918771348753,1.3879679651515369,1.2961747572618847,0.9457416582735225,0.980184061433887,1.0833242585292249,0.8034241740863969,0.8929775617156732,0.7264599046872959,0.5287579461589781,0.49967573885292793,0.7501505930960648,2.0159219225307865,0.5322251313288048,1.2675128729223815,1.7108715742842917,0.7763864674855623,0.6667352351972448,0.5044975081600688,3.367724482169587,0.8062168797706245,1.497199813963735,1.5359775764796968,0.9544649413897855,1.5452624351496418,0.6730189952566213,0.49392449608347,0.5928483116583192,0.4778021239149663,1.3575567983160184,1.525694617955682,2.2455430152845386,2.1231694650324275,1.0092202992654185,1.6356628598592755,1.366783326724746,1.7136242812219444,0.9263082531987548,1.176016305247933,0.49464441292876893,1.5645826261810825,4.715188781255597,0.900503293269457,1.2790001812042886,4.289732450247946,1.626540951775752,2.5621370305258315,2.5476096703104654,0.5049950668237313,1.1744761125301844,2.995322487700891,1.291463577729626,0.7212819217756782,0.6614904568581813,1.578024524785236,2.4380646434675217,0.6931679324816175,0.6622727656432249,1.519437462039237,0.9471230244065094,1.158195845572639,0.5770882244230884,0.39667476013183217,0.6010749087948414,0.8281618104086207,0.7149846941290533,0.8503075963908143,2.2410639206215586,1.4437061022710451,1.0338228730155796,2.7403920603093233,0.5187613183356755,1.4545681374357748,0.7869982067176625,0.572824903451635,0.830692427273054,0.6628466149336391,1.3200259913449308,0.7893857533205615,1.2772820651664825,0.5059196384366795,0.6869388834354966,0.4461463080558456,0.7689065197695375,0.832975189890042,0.772962591374784
CHI:12,1.7625091728190156,1.2425006820139464,1.9281005958114101,1.2797508172980752,1.5278834206923069,2.0891275055095933,1.7926865444779465,3.00296514073452,0.9493683970488155,0.6734955063285818,0.9874494016338179,0.0,1.7972634253527642,1.5620708198250586,1.2411217710419167,1.3174755358080827,0.9568904149653465,1.0605166468028782,1.365771698742639,1.4707505284887645,1.5852437796746615,1.663430576216145,1.2728950151301779,1.7935588111941594,1.1269944597364079,1.3144115051901553,1.2809504897897954,2.2564980306351266,1.1917285883924196,1.4399346116341734,1.6314678829278522,3.3944690097604164,2.306976565407827,2.052186724104439,1.7039064817578888,1.4606443340486837,1.9166787047674074,1.418243140019266,1.4478353567623587,1.490549045961233,1.933761335931921,1.292471121274007,1.4040470454706513,0.9979249089691926,0.896936122451134,0.9189546920402346,1.8418470716278292,0.9081516666000289,1.062708428180157,1.834766405757526,3.312746294326546,0.8928274125656037,0.9948135642317456,3.5369339250283764,3.212627240325065,0.728232400879844,1.7338586490976466,1.2060934418999703,1.4000355248277794,1.3674420395301898,1.3844437713729232,1.237312540528721,1.352420194077694,0.9666129364038057,1.0703134843409121,1.1729507150395082,1.139403566738072,1.1605099262725307,1.0578263446090972,0.6401572944658082,1.165070856956925,0.4939619427430019,1.010252948162943,0.8625169591792212,0.5002174639820418,3.738572619340012,1.8617977527431302,1.3891428919768187,0.7347765566851675,3.049621733580829,1.5008277736215365,1.2812366778342548,1.9777925757878894,2.362951873054708,1.6183147683851555,1.7101240821533108,2.010147266195443,1.5331228418307035,1.191828234256816,1.169493605663377,1.4709184205269996,1.3280745299861887,1.1751234525343568,1.3208261240756578,1.0962762049599415,1.4013978387606363,1.3254019255181801,1.1765524843763304,1.5133936065883764,1.714067572746634,1.0610579812418892,1.1554311102655128,1.9948553249326868,0.7960525713450171,1.0713529210534545,1.173378054721664,2.8611041474157015,1.0040579015930027,1.775808239536092,1.193455901396031,1.4512036577229137,1.8979245705804197,1.3630057410962522,1.282908428883223,1.3160209308382331,1.040262114932289,1.2028721281168016,1.3805459289846347,1.860386994483069,1.7895213078803327,1.33423696585562,2.0044280031341386,1.1754060813418796,1.4624089421177608,1.3985715971526547,1.666045429359288,1.2687195144979284,1.2988115552105683,3.9802734710852916,1.3902660741237884,0.9211908399536504,3.5732319365540803,1.8656347686250743,2.150940236040532,2.210708578475501,1.3403783411855352,1.658455125256433,2.4367567814841613,1.7131559480465977,0.8627729128658964,1.5297821422430875,1.2857700861329595,2.9730315028570162,0.9957684321169381,1.1615082533735859,2.1167195015407967,1.3114430473031995,1.405436639560052,1.4552307739478756,1.2007966569741448,1.2111724491982627,0.9047321256514298,1.5042097087408446,1.5413104706961045,2.656669568605521,1.131386182601825,1.6055990054892064,2.2098918233448943,1.2095351731519877,1.3324245098056988,1.422484566635766,1.3427465204153475,1.1684060176110942,1.33327803112695,1.3341417024975673,1.2434523911768998,1.7580284374280581,1.2827908792254288,1.5310338185851782,1.2364648592793694,1.0118564189474861,0.8399835363607444,1.3568602533162486
CHI:13,2.254086923365095,2.232288817533623,1.9772568513566318,1.9054254442714302,2.3931519717960916,2.6768101278145755,2.339828878230391,3.173611776866523,2.377121804692263,2.1264866586620093,2.221796910238058,1.7972634253527642,0.0,2.461056292294223,2.3400981855537704,2.3705472072586082,2.143073594239281,2.1714084235161732,2.334307626657721,2.376654756494081,2.465498322993994,2.543310087328029,2.1641846283863866,2.5587131432731898,2.032739658374808,2.384000265798591,2.154529886758648,2.4478604153667822,2.058739534055093,1.3604266834943302,1.9013512878076946,3.491716343098307,2.378880552864831,2.85579879933203,1.780567131256683,2.228510864532611,2.76940515486453,2.149731810409269,1.8398268770961144,1.495208597586234,1.980901223469043,1.9639901391065617,2.3410031480063616,1.989741057521602,2.219683402911928,1.9995055568508857,1.4180847451143237,2.299240372906713,2.2415053037496744,1.1385971602138774,2.1577251617645072,1.9842357654101177,2.283620916461177,2.5397439086350424,2.195876303902763,2.033805902862332,1.119813009626858,2.02953699688496,2.2030901997669066,2.3523573035106757,1.428976603009481,2.3602185147533006,2.2445564746376414,2.0936604989106904,1.9678064778807849,2.2254211953355565,2.348768844536122,2.326346368782153,1.9379138949029646,1.9110810752985936,2.3311186460101063,1.8116161047228305,2.3420229068540332,1.5849055489321084,1.892314538137248,2.452908531381327,2.4664668396672687,2.4871366113430384,2.0246056099887295,1.8383551567267575,2.6799477814201276,2.499411574543024,1.8956396156210773,2.7193172993863586,2.0359359259886807,2.258235896156594,2.4452216523595536,1.426901904118758,1.5228917821125356,1.432008551226764,2.060025780803539,2.210406176266923,1.3520170652914663,2.3406646297652363,2.1338003413527353,2.375734523159725,2.4404626453710354,2.2832114593375685,2.5776284453071936,1.0731248156568483,2.2337799109176526,1.6886066604164018,2.296814585419023,1.8713383578976297,2.250608125488057,2.3118963297236,1.6949742168803827,1.964064224841651,2.3271195250552923,1.4117890586634005,2.2155803109545595,2.572139749016655,2.5981417400945146,2.4039904216393198,2.360643032932932,2.1325105039972114,2.0163156137678944,1.5293691332700252,0.928389751212095,1.273367157425542,2.5649928503003276,2.4088956541755127,1.2946254771507235,1.107255946663415,2.055033781784075,2.211619162266061,2.345726594816513,1.024524463970882,3.1123950609576654,2.114133082928036,1.86677713210145,2.5914152100504704,2.3815559581345336,0.8071140606952134,1.245509898468657,2.3409771430675743,2.4415238927074516,1.3723657202479624,2.3828021523332175,1.8970948592463002,2.7337315583738087,1.2020689132186204,3.344100349299932,2.2077068354508453,2.212664113629142,2.6039157166712363,1.9904573562811356,1.9897958251536216,2.605192891853843,2.4195065275365333,2.3897896122868825,2.0734296353948065,2.6473611587205492,2.504291302304292,3.0663802682531993,1.2973270189814805,2.3543302424648993,1.195158759726343,2.260869647320495,1.6836358616857796,2.7155109536292326,2.3788143417763856,1.894622336634764,2.6481189653421255,1.8001433123719728,2.2614120358979224,2.477942807325428,2.511673458524394,2.6240307476783538,2.367853236675079,1.9924961109090282,1.9253984367613395,2.539066824063292
CHI:14,0.7351208248205233,0.5165030302189282,1.5122949687255651,0.8589649128727082,0.5122343995046623,0.9222882030057915,0.8603962252771328,2.0946551067920858,1.2474000155243639,1.1635769339287243,0.7240759653973078,1.5620708198250586,2.461056292294223,0.0,0.44209311614865654,0.47064685529617156,0.917523067162667,0.662944190663224,0.4094695179660954,0.507851566672699,0.5514875455364634,0.45549068691883976,0.6506408358531939,0.7607459506416702,0.6695569077587583,0.782951808649442,0.9769425876962037,1.8015874222500743,0.9866415752153842,1.3982909398526726,1.2803322899924359,2.864983662039341,1.92040645706233,1.738403361774306,1.8202757408749273,1.8844604807012084,2.315458650069477,1.0234745414828048,1.265595665802956,1.9350198280879864,1.5595013415975234,1.2046281509267325,0.7028367093198827,0.8772066695570571,1.0481952864692143,1.2836040329305667,2.535176218282453,1.2425155129194652,1.2362781542652594,2.6308613206369427,4.196940761570135,1.4908638238321068,1.4322384353387598,4.538656444384997,4.154606526848026,1.0893416058497083,2.1203461112815636,0.7437775353508643,0.9756204235545614,0.5074605471671688,1.5874110123387681,0.7300373359114721,0.6520814127189283,1.1021875988206133,1.0933779063296043,0.7813625736019207,1.1689037178478359,1.344791912876747,1.2324489038530309,1.2266424299941499,0.803445418504425,1.4974487138208776,1.0855024495361845,1.63664806986163,1.3930405352042594,4.825284340307169,0.6756597571556575,0.5155049302585154,1.2556210724515346,3.9444000848098892,0.6307835167964425,0.6387864731980649,2.1679145999209593,1.6348464842483699,1.1897696312008061,1.3838477727667948,1.2344643653768292,1.8076175650414938,1.7252524661246114,1.507853141690828,0.8974478197523499,1.1290065441477435,1.3071603685412418,0.6963231357861585,1.1725655629755558,0.5519205480282386,0.6412880359602918,0.6459601624913882,0.5108519486034865,2.303937068044428,0.7222645850127086,1.494489706757382,1.5706226857178507,1.121985111756688,0.9180708514930467,0.6548121886056902,3.634984450479212,1.0496275594017936,1.452824273921454,1.8520842159235062,1.0155705113864473,1.5082743399665937,0.7046152126221631,0.5459813853069954,0.5443240802886217,0.7831181895624333,1.7494825532550795,1.750987906070367,2.4808534586248974,2.326846754541685,1.2213611169679894,1.423100781104445,1.601826801711615,1.9822849469917083,1.0492491447998331,0.8658720529029997,0.6227770875702886,1.799214673159033,5.122027321745654,0.8684291624099986,1.6666713218463198,4.670006946384695,1.6995136117294183,2.810864461720018,2.759360434984409,0.5509770130442155,0.8871728366493853,3.2995902969568935,1.2606906512780016,1.0604433358440843,0.6727993493131775,1.8508751399861398,2.175363217864038,0.8867361634433933,0.7285678741210275,1.196750296429637,1.04931938701987,1.3752225439939618,0.5109774634438534,0.6547151335476409,0.895390052929197,1.1136629749759406,0.5303417402281391,0.6195188781798724,2.1248028406116437,1.8957406544706772,0.9051174834538761,3.0413492524444776,0.6302063258336583,1.5551295587961844,0.8828374722415184,0.44537002144756893,1.0442187341407523,0.7329732674630287,1.5338043993040396,1.0869590630504982,1.0399315090211099,0.6136465610185386,0.6704508028920025,0.5765918432665207,0.905891592126614,1.1686369641912107,0.7577891629365431
CHI:15,0.9809078044822862,0.45216097378049186,1.6569116858951178,0.8491739746630209,0.6172162767338136,1.2165444545399058,1.086826683595145,2.406773788270671,0.9235069179469912,0.83652857143362,0.4585906098379752,1.2411217710419167,2.3400981855537704,0.44209311614865654,0.0,0.5194361631649467,0.5807053145134283,0.40117088267111545,0.34090494721724784,0.5164030324075082,0.7617233011008724,0.7170574838143903,0.5753583623956566,0.9960018482936375,0.5263950447225848,0.7118409306060518,0.8844407060153106,1.9734358401638668,0.8603407539262722,1.3665774973675877,1.3592634593736588,3.1104380253999966,2.0987393164898878,1.8478106059411565,1.845133649632461,1.724967448275108,2.218171377289288,0.9790820207135226,1.2536756171546983,1.7867842737554598,1.6853529659561366,1.1207742805123435,0.6775837604600807,0.6440109479361468,0.8033621231120098,1.018336381310601,2.346105730900581,0.946731406610828,0.9299761901414907,2.4954362237335608,4.039774306863419,1.226547321762337,1.0769203585492735,4.345483135672126,3.9687670714642636,0.7818045653666165,2.045643758960101,0.6641150237462938,1.0059468097187556,0.48715958040852964,1.4658048426808725,0.4353616444026737,0.5388617982627308,0.8393744938721661,0.8686817657878775,0.5298113535869123,0.8430726584008935,1.085513025695892,1.0760847816094499,0.9143481280980765,0.4952344712102903,1.1700488739538293,0.7784082593276468,1.3452741147334137,1.0677038624630493,4.668733440072254,0.984859899175605,0.42761939400565524,1.016316565318741,3.7856344044423955,0.5170325648247531,0.4804953546944942,2.195708086177755,1.8659753371682677,1.2149103383606215,1.4451311715659447,1.3745419067604088,1.6848884724302897,1.597262267748724,1.3626641412603018,0.969934971149712,1.0751741165543869,1.230864298803131,0.6367963185213905,0.9741406173223001,0.52724412937932,0.5077235207407937,0.562656257659758,0.4982972826408185,2.154387512256614,0.4703647111741763,1.30689529381126,1.7211335947129072,0.8972309298909632,0.6899855322559467,0.5147660961918,3.4814484024304555,0.818894274265594,1.5221046362415969,1.6634056973780045,1.0045007699378692,1.619401196115456,0.48203306121251044,0.420626296228485,0.49798621476109695,0.5624370221417778,1.609542937557972,1.698347801432581,2.3549990734649056,2.193198968075571,0.9416412848284328,1.5718367570022562,1.4702103109860483,1.854222231103531,1.0371137492790268,1.031678799362538,0.588530028089048,1.6575619075825039,4.8589794577668055,0.8932280203007482,1.5019590970493153,4.443850316956908,1.7269634066346744,2.680173163183084,2.638285332954009,0.39197176988481397,0.9985167475354151,3.1394619803057586,1.3468757030773797,0.8837740111057101,0.5457920100029169,1.7133972877059875,2.4416751946997923,0.7174844855736989,0.6242146773273164,1.4549694470703014,1.0295288178122797,1.3381805144280974,0.4064558777640474,0.45094853967532145,0.6265213653736571,0.9054161812414342,0.45710639381983853,0.6743853257518635,2.3180445345769205,1.696300444323041,0.9971503534353342,2.87624295362256,0.39523173168065207,1.5485787169869374,0.6332809063264855,0.3426792836275364,0.9498811018649275,0.5610986121065895,1.5023202345128674,1.0217352926241097,1.155161160148861,0.3695544029966486,0.5080238768646286,0.43800763623764194,0.779332596652089,0.9900137904999693,0.5496929543931822
CHI:16,0.9173242030285226,0.6291020879506245,1.4894408216134536,0.8685323683174002,0.6179047592187077,1.0792710184453507,0.9211903898328462,2.1131329978433393,1.1301255277261497,0.9503091464077399,0.5053513670987033,1.3174755358080827,2.3705472072586082,0.47064685529617156,0.5194361631649467,0.0,0.9040948580574909,0.663511819221983,0.613449475812199,0.7164858372058004,0.39772265317656375,0.45596841069017385,0.668841994837195,0.6984235083839097,0.6125978254779714,0.5169699545524243,0.8066801995763581,1.6465416782802869,0.8499623949707715,1.3951340730757444,1.148696784676115,2.73614646504208,1.805058420838913,1.431067203881311,1.659598241670719,1.6968950059206147,1.956483187860541,0.9946343409562205,1.168340113570144,1.873900658320504,1.5645628313068527,1.1072694939769714,0.7184074359615967,0.7538819212000736,0.703350934808181,1.1488907747953305,2.427857711576406,0.9441259536341106,1.1097793890201042,2.442034591744751,4.078008021199686,1.3579477048678597,1.326707763536711,4.410381768194796,4.05474611864719,0.9452462486104988,2.054143084351863,0.7276091111404813,0.7036269757384775,0.3979505319873742,1.535482942455848,0.8163769026181079,0.8238351544946946,1.0281906933741023,1.1223924734111987,0.8612412416702573,1.0882821054286127,1.177250670386641,0.9647782042622042,1.0700962054983347,0.7830200414504719,1.3360810217205754,0.8709297940558726,1.543554827483736,1.1671016807533519,4.655674361766097,0.8248064733927011,0.40158516038863107,1.0065523001377688,3.8242392243624237,0.6091108310031028,0.5607139416865521,1.9324936905800731,1.5698953265797828,1.0695989633254877,1.1537643639592379,1.2054413197123626,1.8004307921698501,1.4738293047876605,1.4479987528357858,0.7605722509620089,0.9058349851043235,1.1758313123928203,0.780192683814983,1.1092073301501502,0.6807588883612837,0.4970090850011127,0.31905044531250054,0.6829130360417596,2.235546581254454,0.724076524919969,1.4900221965372444,1.4552779398091893,0.9703539344085277,0.866430805807445,0.5291234328031915,3.5786488314116074,1.0515354730753215,1.2861319502863005,1.7560520814058411,0.8413490708841176,1.280677005042104,0.7989994202844694,0.5104384976224244,0.5065215337240088,0.6258740729883142,1.4182104710564631,1.5252437989023087,2.3985073820476086,2.304091365409077,1.2828638800127319,1.3672219549217042,1.5485276929443115,1.8943169194926939,0.8937559617174018,0.8816871165032377,0.3339534509649554,1.7128406764780781,5.033312418902596,0.7567543876474025,1.38521297690091,4.571847028514198,1.480805381678185,2.7400945907396492,2.7373063183559236,0.5376820349988882,0.8612930528256055,3.1803228502623404,1.079090593320167,0.8668390657125231,0.6797794510030765,1.7261222774879947,2.066509166608489,0.7052056507637298,0.6671212702215086,1.1506061206770157,0.8391083875108369,1.1529465515370108,0.5398455927525859,0.5262872489359667,0.8529554342986596,1.0052089432366604,0.6735203996712463,0.5826181483492682,1.9381748999405626,1.737043973816994,0.7720512719819737,2.9455921434383114,0.6385849206966655,1.4126149174562006,0.9756190564640475,0.48114753193213766,0.8333114475780586,0.7139799808568387,1.2700731049393854,0.7806636738637126,1.024732295178595,0.6130645047425701,0.7820477808014431,0.42579851322993967,0.8004655099923048,0.9498195508790755,0.8738950485567829
CHI:17,1.2472065076089913,0.6224705475938569,1.786780475880395,0.9775186640681923,1.0099775829940438,1.655850359174697,1.4518057714356694,2.778843599989181,0.721276603364009,0.6462403315160543,0.6311376320666363,0.9568904149653465,2.143073594239281,0.917523067162667,0.5807053145134283,0.9040948580574909,0.0,0.35777108009426145,0.6334726176536697,0.7639813370804804,1.1802862911140273,1.185017122243457,0.6803842231092334,1.4244780455106516,0.6318744788871604,0.9671361355749029,0.9774806966886118,2.2071822023986463,0.883977176768154,1.2693411098660803,1.5030459583285598,3.413221386011431,2.3204211383585656,2.1167777638278285,1.8463007260266238,1.6298443711074375,2.274988613111601,1.0538868548337523,1.2845112927258349,1.5245454113499173,1.7813301516934499,1.0508599860832226,0.8633614571596072,0.611512392929474,0.792745241281275,0.7441387106194544,2.158549309767243,0.9863137071646495,0.7640815900900386,2.2894507053551627,3.764114588461751,0.7909884678694311,0.7297754109669377,4.039665538801322,3.6519188258062445,0.4405515938362429,1.9234149358718904,0.7075133750834647,1.1752390192690088,0.8509910400656079,1.3056169689219894,0.4602067062491574,0.5546679430786399,0.47213441585498084,0.5619472577315235,0.3973822929788262,0.710633145710304,0.9487661972611747,1.0621224184520144,0.5863376842050825,0.5341050966333443,0.8310016939662186,0.7247206252645159,0.8897631195122144,0.745306162022882,4.375316811169373,1.3868319716282955,0.8365763270080895,0.8502036085321478,3.495710177460563,0.8942418213276855,0.7651154778113343,2.247661756594105,2.1872735290201177,1.3820890603061915,1.617801126712977,1.6706743573564993,1.5384685089138208,1.4720743866340689,1.1983376223452884,1.1545472097529754,1.18677730041441,1.18496594906815,0.7749651181486605,0.8610182909733161,0.8256547758282304,0.7909354785466836,0.7953448086181073,0.8333945913284632,1.9868425757555073,0.48499662102466584,1.0993671266524065,1.9200695803449328,0.6303597636295655,0.6214059536911245,0.7304109782692504,3.220894472738309,0.6714881171545426,1.6902703440845739,1.414028355782493,1.1462189799177722,1.8449783953959962,0.677616014434511,0.7216175238158147,0.7561240168234119,0.5883178453894328,1.4985035616330526,1.5999867650771198,2.147734771221534,1.9852042361510147,0.7309620991101509,1.8062152716578317,1.303761234599915,1.6349191872303308,1.2184637601773871,1.2814868685066587,0.8487400815036439,1.4750248389467049,4.445506680922647,1.077815742371241,1.3529605242869713,4.062064826874923,1.816527826440971,2.400897156170791,2.446195482139578,0.7652518191184612,1.2755871776847176,2.8847786281682315,1.6011098388444087,0.8107015585393034,0.9054122817807716,1.5021810386605807,2.806345299905124,0.70314146890339,0.6453159765094041,1.790068664584155,1.2121329877920237,1.4199127585894857,0.7923579938982311,0.6855074665880828,0.6869022102825157,0.7380223021828711,0.838043586899643,1.0520512702290175,2.622078485571061,1.4576974612374352,1.3268426386049368,2.601560236975269,0.6044757139933125,1.480106909116148,0.7285847452501487,0.7559337899840924,0.9756007584923599,0.7617204546294536,1.5065108028314158,1.1386749142846426,1.4356467566431996,0.6287780726942555,0.822697444569486,0.7338393995058354,0.6946012462270628,0.863792292595198,0.6762965639680638
CHI:18,1.002825037408778,0.4099229796795879,1.6079980794746898,0.8240683970044734,0.772365912795659,1.409575491471953,1.2270994757001095,2.49901881313251,0.7999471431834413,0.70631398091187,0.5263270396882233,1.0605166468028782,2.1714084235161732,0.662944190663224,0.40117088267111545,0.663511819221983,0.35777108009426145,0.0,0.3967994366629044,0.5073584106793112,0.9370929510946912,0.9343600384840332,0.4660293740923986,1.183263671373016,0.4202916973899349,0.8179377855940715,0.9040131384755935,2.008721706658948,0.7722025570190452,1.1970359717771986,1.3116021026262934,3.1594066882940353,2.1145887966148127,1.9857343839472088,1.7540626940727486,1.6634174749346575,2.2770762815899097,0.956971282496574,1.1852069830122813,1.5799859019766833,1.6167019524976378,1.0155999512952039,0.7254719509906017,0.6075058873469349,0.7924057130388152,0.8457061571893207,2.1596570179291343,1.023384219010009,0.918371992378892,2.3181172820797853,3.8407910986021867,0.9626030172465704,0.929375854441884,4.119687353178205,3.755844152553897,0.5448701734260313,1.8821371428384486,0.5280292118882353,0.9891114402487943,0.6417395523008312,1.2757911846455507,0.46654406176851004,0.4364140212360635,0.5435177990228865,0.5968722760507592,0.3859212366672912,0.8218304841246256,1.0538891983379048,1.0549190502185168,0.7169487774615708,0.5463077053157303,0.9594552740597658,0.8081965535002692,1.0970946090508686,0.8792975177146066,4.450284596649143,1.148163822597894,0.6394823937924102,0.8544445598678533,3.5840072792444446,0.7687213459749921,0.6607950892996433,2.123290650960902,1.9441135801403098,1.2421253606638984,1.4592819556176835,1.4654471946999803,1.5575896426617828,1.4850864461694864,1.2120751362502271,0.9478238675503255,1.0473824779599614,1.1146533103808998,0.6325595029319777,0.9054387179844292,0.6710853824638913,0.6368044408676201,0.5950278785489814,0.6646140940097073,2.0365368963049715,0.39518476114533635,1.164343694950301,1.720070742128349,0.6398747408998966,0.5768522068109835,0.5777284251889642,3.3046389980666198,0.7023903215377492,1.520090666217212,1.4899796741488391,0.982646309442053,1.6406060578368298,0.6173415395535414,0.5649946353671311,0.5428387522842257,0.537765532782827,1.465232142044272,1.5136870934724438,2.187779691313117,2.0360559362157473,0.8635542278648274,1.5915486975540618,1.3103537250538595,1.6646583590248127,1.041694040137823,1.0628808462215424,0.6473001600012644,1.4934655168756792,4.616098344033958,0.878516602821175,1.3501317592907518,4.2059507136759855,1.710188802899033,2.47583801456091,2.4885446902943644,0.624121906277833,1.0495704615660366,2.961473143323891,1.4136103967699991,0.770767393554877,0.8140045261940531,1.520286789775846,2.5545814913408136,0.6305716311612208,0.47933694529023224,1.531058945063074,1.0724712077102498,1.3012075301995285,0.6136869029189699,0.5639743227935161,0.6686633521083688,0.7466739523018048,0.6893001943936276,0.8251028564959049,2.3993532991035167,1.506555685319778,1.11442556699043,2.6834897965971654,0.5040716947973808,1.386008300494615,0.7360768385755939,0.5435063441600161,0.8661882054935977,0.6734257459626316,1.3806266476933662,1.0014093361012837,1.2129646647743628,0.49174103869068636,0.7475717814173719,0.5583442795188116,0.5948972234471719,0.8109942186921246,0.6350635617742486
CHI:19,0.9322826659564838,0.44857348774783234,1.6584457310598069,0.8863601834019279,0.5949139858272035,1.2370414211583367,1.09238794324857,2.363873040486363,1.019284069953015,0.965731224493421,0.6440893401632305,1.365771698742639,2.334307626657721,0.4094695179660954,0.34090494721724784,0.613449475812199,0.6334726176536697,0.3967994366629044,0.0,0.33041688700142485,0.7740231396947136,0.747254366310582,0.44860388809494084,1.0077653321798958,0.5234266828946017,0.8100466678317234,0.9602207280244782,1.9474989245813215,0.8763521981670129,1.268905540557245,1.2802718761956775,3.103749233651966,2.101461240276369,1.9431916172406076,1.8633844007263758,1.8982484111894877,2.3370093091660697,1.0396764978252904,1.3345983219694613,1.8082294333147966,1.6424689730267035,1.1644952950928635,0.7978356474940975,0.7825506090898738,0.9655721413475679,1.1178885454293186,2.330196445323149,1.1722843738876574,1.0911752933703531,2.4949916766062072,4.030338703156579,1.2461807177818398,1.1916087750110722,4.357489670158119,3.959333003769891,0.8416867879644284,1.9700240899665842,0.5622074479022034,0.9931784257507351,0.5303850637848572,1.3831263000313627,0.5120685601028468,0.37291336972060446,0.8218221853457016,0.7836114088046057,0.5556281977831453,0.9770434864279777,1.2077050927655977,1.2182383264098533,0.9806106885265063,0.6675607720140253,1.2653565883050877,0.9766350654012509,1.365365709872629,1.1787070063788818,4.678183702223472,1.0061690572818252,0.5163951634123894,1.1332437466553136,3.7845116315700493,0.6310278580165847,0.6645258023145112,2.2030678980952194,1.856734543234566,1.1948314067364234,1.417241476447442,1.2940594340688196,1.7122397952608033,1.633194197035686,1.408409654952116,0.9175645012185347,1.1688794989702815,1.2356529671200993,0.6682268937794483,1.0401181855755464,0.6228638411924051,0.5986194408834423,0.6395180448573614,0.5653231370820722,2.177953325208318,0.5359578855292635,1.3692508325694668,1.7223958436541746,0.9290534983106411,0.7140628706978694,0.6193409363453678,3.4922875141898353,0.8987292270214237,1.5634773222696177,1.7064933501010626,0.9869341488072566,1.6547564149645475,0.6064958418079132,0.5691139271472658,0.5679774594229481,0.6385650040397957,1.629494552624205,1.6720287427673315,2.3708957075264463,2.211481112218622,0.980708204179968,1.572527319478444,1.4942678251469665,1.8569464143848908,1.0413908316620033,1.0113757800391479,0.6571982157110794,1.6885322820918807,4.8899815603958485,0.8368559894290379,1.5922802730914576,4.463092980242572,1.682081202959807,2.6438948100107833,2.642943896610298,0.5536523347268109,1.0314082271199057,3.162748636267568,1.3922110078925825,0.9735660039419199,0.7024727120334777,1.7128181560959141,2.442879183700472,0.8088802632250784,0.6183842788936675,1.429842990451461,1.1173633956591782,1.378703993316892,0.476659867401339,0.5894087333584735,0.7234171718494085,0.9864178075220911,0.5687601020905266,0.758222779065363,2.319862595742889,1.7014694987003454,1.040549742551745,2.8993351136779073,0.5503757947941428,1.565847009218202,0.7392167271862232,0.4319028249600663,0.9324933251637821,0.697498128416174,1.4967161389292283,1.0373920741488236,1.1733521179778188,0.4909079110497121,0.5809010481470599,0.5434231691387958,0.7931589905374123,1.017242406384466,0.6743134997602902
CHI:20,0.8813154437786994,0.5296318577475811,1.6537955416583336,0.9446657735337471,0.6516928761257385,1.218591321019607,1.1074031136750215,2.3104811105480008,1.0807105201016576,1.0728634890292092,0.7784794785081223,1.4707505284887645,2.376654756494081,0.507851566672699,0.5164030324075082,0.7164858372058004,0.7639813370804804,0.5073584106793112,0.33041688700142485,0.0,0.8107436098166402,0.78062788222312,0.4835256746804882,1.0345133404100069,0.579320031785364,0.9213957147655676,1.068637880407748,1.9803059835290755,0.9269607710536946,1.2645510531084752,1.234892658750736,3.100318764845207,2.0933982580234316,2.0122456503219452,1.9153173013527454,1.9494127284048919,2.4394527715035577,1.1090127004711827,1.3762521428809473,1.8621492676492708,1.6491638391584662,1.267594122868588,0.8394457311875086,0.8936449837565962,1.0841682891405966,1.2197238701413098,2.284817719514136,1.3147534444116065,1.2542966208234003,2.5027304246793953,4.020897113177029,1.333372988800522,1.289565033317689,4.3552570573482114,3.948204023235887,0.9265529382176187,1.9322479850104455,0.5582206939333614,1.0012063082028297,0.5597160167777112,1.343617733577777,0.6509619018878657,0.4446314038800057,0.8641052225787627,0.8165131671919027,0.657513203613044,1.125121687828373,1.3620017575682182,1.3425378311285727,1.0987911924702676,0.7960290406200695,1.3512431947463808,1.124788912543318,1.4662170022731973,1.266693314042678,4.696346131193482,1.0084740103490921,0.6106936438769467,1.2057125007459732,3.7803312406370315,0.7569417860727395,0.8343848852545279,2.218796802009617,1.8540864237625168,1.2326919784438048,1.4630381868704243,1.314395515090554,1.7439711370705382,1.7462086839581517,1.470018904972668,0.8807896223171147,1.256971648657097,1.267208854312644,0.7209207314826055,1.147424406347377,0.695764594075846,0.7412106269338488,0.7456347342286402,0.6594828709284655,2.2219979961054457,0.6445409155956321,1.4202947963063193,1.7438655809433818,1.0020719486071796,0.7364327393132973,0.756788305961439,3.5111947235935825,0.967030753054095,1.612723442384567,1.7549409195136578,0.9739069104322813,1.6931674719076608,0.709163777465525,0.7133933701985723,0.6566087942913988,0.7452153298590525,1.6098663410464684,1.5950598891453789,2.3866690578142893,2.232646763788937,1.060229325598235,1.5776112635414843,1.526937903043516,1.852480238340736,1.05786162372279,1.0080834013051476,0.727821960245283,1.728931736604219,4.908672520133483,0.8118551661810866,1.6577165983097495,4.482352367557575,1.7385006105957177,2.660542869675757,2.646602282948613,0.7184016533532137,1.0246431593742102,3.1863062445012647,1.4492258531301763,1.0727856075779687,0.872222691718964,1.6945053716471643,2.4503734028794364,0.8979254916296254,0.6372369732792214,1.399799843949635,1.2102524415726037,1.4581580929688878,0.5578043959055373,0.6999592425424199,0.858777580371462,1.0612499940450448,0.6582771575003834,0.8263438056459835,2.3466066602299027,1.7442096153150932,1.0973601053730964,2.9232649630286507,0.7113280105426611,1.5850052536477899,0.870234362081474,0.5532384264311165,0.9759254143861461,0.8153736537549479,1.480173986617058,1.0493602636041774,1.1986569766706092,0.60940297029271,0.6861742610310306,0.6398226492316818,0.8706216204262223,1.0119791666388298,0.7527888071635754
CHI:21,0.9174697692412075,0.8482202295979588,1.4590525844898623,0.9541031035254448,0.6157367116637925,0.9081779105341518,0.7402008988360711,1.8915971979238366,1.4184642978519528,1.2644127525669522,0.7717231200981605,1.5852437796746615,2.465498322993994,0.5514875455364634,0.7617233011008724,0.39772265317656375,1.1802862911140273,0.9370929510946912,0.7740231396947136,0.8107436098166402,0.0,0.32414733708711957,0.7974741153893657,0.45148135257334354,0.8139343613214848,0.7073858440379962,0.9522727128686701,1.4930632484478024,1.0192818339263783,1.4501074769816829,1.010520912612166,2.562126855438375,1.6651699424089126,1.3129794392857566,1.7145550285193891,1.906509269702822,1.965275751213603,1.1809729556502484,1.3362091921636938,2.0625116248806785,1.573451553647988,1.2914943271003376,0.9238059747328675,0.9884319939152852,0.9519631824833159,1.3915853709962793,2.5261687561877144,1.1837614346493954,1.3766354188778398,2.50962213967752,4.142311788737489,1.594861400710358,1.633904251487324,4.5505344718476275,4.157115199559341,1.1907545588570538,2.0545159464501057,0.8209395538413505,0.6395118407571524,0.49963950115481837,1.6094973232208567,1.0566469228264845,0.9734153947577477,1.2583054257514814,1.2763005033335746,1.1114973216904847,1.372774228559214,1.4495081547186515,1.160224783044377,1.3424760691173447,1.0642119565455592,1.610452779073199,1.1697457471888808,1.792646562505502,1.4481739967263658,4.738551201052991,0.7174720810570894,0.5468970504325978,1.2541589811975462,3.932183806247251,0.7345112837434036,0.7991960974735867,1.8460230150428003,1.3901618612246749,0.9474060500212831,0.9849579930648192,0.9622402035976347,1.9669956226867324,1.5658823792422323,1.6280178356784523,0.6837736705211009,1.0430239499589982,1.2529308089533826,1.0229518664405974,1.318200070251967,0.8858276432941932,0.6750922751586191,0.559915684564175,0.8914413878228059,2.3582671470075107,0.9819973716245602,1.72934258565308,1.3650646493242828,1.207551751429594,1.0669433475437669,0.781936914631326,3.7122184961537705,1.2976192096012915,1.266177989023321,1.9589055700811522,0.8258887098577361,1.218596816893894,1.0506300592723357,0.7391461544290836,0.7412477987336634,0.8747014335138529,1.4960966050296816,1.5808427239345189,2.532913720462933,2.46065659625618,1.5415712995016613,1.2863358338754511,1.7046958010965303,2.024447563623887,0.8343561353270746,0.8724220949585767,0.5378553425049862,1.8769247393621313,5.240076880528117,0.6829999291909333,1.5471005645527938,4.737672749244617,1.3769427531379295,2.839027923138878,2.8704861091216216,0.6923774871442111,0.9330115013895486,3.3084472476159923,0.9749363903674905,1.1093770504657898,0.8499997693449108,1.874927316519843,1.8341021860247742,1.0167199802271003,0.9253214054700902,0.9552084782970438,0.8459714673780467,1.1664750610081913,0.6976588134216581,0.742050968636657,1.0540937554676233,1.2823456929305999,0.8767016987954607,0.6939994019589918,1.7083724556734183,1.847283330294453,0.6803149546273298,3.080550975327586,0.868754044738198,1.546068618742942,1.2238715011395587,0.6431338600165052,0.8793418020102881,0.9914089139854276,1.2495638278089052,0.7870001155782034,1.0481540599347858,0.8544876734779019,0.8938862982687289,0.5830248790375996,1.060639677413618,1.1465659600783549,1.1451558894024547
CHI:22,0.8238384094193971,0.8009564442447338,1.467277625365619,0.9150658497307855,0.45432318405280764,0.7347701115708438,0.643946217917224,1.8142873607500443,1.4134545531391012,1.3002820312567318,0.8373977303723047,1.663430576216145,2.543310087328029,0.45549068691883976,0.7170574838143903,0.45596841069017385,1.185017122243457,0.9343600384840332,0.747254366310582,0.78062788222312,0.32414733708711957,0.0,0.8449985883223864,0.3641339411990449,0.8448771154807041,0.7199799338887606,0.9474299902969324,1.502320912579042,1.0455374189612967,1.515880320263015,1.1245802450557558,2.5700221374047674,1.6962123992641207,1.435988753183734,1.7471097898940273,1.9323859939109909,2.117341907021209,1.0597941573484702,1.325054225203474,2.0678164987637127,1.4904137894267229,1.2816404820188951,0.8853840858686091,1.011843705408676,1.0567616293235502,1.4556998391085216,2.59473239059023,1.2583076069459378,1.3869646477132143,2.6447270356012784,4.2588423750879185,1.7023216240830648,1.6606540496150066,4.6645387309276725,4.271573011742421,1.2639750652538708,2.1719803455180284,0.9382394870678689,0.8407487990223133,0.5558162093743426,1.6850161238174606,1.0275563234141016,0.9665060837563354,1.3336460820392784,1.322631716792989,1.1128299368596686,1.365347073403371,1.4509000037427813,1.2542896087666204,1.4362542371298281,1.0347376352244588,1.6270979233397052,1.223916967788559,1.8442388490561576,1.5139109971126377,4.871214928043783,0.6354824116660638,0.5904515567869812,1.2770834218625697,4.039471213442301,0.7687938471527215,0.8100849832716104,1.9915894953602555,1.3455206991024946,1.1168928120626023,1.1984245337918302,1.0775092753094488,1.9558606185436802,1.6856123594655843,1.6531993128346218,0.8127697919444518,1.0251403611215981,1.3325280084225768,0.9326546991373926,1.3574716506983104,0.790462714585623,0.7181564266643616,0.628890443404046,0.7636269353725826,2.4113710998381457,0.9787748920846953,1.7142872392298658,1.3466627423521809,1.2636490848954134,1.1186347257821616,0.7525043793593291,3.769237264165358,1.2854387883843732,1.2594800832360626,2.009661410195483,0.9721494385674236,1.1891448814806935,0.9923569910403192,0.7086559100541315,0.6558126787961011,0.9659060611234395,1.7147878920767505,1.718179657017441,2.5934065846347485,2.4741078599326087,1.535467566387133,1.197821490780989,1.7320812557308838,2.097427860788755,0.90979489170675,0.7644016034290291,0.6215179677234334,1.910645716790376,5.318179114697915,0.7798329160414128,1.6118973803724834,4.826266862231758,1.5586455276542515,2.9185399067048987,2.8980224794219858,0.6732760929811938,0.7891441661195694,3.400148938568369,0.9579898781673597,1.1675739090781312,0.8356536381853089,1.960812259534605,1.8434341352695613,1.0320839459442066,0.9450726050286697,0.9506806724492123,0.913845628837159,1.2097625340362557,0.7029101483277441,0.8099965829333964,1.0576512538508203,1.3087799591351812,0.7991407113774579,0.5361032761272007,1.7684902615642586,1.9552378523057865,0.6408533494221889,3.150278627613725,0.7879941048008571,1.5932043322584166,1.1699430373176807,0.5389174987905135,1.046978818991641,0.9588954039365282,1.4276976283215388,1.0417696023601102,0.864709064124516,0.7924648394248027,0.9066999717521981,0.6565865193138258,1.0282498071312558,1.2377019969322725,1.071834132674595
CHI:23,0.8997748498058122,0.5721381961503789,1.454127890787537,0.7588832029355044,0.7010442131689388,1.2752144462507997,1.0710683740170805,2.307656933399942,1.1659710735316522,0.992861630687255,0.6722264751542864,1.2728950151301779,2.1641846283863866,0.6506408358531939,0.5753583623956566,0.668841994837195,0.6803842231092334,0.4660293740923986,0.44860388809494084,0.4835256746804882,0.7974741153893657,0.8449985883223864,0.0,1.0261997290361797,0.2739687731049067,0.7152381503824629,0.7195764424338279,1.7890377911880289,0.537787043292611,1.0198859577592831,1.0237704465705517,2.9890533742428196,1.90290087730229,1.8807023919924788,1.607165839596121,1.672734081414347,2.1920223094181686,0.8843387415512993,1.1360313296677598,1.5519275980463303,1.4974988596682535,0.903842802641645,0.722796278634367,0.649165893708971,0.9044990039409952,0.8920391340569722,2.1014456524607468,1.1206297277131125,0.9814814626949954,2.2240077323641594,3.7972995862568713,1.0447147263222598,1.1126998877484962,4.132793419271503,3.761728338281153,0.8055448786054513,1.7833080437790338,0.3232000688572809,0.7382528569255835,0.5372666481485721,1.143674737859504,0.6758078437489261,0.3753430298687044,0.7405064642905059,0.6675830498494945,0.5685696180970234,0.9014116233632602,1.070787367600469,1.0336128243211322,0.9033931144898447,0.6728580078240282,1.214559295804312,0.9325956272772562,1.2524341452966636,1.0781117116563943,4.480843371262006,1.0085054148596964,0.6393355277239132,1.0363254576154661,3.565462067228124,0.7608967215517697,0.7154890562117721,1.9415402122769934,1.7356230257282026,0.9317933146968239,1.2333331765963946,1.190389793852646,1.5660785930720176,1.4081062176604378,1.2279737386410672,0.6806324846878776,1.0135371429924656,0.9878978581925122,0.723887079417413,0.9588384636113253,0.6959043504188026,0.6514127802458509,0.5661854088659454,0.7000588153656871,2.044555117363317,0.5581660893194625,1.2861329668389927,1.5483236218485752,0.7141275844547617,0.5889865479637999,0.5741794618806374,3.3336401381626763,0.8076870106282313,1.3905839756284066,1.559349629239891,0.7527584954147855,1.5135715137526395,0.8168380987857529,0.5720194726336375,0.5219912358469003,0.5887900655931415,1.4051441213914797,1.4226772213781607,2.1915949946074162,2.0692049215833213,1.0997525997449618,1.447820737772102,1.334944681470827,1.621747628507606,0.8161655331308518,0.9281780556718348,0.5236444013899382,1.5368112256174986,4.723201502513206,0.6274389704222303,1.40516297762497,4.268598239247233,1.5870877227310798,2.4102755582438435,2.5111512792309862,0.6024627916792631,1.0234313980855454,2.973507576254435,1.2922536750901943,0.8020038879861743,0.8571394446614187,1.5003411662981707,2.325093298628342,0.7799316935803958,0.5069513774846592,1.2799549001714667,0.9468387082308918,1.170242568413061,0.5861277180119746,0.5522807970258694,0.6931365189365247,0.8940216178733148,0.7707526585585834,0.7854797370751094,2.1848170051804936,1.4767506820797445,0.9436469548370177,2.7057014883718415,0.6027362420980736,1.3700049345333984,0.9258784128042524,0.547463752685989,0.7629486977377627,0.836437915751366,1.2302727677931968,0.8466549181151749,1.110162088709903,0.6798151476395344,0.7501766127566077,0.5015502511521515,0.6705672217387769,0.8601777318294397,0.8527846285495966
CHI:24,0.9524867463053399,1.0329905387710732,1.4115604441196143,0.9782740465705538,0.5692468947814875,0.661195871551497,0.5309048563077908,1.5868295720405383,1.6348035910943983,1.4914592247024512,1.0603424478504473,1.7935588111941594,2.5587131432731898,0.7607459506416702,0.9960018482936375,0.6984235083839097,1.4244780455106516,1.183263671373016,1.0077653321798958,1.0345133404100069,0.45148135257334354,0.3641339411990449,1.0261997290361797,0.0,1.0441610904828933,0.8738925821059752,1.032653375462092,1.2377140127188815,1.1694976506269907,1.5664326129382018,1.0156215063729697,2.342498504089489,1.5526176393871527,1.3341839441429737,1.69776665038536,2.040759029601447,2.0718683936404685,1.1842870777969523,1.440069601400763,2.1729935106828444,1.4181783842493574,1.3769180133742178,1.144256483668223,1.2167444104634786,1.2090153223871745,1.6251551850899582,2.6414014909227266,1.397798692192477,1.5812757263321764,2.653332259424701,4.278000340174979,1.8780258520980784,1.9055473611746168,4.735978970197365,4.33733566132431,1.4488987913062084,2.19451269393541,1.1096500821460258,0.8576313768865051,0.7778823959904237,1.773111484471414,1.3144373909805667,1.2057727114716161,1.5511531405967194,1.4815685770410265,1.3818021522557222,1.5929927131677133,1.621210016817993,1.3716716427803413,1.6475023412889191,1.309277560343322,1.7858002487320455,1.4573397218882045,1.9978831237970167,1.682159873721095,4.8627221501671185,0.7158094188855841,0.8193545777833752,1.3989563290952582,4.092374110093697,1.0136735571481796,1.0531090216431267,1.8450646179737693,1.0888281782029183,1.0475422506913767,1.0407697349824394,0.9578800236616758,2.091209706493346,1.6572696411259353,1.7854900168118566,0.8032473002543431,1.0471912254618303,1.3869106833895144,1.2059784075561901,1.5541627934680264,1.0792515275366437,0.9056349621585942,0.7866516052736334,1.0636080354413244,2.507849876426882,1.2407017605018609,1.9273627309496064,1.1442799290740122,1.4128839078392479,1.3312756803249692,0.9739016909236555,3.861438540303374,1.513705222881342,1.128135611531646,2.1730299769831016,0.9855508856921541,0.9851252774425817,1.2937449309793858,0.9604314726095589,0.8865709896642457,1.1797732862406471,1.741029192172805,1.7337094494888563,2.6829112305787253,2.6054630977895714,1.8119486265005047,1.0196286139653656,1.857725619609799,2.1948040141101117,0.8562954745985433,0.7538649517248729,0.8078209737525346,2.014882219838473,5.452719706538917,0.7613526043815193,1.6410370830562262,4.9249595903184975,1.4255933369747211,2.9531231880786715,3.009378364926889,0.8841270297131094,0.8555611099111706,3.4695881628178937,0.7632216219247352,1.3326406825631854,1.0866200282982232,2.073810887441806,1.5976460194641953,1.2581911128388354,1.1811731806155292,0.7896692812362901,0.8465456437994711,1.1271398252413882,0.9750147675833651,1.0391824565491181,1.2522198414931767,1.5432863703438993,1.1075761101365245,0.6708779193379938,1.4786497018081057,2.0153713205331565,0.4803800347565907,3.2242401902168942,1.0144867279116903,1.655284082444729,1.466691808808303,0.7735127813897986,1.1096578125332592,1.2530504592222511,1.3665175991406986,1.0983873109315487,0.8112916524679277,1.051594945722193,1.1573211666159124,0.8507216982449025,1.203275075537163,1.3817829749697228,1.3866247879744014
CHI:25,0.8736835444657803,0.5601468397298123,1.3758236224181022,0.6646625472341608,0.735984221383266,1.2765653385798315,1.0606191013288433,2.308847741344535,1.1118977971472388,0.8822160178872526,0.5619299358597336,1.1269944597364079,2.032739658374808,0.6695569077587583,0.5263950447225848,0.6125978254779714,0.6318744788871604,0.4202916973899349,0.5234266828946017,0.579320031785364,0.8139343613214848,0.8448771154807041,0.2739687731049067,1.0441610904828933,0.0,0.6380324290860078,0.6351768192608359,1.764960662818066,0.44325027423931807,0.9768561349709735,1.0279851568734997,2.9514204883197,1.8354942884736047,1.830807839085733,1.4974659441829274,1.521643287195055,2.105422584900463,0.7619870400340499,0.9672809109025098,1.410729768025594,1.4339477807369534,0.7968666611692186,0.6102512606215027,0.46365441570671057,0.7905057872759966,0.7691896410660464,1.9906843321133374,0.9786428446660609,0.8647084602419617,2.1077740138704946,3.6833279528974017,0.9987301283480206,1.0072893344166527,4.001838381736049,3.6539362768481616,0.737910768488881,1.7170100936514583,0.39461037187143094,0.7320238649327093,0.5575283919450577,1.0767180618050642,0.6460883821074156,0.4749258223786702,0.7080503649604711,0.6995605295858516,0.5295573029179628,0.8064120901243562,0.9692856802118537,0.862831581107743,0.7875907472305644,0.5607901712912221,1.0622262933471314,0.8078961604263908,1.158252319248945,0.9342287549046822,4.354694071848434,0.9936431322339735,0.6570573350655675,0.8851843081004148,3.438321168475133,0.7962383705308399,0.6747795812013935,1.8632744181539858,1.7323842398786544,0.9447497757395514,1.2589021317474827,1.2444074711187272,1.4025879714945286,1.3053467408151367,1.0563920945109873,0.7007492607757847,0.9007897741935649,0.8420795697332212,0.6619348949927016,0.8705352432616718,0.6234425970318024,0.655448705250936,0.5234592274502335,0.6899423505529458,1.8901993420557628,0.4987633532751422,1.1146451553264147,1.5040053580192105,0.605462442889593,0.5823433905249807,0.5013419635425214,3.1826161869366723,0.6594709999399936,1.3298882244105987,1.3918413190072072,0.8000135094339469,1.468864700958837,0.8037052412597807,0.5143750930456376,0.47570754719169334,0.5315789961975722,1.3693474249770363,1.3411502483006819,2.0323598131011997,1.908036151092211,1.1060296811675663,1.4098199114508485,1.1764986809728435,1.4818855521115393,0.7718060755644447,0.908298569331904,0.5001819398519782,1.3650033887084965,4.586658653893232,0.6702095020467139,1.2566382973781687,4.131627025976181,1.6225411418367193,2.3129348007810995,2.3607574016892343,0.5497364194801886,0.9818204537787916,2.823048606055371,1.2376614347119572,0.6396771533036688,0.8688617729005805,1.3721352116673726,2.3310557979338395,0.6827103548538878,0.48577030436033153,1.2979272250726857,0.8496605684736913,1.0732631846776002,0.6408036864090892,0.5355985772773353,0.6771502512781729,0.7563085024665421,0.7747130107738269,0.7563524031032638,2.1826427186746926,1.3578066666648152,0.9232304071596281,2.550940030652042,0.5086408773893399,1.2433806618933563,0.92456699501205,0.526185233615513,0.7290468312031235,0.8099313980647183,1.17274465034417,0.8665450391480712,1.0760616256437052,0.671979315669649,0.8151000555389439,0.5029544012098605,0.5571730673541468,0.7729171086760958,0.8114331065519386
CHI:26,1.139609368047521,0.8447038566409979,1.6068186938093425,0.970143665545601,0.819383963542381,1.285744962802296,1.0963940276495001,2.2609682969711806,1.2609173655958672,0.9850891203371464,0.6389709571649573,1.3144115051901553,2.384000265798591,0.782951808649442,0.7118409306060518,0.5169699545524243,0.9671361355749029,0.8179377855940715,0.8100466678317234,0.9213957147655676,0.7073858440379962,0.7199799338887606,0.7152381503824629,0.8738925821059752,0.6380324290860078,0.0,0.5040908353414059,1.6394282399102262,0.6204876963577552,1.4007378791959504,1.1989005932968153,2.861698414488435,1.865091409480827,1.4374480427397944,1.5693280162556915,1.612211717211892,1.7632393414042784,0.8254638651519316,1.1899354817500187,1.7657525894471242,1.6009759552824137,0.9674160433577623,0.7948561727914684,0.7000426092910357,0.6452513710011444,1.0358232295000227,2.323813578124781,0.8135365811923843,0.9069860640944425,2.382373888343298,4.022213454118326,1.3284773315908425,1.201418077321895,4.3692513866328175,4.026471557074745,1.0313986046614363,2.110984080805943,0.8599245621618179,0.7038181861026844,0.5715340218725179,1.481155276886747,0.8822057118495827,0.9006786727633688,1.0992888300661734,1.1852745673334488,0.9284428209641796,0.8638211761938904,0.8427823641262236,0.8768253201945312,1.0774668434030612,0.7202453060455382,1.319137262032026,0.7596847160960092,1.4997871099500264,1.1037995899075732,4.687340449536317,1.0765926893929372,0.6218084156211021,1.0053984093248716,3.7784535719054486,0.7211181571837846,0.6637666614585152,1.9649650605231972,1.6445428011374252,1.076317263214844,1.1978218587955507,1.2630692174819151,1.7420034674868565,1.3747572365971137,1.4124700752764925,0.8607004148992896,0.8517108871535737,1.1471394931304812,0.8472595252264881,1.0755198091205724,0.756951629016472,0.637352544701518,0.4188395952699007,0.734140457295921,2.1932551808011604,0.7711031770847336,1.475424733291308,1.505225180307941,0.9244437780792464,0.8967351136311551,0.462817403345125,3.550938144200521,1.025120501212871,1.296602087287487,1.7079155132891177,0.9270480884832026,1.2600343488946961,0.8881266909115665,0.5779987953773353,0.5213879622084336,0.6902647272964241,1.4228527565796636,1.557636571364502,2.378320659163074,2.2695996685108275,1.3475490724295855,1.4259746104093938,1.531826177361503,1.8697683551858684,0.8889057504839596,0.9919891551348516,0.3910423386781255,1.6972031565608365,5.003854105798097,0.8557242538006653,1.3238958137773038,4.539647698172664,1.5330819171642815,2.673488986090364,2.7152837874099913,0.6203157609286526,0.9913479485304476,3.1462083529011275,1.1167536491771097,0.7990857709958468,0.7628559130326867,1.7014273868127592,2.1310511684455054,0.7406885049293345,0.7402054401375201,1.2711712636409542,0.8645553884399203,1.0594141675190674,0.6673896007905421,0.5880107601370951,0.7925158392787789,1.006466497700655,0.7935941177335276,0.6755308480795019,1.9592442982972995,1.6761387368124223,0.8187244662203224,2.9056465136817207,0.6414831816387535,1.4759434091562686,1.021988620147146,0.5761289444605445,0.9154648924714431,0.8124531669050744,1.3440370821810155,0.8790529276655555,1.0327976410534623,0.7245805752534347,0.9000277139155451,0.5770932370932079,0.7584297974318706,0.9554596523568065,0.9704364459731196
CHI:27,1.1105450292748582,0.9253910605301082,1.4103953471097666,0.8117149051561459,0.9121537785314126,1.3217716134871003,1.0808223911733503,2.280102809915875,1.4138257174560995,1.0953861646889949,0.8000471402222763,1.2809504897897954,2.154529886758648,0.9769425876962037,0.8844407060153106,0.8066801995763581,0.9774806966886118,0.9040131384755935,0.9602207280244782,1.068637880407748,0.9522727128686701,0.9474299902969324,0.7195764424338279,1.032653375462092,0.6351768192608359,0.5040908353414059,0.0,1.5604194431866514,0.423939308987571,1.175469047570124,1.1103813138041823,2.861033543669438,1.723133578965884,1.6061331549658466,1.2892747812569918,1.3917486435444135,1.8159214641142345,0.6122660472212076,0.9966380520340411,1.4373001115614767,1.3860915158206952,0.598039941658265,0.8044412128918561,0.6433247834500622,0.8213592770631635,0.8745165419865344,2.145192517800647,0.9420116935927241,0.8032049793505356,2.157698348073572,3.7724412202009074,1.2058858943111457,1.1888203642981412,4.147634052706518,3.8031385918791,1.057183630228782,1.9650632322650876,0.8737546422467503,0.778535548934543,0.8036396069981846,1.3125634628998473,0.9879679259589031,0.9013812946689836,1.1022468339822096,1.107299859408505,0.9503197841307977,0.853316342301736,0.7693709170605141,0.8031391931169453,1.0857746430400705,0.7794167585372365,1.2779628259725917,0.8705540872920539,1.3324049486005074,1.1083889853954616,4.459087444266864,1.1073483363347905,0.9144310511826328,1.0091123846304684,3.5390062551596926,0.9737737041561921,0.8066219067191087,1.798535282413715,1.6032487602903658,0.9629469884887846,1.249302338984556,1.34520294024366,1.5090211895961863,1.161987231559471,1.1782690305296903,0.8610021246288757,0.7974825691777188,0.9295200460689202,0.9078202045827793,0.9905856357660981,0.8373615082961421,0.8480426153688678,0.6483093434397753,0.8719047260323577,1.9899719679776438,0.8507295085745684,1.3130393894204426,1.369382737011836,0.8187432432934902,0.9101067987713024,0.5847160836723388,3.3087876215865086,0.9099181638986055,1.2148926475600672,1.5361640370734782,0.9612619324316161,1.2500483392668476,1.0683855299991165,0.6670661337083406,0.5939179626817167,0.7961659433770277,1.4879102928205308,1.4907408120729526,2.1543871979477625,2.0404663476301823,1.4205232999400503,1.3395593055921953,1.3274867995496205,1.6173313243253182,0.8077973405707313,0.9416372060823315,0.6037817118234334,1.515647667071989,4.754434103209339,0.8498203759075109,1.209241104123415,4.272478330729573,1.6522008745580616,2.3771936404518814,2.5055410904841158,0.7215462820387929,1.0846495893876402,2.9262940780338496,1.1120311995276577,0.734035178199711,0.9908772247661187,1.5436576248946603,2.171939918229595,0.867491309577333,0.816625289078697,1.2673190684333961,0.7556171143353576,0.9102200596642142,0.9114160358050915,0.7584312640118964,0.8428746042094141,0.991745157815488,1.0054937237927204,0.8221175290299745,1.9990601246533548,1.4755753260333269,0.8414429859333491,2.65134211066789,0.6772747048445728,1.322513902927259,1.1597557316867444,0.745410888270688,0.9674056015868633,1.0207784120372778,1.2732330863983763,1.02756823622247,0.994005983075015,0.9185836612377775,1.0725100114869233,0.7342384204316228,0.6935753750534519,0.9944129619713867,1.1042247630451165
CHI:28,1.5633293351739437,1.9092559582495823,1.377339362675204,1.4971321869373226,1.544111962659574,1.4275120704008395,1.2571279222146416,1.2245503082950995,2.4421010395708933,2.156055609966152,1.9123221617713577,2.2564980306351266,2.4478604153667822,1.8015874222500743,1.9734358401638668,1.6465416782802869,2.2071822023986463,2.008721706658948,1.9474989245813215,1.9803059835290755,1.4930632484478024,1.502320912579042,1.7890377911880289,1.2377140127188815,1.764960662818066,1.6394282399102262,1.5604194431866514,0.0,1.6784235811579553,1.8347734151094743,1.1721648754980252,1.5755195510908313,1.1908808058033469,1.625116831911138,1.4440696138931592,2.3287477554912646,2.178096414438972,1.6411552294392704,1.7267374773569546,2.270815580934251,1.1307390940690856,1.6710512254466021,1.9278655285901902,1.8801411596654416,1.873579801894525,2.1747753139201134,2.6966213712051386,2.0341177130367547,2.1921797473730407,2.4252313497261078,4.103701601100693,2.4144182885009164,2.5859960382510385,4.602985055712734,4.3202919442320855,2.149842031253845,2.2206979324274405,1.8788649008741574,1.4363835082538379,1.781437314120322,2.096540361538536,2.2545668927267455,2.037426929049231,2.259531274340753,2.1211974105118445,2.23014900468741,2.32091735214018,2.159821295674008,1.7728711039982543,2.285839712729088,2.1405643617748598,2.3017344855360946,2.206437460692067,2.4193228148796058,2.229568126659606,4.493705735697198,1.524080294659251,1.8071401809959031,1.8634439964138494,3.9578654615994977,2.0269405363396578,1.9690701691258143,1.3760354586565537,0.8634332701640801,1.3539487337251987,1.2040331702300828,1.3294728636189208,2.426989716819353,1.564963963420077,2.171470776501293,1.295868581799965,1.4103665752758179,1.6522343118006266,2.028388410763189,2.2468502243571784,1.9733059288088683,1.7733099935227845,1.6203171533092555,2.041475751136818,2.6812165908954375,2.092133951094548,2.4428987635733375,0.7416922999106911,1.9894880598782023,2.137389359130115,1.8086580378451653,3.8439461227631235,2.196938708706878,0.9817962330990654,2.5257641908975246,1.505815392301841,0.9245823569992522,2.2695375404252527,1.8481404423604417,1.75382161843018,1.945597981478441,2.050894886400737,1.8572031031639242,2.7620676041256216,2.7967956492336676,2.6609574099582916,0.9198864324521941,2.1824699116333095,2.356461663030909,1.2439792839544137,1.2345995215258452,1.6604992137944163,2.2302793584302476,5.416982103071445,1.3560891487926157,1.7537244184941287,4.8056638320234075,1.4744486149913263,2.832174795756058,3.1267064292636864,1.7830806629965263,1.4821259347379416,3.4399233814645775,0.9326779447226929,1.9209570270106922,2.070576224778754,2.3377070275771388,1.253692813386124,1.9992854325295353,1.9724794480456185,1.0235982448994787,1.2370443609877637,1.133369033898324,1.9861575327921999,1.9412444714843897,2.020496960283595,2.1847351651334828,2.14091240676431,1.5187004146568879,0.9770156587496877,2.1586310572769736,1.0953441796514023,3.2132294405935258,1.8415515407366034,1.829844397884865,2.4268433608807545,1.719130611267049,1.5998339902024183,2.1918002861266146,1.448065397835289,1.705696051600436,1.2096069003387262,1.9912689706132738,2.167955627631523,1.7607539807828818,1.7970890960346622,1.989412322836626,2.3285462285188943
CHI:29,1.0993167618726007,0.8755841108078408,1.399513083782008,0.8332722437239398,0.9582684758137141,1.4155536873712324,1.1875674193315748,2.345093571204016,1.337011153170841,1.0271617927889913,0.8243347408971917,1.1917285883924196,2.058739534055093,0.9866415752153842,0.8603407539262722,0.8499623949707715,0.883977176768154,0.7722025570190452,0.8763521981670129,0.9269607710536946,1.0192818339263783,1.0455374189612967,0.537787043292611,1.1694976506269907,0.44325027423931807,0.6204876963577552,0.423939308987571,1.6784235811579553,0.0,1.0134787514972519,1.055080222066539,2.9349476554044966,1.7477435018202052,1.8085969700371545,1.2998003141335004,1.3625634711900518,1.943979370746854,0.63573362644294,0.9578465987547748,1.296206989491605,1.4101214729164961,0.5978521029682468,0.7602570121091725,0.5925556671084525,0.8645654621745537,0.7523486612702525,1.9197326777996497,0.9859999443682539,0.7986798134273467,1.9997092696539733,3.6207280200022374,1.036235121236751,1.0277908731551653,3.950075170390209,3.625896381575031,0.9708294600665939,1.795652275556442,0.7097695446478228,0.7757900742628457,0.7901477706651444,1.0975457598326037,0.9513399073151291,0.7830622045938406,0.9501013855029454,0.9381755284332959,0.8181593728791078,0.7840833709983547,0.7793502331434222,0.8441186155660438,0.9400615584616063,0.711705792387148,1.1485110343522733,0.8611969058539004,1.199821460910206,0.9758127442446224,4.3425467168654786,1.1696815176300934,0.9077105180983239,0.9244770225477007,3.383430422123858,1.0156585950294097,0.8538202701332661,1.7854916152928733,1.6843064042693248,0.9739415644210662,1.2764234775100818,1.3536168955625032,1.385176019253508,1.1738112790522268,1.0626566002100695,0.8053946301624261,0.9005529242513545,0.8637897281311049,0.8191364194338163,0.9083694469616068,0.8120942318725235,0.89099566611809,0.6784485067164125,0.8801614473448081,1.8995727711513357,0.7403228424259721,1.188058613702579,1.4367895142513014,0.6768585074446655,0.7356268799020218,0.6114516733433171,3.1664309799956505,0.7741295642049799,1.2818379338934516,1.386822293359835,0.9109628194190482,1.3941442953501415,1.0448325188439347,0.7086223391230169,0.6357016647166381,0.7331304185251335,1.3658961621624714,1.3412697625256356,2.020517336813586,1.8995734382383107,1.3383391034855736,1.3962903363411536,1.2086624458737676,1.4773324828654075,0.8039606242669299,0.9675647974753666,0.6440010649578608,1.4125129032705457,4.567886658753916,0.7637594985810909,1.1610660022726687,4.088873880057591,1.6844586089034366,2.2574576565191977,2.381445418236853,0.7949567908551931,1.0794475381654827,2.781312671584659,1.23942699267337,0.652831929224862,1.071445653248415,1.3743917587848808,2.2966149308354677,0.7887766575744455,0.6928094637995922,1.3121477847061962,0.8534502469967306,1.0181857026812875,0.8873984433695705,0.7419858816541708,0.8472523985870374,0.8311800673688002,0.9938866343489365,0.8847473999673514,2.1217313480894484,1.3613237452254883,0.9541634370586666,2.512453483641901,0.7297260570913208,1.2218746444266189,1.1316938160634207,0.7571942584673431,0.8898538996124055,0.999815485753206,1.1630764957590494,0.9613881004847834,1.0603064616232316,0.9255432450228301,1.0837392733562472,0.7191399057793182,0.6051789960402326,0.8306939861047268,1.0463317480321117
CHI:30,1.2586284032838824,1.2068247992533294,1.2862574173523815,1.0431871999970668,1.368609411825204,1.6924822424745927,1.3796981398316261,2.453847881794396,1.6975883925293151,1.4612864399913517,1.3628191692029996,1.4399346116341734,1.3604266834943302,1.3982909398526726,1.3665774973675877,1.3951340730757444,1.2693411098660803,1.1970359717771986,1.268905540557245,1.2645510531084752,1.4501074769816829,1.515880320263015,1.0198859577592831,1.5664326129382018,0.9768561349709735,1.4007378791959504,1.175469047570124,1.8347734151094743,1.0134787514972519,0.0,0.9980959778867331,3.056166712702488,1.7598412080582533,2.198248680655932,1.238221148095595,1.7364873171517528,2.3381509039528994,1.204485194919188,1.1298604245098152,1.1887421606846316,1.3518055678325986,1.062826564996962,1.328297937881326,1.1329408207743135,1.46200736096306,1.2238894402849172,1.5098008264115084,1.6560413285680373,1.4738545438662878,1.5864847634507242,2.985087885857122,1.2814599449730697,1.5797176233160033,3.392118433941641,2.9869929803541893,1.280367924479462,1.2062219196603507,0.9197300419911197,1.2056501850747108,1.2923034895581957,0.6379294531393694,1.4020307023810088,1.1408073556064848,1.2443494132339916,1.05213009290703,1.2349700528193788,1.5010226743258146,1.5379445984622326,1.335850975442497,1.2391482003972252,1.3989714651870375,1.3599195064055318,1.5528370637930062,1.1200199966769881,1.318748661201337,3.645480055011421,1.433153063200657,1.4943351654596666,1.387287504593895,2.737908463950253,1.6544360996782654,1.5054224998158587,1.6116012109364126,1.8841204181333988,1.1270063021129249,1.4528238985520585,1.5393282414137073,1.0231013284675583,1.1687819710339862,0.8433652232603992,1.0672279958561508,1.4790249653818206,0.6023405301247513,1.3279288785228383,1.2145394462913353,1.3523920337243067,1.4991434101992902,1.2971746205904526,1.5004657414588185,1.3862998886258384,1.2709874973633077,1.1532684103374695,1.5802298684987137,1.006681870186069,1.197179295388143,1.3266362159298757,2.5344370566574392,1.093521653274365,1.6627866787968568,1.1483379156964264,1.302031756331738,1.8114936901501009,1.6085635371499702,1.3824752501024733,1.3033278444286294,1.19230783436303,1.4708619845786282,1.0356433014709778,1.4069727563083478,1.4351862550398329,1.7474631699761365,1.6377217514953013,0.9058904943082152,0.9304784351982874,1.1636038287677717,1.2464469663813114,1.3191089832930478,1.0442745241814178,4.036457194738476,1.0674730323006498,1.4320214119561474,3.5073416380344145,1.8014485217772873,1.5425186272494598,1.798592494062196,1.3782294836590154,1.5499342919794041,2.181743906801447,1.6217076260098489,1.0628920072589338,1.7494232152894333,0.9289371664816675,2.587476245079288,1.320340880002653,1.174237542988302,1.6244616398758094,1.1786953529751705,1.3638111983686607,1.5404421421719967,1.4065999979693389,1.4957141669496667,1.262749433560376,1.5905419572015003,1.5278732749099762,2.3794975408044583,1.1639107790787024,1.4221565322600744,1.9313821153059314,1.341684357478875,1.075012416220588,1.7369056919971506,1.3635444369267515,1.103892894491731,1.657869928258322,1.1271093641529681,1.366310536670315,1.561658624767771,1.539830368791231,1.6129438504932074,1.33917519637264,1.052930483072156,1.0754601431713364,1.5849181586203385
CHI:31,1.1714714507659592,1.323057081874515,1.232458556942615,1.0065138519458663,1.0722231516521075,1.3333961343221266,1.0023704312266786,1.8442540375282612,1.7925931729189848,1.575253309754624,1.2789465178308959,1.6314678829278522,1.9013512878076946,1.2803322899924359,1.3592634593736588,1.148696784676115,1.5030459583285598,1.3116021026262934,1.2802718761956775,1.234892658750736,1.010520912612166,1.1245802450557558,1.0237704465705517,1.0156215063729697,1.0279851568734997,1.1989005932968153,1.1103813138041823,1.1721648754980252,1.055080222066539,0.9980959778867331,0.0,2.384892333707738,1.369274910051402,1.682724508148965,1.386797751816084,1.980086775139216,2.0349883125665285,1.3100175022286942,1.3274468022853436,1.7373559557315015,1.2831716412704355,1.2971908767304918,1.4035226754696633,1.2389800452964363,1.3556140873449878,1.513498949335414,1.931957547598993,1.5681106323921516,1.6601986641050954,1.8699299524778865,3.468577612124999,1.650652374491082,1.8920737969193635,3.98416094660223,3.5866343127182794,1.407262782522066,1.4083300125511193,0.9874732597023798,0.7164687323903417,1.1058030833126336,1.1149190578898138,1.5335537032450481,1.2870763141584354,1.4442723165146305,1.2988877310147828,1.4948813453795475,1.7078246604718057,1.7137548204849977,1.2987335016836583,1.519183167136003,1.5217920071787618,1.6292265491855165,1.621371632678164,1.7175870993961602,1.5526000187567213,4.029548736540595,1.2299117441828562,1.2545804651237278,1.3721189091711279,3.3221816303075555,1.4746437895676567,1.463674273916443,1.214235112467666,1.3552530849374205,0.696158660137248,0.8551975546632034,0.8938022552785294,1.7467887572980323,1.2478385744861251,1.4727781718998387,0.6097450925553017,1.1694882574553604,0.8535286353536348,1.4874615743810682,1.5681393895914013,1.4385898453190056,1.2584427443489454,1.0844833422868632,1.5264591928371463,1.989765562698029,1.4162373831769204,1.7502354581220498,1.149481639295223,1.2597898480313419,1.3502664914700584,1.2768411520858411,3.215041258381553,1.4921959824984738,1.1855126747363571,1.7992046142033897,0.8584973097997611,1.2195443520123896,1.6952380998668448,1.3222106046860105,1.2427763955094377,1.2792828347614817,1.3404756658090151,1.0923496688034668,2.092283518637346,2.139984723116519,1.968207096591304,1.164578169361965,1.4939791839024064,1.5746586142941699,0.6145415773366211,1.0317778780245888,1.0874751664731177,1.5738574873190037,4.721402764400176,0.6371435401755594,1.4129327882648315,4.147241421828892,1.3180343102540442,2.2161549383831516,2.468200473224259,1.2334613255017701,1.2781615111627551,2.8077473867174434,0.9995538715606529,1.2861493987907613,1.6069391049217416,1.5275538022285386,1.8837319514697128,1.4425636146849405,1.299783298589679,1.056958917947649,0.885266368826244,0.8990009268582608,1.3870788167694534,1.3186629651449102,1.4257932568666338,1.550199417422529,1.6065377502733262,1.2365827139837722,1.6289669752528895,1.3824345459552068,0.9079917036481967,2.581599748835487,1.3133318734337616,1.3975906960369886,1.8349689262578013,1.203531743151896,0.8472051072170717,1.670827960288014,0.7679476372852259,1.0099050050463985,1.227698686979332,1.4545948509420663,1.527213091085894,1.157006984997673,1.25011442237522,1.2275705031234039,1.7414732204630756
CHI:32,2.515085537768403,3.02165643368401,2.140778140458394,2.6268675731421967,2.713766366088646,2.2862267041775843,2.3222241776156682,1.258500528333077,3.5790490699023985,3.3331723327394953,3.0557260088323237,3.3944690097604164,3.491716343098307,2.864983662039341,3.1104380253999966,2.73614646504208,3.413221386011431,3.1594066882940353,3.103749233651966,3.100318764845207,2.562126855438375,2.5700221374047674,2.9890533742428196,2.342498504089489,2.9514204883197,2.861698414488435,2.861033543669438,1.5755195510908313,2.9349476554044966,3.056166712702488,2.384892333707738,0.0,1.7658364401858582,2.400121593362799,2.494940055783123,3.2200499841672996,3.162298681840749,2.8304222356414988,2.701801854221987,3.333138496968143,2.1748434684103057,2.8769362003748924,2.9466252874636445,3.056638089879648,3.0683655806678107,3.328162732390878,3.8315657968501142,3.179936754958593,3.4036369574430663,3.434778666416529,4.979006566071337,3.5728547746078396,3.7716923796093282,5.3751694787562805,5.262758195129265,3.327009714371769,3.281651254328039,3.046901933498074,2.6065393758284623,2.9543955572455554,3.337947199362862,3.4062104811562364,3.2253353489134065,3.4295817442183787,3.3167572607546605,3.369958373446305,3.5456133531253933,3.4159280214751635,2.881084455879653,3.4621394759105515,3.3042784838097004,3.4716605386621344,3.3567792968304664,3.692629659566159,3.426914967798469,5.2366509754331245,2.4324834014588195,2.9506514941344033,2.995812743217575,4.858017633566072,3.126641261488276,3.0419987431980395,2.124019733595242,1.6655251065812715,2.561492612346983,2.3425616175836033,2.389843982149233,3.5437251910203518,2.850368781937964,3.295714406331313,2.5190481986058515,2.5195896546952055,2.866769623796355,3.140079934192001,3.4147353396544307,3.069251238532694,2.9139774529911184,2.8063419796376974,3.1421444094927926,3.790911129543809,3.250077358850253,3.533935558669027,1.7625983527246016,3.190586456988891,3.288371727677756,2.995842487690452,4.735575755234995,3.3529324832410814,1.972738502574047,3.6363988716776663,2.6505362434838786,1.9434170764127148,3.3691792420009,2.9481960625355916,2.9115089019772418,3.150624241979871,3.1584163850359688,2.9377928610994366,3.7729162303280828,3.822496514562252,3.75949154085073,1.9188729465122767,3.3115569178470534,3.414015686245343,2.4877281169176166,2.409043643773492,2.8142874133561917,3.35783059483793,6.352076866746132,2.602285567438271,2.8308153620068714,5.714892426137969,2.583011352493848,3.9560714568259936,4.128526294172849,2.9411520450266893,2.5226156947147493,4.363244539849618,2.063238647984693,3.0947730169639938,3.147289347906016,3.467390936483231,1.2313639154443106,3.139040183734718,3.1079169634648878,1.8959869602721613,2.4555108534461745,2.361313458231048,3.0942600256762303,3.0630622774562317,3.1836027074462634,3.267232719488631,3.2303120254843907,2.6367139527291603,1.4093726258984072,3.3395761170877183,2.308677459614251,4.179802715749779,3.0410853077344395,2.7659652205960956,3.5150532668177,2.9057511395767825,2.8107452484900044,3.2332264146545135,2.5015842037321736,2.815388324927791,2.332488575529916,3.141511852871078,3.295298654222461,2.913667589814372,3.01674653961081,3.188004199748703,3.4053542892298894
CHI:33,1.6258113039032511,2.012632438432441,1.1260564817753393,1.630086042951025,1.7979521111210677,1.48289181479022,1.2900592682569476,1.463157168728091,2.623393591289224,2.344679716149497,2.0288130049382485,2.306976565407827,2.378880552864831,1.92040645706233,2.0987393164898878,1.805058420838913,2.3204211383585656,2.1145887966148127,2.101461240276369,2.0933982580234316,1.6651699424089126,1.6962123992641207,1.90290087730229,1.5526176393871527,1.8354942884736047,1.865091409480827,1.723133578965884,1.1908808058033469,1.7477435018202052,1.7598412080582533,1.369274910051402,1.7658364401858582,0.0,1.7566465478025033,1.1344221891473703,2.0141897217078584,2.2053020233362943,1.7154695977450602,1.571629978543924,2.1097440909993783,1.3711801298230633,1.657726385019374,1.825347484160572,1.9203905240077332,2.0767094088931137,2.1334194680627787,2.521144745749163,2.201751769345164,2.2651196852209097,2.2245953715248223,3.705966834286665,2.384592257383098,2.592518900742643,4.181040905395769,3.9078520621902064,2.284303550759204,2.1246579779285257,1.909917042316653,1.5855317679777396,1.9157967281631032,2.0312517343783774,2.3465696709635955,2.1405723479104357,2.3306328630499578,2.2348479319953514,2.2397052836842763,2.397460463074244,2.2998258559025286,1.8631909732528582,2.295576109780552,2.18914590827598,2.350982915366211,2.2753603234755526,2.470023621822252,2.295979384041996,4.246787925046461,1.4687253158962057,2.0521017903387464,1.9744359822282243,3.602462590441137,2.209759448155613,2.016540478102863,1.1965773425574788,1.0158384853442322,1.5849755961876115,1.593346316860261,1.7190460458574224,2.07330413930664,1.7268653244972634,1.8732474281108586,1.588699413906306,1.731019576305853,1.5905876915967123,1.98100834033782,2.037588832757245,1.931485221480617,2.0962469695938784,1.8324871037371822,2.082354827043517,2.3791207703438864,2.1004628858791574,2.198643766143449,0.959355956993368,2.008813558166655,2.0845772640380433,1.8930264512786354,3.402843386179198,2.0592380376236314,1.4277640567477314,2.1986153388401544,1.8786442627286173,1.3552661069268808,2.35798732481459,1.9189538464876414,1.8709473360897693,2.0793050029261257,2.1850047720509003,1.84646949418322,2.392327274405621,2.3680293281974154,2.7922296961559865,1.27219546627241,1.8999732270677008,2.093423295875558,1.4936725273889768,1.469524649013794,1.8310597309323595,2.110646222787659,5.115386922649113,1.5665673602579409,1.7338447318881254,4.425580790509419,2.1466384091909796,2.703175174918792,2.776776265121737,1.981467203738541,1.740698756245042,3.0209724725724496,1.3212598454201845,1.8189319985988275,2.2757767446721537,2.1343613597528153,1.4848093576152848,2.0328930161751706,2.0283066690886677,1.1930008610673362,1.3812209583250987,1.5234249128511632,2.144817323075577,2.044315116473744,2.27754981790621,2.0320863490134458,2.180682989160808,1.8235863363277676,1.3688859330781962,2.1402018878352176,1.4644194618229593,2.8034877569587886,2.0275281866987847,1.4534930898887262,2.4965112293061753,1.9207389427032697,1.8838338916941524,2.251476145600246,1.4484950118226267,1.8649569676009652,1.5345143050917573,2.215145925609467,2.361591420677672,1.8919102968187198,1.8556318726364438,1.9528203057324183,2.3570931895957483
CHI:34,1.906086772731128,1.8619836044789717,1.9739415248722343,1.8037379276799976,1.7485280115547897,1.7224493320856546,1.5418880306382194,2.168084389326277,2.1779140649677626,1.9280287153953497,1.65387220164589,2.052186724104439,2.85579879933203,1.738403361774306,1.8478106059411565,1.431067203881311,2.1167777638278285,1.9857343839472088,1.9431916172406076,2.0122456503219452,1.3129794392857566,1.435988753183734,1.8807023919924788,1.3341839441429737,1.830807839085733,1.4374480427397944,1.6061331549658466,1.625116831911138,1.8085969700371545,2.198248680655932,1.682724508148965,2.400121593362799,1.7566465478025033,0.0,1.8689058312834907,2.095087270110235,1.3419568419262478,1.8701671891969969,1.8874779254950753,2.605317838870719,2.1117179895239526,1.9269487819715185,1.7959509729099015,1.7645272721076584,1.519974122184094,2.06952844809242,3.0711668240948704,1.6047039919702473,1.9945573116284683,2.7203986131435918,4.376257415398071,2.2600767836763067,2.3453961670209913,4.811381441944647,4.453232180543584,2.0109889996215435,2.6075187956010524,1.8636799341819867,1.4013368701048856,1.5837755543021865,2.357392599244823,2.0476235865313908,2.0870871035498273,2.1887113467634265,2.255608118994952,2.1105231410405634,2.1205265093077785,1.9477413810718007,1.5704093569075492,2.0445270713946426,1.9581214009301633,2.2265740923792867,1.7872740814175103,2.469168722798296,2.0021981004238754,4.821908776485385,1.6280763179131013,1.6680058188221243,1.8362585027549652,4.145156503709439,1.7596404748754724,1.6782309290891906,1.8942220158934167,1.6973630766815666,1.7104058395745458,1.4051472994976275,1.7620043599463808,2.54310170643994,1.824226281587919,2.224226449581651,1.6032796616935234,1.6522906441093577,1.8516923653586905,1.904984790504642,2.0034274157768204,1.8065821067836774,1.7033985164726266,1.4894028768453251,1.8895100577084827,2.758801211173219,1.9010793223513234,2.3494478445357494,1.7052548888584729,1.9504417334294033,1.9574643893199828,1.6465789381121712,4.030335526625726,2.0857870975053783,1.6646735124127972,2.416716433224458,1.680381672951736,1.4288612246755819,1.989171090119499,1.6970944944861384,1.7258262240068316,1.7287063065145711,1.7361053250167937,1.925671209993472,2.904771486042112,2.909130479141469,2.4016221836906535,1.8470754382086945,2.2465272001588406,2.5100148755065126,1.6659002936250193,1.699464416257755,1.477211989109965,2.392828282217945,5.60418264129291,1.656588336500851,1.785980535748349,5.054698883020972,1.6511573889334838,3.2472459527771056,3.2837578725244345,1.753588792404821,1.7502545549748698,3.5319266887434377,1.4430730521069839,1.704264550509321,1.8019074509240691,2.3134266573478666,1.760834162372284,1.6858919314073277,1.8091609607385062,1.5859594908471841,1.4755150067008198,1.6374184105482898,1.8047112996246482,1.6865256613866182,1.9554782310793988,1.9200348798179365,1.8748932725385512,1.6928584325662739,1.5562469834275163,2.3762269391160027,1.4792325034233613,3.4139996493685953,1.8551780032970075,1.8795212876270508,2.149932039624733,1.7456387973867027,1.6664958560505545,1.8368973795005201,1.6544587071298396,1.4289469640143817,1.7989522238970803,1.8904455199820895,1.96035731330351,1.6413686861072299,1.8134265352941634,1.7563472225530568,2.054844572861182
CHI:35,1.5675455712155513,1.6786442157515666,1.1197912108210284,1.355685393949342,1.7359348768486895,1.754332673804768,1.4639504216793675,2.1638602448287236,2.1948931803752254,1.820363062960944,1.7297136405538842,1.7039064817578888,1.780567131256683,1.8202757408749273,1.845133649632461,1.659598241670719,1.8463007260266238,1.7540626940727486,1.8633844007263758,1.9153173013527454,1.7145550285193891,1.7471097898940273,1.607165839596121,1.69776665038536,1.4974659441829274,1.5693280162556915,1.2892747812569918,1.4440696138931592,1.2998003141335004,1.238221148095595,1.386797751816084,2.494940055783123,1.1344221891473703,1.8689058312834907,0.0,1.423282421554724,1.9377945892931936,1.2438114866131273,1.133563023825331,1.4067556338559106,1.1093492138346466,1.0104919544145399,1.550598529864184,1.5010314577967685,1.6699777689898476,1.5572427744131936,2.0036960427953256,1.7974179207849426,1.6992792505665992,1.6799738465861238,3.2360344215870835,1.7759852530498619,2.0134041090895667,3.570983456982687,3.3561081175639544,1.8304151421176422,1.8410171826663049,1.6286818321650793,1.4860599924299556,1.7564502387856458,1.589105130392753,1.9990863379453496,1.8156934014603083,1.8952274351773268,1.7980628090113,1.8386984784727654,1.8802168151463694,1.6649226936273411,1.4366833098970468,1.7480361888189813,1.7998049820221584,1.7650208187166323,1.8285900374877841,1.699082114609813,1.693418362004609,3.731577086088266,1.5723254690493145,1.902226808075931,1.5134175784376824,2.9990638777605527,2.039950086860867,1.7387946651793627,1.284542977065969,1.5065306848254174,1.4959346383536025,1.5959498048584189,1.9018578781072628,1.4561633980114654,1.0454982425419508,1.251992589041982,1.4768521664807253,1.5083771174852265,1.1360138923823189,1.6219908145064668,1.5048027664239818,1.6547112165856843,1.8877162542763257,1.58026718156499,1.8367002604256693,1.7928671703223034,1.719433520208048,1.5681065890632537,1.1329852628760262,1.4642856362668506,1.6837697537676075,1.5723898044217501,2.814680054192689,1.5254883088270412,1.4335442913094205,1.5017761503679585,1.7326266278129565,1.494324999086796,2.0222745383031633,1.6612656945427193,1.5932473496169506,1.6515342914235214,1.7816032094907792,1.4313637202133809,1.76751168343327,1.7437063737701461,2.3352533478393185,1.4615172353519157,1.285474933933057,1.448751625988617,1.4173269590836484,1.3702794830324996,1.6058403362116038,1.5278789097255276,4.36211126054803,1.4588497829052969,1.1708780501265756,3.733155558240862,2.0132842167708014,1.987002085299247,2.2040183653213736,1.7791127490315826,1.6856381363214488,2.4071079427466957,1.4766673614335157,1.2761925228971176,2.0739582781617862,1.487433951376904,2.1868576608420827,1.5702719915043046,1.6234681578826142,1.551653028663185,1.1975152617268274,1.3355530708513335,1.9657351587755705,1.7616900108194051,1.928332721822125,1.5035624928895395,1.947253466694851,1.7177927873197496,1.947377218026668,1.619201716489648,1.4844702083084718,2.1745915226851995,1.7190995554183235,0.8284046575050449,2.1566575159356174,1.7279870073369932,1.6370133251957513,1.9409346368063138,1.2626536349057358,1.6716551022524226,1.4950702359891508,1.9413409793791143,2.155824644574481,1.6854726836716478,1.3228829951138799,1.467537477659638,2.0042976953714557
CHI:36,1.8154614224759422,1.6472257020055845,1.6199807235281949,1.521170254818478,1.945478615722221,2.0594343690631076,1.9210315054732323,2.8985752175653077,1.9042408714603913,1.5979875048739742,1.6267202393811684,1.4606443340486837,2.228510864532611,1.8844604807012084,1.724967448275108,1.6968950059206147,1.6298443711074375,1.6634174749346575,1.8982484111894877,1.9494127284048919,1.906509269702822,1.9323859939109909,1.672734081414347,2.040759029601447,1.521643287195055,1.612211717211892,1.3917486435444135,2.3287477554912646,1.3625634711900518,1.7364873171517528,1.980086775139216,3.2200499841672996,2.0141897217078584,2.095087270110235,1.423282421554724,0.0,2.1278681057861184,1.3054934145027433,1.0599436219816984,1.3017241960244492,1.9268753851182367,1.1391940172215347,1.3055030398462548,1.2888437191094342,1.5229126125798964,1.1663325150389325,2.3880442214604667,1.4234831877605072,1.2506146094430068,2.1035308954757914,3.5865794322720963,1.3992695988019945,1.4413238227996759,3.7102492798100184,3.542811839648259,1.6621054613047406,2.3823560321197106,1.6966505451827512,1.750600572429076,1.7455370781160053,1.9261694455703275,1.7784449733202878,1.813022013180187,1.7511814521599924,1.8023041268676767,1.581349268804912,1.4624001456737559,1.3057291910474222,1.1788049991994882,1.5175084592312174,1.4646273635669729,1.5502231281903929,1.3603637541652065,1.6143335812336417,1.3849110854497027,4.176660784041916,1.776660613207614,1.85782702763993,1.388723729300147,3.236653007383646,1.9111294186487964,1.5355097987524315,2.0691932996496973,2.207708304290057,1.873147567886023,2.056613381210968,2.3692209298052993,1.57602397147933,1.5862738759179702,1.3056593709647397,1.7759791185816467,1.555848100729117,1.5339075621695324,1.5274611274730256,1.4309981756767614,1.5370540427833868,1.8213609638726118,1.6085950409433674,1.714399669518493,2.110397638666873,1.5469170458289698,1.3655393431919862,1.8938081288110056,1.3723983945462555,1.5354359507299034,1.525318409374974,3.013713327167245,1.331111107996905,1.754091346492563,1.480483849788253,1.7925932485045388,1.978174141663746,1.7757551649623942,1.5291524389912095,1.575883679713212,1.5484786856502095,1.817802914938917,1.784276804784599,2.0036071283382046,1.8977263100223873,1.9138519761285107,1.9960583492185167,1.4941270879930084,1.6612611066893084,1.8125370805323056,1.7108447818683685,1.5895071453401224,1.6651424811585274,4.25208525904225,1.784692695093941,1.344183158476387,3.812923644112349,2.426824470021275,2.417528285449618,2.4433610309788873,1.7193859507820581,1.7484597063683243,2.5868166971318707,1.944204334022465,1.2157603099808132,1.869263542227328,1.6154817961618506,2.7342549488380334,1.3519419651860203,1.488980738520671,1.9786010790253425,1.5143876434415922,1.7819977290736895,1.8377359274580534,1.592586578912736,1.7404525197778307,1.2015065420063937,1.7757054863477553,1.7570853401759559,2.6595348306975906,1.9198462176357662,1.8128817284250933,2.380537278153455,1.6369539504273731,1.2298237238078478,1.8379560107369572,1.7635169464901108,1.7723637612163101,1.6456015784982028,1.6958062988252673,1.7547895451461928,1.830478672916121,1.8413594153809196,1.974735408433765,1.6447994106789166,1.3916092598632281,1.4815565528385743,1.652116801998717
CHI:37,2.567396734137683,2.3167294735079476,2.521025920773208,2.256777931624334,2.2703608029467977,2.5154591036306977,2.206343850496991,3.0654297949780265,2.3371142550935877,2.0085349120227076,1.9172813996240226,1.9166787047674074,2.76940515486453,2.315458650069477,2.218171377289288,1.956483187860541,2.274988613111601,2.2770762815899097,2.3370093091660697,2.4394527715035577,1.965275751213603,2.117341907021209,2.1920223094181686,2.0718683936404685,2.105422584900463,1.7632393414042784,1.8159214641142345,2.178096414438972,1.943979370746854,2.3381509039528994,2.0349883125665285,3.162298681840749,2.2053020233362943,1.3419568419262478,1.9377945892931936,2.1278681057861184,0.0,2.1757278039412866,2.252366874305727,2.5853211338370894,2.579214658988262,2.0618813434745387,2.1964314799742812,1.958006820132887,1.6298558051873502,2.067160490348221,2.6962914023218776,1.6050619591721882,1.9418051598129005,2.305984452328778,3.826507350887626,2.1920961251504143,2.253650475467726,4.2504339190862535,3.9229307179298707,2.124804124391512,2.5574713156004214,2.1659630823924703,1.7528521606660503,2.043988276946593,2.3130229522633643,2.319978997497697,2.3878913709449368,2.2955145253786906,2.3896780267323052,2.3664769074759873,2.1355615775411816,1.8752321724452545,1.745346557358187,2.0016637498427223,2.153039013206902,2.127318985443589,1.8467773790774573,2.298295164353788,1.8988531343866306,4.366008484259785,2.361932072586417,2.093566643055473,1.883840437381003,3.6683682877338546,2.111838308821871,1.9971810465857052,1.9117912022670176,2.408497736867019,1.9795008518070616,1.7688171335351663,2.2158969359478826,2.52053798924134,1.6053591099649944,2.2421497063731812,2.070346670084881,2.0765250221786293,1.9765030035391375,2.26596767221061,1.9389347019889447,2.2203506786844933,2.10359434561699,1.8921903640310282,2.325986146224656,2.526019789958487,2.1606842360130147,2.391059458941117,2.244681619961745,2.0565996246077076,2.057036557801047,1.9747624521815645,3.6613184464521957,2.186716017201857,2.200378099410773,2.2270663103327992,2.122909531959726,2.047596075072905,2.309707984587898,2.0644418701439506,2.154944515525586,1.9462403414115954,1.6825393631148737,2.042791307222251,2.7336050155351255,2.7640779587075337,2.6007376740617647,2.4476751942370987,2.2723633812226596,2.3962948208678867,1.9277073218677294,2.325129796916361,1.9137979445121696,2.4608383064514245,5.043607503796999,1.999277968293622,1.623286472305022,4.468837839510882,2.0285367749334022,3.0054772767731626,3.1587300265851406,2.1197504702345777,2.414739057517179,3.1250625172260427,1.9451519206525298,1.817472298348216,2.1811405489963294,2.263187264625274,2.6653549767976332,1.978432838146535,2.185690800589308,2.346067097091369,1.8009210352451233,1.8648797081842883,2.193313495819575,1.968509338918787,2.1743903886764677,2.02514880270723,2.2823298733666806,2.243363342452115,2.202991125866384,2.1061960703022713,2.011905377461437,3.053160740905818,2.184678008515933,2.09205402888525,2.38026598709888,2.1465191741590175,1.950359691603135,2.1640685033708453,1.7564211649068975,1.6719895489809264,2.3622726677566064,2.2273892070275694,2.3165826979482302,1.9654073562610883,2.075413354737443,1.8395075440381206,2.4030925914143726
CHI:38,0.9702576046833342,0.8975336388755454,1.2481129921156016,0.7627669665671056,0.9819105377356772,1.246750562624658,1.100660370189517,2.183446455175574,1.4801438959286959,1.2266920146435092,1.0771678522422814,1.418243140019266,2.149731810409269,1.0234745414828048,0.9790820207135226,0.9946343409562205,1.0538868548337523,0.956971282496574,1.0396764978252904,1.1090127004711827,1.1809729556502484,1.0597941573484702,0.8843387415512993,1.1842870777969523,0.7619870400340499,0.8254638651519316,0.6122660472212076,1.6411552294392704,0.63573362644294,1.204485194919188,1.3100175022286942,2.8304222356414988,1.7154695977450602,1.8701671891969969,1.2438114866131273,1.3054934145027433,2.1757278039412866,0.0,0.7643961836466661,1.2527030709694196,1.1635573263216583,0.5656972208554173,0.7253688250810046,0.7340465127745031,1.1305506038988289,0.999834040104424,2.2154597869905306,1.2193779079540739,0.9298337407775722,2.254840445850446,3.8315283510494953,1.353979810593387,1.2646389916059506,4.14229778513039,3.844938990179752,1.2439900142273321,2.067720736913883,1.0751275296543479,1.1503114359261766,1.0218021036199958,1.433126275485103,1.0906405932719208,0.9981316788552445,1.2863981220455163,1.201517556960955,0.988545748947567,0.9930279744748359,0.9094192967152628,0.9865436070474516,1.2599335692012381,0.8576558869530622,1.2845151030212956,1.0871545516807588,1.3935869888259718,1.2095714938454185,4.493235908005065,1.0593387797599583,1.12418496030005,1.0226731231035846,3.5491292627502147,1.2487001400374353,0.9870334997735376,1.9669738068891987,1.5684886906187634,1.3050751566011827,1.5507018796176215,1.563994384761244,1.3759191618823705,1.384164549585352,1.1233129064759129,1.0682123199024511,0.8876638726896113,1.0731007857111392,0.7862866107245001,1.1282655384715767,0.7866735873056606,1.0971297923496743,0.9041971657848469,0.8761724737152706,2.0276115857585015,0.926212133279833,1.188353914374562,1.3111984567911144,0.9332082016058346,1.0714219586680673,0.7621239087129262,3.2394651108235335,0.8938604158908879,1.1794082534596435,1.515269669702893,1.2112697771423344,1.3348032233946359,1.1369955023940135,0.8288706768551983,0.7008957325409946,1.0336396331035034,1.778375137433997,1.6055688363179668,2.1008353923420637,1.911142825050505,1.48650064014763,1.2134892348963704,1.2755761617692762,1.6370953342612138,1.0829402262864842,0.8021289968721073,0.9105759713365869,1.449772276111113,4.697544941283855,1.046909159258733,1.2636127744230985,4.221312290382643,1.8978614644208454,2.392842297358797,2.426918155305236,0.9446472032206346,0.8913633690715965,2.9051602507250656,1.2225518152318164,0.8582032615702659,1.2100335539190734,1.5687047326790786,2.2224681436675118,0.8870818136162829,0.87264018489097,1.2886199376368765,0.9549338447888969,1.1350575131175402,1.1108052941052815,1.024907114260816,1.0691142576164288,0.9618577144724775,1.0744899157006518,0.8279946872041437,2.1462859107219416,1.682203565316252,0.9836317814803575,2.610400046492351,0.7764202870934808,1.179823414043367,1.2505451290969691,0.8467104997711412,1.219338948909381,1.1000615793511381,1.465924038888022,1.3976416012896933,0.8360736678153607,1.0645893616358943,1.3010344675628487,0.9916764241202933,0.6308866261276015,1.1384244595714461,1.070695943829914
CHI:39,1.0029420130534694,1.1428021980629317,0.9316777507791393,0.8801338460528432,1.342508959562554,1.443249988360442,1.281785551500739,2.219899347537187,1.7008034446090734,1.4155765264025164,1.250471189522524,1.4478353567623587,1.8398268770961144,1.265595665802956,1.2536756171546983,1.168340113570144,1.2845112927258349,1.1852069830122813,1.3345983219694613,1.3762521428809473,1.3362091921636938,1.325054225203474,1.1360313296677598,1.440069601400763,0.9672809109025098,1.1899354817500187,0.9966380520340411,1.7267374773569546,0.9578465987547748,1.1298604245098152,1.3274468022853436,2.701801854221987,1.571629978543924,1.8874779254950753,1.133563023825331,1.0599436219816984,2.252366874305727,0.7643961836466661,0.0,1.047481428755773,1.2246494394517569,0.7418613672001885,0.8308920267641686,0.8601782460944681,1.2978404515701623,1.0613865746780706,2.1733029384577853,1.3989812622027153,1.1792202960540557,1.9769392850111531,3.5493977568814916,1.350039289416146,1.434753761093491,3.7760423826374043,3.560269832178841,1.3843864089234312,1.8802683985175612,1.1681857372932392,1.238465231155177,1.2456382227096958,1.4421313275049512,1.3601170326263154,1.280910848294036,1.4090786970510687,1.3905753619494974,1.1809478284613617,1.3166272707229851,1.2662365283388581,0.8427744451117413,1.3065452176381545,1.1522594850658658,1.421446518804896,1.2431599552792805,1.443091927541553,1.3068145857244244,4.112031932161076,1.1130963740202655,1.3807666508406977,1.1889689367917355,3.2021682707164483,1.5348496128066245,1.237342576162847,1.7436915546147962,1.6774622952017102,1.3084785129234269,1.581845535748998,1.6823228594902213,1.247496007673469,1.3421029254335533,0.9660256750937232,1.1315684218432034,1.0535693599841893,0.9372340775693847,1.1073211224719954,1.3074897719021539,1.0780323100809241,1.3431046488090157,1.151856765645722,1.2660452422440436,1.8276041139479622,1.1907799822363931,1.121791575544836,1.356752939740022,1.063836985594161,1.3110816477670573,1.1166596706463159,2.915891178186093,1.0569008736705792,1.2357136953892034,1.3480303560749274,1.2586098218845465,1.531382148855695,1.4679202166913883,1.1301918505333637,1.0817536945616644,1.1797399981132026,1.6862511263010351,1.4124753521913063,1.7579624575100814,1.6814655090237436,1.6991336104292567,1.3697035312217687,1.1287947096929034,1.3575179320946762,1.2626377105984075,1.0187475641009875,1.1299586433049817,1.1762355773842967,4.380267552317352,1.2476350552854105,1.306712133610894,3.906314058791587,1.9409999401015792,2.1331436597122297,2.1500933576715955,1.2127799148887342,1.1317661251726567,2.5542496015467955,1.4266915231967476,0.925854288405653,1.508400511677834,1.321290292875591,2.2154478841439116,1.0643934238174304,1.05057479137733,1.3386636435485877,1.0375777492424114,1.2680957602138245,1.409614880919815,1.2703411516485477,1.3856969548478903,1.0440968744200554,1.4061270443404423,1.1982309064209875,2.2143269904521787,1.6121481711155008,1.2609421819889108,2.2990878328221522,1.1411423734263748,0.9052271387360902,1.5982073971936306,1.244635185708977,1.2283629209088671,1.3978888188594307,1.3417719532322996,1.4368224485982646,1.2599347607565172,1.4377416913675554,1.5690608487171327,1.2473372376189646,0.9382958634832782,1.2426732598361705,1.3474029062953288
CHI:40,1.7210632980061094,1.6750983528126142,1.4946824479428356,1.3638359927023949,1.9286504403228277,2.207786264778229,1.9727926288690276,2.938606698467194,1.980577589461869,1.7158263969566747,1.7486548323242586,1.490549045961233,1.495208597586234,1.9350198280879864,1.7867842737554598,1.873900658320504,1.5245454113499173,1.5799859019766833,1.8082294333147966,1.8621492676492708,2.0625116248806785,2.0678164987637127,1.5519275980463303,2.1729935106828444,1.410729768025594,1.7657525894471242,1.4373001115614767,2.270815580934251,1.296206989491605,1.1887421606846316,1.7373559557315015,3.333138496968143,2.1097440909993783,2.605317838870719,1.4067556338559106,1.3017241960244492,2.5853211338370894,1.2527030709694196,1.047481428755773,0.0,1.6360906951740941,1.0651766595903613,1.5105110479322346,1.2741819024649226,1.7378816775394716,1.1146872525390505,1.7856283929505308,1.7621963665827356,1.3802291458793472,1.6402865324212512,2.9221964205402067,1.252229422305586,1.4534417202781293,3.182308211711716,2.943637728723885,1.5733929617992943,1.7595260411509206,1.5646062376678755,1.7630039143609848,1.864638078133423,1.301670623389946,1.72576809505822,1.6161978736567326,1.547490467418723,1.4594527802619093,1.4988239180920224,1.5001591649220136,1.4533033871214458,1.292583238319757,1.443028494716799,1.545965026018167,1.3568360121274554,1.6282289031815484,1.2308685376743584,1.3854796646861047,3.575881704556573,1.9437682434388206,1.988136761777746,1.4248320505297578,2.62906193231466,2.1032145892310123,1.8205137837454684,1.9660834165045737,2.351452368006935,1.7429752329535022,2.0698898150185663,2.186768660909417,1.033355861784065,1.4327019357958244,0.8798906042888023,1.693563921943357,1.5233056235651203,1.1350978960317752,1.6412536224423693,1.5404124738955096,1.6939897596176632,1.890822069428611,1.7358780085147045,1.843116369696639,1.569063629261444,1.5903283499035377,1.1070993870801247,1.9069883456402137,1.2027989478481835,1.6264872369289116,1.6492279264573955,2.3354493317713128,1.2751136665042204,1.7572300950124864,1.1373395470300862,1.773474732295202,2.0871679808497205,1.958152379788436,1.6904812329905858,1.652690659573497,1.6638774829341236,1.9566970940731625,1.614732301338753,1.3825055296251778,1.2848705692162334,1.931617508476283,1.9137811636410722,1.0693484294206639,1.0720134569477335,1.6738365162355526,1.6996827398486678,1.7495500489661038,1.0224368417478615,3.6068932897013353,1.7242311480527985,1.4102005445354096,3.1193881419911427,2.3728564929745324,1.583056026919015,1.7898196047348418,1.751541866143392,1.8204104918295287,2.0427918586007494,1.9664221616817175,1.3030509694375905,2.0861983328413167,1.2436757252892021,2.9488715290756775,1.5848293540882408,1.5669906800507956,2.0854504957042868,1.573013223982985,1.572245072788309,1.979237897051181,1.7918536403646523,1.7280437761696161,1.3477765863367202,2.0042029976979374,1.8592782793342428,2.8213425006570234,1.346144357967354,1.8838993298981146,1.6976296636140897,1.5991042352530025,1.2645900081309822,1.9939207185831762,1.796144301873477,1.6141320722654058,1.9384961992193395,1.6530737055209908,1.95214058601324,1.8479744327437428,1.9217807210760962,2.07362395980335,1.795705025281033,1.3324783775918825,1.5532861457999851,1.8340877837816194
CHI:41,1.0514503002939297,1.469023927678968,0.9478644805753472,1.0312221149132623,1.384675625789124,1.3175425133905858,1.176672687554295,1.5829472440620522,2.1086431278258226,1.8413390881343135,1.714072126883999,1.933761335931921,1.980901223469043,1.5595013415975234,1.6853529659561366,1.5645628313068527,1.7813301516934499,1.6167019524976378,1.6424689730267035,1.6491638391584662,1.573451553647988,1.4904137894267229,1.4974988596682535,1.4181783842493574,1.4339477807369534,1.6009759552824137,1.3860915158206952,1.1307390940690856,1.4101214729164961,1.3518055678325986,1.2831716412704355,2.1748434684103057,1.3711801298230633,2.1117179895239526,1.1093492138346466,1.9268753851182367,2.579214658988262,1.1635573263216583,1.2246494394517569,1.6360906951740941,0.0,1.198759799788656,1.5311959608637078,1.5508878586889034,1.7900144850340602,1.7877755472416619,2.3279830723815444,1.9675906012127993,1.8818426104157764,2.194569182761298,3.7723194939587197,2.025171063847527,2.191649939778029,4.122954262698688,3.889901682342369,1.8158242654414685,1.918444136623607,1.5976356256764221,1.551082336736291,1.6830748743648731,1.735952134274289,1.8905627455540046,1.630697831564106,1.8781149528005607,1.66554044523797,1.7867677509878244,2.0041818673450673,1.8993406995475948,1.6268216038214722,1.9323948684002394,1.7938432519743355,1.88806624608371,2.0010688694603163,1.8970501315578983,1.9138710992096912,4.178995734540359,1.299658683194098,1.739536988619193,1.5878069018498997,3.5289414860425676,1.9326547326655859,1.7480567376100402,1.645278361307973,1.2573534396104633,1.4641379303702446,1.6191766126165341,1.6449368136759468,1.8187892891793904,1.4827770902435902,1.6277739409137473,1.2688428488542969,1.321022465402509,1.3258359219801583,1.5620971225007059,1.8571616334282586,1.5758057099872944,1.6825413355042227,1.537188407449379,1.69950385978185,2.2089471024935294,1.708342171744707,1.7787286642878657,0.8816477162491418,1.6082087602159816,1.7923527558766128,1.5720807045392147,3.276056946281902,1.654582183121578,1.1134361429622754,1.9875088995212749,1.5253177385725376,1.3311755721900855,1.9026509351344878,1.5830767261928358,1.458531290915216,1.683315154605702,2.1010411070164485,1.6717069921740675,2.230256103985799,2.1469770104135737,2.196973768301439,0.9671538956438906,1.5940465229953285,1.8062757236067521,1.2756033243386145,0.94648679638661,1.5667708973080585,1.7118507781326697,4.773293424821736,1.319662919927189,1.5445485701810946,4.232562411080917,1.8738002731790981,2.3173407698032955,2.5115399546037445,1.6087262826631812,1.2884710150107492,2.994917506523942,1.2594426246932626,1.586333380329086,1.9361310214966008,1.8687530159780243,1.9701610400591598,1.6728373150730418,1.588041297941953,1.23319877680257,1.2460561937272645,1.2218302946429223,1.8236151911252465,1.7506908459573236,1.7619534019778489,1.7223045983913219,1.8494171991549209,1.3867786001762656,1.874162574510077,1.8605985470441184,1.23426690688248,2.6959580317693987,1.5263793010909734,1.3179185189671783,2.0667036312018507,1.5093665542348953,1.5617563500286697,1.8931293422050242,1.5094897817479365,1.7842560932852807,1.021937291343248,1.7271315380583987,1.9779596840133555,1.6286189535000417,1.3410949411786506,1.7141879914586806,1.8897294249250522
CHI:42,1.115509230390879,1.0267038278876484,1.1862302283895416,0.8343746632290372,1.188973983429654,1.4770093057069849,1.2546277233405665,2.3526551425064723,1.5712806795655134,1.2312944998237738,1.0839004767298233,1.292471121274007,1.9639901391065617,1.2046281509267325,1.1207742805123435,1.1072694939769714,1.0508599860832226,1.0155999512952039,1.1644952950928635,1.267594122868588,1.2914943271003376,1.2816404820188951,0.903842802641645,1.3769180133742178,0.7968666611692186,0.9674160433577623,0.598039941658265,1.6710512254466021,0.5978521029682468,1.062826564996962,1.2971908767304918,2.8769362003748924,1.657726385019374,1.9269487819715185,1.0104919544145399,1.1391940172215347,2.0618813434745387,0.5656972208554173,0.7418613672001885,1.0651766595903613,1.198759799788656,0.0,0.8224528994928569,0.7622236045448456,1.0969351266831597,0.7914415846046191,2.0749712399863594,1.2199528903071473,0.8675208549593153,1.9834432626347527,3.573592154219822,1.1042014064770056,1.2127169132297948,3.8598840354028825,3.594439714731967,1.1736796155461493,1.9193407764055301,1.033202841015659,1.1061647484089683,1.1616060999874853,1.3385515355080673,1.2041530766090545,1.0410535813843171,1.1777016590826526,1.126763416544715,1.0199718931247523,1.0209779358439357,0.8994776342659906,0.8923117925617183,1.1322769998859954,0.9532413132302521,1.271795230435604,1.0771251114264389,1.1801060019695453,1.1564914966179327,4.20369436124375,1.2021208381222297,1.244484799822283,1.0224418449156754,3.308982225268634,1.317355391559832,1.014037098169247,1.752798626914801,1.6676676426638248,1.160052893345832,1.4710738931453298,1.6153256605940598,1.3110553863133843,1.0792054522560768,0.9723400060367149,1.0782623725651532,0.9675056397717904,0.9446277477992363,0.9686534343903934,0.9755768554590257,0.9825053362460896,1.167269934463331,0.9759585730914142,1.0895972557282232,1.8766346614223348,0.9963146999527328,1.1453110734781402,1.3199535262015798,0.8298089986567568,1.031030321031846,0.8775269890036728,3.0494958988974363,0.867043543806423,1.2421583315700957,1.354905989489342,1.2074663381456945,1.4427964666815527,1.2692739923101297,0.9065378335822024,0.8592157934606716,0.9968456855876158,1.6398594221646217,1.5177923975671557,1.9344193124262496,1.7955762675057296,1.5278085750627253,1.367105033702131,1.1582981410954258,1.4266309832690383,1.0576931322064855,1.0129234282665376,0.9700963481263408,1.378375611427148,4.43284215966992,1.063318272918672,1.1111346892838132,3.9352690822998535,1.8632912619836084,2.145281630420607,2.3213838790253596,1.0340318591373634,1.2135978592358723,2.6919505896002045,1.318658819715236,0.7690276079381483,1.2983550476031713,1.4421158612127827,2.3191376584466226,0.9739323003980257,0.9469156998030778,1.385971559861083,0.8966588275213507,1.0835319835142623,1.22177549780464,1.04028045016162,1.1161281573660289,0.9219536077030567,1.2357052094813332,1.081058521831881,2.1775811035534822,1.4446406021118146,1.119381896358815,2.385767362473475,0.9242492467948477,1.0392165544969474,1.3426015710437635,1.0442079962260642,1.1808602355906201,1.208707028492727,1.3068782511453223,1.2975219016593893,1.1157345242430616,1.1916428071347707,1.384476121109785,1.0163372567030637,0.7101993271186914,1.1094720624328556,1.2346709163787475
CHI:43,0.8266314317768616,0.6749786786595416,1.3298797642893385,0.8390717610899124,0.9532810263686504,1.1856079528710954,1.099910465938757,2.300903997307303,1.3369217158463924,1.13890725850416,0.7882415996139202,1.4040470454706513,2.3410031480063616,0.7028367093198827,0.6775837604600807,0.7184074359615967,0.8633614571596072,0.7254719509906017,0.7978356474940975,0.8394457311875086,0.9238059747328675,0.8853840858686091,0.722796278634367,1.144256483668223,0.6102512606215027,0.7948561727914684,0.8044412128918561,1.9278655285901902,0.7602570121091725,1.328297937881326,1.4035226754696633,2.9466252874636445,1.825347484160572,1.7959509729099015,1.550598529864184,1.3055030398462548,2.1964314799742812,0.7253688250810046,0.8308920267641686,1.5105110479322346,1.5311959608637078,0.8224528994928569,0.0,0.5815260862743686,0.9755031716964114,0.8796489249226656,2.3940591585935516,1.1101276946151626,0.8830505733594776,2.3974124628541125,3.9592907739814374,1.195491190673745,1.112394791337054,4.217025951807077,3.915894625654018,1.066884998851303,2.118639230496839,0.8177354029961206,1.0244724420469429,0.770546628215075,1.5240588875121455,0.7895199047223975,0.7668385509339681,1.0418367419755779,1.0955669112298005,0.6526817697376808,0.9143750168601779,1.0289903957790028,0.9238738048658833,1.0684170047790187,0.5788723234786061,1.3484905796704296,0.8294329937203087,1.44995067497826,1.1882822034160807,4.636040459386658,0.8180572402667361,0.8431621124485587,1.0715171568585031,3.674380857141489,0.8702519912550807,0.5850846809782041,2.073127257186946,1.7452350399531935,1.251065423018509,1.5272311695299283,1.5133249949768974,1.5245454101466402,1.5831444126872716,1.1948172472428067,1.0267581709831104,1.0404114904261443,1.176792878882825,0.5889427849492298,0.942949449925646,0.46636014417277133,0.8672949899813873,0.7612099597597175,0.5853316738425363,2.131673807101068,0.6554359739285671,1.1680602110564748,1.5658596730598493,0.9157904264184744,0.8050959460260951,0.6299157810256707,3.361476250272977,0.7561668025345225,1.3997461534437792,1.5355690312532015,1.1105087021443736,1.571310058345864,0.781009659620214,0.49605657689299293,0.5630439556650194,0.776352809057769,1.6886932765687919,1.661704244616751,2.21933475772579,2.0329395132460726,1.1952948917123272,1.4843345420431289,1.3589539249573062,1.7056796819726576,1.1382286638886645,0.9758191967861612,0.68181182318639,1.594904051445686,4.78313378947566,1.0342501743892094,1.4162319512784767,4.333185380667266,1.9183027494647011,2.6061756034179693,2.548566478423249,0.7111122045020474,0.9906641038715208,3.018119196887565,1.3797522312202353,0.7884766615659209,0.8428344042703217,1.6239288493852737,2.277577727036162,0.7294949692263528,0.6336811622492682,1.2889388201380485,1.0288428418482316,1.3547113506915012,0.7354732416873478,0.6536819502033312,0.9106437343388059,0.7549062196571721,0.6846394998634311,0.8125058700294792,2.255436586447476,1.7595814363447262,1.0919260430720155,2.743708603529537,0.6726038705596379,1.2561627897948162,0.9004831114929669,0.7193663937659748,1.1332003966505613,0.7073401625901609,1.4728384220523925,1.1544190072756848,1.1442403697362913,0.8338955540473078,0.9307293666542921,0.693317581042343,0.755566567860918,1.0691848185631856,0.7008540295602597
CHI:44,1.0698634597515468,0.7332664624648361,1.4429605462003734,0.7435850203444381,0.9695190014996992,1.4406491425576342,1.2110879833252188,2.495666097164576,1.1015169518627808,0.8343217731268361,0.5965072435605665,0.9979249089691926,1.989741057521602,0.8772066695570571,0.6440109479361468,0.7538819212000736,0.611512392929474,0.6075058873469349,0.7825506090898738,0.8936449837565962,0.9884319939152852,1.011843705408676,0.649165893708971,1.2167444104634786,0.46365441570671057,0.7000426092910357,0.6433247834500622,1.8801411596654416,0.5925556671084525,1.1329408207743135,1.2389800452964363,3.056638089879648,1.9203905240077332,1.7645272721076584,1.5010314577967685,1.2888437191094342,1.958006820132887,0.7340465127745031,0.8601782460944681,1.2741819024649226,1.5508878586889034,0.7622236045448456,0.5815260862743686,0.0,0.6642900861508098,0.590320763501705,2.0725851707795395,0.7717748644497755,0.5654529341186291,2.049496102886586,3.6295590886010745,0.8939255325967733,0.8355698056730265,3.9359610319788305,3.5945865818575142,0.7317198959484555,1.8024864342027953,0.6941118195731696,0.9030420284517651,0.7485266651775621,1.2125378395494506,0.6709745784624438,0.7202284034700719,0.7984503218222837,0.831692000575552,0.5896433530813937,0.6708620336209173,0.7600502402306181,0.5713129046726769,0.6938131132809705,0.462580642086255,0.9370319664796021,0.5652191831801928,1.0700901774621725,0.7580955539325429,4.268592686801345,1.138361364004869,0.8121451566660352,0.7584946316636179,3.3578674250802596,0.9085543085434991,0.68631764240592,1.899574595876763,1.8877982898365997,1.0911864903555075,1.3616301948808598,1.4198939335225946,1.3579899239972328,1.2268513183374619,0.986942179007453,0.9219690599968392,0.8874144027266645,0.8702024553379689,0.764486856669941,0.863980058940175,0.6985432427743088,0.7584231739133259,0.6600599990754514,0.8266226425260487,1.829785760969896,0.5726814023047716,1.0032775641065965,1.6083371650945595,0.6134850289888027,0.731257524335797,0.5918413035537503,3.0882637578464864,0.6279424405224084,1.3451281983192949,1.2759688397788989,0.9568818629486487,1.557771885830956,0.8644675774675589,0.5834980429982246,0.6625968443769021,0.5872924691100249,1.3940983081388183,1.4228597098543396,1.9596905737782464,1.8224489318490242,1.0844192887031856,1.5272237094827619,1.128897684816999,1.449093382052147,0.9589704518373529,1.0612486947891435,0.6631430508722674,1.2744348186658205,4.443396076832711,0.9200570394888207,1.1329871247379986,4.000319798727692,1.6766998813232343,2.279033661620095,2.310017539030681,0.6265047418326782,1.0850647249201197,2.7170489761779226,1.3045016964709106,0.5736510052191923,0.9046622353399121,1.3466549947454332,2.431077620461506,0.6498752178012134,0.6528027365332841,1.4736398019414172,0.8781804502600447,1.0942165300706086,0.8144542811224352,0.6300416864686887,0.6993660299570996,0.6422794626599253,0.89689219101091,0.893886800447052,2.2812628980854535,1.341611578380445,1.0641986655442608,2.4504746762225875,0.5325763923756368,1.2365156297252173,0.956255076679954,0.6979830771605019,0.7907585886140526,0.8369603074712593,1.2614813229006012,0.9957934297040439,1.2336285403164198,0.80302354618034,0.9214171826151822,0.6618645878952871,0.625131216584338,0.8398602940780164,0.8190444111173694
CHI:45,1.389287649605126,0.9230004213879099,1.7618905571836263,1.0854462731978864,1.0877313040222458,1.627127888482099,1.3863613172190197,2.5934526761631593,0.9453560155933245,0.6109100101467182,0.5219600676442002,0.896936122451134,2.219683402911928,1.0481952864692143,0.8033621231120098,0.703350934808181,0.792745241281275,0.7924057130388152,0.9655721413475679,1.0841682891405966,0.9519631824833159,1.0567616293235502,0.9044990039409952,1.2090153223871745,0.7905057872759966,0.6452513710011444,0.8213592770631635,1.873579801894525,0.8645654621745537,1.46200736096306,1.3556140873449878,3.0683655806678107,2.0767094088931137,1.519974122184094,1.6699777689898476,1.5229126125798964,1.6298558051873502,1.1305506038988289,1.2978404515701623,1.7378816775394716,1.7900144850340602,1.0969351266831597,0.9755031716964114,0.6642900861508098,0.0,0.8841834442549024,2.2312639542996027,0.4994596141623839,0.8200229721187363,2.1778469989892906,3.8130885146880114,1.0452492675260936,1.0080820841050835,4.127675480168478,3.7783894196543892,0.675653783744918,1.998798902177706,0.9136524970142854,0.8570199634543981,0.7991099832150668,1.4756035770876295,0.9176261676259626,1.0284008511663123,0.8730237681970301,1.0541103753368566,0.9445298712729755,0.9032969905911127,0.8712713147602985,0.760395660503421,0.7747369112606128,0.784865075675605,0.9987332151077107,0.5776701538834964,1.2038750754266236,0.7144572720471998,4.35994497834755,1.379208336676936,0.7413525668119766,0.6917961373825076,3.565848009789797,0.8565765345776613,0.7610119720880263,1.9124927412313837,1.952385490821019,1.1932381513500707,1.2174007478034636,1.491844307904558,1.7797226858231645,1.1691740326274274,1.392437892747337,1.0000510334439405,0.9688155634620983,1.1607834300129947,1.0473745430357904,1.0355823292533761,1.0205326498050296,0.6909183738296267,0.5545711030932742,1.06192068156163,2.1013845491457794,0.8178314700860727,1.4256668227766038,1.7010612018339029,0.8070832376362113,0.874599362262842,0.7382575422017778,3.392596399252181,1.0310354084823963,1.4327107399206307,1.5680120970692832,0.9817921202838155,1.4869091625846715,0.9504221433103593,0.7710261210206794,0.8404727023489661,0.5728213666787338,1.1060096871139302,1.4245861862847427,2.2677672460331295,2.2105159417269316,1.2152314026299589,1.6706906109210604,1.485252916122197,1.7639012968550472,1.0297972517801373,1.2587985986877686,0.64845318252279,1.6141729971851624,4.674699387766659,0.9763676151946424,1.051996191100418,4.240079897397985,1.4198140421569323,2.5465718921676137,2.6514030493896996,0.7906823779608618,1.2425043189276814,2.9508968306628147,1.2854996764988638,0.7801448857800302,0.9017822513561485,1.5867961719921824,2.4504312037928737,0.7136993656016732,0.8502587600655827,1.5981982696786148,0.9362160371762771,1.1278514486762934,0.8659497938607176,0.6502345553766185,0.827349307565613,0.9057311686279722,1.0130088825718393,0.9875911582291775,2.1771201829523648,1.472651952861991,1.0953858540877173,2.724032868737932,0.7879308483026882,1.4549216890698076,1.0661389102401124,0.8243717771175622,0.7733157756068834,0.8723351638970555,1.2130583708379847,0.7514791799052682,1.3770348896539388,0.7761758410135038,0.9968261474775117,0.6546649562565131,0.8434233262864894,0.7993606325747665,1.0375273817594377
CHI:46,1.4192960909066268,1.0208421299369301,1.5818473875255317,1.0193431387424914,1.36148380287541,1.8137191580207936,1.5792293923480638,2.8366823910843357,1.2701671746715137,0.9906572284879891,0.9011165495973278,0.9189546920402346,1.9995055568508857,1.2836040329305667,1.018336381310601,1.1488907747953305,0.7441387106194544,0.8457061571893207,1.1178885454293186,1.2197238701413098,1.3915853709962793,1.4556998391085216,0.8920391340569722,1.6251551850899582,0.7691896410660464,1.0358232295000227,0.8745165419865344,2.1747753139201134,0.7523486612702525,1.2238894402849172,1.513498949335414,3.328162732390878,2.1334194680627787,2.06952844809242,1.5572427744131936,1.1663325150389325,2.067160490348221,0.999834040104424,1.0613865746780706,1.1146872525390505,1.7877755472416619,0.7914415846046191,0.8796489249226656,0.590320763501705,0.8841834442549024,0.0,2.0150781537123685,0.9406357293390288,0.6116974709220273,2.0178051549396407,3.4665915325220746,0.5282968399886284,0.6865764223679086,3.733380715921576,3.4212587277499416,0.768370065025204,1.911514107004368,0.8944624049902788,1.1379031092077148,1.1350725574519172,1.280651204568097,0.9399378407527108,0.9545359491578771,0.766627864342485,0.8486015118114871,0.7189327655424319,0.6849658914237459,0.7773832586088317,0.7798441587351803,0.6936936280865154,0.7431695034993087,0.9118885814886609,0.7376344603551765,0.9371612734203691,0.7435952190615858,4.13557021686904,1.5042973354945142,1.190881386662616,0.8483897224259017,3.236714311096336,1.215949106787819,0.9477213993447087,1.9953044793379127,2.154782942234168,1.3009104666928204,1.5780461284636589,1.7446645743320865,1.360040768922789,1.2712573628745438,0.9309868496551533,1.2401729910042352,1.0738991810898835,1.0458107242014087,1.0587282329840408,0.8578655552551564,1.07044441966343,1.093527927681937,0.9708312359402187,1.1347393273712036,1.8659549316436497,0.8009623576382838,1.0490004009847567,1.8141477397053036,0.49037813210820896,0.8213579410732932,0.892525639967204,2.999698027703621,0.7142848460662197,1.5550165431395004,1.226922538604793,1.216404834782825,1.7720006282704122,1.137253949291449,0.9030919694870311,0.9548569640791723,0.8877937698926797,1.4328539968409435,1.5372970649813102,1.930316837769718,1.8034958318152077,1.1974551020721,1.7805355414766988,1.158932402857418,1.4196345991169501,1.2156696746104074,1.4184955775203554,0.9789994924911449,1.3272566596972692,4.228943568177197,1.2065824764398974,1.1126324221431556,3.781413220809135,1.9016162180159604,2.1972923079881026,2.3243239986857858,1.0036182739603294,1.4418750610467563,2.611712178917613,1.589376691430918,0.6611253071841982,1.208373216818718,1.3780571783133027,2.712739006219511,0.891932409149547,0.8809283729409634,1.7764849236825824,1.1080372373886698,1.2782019078745892,1.13148785941541,0.8842120979691329,0.9232001993060697,0.7205082831895375,1.2096602175314581,1.2635199246227904,2.5231173931435427,1.281245613489655,1.3989031093331927,2.3089285626126412,0.8927746324382557,1.2748248707017757,1.1485333491176435,1.0952168949912955,1.0762776299835268,1.0958416062285925,1.3646263480151073,1.19937274429974,1.5375120090370973,1.10766329820602,1.236595705268935,0.9561653941919321,0.824922811975022,0.9515651123616593,1.0972860403325846
CHI:47,2.4703481189514482,2.3337170709422805,2.406191004913524,2.163945166721744,2.414776559036635,2.8229643984608432,2.490227299864782,3.3954375069829923,2.326756880241845,2.1156167105734993,2.217722316992011,1.8418470716278292,1.4180847451143237,2.535176218282453,2.346105730900581,2.427857711576406,2.158549309767243,2.1596570179291343,2.330196445323149,2.284817719514136,2.5261687561877144,2.59473239059023,2.1014456524607468,2.6414014909227266,1.9906843321133374,2.323813578124781,2.145192517800647,2.6966213712051386,1.9197326777996497,1.5098008264115084,1.931957547598993,3.8315657968501142,2.521144745749163,3.0711668240948704,2.0036960427953256,2.3880442214604667,2.6962914023218776,2.2154597869905306,2.1733029384577853,1.7856283929505308,2.3279830723815444,2.0749712399863594,2.3940591585935516,2.0725851707795395,2.2312639542996027,2.0150781537123685,0.0,2.295864723067873,2.2435114148094475,1.266041572788064,2.115516878911955,2.0185509949993703,2.130280914790337,2.5024673633070322,2.1304890458724905,2.0487944619676144,1.2278297565887146,2.007171494549219,2.1624541599202542,2.319989991765495,1.154285881129315,2.3370315071480645,2.2087583011338885,2.0096561814565583,1.942179275340268,2.2219904183112438,2.221704534898035,2.2705117001492483,2.196275485480118,1.8947296512821428,2.2710688598391546,1.7834661017688147,2.325180034565553,1.6659574424124801,1.8663186731322108,2.9224585995539156,2.659771198236878,2.4626986138309697,2.045503556881912,2.0294007897050617,2.605362946908853,2.507449675067201,2.103146455416161,2.8719456504130414,2.1241351949881717,2.397232547278363,2.499096833220615,1.4954488510371398,1.7810801624259405,1.579007592958008,2.1469326015256867,2.380252437285882,1.5299913299922785,2.310650274885353,1.9869887276119103,2.3752117960629437,2.484531528557891,2.3001744315002077,2.5261659296514756,1.2303474992199852,2.183201143526724,1.7739959717351832,2.5484951647808916,1.879317818438676,2.0500761338626385,2.2752482494657507,1.9511149166191972,1.9060496920402576,2.6106296167458516,1.4352843085398495,2.316462654401255,2.690733286600656,2.528495024114314,2.4034592299967,2.3415560399008566,2.1486940610118306,1.9737394843238816,1.5897318096613917,1.3349622921758701,1.4445534557192083,2.5497227989079745,2.6090354413539134,1.4617258638138064,1.283422508679643,2.005237105273825,2.401099099283146,2.3397585328046744,1.5041577092144631,3.193520384274334,2.0780461446837424,1.9214063344933894,2.6696893020634582,2.675393415672768,1.3728515967992239,1.5374102268840897,2.37721503046802,2.5869318230754645,1.6728597834974988,2.5084195879168836,1.9205492339073942,2.7294676751387206,1.3167642699673012,3.567716104521228,2.250304360987328,2.222555973769946,2.7403857740871977,2.1591699631086807,2.127383752277028,2.5172430197977054,2.360173304342175,2.359335567776382,2.055110057373656,2.569523344829991,2.5503899481055963,3.2063648843467334,1.2297546005361994,2.430374945349687,1.47550263947845,2.29623420268968,1.9628408664873889,2.600458949319548,2.3443892973711553,2.034375190312674,2.5940993500031486,1.8556347779559386,2.211866186724961,2.5324584017434115,2.4420584348742262,2.5819427383097486,2.319713593563967,2.0303303584385013,1.7941868679748494,2.5168492353780443
CHI:48,1.6058114406552786,1.1356570162906197,1.9086301785875655,1.2110771181453563,1.27021487555959,1.7527644918711227,1.5593997956621977,2.7564543088933755,1.082623497114063,0.7487556384636294,0.7281849072405416,0.9081516666000289,2.299240372906713,1.2425155129194652,0.946731406610828,0.9441259536341106,0.9863137071646495,1.023384219010009,1.1722843738876574,1.3147534444116065,1.1837614346493954,1.2583076069459378,1.1206297277131125,1.397798692192477,0.9786428446660609,0.8135365811923843,0.9420116935927241,2.0341177130367547,0.9859999443682539,1.6560413285680373,1.5681106323921516,3.179936754958593,2.201751769345164,1.6047039919702473,1.7974179207849426,1.4234831877605072,1.6050619591721882,1.2193779079540739,1.3989812622027153,1.7621963665827356,1.9675906012127993,1.2199528903071473,1.1101276946151626,0.7717748644497755,0.4994596141623839,0.9406357293390288,2.295864723067873,0.0,0.7448980058004369,2.2395477691705667,3.861147523123939,1.1621019533346255,0.9822688207131222,4.155239222672283,3.8262942622526577,0.9048548433616851,2.1522777197571044,1.161436787522316,1.1299869718215483,1.0150173605558674,1.6371719967432592,1.051135817319735,1.2341581018478922,1.1251747984948655,1.2632885785638996,1.089796378625411,0.8520725878016144,0.8121266351308145,0.7691427513306028,0.89351910201252,0.8331321546344238,1.0280875382429404,0.5466317554303235,1.3391464993677895,0.78274816846216,4.426882103501565,1.54216907568399,0.9488326991451098,0.8334411017773732,3.6078954476827088,0.9930586266026601,0.8613821112825011,2.0351828236058815,2.100247723788101,1.3637941607384971,1.4349066078564123,1.6741985242716437,1.825787915889705,1.3142854027054487,1.4633239406357812,1.2544293713584713,1.0778761998103403,1.3203922400470087,1.1916643574647556,1.1374832834649866,1.129109669160194,0.8902146689033754,0.8347781188335985,1.1903214150775583,2.147554984434956,0.9653679326028749,1.4569402349345077,1.8557994513827907,0.9982206171354786,1.01909081748008,0.8926205739241094,3.408393776036498,1.0991493373440147,1.5316767171200616,1.6236214401454212,1.1781747330314956,1.6348843131309017,1.0670715277940015,0.8944940229240975,1.0366036985442508,0.8153388538569742,1.315347290369232,1.6464786613393152,2.3270988341131815,2.245346977959382,1.2784962342852362,1.8143222468911677,1.5866860805446497,1.8607597269581662,1.1981646945499367,1.4568370347422848,0.8886056724668782,1.7050173909688013,4.653235299978504,1.2059986744947424,1.1499037415259163,4.235699611077661,1.6648715309449946,2.651827244255941,2.7015322309821133,0.9101872227835279,1.3895981665822714,2.9688623843088777,1.421813293895179,0.9207066322718782,0.987506378760392,1.7120316829759155,2.5742160427577274,0.8921002631267859,1.073071474871302,1.775197360815281,1.0714226382891248,1.2568630397654519,1.0322087735478034,0.8015895173118073,0.8808547267743358,0.9997535369545165,1.1398423237011175,1.13144189028538,2.3197794436530614,1.5774763954791455,1.2361068182073383,2.760669879699656,0.9204473689051834,1.6183288980222381,1.1220434706466118,0.9963983362414467,1.0309886921373044,0.9666670199031295,1.4103538996004046,1.0037598748360768,1.4984982369994644,0.9681663337998091,1.1085769536778733,0.8638080873791792,1.063858637459324,1.0351204201858084,1.1165939393913322
CHI:49,1.5142543137917555,1.071698148089229,1.8346896014226075,1.1605790950681014,1.3133434827556816,1.810812323089226,1.6135537222716592,2.8912797260890004,1.2130718059009402,0.9294545153006254,0.8785959726542801,1.062708428180157,2.2415053037496744,1.2362781542652594,0.9299761901414907,1.1097793890201042,0.7640815900900386,0.918371992378892,1.0911752933703531,1.2542966208234003,1.3766354188778398,1.3869646477132143,0.9814814626949954,1.5812757263321764,0.8647084602419617,0.9069860640944425,0.8032049793505356,2.1921797473730407,0.7986798134273467,1.4738545438662878,1.6601986641050954,3.4036369574430663,2.2651196852209097,1.9945573116284683,1.6992792505665992,1.2506146094430068,1.9418051598129005,0.9298337407775722,1.1792202960540557,1.3802291458793472,1.8818426104157764,0.8675208549593153,0.8830505733594776,0.5654529341186291,0.8200229721187363,0.6116974709220273,2.2435114148094475,0.7448980058004369,0.0,2.2160014633707457,3.7678353406944893,0.8940539301764165,0.6259590008236258,4.0095774186683455,3.7054536736170407,0.9490365211074085,2.14481224470516,1.0907498366580688,1.2743476363609094,1.098286526246235,1.5156212205625408,0.8667129221489165,0.9989462601524794,1.0131626253469923,1.0829123565694576,0.8111866322850456,0.43779613423602043,0.40954221517737127,0.7853356642095861,0.7941558660302044,0.5538045089144158,1.0287502908150172,0.4687203875266231,1.0794645928759088,0.8184560980965901,4.44628425602287,1.5305416293811573,1.0893765064324823,0.9453094929492217,3.4790758201647822,1.0579650466748034,0.8140241924905486,2.206796415224617,2.2162353340873047,1.4154942465851186,1.6796676001913915,1.7827584505860026,1.5482884281140914,1.3595296316427328,1.21657702703618,1.3480404374052737,1.1757648894400565,1.262745570652511,0.9869589807275007,0.896583060316918,0.9555536007409952,1.0086560746435156,0.9807617727894717,1.019963752741686,2.0106596007467066,0.80633027867702,1.1558786217891661,1.9345668191528516,0.8568040308386411,0.884417154765117,0.8205679849801717,3.214079661943732,0.7948468405834827,1.6428034938302345,1.4075703937721031,1.3019612540646888,1.8542249442507102,0.9724955598203163,0.8229698534109035,0.951769959193,0.8182473523243738,1.6098298001033886,1.7845495363106967,2.1656086457521644,1.9905867017151648,1.0850466387555704,1.8764252589051555,1.3961568282651016,1.6837252171314978,1.3169454926888098,1.4468345573823522,0.9796412551532933,1.5614568065915548,4.439824450133493,1.2956737366904478,1.2797870588039846,4.037697150612362,1.954743619835534,2.439860121722942,2.509657347347114,0.9058558224676463,1.4385495219065338,2.845972874969884,1.6321802698013257,0.807060080779053,0.9935746603714943,1.5995808766681137,2.7536085725524444,0.8509540434505455,0.9506015533251401,1.8497852299522772,1.2054890134573661,1.3899047083161484,1.0231621547866114,0.8236751203589585,0.7953448433856973,0.7874908306819024,1.0576857499424137,1.185267058184282,2.5822117267578197,1.5367654783908198,1.3901840792760147,2.587404202660295,0.800987964309163,1.5300138394059237,0.9484531572094674,0.9983614456458747,1.1923649604333335,0.9182242177468277,1.6064366229392117,1.2736532506423215,1.5174158308166275,0.9949643285987574,1.0782087116372645,0.9352716042208625,0.9017409126506968,1.1047554615314987,0.9387203619395433
CHI:50,2.4802532893862743,2.4441065983524295,2.1716111899442336,2.15350387080106,2.556842382055872,2.8591914659354956,2.5001680181885924,3.2742813567366924,2.508355033723566,2.194011848275707,2.291308245876553,1.834766405757526,1.1385971602138774,2.6308613206369427,2.4954362237335608,2.442034591744751,2.2894507053551627,2.3181172820797853,2.4949916766062072,2.5027304246793953,2.50962213967752,2.6447270356012784,2.2240077323641594,2.653332259424701,2.1077740138704946,2.382373888343298,2.157698348073572,2.4252313497261078,1.9997092696539733,1.5864847634507242,1.8699299524778865,3.434778666416529,2.2245953715248223,2.7203986131435918,1.6799738465861238,2.1035308954757914,2.305984452328778,2.254840445850446,1.9769392850111531,1.6402865324212512,2.194569182761298,1.9834432626347527,2.3974124628541125,2.049496102886586,2.1778469989892906,2.0178051549396407,1.266041572788064,2.2395477691705667,2.2160014633707457,0.0,1.9831881014849884,1.95604128809545,2.2647452730624704,2.3642670837825093,2.092997064723305,2.1406042142858834,1.1455364932908163,2.1146157092763427,2.116978326182407,2.4241432791407007,1.4744365891714122,2.5257167494238977,2.37952014104351,2.169838565681668,2.113412235672227,2.3802400793919904,2.3840305849568444,2.273521624139069,1.9255374353591457,1.9328481009437481,2.388036732065847,1.9211209231728896,2.3056903669688698,1.7415626871637726,1.8862308958403597,2.4367146431293394,2.624215195213974,2.5446974045988804,2.002174715139066,1.7286543420489695,2.706570070799625,2.536390155581611,1.58993943171296,2.7551477743905033,2.01388255084805,2.1689307315181336,2.466190568932995,1.7195079867841987,1.3737898191144724,1.6620995848722622,2.0830355113204844,2.3205308886175304,1.4838035739994477,2.435297099659463,2.109542954450858,2.4804865058529924,2.520727283853643,2.3338678553175605,2.7005122023998274,1.3461897621058947,2.325696370916257,1.885282473591541,2.343475795977053,1.9705084253520078,2.2124882212422285,2.3728164976348203,1.8793943605425285,2.068064147864664,2.373320623233867,1.4597616857004823,2.2182394031257533,2.5953379426201817,2.698883492686274,2.464863282517738,2.4733507394709506,2.164059410293728,1.7464877508806924,1.4102597612060415,1.2388980839752697,1.5151882133108754,2.69025343921886,2.539802202176589,1.5292748699162246,1.1957293131305025,2.030501446588151,2.376820146902393,2.3626871224702874,1.4936243464090895,3.0811654064058462,2.0963886953999387,1.6752572479034098,2.4535807443066115,2.3803069300165576,1.153577257798795,1.6669147609331203,2.4634816666774566,2.6013586999762732,1.4045129927124462,2.4105490716373263,1.931046850064798,2.796925829601001,1.2718387803333724,3.3089709223604196,2.2552675014298975,2.3021046377543475,2.617778193146423,2.0570700294549304,2.0069731167479476,2.643757906641448,2.4225600677212484,2.458467732272711,2.0537532770653444,2.7356802349688065,2.6255045175897593,2.9546990864030573,1.2248306909576816,2.424587877443472,1.3488613520883954,2.4194428908920895,1.7233135129755521,2.7868877305692497,2.4879279507955645,1.9250539242135698,2.674646708426714,1.5836255360478413,2.093464753219358,2.6031024934578118,2.6110726758764695,2.7143984133569066,2.3786404790495004,2.106741232076268,1.8792361148841366,2.6612571266280987
CHI:51,4.043643997593856,3.9820602495405546,3.6332900868230524,3.709679153415323,4.130804769699031,4.405336012535299,4.035463600354404,4.819318106332888,3.978955445106616,3.7767496715085414,3.8622051783934657,3.312746294326546,2.1577251617645072,4.196940761570135,4.039774306863419,4.078008021199686,3.764114588461751,3.8407910986021867,4.030338703156579,4.020897113177029,4.142311788737489,4.2588423750879185,3.7972995862568713,4.278000340174979,3.6833279528974017,4.022213454118326,3.7724412202009074,4.103701601100693,3.6207280200022374,2.985087885857122,3.468577612124999,4.979006566071337,3.705966834286665,4.376257415398071,3.2360344215870835,3.5865794322720963,3.826507350887626,3.8315283510494953,3.5493977568814916,2.9221964205402067,3.7723194939587197,3.573592154219822,3.9592907739814374,3.6295590886010745,3.8130885146880114,3.4665915325220746,2.115516878911955,3.861147523123939,3.7678353406944893,1.9831881014849884,0.0,3.362798722848695,3.681202822167783,1.4274901498726578,0.7714581638370326,3.6128253401754926,2.4355229458908516,3.6275955682466368,3.7325129394576275,4.008653737927001,2.780676256536854,3.977829789939484,3.869562502472375,3.588957312711298,3.535560114329723,3.8265976727945143,3.8598648345066953,3.848464865261503,3.5896242579283535,3.4247642532105647,3.923804057972536,3.3029096474048054,3.882851590392512,3.0921175399904675,3.393178041926451,1.41350857232339,4.193854142542092,4.17434270368956,3.5775594415858896,0.9515239879853696,4.2995092980199825,4.125742833459724,3.1007974626176327,4.331719992304335,3.6230608441947663,3.8271584837728683,4.039174515711632,2.7637022609661814,3.0801093240104387,2.9085353072024644,3.7618204501101378,3.9262419547999374,3.0039837736519623,3.9822522955154915,3.5003245794625633,4.0378638287244275,4.160157372147988,3.9623670144508796,4.23014241854309,2.225726955888651,3.8456795975275013,3.1778438394476316,3.93670140621214,3.4241965541276285,3.7101885732291775,3.957916621475114,1.395742473391797,3.4973835187606706,4.046280559541872,2.6663847546405783,3.914822612353208,4.18955243992821,4.237411640773433,4.05430340599904,4.039834456777173,3.7962255318067673,3.3694827028178165,2.9766982589876774,2.0147604631342118,2.3333384313376406,4.161788321048668,4.100480609205254,2.821001624630739,2.4325120380683534,3.642272137046608,4.014163853300538,4.002329662250543,2.736368985890534,2.1900984165867046,3.7289577642649596,3.2624599210061174,1.3157840308909972,4.054590611767498,1.8330621624019934,2.148575829826105,4.0373377606436724,4.233377597339852,1.3517515193656378,4.011570449494981,3.4609302841580294,4.400932073027147,2.6343343505326255,4.9090649014773335,3.860471903540993,3.880227286301204,4.264696315434571,3.6573244785249797,3.6140358271779722,4.236881145905086,4.020727210183898,4.045377699403149,3.5877445108183865,4.2856047194779325,4.267002787709148,4.531256762265275,2.5817327837623485,4.067483343722194,1.4344792576747867,3.9699227034196762,3.2093791142696673,4.287821606553056,4.0772990390737025,3.5813030066469818,4.26712604342919,3.2241387559099075,3.793403459867885,4.224748769531426,4.185079964019122,4.27079134408317,3.984821490182111,3.6698255960995008,3.41485945742062,4.18932997900026
CHI:52,1.6646747370792514,1.1796737424116084,1.8482187804232526,1.3020779387095642,1.5834985260063696,2.1172438134781664,1.8602703324620815,3.112456981682656,1.2087272893020382,1.0124208529505918,1.0930419599622119,0.8928274125656037,1.9842357654101177,1.4908638238321068,1.226547321762337,1.3579477048678597,0.7909884678694311,0.9626030172465704,1.2461807177818398,1.333372988800522,1.594861400710358,1.7023216240830648,1.0447147263222598,1.8780258520980784,0.9987301283480206,1.3284773315908425,1.2058858943111457,2.4144182885009164,1.036235121236751,1.2814599449730697,1.650652374491082,3.5728547746078396,2.384592257383098,2.2600767836763067,1.7759852530498619,1.3992695988019945,2.1920961251504143,1.353979810593387,1.350039289416146,1.252229422305586,2.025171063847527,1.1042014064770056,1.195491190673745,0.8939255325967733,1.0452492675260936,0.5282968399886284,2.0185509949993703,1.1621019533346255,0.8940539301764165,1.95604128809545,3.362798722848695,0.0,0.7279051174277245,3.6101399075542724,3.2503769959447246,0.7384031715468008,1.8588801664168257,0.9774994110708587,1.3223776071132471,1.3136576985190611,1.2781132812675318,1.0834597772086498,1.069961129836743,0.6960352726661505,0.8376594106751831,0.8629950157524008,0.9412620100575918,1.0345190021867117,1.0491209202698764,0.6241722165426357,1.0044466628040387,0.9088922932781058,0.931897544721649,0.7911449597138043,0.7288028912350274,3.989823208129065,1.785941120756319,1.3726665488267842,0.9964738769281112,3.1070180468416666,1.4101823274405472,1.1978419598228482,2.121022524226793,2.440017306703486,1.507071628751987,1.717150415910335,1.9565378944884881,1.4940466063267508,1.3602827918574383,1.100202100485199,1.4057394937244547,1.3992809190394766,1.2103939968121875,1.2511182343554215,0.9799921690652154,1.3261684385398036,1.2884344144369306,1.1829387947006613,1.3889627555946318,1.892042660688925,0.9673588170175693,1.149131927875386,2.0871013294768987,0.6313916027465442,0.9003854394937633,1.161024140515847,2.936807988183013,0.9155204904230326,1.846667371634771,1.2278581368342278,1.346925080742427,2.0524297339343804,1.2970482760380777,1.185258665840338,1.2366510915435427,0.9825337985775447,1.3171739642859113,1.4922074417966062,1.9225489089125283,1.8391819773427731,1.1613808493011897,2.079955732586296,1.2657970741175106,1.419507878061002,1.4641885192813346,1.6665434385911726,1.2023540386151363,1.4105673370899747,4.035593510760735,1.3668189137187174,1.24746607011558,3.6206850720344894,1.9506722595699164,2.126565960815804,2.3263049026727813,1.2876590419576046,1.6972820642555455,2.53185196076169,1.8785648223790254,0.8837674733044585,1.4358287470164135,1.323703535951688,3.006016330115162,1.0108565666686942,1.0004186132227075,2.0482219876966856,1.407698852757438,1.5569569719408678,1.3259308821343392,1.0967928342642537,1.1396161638217908,0.836295241121647,1.4167770704768274,1.5630622023609428,2.784718496995339,1.2798321962161159,1.6934197628128194,2.267762408130476,1.1881630067415314,1.3868920091617403,1.290670512147939,1.352210129856481,1.1502553207938662,1.260365962777559,1.419774739833881,1.252058960714995,1.8511905679750889,1.2910547587918964,1.3881719710676013,1.169741435356288,1.0098468300621515,0.9579382833596676,1.252947801955592
CHI:53,1.7397049144164487,1.1935563226488222,2.1248145321294056,1.4393549682496607,1.5585922383901143,2.135811065799524,1.946761510450505,3.228765460177998,1.0417444214343292,0.8912781220294009,1.0275404064633409,0.9948135642317456,2.283620916461177,1.4322384353387598,1.0769203585492735,1.326707763536711,0.7297754109669377,0.929375854441884,1.1916087750110722,1.289565033317689,1.633904251487324,1.6606540496150066,1.1126998877484962,1.9055473611746168,1.0072893344166527,1.201418077321895,1.1888203642981412,2.5859960382510385,1.0277908731551653,1.5797176233160033,1.8920737969193635,3.7716923796093282,2.592518900742643,2.3453961670209913,2.0134041090895667,1.4413238227996759,2.253650475467726,1.2646389916059506,1.434753761093491,1.4534417202781293,2.191649939778029,1.2127169132297948,1.112394791337054,0.8355698056730265,1.0080820841050835,0.6865764223679086,2.130280914790337,0.9822688207131222,0.6259590008236258,2.2647452730624704,3.681202822167783,0.7279051174277245,0.0,3.8598565610094613,3.5330797159642815,0.8815661773479931,2.1481364004041135,1.1554661179903354,1.497865850026563,1.2586899158145255,1.4771170297928822,0.8988377148002061,1.0735722046398937,0.8399227556016317,1.0686748884583284,0.7801785572794898,0.49578528779318315,0.7379435744727703,1.1070545891963208,0.6584157328858392,0.6907507849952123,0.9039776015911632,0.6393558149394708,0.9775656780829115,0.7144870892834899,4.388566249708644,1.8388695440832663,1.2707346980975767,1.0496368870699115,3.3819497355582286,1.2667412844220793,1.0986539663366135,2.491695644989532,2.5809723531600453,1.734770219002025,1.9872471096645172,2.093312942648186,1.5405188325114,1.645188008793242,1.257571611706199,1.5751164475677082,1.4591861787642988,1.4325878806704155,1.0824063507620587,0.9804631724962434,1.1431013644702468,1.2385487380620384,1.1951784026665515,1.179273703120972,1.9968926418845907,0.8357987099110026,1.0986591294308694,2.297776553846162,0.8601421966455423,0.909435192781171,1.0357753333137187,3.118972993025811,0.8164021172752803,2.004635565648963,1.3216205155174416,1.5158221627501771,2.179119823313184,1.0453921831501118,1.0957254887636187,1.1554022576267542,0.9538874102598572,1.6077470366586237,1.7966721812243425,2.1200845653484097,1.9324440728845613,0.9515482172207143,2.2088549481804063,1.407317186023714,1.6939523407045851,1.5981728366011412,1.7264901327336613,1.200643392817781,1.5454649555885183,4.21061632826159,1.5257715292047627,1.4652233186409611,3.8760423853212163,2.2095388345015077,2.43731021360756,2.420685263488312,1.1945386753556249,1.650771277448732,2.7684083551901826,1.9936553512632789,0.9330669447576414,1.2497539681568914,1.5263840455694042,3.1497546445413573,0.9146153334830588,0.9922734123563949,2.1813742511761403,1.5646402534300907,1.7243846526991367,1.1828873935487185,1.0313030309094995,1.0136482063636274,0.7772046596502977,1.1845508454123386,1.4655519985285477,2.9741489491735584,1.5563925539207877,1.7469524055118397,2.514521663623456,1.040370838864188,1.6679436973261854,0.995936578613727,1.2287181613539655,1.3474087809128323,1.0424288838561266,1.783969094303102,1.435099048645857,1.8247396327726284,1.121421974020279,1.2349025164210288,1.161719519073406,1.0182143473992529,1.0622746281694746,0.9617680586808247
CHI:54,4.364376846969071,4.2706014876078955,4.009634873005119,4.082249244146848,4.540972526014593,4.8366111753130685,4.503058822921614,5.278155857996948,4.210255124372139,3.986794442630688,4.170366311506126,3.5369339250283764,2.5397439086350424,4.538656444384997,4.345483135672126,4.410381768194796,4.039665538801322,4.119687353178205,4.357489670158119,4.3552570573482114,4.5505344718476275,4.6645387309276725,4.132793419271503,4.735978970197365,4.001838381736049,4.3692513866328175,4.147634052706518,4.602985055712734,3.950075170390209,3.392118433941641,3.98416094660223,5.3751694787562805,4.181040905395769,4.811381441944647,3.570983456982687,3.7102492798100184,4.2504339190862535,4.14229778513039,3.7760423826374043,3.182308211711716,4.122954262698688,3.8598840354028825,4.217025951807077,3.9359610319788305,4.127675480168478,3.733380715921576,2.5024673633070322,4.155239222672283,4.0095774186683455,2.3642670837825093,1.4274901498726578,3.6101399075542724,3.8598565610094613,0.0,1.2314140432553968,3.92475629159197,2.9166455378935963,3.9818884848852365,4.173252476279948,4.3786337403918045,3.2568923926389277,4.270296793816993,4.19947417531192,3.887927346807151,3.86539116284957,4.093684960792353,4.107018665302046,4.08916026994562,3.8837708644701507,3.6470460155010813,4.190732188188877,3.5873891371484,4.123283526155091,3.313656119576177,3.6497806037365352,1.857586623275291,4.559445578664381,4.512911860806663,3.900016789570336,1.1863926160188056,4.613386382539346,4.397289020920766,3.6147956158621697,4.805315766205084,4.07495073478585,4.302203017266336,4.52695212050131,3.1020818303822164,3.462618838669658,3.2441576461490444,4.176860198685262,4.3117340823779395,3.432054788821302,4.23416949075314,3.783031646367661,4.310857977079379,4.487352586297209,4.316342708936082,4.523090447377254,2.5725912054546365,4.118620145619979,3.3591994614261407,4.393865142095646,3.756480272455529,3.9949242797272513,4.275836143962926,1.5283224397453337,3.7434067586795394,4.456261791306155,2.889755995724911,4.28544131723235,4.679666452970568,4.465925521706649,4.357408832490058,4.368467928080218,4.056594029862641,3.6930611116997896,3.3643703919911094,2.324501526215376,2.5853515311875874,4.307113639169971,4.575460615624337,3.1323139416905734,2.7327204454221583,4.112461971041142,4.406360630042787,4.342278304907521,3.0660086660768835,1.5435181774415754,4.178380280715986,3.616340644233869,1.1628413721504898,4.493317999201627,2.2218698995005512,2.3593701270958465,4.3886088723873256,4.596668932350352,1.620636518363835,4.525590190519003,3.7464693575120385,4.687901090755319,2.896276443774073,5.372443404718265,4.097276084882089,4.129972337931374,4.691045303535954,4.101806229804871,4.088977195048778,4.544093949048051,4.315262322466951,4.326957281944435,3.777392854240989,4.553551444145458,4.620130520822895,5.060384815672854,3.022250191047343,4.5147066008752645,1.8389163163505218,4.307968003058859,3.46219312680606,4.509471510621192,4.43484262782782,3.9798309142378545,4.485650898621179,3.6736419412214394,4.127866800234489,4.620945932032127,4.4879240799362154,4.577185371685422,4.333743771715617,3.965671281594645,3.733791074439677,4.39381384596241
CHI:55,4.05651151677387,3.9034811220487646,3.76350180817891,3.74178544526825,4.133947748450472,4.465697251407032,4.104168280446755,5.014957216899783,3.8110556985519266,3.6563144619674777,3.8097116326690186,3.212627240325065,2.195876303902763,4.154606526848026,3.9687670714642636,4.05474611864719,3.6519188258062445,3.755844152553897,3.959333003769891,3.948204023235887,4.157115199559341,4.271573011742421,3.761728338281153,4.33733566132431,3.6539362768481616,4.026471557074745,3.8031385918791,4.3202919442320855,3.625896381575031,2.9869929803541893,3.5866343127182794,5.262758195129265,3.9078520621902064,4.453232180543584,3.3561081175639544,3.542811839648259,3.9229307179298707,3.844938990179752,3.560269832178841,2.943637728723885,3.889901682342369,3.594439714731967,3.915894625654018,3.5945865818575142,3.7783894196543892,3.4212587277499416,2.1304890458724905,3.8262942622526577,3.7054536736170407,2.092997064723305,0.7714581638370326,3.2503769959447246,3.5330797159642815,1.2314140432553968,0.0,3.5258757098971527,2.4736606846695643,3.578493467342053,3.7960047320770425,3.964596035950848,2.774471900124576,3.8756014654990736,3.8005153500389373,3.4916972751362936,3.4692594777869155,3.720439870581664,3.7710689446220065,3.7925812180391754,3.6040352426182793,3.2960992047751407,3.842198124934919,3.204723318041858,3.797107674458486,2.9486200477095528,3.2892281062326796,1.6418928661170429,4.217256440359416,4.135907705959883,3.56242851416808,0.8259348504602807,4.251212213219404,4.0718822935439025,3.3647363595352955,4.498022521734231,3.7333451615534785,3.949788777917389,4.172712071604998,2.6924270754101864,3.164172037780782,2.8650112722909133,3.8106677239897,4.008815998527569,3.0493069045836356,3.8809608284964803,3.3990143890862305,3.9594909268638108,4.142617801600762,3.9497387859426665,4.158268438445551,2.137696609505422,3.744099126105508,3.030419348386904,4.113235138944663,3.376860397331986,3.616497188341467,3.9154208376896884,1.2101243446460483,3.3910518222926727,4.1998124036275355,2.5226125329507942,3.9493141991588656,4.350538813666197,4.117135111679282,4.020843706157412,4.012438032636189,3.708053000795629,3.3309801901710165,2.979325606895616,1.9353347024406398,2.2079353515088562,3.9797874768563966,4.2611290672675555,2.7502115215728358,2.406508964816259,3.749516506933268,4.049738528406117,3.9883711505430797,2.6915669963001263,1.7865422598835765,3.7737790352976606,3.3210932896208307,1.106041063874638,4.147314817054681,1.844655225875926,1.9834651243976589,4.028522274157325,4.247644110925534,1.2220701166242325,4.165571817260174,3.402268765095895,4.35037606084174,2.51318154150309,5.133316953896113,3.752689937617176,3.7854553189045146,4.3859003735399185,3.7478144766642174,3.775035180553066,4.1817865404828245,3.9718362685529316,4.008208615756665,3.468041040053463,4.1870435361331,4.283338237572545,4.780666723981958,2.6382468167849735,4.15676441504378,1.408882308736128,3.9414561539281894,3.194748004747939,4.16396671309714,4.055114119575609,3.5965889875289556,4.163411417007266,3.324439549947869,3.783518379301331,4.297488680195615,4.12158369431271,4.194343467299713,3.9621008970307785,3.611622831723258,3.321659845364791,4.049470641155621
CHI:56,1.3654134110484002,0.7853094351744222,1.7904427117588257,1.00563729487215,1.115932164144587,1.7536963915361163,1.5054344695810706,2.786425051041768,0.6919419656306001,0.5574956743858734,0.6100392426234753,0.728232400879844,2.033805902862332,1.0893416058497083,0.7818045653666165,0.9452462486104988,0.4405515938362429,0.5448701734260313,0.8416867879644284,0.9265529382176187,1.1907545588570538,1.2639750652538708,0.8055448786054513,1.4488987913062084,0.737910768488881,1.0313986046614363,1.057183630228782,2.149842031253845,0.9708294600665939,1.280367924479462,1.407262782522066,3.327009714371769,2.284303550759204,2.0109889996215435,1.8304151421176422,1.6621054613047406,2.124804124391512,1.2439900142273321,1.3843864089234312,1.5733929617992943,1.8158242654414685,1.1736796155461493,1.066884998851303,0.7317198959484555,0.675653783744918,0.768370065025204,2.0487944619676144,0.9048548433616851,0.9490365211074085,2.1406042142858834,3.6128253401754926,0.7384031715468008,0.8815661773479931,3.92475629159197,3.5258757098971527,0.0,1.7901938388658498,0.7324569014335041,1.0723289422051905,0.9419890591797364,1.2482264026705727,0.7243953660743389,0.7915979595871144,0.3810361860915318,0.5575900789224761,0.6894378137198397,0.9340013259420993,1.104099761773787,1.032585100828034,0.5419912078860536,0.807885989837571,0.707541600274218,0.8270723746023916,0.891047862426111,0.6272283466186644,4.154644903048642,1.5063528556774683,0.9263899252161155,0.7233097103808573,3.385543499179198,1.0148839638551317,0.9173460690501625,2.051194744799417,2.1921214767853145,1.3219564207021095,1.4755286111014516,1.6442959801548487,1.6223807488217719,1.3426717426429375,1.2344300890209041,1.111784884760527,1.1330762572062045,1.1150386495850568,1.035756744207056,0.9767359550272282,1.0797219559456466,0.8359595320324711,0.7971887943940904,1.100993439606426,1.958105616852142,0.7003693306948096,1.2151820321390983,1.8844677526579157,0.5703122892950924,0.7124319967107856,0.87880587326124,3.1754420397991456,0.8497040616080006,1.6403756844589132,1.4183625248671998,1.0758416324667424,1.7561498632602788,0.9217076023640417,0.8703398619682019,0.9082936333477077,0.6688842546760786,1.2385946879634855,1.4058175525657062,2.108681149447351,2.0188062989237587,0.9201587961123863,1.8061888020614505,1.31257325126815,1.564695526428773,1.131338532576505,1.3755325656485784,0.8761549575313801,1.4565122577598186,4.358949560285426,1.0415623590185845,1.1683411332777336,3.955616912565136,1.6527337731871035,2.3415795115888205,2.4475440060628695,0.8906522479141178,1.3774575789919097,2.7979450479924255,1.5262066046409626,0.8421840260596841,1.0725177272242268,1.4449158761242502,2.77816744528171,0.8241385860482389,0.7898648860687632,1.8120241398341739,1.1558909591878364,1.286672769471187,0.9551244286286024,0.7673130950136393,0.7827773572961298,0.8459693828407776,1.0884513145108528,1.1701803692352901,2.5209344634520976,1.2679015832621192,1.3291195993838252,2.5236382549160896,0.7966021417264901,1.4526299549818367,0.986419221462784,0.9135723228820547,0.836321430204191,0.952622579415047,1.292043867202935,0.9805591321418734,1.5202500022995198,0.7722104938217387,0.9993806973969828,0.7900658360348256,0.8129241862448859,0.7713106270506644,0.9723476800376013
CHI:57,1.976352813601606,2.0048014055159644,1.952756949280143,1.7419735061236992,2.0315420636890384,2.38344634657998,2.0139807801836866,2.858825195891133,2.156684816012045,1.9665152818732272,1.9045941742116457,1.7338586490976466,1.119813009626858,2.1203461112815636,2.045643758960101,2.054143084351863,1.9234149358718904,1.8821371428384486,1.9700240899665842,1.9322479850104455,2.0545159464501057,2.1719803455180284,1.7833080437790338,2.19451269393541,1.7170100936514583,2.110984080805943,1.9650632322650876,2.2206979324274405,1.795652275556442,1.2062219196603507,1.4083300125511193,3.281651254328039,2.1246579779285257,2.6075187956010524,1.8410171826663049,2.3823560321197106,2.5574713156004214,2.067720736913883,1.8802683985175612,1.7595260411509206,1.918444136623607,1.9193407764055301,2.118639230496839,1.8024864342027953,1.998798902177706,1.911514107004368,1.2278297565887146,2.1522777197571044,2.14481224470516,1.1455364932908163,2.4355229458908516,1.8588801664168257,2.1481364004041135,2.9166455378935963,2.4736606846695643,1.7901938388658498,0.0,1.6222385932391863,1.7725886830667357,1.9858093246045765,1.0451656447835,2.0691238377283234,1.8764525651958224,1.7661599281751752,1.6416592243422472,1.980343444143125,2.1943216774881615,2.2602864118131833,1.8615721303513866,1.682469620811861,2.0944668445658055,1.7580138475643445,2.163491182241418,1.6533497352731896,1.80744033470032,2.910495407336434,2.1985504839094205,2.118889347017668,1.8834604654418132,2.2755940618893518,2.298937285306683,2.233100234236771,1.7089150699855333,2.5018708805608147,1.6649082683062537,1.9220868172166035,1.9599250484772095,1.6000499300488544,1.5493563031957829,1.5163380044870456,1.6716251136074054,2.0750472947072933,1.1599019638127224,2.0666843891690063,1.9149714322178242,2.0933579555357134,2.125300352564304,2.0018521041688464,2.2802974855611864,1.2369069688989007,1.9236769370178148,1.6852020564908619,2.171135757384777,1.713697811874598,1.8886533777379046,2.018449165506823,2.2035086326975537,1.7717073619778692,2.207528143614046,1.4759773627693404,1.8467401550905278,2.392407693946734,2.3024997565981913,2.1262877272362863,2.092501609288149,1.858505526470693,1.7084220837452309,1.2839853511706207,1.3961089534474873,1.5131738314906666,2.3064996103629984,2.2423256617165306,1.2586331013915177,1.1945743028508256,1.6319076271271473,2.0120264069328995,2.01533629274209,1.2498906935418,3.5876567078543635,1.6878774107149979,1.801226169140159,3.034400544124515,2.1121663831726374,1.3542887935629857,1.5620513540324192,2.054197041207788,2.2343390767734275,1.9132354197114987,2.121430166710151,1.7290563165890298,2.4188688078113545,1.1747339097431115,3.0759114927491265,2.015884287873131,1.9353929376734047,2.2915439225139025,1.8319244438348357,1.7698115110465318,2.208362035874599,2.080529031642053,2.07972691403162,1.8761116125200132,2.3212787699608497,2.244932445469724,2.7759597809217644,0.9732598150498661,2.081355607431033,1.7306080384581766,2.010957242832624,1.694454039005919,2.413822598549842,2.0468677849027475,1.5536589679566235,2.3602143826064568,1.4758718428747297,1.7983406926547125,2.2636543077208464,2.1824411689165406,2.241368204486487,2.0113128069003925,1.819971347433361,1.6271011228419954,2.2834303478025677
CHI:58,0.9720762758902697,0.6359170742735707,1.4528217992355463,0.8152419050735683,0.8398747662667521,1.367578941426886,1.1152866336539904,2.390206039881014,1.1615344425745853,1.0070653136552647,0.6664201097477197,1.2060934418999703,2.02953699688496,0.7437775353508643,0.6641150237462938,0.7276091111404813,0.7075133750834647,0.5280292118882353,0.5622074479022034,0.5582206939333614,0.8209395538413505,0.9382394870678689,0.3232000688572809,1.1096500821460258,0.39461037187143094,0.8599245621618179,0.8737546422467503,1.8788649008741574,0.7097695446478228,0.9197300419911197,0.9874732597023798,3.046901933498074,1.909917042316653,1.8636799341819867,1.6286818321650793,1.6966505451827512,2.1659630823924703,1.0751275296543479,1.1681857372932392,1.5646062376678755,1.5976356256764221,1.033202841015659,0.8177354029961206,0.6941118195731696,0.9136524970142854,0.8944624049902788,2.007171494549219,1.161436787522316,1.0907498366580688,2.1146157092763427,3.6275955682466368,0.9774994110708587,1.1554661179903354,3.9818884848852365,3.578493467342053,0.7324569014335041,1.6222385932391863,0.0,0.7115445527138691,0.5794402820544988,1.0274402130868738,0.7189448964599167,0.4883729503767618,0.6614732569040994,0.6284995294872823,0.6009989143331499,1.0228518199616776,1.2160815878771047,1.0428652082135095,0.8222196683764345,0.7992512713910961,1.1830269910980358,0.9836629100753604,1.1987130630752543,1.0420085175490927,4.288959292734682,1.066035611628293,0.7414969136368411,1.0681837966110697,3.4052932214145883,0.8651418488699932,0.8183676629670948,1.8704624889133976,1.8274235997251653,0.9166182911745399,1.2090177536795612,1.2206058024774498,1.4937004822883801,1.3845271591808277,1.1375578759309255,0.7067365069575084,1.1251363682932676,0.8816401901832582,0.8468487542886202,0.9297297066073248,0.8161375649477581,0.774059433857323,0.6531670519531991,0.8659710263109743,1.9071521830208746,0.6157886068369508,1.2351222418843402,1.6276338492935316,0.6744337747322324,0.5974387691049959,0.7139283978997838,3.190663507420851,0.8111289478672868,1.5032401755958456,1.4470792405234847,0.7962240904336594,1.6106607120218295,0.9219425440245714,0.7191157379595843,0.6993597636976789,0.5991807064908992,1.2687992184755474,1.280079138220458,2.048908239176261,1.9665211212179032,1.1460495993299373,1.5634090126671978,1.2276621446450608,1.4897657718929247,0.8672159489516775,1.0576273630835973,0.6227006048054441,1.4270497276649103,4.58674507337032,0.6763973721844373,1.3984688361463624,4.122936615019815,1.5660014264286408,2.2913515623328076,2.3801692901514353,0.7254714965773083,1.1719538354735866,2.8163127808750503,1.3736458145378163,0.7697240785408205,0.9923208103995051,1.3522136159919707,2.4028231782320617,0.8264283308623729,0.5668823476902554,1.3778215287653677,0.9721904660473715,1.2293768225998294,0.7267264717105841,0.6386314592676083,0.8397921838653419,0.8982024139172636,0.8928556372810443,0.9851702734109629,2.237494592265598,1.3599658061506046,1.0701042601540172,2.5619243924862567,0.7557958889724984,1.305657933974844,1.045064288649557,0.725348614188465,0.6961772067511337,0.9562357069963544,1.1316814769341736,0.775345764477874,1.3105807250957797,0.8221352106237524,0.8364082684735129,0.5953962354142152,0.759831719983678,0.7666858568570503,0.9533619099943733
CHI:59,1.122199446302982,1.0504970367176414,1.3796539411379547,0.9640979463084517,0.9319457955218406,1.3068500750110656,1.017013224826782,2.086365020306659,1.5004627274353641,1.2541426699426723,0.8297219279263318,1.4000355248277794,2.2030901997669066,0.9756204235545614,1.0059468097187556,0.7036269757384775,1.1752390192690088,0.9891114402487943,0.9931784257507351,1.0012063082028297,0.6395118407571524,0.8407487990223133,0.7382528569255835,0.8576313768865051,0.7320238649327093,0.7038181861026844,0.778535548934543,1.4363835082538379,0.7757900742628457,1.2056501850747108,0.7164687323903417,2.6065393758284623,1.5855317679777396,1.4013368701048856,1.4860599924299556,1.750600572429076,1.7528521606660503,1.1503114359261766,1.238465231155177,1.7630039143609848,1.551082336736291,1.1061647484089683,1.0244724420469429,0.9030420284517651,0.8570199634543981,1.1379031092077148,2.1624541599202542,1.1299869718215483,1.2743476363609094,2.116978326182407,3.7325129394576275,1.3223776071132471,1.497865850026563,4.173252476279948,3.7960047320770425,1.0723289422051905,1.7725886830667357,0.7115445527138691,0.0,0.7157912341862673,1.2719721766276935,1.161106641917743,1.0147278552355763,1.0927305828203229,1.1350857638124403,1.1350569862671833,1.2887104435152055,1.3117726830275775,0.9606686315976863,1.1903291239657219,1.111015043097514,1.4531642959204283,1.1280027580725627,1.5862541416104181,1.2614863158137002,4.361398024299471,1.084381746552413,0.8316655673535823,1.103754398591719,3.5683907212149735,0.9862393662098868,0.9876760112723046,1.5061243668795303,1.4961929864055534,0.6681130799542576,0.7734407128296706,0.9313562453303912,1.7906980129673562,1.2475609140231596,1.4162951476728007,0.5387379939024787,0.9001579585612051,0.945221487421133,1.1954502680589147,1.2458644002999122,1.1200486503013392,0.8236444768490808,0.604046800089447,1.1425634842668821,2.134670797181494,1.046684107921423,1.6402648964156323,1.3202032240149997,0.9557455104983261,1.0078305001741776,0.8551792942805485,3.434028680379885,1.2447676354550854,1.1824218664777806,1.7399829620135865,0.6618045902381956,1.1502148872210272,1.28802693824869,0.8884149510546397,0.8481111893676931,0.8973268713440107,1.151438588606502,1.2463385089975774,2.266758052476934,2.259389178761559,1.6284827643086544,1.3074818470294323,1.5170578326909605,1.7085450432024585,0.581014803875636,1.0387984451305206,0.5636404347149968,1.6560363003901317,4.896323051426627,0.5813423069298056,1.2701532282938,4.362440344568442,1.2693640014220886,2.492297913486804,2.6640530740956705,0.8530179420606853,1.1494834735672967,2.995436062716276,0.9634399944202946,0.9540710146418663,1.1211807298382717,1.6013543588613435,1.9215941790518405,1.0673414009959592,0.9467308652982054,1.0608849571878283,0.732536745001571,0.8627676453781935,0.9271996139982603,0.8208180330054261,1.05357112043984,1.2251188593491809,1.1923431957523987,0.9493542619635512,1.6845608642431698,1.446451963413765,0.7919224563587781,2.7550254372530802,0.9723644104925618,1.3899139228385187,1.4108413623996519,0.8784384215514491,0.6565461185752614,1.2134749582881486,0.8732728009525116,0.5889361933345013,1.190534788989739,1.0550947151611516,1.1321180416414505,0.6974868893367926,1.0020088613090505,0.9723188850488934,1.3705669084174852
CHI:60,0.9953946623445231,0.640401391817427,1.589403805527045,0.9276901491877194,0.6067954481725477,1.1430823298767252,0.9701380592063079,2.2414153210833456,1.1148873595747044,1.0010505991438503,0.5924916906890587,1.3674420395301898,2.3523573035106757,0.5074605471671688,0.48715958040852964,0.3979505319873742,0.8509910400656079,0.6417395523008312,0.5303850637848572,0.5597160167777112,0.49963950115481837,0.5558162093743426,0.5372666481485721,0.7778823959904237,0.5575283919450577,0.5715340218725179,0.8036396069981846,1.781437314120322,0.7901477706651444,1.2923034895581957,1.1058030833126336,2.9543955572455554,1.9157967281631032,1.5837755543021865,1.7564502387856458,1.7455370781160053,2.043988276946593,1.0218021036199958,1.2456382227096958,1.864638078133423,1.6830748743648731,1.1616060999874853,0.770546628215075,0.7485266651775621,0.7991099832150668,1.1350725574519172,2.319989991765495,1.0150173605558674,1.098286526246235,2.4241432791407007,4.008653737927001,1.3136576985190611,1.2586899158145255,4.3786337403918045,3.964596035950848,0.9419890591797364,1.9858093246045765,0.5794402820544988,0.7157912341862673,0.0,1.3889542706723663,0.7312588536282811,0.7036333119269421,0.9824202082197976,1.0377770076513708,0.7731038009198464,1.0084532453374488,1.1627956058721465,1.0591447590374712,1.0562897812146013,0.7341251911598009,1.3430812549378754,0.8853433957097002,1.4959534351583326,1.1556280140631583,4.6669605474461715,0.9079166846330441,0.37707791521952294,1.1098494924482287,3.764322396240092,0.6119139754972895,0.6668534287456116,2.035766092612487,1.6716916167581866,1.041363372077205,1.2022863536432857,1.1988871158047563,1.7299287862815087,1.541257932621145,1.414509719036054,0.7253117967981115,1.0567685006311847,1.1477333189155245,0.7696150715528796,1.0841058830193153,0.6640826288489641,0.5811007214359499,0.4169227555768302,0.6548686630662138,2.1811462406741007,0.6621419522554842,1.468584717803488,1.5944448666688233,0.9406185776913065,0.775431812297966,0.5443285248271647,3.535125458454242,1.0074207756425877,1.4421455947164492,1.7244454417791975,0.8063793357936084,1.4408450034869045,0.7885894708133451,0.5975268058113846,0.5384747375431328,0.5960047536580556,1.3810512762128357,1.48677175506555,2.353014604602501,2.2591494066841267,1.2379345339238759,1.4757487360525705,1.5152220660329934,1.8605491958646132,0.9222272218065817,0.9141106263697563,0.3975429046130919,1.6747360757452392,4.9934260201627145,0.6953421205076544,1.5164270826623125,4.542259229254613,1.5355500289875843,2.6652427093653257,2.674139805978995,0.559053087906081,0.9152192944618743,3.1372779723281865,1.2311008232946277,0.8817475830927322,0.738794207745137,1.6447653435515042,2.210445292843714,0.7309353003033625,0.6124697200724798,1.238989541593285,0.9302030819896404,1.2789513339201792,0.4822099524815741,0.5452416642352573,0.8535243342628178,1.0358049761103443,0.6307309690089814,0.6778325951978625,2.0865720108821857,1.7233936949275634,0.8547880762566993,2.9089025861302953,0.6495960902284021,1.500881552428678,0.965588897189509,0.467502986291975,0.8064543816268512,0.7900747867747978,1.3135193568047312,0.7932072845031239,1.120096783844587,0.6473709683583581,0.673731664496256,0.43862844882495666,0.8189432965267427,0.8803456904625708,0.8432949615133712
CHI:61,1.5797705963873578,1.430971882021209,1.7235385170003106,1.3245062990235552,1.5336683448837087,1.9990485440883754,1.6729533735293083,2.7705434726773808,1.6391379243550654,1.4536843566102233,1.3941230087504264,1.3844437713729232,1.428976603009481,1.5874110123387681,1.4658048426808725,1.535482942455848,1.3056169689219894,1.2757911846455507,1.3831263000313627,1.343617733577777,1.6094973232208567,1.6850161238174606,1.143674737859504,1.773111484471414,1.0767180618050642,1.481155276886747,1.3125634628998473,2.096540361538536,1.0975457598326037,0.6379294531393694,1.1149190578898138,3.337947199362862,2.0312517343783774,2.357392599244823,1.589105130392753,1.9261694455703275,2.3130229522633643,1.433126275485103,1.4421313275049512,1.301670623389946,1.735952134274289,1.3385515355080673,1.5240588875121455,1.2125378395494506,1.4756035770876295,1.280651204568097,1.154285881129315,1.6371719967432592,1.5156212205625408,1.4744365891714122,2.780676256536854,1.2781132812675318,1.4771170297928822,3.2568923926389277,2.774471900124576,1.2482264026705727,1.0451656447835,1.0274402130868738,1.2719721766276935,1.3889542706723663,0.0,1.4200699585680245,1.2305938064257644,1.1631994959627523,1.0845447154606422,1.3143097082355057,1.4734519327947277,1.5746513250982772,1.4350281559522382,1.174482400515214,1.4287183247313266,1.2494093662939216,1.5486972681070843,1.1190227107214297,1.2425656938451366,3.539905460810044,1.772771572028372,1.5770721353564334,1.4025276719927826,2.594172613404534,1.7189529322324288,1.654168616569152,1.7536119635343768,2.225577720815719,1.304641355105037,1.6341669758008701,1.6699534745270128,1.0689509034435647,1.3201984325279779,0.96581752339382,1.2477287471910354,1.6098400920824345,0.7106139324505975,1.4822624931323916,1.283571183007332,1.5156342151503883,1.5879423501245222,1.4184293840252382,1.6359329000793923,1.2642560588319502,1.3385218882724994,1.1910525965112502,1.9283331348160297,1.0651141183510011,1.224368015349558,1.4319619124390444,2.419048572052681,1.1586860821171523,1.9167842020321966,1.0815690501026856,1.4295111291640124,2.0044348747327128,1.6884378413430172,1.515574043981561,1.4501033233523162,1.2884379889139075,1.4232708679510788,1.0335832120663186,1.3731266994197477,1.396386596779005,1.7469860315719958,1.921530958963326,0.9806751926551933,0.9013795961869384,1.2313785883580057,1.5668011265015702,1.4317562616964221,1.0701686792992189,3.8228175471879067,1.213411375069246,1.4827185161970304,3.3107058559174263,1.9652385012705962,1.535966069523724,1.7149580982890207,1.4818126507802918,1.7681815810286612,2.083929258019508,1.789790295553248,1.1764328539274953,1.8474963115478553,0.8821370928566992,2.876452514904857,1.4464179670703736,1.3223778450408223,1.9236507335760422,1.412462126094146,1.448481339296606,1.6135569548299522,1.4902235930712346,1.5217592384192464,1.334921507426775,1.7100803844880077,1.7030687184961955,2.6097366880487165,0.9075164249933901,1.631317497529268,1.8322490893471803,1.4321920908206551,1.4100060766739855,1.7717285628826038,1.4717815225915412,1.147918751339268,1.7511017958746715,1.2289945768458037,1.4211573240387507,1.7955458975207632,1.591692518028781,1.6698899540709813,1.4435749298848293,1.216853668279299,1.0697527778765414,1.6766268276753922
CHI:62,1.1850508119290906,0.6288426792040226,1.8578937841565946,1.0284799230777457,0.9290399286960785,1.5356013555373509,1.3798378701359526,2.7238867814698264,0.904432672212381,0.8826444483293937,0.5906783726219323,1.237312540528721,2.3602185147533006,0.7300373359114721,0.4353616444026737,0.8163769026181079,0.4602067062491574,0.46654406176851004,0.5120685601028468,0.6509619018878657,1.0566469228264845,1.0275563234141016,0.6758078437489261,1.3144373909805667,0.6460883821074156,0.8822057118495827,0.9879679259589031,2.2545668927267455,0.9513399073151291,1.4020307023810088,1.5335537032450481,3.4062104811562364,2.3465696709635955,2.0476235865313908,1.9990863379453496,1.7784449733202878,2.319978997497697,1.0906405932719208,1.3601170326263154,1.72576809505822,1.8905627455540046,1.2041530766090545,0.7895199047223975,0.6709745784624438,0.9176261676259626,0.9399378407527108,2.3370315071480645,1.051135817319735,0.8667129221489165,2.5257167494238977,3.977829789939484,1.0834597772086498,0.8988377148002061,4.270296793816993,3.8756014654990736,0.7243953660743389,2.0691238377283234,0.7189448964599167,1.161106641917743,0.7312588536282811,1.4200699585680245,0.0,0.47489134230626473,0.6966616456947634,0.788558982679618,0.373654114026822,0.716486151219514,1.0410604614574044,1.1424237545102063,0.8002221763798913,0.4558804098622458,1.1196385183548296,0.7442829749015364,1.2490959963944588,1.0319858106860247,4.655500623058069,1.273417520629192,0.7483231599783163,1.1221952106700595,3.7113430696156198,0.6863816002934112,0.6512464792514865,2.376658254090565,2.1961530011572594,1.3987037595244578,1.6795571214305616,1.587220571504789,1.6338985833100788,1.7249032529821975,1.3306950764326055,1.200148018560058,1.2475424450292365,1.2784733308313456,0.7277592921567284,0.9365544523514414,0.6661461764399995,0.7294115181635324,0.8090297982684437,0.6069305202949524,2.09735441974504,0.4620418495605363,1.1846920101268936,2.0097993816350064,0.8615326183771784,0.6645796886180044,0.6631499400220247,3.391326346072799,0.7334118269040123,1.77741461363997,1.5723244205287419,1.1865216025271013,1.8781229835380941,0.4879630711928012,0.5907653317218395,0.6728495995824929,0.6619547963588611,1.6890271739345655,1.772789295450211,2.3100202164614503,2.116703474584317,0.6901661001683562,1.8588353305484853,1.4427930766246155,1.7814854552736994,1.2496195013922917,1.326017919972571,0.7791322438000383,1.635495606085289,4.703310081685018,1.1480822586256054,1.6109786846723575,4.324860668826802,1.9344748076187013,2.6252259621195675,2.557919612774319,0.6263138662044613,1.29216705626836,3.0845124153240873,1.6273385650127288,0.9196394874788715,0.6936755593654218,1.6623457628964498,2.7312765334602815,0.8016615368829438,0.6550860942196121,1.7505023125492092,1.2982422991972187,1.4969592954210535,0.5936174350688729,0.5834818266731685,0.5951138510464343,0.8662116359141837,0.6269877818524286,1.000903152470491,2.6113846200222084,1.646597126867637,1.319697590144006,2.8134156247735103,0.5429819725270189,1.651688668010314,0.5199218983642389,0.6658664159521485,1.090298630176701,0.6218720637457383,1.6741707556746155,1.1875453198982984,1.4480170705791664,0.546269968451926,0.5738104472826159,0.7071038065665942,0.851153008201901,1.0415605631269098,0.5144959829581
CHI:63,0.9518554072874381,0.5551587103980515,1.6348534807684174,0.8684395226413364,0.7990542361053815,1.3850747201152647,1.2171468381283026,2.499972965418349,1.1182151199777068,1.0285488666201437,0.7222264683549354,1.352420194077694,2.2445564746376414,0.6520814127189283,0.5388617982627308,0.8238351544946946,0.5546679430786399,0.4364140212360635,0.37291336972060446,0.4446314038800057,0.9734153947577477,0.9665060837563354,0.3753430298687044,1.2057727114716161,0.4749258223786702,0.9006786727633688,0.9013812946689836,2.037426929049231,0.7830622045938406,1.1408073556064848,1.2870763141584354,3.2253353489134065,2.1405723479104357,2.0870871035498273,1.8156934014603083,1.813022013180187,2.3878913709449368,0.9981316788552445,1.280910848294036,1.6161978736567326,1.630697831564106,1.0410535813843171,0.7668385509339681,0.7202284034700719,1.0284008511663123,0.9545359491578771,2.2087583011338885,1.2341581018478922,0.9989462601524794,2.37952014104351,3.869562502472375,1.069961129836743,1.0735722046398937,4.19947417531192,3.8005153500389373,0.7915979595871144,1.8764525651958224,0.4883729503767618,1.0147278552355763,0.7036333119269421,1.2305938064257644,0.47489134230626473,0.0,0.6680039241827678,0.6021587564081922,0.4214075554870008,0.8902652255861534,1.1404556034702191,1.1912429392577195,0.90766879624599,0.6221299963466684,1.236374333168774,0.9734746187633408,1.2294903320868291,1.152193403277822,4.573724395686018,1.1173402391154148,0.7476321645869808,1.1578770672522833,3.628429684657476,0.7613613320939903,0.7480455522842897,2.1939928611610826,1.9833707817577573,1.1675100458504077,1.5057707375745666,1.3823225006663222,1.585053537483199,1.6002796701042268,1.2827773718033986,0.9538597958998725,1.20141141737193,1.1407725347206472,0.7066621952905463,0.9558742826066369,0.6776161526371203,0.7361983567177445,0.7811121194791358,0.6438664711827886,2.067159305924861,0.5277095775060229,1.2287713711405701,1.7901248731423618,0.8226827571180423,0.6235390142436001,0.6881954451590003,3.3432635742451033,0.7584437864122512,1.6262130930714969,1.579784117801214,1.0083662091588255,1.7636831648894615,0.6783586576679524,0.611660672530988,0.6173244843870699,0.6645272362321475,1.6395956413499475,1.6331491197757602,2.2471164911154795,2.0715368724686947,0.8937449416627894,1.6594039550430706,1.377538192123873,1.67630188574537,1.0504204905389039,1.1126478703318659,0.7356268647197977,1.5985895621130148,4.700992326018476,0.8991934467952053,1.5766250759630183,4.279945337131676,1.7995652067085226,2.467924009687931,2.510781885382024,0.6405016934695823,1.1918224332876362,3.0400404866546062,1.5087215407756494,0.9392619704171467,0.8232820544041041,1.5946350102481341,2.572945272098416,0.8805600358219786,0.599540898107146,1.5227110436136617,1.1833379804608375,1.3738010022433267,0.6079839131000068,0.6273898248381354,0.6640371727423877,0.9265118211195466,0.7140332387665956,0.9298559791176115,2.452017847620724,1.5529642850338266,1.1784847550564925,2.7509515849722157,0.5831739443038553,1.534942202958898,0.7492435057146964,0.618953556757388,0.968484960279006,0.7897164414913964,1.5028530534034608,1.0956244842778402,1.2853199184977064,0.6224901667588729,0.6520052008450501,0.6496196367594294,0.7765742300199616,1.0198892831548874,0.711900185171608
CHI:64,1.3471052658778748,0.856423868287223,1.8283360105694417,1.1056809230682811,1.1913777717589271,1.8218733419263646,1.5866482095123653,2.8493631293447215,0.8929468991563894,0.8005895128690045,0.7163709275363979,0.9666129364038057,2.0936604989106904,1.1021875988206133,0.8393744938721661,1.0281906933741023,0.47213441585498084,0.5435177990228865,0.8218221853457016,0.8641052225787627,1.2583054257514814,1.3336460820392784,0.7405064642905059,1.5511531405967194,0.7080503649604711,1.0992888300661734,1.1022468339822096,2.259531274340753,0.9501013855029454,1.2443494132339916,1.4442723165146305,3.4295817442183787,2.3306328630499578,2.1887113467634265,1.8952274351773268,1.7511814521599924,2.2955145253786906,1.2863981220455163,1.4090786970510687,1.547490467418723,1.8781149528005607,1.1777016590826526,1.0418367419755779,0.7984503218222837,0.8730237681970301,0.766627864342485,2.0096561814565583,1.1251747984948655,1.0131626253469923,2.169838565681668,3.588957312711298,0.6960352726661505,0.8399227556016317,3.887927346807151,3.4916972751362936,0.3810361860915318,1.7661599281751752,0.6614732569040994,1.0927305828203229,0.9824202082197976,1.1631994959627523,0.6966616456947634,0.6680039241827678,0.0,0.5216930932910252,0.5924905801002643,0.9170952091757575,1.1652796566484354,1.1440576114723005,0.5804951135960019,0.7947237148501576,0.9083581177575833,0.9056431335725246,0.937251378452739,0.8238124592350233,4.217133363335215,1.5379549914432904,0.9913012814471956,0.9431968106085997,3.3700374698416633,1.034554526226157,0.9803063424719022,2.1527681864548938,2.2852617704956617,1.34428324257889,1.596667510438537,1.6745188958315518,1.581415879380973,1.4831868528562755,1.2201281443269187,1.1514130718164484,1.2481192388493147,1.1379005411936842,1.0185187125545307,0.958897097613527,1.0720206025579548,0.9211635197688164,0.9040971325982069,1.0676079043571918,1.9464730731582098,0.6891507994316687,1.19092109776404,1.9939687252228941,0.6138091236439099,0.6879732523493357,0.9126464888412565,3.1474946498729786,0.8167005361940373,1.774223795457344,1.4010028000026546,1.1369680445370303,1.8924032418368577,0.9396717169070143,0.9075941117907297,0.9176112684895846,0.7353305060890398,1.3636067269498282,1.471202966434976,2.094576329441036,1.980880217417113,0.9051153063674735,1.905992989698361,1.3046766743281648,1.534922339356909,1.1897492860351526,1.4495797009908493,0.9189481858822822,1.4700629325257433,4.3335158814436205,1.1074364011668023,1.3597249427164277,3.936791116093467,1.820707894051073,2.3151880538416627,2.4017512743738734,0.9423460734204248,1.4675385041177726,2.806283860793023,1.6717608657736964,0.8934400568178344,1.1099337879621143,1.4370867858893723,2.8597656658728563,0.9173933173410579,0.7726548902726839,1.8509006613376715,1.2986874878163581,1.4024665826563056,0.9403080090726138,0.8089366763246567,0.8314707138571523,0.8682429547452716,1.0791892756102566,1.2518118884712532,2.642285018733149,1.266189552282638,1.4516284816971505,2.5114883312170666,0.8462641219369204,1.5177681304961703,0.967711438308502,0.9738980315751853,0.9390178560093405,0.9943958234313813,1.4042039731162415,1.0652473597259429,1.6061183838860857,0.8296776653305377,0.9940016486459631,0.8523566351217151,0.8636591396301274,0.8569109963124295,0.9721335723478672
CHI:65,1.236496183421709,0.793201784951295,1.6694977019799402,0.9141915229647454,1.0770546615401562,1.6845921007743438,1.4359984385616502,2.6946442020003514,1.0453411650969404,0.9513705892472876,0.8835170834633718,1.0703134843409121,1.9678064778807849,1.0933779063296043,0.8686817657878775,1.1223924734111987,0.5619472577315235,0.5968722760507592,0.7836114088046057,0.8165131671919027,1.2763005033335746,1.322631716792989,0.6675830498494945,1.4815685770410265,0.6995605295858516,1.1852745673334488,1.107299859408505,2.1211974105118445,0.9381755284332959,1.05213009290703,1.2988877310147828,3.3167572607546605,2.2348479319953514,2.255608118994952,1.7980628090113,1.8023041268676767,2.3896780267323052,1.201517556960955,1.3905753619494974,1.4594527802619093,1.66554044523797,1.126763416544715,1.0955669112298005,0.831692000575552,1.0541103753368566,0.8486015118114871,1.942179275340268,1.2632885785638996,1.0829123565694576,2.113412235672227,3.535560114329723,0.8376594106751831,1.0686748884583284,3.86539116284957,3.4692594777869155,0.5575900789224761,1.6416592243422472,0.6284995294872823,1.1350857638124403,1.0377770076513708,1.0845447154606422,0.788558982679618,0.6021587564081922,0.5216930932910252,0.0,0.6747123634389176,1.0601289247417018,1.2583215407116906,1.2345409772814584,0.7939032312852574,0.9200766512814552,0.9489926907892067,1.127610463467313,0.929498705318267,0.9534548381721911,4.159912793955775,1.4554391291555842,1.0518618311648786,0.9839228897731943,3.341190588395212,1.1284084540056178,1.0510388930962093,2.041326361274792,2.133733541154784,1.2183645953317819,1.4877256167407618,1.5043957401877461,1.5612435999197032,1.416072744013501,1.2104791507704442,1.0669518829227964,1.2503999558709358,1.0789906789121764,1.0647388133002909,1.0452879954585037,1.1062716335761569,0.9699164598160209,0.9761309449745005,1.1285247520251926,1.9387395574743609,0.7767585154114036,1.2287244451021822,1.8283096244325086,0.6731868694178897,0.7327732289315441,0.9941429219250816,3.111968299784633,0.8586697074063582,1.6402660382841772,1.4632771555435353,1.0763311026414903,1.8383298562241501,1.0303465072785527,0.9507485810997254,0.9682491785018333,0.8484757375419532,1.4652816246049256,1.477733245905529,2.081064837241597,1.9551982297268584,1.000788160332456,1.7296359113840274,1.2764933625806105,1.4937139281297613,1.0787218906182832,1.3174913663886731,1.0222892450570267,1.4638151055707493,4.331008546738976,0.9650364368048504,1.3467161352588097,3.902997146507115,1.7120599123966118,2.208243230177055,2.387547090788974,0.947496761633324,1.4084120970954361,2.789290098752816,1.566221750271933,0.9963649514383975,1.1953817753676608,1.4599968209722034,2.7633768205114997,1.0510699011284939,0.8633083140049425,1.7444702964091894,1.2097248979042436,1.315983706867502,1.017924254409902,0.8992420118711406,0.8249016416974747,0.982203025056037,1.1657822705849887,1.2142496789494723,2.533547290610229,1.2449814150899616,1.33615932332986,2.4820659354453194,0.8559790949484476,1.4746774712850639,1.0772636608912025,0.9416128211404158,0.9095176148109805,1.1188807956342073,1.3303303052921067,1.1334164154182533,1.4805000508862782,0.904967692927552,1.0368747381411014,0.8877983778864507,0.8821797060575449,0.9670903825571272,1.0691596722578613
CHI:66,1.1048902665090121,0.5637109064816144,1.675424533595597,0.9385767256717329,0.9978311256473766,1.5328227003060853,1.3761322141550363,2.6953036084846924,0.9906552033297046,0.9015929075265396,0.6806432541194136,1.1729507150395082,2.2254211953355565,0.7813625736019207,0.5298113535869123,0.8612412416702573,0.3973822929788262,0.3859212366672912,0.5556281977831453,0.657513203613044,1.1114973216904847,1.1128299368596686,0.5685696180970234,1.3818021522557222,0.5295573029179628,0.9284428209641796,0.9503197841307977,2.23014900468741,0.8181593728791078,1.2349700528193788,1.4948813453795475,3.369958373446305,2.2397052836842763,2.1105231410405634,1.8386984784727654,1.581349268804912,2.3664769074759873,0.988545748947567,1.1809478284613617,1.4988239180920224,1.7867677509878244,1.0199718931247523,0.6526817697376808,0.5896433530813937,0.9445298712729755,0.7189327655424319,2.2219904183112438,1.089796378625411,0.8111866322850456,2.3802400793919904,3.8265976727945143,0.8629950157524008,0.7801785572794898,4.093684960792353,3.720439870581664,0.6894378137198397,1.980343444143125,0.6009989143331499,1.1350569862671833,0.7731038009198464,1.3143097082355057,0.373654114026822,0.4214075554870008,0.5924905801002643,0.6747123634389176,0.0,0.6692706161330262,0.9856887211147501,1.0644987270253983,0.720013800673597,0.4317556005341546,1.0608926339835902,0.7519994895767338,1.109989953768941,0.9508628813843336,4.5101536846120664,1.2211204549413814,0.8292379678358545,1.0429689085723108,3.5583432983612124,0.8385497618095327,0.6837878309258524,2.2849295918614865,2.126792913678558,1.3473245112897105,1.6480345470656261,1.6196887706390373,1.469026726811148,1.6243735451836936,1.1365763624857008,1.1353960259184848,1.19748700439377,1.179052380106928,0.6452321107643343,0.8334130178364484,0.6418487086731104,0.8216802317041667,0.8052822116128033,0.6415550766471821,2.0133732008333007,0.37880311692020496,1.0506631625413836,1.9072677146576038,0.6741232156398586,0.5843350764220964,0.6579241355229826,3.2484556796138295,0.5820176878564163,1.6942995796475284,1.4237798490912958,1.145066612765834,1.852887194357496,0.6199268133331985,0.6123118014101082,0.6501497564889899,0.6459068289466667,1.6138780685062153,1.66000932493761,2.152103970158238,1.9635181824475547,0.7815165365236886,1.7840572429093624,1.285639839631339,1.6397374895104866,1.2329653715581423,1.2393859320030536,0.7843161177686764,1.4898457381473313,4.551894126011562,1.0936217251795761,1.5050195931674701,4.154368339989317,1.9339425424615575,2.4657440500966428,2.4372266329011802,0.7139108144207154,1.2287671714010118,2.926452238665903,1.6291351223632589,0.7788284712773739,0.8461371995073449,1.5181259157364582,2.708730311826452,0.710557484439846,0.5286391246292194,1.6803582921859368,1.2271113756243126,1.4800499995340644,0.6910627216487802,0.6208370312516132,0.7125573510090668,0.7027444109882869,0.6933413440473061,1.012714366700715,2.6009164099163824,1.5728646278694414,1.318972653814767,2.6423655595022857,0.5951550798897413,1.4512675592810986,0.6715871175820254,0.7317954852347658,1.0524273034674805,0.6974852708175509,1.56629432663179,1.1717559442499959,1.409646311213021,0.6878268609575581,0.756208491869493,0.7134974188354526,0.7189348320468879,0.9409241918152884,0.5561298141788339
CHI:67,1.5288903923117052,1.0259749021292026,1.9624086531564326,1.230657113344552,1.2726709195962862,1.832134085154942,1.6590749978246855,2.951138739494841,1.1369887868259665,0.933927965373376,0.8498695444222216,1.139403566738072,2.348768844536122,1.1689037178478359,0.8430726584008935,1.0882821054286127,0.710633145710304,0.8218304841246256,0.9770434864279777,1.125121687828373,1.372774228559214,1.365347073403371,0.9014116233632602,1.5929927131677133,0.8064120901243562,0.8638211761938904,0.853316342301736,2.32091735214018,0.7840833709983547,1.5010226743258146,1.7078246604718057,3.5456133531253933,2.397460463074244,2.1205265093077785,1.8802168151463694,1.4624001456737559,2.1355615775411816,0.9930279744748359,1.3166272707229851,1.5001591649220136,2.0041818673450673,1.0209779358439357,0.9143750168601779,0.6708620336209173,0.9032969905911127,0.6849658914237459,2.221704534898035,0.8520725878016144,0.43779613423602043,2.3840305849568444,3.8598648345066953,0.9412620100575918,0.49578528779318315,4.107018665302046,3.7710689446220065,0.9340013259420993,2.1943216774881615,1.0228518199616776,1.2887104435152055,1.0084532453374488,1.4734519327947277,0.716486151219514,0.8902652255861534,0.9170952091757575,1.0601289247417018,0.6692706161330262,0.0,0.4946759283750338,0.9818158376511561,0.7919340479740398,0.441197999143938,1.0620531342499333,0.5124504306843254,1.1540978086761549,0.8806412690697492,4.603185207659617,1.5694843451289482,1.0303103928541688,1.0734499693107105,3.5862015178810553,0.991979776961277,0.837982506401451,2.4012034330224403,2.299001916317533,1.5027942946767288,1.7927171718937331,1.8211534655214123,1.5432187378310156,1.5853891670480456,1.2484710948311966,1.3818812475938056,1.2274543602555643,1.328241062947214,0.9033911617518484,0.9126277805606658,0.8890659221673228,0.9922046042384616,0.957668411454829,0.8729230933121225,2.052423496599691,0.6798171809100773,1.1696571883541178,2.069938909702744,0.8288759938032966,0.8322077741918338,0.7321765683800145,3.2965165613291125,0.755040960997323,1.786492096939045,1.4617634689248078,1.3397067692423124,1.9174386445241258,0.8625908388406737,0.81228984299518,0.8576541811853865,0.8290123675207467,1.6753104579795253,1.8401030319356888,2.2333839496812886,2.0378496524003293,0.9913608212080108,1.9589361001033543,1.4279924975645224,1.777280735700212,1.3686291964952337,1.4855049079189715,0.9397278687227224,1.5860785044991599,4.546815201654632,1.331685844681502,1.4890522268246806,4.171075297521389,2.0698813126969915,2.53364134753846,2.5230317234115534,0.8846401176506519,1.4260340119329769,2.9493041913940528,1.7339681555306088,0.8252014298611399,0.950795153912238,1.6325591574177627,2.845895506519241,0.8271059945491993,0.8567324337979474,1.9099619461410573,1.3301503964712762,1.5057129320733134,0.9180711680412772,0.798148679239577,0.7634362749600813,0.8250081558804645,0.9274356365810766,1.1621625206238035,2.6979823869127353,1.6122725183565427,1.4443600340383618,2.6826138263103476,0.7459585363364016,1.6583241985195636,0.8216929268013033,0.9366728874030542,1.2463988723443085,0.8655078527538557,1.7398161702474357,1.325142321930883,1.5309830593979055,0.9038279556315609,0.986250996084525,0.9298893763103017,0.8793732767854112,1.0791984713481761,0.8221501986860659
CHI:68,1.6212603717481624,1.1734047202888012,1.9276277773812693,1.293148339211468,1.4048569335822307,1.897271106535594,1.7045461151817116,2.904955539370833,1.3039571115779585,0.9840699988190509,1.0256159739154806,1.1605099262725307,2.326346368782153,1.344791912876747,1.085513025695892,1.177250670386641,0.9487661972611747,1.0538891983379048,1.2077050927655977,1.3620017575682182,1.4495081547186515,1.4509000037427813,1.070787367600469,1.621210016817993,0.9692856802118537,0.8427823641262236,0.7693709170605141,2.159821295674008,0.7793502331434222,1.5379445984622326,1.7137548204849977,3.4159280214751635,2.2998258559025286,1.9477413810718007,1.6649226936273411,1.3057291910474222,1.8752321724452545,0.9094192967152628,1.2662365283388581,1.4533033871214458,1.8993406995475948,0.8994776342659906,1.0289903957790028,0.7600502402306181,0.8712713147602985,0.7773832586088317,2.2705117001492483,0.8121266351308145,0.40954221517737127,2.273521624139069,3.848464865261503,1.0345190021867117,0.7379435744727703,4.08916026994562,3.7925812180391754,1.104099761773787,2.2602864118131833,1.2160815878771047,1.3117726830275775,1.1627956058721465,1.5746513250982772,1.0410604614574044,1.1404556034702191,1.1652796566484354,1.2583215407116906,0.9856887211147501,0.4946759283750338,0.0,0.8919335230042594,0.9488735766971214,0.7259456547725347,1.1348968382856344,0.6102981506478533,1.1818196020118854,0.8837403240359359,4.534718792285465,1.6395720136261096,1.185589084126294,1.0308082706899835,3.5440888743489665,1.187546569622894,0.9724360868186198,2.2756397133334656,2.209401180348095,1.5253465120172076,1.7164197899176026,1.8709978552514315,1.6102032487816675,1.376739030878186,1.3166781230445952,1.4046273280947124,1.2031542389237293,1.344420423168158,1.0390545842111543,1.0180176528337281,1.0499446986351242,1.1240918696413544,1.0123504527818652,1.085299280261519,2.0935905589512003,0.9227393808004134,1.2744664492165934,1.9473736655266323,0.9268630739797262,1.0190819800596653,0.8563043070755669,3.306858837860873,0.9418240046270049,1.670524011363451,1.4848364541498933,1.380348550220187,1.8032838000452656,1.0865183439189672,0.9579928217609252,0.9917357400377743,0.9150097984783696,1.5969941384511122,1.7774546604620807,2.236206758595758,2.0742673627247235,1.2450506799822734,1.9037698544379245,1.4818736318530772,1.7847958973016533,1.406190437519837,1.4659400064332673,1.0166314501393316,1.6328194351100282,4.548799031011293,1.373324215625919,1.314638901037593,4.148449955792514,1.9571141811670532,2.492374376817577,2.5777378571380036,1.0714706552363518,1.4505360295236471,2.9169777464700664,1.6757319068456544,0.8492937199211229,1.1340040746094668,1.6329711322133986,2.7457685559494203,0.8485279744117912,0.9845178207596499,1.8830223294208965,1.2906617350155136,1.4326114843045836,1.1385968531817994,0.9615718965848266,0.9542507214635639,0.8866978186354469,1.1448917765822448,1.2320438424554976,2.563538802298674,1.65741708520187,1.4313911755717832,2.6780919799785594,0.940859191634252,1.5610708286203934,1.0976035772887787,1.0924158473827748,1.284586154225574,1.0187134129088564,1.6742181844357502,1.338354524085553,1.5064618690041842,1.1009600158506663,1.2459922653199262,1.067914183324137,0.8864468546669269,1.1078554766302051,1.0630809642600263
CHI:69,1.3204777495272508,1.1460272737141612,1.4254920734999466,0.9557714875597473,1.2998870528325968,1.64992139970732,1.411062711966694,2.511314763643531,1.4201852133971613,1.0689831705763622,0.8820669792590389,1.0578263446090972,1.9379138949029646,1.2324489038530309,1.0760847816094499,0.9647782042622042,1.0621224184520144,1.0549190502185168,1.2182383264098533,1.3425378311285727,1.160224783044377,1.2542896087666204,1.0336128243211322,1.3716716427803413,0.862831581107743,0.8768253201945312,0.8031391931169453,1.7728711039982543,0.8441186155660438,1.335850975442497,1.2987335016836583,2.881084455879653,1.8631909732528582,1.5704093569075492,1.4366833098970468,1.1788049991994882,1.745346557358187,0.9865436070474516,0.8427744451117413,1.292583238319757,1.6268216038214722,0.8923117925617183,0.9238738048658833,0.5713129046726769,0.760395660503421,0.7798441587351803,2.196275485480118,0.7691427513306028,0.7853356642095861,1.9255374353591457,3.5896242579283535,1.0491209202698764,1.1070545891963208,3.8837708644701507,3.6040352426182793,1.032585100828034,1.8615721303513866,1.0428652082135095,0.9606686315976863,1.0591447590374712,1.4350281559522382,1.1424237545102063,1.1912429392577195,1.1440576114723005,1.2345409772814584,1.0644987270253983,0.9818158376511561,0.8919335230042594,0.0,0.9323415725450132,0.9151033741940162,1.1577475817763356,0.7426709263000397,1.2979393448210554,0.9239861886192948,4.128599928829003,1.3439666870912141,1.1029735547831292,0.9005347015526979,3.296549167974397,1.2193759319587985,1.0013589544352437,1.7260514972344942,1.9073713992391033,1.1130609759310148,1.3001377355588724,1.5059322384313103,1.5439240537323424,1.1000783984057445,1.1506986184468233,1.0315161076492807,0.8337011562233588,0.9381403039171629,1.1801946647562154,1.207756309679474,1.108571561467485,0.9934661131858732,0.8786136238452549,1.2418232899266466,1.8973313880795444,1.020584213279153,1.2661646787518646,1.578918136000675,0.8748264815673997,1.1525787154641542,0.916381533257244,3.0993679182807536,1.0457356017721104,1.2277239753141507,1.4073575203117572,0.9934258018836768,1.497605497582683,1.302956203318715,0.9496241506863953,1.0183447608568583,0.8955527025823621,1.305558374844757,1.407211259855216,1.9697701937324748,1.9329502121129227,1.4569970614937637,1.571409069184419,1.2849497304741335,1.5137566738090429,1.0742834673703516,1.2465953241610637,0.8670789669389829,1.2930423819732644,4.437060774470997,1.1366616184535785,1.0863829467754178,3.9794018200368058,1.5765840888397433,2.268450289310142,2.372888654773654,0.9526866970312053,1.2500232344068691,2.6680065160556063,1.309016200840972,0.7658454037136019,1.1925145287590035,1.410697809745956,2.3114836830333134,0.9119535525296409,0.995832049935304,1.5137885737763022,0.8964414382102036,1.0102065267436766,1.1737235985387406,0.9573184543700142,1.008479271125588,0.9468147575821215,1.3086642882898267,1.132383073369368,2.1621131119142993,1.3660096791844625,1.1747039412029507,2.4415801705014806,0.935689802035875,1.2639438847663902,1.3878165455413733,1.0903661949226744,0.8545431431886205,1.198249465572649,1.2081367606767992,1.039887385194833,1.407732458484196,1.203482013962758,1.2874259050297496,0.9827945635848552,0.9476324494774654,1.0711640543991452,1.2576906057280928
CHI:70,1.5158559449112217,0.975713101536652,1.87970492440479,1.1847654059077186,1.338149496528503,1.9415989768943902,1.6641039378197884,2.9624781378773677,0.883914413582682,0.6367952619223574,0.7161825618032999,0.6401572944658082,1.9110810752985936,1.2266424299941499,0.9143481280980765,1.0700962054983347,0.5863376842050825,0.7169487774615708,0.9806106885265063,1.0987911924702676,1.3424760691173447,1.4362542371298281,0.9033931144898447,1.6475023412889191,0.7875907472305644,1.0774668434030612,1.0857746430400705,2.285839712729088,0.9400615584616063,1.2391482003972252,1.519183167136003,3.4621394759105515,2.295576109780552,2.0445270713946426,1.7480361888189813,1.5175084592312174,2.0016637498427223,1.2599335692012381,1.3065452176381545,1.443028494716799,1.9323948684002394,1.1322769998859954,1.0684170047790187,0.6938131132809705,0.7747369112606128,0.6936936280865154,1.8947296512821428,0.89351910201252,0.7941558660302044,1.9328481009437481,3.4247642532105647,0.6241722165426357,0.6584157328858392,3.6470460155010813,3.2960992047751407,0.5419912078860536,1.682469620811861,0.8222196683764345,1.1903291239657219,1.0562897812146013,1.174482400515214,0.8002221763798913,0.90766879624599,0.5804951135960019,0.7939032312852574,0.720013800673597,0.7919340479740398,0.9488735766971214,0.9323415725450132,0.0,0.7691792420707466,0.7048427123201579,0.6839887706375158,0.7639036294768367,0.5242680716453495,4.014489673656994,1.6274211322324081,1.0975103835598876,0.8734606708085081,3.1329700602087587,1.1423554029680123,0.9696917516250285,2.091508920351916,2.354251118621361,1.4233391068305095,1.637689116409666,1.794044604289767,1.4039160694010262,1.2947949228355182,1.046619967321158,1.28253633397341,1.3321065626063255,1.0484157465802375,0.9925885176263126,0.7750370021083308,1.0485559570609098,1.0628831044660054,0.9751883518066129,1.1529812091226028,1.671084576006253,0.6738898321095647,0.9411188984230944,2.0478631966529064,0.6324427228313857,0.7067025129354106,0.8952510714096713,2.901180389379192,0.6683685372250786,1.8317962764346007,1.079814594959394,1.2731524291426115,1.9790530491126166,0.9928563833105192,0.9746583921375956,1.0496385918246987,0.6622284594252175,1.237674733720107,1.4041166936232865,1.8559429572471648,1.733235562215665,0.9493645018976883,2.026496664888281,1.092117557726501,1.3807177326784092,1.300834588301735,1.5466173552085147,0.998368202045596,1.2786081953030908,4.104614176710053,1.234714740617626,1.202927854485253,3.7132668455215003,1.851901670122001,2.1613777577227684,2.171167533122638,1.0463542149285332,1.5646034357415073,2.522958745683376,1.747191630461544,0.6522635944959183,1.1879787563156594,1.1953069951213606,2.927645175113823,0.7535270818706831,0.81131609907746,1.980510408247703,1.2958374644840105,1.4501234166468915,1.0803740805941442,0.861451492295143,0.9180859946195906,0.6073745012700182,1.1313711685487358,1.3786111761788056,2.6898578744441064,1.156006227124088,1.5374591239514819,2.2945791024306676,0.9437056777106632,1.3504220867319894,1.0302825083057323,1.0854615149150972,0.9910050117125677,0.9939603727527152,1.384167054905361,1.052798172553838,1.7154962543773236,1.0046145659342318,1.127260061887434,0.960536140973356,0.8280071157360908,0.7114530381990513,0.9765401553879534
CHI:71,1.1827027721105567,0.7118522798666432,1.7438201026949192,0.9886224385199123,0.9754026745405678,1.5045179079083226,1.3648439138042772,2.6640499964779085,1.0078727777989716,0.8393979769860198,0.5978423960847689,1.165070856956925,2.3311186460101063,0.803445418504425,0.4952344712102903,0.7830200414504719,0.5341050966333443,0.5463077053157303,0.6675607720140253,0.7960290406200695,1.0642119565455592,1.0347376352244588,0.6728580078240282,1.309277560343322,0.5607901712912221,0.7202453060455382,0.7794167585372365,2.1405643617748598,0.711705792387148,1.3989714651870375,1.5217920071787618,3.3042784838097004,2.18914590827598,1.9581214009301633,1.7998049820221584,1.4646273635669729,2.153039013206902,0.8576558869530622,1.1522594850658658,1.545965026018167,1.7938432519743355,0.9532413132302521,0.5788723234786061,0.462580642086255,0.784865075675605,0.7431695034993087,2.2710688598391546,0.8331321546344238,0.5538045089144158,2.388036732065847,3.923804057972536,1.0044466628040387,0.6907507849952123,4.190732188188877,3.842198124934919,0.807885989837571,2.0944668445658055,0.7992512713910961,1.111015043097514,0.7341251911598009,1.4287183247313266,0.4558804098622458,0.6221299963466684,0.7947237148501576,0.9200766512814552,0.4317556005341546,0.441197999143938,0.7259456547725347,0.9151033741940162,0.7691792420707466,0.0,1.0722618867932152,0.48177617369078146,1.210290855638135,0.911382464836499,4.626820464170723,1.22449994260018,0.7343001149931677,0.9639646567080282,3.645664982621954,0.714481475194545,0.5490499684881831,2.2704250205435548,2.074113656131288,1.3426608137129956,1.633326666186622,1.6107825612806883,1.5380186076981084,1.5669215994385117,1.2261924994856324,1.1464843283727344,1.1013201157589496,1.2229284507486406,0.6140436452072087,0.8386109984804002,0.546159199862735,0.7335904299471664,0.7350967798101636,0.564475245418555,2.0624054634402778,0.4269804062370089,1.1093270910828523,1.8706768181750253,0.7977787393453826,0.647743094223382,0.5209884059220108,3.337829588828761,0.6240049616765816,1.6158501470998123,1.474842188108438,1.1452406446414471,1.7624100869421788,0.5568682146926272,0.4847656544899306,0.5901732396501531,0.6038806918753756,1.629668575133193,1.7299243573018608,2.2378172347252425,2.0354700246134434,0.8589957022138713,1.7445840954456364,1.3737271804726392,1.7372611347035798,1.180199311230901,1.2181822883483757,0.6988569560387675,1.5708138072803173,4.652466621191138,1.0989527854067274,1.4309255847302151,4.256048192228746,1.9351893382194603,2.577773860280761,2.5269957361498463,0.5956405683665651,1.1668869834756679,3.002159326143653,1.5311213988016183,0.7578617146759529,0.6820905234543693,1.6093918560394693,2.62793356395653,0.6534857289037885,0.6260671861713255,1.643101931242143,1.1602142947548444,1.3963332809396674,0.6071478792690743,0.5238100192344598,0.605187430135052,0.6911057040008038,0.6025877699503669,0.8881015694806672,2.5151707479499765,1.6207250567670035,1.2215709475464671,2.731181477170991,0.47031174485781685,1.523087759624926,0.5884966721465479,0.6273705799152278,1.0742908445989148,0.566440101658076,1.593196376832297,1.147391140956064,1.31200493071693,0.6026810949577903,0.7065525548853542,0.6410799420471407,0.7320823684448967,0.9786331203881393,0.5038967411536063
CHI:72,1.7013475818246238,1.1659207927141464,1.919154124312742,1.234803619140115,1.4458192650641344,2.0376734874356854,1.7652047160573006,2.997562602394135,0.8587112743311754,0.7243263785868338,1.0497919626550085,0.4939619427430019,1.8116161047228305,1.4974487138208776,1.1700488739538293,1.3360810217205754,0.8310016939662186,0.9594552740597658,1.2653565883050877,1.3512431947463808,1.610452779073199,1.6270979233397052,1.214559295804312,1.7858002487320455,1.0622262933471314,1.319137262032026,1.2779628259725917,2.3017344855360946,1.1485110343522733,1.3599195064055318,1.6292265491855165,3.4716605386621344,2.350982915366211,2.2265740923792867,1.7650208187166323,1.5502231281903929,2.127318985443589,1.2845151030212956,1.421446518804896,1.3568360121274554,1.88806624608371,1.271795230435604,1.3484905796704296,0.9370319664796021,0.9987332151077107,0.9118885814886609,1.7834661017688147,1.0280875382429404,1.0287502908150172,1.9211209231728896,3.3029096474048054,0.9088922932781058,0.9039776015911632,3.5873891371484,3.204723318041858,0.707541600274218,1.7580138475643445,1.1830269910980358,1.4531642959204283,1.3430812549378754,1.2494093662939216,1.1196385183548296,1.236374333168774,0.9083581177575833,0.9489926907892067,1.0608926339835902,1.0620531342499333,1.1348968382856344,1.1577475817763356,0.7048427123201579,1.0722618867932152,0.0,1.0428689227156287,0.7741829852513209,0.44752818185556653,3.813029907572767,1.8373650881641599,1.374719803238122,0.6432620306022666,3.0557479624334705,1.5081942847109102,1.3020646322261087,2.085898051405313,2.3669522069260296,1.681962047960674,1.8004409819055036,2.0006728347179923,1.3737612529451757,1.3255830525548284,1.0765414970820733,1.4842192094461168,1.3253234245115784,1.1706755193986766,1.2330140963139726,1.0755074185248332,1.3381283162957263,1.3288162978046731,1.1880144562220807,1.428979305146413,1.7034007789865286,1.0149952573574532,1.0459404701906798,2.0013753627874356,0.737128842569083,1.0262056131523885,1.167243395740247,2.8039148440906336,0.9194700270662981,1.7843416711486746,1.1423151733315466,1.5015917651155,1.9110119439933768,1.3067132362443803,1.2576197810763416,1.2620257166794249,1.0872570022306849,1.4074621520868047,1.4305184338381112,1.8134996919484647,1.689611542697525,1.2798647078065652,1.936270636590726,1.1459244760685905,1.4274213964747524,1.4033979372885559,1.597936014973335,1.3045969234845511,1.2456791129676739,3.9452349552978414,1.36098602952093,0.978669097275375,3.526183558319854,1.9726436962890161,2.1394156641839555,2.163299536449704,1.303443256285982,1.5637130994569137,2.426821509493042,1.7009359493813299,0.9175704990598642,1.534260712274856,1.2935454969525773,3.0312678915061917,0.9992191521953782,1.144513722454411,2.1146264875562197,1.3470408738822692,1.4352192646493676,1.4296352717082335,1.2299974251115684,1.201228578351046,0.8898305148281849,1.4572501584220408,1.4768539507751866,2.734131662952475,1.1842145104160533,1.5904480564252865,2.1598030793347216,1.1263476512871886,1.3668688469818957,1.348579879347958,1.260251423445429,1.1979401876432691,1.310013000458713,1.4132038250492565,1.412315293388753,1.6736830587294063,1.2217260285309295,1.5092329772075532,1.2395292425565265,0.9333722704646553,0.8663691663974814,1.2747512257521554
CHI:73,1.4816966792268662,0.9806901389373867,1.8984857606685552,1.2120826333660546,1.2438529076026206,1.763831172318917,1.5820750718224006,2.8526235719660247,1.0137084612292635,0.7565121731339762,0.6428698826335291,1.010252948162943,2.3420229068540332,1.0855024495361845,0.7784082593276468,0.8709297940558726,0.7247206252645159,0.8081965535002692,0.9766350654012509,1.124788912543318,1.1697457471888808,1.223916967788559,0.9325956272772562,1.4573397218882045,0.8078961604263908,0.7596847160960092,0.8705540872920539,2.206437460692067,0.8611969058539004,1.5528370637930062,1.621371632678164,3.3567792968304664,2.2753603234755526,1.7872740814175103,1.8285900374877841,1.3603637541652065,1.8467773790774573,1.0871545516807588,1.2431599552792805,1.6282289031815484,2.0010688694603163,1.0771251114264389,0.8294329937203087,0.5652191831801928,0.5776701538834964,0.7376344603551765,2.325180034565553,0.5466317554303235,0.4687203875266231,2.3056903669688698,3.882851590392512,0.931897544721649,0.6393558149394708,4.123283526155091,3.797107674458486,0.8270723746023916,2.163491182241418,0.9836629100753604,1.1280027580725627,0.8853433957097002,1.5486972681070843,0.7442829749015364,0.9734746187633408,0.9056431335725246,1.127610463467313,0.7519994895767338,0.5124504306843254,0.6102981506478533,0.7426709263000397,0.6839887706375158,0.48177617369078146,1.0428689227156287,0.0,1.205985112228868,0.7532936676165025,4.529019942285514,1.4591746269723664,0.870812096042101,0.9215397110351233,3.583135182944218,0.8479159925032304,0.670167825726525,2.2193214023695047,2.21361472469444,1.408194525761086,1.5949290229141058,1.7306750832114621,1.6666224933805354,1.4553994241514396,1.3186186388115047,1.2639010207963706,1.1621753573157279,1.2884647944042518,0.9242822986531702,0.9102218622695954,0.874723125137643,0.8366763580171106,0.796114377551009,0.9219912456865107,2.0842111804104166,0.6987494759133469,1.233868296503225,1.9846473515359968,0.8600053176769081,0.8055757593840474,0.7139329095598932,3.3402091523594266,0.8471207993021274,1.6836778369153562,1.470186894849677,1.1969789705448446,1.8114312273664215,0.8154254685381402,0.7217344670687749,0.8658318481556148,0.6285956554720418,1.4195897720465358,1.6861270384427933,2.247199135787865,2.114037932305264,0.9936702016677601,1.9210766810116289,1.4735679802730988,1.7683356559006795,1.3028708249782803,1.4427672034405077,0.7804522792927159,1.6206118357263286,4.589359689912929,1.2445279252065413,1.3286644397482184,4.202227625417736,1.8540243555254112,2.599595117701585,2.593430737379235,0.8134055002449808,1.3734659995630758,2.9398995928437652,1.610572194024405,0.7572032322669511,0.8201120562794318,1.6000239357759916,2.6912191231801708,0.6705820532424357,0.8085645143289948,1.800629713673296,1.2058511449642544,1.4303082695642004,0.8328220667374321,0.6375068924959757,0.768290924533067,0.7401332105726323,0.8889489579291098,1.1134921273599028,2.5278389608826575,1.6081232082279426,1.3564134446009237,2.7183839226078157,0.7767974403507484,1.5550071722559236,0.833605582043916,0.9109605108416239,1.0685873240367494,0.7170160688851487,1.543901977151674,1.053444498171699,1.5498276146528247,0.844956455399775,0.9145094582216321,0.7834469733869031,0.9016770105211466,0.9599229630348556,0.8028353562715032
CHI:74,1.7572538524932044,1.2765147583406344,1.9618140771872972,1.3774320126175263,1.6481907919573529,2.223833971303973,1.930925748721732,3.1843323224631876,1.1808273592701541,0.9601305272944999,1.2582063137316688,0.8625169591792212,1.5849055489321084,1.63664806986163,1.3452741147334137,1.543554827483736,0.8897631195122144,1.0970946090508686,1.365365709872629,1.4662170022731973,1.792646562505502,1.8442388490561576,1.2524341452966636,1.9978831237970167,1.158252319248945,1.4997871099500264,1.3324049486005074,2.4193228148796058,1.199821460910206,1.1200199966769881,1.7175870993961602,3.692629659566159,2.470023621822252,2.469168722798296,1.699082114609813,1.6143335812336417,2.298295164353788,1.3935869888259718,1.443091927541553,1.2308685376743584,1.8970501315578983,1.1801060019695453,1.44995067497826,1.0700901774621725,1.2038750754266236,0.9371612734203691,1.6659574424124801,1.3391464993677895,1.0794645928759088,1.7415626871637726,3.0921175399904675,0.7911449597138043,0.9775656780829115,3.313656119576177,2.9486200477095528,0.891047862426111,1.6533497352731896,1.1987130630752543,1.5862541416104181,1.4959534351583326,1.1190227107214297,1.2490959963944588,1.2294903320868291,0.937251378452739,0.929498705318267,1.109989953768941,1.1540978086761549,1.1818196020118854,1.2979393448210554,0.7639036294768367,1.210290855638135,0.7741829852513209,1.205985112228868,0.0,0.7496263226871912,3.643356517617412,1.9382288143839848,1.5486381829599785,1.087805288432945,2.7823853889224894,1.6382317533938664,1.44723025474159,2.150537047818522,2.523745660970084,1.6452025985536847,1.8723113504814315,2.092837371522338,1.2605716228699773,1.1800935059517537,1.015176712068067,1.5444742395792277,1.611682226625634,1.1426303626793617,1.3631739030357486,1.0505357014637002,1.4629348794118031,1.4897221152007385,1.3832304107682192,1.5717455244800396,1.512643187686338,1.1682331255763605,1.0091012920552902,2.1424128600961834,0.874196219178205,1.121399293779941,1.3585448603791621,2.568283683677043,0.9681664517404194,2.011928024845474,1.002658420250132,1.595912945070892,2.2004019382413853,1.43007098598916,1.4137885850751089,1.421827638150893,1.0795712258271692,1.4654818230583622,1.4416737579440801,1.6053716293225815,1.5443702555978938,1.3124877327358613,2.1549430127570415,1.0857230259136412,1.2007756578979236,1.568089117126577,1.7030348010518184,1.4663021503234492,1.1911941801035648,3.653427868527863,1.482188149372591,1.272997690996168,3.2746208253299574,2.0209978493699965,1.733829312955705,1.966957718122213,1.4461318559669596,1.829087192921409,2.2161898873237327,1.9912595989147683,1.0385903762506719,1.670641569720553,1.1222563197710813,3.227185051286705,1.1798581932350074,1.2257785061307704,2.2453393119615677,1.4988838592038887,1.642286798007175,1.575364727854055,1.3754111898460364,1.347802882506265,1.0337067592983449,1.5846976095819192,1.7054678788159503,2.9403971083947162,1.142571404108548,1.7988511092354393,1.9558093742154299,1.3058454821645866,1.4072265004066662,1.4742973411071296,1.4612844719621458,1.2830062529969501,1.4894158478751909,1.5342485336072225,1.5138754445548313,1.90824762725514,1.4112563078364713,1.5826239691953876,1.3999012391032601,1.0550021504263116,1.0294217844113163,1.406669786027429
CHI:75,1.642503673516782,1.0820115965404868,1.8837455941378611,1.2308403576124507,1.4136208049013508,1.99214005468262,1.72560907782205,2.964290972817,0.8311931575316795,0.5591160412933048,0.9059327399104907,0.5002174639820418,1.892314538137248,1.3930405352042594,1.0677038624630493,1.1671016807533519,0.745306162022882,0.8792975177146066,1.1787070063788818,1.266693314042678,1.4481739967263658,1.5139109971126377,1.0781117116563943,1.682159873721095,0.9342287549046822,1.1037995899075732,1.1083889853954616,2.229568126659606,0.9758127442446224,1.318748661201337,1.5526000187567213,3.426914967798469,2.295979384041996,2.0021981004238754,1.693418362004609,1.3849110854497027,1.8988531343866306,1.2095714938454185,1.3068145857244244,1.3854796646861047,1.9138710992096912,1.1564914966179327,1.1882822034160807,0.7580955539325429,0.7144572720471998,0.7435952190615858,1.8663186731322108,0.78274816846216,0.8184560980965901,1.8862308958403597,3.393178041926451,0.7288028912350274,0.7144870892834899,3.6497806037365352,3.2892281062326796,0.6272283466186644,1.80744033470032,1.0420085175490927,1.2614863158137002,1.1556280140631583,1.2425656938451366,1.0319858106860247,1.152193403277822,0.8238124592350233,0.9534548381721911,0.9508628813843336,0.8806412690697492,0.8837403240359359,0.9239861886192948,0.5242680716453495,0.911382464836499,0.44752818185556653,0.7532936676165025,0.7496263226871912,0.0,3.9446986010896694,1.7318067614497177,1.1961254978247613,0.6039888787430979,3.106256979011314,1.3294775641905252,1.1340577319591527,2.0314228467857074,2.297326541498308,1.5265731791064483,1.6113086489724964,1.884807122658946,1.4347343862129838,1.190672905809994,1.0989294530852154,1.3213549887775404,1.2596530626232398,1.1152935428897088,1.1377308583934789,0.9745478734202428,1.2187993227447262,1.1661747153700228,0.9987120162674108,1.3204847024958923,1.7716376584286808,0.8962921592721875,1.0812200301761865,1.9633909967151812,0.6423029642413662,0.8948195899130659,1.0270519136004306,2.918959354479297,0.8754763041849463,1.7179726539067337,1.1424744495540229,1.3126348844728803,1.851721671909744,1.1760611637081686,1.1195194928702226,1.1477220718906866,0.8300117044775713,1.120704058290426,1.2979297065072342,1.8623035083580857,1.7899216340224915,1.184160426860088,1.9326255075511636,1.1941163467687759,1.4389068321606346,1.342734192713066,1.5132124102831574,1.0997266635024932,1.2900849748239498,4.080468964818704,1.2508026962001693,0.9555219177708291,3.674603146419511,1.7774129198021922,2.1767305483953616,2.2580022596204015,1.1841454303198247,1.4875704153949032,2.483340903059416,1.6671464472035604,0.7488271737033942,1.3645271773417944,1.2215983423372418,2.9070725741462944,0.7750719767863604,0.9603252367040082,1.9904865837184662,1.246917584719782,1.4055764584061692,1.2618537579829168,1.0367111949030272,1.0898330124183981,0.7377609473329018,1.3107713030724473,1.378798815675526,2.625232794716644,1.2536774005537574,1.502510710747176,2.264507249194483,1.0558412410785152,1.3163058233729201,1.2457040795137058,1.1681969267549543,1.0070197398128533,1.1451724636434122,1.2975452387618533,1.1528620855026994,1.6577498087711728,1.1242329199561045,1.352202321261576,1.073853518214657,0.8397797532585176,0.6735302105764265,1.151085056317664
CHI:76,4.623658327351684,4.5622794166247775,4.129107718719093,4.251138871865123,4.742699506489167,5.010719837387281,4.62229915927769,5.2763653546780525,4.467725749570233,4.2709208377238905,4.446442964316477,3.738572619340012,2.452908531381327,4.825284340307169,4.668733440072254,4.655674361766097,4.375316811169373,4.450284596649143,4.678183702223472,4.696346131193482,4.738551201052991,4.871214928043783,4.480843371262006,4.8627221501671185,4.354694071848434,4.687340449536317,4.459087444266864,4.493705735697198,4.3425467168654786,3.645480055011421,4.029548736540595,5.2366509754331245,4.246787925046461,4.821908776485385,3.731577086088266,4.176660784041916,4.366008484259785,4.493235908005065,4.112031932161076,3.575881704556573,4.178995734540359,4.20369436124375,4.636040459386658,4.268592686801345,4.35994497834755,4.13557021686904,2.9224585995539156,4.426882103501565,4.44628425602287,2.4367146431293394,1.41350857232339,3.989823208129065,4.388566249708644,1.857586623275291,1.6418928661170429,4.154644903048642,2.910495407336434,4.288959292734682,4.361398024299471,4.6669605474461715,3.539905460810044,4.655500623058069,4.573724395686018,4.217133363335215,4.159912793955775,4.5101536846120664,4.603185207659617,4.534718792285465,4.128599928829003,4.014489673656994,4.626820464170723,3.813029907572767,4.529019942285514,3.643356517617412,3.9446986010896694,0.0,4.806185204912441,4.795495056956602,4.068121406704187,1.5586350253678134,4.980002372530179,4.768490266418908,3.4894576551702543,4.8491269349344925,4.242860387748727,4.312666691395733,4.639704029075185,3.550440995608454,3.47906936527877,3.5996291250918184,4.3341770840874885,4.4404487961237455,3.6260340380387643,4.645187740514069,4.237454580735338,4.721400648791424,4.749114575917959,4.555101100942711,4.937695686913957,2.9250853304502438,4.499952753500405,3.842379930685452,4.3868992239277285,4.0416736747509345,4.426524574196555,4.609786125954868,2.124854847470055,4.197516003418406,4.484796658760216,3.3596706879800573,4.457399311203301,4.674379569112992,4.90083802964083,4.714592882728998,4.6989816596191485,4.404616284852671,3.8020687959142636,3.426721570571227,2.6800812881536693,3.062894786764972,4.7859789723532975,4.602047997931729,3.4442401965033387,3.1112024944980794,4.26032599071589,4.5641534493319735,4.632886056454713,3.2520357158676494,2.4506510147383467,4.342601663548816,3.707000602769703,1.8485950093542198,4.359761851135935,2.344927046137752,2.8028026996926023,4.68584910654464,4.770923304005666,2.0190162052377505,4.520620302127322,4.083125755616213,5.056989709869495,3.244614589665611,5.3778621807455345,4.4346776038955555,4.508688295102406,4.848690487905838,4.207137707969092,4.129629434246746,4.92290513357269,4.681949220771049,4.689287438154059,4.209941672505953,4.979375080453911,4.866255519542237,4.960784396909529,3.1751265778966666,4.646074279398997,2.168225643541015,4.600566982636639,3.686111273605664,4.989444809040631,4.722366325390922,4.10307096046662,4.913818360895055,3.7076774437112316,4.345190844234019,4.8009252733790895,4.8103607502391394,4.959979423119558,4.630034849442384,4.263088120086266,4.017090783314861,4.847644238552599
CHI:77,0.5612839044160736,0.9072477727621961,1.0634465056933557,0.856785184681658,0.8017853329811071,0.49513494117683143,0.5663985525482128,1.6398452521247726,1.7529202198841252,1.5884934890884028,1.1482215343444562,1.8617977527431302,2.4664668396672687,0.6756597571556575,0.984859899175605,0.8248064733927011,1.3868319716282955,1.148163822597894,1.0061690572818252,1.0084740103490921,0.7174720810570894,0.6354824116660638,1.0085054148596964,0.7158094188855841,0.9936431322339735,1.0765926893929372,1.1073483363347905,1.524080294659251,1.1696815176300934,1.433153063200657,1.2299117441828562,2.4324834014588195,1.4687253158962057,1.6280763179131013,1.5723254690493145,1.776660613207614,2.361932072586417,1.0593387797599583,1.1130963740202655,1.9437682434388206,1.299658683194098,1.2021208381222297,0.8180572402667361,1.138361364004869,1.379208336676936,1.5042973354945142,2.659771198236878,1.54216907568399,1.5305416293811573,2.624215195213974,4.193854142542092,1.785941120756319,1.8388695440832663,4.559445578664381,4.217256440359416,1.5063528556774683,2.1985504839094205,1.066035611628293,1.084381746552413,0.9079166846330441,1.772771572028372,1.273417520629192,1.1173402391154148,1.5379549914432904,1.4554391291555842,1.2211204549413814,1.5694843451289482,1.6395720136261096,1.3439666870912141,1.6274211322324081,1.22449994260018,1.8373650881641599,1.4591746269723664,1.9382288143839848,1.7318067614497177,4.806185204912441,0.0,0.994018555059835,1.4895303858458369,3.9553470371175816,1.1094653462407507,0.9867993693425858,1.9310600305618375,1.189111252915017,1.1500235781958796,1.343766006781976,1.2332286270575434,1.8566014174298546,1.752735041132027,1.570870324718959,0.9402519387726767,1.1896376809214002,1.3498355128531783,1.0312093472824715,1.4281756681145534,0.8711897383603189,1.0740068005586263,0.9724032488831482,0.9453317461908993,2.3928382046509498,1.1710223481575268,1.6795680079841895,1.1911374026261081,1.3932623845846326,1.2806154769857199,1.0208548975380651,3.6535022458322857,1.326392112841226,1.2409197134823122,1.9971050697451789,1.1480060385159199,1.3306640200637387,1.2241252385826324,0.8966915326833452,0.8791710358175758,1.1799377026613243,1.9235402542261888,1.7892832714258735,2.4892522397370946,2.368756452382833,1.7314265179206012,1.1233552955196888,1.681141915055723,2.0156024529195893,1.0980996850533666,0.7059896165524223,0.9299188455356205,1.8881491081586277,5.252066551751726,0.9654537033867991,1.7218336586463965,4.736892411672667,1.780521481248235,2.82969399974723,2.8097181746039768,0.9343738131484448,0.8941292634959246,3.3083358556814866,1.127104095299866,1.266202546700481,1.1285228928367563,1.9577923967649096,1.7423713262983365,1.2203850450744074,1.0868762201815454,0.7839259084141073,0.9621910067488252,1.3753966949321799,1.0248398794786324,1.0575955181208891,1.3251714691309313,1.3841666313943146,1.0152731643790598,0.8103633406478364,1.8019072465410582,2.070643076202664,0.8367883953416918,3.049100400451319,1.0373581603185535,1.4276654987491209,1.4012535911911925,0.8934192145430749,1.2776969883041294,1.1892094430973394,1.4885509487781192,1.2935990918235796,0.9448526004308276,1.1522531518466876,1.186248740849598,0.9370473093500593,1.1666425993685692,1.4419499955673452,1.2277300534585947
SP:01,1.0587589678803133,0.6906754568129277,1.7050891617411321,0.9932893960510168,0.6095275134946906,1.1945409688738537,1.0781092662392575,2.2734743897959313,1.06461212308362,0.9522541298128887,0.561104139400173,1.3891428919768187,2.4871366113430384,0.5155049302585154,0.42761939400565524,0.40158516038863107,0.8365763270080895,0.6394823937924102,0.5163951634123894,0.6106936438769467,0.5468970504325978,0.5904515567869812,0.6393355277239132,0.8193545777833752,0.6570573350655675,0.6218084156211021,0.9144310511826328,1.8071401809959031,0.9077105180983239,1.4943351654596666,1.2545804651237278,2.9506514941344033,2.0521017903387464,1.6680058188221243,1.902226808075931,1.85782702763993,2.093566643055473,1.12418496030005,1.3807666508406977,1.988136761777746,1.739536988619193,1.244484799822283,0.8431621124485587,0.8121451566660352,0.7413525668119766,1.190881386662616,2.4626986138309697,0.9488326991451098,1.0893765064324823,2.5446974045988804,4.17434270368956,1.3726665488267842,1.2707346980975767,4.512911860806663,4.135907705959883,0.9263899252161155,2.118889347017668,0.7414969136368411,0.8316655673535823,0.37707791521952294,1.5770721353564334,0.7483231599783163,0.7476321645869808,0.9913012814471956,1.0518618311648786,0.8292379678358545,1.0303103928541688,1.185589084126294,1.1029735547831292,1.0975103835598876,0.7343001149931677,1.374719803238122,0.870812096042101,1.5486381829599785,1.1961254978247613,4.795495056956602,0.994018555059835,0.0,1.0836022383993398,3.938561622886001,0.42443880973159237,0.6038837107594602,2.1193018140341313,1.7352820320980398,1.0836880123451622,1.2062643673396565,1.1727088205582126,1.947520544362167,1.5843755928374563,1.6094291798960456,0.8035428953340431,1.0431949489221832,1.3360309321916084,0.8811095256188363,1.2046264836759355,0.7718700695115687,0.33948466188982096,0.4414159503406331,0.7124996603120923,2.367324366947635,0.7416431365776982,1.6265153826503733,1.6444129863174346,1.0597524901751438,0.8669273173600737,0.6351680323070528,3.709410325883571,1.1358453725944277,1.4161645069634747,1.9014883923084844,0.8022727419223494,1.4785976712774846,0.7280381792535654,0.5741924501434937,0.6169427846453549,0.6209631649419085,1.4778361502862263,1.677336941990909,2.5540453694259706,2.4542762572447567,1.1789365339753919,1.4980703624641825,1.7096387663447308,2.0409870620697044,0.9439564363637246,0.9990245261293315,0.4791003925560816,1.8498671754409928,5.099360042799464,0.7595467632492605,1.544346947453492,4.665706180259944,1.46668362446582,2.831925399560221,2.8764812027203956,0.45343841378479505,0.9421093713964858,3.318592788152765,1.217288360975642,1.0481242525898709,0.5323481959091321,1.8666596690316068,2.2367045478928187,0.8431122791205348,0.7669512462757294,1.291212264453262,0.9787604703400946,1.2812703378457062,0.3511769699388512,0.4923514465252405,0.7371323033375822,1.1339304327167703,0.6263882667876493,0.5861639408727235,2.0933754106279228,1.8065145583427717,0.8508713568809858,3.077740340562931,0.606078678345157,1.6808167298371997,0.8779783980901432,0.3972271385225528,0.8257636330236874,0.7176562085231972,1.4082509514397454,0.8170051221543546,1.1273632863485938,0.47775522831723294,0.5443212231070729,0.35889884979574904,0.9517244113359828,1.0619682342163344,0.8419017878039564
SP:02,1.4096978423042759,1.0000956500207763,1.584838739557793,0.9911739128702373,1.1730434286940137,1.6725213307590094,1.4265368273945003,2.5516135738105676,0.9758768054867296,0.7360989166411667,0.8753424666079259,0.7347765566851675,2.0246056099887295,1.2556210724515346,1.016316565318741,1.0065523001377688,0.8502036085321478,0.8544445598678533,1.1332437466553136,1.2057125007459732,1.2541589811975462,1.2770834218625697,1.0363254576154661,1.3989563290952582,0.8851843081004148,1.0053984093248716,1.0091123846304684,1.8634439964138494,0.9244770225477007,1.387287504593895,1.3721189091711279,2.995812743217575,1.9744359822282243,1.8362585027549652,1.5134175784376824,1.388723729300147,1.883840437381003,1.0226731231035846,1.1889689367917355,1.4248320505297578,1.5878069018498997,1.0224418449156754,1.0715171568585031,0.7584946316636179,0.6917961373825076,0.8483897224259017,2.045503556881912,0.8334411017773732,0.9453094929492217,2.002174715139066,3.5775594415858896,0.9964738769281112,1.0496368870699115,3.900016789570336,3.56242851416808,0.7233097103808573,1.8834604654418132,1.0681837966110697,1.103754398591719,1.1098494924482287,1.4025276719927826,1.1221952106700595,1.1578770672522833,0.9431968106085997,0.9839228897731943,1.0429689085723108,1.0734499693107105,1.0308082706899835,0.9005347015526979,0.8734606708085081,0.9639646567080282,0.6432620306022666,0.9215397110351233,1.087805288432945,0.6039888787430979,4.068121406704187,1.4895303858458369,1.0836022383993398,0.0,3.3600624145980613,1.2743553314986014,1.0504208536793003,1.797902115156816,1.9046628277754067,1.3948389021766605,1.4064608294473155,1.6740407599811475,1.597656429456616,1.1377367679325927,1.2186934404583942,1.1404375692841269,0.9058266325816658,1.1325226237904191,1.0943373100356537,1.1046553520238098,1.1699158481083498,1.0311170386013229,0.8379791263162053,1.2480770500177374,2.0139283263378025,0.9454207591470611,1.3004129043475987,1.5410432362930528,0.6905705390939851,0.9730868638408995,0.9399758833824822,3.158180345536992,1.0065241005750667,1.2829411306422234,1.4279825242041473,1.1712418845769548,1.42624196853471,1.2094644301457638,0.9987682815527892,0.996655107784726,0.9476926816465873,1.2663631641327935,1.3591895912429122,2.079788823372162,1.9834599400677797,1.3915315752774158,1.482498798447982,1.3203633461216306,1.6228820116371332,1.0718368456980325,1.223117420661541,0.98379362843712,1.4382777877327724,4.392040831143025,1.0208616079537902,0.643888428215484,3.90942901267123,1.6182722409379842,2.3819564618393345,2.494780691077504,1.063814208619143,1.1625025092871768,2.7327008548522485,1.2244258353343633,0.8238873278632115,1.2925146167053065,1.5038929857535095,2.5260780979206143,0.8299198026710813,1.0010710468687711,1.64804975636449,0.9533918135622151,1.0736338848814613,1.1918353239987196,0.9940542529560962,1.0673608519590818,0.8585906928216687,1.2834918039585705,1.0840951938223204,2.234294099921658,1.3460905755916261,1.1638854757258716,2.4545957400274303,0.9247036255121588,1.2089261791962038,1.2967396033475451,0.988582612177918,0.9516186594129612,1.1266867097411488,1.1093592893126998,1.1160266703606745,1.2671076066729647,1.0166920989122277,1.3721732487597709,0.926767218839763,0.7678148240239216,0.8159818800974253,1.2105176197234009
SP:03,3.777642225780322,3.702384113579631,3.4351403996919823,3.486269425060689,3.931883789401714,4.217987613904121,3.872662071699331,4.679385941141501,3.6794320184709304,3.4648281729367945,3.622150680726678,3.049621733580829,1.8383551567267575,3.9444000848098892,3.7856344044423955,3.8242392243624237,3.495710177460563,3.5840072792444446,3.7845116315700493,3.7803312406370315,3.932183806247251,4.039471213442301,3.565462067228124,4.092374110093697,3.438321168475133,3.7784535719054486,3.5390062551596926,3.9578654615994977,3.383430422123858,2.737908463950253,3.3221816303075555,4.858017633566072,3.602462590441137,4.145156503709439,2.9990638777605527,3.236653007383646,3.6683682877338546,3.5491292627502147,3.2021682707164483,2.62906193231466,3.5289414860425676,3.308982225268634,3.674380857141489,3.3578674250802596,3.565848009789797,3.236714311096336,2.0294007897050617,3.6078954476827088,3.4790758201647822,1.7286543420489695,0.9515239879853696,3.1070180468416666,3.3819497355582286,1.1863926160188056,0.8259348504602807,3.385543499179198,2.2755940618893518,3.4052932214145883,3.5683907212149735,3.764322396240092,2.594172613404534,3.7113430696156198,3.628429684657476,3.3700374698416633,3.341190588395212,3.5583432983612124,3.5862015178810553,3.5440888743489665,3.296549167974397,3.1329700602087587,3.645664982621954,3.0557479624334705,3.583135182944218,2.7823853889224894,3.106256979011314,1.5586350253678134,3.9553470371175816,3.938561622886001,3.3600624145980613,0.0,4.068517594800386,3.871017549166904,3.0529067855984757,4.206546532712093,3.4816342529092674,3.7020947644449174,3.936473635048609,2.4605874654781683,2.8707946597961613,2.6496410290060908,3.5491054483050055,3.7373456691923197,2.772540728327085,3.672265034520082,3.2585996409977684,3.7396600449231325,3.9261060995642407,3.733068701891917,3.9607660750882183,1.8977586449521577,3.5782855910852565,2.802466026684545,3.802544065795594,3.201304507689187,3.468141672776549,3.709792065534276,0.9241005133675086,3.206677382876805,3.880676295389972,2.3089709363012783,3.6863594951710894,4.070977368122051,3.9419143080898182,3.8102165923226305,3.7980587176638565,3.487520700108387,3.111028737810633,2.680558016772613,1.5898212684451773,1.9586115858837743,3.8189200116799604,3.973916921818014,2.5317827224041816,2.0857115770903207,3.5225132113260393,3.7697636995184958,3.757776642008023,2.4062076359843,1.825787155938947,3.564018908245151,3.0883353587310656,1.174287680180112,3.8789944217627155,1.458722813761467,1.6877919383848303,3.8185025291304053,3.9816393157317123,0.8546827521374672,3.9127385371845995,3.1867514548925793,4.150900856805076,2.220381964532542,4.795624774386272,3.5271684284217426,3.563866147318637,4.091138755896897,3.5019227423317574,3.4987011630089495,3.996451832267945,3.778368950785029,3.8024139299615767,3.26841534234274,4.008171729073986,4.041434677482321,4.488250443675916,2.461028569153066,3.905764272011129,1.1734693232698001,3.7367617868914245,2.8998941804488707,4.010490992581601,3.857798750432451,3.364176640845922,3.96845105054696,3.0788925107518823,3.572072258682066,4.030615285552261,3.94470369364115,4.01892352986101,3.776064232086175,3.3831054088359993,3.1456909133177664,3.8612037851585845
SP:04,1.2048660248898115,0.818596742643044,1.8865071839594387,1.1573555348922546,0.8156160328582998,1.3312350133570603,1.244737118439082,2.4744648556826254,1.1817021712801024,1.067351768055118,0.5944224570673535,1.5008277736215365,2.6799477814201276,0.6307835167964425,0.5170325648247531,0.6091108310031028,0.8942418213276855,0.7687213459749921,0.6310278580165847,0.7569417860727395,0.7345112837434036,0.7687938471527215,0.7608967215517697,1.0136735571481796,0.7962383705308399,0.7211181571837846,0.9737737041561921,2.0269405363396578,1.0156585950294097,1.6544360996782654,1.4746437895676567,3.126641261488276,2.209759448155613,1.7596404748754724,2.039950086860867,1.9111294186487964,2.111838308821871,1.2487001400374353,1.5348496128066245,2.1032145892310123,1.9326547326655859,1.317355391559832,0.8702519912550807,0.9085543085434991,0.8565765345776613,1.215949106787819,2.605362946908853,0.9930586266026601,1.0579650466748034,2.706570070799625,4.2995092980199825,1.4101823274405472,1.2667412844220793,4.613386382539346,4.251212213219404,1.0148839638551317,2.298937285306683,0.8651418488699932,0.9862393662098868,0.6119139754972895,1.7189529322324288,0.6863816002934112,0.7613613320939903,1.034554526226157,1.1284084540056178,0.8385497618095327,0.991979776961277,1.187546569622894,1.2193759319587985,1.1423554029680123,0.714481475194545,1.5081942847109102,0.8479159925032304,1.6382317533938664,1.3294775641905252,4.980002372530179,1.1094653462407507,0.42443880973159237,1.2743553314986014,4.068517594800386,0.0,0.46833757984714014,2.278721931364614,1.9447883978717215,1.203013908029082,1.4078549955472721,1.3229739724981682,2.050522532328257,1.744600223006257,1.7107517937669745,1.0715405450017064,1.2336282774670446,1.4917980070146013,0.9492550093393791,1.149692460158446,0.7933353835815921,0.4631063249481474,0.6757238177822236,0.6762009838857405,2.462228501246824,0.7866508789820024,1.6646414929505458,1.8639917154380499,1.184649908031059,0.8360618588383718,0.7131760738520823,3.8130717792950675,1.1434873766655453,1.6468205995973162,1.977874992113048,1.0278628681885378,1.6885176260497938,0.5982944209440112,0.5110847810086817,0.7012193552834098,0.7005180582965346,1.673146781634475,1.911128493518112,2.6941032809922842,2.5560615966572953,1.0638550118567098,1.7450590063340388,1.8322249076198287,2.125836116853726,1.1109636703205812,1.2760032365266554,0.6073689072430785,2.0431807017915586,5.180051375909614,1.0107301386452763,1.6997148077946134,4.764287362496792,1.7184733922895066,2.9778930870911715,2.996095181657281,0.480308689092856,1.2580769692292293,3.450961306577735,1.4256290509404412,1.1483441644136136,0.25208122181793663,2.0179611766734635,2.3863796246318056,0.9911798546785284,0.8775150033790206,1.4824583555100448,1.179392262974581,1.4393487189398326,0.2677593884700569,0.39604289553065103,0.6467811390732126,1.1797936393576864,0.5516546150752658,0.8168790561541982,2.2587066162116156,1.90101717132787,1.0764302841394655,3.2035210278941086,0.689198546603652,1.8466774451921664,0.6538497243654817,0.5792590488634641,1.0864825539871419,0.5850177436596525,1.6210857583259857,0.9421318346320776,1.342486363754834,0.4826663295040454,0.3369106520063449,0.4586705552373414,1.1170990895268074,1.2381214106310063,0.7887237009776128
SP:05,1.1047041098125314,0.6512452524463673,1.6460254244711479,0.9656690650050511,0.8401029126935533,1.2707189908595393,1.148957469505295,2.4408491088299997,1.1360429206289921,0.9421310304913892,0.5188211299064486,1.2812366778342548,2.499411574543024,0.6387864731980649,0.4804953546944942,0.5607139416865521,0.7651154778113343,0.6607950892996433,0.6645258023145112,0.8343848852545279,0.7991960974735867,0.8100849832716104,0.7154890562117721,1.0531090216431267,0.6747795812013935,0.6637666614585152,0.8066219067191087,1.9690701691258143,0.8538202701332661,1.5054224998158587,1.463674273916443,3.0419987431980395,2.016540478102863,1.6782309290891906,1.7387946651793627,1.5355097987524315,1.9971810465857052,0.9870334997735376,1.237342576162847,1.8205137837454684,1.7480567376100402,1.014037098169247,0.5850846809782041,0.68631764240592,0.7610119720880263,0.9477213993447087,2.507449675067201,0.8613821112825011,0.8140241924905486,2.536390155581611,4.125742833459724,1.1978419598228482,1.0986539663366135,4.397289020920766,4.0718822935439025,0.9173460690501625,2.233100234236771,0.8183676629670948,0.9876760112723046,0.6668534287456116,1.654168616569152,0.6512464792514865,0.7480455522842897,0.9803063424719022,1.0510388930962093,0.6837878309258524,0.837982506401451,0.9724360868186198,1.0013589544352437,0.9696917516250285,0.5490499684881831,1.3020646322261087,0.670167825726525,1.44723025474159,1.1340577319591527,4.768490266418908,0.9867993693425858,0.6038837107594602,1.0504208536793003,3.871017549166904,0.46833757984714014,0.0,2.130496290232077,1.837022637435025,1.2240412427845162,1.423465565477243,1.4555811878227254,1.7936849123809508,1.5589660220140176,1.4234225270497782,1.0885727814656514,1.0929333753476627,1.3314616972937918,0.7116615130257901,0.8621813220615604,0.5800241363000043,0.6002342714643557,0.6026893086887383,0.5572564150986887,2.275079719852938,0.5969717401647762,1.381642675631214,1.6901452362269027,0.9573487997502992,0.6680739894068657,0.5204738473664773,3.584385467537058,0.8675935165483324,1.5037527699163038,1.7123083280311544,1.087241575635466,1.583425581632212,0.54312916334524,0.2789492282218491,0.5537616494658728,0.6167084416302296,1.6226206417575806,1.8008990634827546,2.4638622297543242,2.295873784285944,1.0349515499538662,1.6261030918899724,1.57490167814499,1.9172237964707763,1.1017951514621978,1.1600632810355247,0.5589310808000034,1.8367432745886905,4.9578405436484685,1.0025489349397272,1.4282791785183784,4.519511680649174,1.785565720430882,2.803168498303745,2.7957622837243905,0.5110120236674272,1.1612663798214122,3.2151800326675772,1.3483000681149557,0.8488662952719475,0.4397436971186989,1.8254222439740604,2.3476548185462116,0.734426638937349,0.7056657273246685,1.4324282603064247,1.0134592527218689,1.3459863666031882,0.47103174149486066,0.30601323171012423,0.6658564816164454,0.855006019258168,0.5037491689100956,0.7877812029769625,2.225221425335126,1.7832661906095677,1.0360926919319342,2.9607743958442154,0.5944069944161213,1.501614860793787,0.6113454255317952,0.5778461687529756,1.1018472641679098,0.41369566241084554,1.4977599509438109,0.9660284137668089,1.2295716034648978,0.5563083163011687,0.6304899835510542,0.42750663380287734,0.8643680101103655,1.068127813748988,0.6477639921405826
SP:06,1.959335552896437,2.1285548537796624,1.436733386105728,1.704963700891144,2.0055163701294187,2.039616765654963,1.727939296990541,2.1590733820582377,2.4901338152515615,2.167758864793426,1.9950388373400714,1.9777925757878894,1.8956396156210773,2.1679145999209593,2.195708086177755,1.9324936905800731,2.247661756594105,2.123290650960902,2.2030678980952194,2.218796802009617,1.8460230150428003,1.9915894953602555,1.9415402122769934,1.8450646179737693,1.8632744181539858,1.9649650605231972,1.798535282413715,1.3760354586565537,1.7854916152928733,1.6116012109364126,1.214235112467666,2.124019733595242,1.1965773425574788,1.8942220158934167,1.284542977065969,2.0691932996496973,1.9117912022670176,1.9669738068891987,1.7436915546147962,1.9660834165045737,1.645278361307973,1.752798626914801,2.073127257186946,1.899574595876763,1.9124927412313837,1.9953044793379127,2.103146455416161,2.0351828236058815,2.206796415224617,1.58993943171296,3.1007974626176327,2.121022524226793,2.491695644989532,3.6147956158621697,3.3647363595352955,2.051194744799417,1.7089150699855333,1.8704624889133976,1.5061243668795303,2.035766092612487,1.7536119635343768,2.376658254090565,2.1939928611610826,2.1527681864548938,2.041326361274792,2.2849295918614865,2.4012034330224403,2.2756397133334656,1.7260514972344942,2.091508920351916,2.2704250205435548,2.085898051405313,2.2193214023695047,2.150537047818522,2.0314228467857074,3.4894576551702543,1.9310600305618375,2.1193018140341313,1.797902115156816,3.0529067855984757,2.278721931364614,2.130496290232077,0.0,1.6483343383122726,1.372506969576861,1.2787173111631083,1.6592588411082931,2.1170739695917313,1.2393260889314464,1.8457016135685795,1.550713722650467,1.7421589665841153,1.4024221114512854,2.2738369284898496,2.0755835541442216,2.237160682266257,2.065941275977487,1.864613094001653,2.382641291331788,2.162288119701199,2.2082280997278083,2.227754805994122,1.3081079685260912,1.8837463999874722,2.064898263830574,2.071947385607844,3.0527193882997765,2.1304545578025422,1.503777321294828,2.060196272361152,1.7191749012788926,1.5648733075442238,2.485598412583625,2.0512311919637405,2.072079188277824,2.0152999018773006,1.6914232588723048,1.4507719391550218,2.1357233077573894,2.3154680516167865,2.7263356055985994,1.6132296575750993,1.892017544282292,1.7410677768523104,1.3917215620028442,1.8110030109341182,1.907219135099762,1.972054490540095,4.5064689652188425,1.539696816212157,1.416602310182519,3.8176839081603857,1.7368922711641042,2.2494312560689615,2.652532536943065,2.036755162598771,2.0749652383862656,2.5832190834342,1.435098543283817,1.8506877240891246,2.3764836316804443,1.9031401265596835,2.0125502372130453,2.1311052715522414,2.1279525946283764,1.6394590686854782,1.3616086319807517,1.3030103380487619,2.2626459026317502,2.065832204021655,2.204900707167355,2.0869232088922263,2.43742303111805,2.0562639401927023,1.5881114727369838,1.6221573794056343,1.6288114191449583,2.4112823197867885,2.127348098868551,1.5553076844055505,2.595194346263639,2.077261347058547,1.6054715480306905,2.3845421971883622,0.9243225671170938,1.6515956531984228,1.92948871361023,2.278109391814941,2.4067233604385763,1.9320245275248193,1.964055124048384,1.8657714107439303,2.5329149846424666
SP:07,1.4124224572414281,1.766242092432816,1.1863826619559883,1.4654302250932623,1.4172447487856192,0.9926360509458877,0.9853679680071195,0.9613111020815412,2.4386706392435484,2.218925637003619,1.9178737891890734,2.362951873054708,2.7193172993863586,1.6348464842483699,1.8659753371682677,1.5698953265797828,2.1872735290201177,1.9441135801403098,1.856734543234566,1.8540864237625168,1.3901618612246749,1.3455206991024946,1.7356230257282026,1.0888281782029183,1.7323842398786544,1.6445428011374252,1.6032487602903658,0.8634332701640801,1.6843064042693248,1.8841204181333988,1.3552530849374205,1.6655251065812715,1.0158384853442322,1.6973630766815666,1.5065306848254174,2.207708304290057,2.408497736867019,1.5684886906187634,1.6774622952017102,2.351452368006935,1.2573534396104633,1.6676676426638248,1.7452350399531935,1.8877982898365997,1.952385490821019,2.154782942234168,2.8719456504130414,2.100247723788101,2.2162353340873047,2.7551477743905033,4.331719992304335,2.440017306703486,2.5809723531600453,4.805315766205084,4.498022521734231,2.1921214767853145,2.5018708805608147,1.8274235997251653,1.4961929864055534,1.6716916167581866,2.225577720815719,2.1961530011572594,1.9833707817577573,2.2852617704956617,2.133733541154784,2.126792913678558,2.299001916317533,2.209401180348095,1.9073713992391033,2.354251118621361,2.074113656131288,2.3669522069260296,2.21361472469444,2.523745660970084,2.297326541498308,4.8491269349344925,1.189111252915017,1.7352820320980398,1.9046628277754067,4.206546532712093,1.9447883978717215,1.837022637435025,1.6483343383122726,0.0,1.4858570603213903,1.3568603871149127,1.433768783198892,2.3928172788683333,1.8685192924067309,2.136902322025467,1.3678643443757155,1.4860265014476264,1.8040609318876157,1.8723659469888394,2.1455072202108973,1.8088765935127973,1.7857594712767908,1.574216168806892,1.8543375950683127,2.8504536647903986,2.0036511649366213,2.434453427958531,0.5892302104200772,1.979899306802055,2.0404169051986485,1.7343034969637272,4.011555805236554,2.130517607277232,1.059886190166178,2.579255817267838,1.612072216898208,0.8993299016851095,2.1487991768509294,1.7393096579540417,1.631881365787209,1.9637464251521484,2.2207131440464476,2.035603434988024,2.8880940534149433,2.858620201117573,2.65296366112866,0.7213103756206705,2.222755988184938,2.50613119918316,1.3693920683132415,1.0646719061434962,1.6229489737149656,2.3657746614901765,5.676351586102544,1.3356387172283883,1.8762113713409347,5.04904798244364,1.7940077221351525,3.107573627416572,3.2754484485598394,1.738207000382369,1.2843860790720776,3.60359249728155,0.9613187852995358,1.8930050201585125,1.9871025469336026,2.4611423240046566,1.038716198149791,1.9297717006854536,1.8942214846106655,0.7040934441661473,1.2101335197834544,1.4441370721384235,1.8773997093204668,1.8710896947375952,2.0759462879641997,2.122943077154833,1.9451585556123505,1.379012332185782,0.9825859473425202,2.446110399960681,1.0056827745946155,3.3558437881693344,1.808610626857781,1.7500436167225422,2.3141347614408545,1.6212886926592502,1.7625373416838148,2.0644185274966627,1.5734394162675114,1.7816060229847037,1.0256377549952163,1.9329222044475975,2.1018092663591768,1.6672231057728526,1.7654023049981937,1.9791518914160866,2.189388499182894
SP:08,1.1741057558140495,1.2706790031684416,1.2835925359351008,0.9715342828492868,1.0873965851137486,1.3449801410403743,1.072107797836495,2.055853934732285,1.8099315962541702,1.524290981505192,1.1271426291172186,1.6183147683851555,2.0359359259886807,1.1897696312008061,1.2149103383606215,1.0695989633254877,1.3820890603061915,1.2421253606638984,1.1948314067364234,1.2326919784438048,0.9474060500212831,1.1168928120626023,0.9317933146968239,1.0475422506913767,0.9447497757395514,1.076317263214844,0.9629469884887846,1.3539487337251987,0.9739415644210662,1.1270063021129249,0.696158660137248,2.561492612346983,1.5849755961876115,1.7104058395745458,1.4959346383536025,1.873147567886023,1.9795008518070616,1.3050751566011827,1.3084785129234269,1.7429752329535022,1.4641379303702446,1.160052893345832,1.251065423018509,1.0911864903555075,1.1932381513500707,1.3009104666928204,2.1241351949881717,1.3637941607384971,1.4154942465851186,2.01388255084805,3.6230608441947663,1.507071628751987,1.734770219002025,4.07495073478585,3.7333451615534785,1.3219564207021095,1.6649082683062537,0.9166182911745399,0.6681130799542576,1.041363372077205,1.304641355105037,1.3987037595244578,1.1675100458504077,1.34428324257889,1.2183645953317819,1.3473245112897105,1.5027942946767288,1.5253465120172076,1.1130609759310148,1.4233391068305095,1.3426608137129956,1.681962047960674,1.408194525761086,1.6452025985536847,1.5265731791064483,4.242860387748727,1.1500235781958796,1.0836880123451622,1.3948389021766605,3.4816342529092674,1.203013908029082,1.2240412427845162,1.372506969576861,1.4858570603213903,0.0,0.7104959158966924,0.7253412494365806,1.8532312448442747,1.1728794560858429,1.5064838845771857,0.6085245384787743,1.1060478979849822,0.9699007585058915,1.4913240554120422,1.4681773553728334,1.3652560597579548,1.0198321846478275,0.9884706282071476,1.4235087224790859,2.1127786069976975,1.3391454338066946,1.7875228015558386,1.2814324779638846,1.2347145491274376,1.2766601147067005,1.1943435927080688,3.3596825995153554,1.4389185380138334,1.1819310151602762,1.8746698907120807,0.7138648352455664,1.367022675875501,1.54396807363908,1.1276686763389503,1.1600778950198025,1.117549581156845,1.415880139341223,1.4343259758079605,2.250051886330943,2.292410391052688,1.8169243121022967,1.3041793385109286,1.6156880976557217,1.6895591547384288,0.5795478801778119,1.123534847053565,0.9669209467988472,1.702986824581755,4.807376825704298,0.6893233296630579,1.4886409222813737,4.268852378564002,1.2410246662385689,2.329566383667096,2.649202383807796,0.9670025921710252,1.370614329688241,2.951107281089597,1.0653062157193853,1.260107482281996,1.3079457844564786,1.7161480286306343,1.9231402704234368,1.4415396568873167,1.2823907311857066,1.0789592326280386,0.7418523165165789,0.8854912966435771,1.1882408563067228,1.0926088642342189,1.1844814339645215,1.5268375741988838,1.463400500611731,1.1433284306273948,1.6921391307467442,1.43611193995032,0.8595763340153008,2.705432659088547,1.1570722642385334,1.5802449947432964,1.6467894302547945,1.1011649110714992,0.77207486010341,1.523184931333926,0.9671047002664969,0.890699821168268,1.3164661000021454,1.315418182220488,1.2603349850749066,0.9568087828770501,1.3115975504011446,1.3555261778518601,1.627334250970384
SP:09,1.4528417104913824,1.4411374754371933,1.4604870618472203,1.2576207751227615,1.2607517595694497,1.4703515986097795,1.201515240767684,1.9697089003052997,1.8666560922039777,1.5981985928413216,1.3344127094631661,1.7101240821533108,2.258235896156594,1.3838477727667948,1.4451311715659447,1.1537643639592379,1.617801126712977,1.4592819556176835,1.417241476447442,1.4630381868704243,0.9849579930648192,1.1984245337918302,1.2333331765963946,1.0407697349824394,1.2589021317474827,1.1978218587955507,1.249302338984556,1.2040331702300828,1.2764234775100818,1.4528238985520585,0.8551975546632034,2.3425616175836033,1.593346316860261,1.4051472994976275,1.5959498048584189,2.056613381210968,1.7688171335351663,1.5507018796176215,1.581845535748998,2.0698898150185663,1.6191766126165341,1.4710738931453298,1.5272311695299283,1.3616301948808598,1.2174007478034636,1.5780461284636589,2.397232547278363,1.4349066078564123,1.6796676001913915,2.1689307315181336,3.8271584837728683,1.717150415910335,1.9872471096645172,4.302203017266336,3.949788777917389,1.4755286111014516,1.9220868172166035,1.2090177536795612,0.7734407128296706,1.2022863536432857,1.6341669758008701,1.6795571214305616,1.5057707375745666,1.596667510438537,1.4877256167407618,1.6480345470656261,1.7927171718937331,1.7164197899176026,1.3001377355588724,1.637689116409666,1.633326666186622,1.8004409819055036,1.5949290229141058,1.8723113504814315,1.6113086489724964,4.312666691395733,1.343766006781976,1.2062643673396565,1.4064608294473155,3.7020947644449174,1.4078549955472721,1.423465565477243,1.2787173111631083,1.3568603871149127,0.7104959158966924,0.0,0.7851990223603951,2.2001856548381675,1.1973332529440277,1.8288612843170802,0.7882826114683298,1.21617878713714,1.3039743400307893,1.7169830165120028,1.7264831879205866,1.6354931442459058,1.1779792981942023,1.05418710241462,1.681074628187741,2.440987443698971,1.579783825480763,2.122080816669462,1.2009048993765536,1.433600485198566,1.5219696584377718,1.4077353562517398,3.6486764301551657,1.77449995348286,1.107691842026549,2.1417952359264962,0.8754187807725154,1.1706479536289336,1.7548449418656908,1.372267913092158,1.3932200508065558,1.3159772354048256,1.2631508945766892,1.4376326932580639,2.5299094343697237,2.618337232101901,2.066229110759485,1.2836565487261427,1.921868299249649,2.027084851896253,0.869792643036065,1.2216718642374667,1.1313536867008096,1.988163553382274,5.07783990029194,0.8182249116869799,1.429141702205267,4.505946345570485,0.7449883367748237,2.6330035404187697,2.993854436164201,1.2687668280261357,1.40623752647892,3.159130232908197,0.9505065601769564,1.46144176320421,1.517214646092651,1.9554550922450018,1.7036187080736465,1.533928001807956,1.4855442956837481,1.085828621929959,0.8445589537613496,1.0006633012215955,1.4116206975107852,1.3131392865642109,1.483294281933658,1.7124566119141016,1.6786345998224586,1.2720037183977888,1.3189559525473455,1.7422161200243567,0.896748622064692,2.965027803988071,1.4438834129285287,1.6557977497746936,1.892296809442108,1.3000900170456438,0.8398488992705506,1.6774630756608455,0.8516815728672222,0.8773038069923915,1.40709283724373,1.4994659276335776,1.5434721526398245,1.1417103125365762,1.47846918399896,1.428225024112021,1.8625291949212446
SP:10,1.28912766465234,1.468022027652243,1.545621940835092,1.251949924172377,1.1091489322202985,1.2840100113627189,1.0852934210475353,1.8174477691113806,2.014350286144494,1.8228447899290456,1.3956079581470602,2.010147266195443,2.4452216523595536,1.2344643653768292,1.3745419067604088,1.2054413197123626,1.6706743573564993,1.4654471946999803,1.2940594340688196,1.314395515090554,0.9622402035976347,1.0775092753094488,1.190389793852646,0.9578800236616758,1.2444074711187272,1.2630692174819151,1.34520294024366,1.3294728636189208,1.3536168955625032,1.5393282414137073,0.8938022552785294,2.389843982149233,1.7190460458574224,1.7620043599463808,1.9018578781072628,2.3692209298052993,2.2158969359478826,1.563994384761244,1.6823228594902213,2.186768660909417,1.6449368136759468,1.6153256605940598,1.5133249949768974,1.4198939335225946,1.491844307904558,1.7446645743320865,2.499096833220615,1.6741985242716437,1.7827584505860026,2.466190568932995,4.039174515711632,1.9565378944884881,2.093312942648186,4.52695212050131,4.172712071604998,1.6442959801548487,1.9599250484772095,1.2206058024774498,0.9313562453303912,1.1988871158047563,1.6699534745270128,1.587220571504789,1.3823225006663222,1.6745188958315518,1.5043957401877461,1.6196887706390373,1.8211534655214123,1.8709978552514315,1.5059322384313103,1.794044604289767,1.6107825612806883,2.0006728347179923,1.7306750832114621,2.092837371522338,1.884807122658946,4.639704029075185,1.2332286270575434,1.1727088205582126,1.6740407599811475,3.936473635048609,1.3229739724981682,1.4555811878227254,1.6592588411082931,1.433768783198892,0.7253412494365806,0.7851990223603951,0.0,2.2599120541392126,1.6428936831738588,1.9482940610263122,0.8741728527262013,1.3184505732311134,1.416600258061885,1.7056853144058897,1.8556821105499262,1.5657167149544209,1.1567142646113484,1.1989704736722435,1.5698153587096109,2.525044215271559,1.5882833164099153,2.1803596872027327,1.3913997375123688,1.620977505232541,1.6023311079533,1.4254873701369841,3.778776199676887,1.8100535338421433,1.2652647692530716,2.3101348987383026,0.9758679793689764,1.391042935724312,1.7152992857156095,1.353115901849788,1.3762519200053651,1.4541797947084334,1.7835983838964493,1.80937403517799,2.692165788625434,2.695566638822163,2.0492394446495608,1.2861583398059009,2.023632964618021,2.178064664343805,0.8494839728567064,1.2466477815864783,1.2106270191129798,2.089590438862597,5.279390247911142,0.9094115051424134,1.8382028538211808,4.724496188135117,1.19285499092447,2.8041121238036593,3.04171938899559,1.1533486506171484,1.400442709847771,3.3958417794385163,1.04523295865878,1.6474182392985368,1.4250893980695554,2.162357896490391,1.6898860177031971,1.7181075342737482,1.5645072309685364,1.0446900225673275,1.0812738335272931,1.1186621984351788,1.3076233234308416,1.3477463221403738,1.407276300572479,1.8595713870122155,1.6058885079266378,1.1964378033714016,1.485840352933105,1.8706448651349241,0.9181495990862002,3.1584421047959514,1.3612951748064623,1.9552468166233685,1.8233869950789718,1.199687528463849,1.0325513484958522,1.7009804845232952,1.3246115612529454,1.1912758662081764,1.3577941048455573,1.4563171359091034,1.3959548122412182,1.1848733696854175,1.6107320563246468,1.6989111584315093,1.8232867114466165
SP:11,1.7384825784352422,1.608917957557752,1.6946441687228606,1.4915376101629279,1.8486462913525405,2.1125940379551715,1.8444652217504043,2.9717600932860586,1.902633713476955,1.7016426646102027,1.6727918771348753,1.5331228418307035,1.426901904118758,1.8076175650414938,1.6848884724302897,1.8004307921698501,1.5384685089138208,1.5575896426617828,1.7122397952608033,1.7439711370705382,1.9669956226867324,1.9558606185436802,1.5660785930720176,2.091209706493346,1.4025879714945286,1.7420034674868565,1.5090211895961863,2.426989716819353,1.385176019253508,1.0231013284675583,1.7467887572980323,3.5437251910203518,2.07330413930664,2.54310170643994,1.4561633980114654,1.57602397147933,2.52053798924134,1.3759191618823705,1.247496007673469,1.033355861784065,1.8187892891793904,1.3110553863133843,1.5245454101466402,1.3579899239972328,1.7797226858231645,1.360040768922789,1.4954488510371398,1.825787915889705,1.5482884281140914,1.7195079867841987,2.7637022609661814,1.4940466063267508,1.5405188325114,3.1020818303822164,2.6924270754101864,1.6223807488217719,1.6000499300488544,1.4937004822883801,1.7906980129673562,1.7299287862815087,1.0689509034435647,1.6338985833100788,1.585053537483199,1.581415879380973,1.5612435999197032,1.469026726811148,1.5432187378310156,1.6102032487816675,1.5439240537323424,1.4039160694010262,1.5380186076981084,1.3737612529451757,1.6666224933805354,1.2605716228699773,1.4347343862129838,3.550440995608454,1.8566014174298546,1.947520544362167,1.597656429456616,2.4605874654781683,2.050522532328257,1.7936849123809508,2.1170739695917313,2.3928172788683333,1.8532312448442747,2.2001856548381675,2.2599120541392126,0.0,1.6028122400769704,0.5041860073694805,1.7825962357982845,1.8220501695444027,1.0252776912295853,1.4750707725494245,1.245020318394889,1.525900267938115,1.9778557376498558,1.7428205900672815,1.7118929104655751,0.9614753094401315,1.4896896131642352,0.7608726508105869,2.085850898165478,1.2781223464481821,1.51122723471591,1.5821349569305434,2.017680094656029,1.0814500612513598,2.1456370607486286,0.6659235604105206,1.9900210464371566,2.250985874624559,1.8445990219098345,1.6964957635585716,1.6277034564684623,1.6029908134312862,1.9900609068376796,1.5419331996300587,0.9432644946060356,0.7185545294862155,1.9700028771956912,2.11454995542141,0.6477128014772577,0.9007197905388932,1.7499309976683737,1.7484569593365082,1.7571233363421541,0.8334748664912726,3.6304021300733202,1.7444857795932134,1.6173200985947436,3.1182369106290317,2.574324107492586,1.5339124554178734,1.2610714961009872,1.7600374424032668,1.9149867896999246,1.7609736646549798,2.0907040002569857,1.1767424965341728,2.090275122955099,0.9159565632243201,3.1091431657439212,1.513965030044611,1.5268895180595692,2.206253810356089,1.640529986026268,1.8329331286027672,1.939400415343965,1.7832014547732038,1.8694624140961367,1.294927955866091,1.8306011224810046,1.9314090096267227,2.950772649715001,1.379793733564206,1.949254372401375,1.4648701890842502,1.6208982068391493,1.1940490341614047,1.9219690516288923,1.7475913974890263,1.7405631247057303,1.8897106619823825,1.75277672458912,1.9715697087386792,1.9487648700784612,1.8932698147074265,2.019292901682545,1.7829345957691276,1.3022505911323614,1.3617139457185228,1.7294613555541398
SP:12,1.7108394274463843,1.5517622062188665,1.551750532985504,1.302387179525823,1.6087771074044441,1.9678826541386842,1.6050301602477985,2.569195342596983,1.7493616798560934,1.3461745315863418,1.3879679651515369,1.191828234256816,1.5228917821125356,1.7252524661246114,1.597262267748724,1.4738293047876605,1.4720743866340689,1.4850864461694864,1.633194197035686,1.7462086839581517,1.5658823792422323,1.6856123594655843,1.4081062176604378,1.6572696411259353,1.3053467408151367,1.3747572365971137,1.161987231559471,1.564963963420077,1.1738112790522268,1.1687819710339862,1.2478385744861251,2.850368781937964,1.7268653244972634,1.824226281587919,1.0454982425419508,1.5862738759179702,1.6053591099649944,1.384164549585352,1.3421029254335533,1.4327019357958244,1.4827770902435902,1.0792054522560768,1.5831444126872716,1.2268513183374619,1.1691740326274274,1.2712573628745438,1.7810801624259405,1.3142854027054487,1.3595296316427328,1.3737898191144724,3.0801093240104387,1.3602827918574383,1.645188008793242,3.462618838669658,3.164172037780782,1.3426717426429375,1.5493563031957829,1.3845271591808277,1.2475609140231596,1.541257932621145,1.3201984325279779,1.7249032529821975,1.6002796701042268,1.4831868528562755,1.416072744013501,1.6243735451836936,1.5853891670480456,1.376739030878186,1.1000783984057445,1.2947949228355182,1.5669215994385117,1.3255830525548284,1.4553994241514396,1.1800935059517537,1.190672905809994,3.47906936527877,1.752735041132027,1.5843755928374563,1.1377367679325927,2.8707946597961613,1.744600223006257,1.5589660220140176,1.2393260889314464,1.8685192924067309,1.1728794560858429,1.1973332529440277,1.6428936831738588,1.6028122400769704,0.0,1.2873841203367304,1.2429639623868736,1.343670029705952,0.9602619527660098,1.6571639877071596,1.3931850734992635,1.6705635898546773,1.5130956984692154,1.3136177552557806,1.816635415189876,1.6874980964411412,1.5378047686468252,1.5770938894885957,1.4520494588527726,1.1982746861687483,1.4821821071548062,1.4481711712271088,2.801081028805786,1.4493851292214,1.429785474422465,1.4219520411926407,1.382378387875252,1.5876750154239365,1.8256641747381885,1.5137949340095602,1.5253992895817805,1.2847025958506935,1.237846057109023,1.223057321568607,1.7731940882103376,1.8679027760196196,1.9927187903661414,1.6496575377503162,1.3248621114949999,1.3835461344931081,1.1694395912256828,1.4615324433636614,1.410530387226554,1.3952195599751287,4.093564242565824,1.2214705780168016,0.8790748347061628,3.534786509503785,1.431041581564331,1.8140590519824524,2.2593361732182076,1.4972228247703985,1.7096742486965502,2.323459924510931,1.4010102754387965,1.1604686701812654,1.7978724559055888,1.3705466405601046,2.4705236864878395,1.418350271163958,1.5154261552208532,1.747326722258343,1.0020294408048118,1.0612450186230185,1.7332915852683453,1.5011084178167289,1.5694214510478488,1.403883038363259,1.8452730706684302,1.6109432355346063,2.0633395650580337,1.1322566578082978,1.381464282741057,2.11519292762363,1.4833741320852303,1.2397519791803473,1.9316665961217379,1.5278333714147234,1.0975997616038464,1.7731533737408296,0.9598481658777109,1.2621792714564966,1.637140286529357,1.654269515032525,1.832485750288255,1.4135718543991564,1.2546196390390536,1.2203592682113547,1.8669745187883868
SP:13,1.470584934842183,1.2807256716711028,1.4155213840001246,1.134941716064824,1.551188907723802,1.8581014396607167,1.5602289224074242,2.76699212570323,1.619190870744098,1.3768340469607776,1.2961747572618847,1.169493605663377,1.432008551226764,1.507853141690828,1.3626641412603018,1.4479987528357858,1.1983376223452884,1.2120751362502271,1.408409654952116,1.470018904972668,1.6280178356784523,1.6531993128346218,1.2279737386410672,1.7854900168118566,1.0563920945109873,1.4124700752764925,1.1782690305296903,2.171470776501293,1.0626566002100695,0.8433652232603992,1.4727781718998387,3.295714406331313,1.8732474281108586,2.224226449581651,1.251992589041982,1.3056593709647397,2.2421497063731812,1.1233129064759129,0.9660256750937232,0.8798906042888023,1.6277739409137473,0.9723400060367149,1.1948172472428067,0.986942179007453,1.392437892747337,0.9309868496551533,1.579007592958008,1.4633239406357812,1.21657702703618,1.6620995848722622,2.9085353072024644,1.100202100485199,1.257571611706199,3.2441576461490444,2.8650112722909133,1.2344300890209041,1.5163380044870456,1.1375578759309255,1.4162951476728007,1.414509719036054,0.96581752339382,1.3306950764326055,1.2827773718033986,1.2201281443269187,1.2104791507704442,1.1365763624857008,1.2484710948311966,1.3166781230445952,1.1506986184468233,1.046619967321158,1.2261924994856324,1.0765414970820733,1.3186186388115047,1.015176712068067,1.0989294530852154,3.5996291250918184,1.570870324718959,1.6094291798960456,1.2186934404583942,2.6496410290060908,1.7107517937669745,1.4234225270497782,1.8457016135685795,2.136902322025467,1.5064838845771857,1.8288612843170802,1.9482940610263122,0.5041860073694805,1.2873841203367304,0.0,1.450195976226955,1.4345477764741958,0.729646113626732,1.219752804001917,0.9453057774089383,1.2596311107454885,1.606822848082536,1.364830969495225,1.4353198615956066,1.142141893003147,1.1542138819027818,0.6568519548477773,1.7947158033956678,0.8556040079114022,1.1817772960945299,1.236164163930719,2.291511042896674,0.7880642894762024,1.7905681133360898,0.6415385123368265,1.6230786042051824,1.9217884522471347,1.5554334948361621,1.3376363412307415,1.2915823802857365,1.2661342791624894,1.6644900988267355,1.344571824297685,1.161150897791067,1.0137272849944716,1.693721637584015,1.831381624002932,0.48839564991265516,0.8729689625570375,1.4060197813489073,1.48023041206402,1.3875479497902514,0.75153549317727,3.804008327617163,1.410472847779384,1.2539203230463585,3.278957394397936,2.215055560559989,1.6446683328399936,1.5611139402046603,1.4115197142184006,1.6321653934463827,1.950625218019774,1.748164670248118,0.7810332314264731,1.7452146323120585,0.8745458839958244,2.8171217485403757,1.1859379063084239,1.1986046448643408,1.9060079080194527,1.256898572468586,1.470117069913707,1.606561787262805,1.4091418664100406,1.514225593709074,0.9592078653781215,1.5498542225754899,1.607580362272237,2.635271328185244,1.1357317457999483,1.6152831035104835,1.6379273456722054,1.2834406678043588,0.9175719034048059,1.632548911494207,1.4281405116983452,1.3744890504222793,1.568566665191963,1.4052667652622057,1.5863432690252655,1.6789042752853864,1.5657344607782773,1.7068303913607774,1.4068306364223175,0.975409648991765,1.0470189695748118,1.4631940335796927
SP:14,0.8604463569157609,0.9335572889775593,1.2051611046621276,0.7648115924405686,0.7970021513530509,1.137642797590667,0.9108366634130844,1.8957308506504105,1.4794528536801204,1.248927594185003,0.9457416582735225,1.4709184205269996,2.060025780803539,0.8974478197523499,0.969934971149712,0.7605722509620089,1.1545472097529754,0.9478238675503255,0.9175645012185347,0.8807896223171147,0.6837736705211009,0.8127697919444518,0.6806324846878776,0.8032473002543431,0.7007492607757847,0.8607004148992896,0.8610021246288757,1.295868581799965,0.8053946301624261,1.0672279958561508,0.6097450925553017,2.5190481986058515,1.588699413906306,1.6032796616935234,1.4768521664807253,1.7759791185816467,2.070346670084881,1.0682123199024511,1.1315684218432034,1.693563921943357,1.2688428488542969,1.0782623725651532,1.0267581709831104,0.9219690599968392,1.0000510334439405,1.2401729910042352,2.1469326015256867,1.2544293713584713,1.3480404374052737,2.0830355113204844,3.7618204501101378,1.4057394937244547,1.5751164475677082,4.176860198685262,3.8106677239897,1.111784884760527,1.6716251136074054,0.7067365069575084,0.5387379939024787,0.7253117967981115,1.2477287471910354,1.200148018560058,0.9538597958998725,1.1514130718164484,1.0669518829227964,1.1353960259184848,1.3818812475938056,1.4046273280947124,1.0315161076492807,1.28253633397341,1.1464843283727344,1.4842192094461168,1.2639010207963706,1.5444742395792277,1.3213549887775404,4.3341770840874885,0.9402519387726767,0.8035428953340431,1.1404375692841269,3.5491054483050055,1.0715405450017064,1.0885727814656514,1.550713722650467,1.3678643443757155,0.6085245384787743,0.7882826114683298,0.8741728527262013,1.7825962357982845,1.2429639623868736,1.450195976226955,0.0,0.9007422488149831,0.9356660821884526,1.1641750856570618,1.4038337532815868,1.096377559980688,0.8054329646392514,0.6809581127364976,1.1598739974432315,2.1467958031952215,1.081668196003849,1.634921757940236,1.1742555514279536,1.039811852370695,1.10355108827726,0.9491651028299627,3.4124166748520985,1.2743769796223752,1.0300644412461128,1.797480508375654,0.421754106713654,1.1837069161286975,1.2947647241459908,0.9468914026776419,0.8705023780589664,0.8838640707911698,1.2389359797923187,1.1873360146863317,2.2359591717527576,2.2405275210929783,1.5975207148884565,1.1139985411483606,1.5090453354563609,1.6927002778934275,0.5731163444654651,0.7162533980422522,0.6824233153891534,1.5820467784152805,4.854802520830269,0.3984643075803322,1.3664852785746606,4.354393667452408,1.1507427223601732,2.386977910205213,2.6089482155945065,0.8485062165834704,0.9122360824585097,2.9989610642275646,0.9658806663859668,1.087102970751225,1.178532687261263,1.5742786074521156,1.902875698384134,1.092943559064063,0.9252190624794843,0.8991602531595534,0.721793281651192,0.9102986125222882,0.9660295203715525,0.9301475773479415,1.0694559410190423,1.2940915292105477,1.2072709659470326,0.8169433705443808,1.7339421764357608,1.522766817109257,0.6803461471168519,2.7585497634274647,0.942785696656791,1.3837421704864334,1.4642341647432733,0.8257110033503634,0.5376697288687476,1.2740386906805707,0.9079907602264868,0.7425174232227391,1.0093932701768775,1.0457404784555737,1.119616889770922,0.7598337767123319,0.9789264637386791,1.056812407921175,1.3393231920121345
SP:15,1.1080530867005407,1.0848557571646065,1.2496129637333233,0.7352273324398259,0.9853765291333725,1.3004726160408782,1.124915452415708,2.0541305344731913,1.4899769151669524,1.2409829690462972,0.980184061433887,1.3280745299861887,2.210406176266923,1.1290065441477435,1.0751741165543869,0.9058349851043235,1.18677730041441,1.0473824779599614,1.1688794989702815,1.256971648657097,1.0430239499589982,1.0251403611215981,1.0135371429924656,1.0471912254618303,0.9007897741935649,0.8517108871535737,0.7974825691777188,1.4103665752758179,0.9005529242513545,1.4790249653818206,1.1694882574553604,2.5195896546952055,1.731019576305853,1.6522906441093577,1.5083771174852265,1.555848100729117,2.0765250221786293,0.8876638726896113,1.0535693599841893,1.5233056235651203,1.321022465402509,0.9675056397717904,1.0404114904261443,0.8874144027266645,0.9688155634620983,1.0738991810898835,2.380252437285882,1.0778761998103403,1.1757648894400565,2.3205308886175304,3.9262419547999374,1.3992809190394766,1.4591861787642988,4.3117340823779395,4.008815998527569,1.1330762572062045,2.0750472947072933,1.1251363682932676,0.9001579585612051,1.0567685006311847,1.6098400920824345,1.2475424450292365,1.20141141737193,1.2481192388493147,1.2503999558709358,1.19748700439377,1.2274543602555643,1.2031542389237293,0.8337011562233588,1.3321065626063255,1.1013201157589496,1.3253234245115784,1.1621753573157279,1.611682226625634,1.2596530626232398,4.4404487961237455,1.1896376809214002,1.0431949489221832,0.9058266325816658,3.7373456691923197,1.2336282774670446,1.0929333753476627,1.7421589665841153,1.4860265014476264,1.1060478979849822,1.21617878713714,1.3184505732311134,1.8220501695444027,1.343670029705952,1.4345477764741958,0.9007422488149831,0.0,1.1492073985053015,1.2362887343575695,1.4905235799762648,1.1893348222298885,0.8872100520209623,0.765852089184919,1.1841851224425874,2.2934007143963098,1.1384873686182253,1.631146010934637,1.1644614485972646,0.965447903183874,1.3088337169518007,0.9003926528764035,3.5153106354877623,1.2950009317740627,0.7259683335747529,1.8641825149550082,0.8968641667093169,0.9025417065227566,1.377101290965261,0.9388548876541551,0.8328883116343981,1.1626115849104948,1.5985977590189855,1.5987255168019106,2.368117211547192,2.3011091785717137,1.656317725906213,0.9940790030860218,1.5718939352696597,1.882490233070909,0.8181799248109817,0.9261943475506645,0.8191082352657928,1.583036008390781,4.901948577196821,0.964350886308596,1.1653237106854066,4.407725969792797,1.5032214653757667,2.595109930246357,2.7372153429723416,0.8887974131036874,0.8454155866155102,3.1205697739892915,0.8060116470895353,1.0600395515015326,1.202773359778806,1.8279131240936641,1.9317332172214126,1.1168079909037343,1.0926454118705502,1.1492975269465373,0.7235450471807509,0.6391574915659303,1.1470758049833198,1.047392248156557,1.0230248588489064,1.281224605987437,1.3350508309527993,0.7383239028775302,1.7879585842893957,1.5990296879916062,0.7521630678177855,2.8103165927567186,0.8260082141738734,1.4385488447456218,1.4741403420076635,0.9134993559431713,0.9534401960362673,1.2949874800367471,1.2587340558721756,1.202123962755208,0.8482272022356937,1.0848850789016384,1.3476842628436558,0.9464605566078546,0.9514029777644428,1.2731726896745799,1.3860637017843858
SP:16,1.2098315614999038,1.179778697801531,1.2288174496250248,0.8728318865824936,1.2583016974305954,1.603389747606437,1.2428093431045713,2.3666040424211077,1.5711836144494786,1.276935375206186,1.0833242585292249,1.1751234525343568,1.3520170652914663,1.3071603685412418,1.230864298803131,1.1758313123928203,1.18496594906815,1.1146533103808998,1.2356529671200993,1.267208854312644,1.2529308089533826,1.3325280084225768,0.9878978581925122,1.3869106833895144,0.8420795697332212,1.1471394931304812,0.9295200460689202,1.6522343118006266,0.8637897281311049,0.6023405301247513,0.8535286353536348,2.866769623796355,1.5905876915967123,1.8516923653586905,1.1360138923823189,1.5339075621695324,1.9765030035391375,1.0731007857111392,0.9372340775693847,1.1350978960317752,1.3258359219801583,0.9446277477992363,1.176792878882825,0.8702024553379689,1.1607834300129947,1.0458107242014087,1.5299913299922785,1.3203922400470087,1.262745570652511,1.4838035739994477,3.0039837736519623,1.2103939968121875,1.4325878806704155,3.432054788821302,3.0493069045836356,1.1150386495850568,1.1599019638127224,0.8816401901832582,0.945221487421133,1.1477333189155245,0.7106139324505975,1.2784733308313456,1.1407725347206472,1.1379005411936842,1.0789906789121764,1.179052380106928,1.328241062947214,1.344420423168158,0.9381403039171629,1.0484157465802375,1.2229284507486406,1.1706755193986766,1.2884647944042518,1.1426303626793617,1.1152935428897088,3.6260340380387643,1.3498355128531783,1.3360309321916084,1.1325226237904191,2.772540728327085,1.4917980070146013,1.3314616972937918,1.4024221114512854,1.8040609318876157,0.9699007585058915,1.3039743400307893,1.416600258061885,1.0252776912295853,0.9602619527660098,0.729646113626732,0.9356660821884526,1.1492073985053015,0.0,1.2499645260318528,1.1314264639378,1.2281839552486447,1.304287636034479,1.0915049839400834,1.3948136639663111,1.2776765025032122,1.1383730888145869,1.0449951605676686,1.460959002366673,0.8563974025732047,1.1423025430161216,1.1106303164253541,2.558647533220847,0.973355528167044,1.4345886489615947,1.0399879869829534,1.1445146917593063,1.5582033915971931,1.5114705224730756,1.1986237115148721,1.1430062774332628,1.058106910747802,1.308062496228949,0.9491440323363467,1.393569765857528,1.4082721031611805,1.68493862408741,1.5089448447783524,0.7542361073691448,0.8963759911292272,0.899973965700834,1.1888317724563204,1.0957344101073525,0.8506433317509369,4.086134687841312,0.9816586314958099,1.1443971681944307,3.556089028991843,1.6828344781084004,1.6494513984980674,1.777910947464751,1.1712517790987913,1.4185052513671859,2.1793369137087257,1.3462181752239903,0.8127819648985828,1.5719909239224923,0.8824371906461639,2.4039603725969996,1.1660533004391993,1.0941341852783673,1.5185765559626279,0.9174289820254495,0.9885151999153993,1.4067763189150897,1.227865692476177,1.297401571832721,1.103668186331024,1.4957144040339108,1.359310202788119,2.1754727336990407,0.8823340671513613,1.228514045670523,1.9178895464149275,1.131348871937439,1.0061004648507632,1.635336869261764,1.2100457902948012,0.8902455524970038,1.5219678561120218,0.958380059199781,1.1624661043370936,1.4297899884006318,1.3912052949610396,1.5000845953192468,1.1725382038659282,0.9298198958120854,0.9361365055718602,1.4927162166907022
SP:17,0.9774393677134869,0.5710212475413097,1.5997439179801503,0.9634136158841833,0.8867937170684954,1.295677311256848,1.1702200241156835,2.4076519716482503,1.1134052870602316,0.990321207691413,0.8034241740863969,1.3208261240756578,2.3406646297652363,0.6963231357861585,0.6367963185213905,0.780192683814983,0.7749651181486605,0.6325595029319777,0.6682268937794483,0.7209207314826055,1.0229518664405974,0.9326546991373926,0.723887079417413,1.2059784075561901,0.6619348949927016,0.8472595252264881,0.9078202045827793,2.028388410763189,0.8191364194338163,1.3279288785228383,1.4874615743810682,3.140079934192001,1.98100834033782,1.904984790504642,1.6219908145064668,1.5274611274730256,2.26596767221061,0.7862866107245001,1.1073211224719954,1.6412536224423693,1.5620971225007059,0.9686534343903934,0.5889427849492298,0.764486856669941,1.0473745430357904,1.0587282329840408,2.310650274885353,1.1916643574647556,0.9869589807275007,2.435297099659463,3.9822522955154915,1.2511182343554215,1.0824063507620587,4.23416949075314,3.8809608284964803,1.035756744207056,2.0666843891690063,0.8468487542886202,1.1954502680589147,0.7696150715528796,1.4822624931323916,0.7277592921567284,0.7066621952905463,1.0185187125545307,1.0647388133002909,0.6452321107643343,0.9033911617518484,1.0390545842111543,1.1801946647562154,0.9925885176263126,0.6140436452072087,1.2330140963139726,0.9242822986531702,1.3631739030357486,1.1377308583934789,4.645187740514069,1.0312093472824715,0.8811095256188363,1.0943373100356537,3.672265034520082,0.9492550093393791,0.7116615130257901,2.2738369284898496,1.8723659469888394,1.4913240554120422,1.7169830165120028,1.7056853144058897,1.4750707725494245,1.6571639877071596,1.219752804001917,1.1641750856570618,1.2362887343575695,1.2499645260318528,0.0,0.8363679324545015,0.2900219788770973,0.9864798553880685,0.8217373176355727,0.44390057343258804,2.0476620282740527,0.4432921075715877,1.0549892643989178,1.720115594495444,0.9155984769539038,0.7122077509109881,0.5201399556022273,3.3362781490756395,0.6217424493007384,1.6321476970467306,1.4635051664083925,1.2916320903527327,1.6980293851819948,0.6300653325451143,0.6429764678036934,0.563822455760011,0.7526057966510415,1.717047017141878,1.6632138062876718,2.2092916520820194,1.9548589591706822,1.0753190095686274,1.6357782403803067,1.2668320329980918,1.7576711131179739,1.2690740754280108,1.0209499127870834,0.7852846305103188,1.5736974115022813,4.768275793867432,1.0946599656042686,1.4740186100020172,4.341761723573538,2.024543218724745,2.5933395040269476,2.448932412775445,0.8736881279642367,1.02488922488766,3.0176442546605453,1.531648581072116,0.7436048949714265,0.9512828153332374,1.5553292919510304,2.5229837948197327,0.5367942375069115,0.5019096934936647,1.5272581083522192,1.225715875243078,1.519928407523936,0.775217067898088,0.7555891465008875,0.9700418889374882,0.645236727090734,0.5361693351396537,0.9041436528256377,2.4495200822700416,1.7700164625144532,1.223251239162567,2.7582176482393113,0.6941761746883881,1.2697442024038486,0.7940129540488717,0.6856560561398581,1.2525188818070236,0.6403631050920873,1.6104307374981348,1.242632727644163,1.153151122500494,0.7537739277986125,0.9678054055452532,0.7962683379511765,0.5505837993742204,0.9022703027253391,0.5147773772487442
SP:18,1.4675825418872976,0.9891727014985348,1.7720399580492978,1.2291026565551009,1.2884186108760705,1.727385979579662,1.4646830577600907,2.8275217008816558,1.2580219257565965,1.0381536116144865,0.8929775617156732,1.0962762049599415,2.1338003413527353,1.1725655629755558,0.9741406173223001,1.1092073301501502,0.8610182909733161,0.9054387179844292,1.0401181855755464,1.147424406347377,1.318200070251967,1.3574716506983104,0.9588384636113253,1.5541627934680264,0.8705352432616718,1.0755198091205724,0.9905856357660981,2.2468502243571784,0.9083694469616068,1.2145394462913353,1.5681393895914013,3.4147353396544307,2.037588832757245,2.0034274157768204,1.5048027664239818,1.4309981756767614,1.9389347019889447,1.1282655384715767,1.3074897719021539,1.5404124738955096,1.8571616334282586,0.9755768554590257,0.942949449925646,0.863980058940175,1.0355823292533761,0.8578655552551564,1.9869887276119103,1.1374832834649866,0.896583060316918,2.109542954450858,3.5003245794625633,0.9799921690652154,0.9804631724962434,3.783031646367661,3.3990143890862305,0.9767359550272282,1.9149714322178242,0.9297297066073248,1.2458644002999122,1.0841058830193153,1.283571183007332,0.9365544523514414,0.9558742826066369,0.958897097613527,1.0452879954585037,0.8334130178364484,0.9126277805606658,1.0180176528337281,1.207756309679474,0.7750370021083308,0.8386109984804002,1.0755074185248332,0.9102218622695954,1.0505357014637002,0.9745478734202428,4.237454580735338,1.4281756681145534,1.2046264836759355,1.1046553520238098,3.2585996409977684,1.149692460158446,0.8621813220615604,2.0755835541442216,2.1455072202108973,1.4681773553728334,1.7264831879205866,1.8556821105499262,1.245020318394889,1.3931850734992635,0.9453057774089383,1.4038337532815868,1.4905235799762648,1.1314264639378,0.8363679324545015,0.0,0.8813413868277425,1.2550345574783042,1.057027672025367,0.9937550074028713,1.6978480618579421,0.7420737749241311,0.9261972319959921,1.9152133276753003,0.8270828405380576,0.5853243809156498,0.856407113599314,2.9518737842875344,0.5486851915043601,1.9062188199263455,1.0824669499323802,1.5274503834953104,1.9297569132907075,0.9763307796481397,0.9045911481196487,0.9813679883097217,0.8478502857005559,1.574331531722736,1.6060051780527713,1.9081370550615921,1.6923686629716854,1.2563114569319758,1.9575347000983654,1.0907284956040102,1.4436352233270087,1.3348636419317224,1.4891827752312583,1.0548326618248445,1.5165891750223408,4.346720493691895,1.242068789142212,1.276310492720065,3.8668105164940076,2.133946386580066,2.302287700555614,2.2414058395161973,1.0984009891474138,1.6118973433755202,2.6002119067971785,1.7100243183327162,0.6355806208725369,1.2113682703216986,1.3625296445994277,2.8196788730325255,0.857917027579987,0.9106543040584784,1.8723533008749134,1.247837524873771,1.5659535900277581,1.107099324910449,0.8894127426001913,1.1485804953635987,0.6487094772856558,0.9891576575186388,1.387231373707271,2.590994546788554,1.4279513090441853,1.485534849222003,2.3455457667476183,1.0245287209145515,1.2157058587893872,1.000939594027805,1.0806800052650787,1.3466539854794233,0.9605139405247252,1.4758477006175241,1.2367978219519296,1.6149594707334498,1.0869836844860787,1.2099051866545671,0.9580927237512478,0.8410232643010181,0.8303994137195062,0.9913151097624484
SP:19,0.8889151808884644,0.575942727336413,1.5527243463696834,0.9002092782342109,0.8045368332095618,1.1555632783655267,1.0544429253768848,2.3309839343594567,1.2092309560595083,1.0622055451767056,0.7264599046872959,1.4013978387606363,2.375734523159725,0.5519205480282386,0.52724412937932,0.6807588883612837,0.8256547758282304,0.6710853824638913,0.6228638411924051,0.695764594075846,0.8858276432941932,0.790462714585623,0.6959043504188026,1.0792515275366437,0.6234425970318024,0.756951629016472,0.8373615082961421,1.9733059288088683,0.8120942318725235,1.3523920337243067,1.4385898453190056,3.069251238532694,1.931485221480617,1.8065821067836774,1.6547112165856843,1.5370540427833868,2.2203506786844933,0.7866735873056606,1.0780323100809241,1.6939897596176632,1.5758057099872944,0.9825053362460896,0.46636014417277133,0.6985432427743088,1.0205326498050296,1.07044441966343,2.3752117960629437,1.129109669160194,0.9555536007409952,2.4804865058529924,4.0378638287244275,1.3261684385398036,1.1431013644702468,4.310857977079379,3.9594909268638108,1.0797219559456466,2.0933579555357134,0.8161375649477581,1.1200486503013392,0.6640826288489641,1.5156342151503883,0.6661461764399995,0.6776161526371203,1.0720206025579548,1.1062716335761569,0.6418487086731104,0.8890659221673228,1.0499446986351242,1.108571561467485,1.0485559570609098,0.546159199862735,1.3381283162957263,0.874723125137643,1.4629348794118031,1.2187993227447262,4.721400648791424,0.8711897383603189,0.7718700695115687,1.1699158481083498,3.7396600449231325,0.7933353835815921,0.5800241363000043,2.237160682266257,1.8088765935127973,1.3652560597579548,1.6354931442459058,1.5657167149544209,1.525900267938115,1.6705635898546773,1.2596311107454885,1.096377559980688,1.1893348222298885,1.2281839552486447,0.2900219788770973,0.8813413868277425,0.0,0.8770363478074368,0.7723239032224523,0.3245494767589446,2.0773466216605283,0.48099281027972485,1.1269044381227065,1.688681440491071,0.9909361605119965,0.7469936426042572,0.47894091039193765,3.3969203479175345,0.6761962183698212,1.5795338556590048,1.5430055511784166,1.214162117844291,1.66187596372393,0.5755734773800831,0.5006453444048538,0.5036970623293475,0.7201089011342747,1.7542791198344727,1.721776047854208,2.262277040865792,2.0260208190966917,1.0913640486865166,1.5929692706756418,1.3332564701124698,1.7904130466619068,1.1892062309811093,0.9875453875142429,0.6969402317328002,1.6194428088698476,4.8629393620587855,1.052912151731573,1.544168785359481,4.432867919688302,1.9802741310087857,2.65007365559482,2.5053418864256343,0.7030159089090323,1.008016862989939,3.0796205970255497,1.457588343592198,0.7923128160310401,0.7852469522372189,1.6291753760987218,2.4044611179857522,0.6476926413081874,0.56650816070036,1.422663700315928,1.143426194204741,1.4623967398987003,0.6464680727951106,0.646346391772419,0.8789316991082121,0.7578371692402363,0.41725172735967103,0.8093210905487545,2.3585466680484974,1.796371935937876,1.1220887570949667,2.8229201818960212,0.6012069222557576,1.3651963519343062,0.7444927881559211,0.586649770910932,1.2060666473689634,0.5946844553756564,1.6129003431538558,1.192554985312825,1.1272209138344538,0.7036980217559038,0.8104026277377042,0.6993945967729857,0.6917847441964455,1.0126106293327668,0.4926725691060454
SP:20,1.056783268158612,0.719084714574679,1.66944805510292,0.9038563541922766,0.687674833857156,1.2799487196031076,1.1537756172689306,2.3157338627367805,1.0803942577579322,0.9182260351781859,0.5287579461589781,1.3254019255181801,2.4404626453710354,0.6412880359602918,0.5077235207407937,0.4970090850011127,0.7909354785466836,0.6368044408676201,0.5986194408834423,0.7412106269338488,0.6750922751586191,0.7181564266643616,0.6514127802458509,0.9056349621585942,0.655448705250936,0.637352544701518,0.8480426153688678,1.7733099935227845,0.89099566611809,1.4991434101992902,1.2584427443489454,2.9139774529911184,2.0962469695938784,1.7033985164726266,1.8877162542763257,1.8213609638726118,2.10359434561699,1.0971297923496743,1.3431046488090157,1.890822069428611,1.6825413355042227,1.167269934463331,0.8672949899813873,0.7584231739133259,0.6909183738296267,1.093527927681937,2.484531528557891,0.8902146689033754,1.0086560746435156,2.520727283853643,4.160157372147988,1.2884344144369306,1.2385487380620384,4.487352586297209,4.142617801600762,0.8359595320324711,2.125300352564304,0.774059433857323,0.8236444768490808,0.5811007214359499,1.5879423501245222,0.7294115181635324,0.7361983567177445,0.9211635197688164,0.9699164598160209,0.8216802317041667,0.9922046042384616,1.1240918696413544,0.9934661131858732,1.0628831044660054,0.7335904299471664,1.3288162978046731,0.8366763580171106,1.4897221152007385,1.1661747153700228,4.749114575917959,1.0740068005586263,0.33948466188982096,1.0311170386013229,3.9261060995642407,0.4631063249481474,0.6002342714643557,2.065941275977487,1.7857594712767908,1.0198321846478275,1.1779792981942023,1.1567142646113484,1.9778557376498558,1.5130956984692154,1.606822848082536,0.8054329646392514,0.8872100520209623,1.304287636034479,0.9864798553880685,1.2550345574783042,0.8770363478074368,0.0,0.45944314930211716,0.800877305087125,2.3820436502373643,0.7943469661106654,1.623715657090959,1.6226357957208464,1.0057492787318014,0.91277761604581,0.6795714180740408,3.7014545645953993,1.1479248803731474,1.3122922521012956,1.9168205157937253,0.7111755119602305,1.4312886231372262,0.7763153509912546,0.5283481306637926,0.6191539577022891,0.643277426713,1.49665605118071,1.7006071984559596,2.561493762875832,2.4728810862242185,1.1030307933411982,1.473490750817774,1.7242095372581023,1.9961413753961765,0.8898137513473271,1.0489214017440587,0.4787748076933494,1.8354432976372859,5.035755927129385,0.8132196121748341,1.484617068209284,4.6162166031326315,1.4125518291000483,2.788443666999957,2.8935618624465334,0.364150476170347,1.0083961276994673,3.3214452858233954,1.1761239111777841,1.0692873233640467,0.49114623427494425,1.8900163886480592,2.233484970932442,0.9139942999533347,0.8035494515430933,1.3138007261346116,0.9490825717492308,1.129339353878651,0.4504036723132059,0.47700316348071864,0.5376340982567371,1.1536534810359873,0.7826983134309687,0.5994932074314256,2.0847320536508303,1.7227507629934893,0.8494758311465339,3.0621772501452615,0.5396387501512073,1.7020584437781436,0.8753750799539818,0.4823560478539712,0.768588246463982,0.7488224544677414,1.3970670025229726,0.8386992786251486,1.1314761472780928,0.4627610172165365,0.5610552941719332,0.4150523006626544,0.9621743503281165,1.147689620232005,0.9010399462825026
SP:21,1.0131107782349786,0.6270996075087544,1.478021825185734,0.811951521733464,0.6505495809390383,1.1973682883841703,0.9908002900551381,2.203084446475651,1.0632091886192407,0.8440632833172983,0.49967573885292793,1.1765524843763304,2.2832114593375685,0.6459601624913882,0.562656257659758,0.31905044531250054,0.7953448086181073,0.5950278785489814,0.6395180448573614,0.7456347342286402,0.559915684564175,0.628890443404046,0.5661854088659454,0.7866516052736334,0.5234592274502335,0.4188395952699007,0.6483093434397753,1.6203171533092555,0.6784485067164125,1.2971746205904526,1.0844833422868632,2.8063419796376974,1.8324871037371822,1.4894028768453251,1.58026718156499,1.6085950409433674,1.8921903640310282,0.9041971657848469,1.151856765645722,1.7358780085147045,1.537188407449379,0.9759585730914142,0.7612099597597175,0.6600599990754514,0.5545711030932742,0.9708312359402187,2.3001744315002077,0.8347781188335985,0.9807617727894717,2.3338678553175605,3.9623670144508796,1.1829387947006613,1.1951784026665515,4.316342708936082,3.9497387859426665,0.7971887943940904,2.0018521041688464,0.6531670519531991,0.604046800089447,0.4169227555768302,1.4184293840252382,0.8090297982684437,0.7811121194791358,0.9040971325982069,0.9761309449745005,0.8052822116128033,0.957668411454829,1.0123504527818652,0.8786136238452549,0.9751883518066129,0.7350967798101636,1.1880144562220807,0.796114377551009,1.3832304107682192,0.9987120162674108,4.555101100942711,0.9724032488831482,0.4414159503406331,0.8379791263162053,3.733068701891917,0.6757238177822236,0.6026893086887383,1.864613094001653,1.574216168806892,0.9884706282071476,1.05418710241462,1.1989704736722435,1.7428205900672815,1.3136177552557806,1.364830969495225,0.6809581127364976,0.765852089184919,1.0915049839400834,0.8217373176355727,1.057027672025367,0.7723239032224523,0.45944314930211716,0.0,0.7506561598195866,2.1960908887500667,0.683810982938158,1.4670985602954911,1.4041019316557326,0.7704973651410855,0.7906549496621668,0.47525322587147495,3.521142024780858,1.0041894788740031,1.1957715643368243,1.6936477752189716,0.7352613128366129,1.1958808312191098,0.8484281679731935,0.521977126624327,0.4537478659052756,0.5760119865212133,1.2762547520758776,1.4277457873366528,2.339791663946208,2.262393298705528,1.2653150913581277,1.314627908789381,1.489944319817011,1.8228646503567423,0.7939942209042653,0.8584560547984543,0.2634366606084981,1.6369626172741665,4.931948296412692,0.6451614860830981,1.227785524303516,4.464872913850224,1.3752571927378994,2.6229651514919827,2.709253210890075,0.5368906502183955,0.85095720144059,3.101569624983875,1.0215288418144792,0.7697086870990696,0.7477444388812807,1.6516685954132238,2.114548303114185,0.6527345449125185,0.620428305671366,1.1806178381590422,0.725483759038434,1.0188399794311669,0.5894359582812433,0.501633603553998,0.7723500758578046,0.9575776544779752,0.7730243840562058,0.5712451322479812,1.926359931126389,1.6114791121182686,0.7131201085231819,2.8518769165227873,0.5792450914187861,1.3691083032518576,1.0030210447941292,0.4675273163368238,0.7016575146085756,0.7757188037713024,1.1551048104910824,0.7152065137209883,0.9827266335549901,0.600098986248082,0.831351470198427,0.36542882311502034,0.6766408875357802,0.8245293444735833,0.9288400143450781
SP:22,0.9682804255844069,0.6025260648061037,1.688485684231711,0.998765449231228,0.7559402240533133,1.176777013152336,1.1194203616475098,2.375401716290443,1.2108980341494084,1.1235341640650567,0.7501505930960648,1.5133936065883764,2.5776284453071936,0.5108519486034865,0.4982972826408185,0.6829130360417596,0.8333945913284632,0.6646140940097073,0.5653231370820722,0.6594828709284655,0.8914413878228059,0.7636269353725826,0.7000588153656871,1.0636080354413244,0.6899423505529458,0.734140457295921,0.8719047260323577,2.041475751136818,0.8801614473448081,1.5004657414588185,1.5264591928371463,3.1421444094927926,2.082354827043517,1.8895100577084827,1.8367002604256693,1.714399669518493,2.325986146224656,0.8761724737152706,1.2660452422440436,1.843116369696639,1.69950385978185,1.0895972557282232,0.5853316738425363,0.8266226425260487,1.06192068156163,1.1347393273712036,2.5261659296514756,1.1903214150775583,1.019963752741686,2.7005122023998274,4.23014241854309,1.3889627555946318,1.179273703120972,4.523090447377254,4.158268438445551,1.100993439606426,2.2802974855611864,0.8659710263109743,1.1425634842668821,0.6548686630662138,1.6359329000793923,0.6069305202949524,0.6438664711827886,1.0676079043571918,1.1285247520251926,0.6415550766471821,0.8729230933121225,1.085299280261519,1.2418232899266466,1.1529812091226028,0.564475245418555,1.428979305146413,0.9219912456865107,1.5717455244800396,1.3204847024958923,4.937695686913957,0.9453317461908993,0.7124996603120923,1.2480770500177374,3.9607660750882183,0.6762009838857405,0.5572564150986887,2.382641291331788,1.8543375950683127,1.4235087224790859,1.681074628187741,1.5698153587096109,1.7118929104655751,1.816635415189876,1.4353198615956066,1.1598739974432315,1.1841851224425874,1.3948136639663111,0.44390057343258804,0.9937550074028713,0.3245494767589446,0.800877305087125,0.7506561598195866,0.0,2.290868620749509,0.5411291108395684,1.336955182222867,1.767142571440753,1.04391517778516,0.7960136375348453,0.47749894993897707,3.6196279289130193,0.8419072378336198,1.6275078256692983,1.7554588486632428,1.2360938116404183,1.6524381877578316,0.5099972832591176,0.4707321065691412,0.41412327076477407,0.8089567037595523,1.861507131335912,1.884850637232885,2.484049177980089,2.2528362129554926,1.0732272196453188,1.6221314892183507,1.5488560095883557,1.9891842641186963,1.2311380097069229,1.0602125705198757,0.6747491526100534,1.8080981695245963,5.066046458781096,1.1012831588418992,1.6758079286796466,4.643299353556946,2.016013864207273,2.840778454996609,2.727752458827527,0.6540283273318561,1.0232552738428493,3.305127063168547,1.4758832562919644,0.9441314368222419,0.6534169353479504,1.8423702174258056,2.4190236852643983,0.7638451490732121,0.6282113156200373,1.451199960645321,1.2216168973580954,1.5059180007492459,0.5193038078586537,0.6208719311494377,0.8254541030464981,0.9376780516253224,0.30632014806780417,0.739972958544453,2.3802974707600044,1.9272965728297788,1.1245775963077476,3.0281980063903617,0.5628970545837657,1.5751740229054472,0.6340184004840067,0.5276617024274929,1.2789707910810013,0.547368557342777,1.7365232464741889,1.2567195194360987,1.117170877730731,0.5852801269047989,0.7136772815716416,0.6749300816230519,0.7907188892176773,1.1386656373218462,0.5051638826620991
SP:23,2.2534260040148353,2.137330836537262,2.2033920431354477,1.9699999742199603,2.308199573860183,2.6373203047509297,2.282503855589022,3.3498571669605637,2.235553958689992,2.008675027651518,2.0159219225307865,1.714067572746634,1.0731248156568483,2.303937068044428,2.154387512256614,2.235546581254454,1.9868425757555073,2.0365368963049715,2.177953325208318,2.2219979961054457,2.3582671470075107,2.4113710998381457,2.044555117363317,2.507849876426882,1.8901993420557628,2.1932551808011604,1.9899719679776438,2.6812165908954375,1.8995727711513357,1.3862998886258384,1.989765562698029,3.790911129543809,2.3791207703438864,2.758801211173219,1.7928671703223034,2.110397638666873,2.526019789958487,2.0276115857585015,1.8276041139479622,1.569063629261444,2.2089471024935294,1.8766346614223348,2.131673807101068,1.829785760969896,2.1013845491457794,1.8659549316436497,1.2303474992199852,2.147554984434956,2.0106596007467066,1.3461897621058947,2.225726955888651,1.892042660688925,1.9968926418845907,2.5725912054546365,2.137696609505422,1.958105616852142,1.2369069688989007,1.9071521830208746,2.134670797181494,2.1811462406741007,1.2642560588319502,2.09735441974504,2.067159305924861,1.9464730731582098,1.9387395574743609,2.0133732008333007,2.052423496599691,2.0935905589512003,1.8973313880795444,1.671084576006253,2.0624054634402778,1.7034007789865286,2.0842111804104166,1.512643187686338,1.7716376584286808,2.9250853304502438,2.3928382046509498,2.367324366947635,2.0139283263378025,1.8977586449521577,2.462228501246824,2.275079719852938,2.162288119701199,2.8504536647903986,2.1127786069976975,2.440987443698971,2.525044215271559,0.9614753094401315,1.6874980964411412,1.142141893003147,2.1467958031952215,2.2934007143963098,1.2776765025032122,2.0476620282740527,1.6978480618579421,2.0773466216605283,2.3820436502373643,2.1960908887500667,2.290868620749509,0.0,1.9689597259189042,1.243588019134886,2.519226338545584,1.7733515362118235,1.9707385589308626,2.0702687555983648,1.5028291659986148,1.6052574720278645,2.5895281737747298,0.8681089596110807,2.3414424835257877,2.6937694654596327,2.319110802740233,2.204358443990101,2.1828212200033126,1.9653281699567733,2.0904357411748715,1.6667889216053384,0.6739924467950197,0.6844546725187063,2.3448295560311587,2.616783328328474,0.9356139566201807,0.937766425474904,2.0620644049376637,2.2846478012357005,2.2072006369441524,0.9992406073946867,3.1629072108241356,2.1350852355013754,1.9043275351889477,2.6630763932911083,2.723396520461377,1.148243156310857,0.7512667441066945,2.203977144682439,2.4945489608634626,1.2904077809299497,2.4771082561691484,1.6330117125371206,2.531285058836969,0.9672760019328449,3.4966868807565543,2.0082727515212526,2.0401080174936017,2.6960206373645152,2.0460065617201373,2.1106558516205047,2.4008108172600435,2.2200098848593255,2.252576680268594,1.7763163578949042,2.3493139409687402,2.465911970943415,3.238619484347303,1.219337011534673,2.3939950459639987,1.1137544583172019,2.10421498611912,1.6483466438995424,2.398928796574473,2.2292958531710494,2.000836561558172,2.3839133704233926,1.971507060643443,2.203339085807779,2.50335227025043,2.33748282457147,2.4174309563446417,2.227120170906259,1.8405782274830258,1.7181330116358429,2.253764057900128
SP:24,1.101253138047513,0.5331269820152184,1.67764528600331,0.909312387907261,0.8837009682511268,1.4432353374231621,1.2457069408421357,2.5755245875688817,0.9144175621986131,0.780754055521091,0.5322251313288048,1.0610579812418892,2.2337799109176526,0.7222645850127086,0.4703647111741763,0.724076524919969,0.48499662102466584,0.39518476114533635,0.5359578855292635,0.6445409155956321,0.9819973716245602,0.9787748920846953,0.5581660893194625,1.2407017605018609,0.4987633532751422,0.7711031770847336,0.8507295085745684,2.092133951094548,0.7403228424259721,1.2709874973633077,1.4162373831769204,3.250077358850253,2.1004628858791574,1.9010793223513234,1.719433520208048,1.5469170458289698,2.1606842360130147,0.926212133279833,1.1907799822363931,1.5903283499035377,1.708342171744707,0.9963146999527328,0.6554359739285671,0.5726814023047716,0.8178314700860727,0.8009623576382838,2.183201143526724,0.9653679326028749,0.80633027867702,2.325696370916257,3.8456795975275013,0.9673588170175693,0.8357987099110026,4.118620145619979,3.744099126105508,0.7003693306948096,1.9236769370178148,0.6157886068369508,1.046684107921423,0.6621419522554842,1.3385218882724994,0.4620418495605363,0.5277095775060229,0.6891507994316687,0.7767585154114036,0.37880311692020496,0.6798171809100773,0.9227393808004134,1.020584213279153,0.6738898321095647,0.4269804062370089,1.0149952573574532,0.6987494759133469,1.1682331255763605,0.8962921592721875,4.499952753500405,1.1710223481575268,0.7416431365776982,0.9454207591470611,3.5782855910852565,0.7866508789820024,0.5969717401647762,2.2082280997278083,2.0036511649366213,1.3391454338066946,1.579783825480763,1.5882833164099153,1.4896896131642352,1.5378047686468252,1.1542138819027818,1.081668196003849,1.1384873686182253,1.1383730888145869,0.4432921075715877,0.7420737749241311,0.48099281027972485,0.7943469661106654,0.683810982938158,0.5411291108395684,1.9689597259189042,0.0,1.039347480031253,1.8062980590974735,0.6689046490872639,0.5120282806746174,0.4127877844398691,3.278103184732938,0.5161102626920476,1.626221169952107,1.3936824611887888,1.1315280991688934,1.7216802210239666,0.546351245181415,0.5421621445781674,0.5432711964901668,0.5624270479236766,1.516908568933381,1.5904626941643596,2.1652366259271054,1.9500859504764738,0.8633401023143166,1.7105742947727156,1.2106134482030393,1.679156171997904,1.142066604282544,1.1524392166550352,0.6624746224920272,1.480930423137453,4.632375273699061,1.0068777085512484,1.3757726592064607,4.2153892756731155,1.8654323676123952,2.5000897380648084,2.422017031285424,0.7039505730394461,1.1355140945189182,2.9372300372135003,1.5070308360226798,0.6104850152427606,0.8127517544615785,1.4812899595804814,2.603433744306435,0.507438221119669,0.42558598517226504,1.615184100134025,1.142856763789492,1.3939519523303545,0.6308309522442366,0.5351758401736656,0.701278441335287,0.5600724105509869,0.5690405840428726,0.926608075281579,2.464988099805507,1.5354188656622867,1.2096691861463325,2.6705808013678576,0.5313494635158795,1.3516484714546857,0.664793436225014,0.6082595420982763,1.0270281487079693,0.5939268988221502,1.4942653507638395,1.041655832631848,1.2843938722469075,0.6011329761322672,0.7734604830383939,0.6207776967122051,0.5576155033094774,0.7619005585757859,0.5048735533036758
SP:25,1.5074271408108246,1.2278473184592877,1.7482551079544413,1.2687962012587712,1.6201163822345979,1.9829681254362197,1.7485645340620946,2.973578950052178,1.4302822342360173,1.2356639313079085,1.2675128729223815,1.1554311102655128,1.6886066604164018,1.494489706757382,1.30689529381126,1.4900221965372444,1.0993671266524065,1.164343694950301,1.3692508325694668,1.4202947963063193,1.72934258565308,1.7142872392298658,1.2861329668389927,1.9273627309496064,1.1146451553264147,1.475424733291308,1.3130393894204426,2.4428987635733375,1.188058613702579,1.1532684103374695,1.7502354581220498,3.533935558669027,2.198643766143449,2.3494478445357494,1.5681065890632537,1.3655393431919862,2.391059458941117,1.188353914374562,1.121791575544836,1.1070993870801247,1.7787286642878657,1.1453110734781402,1.1680602110564748,1.0032775641065965,1.4256668227766038,1.0490004009847567,1.7739959717351832,1.4569402349345077,1.1558786217891661,1.885282473591541,3.1778438394476316,1.149131927875386,1.0986591294308694,3.3591994614261407,3.030419348386904,1.2151820321390983,1.6852020564908619,1.2351222418843402,1.6402648964156323,1.468584717803488,1.1910525965112502,1.1846920101268936,1.2287713711405701,1.19092109776404,1.2287244451021822,1.0506631625413836,1.1696571883541178,1.2744664492165934,1.2661646787518646,0.9411188984230944,1.1093270910828523,1.0459404701906798,1.233868296503225,1.0091012920552902,1.0812200301761865,3.842379930685452,1.6795680079841895,1.6265153826503733,1.3004129043475987,2.802466026684545,1.6646414929505458,1.381642675631214,2.227754805994122,2.434453427958531,1.7875228015558386,2.122080816669462,2.1803596872027327,0.7608726508105869,1.5770938894885957,0.6568519548477773,1.634921757940236,1.631146010934637,1.0449951605676686,1.0549892643989178,0.9261972319959921,1.1269044381227065,1.623715657090959,1.4670985602954911,1.336955182222867,1.243588019134886,1.039347480031253,0.0,2.1158388987828762,1.0192444717832805,1.1153969776147223,1.2381753808347755,2.3835631998428384,0.5928707752680996,2.04695223910198,0.6242004450736144,1.7594919813061471,2.2052002585729307,1.3356035158759032,1.3075046291443566,1.3142209826767617,1.1985628476748424,1.8133809846478917,1.5375409914109661,1.3655110535916766,1.0497040058495664,1.3519074763007344,2.1178908563502334,0.6419910697338654,1.0124611534672596,1.6377035040127477,1.6317143188263519,1.4469608565730456,0.985820387458349,3.7617255382025596,1.6106875625721142,1.4508181853693103,3.364275895702558,2.430073995928987,1.8669065179030837,1.5717262583559497,1.4488278555438887,1.73268196171445,2.1406771644597864,2.017710021469508,0.8807010005190316,1.6722437178608462,0.9480732169030329,3.0939958697707044,1.0956815892824798,1.1165462347304558,2.1390372281075125,1.5751878640489427,1.7386213318987342,1.5595347903498527,1.3783604596904468,1.4215074291721934,0.7671725401042497,1.4209769800229903,1.6794586745357372,2.9586522392137837,1.337909132481139,1.8294268609886528,1.880701853565612,1.2719598244931645,1.1416338412064324,1.3994240301270129,1.444371477847151,1.5361195729570685,1.3800638597082984,1.722454450077761,1.681027707729191,1.8170118388996541,1.4724867799153343,1.6085510645922934,1.4654874606572532,0.9871699468043432,1.0958564274851497,1.1951137844117203
SP:26,1.2630193728038002,1.5832807118690513,0.8473755826654826,1.150048939993737,1.3420316024655672,1.1249650160034683,0.9780564986898742,1.2797394224189653,2.2101454160064145,1.9435695264114636,1.7108715742842917,1.9948553249326868,2.296814585419023,1.5706226857178507,1.7211335947129072,1.4552779398091893,1.9200695803449328,1.720070742128349,1.7223958436541746,1.7438655809433818,1.3650646493242828,1.3466627423521809,1.5483236218485752,1.1442799290740122,1.5040053580192105,1.505225180307941,1.369382737011836,0.7416922999106911,1.4367895142513014,1.5802298684987137,1.149481639295223,1.7625983527246016,0.959355956993368,1.7052548888584729,1.1329852628760262,1.8938081288110056,2.244681619961745,1.3111984567911144,1.356752939740022,1.9069883456402137,0.8816477162491418,1.3199535262015798,1.5658596730598493,1.6083371650945595,1.7010612018339029,1.8141477397053036,2.5484951647808916,1.8557994513827907,1.9345668191528516,2.343475795977053,3.93670140621214,2.0871013294768987,2.297776553846162,4.393865142095646,4.113235138944663,1.8844677526579157,2.171135757384777,1.6276338492935316,1.3202032240149997,1.5944448666688233,1.9283331348160297,2.0097993816350064,1.7901248731423618,1.9939687252228941,1.8283096244325086,1.9072677146576038,2.069938909702744,1.9473736655266323,1.578918136000675,2.0478631966529064,1.8706768181750253,2.0013753627874356,1.9846473515359968,2.1424128600961834,1.9633909967151812,4.3868992239277285,1.1911374026261081,1.6444129863174346,1.5410432362930528,3.802544065795594,1.8639917154380499,1.6901452362269027,1.3081079685260912,0.5892302104200772,1.2814324779638846,1.2009048993765536,1.3913997375123688,2.085850898165478,1.4520494588527726,1.7947158033956678,1.1742555514279536,1.1644614485972646,1.460959002366673,1.720115594495444,1.9152133276753003,1.688681440491071,1.6226357957208464,1.4041019316557326,1.767142571440753,2.519226338545584,1.8062980590974735,2.1158388987828762,0.0,1.6498929657878039,1.8355842559620286,1.5691060608958118,3.6220466460137772,1.8622435545540554,0.697367919405812,2.2325588187468726,1.4091039451442806,0.7547783444639757,2.0172157263027857,1.5738662939706043,1.4753647508554604,1.7547625237669748,1.9606346521125915,1.7272925826171026,2.519467054913607,2.506414736921906,2.4298080798126875,0.4959260254155591,1.8790906772535605,2.1146483000114102,1.118890701473391,0.9268595043295068,1.472535778200951,1.9916645703906848,5.193387421519195,1.154591600104978,1.4361948597868366,4.5673118397031995,1.611161331590208,2.6913414978217785,2.9378095315812933,1.578655682267003,1.1843250354109427,3.215966868143604,0.7548000261363924,1.6179084831203134,1.8909785925162235,2.129216675339056,1.3504864168368829,1.7210213774475052,1.7001769898536223,0.7951641512708042,0.9245472958693253,1.0552593788834517,1.7881710099717316,1.7069344296813669,1.8493662557434205,1.8488206767493875,1.883256858347269,1.2799401549259752,1.1553017032989563,2.0292013350523637,0.8984590230809338,2.9393456781521397,1.5991288865430398,1.3988672999244698,2.1703393391469867,1.4951918810333709,1.4961298462901562,1.9300397036034322,1.2421432272456507,1.6103360552315182,0.9126515787062042,1.7787974085177107,2.00497335479044,1.5153955249317599,1.4913033308935788,1.7327721375093417,2.043164221030541
SP:27,1.2699652813898714,0.8109611009380467,1.48995911985542,0.8613903932157202,1.1284333861775666,1.6597665252939204,1.3789699971965237,2.6400618755781946,1.058996916801055,0.8319501270774473,0.7763864674855623,0.7960525713450171,1.8713383578976297,1.121985111756688,0.8972309298909632,0.9703539344085277,0.6303597636295655,0.6398747408998966,0.9290534983106411,1.0020719486071796,1.207551751429594,1.2636490848954134,0.7141275844547617,1.4128839078392479,0.605462442889593,0.9244437780792464,0.8187432432934902,1.9894880598782023,0.6768585074446655,1.006681870186069,1.2597898480313419,3.190586456988891,2.008813558166655,1.9504417334294033,1.4642856362668506,1.3723983945462555,2.0565996246077076,0.9332082016058346,1.063836985594161,1.2027989478481835,1.6082087602159816,0.8298089986567568,0.9157904264184744,0.6134850289888027,0.8070832376362113,0.49037813210820896,1.879317818438676,0.9982206171354786,0.8568040308386411,1.9705084253520078,3.4241965541276285,0.6313916027465442,0.8601421966455423,3.756480272455529,3.376860397331986,0.5703122892950924,1.713697811874598,0.6744337747322324,0.9557455104983261,0.9406185776913065,1.0651141183510011,0.8615326183771784,0.8226827571180423,0.6138091236439099,0.6731868694178897,0.6741232156398586,0.8288759938032966,0.9268630739797262,0.8748264815673997,0.6324427228313857,0.7977787393453826,0.737128842569083,0.8600053176769081,0.874196219178205,0.6423029642413662,4.0416736747509345,1.3932623845846326,1.0597524901751438,0.6905705390939851,3.201304507689187,1.184649908031059,0.9573487997502992,1.8837463999874722,1.979899306802055,1.2347145491274376,1.433600485198566,1.620977505232541,1.2781223464481821,1.1982746861687483,0.8556040079114022,1.039811852370695,0.965447903183874,0.8563974025732047,0.9155984769539038,0.8270828405380576,0.9909361605119965,1.0057492787318014,0.7704973651410855,1.04391517778516,1.7733515362118235,0.6689046490872639,1.0192444717832805,1.6498929657878039,0.0,0.7067940997591562,0.7494939067655918,2.9786028133135134,0.6705595637264765,1.4631623850310527,1.1821284883693544,1.0842651622615238,1.569577283160237,1.0865087660843025,0.8737443170263155,0.7959136697648008,0.7841394818422467,1.2445496230142925,1.2586895804311191,1.8516724730627256,1.7485655022709157,1.2105634264890994,1.602714378283863,1.01463994792911,1.3518311801938738,1.0476596879039537,1.2113889454426674,0.8293684812609015,1.1841193052393306,4.2921390591086155,0.9761245424924094,1.005979632013049,3.8219612181306615,1.7259121834297668,2.1207709498579805,2.231752421881701,0.9592833619854474,1.2442419810369039,2.578669843781562,1.4158905265523292,0.5050678956535744,1.2275011514882004,1.2125826292295043,2.6070584654053905,0.7141251908560249,0.6798100235742681,1.6463707504219725,0.9825938181011381,1.1489981039113735,1.0599425247317136,0.8502678860140117,0.937681154689934,0.6894245088284817,1.1359155751718775,1.129296323737905,2.381295378935417,1.176613122915048,1.2316489037668958,2.2817881677300296,0.8051120588472549,1.097833270995114,1.1656453008445316,0.9398454188372622,0.8945868562150895,1.0726177519937905,1.162634458860099,1.0574164979038103,1.352123100989784,0.981829059544659,1.2103586096646346,0.8510843476184191,0.5385145792418847,0.6277193306500907,1.0653013886885996
SP:28,1.255734740365738,0.7061225174896588,1.7282807670249092,1.0490532781804025,1.0111858341879258,1.5542049151076145,1.3466573885062003,2.6639965094010076,0.9893671026461958,0.8400267430139748,0.6667352351972448,1.0713529210534545,2.250608125488057,0.9180708514930467,0.6899855322559467,0.866430805807445,0.6214059536911245,0.5768522068109835,0.7140628706978694,0.7364327393132973,1.0669433475437669,1.1186347257821616,0.5889865479637999,1.3312756803249692,0.5823433905249807,0.8967351136311551,0.9101067987713024,2.137389359130115,0.7356268799020218,1.197179295388143,1.3502664914700584,3.288371727677756,2.0845772640380433,1.9574643893199828,1.6837697537676075,1.5354359507299034,2.057036557801047,1.0714219586680673,1.3110816477670573,1.6264872369289116,1.7923527558766128,1.031030321031846,0.8050959460260951,0.731257524335797,0.874599362262842,0.8213579410732932,2.0500761338626385,1.01909081748008,0.884417154765117,2.2124882212422285,3.7101885732291775,0.9003854394937633,0.909435192781171,3.9949242797272513,3.616497188341467,0.7124319967107856,1.8886533777379046,0.5974387691049959,1.0078305001741776,0.775431812297966,1.224368015349558,0.6645796886180044,0.6235390142436001,0.6879732523493357,0.7327732289315441,0.5843350764220964,0.8322077741918338,1.0190819800596653,1.1525787154641542,0.7067025129354106,0.647743094223382,1.0262056131523885,0.8055757593840474,1.121399293779941,0.8948195899130659,4.426524574196555,1.2806154769857199,0.8669273173600737,0.9730868638408995,3.468141672776549,0.8360618588383718,0.6680739894068657,2.064898263830574,2.0404169051986485,1.2766601147067005,1.5219696584377718,1.6023311079533,1.51122723471591,1.4821821071548062,1.1817772960945299,1.10355108827726,1.3088337169518007,1.1423025430161216,0.7122077509109881,0.5853243809156498,0.7469936426042572,0.91277761604581,0.7906549496621668,0.7960136375348453,1.9707385589308626,0.5120282806746174,1.1153969776147223,1.8355842559620286,0.7067940997591562,0.0,0.692355401248174,3.22629898969515,0.6038156937137639,1.727425327877527,1.3721293649951947,1.1425007677701875,1.7882376758056717,0.7015770684404854,0.661803134793085,0.7472844548402395,0.5920791375566166,1.376085906390072,1.4780658140655558,2.1433018908066077,1.9727956300492338,0.9494637374436189,1.7995942139404777,1.2959148276432246,1.5589151357449715,1.111631922426009,1.3038411442486775,0.7592923259720441,1.6303427238052655,4.545046525397998,0.942433499050013,1.3101005040197824,4.103915587119266,1.8924833601953825,2.4566336530127417,2.4726777034615695,0.8479320813757504,1.3653745450364272,2.8612741489974645,1.5646672290353438,0.7233835964888531,0.9444926325784188,1.4447379792396433,2.671416020489395,0.7187828007072546,0.6032337422366232,1.6603270464436193,1.1718560752899874,1.4426967777177566,0.7363458842772918,0.5444359218283276,0.8044464907681602,0.6597119842857239,0.7652580524087532,1.1163554762208645,2.471057144721234,1.465490985964163,1.2750453944770772,2.612263857853008,0.8143742284452745,1.3443604571364218,0.7514193322793948,0.8011695391988536,1.0699586803540877,0.6923938538889155,1.3239149506144268,0.9262160808517498,1.4296242604278007,0.7503128468729063,0.8560844770128261,0.6328364704020947,0.7526084682617178,0.7047558537623952,0.7544280731268314
SP:29,1.037016917629073,0.6329528806646354,1.5615532210571779,0.8378936889979788,0.7180159399658841,1.251143562278766,1.0429430533169373,2.3359138309279075,1.1008805282057728,0.8961856237554311,0.5044975081600688,1.173378054721664,2.3118963297236,0.6548121886056902,0.5147660961918,0.5291234328031915,0.7304109782692504,0.5777284251889642,0.6193409363453678,0.756788305961439,0.781936914631326,0.7525043793593291,0.5741794618806374,0.9739016909236555,0.5013419635425214,0.462817403345125,0.5847160836723388,1.8086580378451653,0.6114516733433171,1.3266362159298757,1.2768411520858411,2.995842487690452,1.8930264512786354,1.6465789381121712,1.5723898044217501,1.525318409374974,1.9747624521815645,0.7621239087129262,1.1166596706463159,1.6492279264573955,1.5720807045392147,0.8775269890036728,0.6299157810256707,0.5918413035537503,0.7382575422017778,0.892525639967204,2.2752482494657507,0.8926205739241094,0.8205679849801717,2.3728164976348203,3.957916621475114,1.161024140515847,1.0357753333137187,4.275836143962926,3.9154208376896884,0.87880587326124,2.018449165506823,0.7139283978997838,0.8551792942805485,0.5443285248271647,1.4319619124390444,0.6631499400220247,0.6881954451590003,0.9126464888412565,0.9941429219250816,0.6579241355229826,0.7321765683800145,0.8563043070755669,0.916381533257244,0.8952510714096713,0.5209884059220108,1.167243395740247,0.7139329095598932,1.3585448603791621,1.0270519136004306,4.609786125954868,1.0208548975380651,0.6351680323070528,0.9399758833824822,3.709792065534276,0.7131760738520823,0.5204738473664773,2.071947385607844,1.7343034969637272,1.1943435927080688,1.4077353562517398,1.4254873701369841,1.5821349569305434,1.4481711712271088,1.236164163930719,0.9491651028299627,0.9003926528764035,1.1106303164253541,0.5201399556022273,0.856407113599314,0.47894091039193765,0.6795714180740408,0.47525322587147495,0.47749894993897707,2.0702687555983648,0.4127877844398691,1.2381753808347755,1.5691060608958118,0.7494939067655918,0.692355401248174,0.0,3.427812497946076,0.7333288798879087,1.3939303977112065,1.5500547890671639,1.021859398833161,1.4124088819494682,0.6956364704147642,0.43528511639885104,0.32624583246801153,0.6318885637221303,1.5228555915231838,1.6058210865691125,2.2738397584804058,2.089626818806375,1.1465178559071862,1.475162532406789,1.3218940991515027,1.7906421547902276,0.9592930936701036,0.9740610230000339,0.43557785606920196,1.5580967928432599,4.863464242717074,0.8845814102096408,1.3187500836081862,4.410004158259128,1.741551419970451,2.5964802853750806,2.5580903437562115,0.5778390080337449,0.9544322965376643,3.0606657016074275,1.234703014999881,0.6035596679113545,0.7266473451619193,1.6053327057269828,2.3050025274601813,0.5477069324960679,0.5228647568173839,1.3747513010987091,0.9266854144421588,1.173145578422622,0.5785332246441922,0.500254482464385,0.7096128387871153,0.757206926363703,0.5837574712241449,0.6861899073157696,2.169907525076122,1.597313058572488,0.9344003928665998,2.7914769336618237,0.43728255205986133,1.34725810137887,0.8190810376025894,0.4596733431178803,0.9943269696697876,0.6562561441798289,1.4200118896044527,0.9711053025203324,1.026024273886041,0.5964027561784505,0.8156683956432302,0.512403056248054,0.5378914489292262,0.8415959883001701,0.7143699431049944
SP:30,3.472588015239174,3.408898444421443,3.193844613412583,3.2045910057153955,3.6517685002952307,3.906924981456731,3.5882636985042637,4.465203119360016,3.440258654792996,3.2500740589068995,3.367724482169587,2.8611041474157015,1.6949742168803827,3.634984450479212,3.4814484024304555,3.5786488314116074,3.220894472738309,3.3046389980666198,3.4922875141898353,3.5111947235935825,3.7122184961537705,3.769237264165358,3.3336401381626763,3.861438540303374,3.1826161869366723,3.550938144200521,3.3087876215865086,3.8439461227631235,3.1664309799956505,2.5344370566574392,3.215041258381553,4.735575755234995,3.402843386179198,4.030335526625726,2.814680054192689,3.013713327167245,3.6613184464521957,3.2394651108235335,2.915891178186093,2.3354493317713128,3.276056946281902,3.0494958988974363,3.361476250272977,3.0882637578464864,3.392596399252181,2.999698027703621,1.9511149166191972,3.408393776036498,3.214079661943732,1.8793943605425285,1.395742473391797,2.936807988183013,3.118972993025811,1.5283224397453337,1.2101243446460483,3.1754420397991456,2.2035086326975537,3.190663507420851,3.434028680379885,3.535125458454242,2.419048572052681,3.391326346072799,3.3432635742451033,3.1474946498729786,3.111968299784633,3.2484556796138295,3.2965165613291125,3.306858837860873,3.0993679182807536,2.901180389379192,3.337829588828761,2.8039148440906336,3.3402091523594266,2.568283683677043,2.918959354479297,2.124854847470055,3.6535022458322857,3.709410325883571,3.158180345536992,0.9241005133675086,3.8130717792950675,3.584385467537058,3.0527193882997765,4.011555805236554,3.3596825995153554,3.6486764301551657,3.778776199676887,2.017680094656029,2.801081028805786,2.291511042896674,3.4124166748520985,3.5153106354877623,2.558647533220847,3.3362781490756395,2.9518737842875344,3.3969203479175345,3.7014545645953993,3.521142024780858,3.6196279289130193,1.5028291659986148,3.278103184732938,2.3835631998428384,3.6220466460137772,2.9786028133135134,3.22629898969515,3.427812497946076,0.0,2.861641996568864,3.709904761141775,1.961115091796761,3.5813671713274293,3.898498954480979,3.6235791517287357,3.5144601546744814,3.5092945200368137,3.2770559728877253,3.1926459146897033,2.6991203747292776,1.2495150709512153,1.4375416345466692,3.5264142781160284,3.750808545947185,2.1810157512348196,1.8639295027962777,3.3479245537136504,3.523287856248367,3.5455093860216733,2.10356330666079,1.9674264530583843,3.4064255690103566,2.948255822428406,1.3952761136067562,3.8913205150123082,1.4484873908049107,1.176797074489755,3.5367080169422094,3.7235887946895017,0.7290804224119575,3.712662126073927,2.928421115178388,3.869529602146569,2.0614057483938226,4.639377816115118,3.2782477806340653,3.3188761726400364,3.8972788731943617,3.3016941813551273,3.3278041134284915,3.7382914308998467,3.538529038845987,3.5487998367962943,2.9722048805351706,3.686928387225296,3.7720157468820634,4.390446582722068,2.330351938991887,3.6916868070736557,0.8536805727526557,3.429537262647293,2.6680605661941765,3.6756215928627256,3.572712261113236,3.2420380252705363,3.6689670184557612,3.052530416086914,3.490626595444257,3.753475933759154,3.665547963987776,3.752730148450797,3.547769638625296,3.1119527491967762,2.9794002170182488,3.520917234154503
SP:31,1.2149066114988807,0.7937674462031736,1.6160218704052343,0.9569358862866447,1.171239544131645,1.6198493805981782,1.396454393109302,2.7214808411235247,1.1309765401058323,0.9223481122298075,0.8062168797706245,1.0040579015930027,1.964064224841651,1.0496275594017936,0.818894274265594,1.0515354730753215,0.6714881171545426,0.7023903215377492,0.8987292270214237,0.967030753054095,1.2976192096012915,1.2854387883843732,0.8076870106282313,1.513705222881342,0.6594709999399936,1.025120501212871,0.9099181638986055,2.196938708706878,0.7741295642049799,1.093521653274365,1.4921959824984738,3.3529324832410814,2.0592380376236314,2.0857870975053783,1.5254883088270412,1.331111107996905,2.186716017201857,0.8938604158908879,1.0569008736705792,1.2751136665042204,1.654582183121578,0.867043543806423,0.7561668025345225,0.6279424405224084,1.0310354084823963,0.7142848460662197,1.9060496920402576,1.0991493373440147,0.7948468405834827,2.068064147864664,3.4973835187606706,0.9155204904230326,0.8164021172752803,3.7434067586795394,3.3910518222926727,0.8497040616080006,1.7717073619778692,0.8111289478672868,1.2447676354550854,1.0074207756425877,1.1586860821171523,0.7334118269040123,0.7584437864122512,0.8167005361940373,0.8586697074063582,0.5820176878564163,0.755040960997323,0.9418240046270049,1.0457356017721104,0.6683685372250786,0.6240049616765816,0.9194700270662981,0.8471207993021274,0.9681664517404194,0.8754763041849463,4.197516003418406,1.326392112841226,1.1358453725944277,1.0065241005750667,3.206677382876805,1.1434873766655453,0.8675935165483324,2.1304545578025422,2.130517607277232,1.4389185380138334,1.77449995348286,1.8100535338421433,1.0814500612513598,1.4493851292214,0.7880642894762024,1.2743769796223752,1.2950009317740627,0.973355528167044,0.6217424493007384,0.5486851915043601,0.6761962183698212,1.1479248803731474,1.0041894788740031,0.8419072378336198,1.6052574720278645,0.5161102626920476,0.5928707752680996,1.8622435545540554,0.6705595637264765,0.6038156937137639,0.7333288798879087,2.861641996568864,0.0,1.7570602268972821,0.9950431968466896,1.3742001371771242,1.8849956271360124,0.8520815276940911,0.8009059799754409,0.8218522846241257,0.7741774039945354,1.6074527265396834,1.5166296407013413,1.785969210035425,1.5265333875033245,1.0283834397710876,1.8260418950342652,0.8672684941245621,1.3018187053740564,1.257136249325864,1.3112492089670105,0.9742362556399614,1.233012602311885,4.231326824873212,1.196599796854571,1.2913773590288253,3.8058495134608368,2.1181238456026255,2.171611138209597,2.0424941833006143,0.9708185927957976,1.3871236939692324,2.558932001971534,1.6701585889285493,0.5487308297901671,1.163026329689826,1.1991255193805828,2.793165487636426,0.7247029045705374,0.6873018763022776,1.7936176167321198,1.2281479000316498,1.457183243917715,1.0285546818091473,0.8470804174604649,0.9470164945165502,0.4622829937928222,0.9147477935142285,1.2267832843509001,2.6412145836820278,1.3344755547997067,1.4195563814042509,2.2765663458056675,0.7952758557408015,1.1601398149885471,0.9180540748767949,0.9460349717600173,1.2238298070482017,0.90004030374668,1.5077721232413899,1.278439042809172,1.4509371277384207,0.964660441084631,1.1135651416096695,0.9406578799042019,0.6272436152369358,0.8071740893301574,0.7629542590274311
SP:32,1.2295204072387704,1.453922079148171,1.02436968089809,0.9864044747816553,1.2525948931347062,1.2415581974797762,1.1297993312529644,1.6048288438699385,1.9736532423751676,1.7113160512191015,1.497199813963735,1.775808239536092,2.3271195250552923,1.452824273921454,1.5221046362415969,1.2861319502863005,1.6902703440845739,1.520090666217212,1.5634773222696177,1.612723442384567,1.266177989023321,1.2594800832360626,1.3905839756284066,1.128135611531646,1.3298882244105987,1.296602087287487,1.2148926475600672,0.9817962330990654,1.2818379338934516,1.6627866787968568,1.1855126747363571,1.972738502574047,1.4277640567477314,1.6646735124127972,1.4335442913094205,1.754091346492563,2.200378099410773,1.1794082534596435,1.2357136953892034,1.7572300950124864,1.1134361429622754,1.2421583315700957,1.3997461534437792,1.3451281983192949,1.4327107399206307,1.5550165431395004,2.6106296167458516,1.5316767171200616,1.6428034938302345,2.373320623233867,4.046280559541872,1.846667371634771,2.004635565648963,4.456261791306155,4.1998124036275355,1.6403756844589132,2.207528143614046,1.5032401755958456,1.1824218664777806,1.4421455947164492,1.9167842020321966,1.77741461363997,1.6262130930714969,1.774223795457344,1.6402660382841772,1.6942995796475284,1.786492096939045,1.670524011363451,1.2277239753141507,1.8317962764346007,1.6158501470998123,1.7843416711486746,1.6836778369153562,2.011928024845474,1.7179726539067337,4.484796658760216,1.2409197134823122,1.4161645069634747,1.2829411306422234,3.880676295389972,1.6468205995973162,1.5037527699163038,1.503777321294828,1.059886190166178,1.1819310151602762,1.107691842026549,1.2652647692530716,2.1456370607486286,1.429785474422465,1.7905681133360898,1.0300644412461128,0.7259683335747529,1.4345886489615947,1.6321476970467306,1.9062188199263455,1.5795338556590048,1.3122922521012956,1.1957715643368243,1.6275078256692983,2.5895281737747298,1.626221169952107,2.04695223910198,0.697367919405812,1.4631623850310527,1.727425327877527,1.3939303977112065,3.709904761141775,1.7570602268972821,0.0,2.223468338214166,1.0899568868956147,0.7313648702170956,1.83232150123524,1.3750582072479338,1.312804713417379,1.5784774155178725,1.8170760815149127,1.7426325477282323,2.5916261808727987,2.571114258308374,2.1481842576836745,0.5872905993296315,1.8991831576402913,2.1366916750989646,1.0025577530263803,0.9250606942437628,1.2632795273676392,1.9072972766971117,5.145689465609453,1.0940321293338204,1.3313350144068699,4.587415350849989,1.3930850294352075,2.750320467947124,3.00689394397046,1.3308710545409421,0.9627618639639812,3.292285645243697,0.6623840883500357,1.509336932181692,1.6277053750089805,2.1239969079691168,1.4728530871666379,1.5487878961171357,1.53420303902,0.8741916777308025,0.8446561327766282,0.8015431938529789,1.5680945589176183,1.4898930192873154,1.5174567256948788,1.7002242766135738,1.7502455338015543,1.0332855835820827,1.3434625292772564,1.929837954479331,0.785850680191033,3.008299534268764,1.3441896592059415,1.5376616763038549,1.9579590330761565,1.3087944152943765,1.2250048542658885,1.7274118548637913,1.2520380999155796,1.4496232987504138,0.8626777833286539,1.5563778976840617,1.7695081108563553,1.330713438110374,1.3804699220084233,1.662379806678382,1.8426932017399282
SP:33,1.8729907455229946,1.6032597818595302,1.9002919732390597,1.5873821172716849,1.9356794667646162,2.3080288878372737,1.9945057447849939,3.177408155359232,1.6885506953810632,1.4505589684708085,1.5359775764796968,1.193455901396031,1.4117890586634005,1.8520842159235062,1.6634056973780045,1.7560520814058411,1.414028355782493,1.4899796741488391,1.7064933501010626,1.7549409195136578,1.9589055700811522,2.009661410195483,1.559349629239891,2.1730299769831016,1.3918413190072072,1.7079155132891177,1.5361640370734782,2.5257641908975246,1.386822293359835,1.1483379156964264,1.7992046142033897,3.6363988716776663,2.1986153388401544,2.416716433224458,1.5017761503679585,1.480483849788253,2.2270663103327992,1.515269669702893,1.3480303560749274,1.1373395470300862,1.9875088995212749,1.354905989489342,1.5355690312532015,1.2759688397788989,1.5680120970692832,1.226922538604793,1.4352843085398495,1.6236214401454212,1.4075703937721031,1.4597616857004823,2.6663847546405783,1.2278581368342278,1.3216205155174416,2.889755995724911,2.5226125329507942,1.4183625248671998,1.4759773627693404,1.4470792405234847,1.7399829620135865,1.7244454417791975,1.0815690501026856,1.5723244205287419,1.579784117801214,1.4010028000026546,1.4632771555435353,1.4237798490912958,1.4617634689248078,1.4848364541498933,1.4073575203117572,1.079814594959394,1.474842188108438,1.1423151733315466,1.470186894849677,1.002658420250132,1.1424744495540229,3.3596706879800573,1.9971050697451789,1.9014883923084844,1.4279825242041473,2.3089709363012783,1.977874992113048,1.7123083280311544,2.060196272361152,2.579255817267838,1.8746698907120807,2.1417952359264962,2.3101348987383026,0.6659235604105206,1.4219520411926407,0.6415385123368265,1.797480508375654,1.8641825149550082,1.0399879869829534,1.4635051664083925,1.0824669499323802,1.5430055511784166,1.9168205157937253,1.6936477752189716,1.7554588486632428,0.8681089596110807,1.3936824611887888,0.6242004450736144,2.2325588187468726,1.1821284883693544,1.3721293649951947,1.5500547890671639,1.961115091796761,0.9950431968466896,2.223468338214166,0.0,1.9537643597426362,2.345833409320977,1.7494764448136908,1.6630270867911812,1.6652759698680644,1.4384749523186648,1.6836951255304284,1.3854197417752536,0.9391350669249009,0.7464643158552388,1.771894236223905,2.3120030618994813,0.5902833323651738,0.7772700638842793,1.7758279432011284,1.8984863625142414,1.7075489446000454,0.8852981704371782,3.392756261701657,1.7598679935650203,1.3924458831396027,2.917849579017729,2.4529129527101987,1.5180928684730002,1.291394868236429,1.769760460670676,2.0404094751173507,1.6254672304342825,2.1647823517080234,1.0375623738989233,2.027838440433967,0.6751186718795547,3.2400485948669386,1.3689978599876322,1.4529574971478958,2.346119348016504,1.6911087748266618,1.842632599985814,1.8937950641816894,1.6779727318152564,1.775952735686099,1.0499428855377546,1.8080028460721411,2.0101036270386725,3.011975545645935,1.15094903649629,2.043002678470357,1.4072937031792576,1.6357287521891364,1.1314617219534182,1.8158626580348067,1.7701977345785194,1.6294278772590418,1.763499848197949,1.634064389181952,1.7674538655608931,2.11631231164652,1.82920075043342,1.9631811592830304,1.724295090479253,1.2653706265850528,1.1476477831340077,1.6533125936419182
SP:34,1.066770871903873,1.0215794410607428,1.4172785663139227,0.8934934678569948,0.9379421140710625,1.3460874312931426,1.178831964255939,2.1160091855853085,1.435446323635977,1.2274810420841866,0.9544649413897855,1.4512036577229137,2.2155803109545595,1.0155705113864473,1.0045007699378692,0.8413490708841176,1.1462189799177722,0.982646309442053,0.9869341488072566,0.9739069104322813,0.8258887098577361,0.9721494385674236,0.7527584954147855,0.9855508856921541,0.8000135094339469,0.9270480884832026,0.9612619324316161,1.505815392301841,0.9109628194190482,1.302031756331738,0.8584973097997611,2.6505362434838786,1.8786442627286173,1.680381672951736,1.7326266278129565,1.7925932485045388,2.122909531959726,1.2112697771423344,1.2586098218845465,1.773474732295202,1.5253177385725376,1.2074663381456945,1.1105087021443736,0.9568818629486487,0.9817921202838155,1.216404834782825,2.316462654401255,1.1781747330314956,1.3019612540646888,2.2182394031257533,3.914822612353208,1.346925080742427,1.5158221627501771,4.28544131723235,3.9493141991588656,1.0758416324667424,1.8467401550905278,0.7962240904336594,0.6618045902381956,0.8063793357936084,1.4295111291640124,1.1865216025271013,1.0083662091588255,1.1369680445370303,1.0763311026414903,1.145066612765834,1.3397067692423124,1.380348550220187,0.9934258018836768,1.2731524291426115,1.1452406446414471,1.5015917651155,1.1969789705448446,1.595912945070892,1.3126348844728803,4.457399311203301,1.1480060385159199,0.8022727419223494,1.1712418845769548,3.6863594951710894,1.0278628681885378,1.087241575635466,1.7191749012788926,1.612072216898208,0.7138648352455664,0.8754187807725154,0.9758679793689764,1.9900210464371566,1.382378387875252,1.6230786042051824,0.421754106713654,0.8968641667093169,1.1445146917593063,1.2916320903527327,1.5274503834953104,1.214162117844291,0.7111755119602305,0.7352613128366129,1.2360938116404183,2.3414424835257877,1.1315280991688934,1.7594919813061471,1.4091039451442806,1.0842651622615238,1.1425007677701875,1.021859398833161,3.5813671713274293,1.3742001371771242,1.0899568868956147,1.9537643597426362,0.0,1.3225038984975606,1.3025802020515687,0.9778212238184592,0.9598356351824228,0.9092332399710995,1.216659245379558,1.347903332032811,2.422911265678838,2.437731291502595,1.4905605138915055,1.3096074002535016,1.7069208023061153,1.8407513175096786,0.7434646691803068,0.9786830953491535,0.7062599592656752,1.7324624665374768,4.909179560824827,0.6344877195184689,1.466205804900435,4.452625558548969,1.1310042311428452,2.5398778584030195,2.8000556936099645,0.8532578738731335,1.030020661599536,3.154827034968481,1.1252388879277566,1.1990197585163072,1.1089336185267158,1.7249161235219919,2.0207316257476142,1.148289795782993,0.9686696951114927,1.094310002049985,0.8973701737555538,1.0017258323954905,0.9382093393262356,0.8963047712240062,0.9438058776775127,1.3641866860385352,1.2661988300201583,0.8813718202699299,1.880159168715757,1.6078622228054995,0.8420020342307735,2.9240451180465867,0.9784702802512796,1.5947195583255962,1.4327564973054028,0.9147301460329099,0.5499334389928509,1.259368855031683,1.0456034475458187,0.7109592370023271,1.18613224999718,1.0463100054392964,1.0486105472682488,0.7865467202198426,1.1218441016568934,1.1785756941365122,1.3492818554381616
SP:35,1.424541113264581,1.5572434772992039,1.325027387968955,1.244363259464338,1.2514503591188582,1.2345413133227878,1.0915962668708532,1.5293023509686259,2.0200934732030063,1.7959384766227562,1.5452624351496418,1.8979245705804197,2.572139749016655,1.5082743399665937,1.619401196115456,1.280677005042104,1.8449783953959962,1.6406060578368298,1.6547564149645475,1.6931674719076608,1.218596816893894,1.1891448814806935,1.5135715137526395,0.9851252774425817,1.468864700958837,1.2600343488946961,1.2500483392668476,0.9245823569992522,1.3941442953501415,1.8114936901501009,1.2195443520123896,1.9434170764127148,1.3552661069268808,1.4288612246755819,1.494324999086796,1.978174141663746,2.047596075072905,1.3348032233946359,1.531382148855695,2.0871679808497205,1.3311755721900855,1.4427964666815527,1.571310058345864,1.557771885830956,1.4869091625846715,1.7720006282704122,2.690733286600656,1.6348843131309017,1.8542249442507102,2.5953379426201817,4.18955243992821,2.0524297339343804,2.179119823313184,4.679666452970568,4.350538813666197,1.7561498632602788,2.392407693946734,1.6106607120218295,1.1502148872210272,1.4408450034869045,2.0044348747327128,1.8781229835380941,1.7636831648894615,1.8924032418368577,1.8383298562241501,1.852887194357496,1.9174386445241258,1.8032838000452656,1.497605497582683,1.9790530491126166,1.7624100869421788,1.9110119439933768,1.8114312273664215,2.2004019382413853,1.851721671909744,4.674379569112992,1.3306640200637387,1.4785976712774846,1.42624196853471,4.070977368122051,1.6885176260497938,1.583425581632212,1.5648733075442238,0.8993299016851095,1.367022675875501,1.1706479536289336,1.391042935724312,2.250985874624559,1.5876750154239365,1.9217884522471347,1.1837069161286975,0.9025417065227566,1.5582033915971931,1.6980293851819948,1.9297569132907075,1.66187596372393,1.4312886231372262,1.1958808312191098,1.6524381877578316,2.6937694654596327,1.7216802210239666,2.2052002585729307,0.7547783444639757,1.569577283160237,1.7882376758056717,1.4124088819494682,3.898498954480979,1.8849956271360124,0.7313648702170956,2.345833409320977,1.3225038984975606,0.0,1.8999829900702823,1.4581080968688669,1.322125437922089,1.691021158852521,1.856182500166899,1.7838075339629622,2.751696674600595,2.731041292078658,2.3233823925721793,0.7109330087852206,2.0324839175902563,2.3098093382588396,1.0829578712753067,1.0502554924506713,1.2730485264751072,2.1108359852261214,5.438066263666492,1.1724479910583745,1.4317004693321391,4.851741289080876,1.5357893531867408,2.9762820319062766,3.1603014428289766,1.4551961269851144,1.0955852653286984,3.4631278014650424,0.5574266803458519,1.573743250059225,1.7151592684079147,2.250207403765103,1.3411389359347194,1.613219435943962,1.620158247941765,0.9219523543554479,0.9521473575676015,0.9205000367468502,1.6337070199521289,1.5727431778668026,1.696192628482561,1.834108015955335,1.7765940298469862,1.1178929726394349,1.0920572734071714,2.083858508061706,0.7856362815617841,3.188361440858128,1.4746621022080497,1.6409252936157257,2.0346263956981576,1.3689266051570679,1.4204208471202204,1.7874911574623003,1.3345425084207996,1.4959942468250071,0.8658443593592405,1.6027343609517182,1.8775195969033176,1.398136431067796,1.4427072623807973,1.6550482307801195,1.9572415932636367
SP:36,1.197556139594488,0.6097968675301403,1.943850095052772,1.1577096007763525,0.9582622286412471,1.469460415445051,1.3961303031383836,2.6680504258099393,0.9247851424660601,0.8702964969819534,0.6730189952566213,1.3630057410962522,2.5981417400945146,0.7046152126221631,0.48203306121251044,0.7989994202844694,0.677616014434511,0.6173415395535414,0.6064958418079132,0.709163777465525,1.0506300592723357,0.9923569910403192,0.8168380987857529,1.2937449309793858,0.8037052412597807,0.8881266909115665,1.0683855299991165,2.2695375404252527,1.0448325188439347,1.6085635371499702,1.6952380998668448,3.3691792420009,2.35798732481459,1.989171090119499,2.0222745383031633,1.7757551649623942,2.309707984587898,1.1369955023940135,1.4679202166913883,1.958152379788436,1.9026509351344878,1.2692739923101297,0.781009659620214,0.8644675774675589,0.9504221433103593,1.137253949291449,2.528495024114314,1.0670715277940015,0.9724955598203163,2.698883492686274,4.237411640773433,1.2970482760380777,1.0453921831501118,4.465925521706649,4.117135111679282,0.9217076023640417,2.3024997565981913,0.9219425440245714,1.28802693824869,0.7885894708133451,1.6884378413430172,0.4879630711928012,0.6783586576679524,0.9396717169070143,1.0303465072785527,0.6199268133331985,0.8625908388406737,1.0865183439189672,1.302956203318715,0.9928563833105192,0.5568682146926272,1.3067132362443803,0.8154254685381402,1.43007098598916,1.1760611637081686,4.90083802964083,1.2241252385826324,0.7280381792535654,1.2094644301457638,3.9419143080898182,0.5982944209440112,0.54312916334524,2.485598412583625,2.1487991768509294,1.54396807363908,1.7548449418656908,1.7152992857156095,1.8445990219098345,1.8256641747381885,1.5554334948361621,1.2947647241459908,1.377101290965261,1.5114705224730756,0.6300653325451143,0.9763307796481397,0.5755734773800831,0.7763153509912546,0.8484281679731935,0.5099972832591176,2.319110802740233,0.546351245181415,1.3356035158759032,2.0172157263027857,1.0865087660843025,0.7015770684404854,0.6956364704147642,3.6235791517287357,0.8520815276940911,1.83232150123524,1.7494764448136908,1.3025802020515687,1.8999829900702823,0.0,0.5583992020258438,0.6886682526691035,0.6641185177917845,1.7713784043514,1.901155658756834,2.5364608757455787,2.3190223865153508,0.6990733052962578,1.9014793481483465,1.6356815106167228,1.9985302800132798,1.3767269445166015,1.3192094552651608,0.8108032231992571,1.905104682499969,4.932286049306191,1.2258214795243276,1.6731515525743734,4.569308963419656,2.0018681716905675,2.871726440549561,2.780072975175365,0.7360828696524868,1.2896006795787291,3.3079919306248358,1.6843616903890775,1.0368817797321033,0.5844997507600236,1.8538831612696007,2.7042490326795092,0.7721383753890679,0.6875335718060177,1.7360848853219244,1.3885885932818856,1.651966020637629,0.5405542416288892,0.5573126553918077,0.7138095955521535,0.8912849488172595,0.36791458393190163,0.970121416960255,2.5980541896737743,1.9147093106537887,1.3414265175125886,3.057801402090233,0.6853274271641859,1.7038920926490597,0.30398068408901524,0.6784218195154018,1.2778806345217935,0.3076294031669914,1.787030605277171,1.2059372521832261,1.411558109013345,0.45168738571358524,0.5725912978220061,0.711977718776304,0.9180232183932467,1.1161911790603978,0.2935763984325395
SP:37,0.9314617756069166,0.5567198326847118,1.5219755407578655,0.7919242897943477,0.7089294796109584,1.1633805212720376,1.039168385291582,2.319554755814745,1.1398341386692648,0.9405336969868419,0.49392449608347,1.282908428883223,2.4039904216393198,0.5459813853069954,0.420626296228485,0.5104384976224244,0.7216175238158147,0.5649946353671311,0.5691139271472658,0.7133933701985723,0.7391461544290836,0.7086559100541315,0.5720194726336375,0.9604314726095589,0.5143750930456376,0.5779987953773353,0.6670661337083406,1.8481404423604417,0.7086223391230169,1.3824752501024733,1.3222106046860105,2.9481960625355916,1.9189538464876414,1.6970944944861384,1.6612656945427193,1.5291524389912095,2.0644418701439506,0.8288706768551983,1.1301918505333637,1.6904812329905858,1.5830767261928358,0.9065378335822024,0.49605657689299293,0.5834980429982246,0.7710261210206794,0.9030919694870311,2.4034592299967,0.8944940229240975,0.8229698534109035,2.464863282517738,4.05430340599904,1.185258665840338,1.0957254887636187,4.357408832490058,4.020843706157412,0.8703398619682019,2.1262877272362863,0.7191157379595843,0.8884149510546397,0.5975268058113846,1.515574043981561,0.5907653317218395,0.611660672530988,0.9075941117907297,0.9507485810997254,0.6123118014101082,0.81228984299518,0.9579928217609252,0.9496241506863953,0.9746583921375956,0.4847656544899306,1.2576197810763416,0.7217344670687749,1.4137885850751089,1.1195194928702226,4.714592882728998,0.8966915326833452,0.5741924501434937,0.9987682815527892,3.8102165923226305,0.5110847810086817,0.2789492282218491,2.0512311919637405,1.7393096579540417,1.1276686763389503,1.372267913092158,1.353115901849788,1.6964957635585716,1.5137949340095602,1.3376363412307415,0.9468914026776419,0.9388548876541551,1.1986237115148721,0.6429764678036934,0.9045911481196487,0.5006453444048538,0.5283481306637926,0.521977126624327,0.4707321065691412,2.204358443990101,0.5421621445781674,1.3075046291443566,1.5738662939706043,0.8737443170263155,0.661803134793085,0.43528511639885104,3.5144601546744814,0.8009059799754409,1.3750582072479338,1.6630270867911812,0.9778212238184592,1.4581080968688669,0.5583992020258438,0.0,0.3669477822403908,0.6107114375030366,1.620926490080993,1.7055388124313484,2.3836599399930574,2.2115013710392315,1.029856976940455,1.4757403829801108,1.4836451659845433,1.8166314096761922,0.95498367341412,1.0015049093435346,0.4565366266895191,1.7293424377389457,4.908433531675048,0.886507592702296,1.3844449864134418,4.467037289365997,1.750608701380189,2.7058265590497643,2.7034147522592153,0.38650449471267395,1.0234123109724051,3.1645850553840984,1.2320548555586202,0.8186875199800501,0.5007583604406264,1.747997945116136,2.2637591523686567,0.7312877756507861,0.6228331056505567,1.3043680881710387,0.9316826245868278,1.195918173113632,0.44648389564942526,0.32541258139864443,0.5746130490156658,0.8382313327374767,0.5256380877598047,0.6469656088229189,2.155776803957791,1.6917516977989873,0.913726503849314,2.8907911333930523,0.43500192871825727,1.450572398182111,0.6472914698311552,0.44004019195089333,1.0000944257946434,0.4846065877473614,1.432441344358631,0.9707089373982141,1.0648013495740274,0.4786603372570316,0.6276115945491563,0.392078903136489,0.7500378292551996,1.0348473240213665,0.6363010591317637
SP:38,0.8439551439083205,0.5151322254216975,1.4508448899896433,0.7371558320584415,0.6073245217472414,1.102093942854083,0.9620878818341875,2.21021209533715,1.1496924436989373,0.9784978378762256,0.5928483116583192,1.3160209308382331,2.360643032932932,0.5443240802886217,0.49798621476109695,0.5065215337240088,0.7561240168234119,0.5428387522842257,0.5679774594229481,0.6566087942913988,0.7412477987336634,0.6558126787961011,0.5219912358469003,0.8865709896642457,0.47570754719169334,0.5213879622084336,0.5939179626817167,1.75382161843018,0.6357016647166381,1.3033278444286294,1.2427763955094377,2.9115089019772418,1.8709473360897693,1.7258262240068316,1.5932473496169506,1.575883679713212,2.154944515525586,0.7008957325409946,1.0817536945616644,1.652690659573497,1.458531290915216,0.8592157934606716,0.5630439556650194,0.6625968443769021,0.8404727023489661,0.9548569640791723,2.3415560399008566,1.0366036985442508,0.951769959193,2.4733507394709506,4.039834456777173,1.2366510915435427,1.1554022576267542,4.368467928080218,4.012438032636189,0.9082936333477077,2.092501609288149,0.6993597636976789,0.8481111893676931,0.5384747375431328,1.4501033233523162,0.6728495995824929,0.6173244843870699,0.9176112684895846,0.9682491785018333,0.6501497564889899,0.8576541811853865,0.9917357400377743,1.0183447608568583,1.0496385918246987,0.5901732396501531,1.2620257166794249,0.8658318481556148,1.421827638150893,1.1477220718906866,4.6989816596191485,0.8791710358175758,0.6169427846453549,0.996655107784726,3.7980587176638565,0.7012193552834098,0.5537616494658728,2.072079188277824,1.631881365787209,1.1600778950198025,1.3932200508065558,1.3762519200053651,1.6277034564684623,1.5253992895817805,1.2915823802857365,0.8705023780589664,0.8328883116343981,1.1430062774332628,0.563822455760011,0.9813679883097217,0.5036970623293475,0.6191539577022891,0.4537478659052756,0.41412327076477407,2.1828212200033126,0.5432711964901668,1.3142209826767617,1.4753647508554604,0.7959136697648008,0.7472844548402395,0.32624583246801153,3.5092945200368137,0.8218522846241257,1.312804713417379,1.6652759698680644,0.9598356351824228,1.322125437922089,0.6886682526691035,0.3669477822403908,0.0,0.6940139651384506,1.6106102497885488,1.619280991166066,2.3432482933330014,2.1765997225281493,1.1613064498714434,1.3435768513694304,1.4186188748297013,1.8147468525599946,0.9238135555615845,0.8323128775881811,0.408431737542831,1.6329212180761563,4.94686269353037,0.8337371878760416,1.3939765337797612,4.498391829326664,1.7443093024407321,2.6474222379047876,2.6430772145902823,0.5168257261425758,0.8385403673307584,3.158629020223504,1.176147949151324,0.774859242058269,0.713731710462744,1.6887165750611677,2.214989992037716,0.677683882726348,0.5206622963361685,1.2298346922501044,0.9101916848827376,1.151970254678218,0.5484678787684426,0.5317720095893925,0.7196930328312109,0.8922343821089583,0.5827366062064637,0.5339890568011166,2.1186891524198432,1.6924280452726204,0.8431293602602475,2.8688546581872716,0.4104084137058603,1.3824166813408023,0.828320633644011,0.3973948695369876,1.005528341261246,0.6731028257150112,1.4287143843787242,1.0384900318796888,0.8861639280999668,0.5289726821898558,0.7929363380929358,0.49989066507959085,0.5771012917660036,0.9584530182816581,0.7237648621595205
SP:39,1.136036314072908,0.6231762173091657,1.6800129085653868,0.9689469380331036,0.9414498450479863,1.4999492300480755,1.2936865703702838,2.555663708082471,0.911052234380365,0.6253331092340032,0.4778021239149663,1.040262114932289,2.1325105039972114,0.7831181895624333,0.5624370221417778,0.6258740729883142,0.5883178453894328,0.537765532782827,0.6385650040397957,0.7452153298590525,0.8747014335138529,0.9659060611234395,0.5887900655931415,1.1797732862406471,0.5315789961975722,0.6902647272964241,0.7961659433770277,1.945597981478441,0.7331304185251335,1.19230783436303,1.2792828347614817,3.150624241979871,2.0793050029261257,1.7287063065145711,1.6515342914235214,1.5484786856502095,1.9462403414115954,1.0336396331035034,1.1797399981132026,1.6638774829341236,1.683315154605702,0.9968456855876158,0.776352809057769,0.5872924691100249,0.5728213666787338,0.8877937698926797,2.1486940610118306,0.8153388538569742,0.8182473523243738,2.164059410293728,3.7962255318067673,0.9825337985775447,0.9538874102598572,4.056594029862641,3.708053000795629,0.6688842546760786,1.858505526470693,0.5991807064908992,0.8973268713440107,0.5960047536580556,1.2884379889139075,0.6619547963588611,0.6645272362321475,0.7353305060890398,0.8484757375419532,0.6459068289466667,0.8290123675207467,0.9150097984783696,0.8955527025823621,0.6622284594252175,0.6038806918753756,1.0872570022306849,0.6285956554720418,1.0795712258271692,0.8300117044775713,4.404616284852671,1.1799377026613243,0.6209631649419085,0.9476926816465873,3.487520700108387,0.7005180582965346,0.6167084416302296,2.0152999018773006,1.9637464251521484,1.117549581156845,1.3159772354048256,1.4541797947084334,1.6029908134312862,1.2847025958506935,1.2661342791624894,0.8838640707911698,1.1626115849104948,1.058106910747802,0.7526057966510415,0.8478502857005559,0.7201089011342747,0.643277426713,0.5760119865212133,0.8089567037595523,1.9653281699567733,0.5624270479236766,1.1985628476748424,1.7547625237669748,0.7841394818422467,0.5920791375566166,0.6318885637221303,3.2770559728877253,0.7741774039945354,1.5784774155178725,1.4384749523186648,0.9092332399710995,1.691021158852521,0.6641185177917845,0.6107114375030366,0.6940139651384506,0.0,1.2059860906915418,1.371710419834704,2.1407133260031554,2.05216740681682,0.9276015832595806,1.7275184479349603,1.338747922621877,1.5970022674059068,1.0558097855231983,1.1344700494998283,0.567965886074359,1.5311746637877348,4.59808613869604,0.8834002566151955,1.3215129033489235,4.198997172997819,1.5578875523435007,2.407583860717742,2.4733272721773005,0.6739629270532502,1.2119523151835943,2.885250140419134,1.4708800193973486,0.7160341814168575,0.7797442912804913,1.4093806454042255,2.5324534277670474,0.570084621301438,0.5190180251440233,1.5469042591806603,1.038981968564368,1.322466452275488,0.6493510837769582,0.47828773445030126,0.7139595122767084,0.7510879231134542,0.7299154705675083,0.9565838303376265,2.347695472008056,1.4921542088824375,1.14031838754869,2.6731444926633663,0.6922059343680558,1.3743695367482687,0.8270116694901013,0.6949058733636105,0.7760946015781505,0.6688492735415033,1.2850774154170648,0.735139787947936,1.3650031115381542,0.6408983215920022,0.7165341813113698,0.5487345763631398,0.7073408372988905,0.7245442463942258,0.7265893122040388
SP:40,1.8951806266940538,1.5663161220848232,1.9779421591345347,1.6245195060271838,1.7340584473550282,2.1768259414073285,1.881283545784677,2.8301835092561247,1.4934635862722387,1.2435274192852226,1.3575567983160184,1.2028721281168016,2.0163156137678944,1.7494825532550795,1.609542937557972,1.4182104710564631,1.4985035616330526,1.465232142044272,1.629494552624205,1.6098663410464684,1.4960966050296816,1.7147878920767505,1.4051441213914797,1.741029192172805,1.3693474249770363,1.4228527565796636,1.4879102928205308,2.050894886400737,1.3658961621624714,1.4708619845786282,1.3404756658090151,3.1584163850359688,2.1850047720509003,1.7361053250167937,1.7816032094907792,1.817802914938917,1.6825393631148737,1.778375137433997,1.6862511263010351,1.9566970940731625,2.1010411070164485,1.6398594221646217,1.6886932765687919,1.3940983081388183,1.1060096871139302,1.4328539968409435,1.9737394843238816,1.315347290369232,1.6098298001033886,1.7464877508806924,3.3694827028178165,1.3171739642859113,1.6077470366586237,3.6930611116997896,3.3309801901710165,1.2385946879634855,1.7084220837452309,1.2687992184755474,1.151438588606502,1.3810512762128357,1.4232708679510788,1.6890271739345655,1.6395956413499475,1.3636067269498282,1.4652816246049256,1.6138780685062153,1.6753104579795253,1.5969941384511122,1.305558374844757,1.237674733720107,1.629668575133193,1.4074621520868047,1.4195897720465358,1.4654818230583622,1.120704058290426,3.8020687959142636,1.9235402542261888,1.4778361502862263,1.2663631641327935,3.111028737810633,1.673146781634475,1.6226206417575806,1.6914232588723048,2.2207131440464476,1.415880139341223,1.2631508945766892,1.7835983838964493,1.9900609068376796,1.237846057109023,1.6644900988267355,1.2389359797923187,1.5985977590189855,1.308062496228949,1.717047017141878,1.574331531722736,1.7542791198344727,1.49665605118071,1.2762547520758776,1.861507131335912,2.0904357411748715,1.516908568933381,1.8133809846478917,1.9606346521125915,1.2445496230142925,1.376085906390072,1.5228555915231838,3.1926459146897033,1.6074527265396834,1.8170760815149127,1.6836951255304284,1.216659245379558,1.856182500166899,1.7713784043514,1.620926490080993,1.6106102497885488,1.2059860906915418,0.0,0.8580920818002294,2.1156170345766148,2.2671839617143235,1.8486379370297283,2.058376037199248,1.6655151913828883,1.6719049024900625,1.421086247893236,1.7197028881572007,1.32334297510835,1.70448446169032,4.369040021180368,1.2781416291180863,1.2865418747668476,3.9066871552168805,1.3560537408648894,2.2736104397133126,2.5741114194335397,1.6366638319758804,1.7864310684855065,2.6317699800778294,1.7629477001707328,1.2771268116036059,1.806929930519776,1.3655561317363016,2.684922762909143,1.3147052364594414,1.3651178979709826,1.9257074259447782,1.4173322496141507,1.5529344615212333,1.6269379205634416,1.4303457591148885,1.6234847501067184,1.4413179716674849,1.8048351014024195,1.7447087757944932,2.333792583153945,1.4730492458361817,1.640873982153173,2.5364399813501386,1.6689777501785692,1.51404222388708,1.9139471407375057,1.6274180224131736,1.0119354943677485,1.702150409428406,0.9384209306179201,0.8638017847245314,1.970973253613542,1.647005905962543,1.7429157450178139,1.3982241410689797,1.4135700173796182,0.947826829039341,1.8125204632472467
SP:41,1.6454631770658472,1.5470051571691632,1.6079528431488832,1.448045526629347,1.7057109183971992,2.0217092257821863,1.721006514348612,2.545846580234045,1.691716751396874,1.4528475979832884,1.525694617955682,1.3805459289846347,1.5293691332700252,1.750987906070367,1.698347801432581,1.5252437989023087,1.5999867650771198,1.5136870934724438,1.6720287427673315,1.5950598891453789,1.5808427239345189,1.718179657017441,1.4226772213781607,1.7337094494888563,1.3411502483006819,1.557636571364502,1.4907408120729526,1.8572031031639242,1.3412697625256356,1.0356433014709778,1.0923496688034668,2.9377928610994366,1.84646949418322,1.925671209993472,1.4313637202133809,1.784276804784599,2.042791307222251,1.6055688363179668,1.4124753521913063,1.614732301338753,1.6717069921740675,1.5177923975671557,1.661704244616751,1.4228597098543396,1.4245861862847427,1.5372970649813102,1.5897318096613917,1.6464786613393152,1.7845495363106967,1.4102597612060415,2.9766982589876774,1.4922074417966062,1.7966721812243425,3.3643703919911094,2.979325606895616,1.4058175525657062,1.2839853511706207,1.280079138220458,1.2463385089975774,1.48677175506555,1.0335832120663186,1.772789295450211,1.6331491197757602,1.471202966434976,1.477733245905529,1.66000932493761,1.8401030319356888,1.7774546604620807,1.407211259855216,1.4041166936232865,1.7299243573018608,1.4305184338381112,1.6861270384427933,1.4416737579440801,1.2979297065072342,3.426721570571227,1.7892832714258735,1.677336941990909,1.3591895912429122,2.680558016772613,1.911128493518112,1.8008990634827546,1.4507719391550218,2.035603434988024,1.4343259758079605,1.4376326932580639,1.80937403517799,1.5419331996300587,1.223057321568607,1.344571824297685,1.1873360146863317,1.5987255168019106,0.9491440323363467,1.6632138062876718,1.6060051780527713,1.721776047854208,1.7006071984559596,1.4277457873366528,1.884850637232885,1.6667889216053384,1.5904626941643596,1.5375409914109661,1.7272925826171026,1.2586895804311191,1.4780658140655558,1.6058210865691125,2.6991203747292776,1.5166296407013413,1.7426325477282323,1.3854197417752536,1.347903332032811,1.7838075339629622,1.901155658756834,1.7055388124313484,1.619280991166066,1.371710419834704,0.8580920818002294,0.0,1.5830002252744544,1.773700427206259,2.009437568184526,1.8411613315448552,1.2860858206580252,1.1635967638675726,1.3735688741405712,1.5210958112983302,1.4583538238156444,1.2939556782293749,4.047247486239319,1.2663760315670345,1.284697560887614,3.537605780383265,1.6386759747869442,1.7863653246312703,2.033957039877131,1.7349888662181363,1.6955752510480613,2.204590764106965,1.7179661029671658,1.281405549945432,2.0395344129285142,0.9059947586247502,2.6100798248784836,1.4114794312440442,1.3876062360968562,1.7936197242971745,1.4048324246937194,1.482934293420748,1.8097188637227635,1.6374595337584765,1.795959554359765,1.455225474754545,1.9126613842595,1.7764460192189147,2.3262794479894797,1.30109538951224,1.6331598605420259,2.0835680858156924,1.711204257958506,1.1520138076715636,2.076145527081197,1.6851958144692167,1.129227407408948,1.8746562632763981,0.855489131183268,1.237196735219927,1.826693342905051,1.7871203281284564,1.9396935663586787,1.5742117232140875,1.3205672495063983,0.9909752892602307,1.8859376396342777
SP:42,2.3298172898398763,2.265205577466139,2.0971194697744795,2.06966818096634,2.506259654457715,2.7623589781165223,2.4453556084926964,3.3954555353739737,2.4066805039375874,2.1791686305787024,2.2455430152845386,1.860386994483069,0.928389751212095,2.4808534586248974,2.3549990734649056,2.3985073820476086,2.147734771221534,2.187779691313117,2.3708957075264463,2.3866690578142893,2.532913720462933,2.5934065846347485,2.1915949946074162,2.6829112305787253,2.0323598131011997,2.378320659163074,2.1543871979477625,2.7620676041256216,2.020517336813586,1.4069727563083478,2.092283518637346,3.7729162303280828,2.392327274405621,2.904771486042112,1.76751168343327,2.0036071283382046,2.7336050155351255,2.1008353923420637,1.7579624575100814,1.3825055296251778,2.230256103985799,1.9344193124262496,2.21933475772579,1.9596905737782464,2.2677672460331295,1.930316837769718,1.3349622921758701,2.3270988341131815,2.1656086457521644,1.2388980839752697,2.0147604631342118,1.9225489089125283,2.1200845653484097,2.324501526215376,1.9353347024406398,2.108681149447351,1.3961089534474873,2.048908239176261,2.266758052476934,2.353014604602501,1.3731266994197477,2.3100202164614503,2.2471164911154795,2.094576329441036,2.081064837241597,2.152103970158238,2.2333839496812886,2.236206758595758,1.9697701937324748,1.8559429572471648,2.2378172347252425,1.8134996919484647,2.247199135787865,1.6053716293225815,1.8623035083580857,2.6800812881536693,2.4892522397370946,2.5540453694259706,2.079788823372162,1.5898212684451773,2.6941032809922842,2.4638622297543242,2.1357233077573894,2.8880940534149433,2.250051886330943,2.5299094343697237,2.692165788625434,0.9432644946060356,1.7731940882103376,1.161150897791067,2.2359591717527576,2.368117211547192,1.393569765857528,2.2092916520820194,1.9081370550615921,2.262277040865792,2.561493762875832,2.339791663946208,2.484049177980089,0.6739924467950197,2.1652366259271054,1.3655110535916766,2.519467054913607,1.8516724730627256,2.1433018908066077,2.2738397584804058,1.2495150709512153,1.785969210035425,2.5916261808727987,0.9391350669249009,2.422911265678838,2.751696674600595,2.5364608757455787,2.3836599399930574,2.3432482933330014,2.1407133260031554,2.1156170345766148,1.5830002252744544,0.0,0.6109208909950368,2.5392786842595423,2.6339152280440294,1.0760565815669278,0.8401004174509673,2.2342405229954228,2.3415608661706253,2.362514715599842,0.9765526245119871,2.9246950368390636,2.257847491796551,1.9326082075360782,2.380382793934889,2.804237809981323,0.9467443095928141,0.7343055973405251,2.4076782157316843,2.5385178266536013,0.915647028028823,2.5930474012762668,1.7741917242719258,2.755273582716258,0.9189538089099257,3.531742499554469,2.12005037023028,2.1535672702159045,2.7317648497712606,2.148917805443014,2.2448070418197483,2.603168056968546,2.410701898484633,2.475146139234837,1.891469463212947,2.5608156810884015,2.6011131025512677,3.314697012045489,1.4416959354801082,2.5284476915872065,0.7473611424934481,2.3065335850290993,1.5467534658203181,2.6307235772403605,2.4301927332166295,2.105518899330956,2.567887694301435,1.962105516521539,2.3575281701696706,2.607206199196416,2.5539821767747424,2.6552489520552176,2.4037850506343372,1.9544874587435899,1.836058571350242,2.433693955923717
SP:43,2.1985604712917928,2.111417872900646,2.0858627700718815,1.9548305752447128,2.367759404337075,2.6260185366296387,2.3270099666044732,3.355612929884655,2.277601078433819,2.079968130772,2.1231694650324275,1.7895213078803327,1.273367157425542,2.326846754541685,2.193198968075571,2.304091365409077,1.9852042361510147,2.0360559362157473,2.211481112218622,2.232646763788937,2.46065659625618,2.4741078599326087,2.0692049215833213,2.6054630977895714,1.908036151092211,2.2695996685108275,2.0404663476301823,2.7967956492336676,1.8995734382383107,1.4351862550398329,2.139984723116519,3.822496514562252,2.3680293281974154,2.909130479141469,1.7437063737701461,1.8977263100223873,2.7640779587075337,1.911142825050505,1.6814655090237436,1.2848705692162334,2.1469770104135737,1.7955762675057296,2.0329395132460726,1.8224489318490242,2.2105159417269316,1.8034958318152077,1.4445534557192083,2.245346977959382,1.9905867017151648,1.5151882133108754,2.3333384313376406,1.8391819773427731,1.9324440728845613,2.5853515311875874,2.2079353515088562,2.0188062989237587,1.5131738314906666,1.9665211212179032,2.259389178761559,2.2591494066841267,1.396386596779005,2.116703474584317,2.0715368724686947,1.980880217417113,1.9551982297268584,1.9635181824475547,2.0378496524003293,2.0742673627247235,1.9329502121129227,1.733235562215665,2.0354700246134434,1.689611542697525,2.114037932305264,1.5443702555978938,1.7899216340224915,3.062894786764972,2.368756452382833,2.4542762572447567,1.9834599400677797,1.9586115858837743,2.5560615966572953,2.295873784285944,2.3154680516167865,2.858620201117573,2.292410391052688,2.618337232101901,2.695566638822163,0.7185545294862155,1.8679027760196196,1.0137272849944716,2.2405275210929783,2.3011091785717137,1.4082721031611805,1.9548589591706822,1.6923686629716854,2.0260208190966917,2.4728810862242185,2.262393298705528,2.2528362129554926,0.6844546725187063,1.9500859504764738,1.0497040058495664,2.506414736921906,1.7485655022709157,1.9727956300492338,2.089626818806375,1.4375416345466692,1.5265333875033245,2.571114258308374,0.7464643158552388,2.437731291502595,2.731041292078658,2.3190223865153508,2.2115013710392315,2.1765997225281493,2.05216740681682,2.2671839617143235,1.773700427206259,0.6109208909950368,0.0,2.331828591554675,2.582594186860796,0.8553223605863381,0.9475680380455073,2.193807790462021,2.2523895008825368,2.269792469414315,0.9866267339123965,3.076416262050776,2.2189051204247154,1.8887066622966047,2.558907142011537,2.928865524827387,1.2794265712244788,0.7256761493566048,2.281033992808946,2.4249424300758022,1.2917584682360361,2.5492427634193002,1.6296607215479402,2.5960476645712647,1.0073429720281721,3.5401965411221528,1.9683008701202749,2.007968914842185,2.6973314033144327,2.1316005256103194,2.2288422261881453,2.4502378873874773,2.2732437808585,2.3175766099856534,1.6637890317623403,2.347071094202205,2.4724547852907413,3.356479137592348,1.4652372339107007,2.4688139455011986,1.0262318716075498,2.127663291646759,1.4790713308488834,2.3898253983789384,2.269181182156505,2.14020890558019,2.3635310179165976,2.0800077490686597,2.3628050901626327,2.46381145546414,2.385156566921011,2.507772255077648,2.2895102674299737,1.783869348090929,1.7592317307386895,2.1926230969683873
SP:44,1.5624484657373463,0.9862736300079638,2.2550388734899762,1.4251426129006546,1.4202144031990709,2.0024445014100043,1.8960557529886828,3.1429651660895543,0.9002071969603163,0.9402773576731952,1.0092202992654185,1.33423696585562,2.5649928503003276,1.2213611169679894,0.9416412848284328,1.2828638800127319,0.7309620991101509,0.8635542278648274,0.980708204179968,1.060229325598235,1.5415712995016613,1.535467566387133,1.0997525997449618,1.8119486265005047,1.1060296811675663,1.3475490724295855,1.4205232999400503,2.6609574099582916,1.3383391034855736,1.7474631699761365,1.968207096591304,3.75949154085073,2.7922296961559865,2.4016221836906535,2.3352533478393185,1.9138519761285107,2.6007376740617647,1.48650064014763,1.6991336104292567,1.931617508476283,2.196973768301439,1.5278085750627253,1.1952948917123272,1.0844192887031856,1.2152314026299589,1.1974551020721,2.5497227989079745,1.2784962342852362,1.0850466387555704,2.69025343921886,4.161788321048668,1.1613808493011897,0.9515482172207143,4.307113639169971,3.9797874768563966,0.9201587961123863,2.3064996103629984,1.1460495993299373,1.6284827643086544,1.2379345339238759,1.7469860315719958,0.6901661001683562,0.8937449416627894,0.9051153063674735,1.000788160332456,0.7815165365236886,0.9913608212080108,1.2450506799822734,1.4569970614937637,0.9493645018976883,0.8589957022138713,1.2798647078065652,0.9936702016677601,1.3124877327358613,1.184160426860088,4.7859789723532975,1.7314265179206012,1.1789365339753919,1.3915315752774158,3.8189200116799604,1.0638550118567098,1.0349515499538662,2.7263356055985994,2.65296366112866,1.8169243121022967,2.066229110759485,2.0492394446495608,1.9700028771956912,1.9927187903661414,1.693721637584015,1.5975207148884565,1.656317725906213,1.68493862408741,1.0753190095686274,1.2563114569319758,1.0913640486865166,1.1030307933411982,1.2653150913581277,1.0732272196453188,2.3448295560311587,0.8633401023143166,1.3519074763007344,2.4298080798126875,1.2105634264890994,0.9494637374436189,1.1465178559071862,3.5264142781160284,1.0283834397710876,2.1481842576836745,1.771894236223905,1.4905605138915055,2.3233823925721793,0.6990733052962578,1.029856976940455,1.1613064498714434,0.9276015832595806,1.8486379370297283,2.009437568184526,2.5392786842595423,2.331828591554675,0.0,2.309426642569751,1.7406431650811907,1.9729276662107555,1.704391239602739,1.7406804920197212,1.22198853685498,1.9370214472476266,4.607083258138748,1.5788323409441354,1.8636720251310797,4.349970744704066,2.199864018948626,2.785872135375735,2.7407953090944965,1.1356247705409364,1.699080388224492,3.2499619390018446,2.107645559601958,1.3042206225713457,1.0307424969286847,1.8541460956493048,3.1693203441885984,1.0768478841339493,0.9588324384000809,2.1876977603710124,1.7761361042148547,1.911382705662322,1.0146165690447377,0.965164260289861,0.8315602242136043,1.0527858952230862,1.0117735289322007,1.4455711158634217,3.057404703123446,1.8887524429830995,1.7968030750172075,3.014449792006594,1.0492513652016269,1.9417890663428803,0.6468107991048803,1.1748112293840784,1.4330546723191102,0.8166597249024334,2.0066015644884794,1.4558837336083177,1.867625235272636,0.8988450273268282,0.8919083926284509,1.1565746272961621,1.2087800099186137,1.3317021119099999,0.6882567474054588
SP:45,1.140151928868884,1.476201698184536,0.9671608087311832,1.0417510355840565,1.14562540141485,0.9684976904268104,0.9037774618204251,1.2709962569975806,2.0878292681467,1.8933753456063682,1.6356628598592755,2.0044280031341386,2.4088956541755127,1.423100781104445,1.5718367570022562,1.3672219549217042,1.8062152716578317,1.5915486975540618,1.572527319478444,1.5776112635414843,1.2863358338754511,1.197821490780989,1.447820737772102,1.0196286139653656,1.4098199114508485,1.4259746104093938,1.3395593055921953,0.9198864324521941,1.3962903363411536,1.6377217514953013,1.164578169361965,1.9188729465122767,1.27219546627241,1.8470754382086945,1.4615172353519157,1.9960583492185167,2.4476751942370987,1.2134892348963704,1.3697035312217687,1.9137811636410722,0.9671538956438906,1.367105033702131,1.4843345420431289,1.5272237094827619,1.6706906109210604,1.7805355414766988,2.6090354413539134,1.8143222468911677,1.8764252589051555,2.539802202176589,4.100480609205254,2.079955732586296,2.2088549481804063,4.575460615624337,4.2611290672675555,1.8061888020614505,2.2423256617165306,1.5634090126671978,1.3074818470294323,1.4757487360525705,1.921530958963326,1.8588353305484853,1.6594039550430706,1.905992989698361,1.7296359113840274,1.7840572429093624,1.9589361001033543,1.9037698544379245,1.571409069184419,2.026496664888281,1.7445840954456364,1.936270636590726,1.9210766810116289,2.1549430127570415,1.9326255075511636,4.602047997931729,1.1233552955196888,1.4980703624641825,1.482498798447982,3.973916921818014,1.7450590063340388,1.6261030918899724,1.6132296575750993,0.7213103756206705,1.3041793385109286,1.2836565487261427,1.2861583398059009,2.11454995542141,1.6496575377503162,1.831381624002932,1.1139985411483606,0.9940790030860218,1.5089448447783524,1.6357782403803067,1.9575347000983654,1.5929692706756418,1.473490750817774,1.314627908789381,1.6221314892183507,2.616783328328474,1.7105742947727156,2.1178908563502334,0.4959260254155591,1.602714378283863,1.7995942139404777,1.475162532406789,3.750808545947185,1.8260418950342652,0.5872905993296315,2.3120030618994813,1.3096074002535016,0.7109330087852206,1.9014793481483465,1.4757403829801108,1.3435768513694304,1.7275184479349603,2.058376037199248,1.8411613315448552,2.6339152280440294,2.582594186860796,2.309426642569751,0.0,1.9340980759451307,2.2212064726236838,1.0555463995338898,0.7900406761729478,1.3930378468429279,1.9909530703747296,5.306930465169624,1.0932413450243466,1.5523015187311324,4.715379323451598,1.6385487043867972,2.82113483609337,3.012566834625408,1.4257537039075252,0.9150570401563783,3.3751423713616138,0.6460126059303025,1.6395043143069097,1.755863380682918,2.2151447178615826,1.4051400947043227,1.6816421361644367,1.630067201796584,0.7428662349938512,0.944173852955836,1.0221467279179963,1.6438013058487393,1.6310608554718942,1.7087753960087408,1.847139162610854,1.7643936476296898,1.048138318230695,1.308104090790072,2.079286011009063,0.7542481280326426,3.067219994846629,1.4261264825639481,1.5875663355123741,2.044627162711464,1.3202614825841699,1.4344345656771178,1.840792956637313,1.3941850709020505,1.6528044465742602,0.6607431503518452,1.6227875346649743,1.8587182539276117,1.4244121588487475,1.4432492844956784,1.751225477307159,1.916984607169609
SP:46,1.516450188696849,1.371881995621508,1.5347896668651837,1.2161348212500684,1.6238447769846074,1.942089517503843,1.6084782617782922,2.7671327428024846,1.64737435376985,1.4111018126038233,1.366783326724746,1.1754060813418796,1.2946254771507235,1.601826801711615,1.4702103109860483,1.5485276929443115,1.303761234599915,1.3103537250538595,1.4942678251469665,1.526937903043516,1.7046958010965303,1.7320812557308838,1.334944681470827,1.857725619609799,1.1764986809728435,1.531826177361503,1.3274867995496205,2.1824699116333095,1.2086624458737676,0.9058904943082152,1.4939791839024064,3.3115569178470534,1.8999732270677008,2.2465272001588406,1.285474933933057,1.4941270879930084,2.2723633812226596,1.2755761617692762,1.1287947096929034,1.0693484294206639,1.5940465229953285,1.1582981410954258,1.3589539249573062,1.128897684816999,1.485252916122197,1.158932402857418,1.4617258638138064,1.5866860805446497,1.3961568282651016,1.5292748699162246,2.821001624630739,1.2657970741175106,1.407317186023714,3.1323139416905734,2.7502115215728358,1.31257325126815,1.2586331013915177,1.2276621446450608,1.5170578326909605,1.5152220660329934,0.9806751926551933,1.4427930766246155,1.377538192123873,1.3046766743281648,1.2764933625806105,1.285639839631339,1.4279924975645224,1.4818736318530772,1.2849497304741335,1.092117557726501,1.3737271804726392,1.1459244760685905,1.4735679802730988,1.0857230259136412,1.1941163467687759,3.4442401965033387,1.681141915055723,1.7096387663447308,1.3203633461216306,2.5317827224041816,1.8322249076198287,1.57490167814499,1.892017544282292,2.222755988184938,1.6156880976557217,1.921868299249649,2.023632964618021,0.6477128014772577,1.3248621114949999,0.48839564991265516,1.5090453354563609,1.5718939352696597,0.7542361073691448,1.2668320329980918,1.0907284956040102,1.3332564701124698,1.7242095372581023,1.489944319817011,1.5488560095883557,0.9356139566201807,1.2106134482030393,0.6419910697338654,1.8790906772535605,1.01463994792911,1.2959148276432246,1.3218940991515027,2.1810157512348196,0.8672684941245621,1.8991831576402913,0.5902833323651738,1.7069208023061153,2.0324839175902563,1.6356815106167228,1.4836451659845433,1.4186188748297013,1.338747922621877,1.6655151913828883,1.2860858206580252,1.0760565815669278,0.8553223605863381,1.7406431650811907,1.9340980759451307,0.0,0.855988977576247,1.4755963673741368,1.5491600626985351,1.4998572386372453,0.6211026242297688,3.7150966635295486,1.490206261470583,1.3110800702659557,3.207776746014052,2.2347179718133208,1.5155600866637977,1.319339208197075,1.5549182789258913,1.7192657339459225,1.87713767267689,1.846992758601836,0.8752383883962847,1.8772923634360341,0.7174792021685622,2.907221171842206,1.2529341699538237,1.2676199373587542,2.01864327148072,1.4098822037577243,1.5439901336627166,1.7169080432610448,1.5328057757501863,1.6046676306122367,1.0148034280739058,1.64537636734397,1.7297779989086652,2.708834199875132,1.0386434816742556,1.732226858273987,1.5842460444319968,1.3890448898068268,0.9351263851795589,1.746075338714936,1.52307148918082,1.4325759250189323,1.6792088306781066,1.4768013296587783,1.6242632516685303,1.7646064989128947,1.6500141841078715,1.807011276342107,1.5344689995429885,1.033674448251433,1.0494835550188912,1.5411125073239464
SP:47,1.810849126527388,1.7434647979853315,1.7091771941239011,1.545834960557781,2.0058429690731225,2.3103703982399777,2.0040802750567344,3.0237722090213968,1.9606405854024944,1.6977117720306372,1.7136242812219444,1.4624089421177608,1.107255946663415,1.9822849469917083,1.854222231103531,1.8943169194926939,1.6349191872303308,1.6646583590248127,1.8569464143848908,1.852480238340736,2.024447563623887,2.097427860788755,1.621747628507606,2.1948040141101117,1.4818855521115393,1.8697683551858684,1.6173313243253182,2.356461663030909,1.4773324828654075,0.9304784351982874,1.5746586142941699,3.414015686245343,2.093423295875558,2.5100148755065126,1.448751625988617,1.6612611066893084,2.3962948208678867,1.6370953342612138,1.3575179320946762,1.0720134569477335,1.8062757236067521,1.4266309832690383,1.7056796819726576,1.449093382052147,1.7639012968550472,1.4196345991169501,1.283422508679643,1.8607597269581662,1.6837252171314978,1.1957293131305025,2.4325120380683534,1.419507878061002,1.6939523407045851,2.7327204454221583,2.406508964816259,1.564695526428773,1.1945743028508256,1.4897657718929247,1.7085450432024585,1.8605491958646132,0.9013795961869384,1.7814854552736994,1.67630188574537,1.534922339356909,1.4937139281297613,1.6397374895104866,1.777280735700212,1.7847958973016533,1.5137566738090429,1.3807177326784092,1.7372611347035798,1.4274213964747524,1.7683356559006795,1.2007756578979236,1.4389068321606346,3.1112024944980794,2.0156024529195893,2.0409870620697044,1.6228820116371332,2.0857115770903207,2.125836116853726,1.9172237964707763,1.7410677768523104,2.50613119918316,1.6895591547384288,2.027084851896253,2.178064664343805,0.9007197905388932,1.3835461344931081,0.8729689625570375,1.6927002778934275,1.882490233070909,0.8963759911292272,1.7576711131179739,1.4436352233270087,1.7904130466619068,1.9961413753961765,1.8228646503567423,1.9891842641186963,0.937766425474904,1.679156171997904,1.0124611534672596,2.1146483000114102,1.3518311801938738,1.5589151357449715,1.7906421547902276,1.8639295027962777,1.3018187053740564,2.1366916750989646,0.7772700638842793,1.8407513175096786,2.3098093382588396,1.9985302800132798,1.8166314096761922,1.8147468525599946,1.5970022674059068,1.6719049024900625,1.1635967638675726,0.8401004174509673,0.9475680380455073,1.9729276662107555,2.2212064726236838,0.855988977576247,0.0,1.6762570648266188,1.9061833597473,1.80849763038702,0.9658073538578423,3.2933404681731173,1.719123542957202,1.50945410462894,2.7926210528006457,2.3549680409267766,1.160285308565745,1.285014815758966,1.8663652382009566,2.136153550840837,1.5513430165170965,2.1344303375147704,1.3467355528401697,2.199388788676582,0.6640351080524644,3.1201171933868244,1.6843929460096825,1.6249928609648179,2.2424913341000408,1.6937986814182882,1.7291821478233158,2.0467283214467216,1.8280006911143845,1.8655633869447708,1.4304510107985668,2.069194426095622,2.105634366714696,2.8989708285986064,1.0012841469699651,2.036298703205651,1.3185727425781422,1.8009666516159637,1.2302348108529932,2.078202413085067,1.923048148607001,1.5906256150100007,2.0193634731656434,1.4583238564126562,1.784747192739399,2.1543778742256996,1.9994458565251627,2.0869742721977804,1.8489226410491848,1.4937172889773527,1.3939190121314904,1.9380625522394577
SP:48,1.0603729313366506,1.1029629347753145,1.2715266955170483,0.7627585951493073,0.8046604585855784,1.1842338465729818,0.8831740005498157,1.9324764848730323,1.5595171577173508,1.3062154108022166,0.9263082531987548,1.3985715971526547,2.055033781784075,1.0492491447998331,1.0371137492790268,0.8937559617174018,1.2184637601773871,1.041694040137823,1.0413908316620033,1.05786162372279,0.8343561353270746,0.90979489170675,0.8161655331308518,0.8562954745985433,0.7718060755644447,0.8889057504839596,0.8077973405707313,1.2439792839544137,0.8039606242669299,1.1636038287677717,0.6145415773366211,2.4877281169176166,1.4936725273889768,1.6659002936250193,1.4173269590836484,1.8125370805323056,1.9277073218677294,1.0829402262864842,1.2626377105984075,1.6738365162355526,1.2756033243386145,1.0576931322064855,1.1382286638886645,0.9589704518373529,1.0297972517801373,1.2156696746104074,2.005237105273825,1.1981646945499367,1.3169454926888098,2.030501446588151,3.642272137046608,1.4641885192813346,1.5981728366011412,4.112461971041142,3.749516506933268,1.131338532576505,1.6319076271271473,0.8672159489516775,0.581014803875636,0.9222272218065817,1.2313785883580057,1.2496195013922917,1.0504204905389039,1.1897492860351526,1.0787218906182832,1.2329653715581423,1.3686291964952337,1.406190437519837,1.0742834673703516,1.300834588301735,1.180199311230901,1.4033979372885559,1.3028708249782803,1.568089117126577,1.342734192713066,4.26032599071589,1.0980996850533666,0.9439564363637246,1.0718368456980325,3.5225132113260393,1.1109636703205812,1.1017951514621978,1.3917215620028442,1.3693920683132415,0.5795478801778119,0.869792643036065,0.8494839728567064,1.7499309976683737,1.1694395912256828,1.4060197813489073,0.5731163444654651,0.8181799248109817,0.899973965700834,1.2690740754280108,1.3348636419317224,1.1892062309811093,0.8898137513473271,0.7939942209042653,1.2311380097069229,2.0620644049376637,1.142066604282544,1.6377035040127477,1.118890701473391,1.0476596879039537,1.111631922426009,0.9592930936701036,3.3479245537136504,1.257136249325864,1.0025577530263803,1.7758279432011284,0.7434646691803068,1.0829578712753067,1.3767269445166015,0.95498367341412,0.9238135555615845,1.0558097855231983,1.421086247893236,1.3735688741405712,2.2342405229954228,2.193807790462021,1.704391239602739,1.0555463995338898,1.4755963673741368,1.6762570648266188,0.0,0.9426663813277752,0.8119307531996088,1.6129135549775873,4.811285232712566,0.4774959715285428,1.2070073822480918,4.264661239317598,1.3518599594610574,2.392995950052234,2.594164379470384,0.8303948776024532,1.113006249897343,2.963343195487474,0.7387875367902677,1.096665110751013,1.2150113454760796,1.6785358819024312,1.9271482480639228,1.2603131673519241,1.142872443601877,1.0377854069482408,0.5899903801784783,0.5783649550652501,1.0561998379879953,0.9656912721355498,1.0244275228049906,1.3451076344034882,1.3078820174281496,0.8861012429251064,1.644900690244244,1.3068133823423405,0.6079147620579867,2.6752725275461042,0.916286476244998,1.4537575057868068,1.480524304483934,0.8414988719918334,0.75742398342948,1.3510648117528128,0.9028963685592566,0.8885354614651298,0.9692468669454642,1.0710111135316491,1.2103932180540318,0.7900167814604627,1.0614986387624465,1.1547778161843651,1.4619397028685521
SP:49,0.6671679253848759,0.8823421592137886,1.0304176452082523,0.7025083509348984,0.7158947624866926,0.7789585575801368,0.6833413610871417,1.6230614810111768,1.5827695930073198,1.3978644282166588,1.176016305247933,1.666045429359288,2.211619162266061,0.8658720529029997,1.031678799362538,0.8816871165032377,1.2814868685066587,1.0628808462215424,1.0113757800391479,1.0080834013051476,0.8724220949585767,0.7644016034290291,0.9281780556718348,0.7538649517248729,0.908298569331904,0.9919891551348516,0.9416372060823315,1.2345995215258452,0.9675647974753666,1.2464469663813114,1.0317778780245888,2.409043643773492,1.469524649013794,1.699464416257755,1.3702794830324996,1.7108447818683685,2.325129796916361,0.8021289968721073,1.0187475641009875,1.6996827398486678,0.94648679638661,1.0129234282665376,0.9758191967861612,1.0612486947891435,1.2587985986877686,1.4184955775203554,2.401099099283146,1.4568370347422848,1.4468345573823522,2.376820146902393,4.014163853300538,1.6665434385911726,1.7264901327336613,4.406360630042787,4.049738528406117,1.3755325656485784,2.0120264069328995,1.0576273630835973,1.0387984451305206,0.9141106263697563,1.5668011265015702,1.326017919972571,1.1126478703318659,1.4495797009908493,1.3174913663886731,1.2393859320030536,1.4855049079189715,1.4659400064332673,1.2465953241610637,1.5466173552085147,1.2181822883483757,1.597936014973335,1.4427672034405077,1.7030348010518184,1.5132124102831574,4.5641534493319735,0.7059896165524223,0.9990245261293315,1.223117420661541,3.7697636995184958,1.2760032365266554,1.1600632810355247,1.8110030109341182,1.0646719061434962,1.123534847053565,1.2216718642374667,1.2466477815864783,1.7484569593365082,1.4615324433636614,1.48023041206402,0.7162533980422522,0.9261943475506645,1.1888317724563204,1.0209499127870834,1.4891827752312583,0.9875453875142429,1.0489214017440587,0.8584560547984543,1.0602125705198757,2.2846478012357005,1.1524392166550352,1.6317143188263519,0.9268595043295068,1.2113889454426674,1.3038411442486775,0.9740610230000339,3.523287856248367,1.3112492089670105,0.9250606942437628,1.8984863625142414,0.9786830953491535,1.0502554924506713,1.3192094552651608,1.0015049093435346,0.8323128775881811,1.1344700494998283,1.7197028881572007,1.5210958112983302,2.3415608661706253,2.2523895008825368,1.7406804920197212,0.7900406761729478,1.5491600626985351,1.9061833597473,0.9426663813277752,0.0,0.9159358624769438,1.6583716196264382,5.04913369825391,0.7578031637680893,1.4612336794341674,4.544108223243825,1.5272223582258988,2.5719532693504976,2.6767091839783017,0.9960619195235446,0.5050429524545978,3.1534789625067225,0.9281831797602973,1.1842704185911943,1.2962565806007806,1.7769016871932122,1.7948696969724496,1.0978527402386233,1.019055641261682,0.7792570679269728,0.8116908551419987,1.1208091273777296,1.1380566835964263,1.1560610897417898,1.2972421596322947,1.3388192142393103,1.1724991973672918,0.650025538785974,1.7442172051857803,1.888426060793893,0.6343373038341262,2.8839411673757653,0.9601125474865216,1.3034385659531633,1.5162918990230179,0.8291271689580594,1.0638793901381964,1.3034009070042287,1.3062485986882981,1.272347061565544,0.5512806984174079,1.125175142002336,1.3305201330515284,0.9764614873555431,0.9098835870767379,1.2582811885726966,1.3020871009731678
SP:50,0.9612542855912691,0.6695485439726931,1.485271343192877,0.8357014236784753,0.7033519294255647,1.1915138426959557,1.010798001338302,2.205424874613986,1.1666522894038025,0.9433787996143509,0.49464441292876893,1.2687195144979284,2.345726594816513,0.6227770875702886,0.588530028089048,0.3339534509649554,0.8487400815036439,0.6473001600012644,0.6571982157110794,0.727821960245283,0.5378553425049862,0.6215179677234334,0.5236444013899382,0.8078209737525346,0.5001819398519782,0.3910423386781255,0.6037817118234334,1.6604992137944163,0.6440010649578608,1.3191089832930478,1.0874751664731177,2.8142874133561917,1.8310597309323595,1.477211989109965,1.6058403362116038,1.5895071453401224,1.9137979445121696,0.9105759713365869,1.1299586433049817,1.7495500489661038,1.5667708973080585,0.9700963481263408,0.68181182318639,0.6631430508722674,0.64845318252279,0.9789994924911449,2.3397585328046744,0.8886056724668782,0.9796412551532933,2.3626871224702874,4.002329662250543,1.2023540386151363,1.200643392817781,4.342278304907521,3.9883711505430797,0.8761549575313801,2.01533629274209,0.6227006048054441,0.5636404347149968,0.3975429046130919,1.4317562616964221,0.7791322438000383,0.7356268647197977,0.9189481858822822,1.0222892450570267,0.7843161177686764,0.9397278687227224,1.0166314501393316,0.8670789669389829,0.998368202045596,0.6988569560387675,1.3045969234845511,0.7804522792927159,1.4663021503234492,1.0997266635024932,4.632886056454713,0.9299188455356205,0.4791003925560816,0.98379362843712,3.757776642008023,0.6073689072430785,0.5589310808000034,1.907219135099762,1.6229489737149656,0.9669209467988472,1.1313536867008096,1.2106270191129798,1.7571233363421541,1.410530387226554,1.3875479497902514,0.6824233153891534,0.8191082352657928,1.0957344101073525,0.7852846305103188,1.0548326618248445,0.6969402317328002,0.4787748076933494,0.2634366606084981,0.6747491526100534,2.2072006369441524,0.6624746224920272,1.4469608565730456,1.472535778200951,0.8293684812609015,0.7592923259720441,0.43557785606920196,3.5455093860216733,0.9742362556399614,1.2632795273676392,1.7075489446000454,0.7062599592656752,1.2730485264751072,0.8108032231992571,0.4565366266895191,0.408431737542831,0.567965886074359,1.32334297510835,1.4583538238156444,2.362514715599842,2.269792469414315,1.22198853685498,1.3930378468429279,1.4998572386372453,1.80849763038702,0.8119307531996088,0.9159358624769438,0.0,1.6725996091851558,4.96859330770913,0.7088121202962452,1.3404769940605192,4.512009235597974,1.4868403330695419,2.647026637397184,2.70557081158571,0.5223212615880548,0.9236202220149294,3.1415991857850853,1.1161127167553146,0.7792387987788769,0.6863896112720391,1.6500092532248098,2.1072852654059884,0.6835387167389877,0.5544456586891423,1.1650774128042523,0.8294434661376752,1.0689090147285587,0.5055373810134589,0.41766390946962584,0.714100370709567,0.950825442394622,0.7174738955567992,0.6256503129473042,1.973270624615136,1.6310225396796485,0.7925122280938406,2.8947009340192174,0.5926126729565346,1.4040800792833923,0.9559307827454975,0.51733371550953,0.7769122264835626,0.7284997103872419,1.2239734900612733,0.6889740706399178,1.0403138769945148,0.6212999399178535,0.7553626565284045,0.3787810633049372,0.728159617170522,0.8807760575175574,0.8817542685489645
SP:51,1.6775454830695282,1.5912193865776976,1.6173323177703454,1.352628755644997,1.7999937210958106,2.1404485479107773,1.8241079131965683,2.866486329956154,1.7713015500851172,1.5550839852457312,1.5645826261810825,1.2988115552105683,1.024524463970882,1.799214673159033,1.6575619075825039,1.7128406764780781,1.4750248389467049,1.4934655168756792,1.6885322820918807,1.728931736604219,1.8769247393621313,1.910645716790376,1.5368112256174986,2.014882219838473,1.3650033887084965,1.6972031565608365,1.515647667071989,2.2302793584302476,1.4125129032705457,1.0442745241814178,1.5738574873190037,3.35783059483793,2.110646222787659,2.392828282217945,1.5278789097255276,1.6651424811585274,2.4608383064514245,1.449772276111113,1.1762355773842967,1.0224368417478615,1.7118507781326697,1.378375611427148,1.594904051445686,1.2744348186658205,1.6141729971851624,1.3272566596972692,1.5041577092144631,1.7050173909688013,1.5614568065915548,1.4936243464090895,2.736368985890534,1.4105673370899747,1.5454649555885183,3.0660086660768835,2.6915669963001263,1.4565122577598186,1.2498906935418,1.4270497276649103,1.6560363003901317,1.6747360757452392,1.0701686792992189,1.635495606085289,1.5985895621130148,1.4700629325257433,1.4638151055707493,1.4898457381473313,1.5860785044991599,1.6328194351100282,1.2930423819732644,1.2786081953030908,1.5708138072803173,1.2456791129676739,1.6206118357263286,1.1911941801035648,1.2900849748239498,3.2520357158676494,1.8881491081586277,1.8498671754409928,1.4382777877327724,2.4062076359843,2.0431807017915586,1.8367432745886905,1.972054490540095,2.3657746614901765,1.702986824581755,1.988163553382274,2.089590438862597,0.8334748664912726,1.3952195599751287,0.75153549317727,1.5820467784152805,1.583036008390781,0.8506433317509369,1.5736974115022813,1.5165891750223408,1.6194428088698476,1.8354432976372859,1.6369626172741665,1.8080981695245963,0.9992406073946867,1.480930423137453,0.985820387458349,1.9916645703906848,1.1841193052393306,1.6303427238052655,1.5580967928432599,2.10356330666079,1.233012602311885,1.9072972766971117,0.8852981704371782,1.7324624665374768,2.1108359852261214,1.905104682499969,1.7293424377389457,1.6329212180761563,1.5311746637877348,1.70448446169032,1.2939556782293749,0.9765526245119871,0.9866267339123965,1.9370214472476266,1.9909530703747296,0.6211026242297688,0.9658073538578423,1.6129135549775873,1.6583716196264382,1.6725996091851558,0.0,3.5820134018535565,1.650135022008607,1.486958415428241,3.1125977344727342,2.189338516346179,1.349109907838294,1.2487197171711786,1.7029515803215491,1.7665687811753974,1.7747752214190533,1.9447451010272583,1.1534257386013476,2.071366482004019,0.7757239497987436,2.984169054538851,1.460285285635407,1.48281645719296,2.139113715086048,1.5240134780850922,1.5875467045226694,1.9223160106897013,1.7704538957324927,1.7694622288242472,1.345804214611321,1.9172392491580574,1.8473841553479917,2.8091824552463196,1.1019002135144398,1.851902104261825,1.497774142713642,1.5454082787102408,1.2136797850837677,2.023588920808852,1.7102901203310605,1.4302530230615291,1.951918542232566,1.5776039623367262,1.7986386599620432,1.9045151200430352,1.8538300528716583,1.9941696369796014,1.747940224204863,1.264827255914496,1.295074650808926,1.7914977629941282
SP:52,4.991004242130021,4.793898483107506,4.772678876060938,4.655895829750824,5.147518096559127,5.547194206017886,5.231669387899847,6.194198447565645,4.551241945648662,4.417431489997425,4.715188781255597,3.9802734710852916,3.1123950609576654,5.122027321745654,4.8589794577668055,5.033312418902596,4.445506680922647,4.616098344033958,4.8899815603958485,4.908672520133483,5.240076880528117,5.318179114697915,4.723201502513206,5.452719706538917,4.586658653893232,5.003854105798097,4.754434103209339,5.416982103071445,4.567886658753916,4.036457194738476,4.721402764400176,6.352076866746132,5.115386922649113,5.60418264129291,4.36211126054803,4.25208525904225,5.043607503796999,4.697544941283855,4.380267552317352,3.6068932897013353,4.773293424821736,4.43284215966992,4.78313378947566,4.443396076832711,4.674699387766659,4.228943568177197,3.193520384274334,4.653235299978504,4.439824450133493,3.0811654064058462,2.1900984165867046,4.035593510760735,4.21061632826159,1.5435181774415754,1.7865422598835765,4.358949560285426,3.5876567078543635,4.58674507337032,4.896323051426627,4.9934260201627145,3.8228175471879067,4.703310081685018,4.700992326018476,4.3335158814436205,4.331008546738976,4.551894126011562,4.546815201654632,4.548799031011293,4.437060774470997,4.104614176710053,4.652466621191138,3.9452349552978414,4.589359689912929,3.653427868527863,4.080468964818704,2.4506510147383467,5.252066551751726,5.099360042799464,4.392040831143025,1.825787155938947,5.180051375909614,4.9578405436484685,4.5064689652188425,5.676351586102544,4.807376825704298,5.07783990029194,5.279390247911142,3.6304021300733202,4.093564242565824,3.804008327617163,4.854802520830269,4.901948577196821,4.086134687841312,4.768275793867432,4.346720493691895,4.8629393620587855,5.035755927129385,4.931948296412692,5.066046458781096,3.1629072108241356,4.632375273699061,3.7617255382025596,5.193387421519195,4.2921390591086155,4.545046525397998,4.863464242717074,1.9674264530583843,4.231326824873212,5.145689465609453,3.392756261701657,4.909179560824827,5.438066263666492,4.932286049306191,4.908433531675048,4.94686269353037,4.59808613869604,4.369040021180368,4.047247486239319,2.9246950368390636,3.076416262050776,4.607083258138748,5.306930465169624,3.7150966635295486,3.2933404681731173,4.811285232712566,5.04913369825391,4.96859330770913,3.5820134018535565,0.0,4.857120205101894,4.224161014082822,1.0371322188418646,5.189130350784562,2.730208391008702,2.863192977296922,4.936706155573798,5.197833219973589,2.282706874327591,5.245918492180824,4.355443181641788,5.215771479902408,3.4879796272249455,6.301545155908425,4.631594227960722,4.6861023258222705,5.483083728678377,4.800103590732552,4.758576896548677,5.114273469188058,4.888641885706864,4.804698716667894,4.2788215266942125,5.099058832518875,5.217705241659917,6.000082888073727,3.601917647451569,5.2130256398419625,2.4174523815868927,4.80636913678585,4.181135871294129,4.932944927278587,5.003309516499518,4.5724064262364665,4.979743032484401,4.439399250126213,4.823413143711095,5.272279864537672,4.984667487403205,5.082857726447746,4.937830549836693,4.5135241949067355,4.343135135104888,4.823598073145224
SP:53,0.9746647604675027,0.8832927002330879,1.2872296602360425,0.776556376402064,0.655963190783444,1.094829117474054,0.8259301303730145,1.9511158279654062,1.3845743522213174,1.1911153169139288,0.900503293269457,1.3902660741237884,2.114133082928036,0.8684291624099986,0.8932280203007482,0.7567543876474025,1.077815742371241,0.878516602821175,0.8368559894290379,0.8118551661810866,0.6829999291909333,0.7798329160414128,0.6274389704222303,0.7613526043815193,0.6702095020467139,0.8557242538006653,0.8498203759075109,1.3560891487926157,0.7637594985810909,1.0674730323006498,0.6371435401755594,2.602285567438271,1.5665673602579409,1.656588336500851,1.4588497829052969,1.784692695093941,1.999277968293622,1.046909159258733,1.2476350552854105,1.7242311480527985,1.319662919927189,1.063318272918672,1.0342501743892094,0.9200570394888207,0.9763676151946424,1.2065824764398974,2.0780461446837424,1.2059986744947424,1.2956737366904478,2.0963886953999387,3.7289577642649596,1.3668189137187174,1.5257715292047627,4.178380280715986,3.7737790352976606,1.0415623590185845,1.6878774107149979,0.6763973721844373,0.5813423069298056,0.6953421205076544,1.213411375069246,1.1480822586256054,0.8991934467952053,1.1074364011668023,0.9650364368048504,1.0936217251795761,1.331685844681502,1.373324215625919,1.1366616184535785,1.234714740617626,1.0989527854067274,1.36098602952093,1.2445279252065413,1.482188149372591,1.2508026962001693,4.342601663548816,0.9654537033867991,0.7595467632492605,1.0208616079537902,3.564018908245151,1.0107301386452763,1.0025489349397272,1.539696816212157,1.3356387172283883,0.6893233296630579,0.8182249116869799,0.9094115051424134,1.7444857795932134,1.2214705780168016,1.410472847779384,0.3984643075803322,0.964350886308596,0.9816586314958099,1.0946599656042686,1.242068789142212,1.052912151731573,0.8132196121748341,0.6451614860830981,1.1012831588418992,2.1350852355013754,1.0068777085512484,1.6106875625721142,1.154591600104978,0.9761245424924094,0.942433499050013,0.8845814102096408,3.4064255690103566,1.196599796854571,1.0940321293338204,1.7598679935650203,0.6344877195184689,1.1724479910583745,1.2258214795243276,0.886507592702296,0.8337371878760416,0.8834002566151955,1.2781416291180863,1.2663760315670345,2.257847491796551,2.2189051204247154,1.5788323409441354,1.0932413450243466,1.490206261470583,1.719123542957202,0.4774959715285428,0.7578031637680893,0.7088121202962452,1.650135022008607,4.857120205101894,0.0,1.248842137970752,4.323907432296286,1.2561126356130223,2.43646659162618,2.644056986936515,0.8144755183472673,0.9440044729337411,2.992559348758459,0.879714590288772,1.0401152574111134,1.1417151663291476,1.6201297858358426,1.9872703547343313,1.0656246804113543,0.9462522985170324,0.9806414230500845,0.6449994917428318,0.9257506342148939,0.9114535585999374,0.8630920752242996,1.0453734940534554,1.2330739900055832,1.1315234692198455,0.7931486464648707,1.737280380293028,1.4869331189531392,0.6000773147479481,2.7371065044029805,0.8971959786327772,1.3624516141066085,1.3685725363059325,0.7168775116244147,0.6570854070077841,1.2020550145020474,0.8529932441677477,0.7506436353572026,0.9462826552481316,0.9608631917717964,1.0864641927469305,0.63688402126772,0.9305810857331949,0.9676281102113591,1.2976232382723278
SP:54,1.6771730825866804,1.4253165716850942,1.5380966255551585,1.2339202484676235,1.5519467894398504,1.890806435216067,1.581590412992264,2.558340398618665,1.501582471627825,1.174556462139249,1.2790001812042886,0.9211908399536504,1.86677713210145,1.6666713218463198,1.5019590970493153,1.38521297690091,1.3529605242869713,1.3501317592907518,1.5922802730914576,1.6577165983097495,1.5471005645527938,1.6118973803724834,1.40516297762497,1.6410370830562262,1.2566382973781687,1.3238958137773038,1.209241104123415,1.7537244184941287,1.1610660022726687,1.4320214119561474,1.4129327882648315,2.8308153620068714,1.7338447318881254,1.785980535748349,1.1708780501265756,1.344183158476387,1.623286472305022,1.2636127744230985,1.306712133610894,1.4102005445354096,1.5445485701810946,1.1111346892838132,1.4162319512784767,1.1329871247379986,1.051996191100418,1.1126324221431556,1.9214063344933894,1.1499037415259163,1.2797870588039846,1.6752572479034098,3.2624599210061174,1.24746607011558,1.4652233186409611,3.616340644233869,3.3210932896208307,1.1683411332777336,1.801226169140159,1.3984688361463624,1.2701532282938,1.5164270826623125,1.4827185161970304,1.6109786846723575,1.5766250759630183,1.3597249427164277,1.3467161352588097,1.5050195931674701,1.4890522268246806,1.314638901037593,1.0863829467754178,1.202927854485253,1.4309255847302151,0.978669097275375,1.3286644397482184,1.272997690996168,0.9555219177708291,3.707000602769703,1.7218336586463965,1.544346947453492,0.643888428215484,3.0883353587310656,1.6997148077946134,1.4282791785183784,1.416602310182519,1.8762113713409347,1.4886409222813737,1.429141702205267,1.8382028538211808,1.6173200985947436,0.8790748347061628,1.2539203230463585,1.3664852785746606,1.1653237106854066,1.1443971681944307,1.4740186100020172,1.276310492720065,1.544168785359481,1.484617068209284,1.227785524303516,1.6758079286796466,1.9043275351889477,1.3757726592064607,1.4508181853693103,1.4361948597868366,1.005979632013049,1.3101005040197824,1.3187500836081862,2.948255822428406,1.2913773590288253,1.3313350144068699,1.3924458831396027,1.466205804900435,1.4317004693321391,1.6731515525743734,1.3844449864134418,1.3939765337797612,1.3215129033489235,1.2865418747668476,1.284697560887614,1.9326082075360782,1.8887066622966047,1.8636720251310797,1.5523015187311324,1.3110800702659557,1.50945410462894,1.2070073822480918,1.4612336794341674,1.3404769940605192,1.486958415428241,4.224161014082822,1.248842137970752,0.0,3.653678288632253,1.7028266669371066,2.2034727204271674,2.40779367383262,1.4829556584110348,1.5362480562859835,2.482953171245625,1.2850805981288471,1.0212867479001326,1.7358824721799264,1.478320551738326,2.4923050722276114,1.2227240852464432,1.3956987745413125,1.759558665852277,1.0437805235643498,1.0699593509809084,1.6486068276478218,1.389825934908585,1.4956724670615187,1.1317084552025154,1.7231285862659713,1.496849529285255,2.1036213889466575,1.252049971592605,1.372858022740209,2.221228705318928,1.3856588463737483,1.045241085109924,1.7624760595386988,1.4328733959253306,1.2315358521483288,1.5647739187202585,0.9640632328042115,1.2999351787168536,1.4964121778201727,1.5120172935495695,1.8326573238067492,1.3228863137162794,1.0907192164858295,1.040695145445025,1.6880684915351052
SP:55,4.521953650892687,4.370014677640003,4.176487241183176,4.165716638911009,4.6676051186019025,5.009155658192421,4.668137774576785,5.583688984435287,4.23462071033107,4.065411860900383,4.289732450247946,3.5732319365540803,2.5914152100504704,4.670006946384695,4.443850316956908,4.571847028514198,4.062064826874923,4.2059507136759855,4.463092980242572,4.482352367557575,4.737672749244617,4.826266862231758,4.268598239247233,4.9249595903184975,4.131627025976181,4.539647698172664,4.272478330729573,4.8056638320234075,4.088873880057591,3.5073416380344145,4.147241421828892,5.714892426137969,4.425580790509419,5.054698883020972,3.733155558240862,3.812923644112349,4.468837839510882,4.221312290382643,3.906314058791587,3.1193881419911427,4.232562411080917,3.9352690822998535,4.333185380667266,4.000319798727692,4.240079897397985,3.781413220809135,2.6696893020634582,4.235699611077661,4.037697150612362,2.4535807443066115,1.3157840308909972,3.6206850720344894,3.8760423853212163,1.1628413721504898,1.106041063874638,3.955616912565136,3.034400544124515,4.122936615019815,4.362440344568442,4.542259229254613,3.3107058559174263,4.324860668826802,4.279945337131676,3.936791116093467,3.902997146507115,4.154368339989317,4.171075297521389,4.148449955792514,3.9794018200368058,3.7132668455215003,4.256048192228746,3.526183558319854,4.202227625417736,3.2746208253299574,3.674603146419511,1.8485950093542198,4.736892411672667,4.665706180259944,3.90942901267123,1.174287680180112,4.764287362496792,4.519511680649174,3.8176839081603857,5.04904798244364,4.268852378564002,4.505946345570485,4.724496188135117,3.1182369106290317,3.534786509503785,3.278957394397936,4.354393667452408,4.407725969792797,3.556089028991843,4.341761723573538,3.8668105164940076,4.432867919688302,4.6162166031326315,4.464872913850224,4.643299353556946,2.6630763932911083,4.2153892756731155,3.364275895702558,4.5673118397031995,3.8219612181306615,4.103915587119266,4.410004158259128,1.3952761136067562,3.8058495134608368,4.587415350849989,2.917849579017729,4.452625558548969,4.851741289080876,4.569308963419656,4.467037289365997,4.498391829326664,4.198997172997819,3.9066871552168805,3.537605780383265,2.380382793934889,2.558907142011537,4.349970744704066,4.715379323451598,3.207776746014052,2.7926210528006457,4.264661239317598,4.544108223243825,4.512009235597974,3.1125977344727342,1.0371322188418646,4.323907432296286,3.653678288632253,0.0,4.679592569176561,2.1985112726393843,2.441018352546582,4.49684860109899,4.719870956556979,1.6341787785071784,4.651117342591804,3.875038851841291,4.814991771775003,3.0372024728798417,5.675494668656975,4.21491045241334,4.2790321136704454,4.917918884926318,4.237948458469736,4.202704478087148,4.695164436431136,4.456156924640944,4.422161083715761,3.852433114611094,4.693186565705549,4.754915637022483,5.33611366858101,3.0695490647591512,4.676608114950895,1.7248809271375425,4.376562858380526,3.6119928692404315,4.5807252988906,4.549516104476251,4.103792644511402,4.594134801732944,3.841458952147791,4.347887109734283,4.755634951064832,4.586580325026043,4.704654113772638,4.470736323239865,4.058001229253785,3.8763596858324183,4.473419981410342
SP:56,1.781132823023346,1.6951980061995986,1.8894849443922277,1.5907340666810232,1.5879165386859535,1.8854750051295583,1.6513596105333637,2.256476494124647,1.934386742646311,1.7096142231687852,1.626540951775752,1.8656347686250743,2.3815559581345336,1.6995136117294183,1.7269634066346744,1.480805381678185,1.816527826440971,1.710188802899033,1.682081202959807,1.7385006105957177,1.3769427531379295,1.5586455276542515,1.5870877227310798,1.4255933369747211,1.6225411418367193,1.5330819171642815,1.6522008745580616,1.4744486149913263,1.6844586089034366,1.8014485217772873,1.3180343102540442,2.583011352493848,2.1466384091909796,1.6511573889334838,2.0132842167708014,2.426824470021275,2.0285367749334022,1.8978614644208454,1.9409999401015792,2.3728564929745324,1.8738002731790981,1.8632912619836084,1.9183027494647011,1.6766998813232343,1.4198140421569323,1.9016162180159604,2.675393415672768,1.6648715309449946,1.954743619835534,2.3803069300165576,4.054590611767498,1.9506722595699164,2.2095388345015077,4.493317999201627,4.147314817054681,1.6527337731871035,2.1121663831726374,1.5660014264286408,1.2693640014220886,1.5355500289875843,1.9652385012705962,1.9344748076187013,1.7995652067085226,1.820707894051073,1.7120599123966118,1.9339425424615575,2.0698813126969915,1.9571141811670532,1.5765840888397433,1.851901670122001,1.9351893382194603,1.9726436962890161,1.8540243555254112,2.0209978493699965,1.7774129198021922,4.359761851135935,1.780521481248235,1.46668362446582,1.6182722409379842,3.8789944217627155,1.7184733922895066,1.785565720430882,1.7368922711641042,1.7940077221351525,1.2410246662385689,0.7449883367748237,1.19285499092447,2.574324107492586,1.431041581564331,2.215055560559989,1.1507427223601732,1.5032214653757667,1.6828344781084004,2.024543218724745,2.133946386580066,1.9802741310087857,1.4125518291000483,1.3752571927378994,2.016013864207273,2.723396520461377,1.8654323676123952,2.430073995928987,1.611161331590208,1.7259121834297668,1.8924833601953825,1.741551419970451,3.8913205150123082,2.1181238456026255,1.3930850294352075,2.4529129527101987,1.1310042311428452,1.5357893531867408,2.0018681716905675,1.750608701380189,1.7443093024407321,1.5578875523435007,1.3560537408648894,1.6386759747869442,2.804237809981323,2.928865524827387,2.199864018948626,1.6385487043867972,2.2347179718133208,2.3549680409267766,1.3518599594610574,1.5272223582258988,1.4868403330695419,2.189338516346179,5.189130350784562,1.2561126356130223,1.7028266669371066,4.679592569176561,0.0,2.791262345328974,3.227065124161184,1.6104420009983207,1.6318340359131172,3.3929844063969674,1.37029395228621,1.8072027212831154,1.793176988755075,2.1954722560673416,2.0615698144850585,1.7626533101972288,1.7512317582218238,1.565910617594105,1.3306425297867437,1.3605155636454567,1.719696331909682,1.6570878205557291,1.7202125992824326,2.0153085792218914,1.9879934967496529,1.5699116594674851,1.680918621515815,2.000255802267204,1.331575095326555,3.2298941318604095,1.7237276855224086,2.0077732590318385,2.1637208198593085,1.6110348372808754,1.0424104085634474,1.9579215849911398,1.2883742027622473,1.2079607884948305,1.7394574661293551,1.7329539333616102,1.8006866766457579,1.515464153946672,1.7467240605544843,1.6953603051411368,2.1073197109167383
SP:57,2.5940783327830546,2.566830386749037,2.342565655738669,2.2954604209999823,2.759890552055408,3.076018976280414,2.730348535594923,3.5966776387551462,2.7143469854407942,2.463996593373179,2.5621370305258315,2.150940236040532,0.8071140606952134,2.810864461720018,2.680173163183084,2.7400945907396492,2.400897156170791,2.47583801456091,2.6438948100107833,2.660542869675757,2.839027923138878,2.9185399067048987,2.4102755582438435,2.9531231880786715,2.3129348007810995,2.673488986090364,2.3771936404518814,2.832174795756058,2.2574576565191977,1.5425186272494598,2.2161549383831516,3.9560714568259936,2.703175174918792,3.2472459527771056,1.987002085299247,2.417528285449618,3.0054772767731626,2.392842297358797,2.1331436597122297,1.583056026919015,2.3173407698032955,2.145281630420607,2.6061756034179693,2.279033661620095,2.5465718921676137,2.1972923079881026,1.3728515967992239,2.651827244255941,2.439860121722942,1.153577257798795,1.8330621624019934,2.126565960815804,2.43731021360756,2.2218698995005512,1.844655225875926,2.3415795115888205,1.3542887935629857,2.2913515623328076,2.492297913486804,2.6652427093653257,1.535966069523724,2.6252259621195675,2.467924009687931,2.3151880538416627,2.208243230177055,2.4657440500966428,2.53364134753846,2.492374376817577,2.268450289310142,2.1613777577227684,2.577773860280761,2.1394156641839555,2.599595117701585,1.733829312955705,2.1767305483953616,2.344927046137752,2.82969399974723,2.831925399560221,2.3819564618393345,1.458722813761467,2.9778930870911715,2.803168498303745,2.2494312560689615,3.107573627416572,2.329566383667096,2.6330035404187697,2.8041121238036593,1.5339124554178734,1.8140590519824524,1.6446683328399936,2.386977910205213,2.595109930246357,1.6494513984980674,2.5933395040269476,2.302287700555614,2.65007365559482,2.788443666999957,2.6229651514919827,2.840778454996609,1.148243156310857,2.5000897380648084,1.8669065179030837,2.6913414978217785,2.1207709498579805,2.4566336530127417,2.5964802853750806,1.4484873908049107,2.171611138209597,2.750320467947124,1.5180928684730002,2.5398778584030195,2.9762820319062766,2.871726440549561,2.7058265590497643,2.6474222379047876,2.407583860717742,2.2736104397133126,1.7863653246312703,0.9467443095928141,1.2794265712244788,2.785872135375735,2.82113483609337,1.5155600866637977,1.160285308565745,2.392995950052234,2.5719532693504976,2.647026637397184,1.349109907838294,2.730208391008702,2.43646659162618,2.2034727204271674,2.1985112726393843,2.791262345328974,0.0,1.1643540592023396,2.67669891307027,2.8357210740913015,1.217002374943488,2.8153317660956176,2.15848108364947,3.0421281326276937,1.308969015971122,3.7488575372022077,2.4959046060949444,2.46169278651274,2.959392094934111,2.389813264404633,2.367095073303925,2.8907260237353185,2.70472352141639,2.668538882581598,2.3112718218213577,2.9247482382275587,2.872591219845419,3.479698105816248,1.486738695716564,2.7486576314781934,1.0406153442450332,2.576851389109087,1.9723378024049167,2.9609862684564425,2.712982413922558,2.2609993834820696,2.933410486119584,2.1492476659772146,2.565537653505158,2.8434876577090358,2.8250895712699315,2.9038643876429986,2.681354323965066,2.2572498395158127,2.1773831121548817,2.806055666229181
SP:58,2.595007299020223,2.565827413727465,2.505952766165969,2.389006577493248,2.790723327871702,3.0530334412553497,2.747575877178586,3.6735576987163605,2.68012664630095,2.4983891387089368,2.5476096703104654,2.210708578475501,1.245509898468657,2.759360434984409,2.638285332954009,2.7373063183559236,2.446195482139578,2.4885446902943644,2.642943896610298,2.646602282948613,2.8704861091216216,2.8980224794219858,2.5111512792309862,3.009378364926889,2.3607574016892343,2.7152837874099913,2.5055410904841158,3.1267064292636864,2.381445418236853,1.798592494062196,2.468200473224259,4.128526294172849,2.776776265121737,3.2837578725244345,2.2040183653213736,2.4433610309788873,3.1587300265851406,2.426918155305236,2.1500933576715955,1.7898196047348418,2.5115399546037445,2.3213838790253596,2.548566478423249,2.310017539030681,2.6514030493896996,2.3243239986857858,1.5374102268840897,2.7015322309821133,2.509657347347114,1.6669147609331203,2.148575829826105,2.3263049026727813,2.420685263488312,2.3593701270958465,1.9834651243976589,2.4475440060628695,1.5620513540324192,2.3801692901514353,2.6640530740956705,2.674139805978995,1.7149580982890207,2.557919612774319,2.510781885382024,2.4017512743738734,2.387547090788974,2.4372266329011802,2.5230317234115534,2.5777378571380036,2.372888654773654,2.171167533122638,2.5269957361498463,2.163299536449704,2.593430737379235,1.966957718122213,2.2580022596204015,2.8028026996926023,2.8097181746039768,2.8764812027203956,2.494780691077504,1.6877919383848303,2.996095181657281,2.7957622837243905,2.652532536943065,3.2754484485598394,2.649202383807796,2.993854436164201,3.04171938899559,1.2610714961009872,2.2593361732182076,1.5611139402046603,2.6089482155945065,2.7372153429723416,1.777910947464751,2.448932412775445,2.2414058395161973,2.5053418864256343,2.8935618624465334,2.709253210890075,2.727752458827527,0.7512667441066945,2.422017031285424,1.5717262583559497,2.9378095315812933,2.231752421881701,2.4726777034615695,2.5580903437562115,1.176797074489755,2.0424941833006143,3.00689394397046,1.291394868236429,2.8000556936099645,3.1603014428289766,2.780072975175365,2.7034147522592153,2.6430772145902823,2.4733272721773005,2.5741114194335397,2.033957039877131,0.7343055973405251,0.7256761493566048,2.7407953090944965,3.012566834625408,1.319339208197075,1.285014815758966,2.594164379470384,2.6767091839783017,2.70557081158571,1.2487197171711786,2.863192977296922,2.644056986936515,2.40779367383262,2.441018352546582,3.227065124161184,1.1643540592023396,0.0,2.71977017164864,2.860850332271589,1.203919986528966,2.9896137911819047,2.123748480162124,3.0481759484082467,1.285155796444257,3.916784402874963,2.4451867846381474,2.449144365653089,3.1174777375717184,2.5832276165568286,2.6239770468024655,2.894298161656718,2.7396529715368696,2.7459234093530434,2.2056445230186355,2.812166519326457,2.9230023767403757,3.739803891520923,1.7462031855327078,2.903352585947959,1.074104091279599,2.57896672934229,1.9873681161513888,2.8722307409265326,2.722504551357644,2.50014841526323,2.859544914364245,2.480724989084327,2.7483370534154545,2.9176117292297774,2.829456569825947,2.9164263548472467,2.756577989035751,2.2679012060619903,2.198782709883983,2.6616873964680035
SP:59,0.957280754740279,0.6812408762852179,1.5531104384212773,0.769955157373766,0.6091358119788688,1.1493799241540898,1.0075489325382212,2.2903127696442107,1.1840552108426663,1.009421539848506,0.5049950668237313,1.3403783411855352,2.3409771430675743,0.5509770130442155,0.39197176988481397,0.5376820349988882,0.7652518191184612,0.624121906277833,0.5536523347268109,0.7184016533532137,0.6923774871442111,0.6732760929811938,0.6024627916792631,0.8841270297131094,0.5497364194801886,0.6203157609286526,0.7215462820387929,1.7830806629965263,0.7949567908551931,1.3782294836590154,1.2334613255017701,2.9411520450266893,1.981467203738541,1.753588792404821,1.7791127490315826,1.7193859507820581,2.1197504702345777,0.9446472032206346,1.2127799148887342,1.751541866143392,1.6087262826631812,1.0340318591373634,0.7111122045020474,0.6265047418326782,0.7906823779608618,1.0036182739603294,2.37721503046802,0.9101872227835279,0.9058558224676463,2.4634816666774566,4.0373377606436724,1.2876590419576046,1.1945386753556249,4.3886088723873256,4.028522274157325,0.8906522479141178,2.054197041207788,0.7254714965773083,0.8530179420606853,0.559053087906081,1.4818126507802918,0.6263138662044613,0.6405016934695823,0.9423460734204248,0.947496761633324,0.7139108144207154,0.8846401176506519,1.0714706552363518,0.9526866970312053,1.0463542149285332,0.5956405683665651,1.303443256285982,0.8134055002449808,1.4461318559669596,1.1841454303198247,4.68584910654464,0.9343738131484448,0.45343841378479505,1.063814208619143,3.8185025291304053,0.480308689092856,0.5110120236674272,2.036755162598771,1.738207000382369,0.9670025921710252,1.2687668280261357,1.1533486506171484,1.7600374424032668,1.4972228247703985,1.4115197142184006,0.8485062165834704,0.8887974131036874,1.1712517790987913,0.8736881279642367,1.0984009891474138,0.7030159089090323,0.364150476170347,0.5368906502183955,0.6540283273318561,2.203977144682439,0.7039505730394461,1.4488278555438887,1.578655682267003,0.9592833619854474,0.8479320813757504,0.5778390080337449,3.5367080169422094,0.9708185927957976,1.3308710545409421,1.769760460670676,0.8532578738731335,1.4551961269851144,0.7360828696524868,0.38650449471267395,0.5168257261425758,0.6739629270532502,1.6366638319758804,1.7349888662181363,2.4076782157316843,2.281033992808946,1.1356247705409364,1.4257537039075252,1.5549182789258913,1.8663652382009566,0.8303948776024532,0.9960619195235446,0.5223212615880548,1.7029515803215491,4.936706155573798,0.8144755183472673,1.4829556584110348,4.49684860109899,1.6104420009983207,2.67669891307027,2.71977017164864,0.0,1.0111134457043778,3.188710196193008,1.1532243121837993,0.9655165992518866,0.4872420436798806,1.8058434504552665,2.2400017038391815,0.9244195386302992,0.8050761225397143,1.2909423953389874,0.8560474509931816,1.1009338813895035,0.4594319288904384,0.462570076259915,0.5349190742798438,1.080438338578987,0.688371772608243,0.5828028025271431,2.114636467746893,1.6439206901180725,0.8110585703272022,2.9089075126672563,0.3598891128833619,1.622253338680151,0.8174885595897005,0.37434632589617295,0.8665866593858477,0.7526507086238662,1.4317341242234265,0.9796657344957533,1.0708300343818178,0.5041296207987384,0.536132350695955,0.4025356244412987,0.9063693339252537,1.1523650125876288,0.8297852411146847
SP:60,0.8739807875104544,0.9314005819141947,1.282575515302036,0.8699942063507815,0.7730158756030654,0.9243414699607065,0.9293561563185186,1.7701039476101976,1.4739865228504836,1.3683121585574358,1.1744761125301844,1.658455125256433,2.4415238927074516,0.8871728366493853,0.9985167475354151,0.8612930528256055,1.2755871776847176,1.0495704615660366,1.0314082271199057,1.0246431593742102,0.9330115013895486,0.7891441661195694,1.0234313980855454,0.8555611099111706,0.9818204537787916,0.9913479485304476,1.0846495893876402,1.4821259347379416,1.0794475381654827,1.5499342919794041,1.2781615111627551,2.5226156947147493,1.740698756245042,1.7502545549748698,1.6856381363214488,1.7484597063683243,2.414739057517179,0.8913633690715965,1.1317661251726567,1.8204104918295287,1.2884710150107492,1.2135978592358723,0.9906641038715208,1.0850647249201197,1.2425043189276814,1.4418750610467563,2.5869318230754645,1.3895981665822714,1.4385495219065338,2.6013586999762732,4.233377597339852,1.6972820642555455,1.650771277448732,4.596668932350352,4.247644110925534,1.3774575789919097,2.2343390767734275,1.1719538354735866,1.1494834735672967,0.9152192944618743,1.7681815810286612,1.29216705626836,1.1918224332876362,1.4675385041177726,1.4084120970954361,1.2287671714010118,1.4260340119329769,1.4505360295236471,1.2500232344068691,1.5646034357415073,1.1668869834756679,1.5637130994569137,1.3734659995630758,1.829087192921409,1.4875704153949032,4.770923304005666,0.8941292634959246,0.9421093713964858,1.1625025092871768,3.9816393157317123,1.2580769692292293,1.1612663798214122,2.0749652383862656,1.2843860790720776,1.370614329688241,1.40623752647892,1.400442709847771,1.9149867896999246,1.7096742486965502,1.6321653934463827,0.9122360824585097,0.8454155866155102,1.4185052513671859,1.02488922488766,1.6118973433755202,1.008016862989939,1.0083961276994673,0.85095720144059,1.0232552738428493,2.4945489608634626,1.1355140945189182,1.73268196171445,1.1843250354109427,1.2442419810369039,1.3653745450364272,0.9544322965376643,3.7235887946895017,1.3871236939692324,0.9627618639639812,2.0404094751173507,1.030020661599536,1.0955852653286984,1.2896006795787291,1.0234123109724051,0.8385403673307584,1.2119523151835943,1.7864310684855065,1.6955752510480613,2.5385178266536013,2.4249424300758022,1.699080388224492,0.9150570401563783,1.7192657339459225,2.136153550840837,1.113006249897343,0.5050429524545978,0.9236202220149294,1.7665687811753974,5.197833219973589,0.9440044729337411,1.5362480562859835,4.719870956556979,1.6318340359131172,2.8357210740913015,2.860850332271589,1.0111134457043778,0.0,3.341685255903081,1.011527322096595,1.2461498552476469,1.2432104364800705,1.9459964677377186,1.8842725505620932,1.0494890952735463,1.028820230917156,0.9683336520419586,0.9898894118526297,1.248641744909169,1.089586567191711,1.1600763361052933,1.2778334726528136,1.3547053535823241,1.1381456593051253,0.531784396318889,1.884038690238084,2.0470077381412524,0.7611719388429338,3.0709362851857023,0.9329018903665095,1.4873748080164138,1.4708187858149904,0.8127388287507964,1.147071654492153,1.244401622403054,1.486702145340598,1.3577228022844152,0.6009989873685924,1.0797112347525613,1.32388577000042,0.999423385359982,0.9724035930010397,1.3155904490114572,1.237464601841851
SP:61,3.1806219520327392,3.0647167506273836,2.837211441820331,2.8691549055909262,3.308570077585131,3.5753364970807713,3.237426881767341,4.1335348716732625,3.0775417201411903,2.856962503651994,2.995322487700891,2.4367567814841613,1.3723657202479624,3.2995902969568935,3.1394619803057586,3.1803228502623404,2.8847786281682315,2.961473143323891,3.162748636267568,3.1863062445012647,3.3084472476159923,3.400148938568369,2.973507576254435,3.4695881628178937,2.823048606055371,3.1462083529011275,2.9262940780338496,3.4399233814645775,2.781312671584659,2.181743906801447,2.8077473867174434,4.363244539849618,3.0209724725724496,3.5319266887434377,2.4071079427466957,2.5868166971318707,3.1250625172260427,2.9051602507250656,2.5542496015467955,2.0427918586007494,2.994917506523942,2.6919505896002045,3.018119196887565,2.7170489761779226,2.9508968306628147,2.611712178917613,1.6728597834974988,2.9688623843088777,2.845972874969884,1.4045129927124462,1.3517515193656378,2.53185196076169,2.7684083551901826,1.620636518363835,1.2220701166242325,2.7979450479924255,1.9132354197114987,2.8163127808750503,2.995436062716276,3.1372779723281865,2.083929258019508,3.0845124153240873,3.0400404866546062,2.806283860793023,2.789290098752816,2.926452238665903,2.9493041913940528,2.9169777464700664,2.6680065160556063,2.522958745683376,3.002159326143653,2.426821509493042,2.9398995928437652,2.2161898873237327,2.483340903059416,2.0190162052377505,3.3083358556814866,3.318592788152765,2.7327008548522485,0.8546827521374672,3.450961306577735,3.2151800326675772,2.5832190834342,3.60359249728155,2.951107281089597,3.159130232908197,3.3958417794385163,1.7609736646549798,2.323459924510931,1.950625218019774,2.9989610642275646,3.1205697739892915,2.1793369137087257,3.0176442546605453,2.6002119067971785,3.0796205970255497,3.3214452858233954,3.101569624983875,3.305127063168547,1.2904077809299497,2.9372300372135003,2.1406771644597864,3.215966868143604,2.578669843781562,2.8612741489974645,3.0606657016074275,0.7290804224119575,2.558932001971534,3.292285645243697,1.6254672304342825,3.154827034968481,3.4631278014650424,3.3079919306248358,3.1645850553840984,3.158629020223504,2.885250140419134,2.6317699800778294,2.204590764106965,0.915647028028823,1.2917584682360361,3.2499619390018446,3.3751423713616138,1.87713767267689,1.5513430165170965,2.963343195487474,3.1534789625067225,3.1415991857850853,1.7747752214190533,2.282706874327591,2.992559348758459,2.482953171245625,1.6341787785071784,3.3929844063969674,1.217002374943488,1.203919986528966,3.188710196193008,3.341685255903081,0.0,3.300888296718055,2.5211027733813025,3.519005804143562,1.6531873079950226,4.217447489662413,2.872066942961633,2.948913001893436,3.499673928395528,2.866660682611445,2.9379509953406546,3.3800502316863814,3.1585869995070692,3.2196188697091084,2.6095564574057715,3.3546416140450948,3.403373007503445,3.9311036216506596,1.9923012141393774,3.286644062220672,0.5658008781864042,3.102472178994837,2.244059404113772,3.3788922048051204,3.222084451582784,2.8066963079998555,3.321477555251687,2.546171987401348,3.022883248890828,3.404983784488198,3.328676813628535,3.421024554383506,3.154204353624844,2.7451475317115293,2.5350553582341027,3.2158612956617034
SP:62,1.240158840313603,1.362095401431874,1.2393012738872997,0.9946360112538575,0.9723399962434396,1.0388065918306222,0.8158663114813688,1.5726591139176136,1.8328188581283174,1.6164648061182956,1.291463577729626,1.7131559480465977,2.3828021523332175,1.2606906512780016,1.3468757030773797,1.079090593320167,1.6011098388444087,1.4136103967699991,1.3922110078925825,1.4492258531301763,0.9749363903674905,0.9579898781673597,1.2922536750901943,0.7632216219247352,1.2376614347119572,1.1167536491771097,1.1120311995276577,0.9326779447226929,1.23942699267337,1.6217076260098489,0.9995538715606529,2.063238647984693,1.3212598454201845,1.4430730521069839,1.4766673614335157,1.944204334022465,1.9451519206525298,1.2225518152318164,1.4266915231967476,1.9664221616817175,1.2594426246932626,1.318658819715236,1.3797522312202353,1.3045016964709106,1.2854996764988638,1.589376691430918,2.5084195879168836,1.421813293895179,1.6321802698013257,2.4105490716373263,4.011570449494981,1.8785648223790254,1.9936553512632789,4.525590190519003,4.165571817260174,1.5262066046409626,2.121430166710151,1.3736458145378163,0.9634399944202946,1.2311008232946277,1.789790295553248,1.6273385650127288,1.5087215407756494,1.6717608657736964,1.566221750271933,1.6291351223632589,1.7339681555306088,1.6757319068456544,1.309016200840972,1.747191630461544,1.5311213988016183,1.7009359493813299,1.610572194024405,1.9912595989147683,1.6671464472035604,4.520620302127322,1.127104095299866,1.217288360975642,1.2244258353343633,3.9127385371845995,1.4256290509404412,1.3483000681149557,1.435098543283817,0.9613187852995358,1.0653062157193853,0.9505065601769564,1.04523295865878,2.0907040002569857,1.4010102754387965,1.748164670248118,0.9658806663859668,0.8060116470895353,1.3462181752239903,1.531648581072116,1.7100243183327162,1.457588343592198,1.1761239111777841,1.0215288418144792,1.4758832562919644,2.4771082561691484,1.5070308360226798,2.017710021469508,0.7548000261363924,1.4158905265523292,1.5646672290353438,1.234703014999881,3.712662126073927,1.6701585889285493,0.6623840883500357,2.1647823517080234,1.1252388879277566,0.5574266803458519,1.6843616903890775,1.2320548555586202,1.176147949151324,1.4708800193973486,1.7629477001707328,1.7179661029671658,2.5930474012762668,2.5492427634193002,2.107645559601958,0.6460126059303025,1.846992758601836,2.1344303375147704,0.7387875367902677,0.9281831797602973,1.1161127167553146,1.9447451010272583,5.245918492180824,0.879714590288772,1.2850805981288471,4.651117342591804,1.37029395228621,2.8153317660956176,2.9896137911819047,1.1532243121837993,1.011527322096595,3.300888296718055,0.0,1.4189053063232804,1.4622239364034382,2.1154889561849872,1.4788402473756754,1.4933041307502977,1.4958914114776067,0.8689145332619507,0.6536968966234358,0.6816651581427388,1.39196455278756,1.3343306031167244,1.4377409775838599,1.662554686394922,1.5711044314078,0.9260752963185577,1.170615331748286,1.8238031974642501,0.5000625532040448,3.0139080293872422,1.2120698596638686,1.5838319416132345,1.80541240903447,1.0959237541068425,1.1572015845478345,1.5991289532316648,1.1559757304230043,1.2927589231809693,0.7957928079775709,1.366382531124686,1.595092371784103,1.1260914734185696,1.3250624416340546,1.5171644612921469,1.7573470787677299
SP:63,1.2454082549441752,0.8545825294342645,1.4645534880263777,0.9262361511413788,1.137312236175408,1.569725441656496,1.2733561667418312,2.5514011953100932,1.1795988100045423,0.8755271007064359,0.7212819217756782,0.8627729128658964,1.8970948592463002,1.0604433358440843,0.8837740111057101,0.8668390657125231,0.8107015585393034,0.770767393554877,0.9735660039419199,1.0727856075779687,1.1093770504657898,1.1675739090781312,0.8020038879861743,1.3326406825631854,0.6396771533036688,0.7990857709958468,0.734035178199711,1.9209570270106922,0.652831929224862,1.0628920072589338,1.2861493987907613,3.0947730169639938,1.8189319985988275,1.704264550509321,1.2761925228971176,1.2157603099808132,1.817472298348216,0.8582032615702659,0.925854288405653,1.3030509694375905,1.586333380329086,0.7690276079381483,0.7884766615659209,0.5736510052191923,0.7801448857800302,0.6611253071841982,1.9205492339073942,0.9207066322718782,0.807060080779053,1.931046850064798,3.4609302841580294,0.8837674733044585,0.9330669447576414,3.7464693575120385,3.402268765095895,0.8421840260596841,1.7290563165890298,0.7697240785408205,0.9540710146418663,0.8817475830927322,1.1764328539274953,0.9196394874788715,0.9392619704171467,0.8934400568178344,0.9963649514383975,0.7788284712773739,0.8252014298611399,0.8492937199211229,0.7658454037136019,0.6522635944959183,0.7578617146759529,0.9175704990598642,0.7572032322669511,1.0385903762506719,0.7488271737033942,4.083125755616213,1.266202546700481,1.0481242525898709,0.8238873278632115,3.1867514548925793,1.1483441644136136,0.8488662952719475,1.8506877240891246,1.8930050201585125,1.260107482281996,1.46144176320421,1.6474182392985368,1.1767424965341728,1.1604686701812654,0.7810332314264731,1.087102970751225,1.0600395515015326,0.8127819648985828,0.7436048949714265,0.6355806208725369,0.7923128160310401,1.0692873233640467,0.7697086870990696,0.9441314368222419,1.6330117125371206,0.6104850152427606,0.8807010005190316,1.6179084831203134,0.5050678956535744,0.7233835964888531,0.6035596679113545,2.928421115178388,0.5487308297901671,1.509336932181692,1.0375623738989233,1.1990197585163072,1.573743250059225,1.0368817797321033,0.8186875199800501,0.774859242058269,0.7160341814168575,1.2771268116036059,1.281405549945432,1.7741917242719258,1.6296607215479402,1.3042206225713457,1.6395043143069097,0.8752383883962847,1.3467355528401697,1.096665110751013,1.1842704185911943,0.7792387987788769,1.1534257386013476,4.355443181641788,1.0401152574111134,1.0212867479001326,3.875038851841291,1.8072027212831154,2.15848108364947,2.123748480162124,0.9655165992518866,1.2461498552476469,2.5211027733813025,1.4189053063232804,0.0,1.1844586251050089,1.1297305872646435,2.50725232369275,0.5399319009213791,0.6496160908922625,1.5996929914931175,0.9515376670711846,1.2171059342338035,1.0440304534170741,0.8171514905290204,1.0304567230798922,0.4961883955108557,1.0116223429589304,1.1326804265720296,2.3100336606746277,1.2686656845116586,1.2200641027527706,2.272667952074316,0.8334796785630649,0.9266591673933408,1.1522467357782136,0.9308606092867645,1.0104454546064812,0.9861011979599725,1.2126290067091208,1.0184232312689339,1.3425337687912964,1.0317642196484602,1.2199788848277546,0.851064657221198,0.49279699805697086,0.5612892668253802,0.9928691125980538
SP:64,1.216628516217693,0.8399359701581087,1.897132421211255,1.1559778421429785,0.8772254067886649,1.3501208057201948,1.2974622143913193,2.5088954787988085,1.2170377653255549,1.0968845769543278,0.6614904568581813,1.5297821422430875,2.7337315583738087,0.6727993493131775,0.5457920100029169,0.6797794510030765,0.9054122817807716,0.8140045261940531,0.7024727120334777,0.872222691718964,0.8499997693449108,0.8356536381853089,0.8571394446614187,1.0866200282982232,0.8688617729005805,0.7628559130326867,0.9908772247661187,2.070576224778754,1.071445653248415,1.7494232152894333,1.6069391049217416,3.147289347906016,2.2757767446721537,1.8019074509240691,2.0739582781617862,1.869263542227328,2.1811405489963294,1.2100335539190734,1.508400511677834,2.0861983328413167,1.9361310214966008,1.2983550476031713,0.8428344042703217,0.9046622353399121,0.9017822513561485,1.208373216818718,2.7294676751387206,0.987506378760392,0.9935746603714943,2.796925829601001,4.400932073027147,1.4358287470164135,1.2497539681568914,4.687901090755319,4.35037606084174,1.0725177272242268,2.4188688078113545,0.9923208103995051,1.1211807298382717,0.738794207745137,1.8474963115478553,0.6936755593654218,0.8232820544041041,1.1099337879621143,1.1953817753676608,0.8461371995073449,0.950795153912238,1.1340040746094668,1.1925145287590035,1.1879787563156594,0.6820905234543693,1.534260712274856,0.8201120562794318,1.670641569720553,1.3645271773417944,5.056989709869495,1.1285228928367563,0.5323481959091321,1.2925146167053065,4.150900856805076,0.25208122181793663,0.4397436971186989,2.3764836316804443,1.9871025469336026,1.3079457844564786,1.517214646092651,1.4250893980695554,2.090275122955099,1.7978724559055888,1.7452146323120585,1.178532687261263,1.202773359778806,1.5719909239224923,0.9512828153332374,1.2113682703216986,0.7852469522372189,0.49114623427494425,0.7477444388812807,0.6534169353479504,2.531285058836969,0.8127517544615785,1.6722437178608462,1.8909785925162235,1.2275011514882004,0.9444926325784188,0.7266473451619193,3.869529602146569,1.163026329689826,1.6277053750089805,2.027838440433967,1.1089336185267158,1.7151592684079147,0.5844997507600236,0.5007583604406264,0.713731710462744,0.7797442912804913,1.806929930519776,2.0395344129285142,2.755273582716258,2.5960476645712647,1.0307424969286847,1.755863380682918,1.8772923634360341,2.199388788676582,1.2150113454760796,1.2962565806007806,0.6863896112720391,2.071366482004019,5.215771479902408,1.1417151663291476,1.7358824721799264,4.814991771775003,1.793176988755075,3.0421281326276937,3.0481759484082467,0.4872420436798806,1.2432104364800705,3.519005804143562,1.4622239364034382,1.1844586251050089,0.0,2.1019029031699215,2.405653393702773,1.0036251155702776,0.9201502726240417,1.5288344893718298,1.224735940405234,1.4712795431818122,0.3753002938580974,0.47609651095639477,0.6164993928135474,1.1902825450372874,0.5640171649143474,0.7962617584181546,2.3157356534192726,1.9867097579659418,1.1219334284232325,3.2618369079720653,0.6520100070051855,1.8852050577079664,0.6104904977303548,0.6191190443009905,1.1832350187713494,0.5533208868160245,1.7462751263215364,1.097545503720491,1.3337458422156196,0.5107707514870352,0.4042053700239003,0.571314084073829,1.1361480912634054,1.3489919876263474,0.7435933151444309
SP:65,1.7826120067498148,1.6012732711839093,1.7961612622747993,1.53978868917285,1.8932948525300084,2.2596416058443936,1.9394442125376092,2.998693161223413,1.7179271469340167,1.4838788646048688,1.578024524785236,1.2857700861329595,1.2020689132186204,1.8508751399861398,1.7133972877059875,1.7261222774879947,1.5021810386605807,1.520286789775846,1.7128181560959141,1.6945053716471643,1.874927316519843,1.960812259534605,1.5003411662981707,2.073810887441806,1.3721352116673726,1.7014273868127592,1.5436576248946603,2.3377070275771388,1.3743917587848808,0.9289371664816675,1.5275538022285386,3.467390936483231,2.1343613597528153,2.3134266573478666,1.487433951376904,1.6154817961618506,2.263187264625274,1.5687047326790786,1.321290292875591,1.2436757252892021,1.8687530159780243,1.4421158612127827,1.6239288493852737,1.3466549947454332,1.5867961719921824,1.3780571783133027,1.3167642699673012,1.7120316829759155,1.5995808766681137,1.2718387803333724,2.6343343505326255,1.323703535951688,1.5263840455694042,2.896276443774073,2.51318154150309,1.4449158761242502,1.1747339097431115,1.3522136159919707,1.6013543588613435,1.6447653435515042,0.8821370928566992,1.6623457628964498,1.5946350102481341,1.4370867858893723,1.4599968209722034,1.5181259157364582,1.6325591574177627,1.6329711322133986,1.410697809745956,1.1953069951213606,1.6093918560394693,1.2935454969525773,1.6000239357759916,1.1222563197710813,1.2215983423372418,3.244614589665611,1.9577923967649096,1.8666596690316068,1.5038929857535095,2.220381964532542,2.0179611766734635,1.8254222439740604,1.9031401265596835,2.4611423240046566,1.7161480286306343,1.9554550922450018,2.162357896490391,0.9159565632243201,1.3705466405601046,0.8745458839958244,1.5742786074521156,1.8279131240936641,0.8824371906461639,1.5553292919510304,1.3625296445994277,1.6291753760987218,1.8900163886480592,1.6516685954132238,1.8423702174258056,0.9672760019328449,1.4812899595804814,0.9480732169030329,2.129216675339056,1.2125826292295043,1.4447379792396433,1.6053327057269828,2.0614057483938226,1.1991255193805828,2.1239969079691168,0.6751186718795547,1.7249161235219919,2.250207403765103,1.8538831612696007,1.747997945116136,1.6887165750611677,1.4093806454042255,1.3655561317363016,0.9059947586247502,0.9189538089099257,1.0073429720281721,1.8541460956493048,2.2151447178615826,0.7174792021685622,0.6640351080524644,1.6785358819024312,1.7769016871932122,1.6500092532248098,0.7757239497987436,3.4879796272249455,1.6201297858358426,1.478320551738326,3.0372024728798417,2.1954722560673416,1.308969015971122,1.285155796444257,1.8058434504552665,1.9459964677377186,1.6531873079950226,2.1154889561849872,1.1297305872646435,2.1019029031699215,0.0,3.0932029109883503,1.3919712496960206,1.3943825617729828,2.203282357917762,1.6569534442454354,1.777815652992703,1.9066218479470392,1.7168651344260752,1.8114385215521764,1.2408555625987496,1.8930289839891064,1.9859561596251347,2.879466708525238,1.123328100261762,1.9669380642211851,1.5175231104075364,1.7023918946420729,1.1120555207123926,1.9824645212754568,1.791343754632237,1.4429610148049359,1.8798210437280052,1.4210220261127577,1.6053026200268963,2.076647287395433,1.8775785079817542,1.9766232214946404,1.7353706997402722,1.2864498917316645,1.0601139203161274,1.7653147353306793
SP:66,1.9726049392399438,2.405675516264713,1.7555606327535151,2.0961484386229405,2.0525816586189745,1.5972311663526402,1.6551213306329953,1.0628658477355564,3.0512561320015577,2.8265924669728597,2.4380646434675217,2.9730315028570162,3.344100349299932,2.175363217864038,2.4416751946997923,2.066509166608489,2.806345299905124,2.5545814913408136,2.442879183700472,2.4503734028794364,1.8341021860247742,1.8434341352695613,2.325093298628342,1.5976460194641953,2.3310557979338395,2.1310511684455054,2.171939918229595,1.253692813386124,2.2966149308354677,2.587476245079288,1.8837319514697128,1.2313639154443106,1.4848093576152848,1.760834162372284,2.1868576608420827,2.7342549488380334,2.6653549767976332,2.2224681436675118,2.2154478841439116,2.9488715290756775,1.9701610400591598,2.3191376584466226,2.277577727036162,2.431077620461506,2.4504312037928737,2.712739006219511,3.567716104521228,2.5742160427577274,2.7536085725524444,3.3089709223604196,4.9090649014773335,3.006016330115162,3.1497546445413573,5.372443404718265,5.133316953896113,2.77816744528171,3.0759114927491265,2.4028231782320617,1.9215941790518405,2.210445292843714,2.876452514904857,2.7312765334602815,2.572945272098416,2.8597656658728563,2.7633768205114997,2.708730311826452,2.845895506519241,2.7457685559494203,2.3114836830333134,2.927645175113823,2.62793356395653,3.0312678915061917,2.6912191231801708,3.227185051286705,2.9070725741462944,5.3778621807455345,1.7423713262983365,2.2367045478928187,2.5260780979206143,4.795624774386272,2.3863796246318056,2.3476548185462116,2.0125502372130453,1.038716198149791,1.9231402704234368,1.7036187080736465,1.6898860177031971,3.1091431657439212,2.4705236864878395,2.8171217485403757,1.902875698384134,1.9317332172214126,2.4039603725969996,2.5229837948197327,2.8196788730325255,2.4044611179857522,2.233484970932442,2.114548303114185,2.4190236852643983,3.4966868807565543,2.603433744306435,3.0939958697707044,1.3504864168368829,2.6070584654053905,2.671416020489395,2.3050025274601813,4.639377816115118,2.793165487636426,1.4728530871666379,3.2400485948669386,2.0207316257476142,1.3411389359347194,2.7042490326795092,2.2637591523686567,2.214989992037716,2.5324534277670474,2.684922762909143,2.6100798248784836,3.531742499554469,3.5401965411221528,3.1693203441885984,1.4051400947043227,2.907221171842206,3.1201171933868244,1.9271482480639228,1.7948696969724496,2.1072852654059884,2.984169054538851,6.301545155908425,1.9872703547343313,2.4923050722276114,5.675494668656975,2.0615698144850585,3.7488575372022077,3.916784402874963,2.2400017038391815,1.8842725505620932,4.217447489662413,1.4788402473756754,2.50725232369275,2.405653393702773,3.0932029109883503,0.0,2.528456833284487,2.4730235916813457,1.146647869009469,1.83947890682427,1.889358546948766,2.359411415685956,2.374630417820408,2.5440505407358796,2.7270044595473224,2.5064965549140505,1.9341973106079617,0.776191833413388,3.0153798979335926,1.6127530308539955,4.003438755517665,2.3778366655970826,2.4273216104679727,2.84463426493884,2.2150600194929013,2.23401984827841,2.5766326355169658,2.119503307654919,2.210465051015321,1.740919169397899,2.4910021437520835,2.5647073911227074,2.2202437990529655,2.446986183931675,2.639606784732477,2.754685887425532
SP:67,1.1979133942398026,0.6493905929622606,1.6424140780959442,1.0179283320164767,1.034704333299465,1.5144522354089873,1.3235574756836848,2.5418873440691625,0.8964168855984447,0.6822263435096376,0.6931679324816175,0.9957684321169381,2.2077068354508453,0.8867361634433933,0.7174844855736989,0.7052056507637298,0.70314146890339,0.6305716311612208,0.8088802632250784,0.8979254916296254,1.0167199802271003,1.0320839459442066,0.7799316935803958,1.2581911128388354,0.6827103548538878,0.7406885049293345,0.867491309577333,1.9992854325295353,0.7887766575744455,1.320340880002653,1.4425636146849405,3.139040183734718,2.0328930161751706,1.6858919314073277,1.5702719915043046,1.3519419651860203,1.978432838146535,0.8870818136162829,1.0643934238174304,1.5848293540882408,1.6728373150730418,0.9739323003980257,0.7294949692263528,0.6498752178012134,0.7136993656016732,0.891932409149547,2.250304360987328,0.8921002631267859,0.8509540434505455,2.2552675014298975,3.860471903540993,1.0108565666686942,0.9146153334830588,4.097276084882089,3.752689937617176,0.8241385860482389,2.015884287873131,0.8264283308623729,1.0673414009959592,0.7309353003033625,1.4464179670703736,0.8016615368829438,0.8805600358219786,0.9173933173410579,1.0510699011284939,0.710557484439846,0.8271059945491993,0.8485279744117912,0.9119535525296409,0.7535270818706831,0.6534857289037885,0.9992191521953782,0.6705820532424357,1.1798581932350074,0.7750719767863604,4.4346776038955555,1.2203850450744074,0.8431122791205348,0.8299198026710813,3.5271684284217426,0.9911798546785284,0.734426638937349,2.1311052715522414,1.9297717006854536,1.4415396568873167,1.533928001807956,1.7181075342737482,1.513965030044611,1.418350271163958,1.1859379063084239,1.092943559064063,1.1168079909037343,1.1660533004391993,0.5367942375069115,0.857917027579987,0.6476926413081874,0.9139942999533347,0.6527345449125185,0.7638451490732121,2.0082727515212526,0.507438221119669,1.0956815892824798,1.7210213774475052,0.7141251908560249,0.7187828007072546,0.5477069324960679,3.2782477806340653,0.7247029045705374,1.5487878961171357,1.3689978599876322,1.148289795782993,1.613219435943962,0.7721383753890679,0.7312877756507861,0.677683882726348,0.570084621301438,1.3147052364594414,1.4114794312440442,2.12005037023028,1.9683008701202749,1.0768478841339493,1.6816421361644367,1.2529341699538237,1.6843929460096825,1.2603131673519241,1.0978527402386233,0.6835387167389877,1.460285285635407,4.631594227960722,1.0656246804113543,1.2227240852464432,4.21491045241334,1.7626533101972288,2.4959046060949444,2.4451867846381474,0.9244195386302992,1.0494890952735463,2.872066942961633,1.4933041307502977,0.5399319009213791,1.0036251155702776,1.3919712496960206,2.528456833284487,0.0,0.42480687639524256,1.5897392914768975,1.1233090931526437,1.4236362433231255,0.8572532073159398,0.7190299141651431,0.9675415992924274,0.5187388415659767,0.7682316151803887,0.9709329921477243,2.386741726862084,1.6499288370255472,1.2220455748958798,2.657465525780767,0.78047812406407,1.1549798167540868,0.9444265368988197,0.799873289015688,1.0309468524754106,0.6917979210830368,1.3935864298788172,1.0080320910197351,1.2815408330876177,0.8177851289539131,1.0519739979358649,0.7699539297846492,0.4686391231177641,0.6120108502418965,0.6955100389148716
SP:68,0.9690266409248496,0.47988459511327863,1.543992704035432,0.8826106178625461,0.9110345767279833,1.402213727812346,1.2356602749099297,2.4471108996335835,0.9972877797167197,0.8290432235195654,0.6622727656432249,1.1615082533735859,2.212664113629142,0.7285678741210275,0.6242146773273164,0.6671212702215086,0.6453159765094041,0.47933694529023224,0.6183842788936675,0.6372369732792214,0.9253214054700902,0.9450726050286697,0.5069513774846592,1.1811731806155292,0.48577030436033153,0.7402054401375201,0.816625289078697,1.9724794480456185,0.6928094637995922,1.174237542988302,1.299783298589679,3.1079169634648878,2.0283066690886677,1.8091609607385062,1.6234681578826142,1.488980738520671,2.185690800589308,0.87264018489097,1.05057479137733,1.5669906800507956,1.588041297941953,0.9469156998030778,0.6336811622492682,0.6528027365332841,0.8502587600655827,0.8809283729409634,2.222555973769946,1.073071474871302,0.9506015533251401,2.3021046377543475,3.880227286301204,1.0004186132227075,0.9922734123563949,4.129972337931374,3.7854553189045146,0.7898648860687632,1.9353929376734047,0.5668823476902554,0.9467308652982054,0.6124697200724798,1.3223778450408223,0.6550860942196121,0.599540898107146,0.7726548902726839,0.8633083140049425,0.5286391246292194,0.8567324337979474,0.9845178207596499,0.995832049935304,0.81131609907746,0.6260671861713255,1.144513722454411,0.8085645143289948,1.2257785061307704,0.9603252367040082,4.508688295102406,1.0868762201815454,0.7669512462757294,1.0010710468687711,3.563866147318637,0.8775150033790206,0.7056657273246685,2.1279525946283764,1.8942214846106655,1.2823907311857066,1.4855442956837481,1.5645072309685364,1.5268895180595692,1.5154261552208532,1.1986046448643408,0.9252190624794843,1.0926454118705502,1.0941341852783673,0.5019096934936647,0.9106543040584784,0.56650816070036,0.8035494515430933,0.620428305671366,0.6282113156200373,2.0401080174936017,0.42558598517226504,1.1165462347304558,1.7001769898536223,0.6798100235742681,0.6032337422366232,0.5228647568173839,3.3188761726400364,0.6873018763022776,1.53420303902,1.4529574971478958,0.9686696951114927,1.620158247941765,0.6875335718060177,0.6228331056505567,0.5206622963361685,0.5190180251440233,1.3651178979709826,1.3876062360968562,2.1535672702159045,2.007968914842185,0.9588324384000809,1.630067201796584,1.2676199373587542,1.6249928609648179,1.142872443601877,1.019055641261682,0.5544456586891423,1.48281645719296,4.6861023258222705,0.9462522985170324,1.3956987745413125,4.2790321136704454,1.7512317582218238,2.46169278651274,2.449144365653089,0.8050761225397143,1.028820230917156,2.948913001893436,1.4958914114776067,0.6496160908922625,0.9201502726240417,1.3943825617729828,2.4730235916813457,0.42480687639524256,0.0,1.4655563858498355,1.1331803393433364,1.3843017645593714,0.6940874984632008,0.6037655153796075,0.8179951432778076,0.6521574047432483,0.6853341766706562,0.9002522213689621,2.3766568167586266,1.6154257658708528,1.1700794799679461,2.709450195158252,0.6935894044213332,1.231032905877249,0.865957091080447,0.7111203474508243,0.9570698686521019,0.6781931705600096,1.3826492405897144,0.9450543024394318,1.232063954634566,0.7185727163188841,0.8757870469783026,0.677971211609383,0.4968371968113576,0.7062943267007773,0.6325805860344232
SP:69,0.9548603500272558,1.3856534087362122,1.017447843797131,1.1278497711014575,1.0898500325496494,0.7766219098507073,0.8072868915403674,1.2076535204955516,2.109393674467214,1.8997799420579389,1.519437462039237,2.1167195015407967,2.6039157166712363,1.196750296429637,1.4549694470703014,1.1506061206770157,1.790068664584155,1.531058945063074,1.429842990451461,1.399799843949635,0.9552084782970438,0.9506806724492123,1.2799549001714667,0.7896692812362901,1.2979272250726857,1.2711712636409542,1.2673190684333961,1.0235982448994787,1.3121477847061962,1.6244616398758094,1.056958917947649,1.8959869602721613,1.1930008610673362,1.5859594908471841,1.551653028663185,1.9786010790253425,2.346067097091369,1.2886199376368765,1.3386636435485877,2.0854504957042868,1.23319877680257,1.385971559861083,1.2889388201380485,1.4736398019414172,1.5981982696786148,1.7764849236825824,2.7403857740871977,1.775197360815281,1.8497852299522772,2.617778193146423,4.264696315434571,2.0482219876966856,2.1813742511761403,4.691045303535954,4.3859003735399185,1.8120241398341739,2.2915439225139025,1.3778215287653677,1.0608849571878283,1.238989541593285,1.9236507335760422,1.7505023125492092,1.5227110436136617,1.8509006613376715,1.7444702964091894,1.6803582921859368,1.9099619461410573,1.8830223294208965,1.5137885737763022,1.980510408247703,1.643101931242143,2.1146264875562197,1.800629713673296,2.2453393119615677,1.9904865837184662,4.848690487905838,0.7839259084141073,1.291212264453262,1.64804975636449,4.091138755896897,1.4824583555100448,1.4324282603064247,1.6394590686854782,0.7040934441661473,1.0789592326280386,1.085828621929959,1.0446900225673275,2.206253810356089,1.747326722258343,1.9060079080194527,0.8991602531595534,1.1492975269465373,1.5185765559626279,1.5272581083522192,1.8723533008749134,1.422663700315928,1.3138007261346116,1.1806178381590422,1.451199960645321,2.6960206373645152,1.615184100134025,2.1390372281075125,0.7951641512708042,1.6463707504219725,1.6603270464436193,1.3747513010987091,3.8972788731943617,1.7936176167321198,0.8741916777308025,2.346119348016504,1.094310002049985,0.9219523543554479,1.7360848853219244,1.3043680881710387,1.2298346922501044,1.5469042591806603,1.9257074259447782,1.7936197242971745,2.7317648497712606,2.6973314033144327,2.1876977603710124,0.7428662349938512,2.01864327148072,2.2424913341000408,1.0377854069482408,0.7792570679269728,1.1650774128042523,2.139113715086048,5.483083728678377,0.9806414230500845,1.759558665852277,4.917918884926318,1.565910617594105,2.959392094934111,3.1174777375717184,1.2909423953389874,0.9683336520419586,3.499673928395528,0.8689145332619507,1.5996929914931175,1.5288344893718298,2.203282357917762,1.146647869009469,1.5897392914768975,1.4655563858498355,0.0,0.9940626056873072,1.2139883223187644,1.3985937715068009,1.4236622524749902,1.6212518494932753,1.7814454642319,1.5452017687698407,0.9896044973381944,1.2214190472189543,2.1945953753017555,0.7355001304742179,3.2461522498034356,1.4122843716991116,1.6298268785170176,1.8905189165088616,1.2379091357374945,1.3333240262637829,1.647047342289509,1.3566448343446116,1.371412349779482,0.8809352846160726,1.5258009161622772,1.6140093992481028,1.2440799120902208,1.4728052293996756,1.6993294354474058,1.7672879121902973
SP:70,1.0839426800729384,1.0391429441533113,1.0605913882310696,0.6958207093591634,0.8786288543117241,1.1008642953944163,0.7968202834643614,1.93998907823879,1.553224535421982,1.2613935392710467,0.9471230244065094,1.3114430473031995,1.9904573562811356,1.04931938701987,1.0295288178122797,0.8391083875108369,1.2121329877920237,1.0724712077102498,1.1173633956591782,1.2102524415726037,0.8459714673780467,0.913845628837159,0.9468387082308918,0.8465456437994711,0.8496605684736913,0.8645553884399203,0.7556171143353576,1.2370443609877637,0.8534502469967306,1.1786953529751705,0.885266368826244,2.4555108534461745,1.3812209583250987,1.4755150067008198,1.1975152617268274,1.5143876434415922,1.8009210352451233,0.9549338447888969,1.0375777492424114,1.573013223982985,1.2460561937272645,0.8966588275213507,1.0288428418482316,0.8781804502600447,0.9362160371762771,1.1080372373886698,2.1591699631086807,1.0714226382891248,1.2054890134573661,2.0570700294549304,3.6573244785249797,1.407698852757438,1.5646402534300907,4.101806229804871,3.7478144766642174,1.1558909591878364,1.8319244438348357,0.9721904660473715,0.732536745001571,0.9302030819896404,1.412462126094146,1.2982422991972187,1.1833379804608375,1.2986874878163581,1.2097248979042436,1.2271113756243126,1.3301503964712762,1.2906617350155136,0.8964414382102036,1.2958374644840105,1.1602142947548444,1.3470408738822692,1.2058511449642544,1.4988838592038887,1.246917584719782,4.207137707969092,0.9621910067488252,0.9787604703400946,0.9533918135622151,3.5019227423317574,1.179392262974581,1.0134592527218689,1.3616086319807517,1.2101335197834544,0.7418523165165789,0.8445589537613496,1.0812738335272931,1.640529986026268,1.0020294408048118,1.256898572468586,0.721793281651192,0.7235450471807509,0.9174289820254495,1.225715875243078,1.247837524873771,1.143426194204741,0.9490825717492308,0.725483759038434,1.2216168973580954,2.0460065617201373,1.142856763789492,1.5751878640489427,0.9245472958693253,0.9825938181011381,1.1718560752899874,0.9266854144421588,3.3016941813551273,1.2281479000316498,0.8446561327766282,1.6911087748266618,0.8973701737555538,0.9521473575676015,1.3885885932818856,0.9316826245868278,0.9101916848827376,1.038981968564368,1.4173322496141507,1.4048324246937194,2.148917805443014,2.1316005256103194,1.7761361042148547,0.944173852955836,1.4098822037577243,1.6937986814182882,0.5899903801784783,0.8116908551419987,0.8294434661376752,1.5240134780850922,4.800103590732552,0.6449994917428318,1.0437805235643498,4.237948458469736,1.3306425297867437,2.389813264404633,2.5832276165568286,0.8560474509931816,0.9898894118526297,2.866660682611445,0.6536968966234358,0.9515376670711846,1.224735940405234,1.6569534442454354,1.83947890682427,1.1233090931526437,1.1331803393433364,0.9940626056873072,0.0,0.6860411474688783,1.1431481320515824,0.9947980011548773,1.166343042311274,1.2569987336059338,1.2874930539009168,0.8421587080022169,1.5723334718488704,1.4745359163754137,0.5266478825669748,2.5931502625268426,0.9257963540960282,1.2207757035318698,1.5188366814088683,0.8805548114691469,0.836216519183447,1.3248784146443615,0.897911063022821,0.9864811039673734,0.9210020505963049,1.1459787806089077,1.3116063602712116,0.8064289863516408,0.9758137995814932,1.1189060422686228,1.438334106218123
SP:71,1.2920729893145402,1.3578137369175927,1.2723369622127627,0.876706716266833,1.1436704315822337,1.4441635686521073,1.1405062670896169,1.9995090681141614,1.7353986362431717,1.4309276645128488,1.158195845572639,1.405436639560052,1.9897958251536216,1.3752225439939618,1.3381805144280974,1.1529465515370108,1.4199127585894857,1.3012075301995285,1.378703993316892,1.4581580929688878,1.1664750610081913,1.2097625340362557,1.170242568413061,1.1271398252413882,1.0732631846776002,1.0594141675190674,0.9102200596642142,1.133369033898324,1.0181857026812875,1.3638111983686607,0.8990009268582608,2.361313458231048,1.5234249128511632,1.6374184105482898,1.3355530708513335,1.7819977290736895,1.8648797081842883,1.1350575131175402,1.2680957602138245,1.572245072788309,1.2218302946429223,1.0835319835142623,1.3547113506915012,1.0942165300706086,1.1278514486762934,1.2782019078745892,2.127383752277028,1.2568630397654519,1.3899047083161484,2.0069731167479476,3.6140358271779722,1.5569569719408678,1.7243846526991367,4.088977195048778,3.775035180553066,1.286672769471187,1.7698115110465318,1.2293768225998294,0.8627676453781935,1.2789513339201792,1.448481339296606,1.4969592954210535,1.3738010022433267,1.4024665826563056,1.315983706867502,1.4800499995340644,1.5057129320733134,1.4326114843045836,1.0102065267436766,1.4501234166468915,1.3963332809396674,1.4352192646493676,1.4303082695642004,1.642286798007175,1.4055764584061692,4.129629434246746,1.3753966949321799,1.2812703378457062,1.0736338848814613,3.4987011630089495,1.4393487189398326,1.3459863666031882,1.3030103380487619,1.4441370721384235,0.8854912966435771,1.0006633012215955,1.1186621984351788,1.8329331286027672,1.0612450186230185,1.470117069913707,0.9102986125222882,0.6391574915659303,0.9885151999153993,1.519928407523936,1.5659535900277581,1.4623967398987003,1.129339353878651,1.0188399794311669,1.5059180007492459,2.1106558516205047,1.3939519523303545,1.7386213318987342,1.0552593788834517,1.1489981039113735,1.4426967777177566,1.173145578422622,3.3278041134284915,1.457183243917715,0.8015431938529789,1.842632599985814,1.0017258323954905,0.9205000367468502,1.651966020637629,1.195918173113632,1.151970254678218,1.322466452275488,1.5529344615212333,1.482934293420748,2.2448070418197483,2.2288422261881453,1.911382705662322,1.0221467279179963,1.5439901336627166,1.7291821478233158,0.5783649550652501,1.1208091273777296,1.0689090147285587,1.5875467045226694,4.758576896548677,0.9257506342148939,1.0699593509809084,4.202704478087148,1.3605155636454567,2.367095073303925,2.6239770468024655,1.1009338813895035,1.248641744909169,2.9379509953406546,0.6816651581427388,1.2171059342338035,1.4712795431818122,1.777815652992703,1.889358546948766,1.4236362433231255,1.3843017645593714,1.2139883223187644,0.6860411474688783,0.0,1.4044720639145707,1.261650035049061,1.214146172292383,1.489206999137932,1.6293003051925081,1.094228794194797,1.571898114188093,1.308770856385444,0.8104078548373441,2.6334706291061716,1.1085576197115685,1.4762686949526969,1.7413181756650113,1.147603604236612,0.9459607785938887,1.593335971608699,1.0297461787398883,1.192665103652664,1.0618268711406331,1.3402364547042533,1.556391332001533,1.1361726757296382,1.183457110742606,1.370512380782845,1.7153502180334637
SP:72,1.0652794712540028,0.6776480726685652,1.7743764964367645,1.0455621029989965,0.709089519037265,1.2569562506296885,1.1714256883323368,2.3977521567819147,1.1213687412439872,1.02895234229221,0.5770882244230884,1.4552307739478756,2.605192891853843,0.5109774634438534,0.4064558777640474,0.5398455927525859,0.7923579938982311,0.6136869029189699,0.476659867401339,0.5578043959055373,0.6976588134216581,0.7029101483277441,0.5861277180119746,0.9750147675833651,0.6408036864090892,0.6673896007905421,0.9114160358050915,1.9861575327921999,0.8873984433695705,1.5404421421719967,1.3870788167694534,3.0942600256762303,2.144817323075577,1.8047112996246482,1.9657351587755705,1.8377359274580534,2.193313495819575,1.1108052941052815,1.409614880919815,1.979237897051181,1.8236151911252465,1.22177549780464,0.7354732416873478,0.8144542811224352,0.8659497938607176,1.13148785941541,2.5172430197977054,1.0322087735478034,1.0231621547866114,2.643757906641448,4.236881145905086,1.3259308821343392,1.1828873935487185,4.544093949048051,4.1817865404828245,0.9551244286286024,2.208362035874599,0.7267264717105841,0.9271996139982603,0.4822099524815741,1.6135569548299522,0.5936174350688729,0.6079839131000068,0.9403080090726138,1.017924254409902,0.6910627216487802,0.9180711680412772,1.1385968531817994,1.1737235985387406,1.0803740805941442,0.6071478792690743,1.4296352717082335,0.8328220667374321,1.575364727854055,1.2618537579829168,4.92290513357269,1.0248398794786324,0.3511769699388512,1.1918353239987196,3.996451832267945,0.2677593884700569,0.47103174149486066,2.2626459026317502,1.8773997093204668,1.1882408563067228,1.4116206975107852,1.3076233234308416,1.939400415343965,1.7332915852683453,1.606561787262805,0.9660295203715525,1.1470758049833198,1.4067763189150897,0.775217067898088,1.107099324910449,0.6464680727951106,0.4504036723132059,0.5894359582812433,0.5193038078586537,2.4008108172600435,0.6308309522442366,1.5595347903498527,1.7881710099717316,1.0599425247317136,0.7363458842772918,0.5785332246441922,3.7382914308998467,1.0285546818091473,1.5680945589176183,1.8937950641816894,0.9382093393262356,1.6337070199521289,0.5405542416288892,0.44648389564942526,0.5484678787684426,0.6493510837769582,1.6269379205634416,1.8097188637227635,2.603168056968546,2.4502378873874773,1.0146165690447377,1.6438013058487393,1.7169080432610448,2.0467283214467216,1.0561998379879953,1.1380566835964263,0.5055373810134589,1.9223160106897013,5.114273469188058,0.9114535585999374,1.6486068276478218,4.695164436431136,1.719696331909682,2.8907260237353185,2.894298161656718,0.4594319288904384,1.089586567191711,3.3800502316863814,1.39196455278756,1.0440304534170741,0.3753002938580974,1.9066218479470392,2.359411415685956,0.8572532073159398,0.6940874984632008,1.3985937715068009,1.1431481320515824,1.4044720639145707,0.0,0.35374418687445147,0.6153241038870924,1.0640912686353567,0.4431403655874557,0.7001343302604776,2.2603760028244446,1.849239026439589,1.0245521038477683,3.1236472187098543,0.5805634592443155,1.7264555888216218,0.638160645752505,0.4493897708276368,1.022174303984692,0.5409166731498338,1.563346696830155,0.9276540169853049,1.2215112733192097,0.41629861916841665,0.370939454685623,0.390615179650665,0.9626667748395095,1.1219962806992487,0.6713409719798488
SP:73,1.098778637829653,0.6346951141428497,1.6652392549824262,0.9337900994467795,0.8138592715216371,1.3326006649062012,1.1792173959940742,2.4570397975184055,1.0556035667603665,0.852293882400498,0.39667476013183217,1.2007966569741448,2.4195065275365333,0.6547151335476409,0.45094853967532145,0.5262872489359667,0.6855074665880828,0.5639743227935161,0.5894087333584735,0.6999592425424199,0.742050968636657,0.8099965829333964,0.5522807970258694,1.0391824565491181,0.5355985772773353,0.5880107601370951,0.7584312640118964,1.9412444714843897,0.7419858816541708,1.4065999979693389,1.3186629651449102,3.0630622774562317,2.044315116473744,1.6865256613866182,1.7616900108194051,1.592586578912736,1.968509338918787,1.024907114260816,1.2703411516485477,1.7918536403646523,1.7506908459573236,1.04028045016162,0.6536819502033312,0.6300416864686887,0.6502345553766185,0.8842120979691329,2.360173304342175,0.8015895173118073,0.8236751203589585,2.4225600677212484,4.020727210183898,1.0967928342642537,1.0313030309094995,4.315262322466951,3.9718362685529316,0.7673130950136393,2.080529031642053,0.6386314592676083,0.8208180330054261,0.5452416642352573,1.4902235930712346,0.5834818266731685,0.6273898248381354,0.8089366763246567,0.8992420118711406,0.6208370312516132,0.798148679239577,0.9615718965848266,0.9573184543700142,0.861451492295143,0.5238100192344598,1.2299974251115684,0.6375068924959757,1.3754111898460364,1.0367111949030272,4.681949220771049,1.0575955181208891,0.4923514465252405,0.9940542529560962,3.778368950785029,0.39604289553065103,0.30601323171012423,2.065832204021655,1.8710896947375952,1.0926088642342189,1.3131392865642109,1.3477463221403738,1.7832014547732038,1.5011084178167289,1.4091418664100406,0.9301475773479415,1.047392248156557,1.227865692476177,0.7555891465008875,0.8894127426001913,0.646346391772419,0.47700316348071864,0.501633603553998,0.6208719311494377,2.2200098848593255,0.5351758401736656,1.3783604596904468,1.7069344296813669,0.8502678860140117,0.5444359218283276,0.500254482464385,3.538529038845987,0.8470804174604649,1.4898930192873154,1.6779727318152564,0.8963047712240062,1.5727431778668026,0.5573126553918077,0.32541258139864443,0.5317720095893925,0.47828773445030126,1.4303457591148885,1.6374595337584765,2.410701898484633,2.2732437808585,0.965164260289861,1.6310608554718942,1.5328057757501863,1.8280006911143845,0.9656912721355498,1.1560610897417898,0.41766390946962584,1.7704538957324927,4.888641885706864,0.8630920752242996,1.389825934908585,4.456156924640944,1.6570878205557291,2.70472352141639,2.7396529715368696,0.462570076259915,1.1600763361052933,3.1585869995070692,1.3343306031167244,0.8171514905290204,0.47609651095639477,1.7168651344260752,2.374630417820408,0.7190299141651431,0.6037655153796075,1.4236622524749902,0.9947980011548773,1.261650035049061,0.35374418687445147,0.0,0.5207226573954644,0.8528314612634412,0.5658783464940407,0.7904000777174585,2.2195302639810732,1.6381987182486202,1.0110986490125091,2.9074603960163743,0.5631575062889235,1.5174252948861267,0.6476293927566859,0.5350980529416488,0.9198398104183582,0.4885072735570674,1.3707757039874944,0.7656440890463099,1.2513820721614282,0.47902330523642833,0.5274816877896944,0.29346016262379854,0.8305923178546177,0.9372921596137231,0.6844173726958639
SP:74,1.2139600754779045,0.8172610779942525,1.8096342069371125,0.9373950260016205,0.9280183104300506,1.5301151406648708,1.3794855018407048,2.600001786636674,1.0809311343246435,0.8963612555877586,0.6010749087948414,1.2111724491982627,2.3897896122868825,0.895390052929197,0.6265213653736571,0.8529554342986596,0.6869022102825157,0.6686633521083688,0.7234171718494085,0.858777580371462,1.0540937554676233,1.0576512538508203,0.6931365189365247,1.2522198414931767,0.6771502512781729,0.7925158392787789,0.8428746042094141,2.020496960283595,0.8472523985870374,1.4957141669496667,1.4257932568666338,3.1836027074462634,2.27754981790621,1.9554782310793988,1.928332721822125,1.7404525197778307,2.1743903886764677,1.0691142576164288,1.3856969548478903,1.7280437761696161,1.7619534019778489,1.1161281573660289,0.9106437343388059,0.6993660299570996,0.827349307565613,0.9232001993060697,2.359335567776382,0.8808547267743358,0.7953448433856973,2.458467732272711,4.045377699403149,1.1396161638217908,1.0136482063636274,4.326957281944435,4.008208615756665,0.7827773572961298,2.07972691403162,0.8397921838653419,1.05357112043984,0.8535243342628178,1.5217592384192464,0.5951138510464343,0.6640371727423877,0.8314707138571523,0.8249016416974747,0.7125573510090668,0.7634362749600813,0.9542507214635639,1.008479271125588,0.9180859946195906,0.605187430135052,1.201228578351046,0.768290924533067,1.347802882506265,1.0898330124183981,4.689287438154059,1.3251714691309313,0.7371323033375822,1.0673608519590818,3.8024139299615767,0.6467811390732126,0.6658564816164454,2.204900707167355,2.0759462879641997,1.1844814339645215,1.483294281933658,1.407276300572479,1.8694624140961367,1.5694214510478488,1.514225593709074,1.0694559410190423,1.0230248588489064,1.297401571832721,0.9700418889374882,1.1485804953635987,0.8789316991082121,0.5376340982567371,0.7723500758578046,0.8254541030464981,2.252576680268594,0.701278441335287,1.4215074291721934,1.8493662557434205,0.937681154689934,0.8044464907681602,0.7096128387871153,3.5487998367962943,0.9470164945165502,1.5174567256948788,1.775952735686099,0.9438058776775127,1.696192628482561,0.7138095955521535,0.5746130490156658,0.7196930328312109,0.7139595122767084,1.6234847501067184,1.795959554359765,2.475146139234837,2.3175766099856534,0.8315602242136043,1.7087753960087408,1.6046676306122367,1.8655633869447708,1.0244275228049906,1.2972421596322947,0.714100370709567,1.7694622288242472,4.804698716667894,1.0453734940534554,1.4956724670615187,4.422161083715761,1.7202125992824326,2.668538882581598,2.7459234093530434,0.5349190742798438,1.2778334726528136,3.2196188697091084,1.4377409775838599,1.0304567230798922,0.6164993928135474,1.8114385215521764,2.5440505407358796,0.9675415992924274,0.8179951432778076,1.6212518494932753,1.166343042311274,1.214146172292383,0.6153241038870924,0.5207226573954644,0.0,1.0332098288280804,0.8575949560726489,0.8926933631025723,2.391981304286522,1.5718485406752056,1.143585622841537,2.941530452044502,0.5291297632837277,1.7435531703646232,0.7115453703586778,0.6722258103501001,0.9821348444683493,0.744008872453619,1.5661933331626283,1.0399822925607487,1.3143707183113897,0.5556458237174758,0.6016477491336023,0.652321895845847,0.9593650327094672,1.1815570253043566,0.8138783654503878
SP:75,1.3074345380252168,0.8431293772267966,1.6510145227300168,1.0805796773509002,1.2748229249131857,1.7062786595771644,1.4854295125884067,2.730065578795875,1.0584195898007387,0.8162627803168578,0.8281618104086207,0.9047321256514298,2.0734296353948065,1.1136629749759406,0.9054161812414342,1.0052089432366604,0.7380223021828711,0.7466739523018048,0.9864178075220911,1.0612499940450448,1.2823456929305999,1.3087799591351812,0.8940216178733148,1.5432863703438993,0.7563085024665421,1.006466497700655,0.991745157815488,2.1847351651334828,0.8311800673688002,1.262749433560376,1.550199417422529,3.267232719488631,2.0320863490134458,1.9200348798179365,1.5035624928895395,1.2015065420063937,2.02514880270723,0.9618577144724775,1.0440968744200554,1.3477765863367202,1.7223045983913219,0.9219536077030567,0.7549062196571721,0.6422794626599253,0.9057311686279722,0.7205082831895375,2.055110057373656,0.9997535369545165,0.7874908306819024,2.0537532770653444,3.5877445108183865,0.836295241121647,0.7772046596502977,3.777392854240989,3.468041040053463,0.8459693828407776,1.8761116125200132,0.8982024139172636,1.2251188593491809,1.0358049761103443,1.334921507426775,0.8662116359141837,0.9265118211195466,0.8682429547452716,0.982203025056037,0.7027444109882869,0.8250081558804645,0.8866978186354469,0.9468147575821215,0.6073745012700182,0.6911057040008038,0.8898305148281849,0.7401332105726323,1.0337067592983449,0.7377609473329018,4.209941672505953,1.3841666313943146,1.1339304327167703,0.8585906928216687,3.26841534234274,1.1797936393576864,0.855006019258168,2.0869232088922263,2.122943077154833,1.5268375741988838,1.7124566119141016,1.8595713870122155,1.294927955866091,1.403883038363259,0.9592078653781215,1.2940915292105477,1.281224605987437,1.103668186331024,0.645236727090734,0.6487094772856558,0.7578371692402363,1.1536534810359873,0.9575776544779752,0.9376780516253224,1.7763163578949042,0.5600724105509869,0.7671725401042497,1.8488206767493875,0.6894245088284817,0.6597119842857239,0.757206926363703,2.9722048805351706,0.4622829937928222,1.7002242766135738,1.0499428855377546,1.3641866860385352,1.834108015955335,0.8912849488172595,0.8382313327374767,0.8922343821089583,0.7510879231134542,1.4413179716674849,1.455225474754545,1.891469463212947,1.6637890317623403,1.0527858952230862,1.847139162610854,1.0148034280739058,1.4304510107985668,1.3451076344034882,1.3388192142393103,0.950825442394622,1.345804214611321,4.2788215266942125,1.2330739900055832,1.1317084552025154,3.852433114611094,2.0153085792218914,2.3112718218213577,2.2056445230186355,1.080438338578987,1.3547053535823241,2.6095564574057715,1.662554686394922,0.4961883955108557,1.1902825450372874,1.2408555625987496,2.7270044595473224,0.5187388415659767,0.6521574047432483,1.7814454642319,1.2569987336059338,1.489206999137932,1.0640912686353567,0.8528314612634412,1.0332098288280804,0.0,0.9632902167216066,1.2509318126223536,2.5684577790288015,1.4499885779531336,1.4531169125014265,2.3726003527460677,0.922836862651964,1.0459905724380174,0.9742696760007649,1.020687267523446,1.1861829543111793,0.8218249766874753,1.4277358302287368,1.1709724472107146,1.4941547313499728,1.0148958362521603,1.2137723518425048,0.954500945571864,0.6085083015455768,0.6994126117358656,0.7868842182913318
SP:76,1.095457530089293,0.631995401229074,1.8304339600769612,1.135436116363766,0.8237592973553263,1.2575576666188326,1.2078500081946766,2.4734428425575894,1.124894532336743,1.056236278962019,0.7149846941290533,1.5042097087408446,2.6473611587205492,0.5303417402281391,0.45710639381983853,0.6735203996712463,0.838043586899643,0.6893001943936276,0.5687601020905266,0.6582771575003834,0.8767016987954607,0.7991407113774579,0.7707526585585834,1.1075761101365245,0.7747130107738269,0.7935941177335276,1.0054937237927204,2.14091240676431,0.9938866343489365,1.5905419572015003,1.6065377502733262,3.2303120254843907,2.180682989160808,1.8748932725385512,1.947253466694851,1.7757054863477553,2.2823298733666806,1.0744899157006518,1.4061270443404423,2.0042029976979374,1.8494171991549209,1.2357052094813332,0.6846394998634311,0.89689219101091,1.0130088825718393,1.2096602175314581,2.569523344829991,1.1398423237011175,1.0576857499424137,2.7356802349688065,4.2856047194779325,1.4167770704768274,1.1845508454123386,4.553551444145458,4.1870435361331,1.0884513145108528,2.3212787699608497,0.8928556372810443,1.1923431957523987,0.6307309690089814,1.7100803844880077,0.6269877818524286,0.7140332387665956,1.0791892756102566,1.1657822705849887,0.6933413440473061,0.9274356365810766,1.1448917765822448,1.3086642882898267,1.1313711685487358,0.6025877699503669,1.4572501584220408,0.8889489579291098,1.5846976095819192,1.3107713030724473,4.979375080453911,1.0152731643790598,0.6263882667876493,1.2834918039585705,4.008171729073986,0.5516546150752658,0.5037491689100956,2.43742303111805,1.9451585556123505,1.463400500611731,1.6786345998224586,1.6058885079266378,1.8306011224810046,1.8452730706684302,1.5498542225754899,1.2072709659470326,1.3350508309527993,1.4957144040339108,0.5361693351396537,0.9891576575186388,0.41725172735967103,0.7826983134309687,0.7730243840562058,0.30632014806780417,2.3493139409687402,0.5690405840428726,1.4209769800229903,1.883256858347269,1.1359155751718775,0.7652580524087532,0.5837574712241449,3.686928387225296,0.9147477935142285,1.7502455338015543,1.8080028460721411,1.2661988300201583,1.7765940298469862,0.36791458393190163,0.5256380877598047,0.5827366062064637,0.7299154705675083,1.8048351014024195,1.9126613842595,2.5608156810884015,2.347071094202205,1.0117735289322007,1.7643936476296898,1.64537636734397,2.069194426095622,1.3078820174281496,1.1724991973672918,0.7174738955567992,1.9172392491580574,5.099058832518875,1.1315234692198455,1.7231285862659713,4.693186565705549,1.9879934967496529,2.9247482382275587,2.812166519326457,0.688371772608243,1.1381456593051253,3.3546416140450948,1.5711044314078,1.0116223429589304,0.5640171649143474,1.8930289839891064,2.5064965549140505,0.7682316151803887,0.6853341766706562,1.5452017687698407,1.2874930539009168,1.6293003051925081,0.4431403655874557,0.5658783464940407,0.8575949560726489,0.9632902167216066,0.0,0.8325616914408679,2.439013578023416,1.9924887949512946,1.2010729143863013,3.1044631530229667,0.6762152023312277,1.662634672241325,0.5408818968311672,0.5735284540477184,1.2858934709523455,0.43085256687333323,1.7573862536905844,1.1828965639177778,1.270356930952908,0.5399210404905077,0.5993397826955819,0.6362533844930268,0.9124741853915967,1.1289289787552126,0.4395492558544477
SP:77,0.8442362261106494,0.7549893494973435,1.416281814869955,0.780484779946584,0.4917121198178436,0.8830688576691045,0.8569050017619961,1.917573469719749,1.325133345579835,1.1782903810585557,0.8503075963908143,1.5413104706961045,2.504291302304292,0.6195188781798724,0.6743853257518635,0.5826181483492682,1.0520512702290175,0.8251028564959049,0.758222779065363,0.8263438056459835,0.6939994019589918,0.5361032761272007,0.7854797370751094,0.6708779193379938,0.7563524031032638,0.6755308480795019,0.8221175290299745,1.5187004146568879,0.8847473999673514,1.5278732749099762,1.2365827139837722,2.6367139527291603,1.8235863363277676,1.6928584325662739,1.7177927873197496,1.7570853401759559,2.243363342452115,0.8279946872041437,1.1982309064209875,1.8592782793342428,1.3867786001762656,1.081058521831881,0.8125058700294792,0.893886800447052,0.9875911582291775,1.2635199246227904,2.5503899481055963,1.13144189028538,1.185267058184282,2.6255045175897593,4.267002787709148,1.5630622023609428,1.4655519985285477,4.620130520822895,4.283338237572545,1.1701803692352901,2.244932445469724,0.9851702734109629,0.9493542619635512,0.6778325951978625,1.7030687184961955,1.000903152470491,0.9298559791176115,1.2518118884712532,1.2142496789494723,1.012714366700715,1.1621625206238035,1.2320438424554976,1.132383073369368,1.3786111761788056,0.8881015694806672,1.4768539507751866,1.1134921273599028,1.7054678788159503,1.378798815675526,4.866255519542237,0.8103633406478364,0.5861639408727235,1.0840951938223204,4.041434677482321,0.8168790561541982,0.7877812029769625,2.0562639401927023,1.379012332185782,1.1433284306273948,1.2720037183977888,1.1964378033714016,1.9314090096267227,1.6109432355346063,1.607580362272237,0.8169433705443808,0.7383239028775302,1.359310202788119,0.9041436528256377,1.387231373707271,0.8093210905487545,0.5994932074314256,0.5712451322479812,0.739972958544453,2.465911970943415,0.926608075281579,1.6794586745357372,1.2799401549259752,1.129296323737905,1.1163554762208645,0.6861899073157696,3.7720157468820634,1.2267832843509001,1.0332855835820827,2.0101036270386725,0.8813718202699299,1.1178929726394349,0.970121416960255,0.6469656088229189,0.5339890568011166,0.9565838303376265,1.7447087757944932,1.7764460192189147,2.6011131025512677,2.4724547852907413,1.4455711158634217,1.048138318230695,1.7297779989086652,2.105634366714696,0.8861012429251064,0.650025538785974,0.6256503129473042,1.8473841553479917,5.217705241659917,0.7931486464648707,1.496849529285255,4.754915637022483,1.5699116594674851,2.872591219845419,2.9230023767403757,0.5828028025271431,0.531784396318889,3.403373007503445,0.9260752963185577,1.1326804265720296,0.7962617584181546,1.9859561596251347,1.9341973106079617,0.9709329921477243,0.9002522213689621,0.9896044973381944,0.8421587080022169,1.094228794194797,0.7001343302604776,0.7904000777174585,0.8926933631025723,1.2509318126223536,0.8325616914408679,0.0,1.866059999897825,1.9229771184430962,0.5564811489549056,3.1190464480022806,0.5956499786107741,1.5980206509819574,1.1151485687352491,0.4314618032033667,1.0228035602066106,0.9321012029986976,1.4645904145462265,1.1437183552477037,0.6068642175873171,0.6911757578383279,0.9294501136007763,0.6332859617022828,0.9075744634366981,1.2592460954909348,1.013217600200821
SP:78,2.018246180948643,2.2934281543226542,1.7675083303620853,1.9794390712852186,1.9236227840542492,1.6641380620346733,1.5606287527997114,1.3273418239803567,2.8219948733233977,2.57032536724934,2.2410639206215586,2.656669568605521,3.0663802682531993,2.1248028406116437,2.3180445345769205,1.9381748999405626,2.622078485571061,2.3993532991035167,2.319862595742889,2.3466066602299027,1.7083724556734183,1.7684902615642586,2.1848170051804936,1.4786497018081057,2.1826427186746926,1.9592442982972995,1.9990601246533548,0.9770156587496877,2.1217313480894484,2.3794975408044583,1.6289669752528895,1.4093726258984072,1.3688859330781962,1.5562469834275163,1.947377218026668,2.6595348306975906,2.202991125866384,2.1462859107219416,2.2143269904521787,2.8213425006570234,1.874162574510077,2.1775811035534822,2.255436586447476,2.2812628980854535,2.1771201829523648,2.5231173931435427,3.2063648843467334,2.3197794436530614,2.5822117267578197,2.9546990864030573,4.531256762265275,2.784718496995339,2.9741489491735584,5.060384815672854,4.780666723981958,2.5209344634520976,2.7759597809217644,2.237494592265598,1.6845608642431698,2.0865720108821857,2.6097366880487165,2.6113846200222084,2.452017847620724,2.642285018733149,2.533547290610229,2.6009164099163824,2.6979823869127353,2.563538802298674,2.1621131119142993,2.6898578744441064,2.5151707479499765,2.734131662952475,2.5278389608826575,2.9403971083947162,2.625232794716644,4.960784396909529,1.8019072465410582,2.0933754106279228,2.234294099921658,4.488250443675916,2.2587066162116156,2.225221425335126,1.5881114727369838,0.9825859473425202,1.6921391307467442,1.3189559525473455,1.485840352933105,2.950772649715001,2.0633395650580337,2.635271328185244,1.7339421764357608,1.7879585842893957,2.1754727336990407,2.4495200822700416,2.590994546788554,2.3585466680484974,2.0847320536508303,1.926359931126389,2.3802974707600044,3.238619484347303,2.464988099805507,2.9586522392137837,1.1553017032989563,2.381295378935417,2.471057144721234,2.169907525076122,4.390446582722068,2.6412145836820278,1.3434625292772564,3.011975545645935,1.880159168715757,1.0920572734071714,2.5980541896737743,2.155776803957791,2.1186891524198432,2.347695472008056,2.333792583153945,2.3262794479894797,3.314697012045489,3.356479137592348,3.057404703123446,1.308104090790072,2.708834199875132,2.8989708285986064,1.644900690244244,1.7442172051857803,1.973270624615136,2.8091824552463196,6.000082888073727,1.737280380293028,2.1036213889466575,5.33611366858101,1.680918621515815,3.479698105816248,3.739803891520923,2.114636467746893,1.884038690238084,3.9311036216506596,1.170615331748286,2.3100336606746277,2.3157356534192726,2.879466708525238,0.776191833413388,2.386741726862084,2.3766568167586266,1.2214190472189543,1.5723334718488704,1.571898114188093,2.2603760028244446,2.2195302639810732,2.391981304286522,2.5684577790288015,2.439013578023416,1.866059999897825,0.0,2.659044615904094,1.4206311163612724,3.7193459696778604,2.2495020076311945,2.253498276049933,2.736009459459556,2.07455120805568,1.9867444521476532,2.4762992556542853,1.7448140454236563,1.9408683908658504,1.6696896945070216,2.3339884078914364,2.4667647261923804,2.038869719696148,2.27746772033,2.37371037068733,2.695314330478692
SP:79,1.8757526156580262,1.7167702499353341,1.8735551327852236,1.4505180591846119,1.7986142757430483,2.285606410403892,1.9010786944354876,2.980223015499078,1.7543592734137408,1.4916001396432381,1.4437061022710451,1.131386182601825,1.2973270189814805,1.8957406544706772,1.696300444323041,1.737043973816994,1.4576974612374352,1.506555685319778,1.7014694987003454,1.7442096153150932,1.847283330294453,1.9552378523057865,1.4767506820797445,2.0153713205331565,1.3578066666648152,1.6761387368124223,1.4755753260333269,2.1586310572769736,1.3613237452254883,1.1639107790787024,1.3824345459552068,3.3395761170877183,2.1402018878352176,2.3762269391160027,1.619201716489648,1.9198462176357662,2.1061960703022713,1.682203565316252,1.6121481711155008,1.346144357967354,1.8605985470441184,1.4446406021118146,1.7595814363447262,1.341611578380445,1.472651952861991,1.281245613489655,1.2297546005361994,1.5774763954791455,1.5367654783908198,1.2248306909576816,2.5817327837623485,1.2798321962161159,1.5563925539207877,3.022250191047343,2.6382468167849735,1.2679015832621192,0.9732598150498661,1.3599658061506046,1.446451963413765,1.7233936949275634,0.9075164249933901,1.646597126867637,1.5529642850338266,1.266189552282638,1.2449814150899616,1.5728646278694414,1.6122725183565427,1.65741708520187,1.3660096791844625,1.156006227124088,1.6207250567670035,1.1842145104160533,1.6081232082279426,1.142571404108548,1.2536774005537574,3.1751265778966666,2.070643076202664,1.8065145583427717,1.3460905755916261,2.461028569153066,1.90101717132787,1.7832661906095677,1.6221573794056343,2.446110399960681,1.43611193995032,1.7422161200243567,1.8706448651349241,1.379793733564206,1.1322566578082978,1.1357317457999483,1.522766817109257,1.5990296879916062,0.8823340671513613,1.7700164625144532,1.4279513090441853,1.796371935937876,1.7227507629934893,1.6114791121182686,1.9272965728297788,1.219337011534673,1.5354188656622867,1.337909132481139,2.0292013350523637,1.176613122915048,1.465490985964163,1.597313058572488,2.330351938991887,1.3344755547997067,1.929837954479331,1.15094903649629,1.6078622228054995,2.083858508061706,1.9147093106537887,1.6917516977989873,1.6924280452726204,1.4921542088824375,1.4730492458361817,1.30109538951224,1.4416959354801082,1.4652372339107007,1.8887524429830995,2.079286011009063,1.0386434816742556,1.0012841469699651,1.3068133823423405,1.888426060793893,1.6310225396796485,1.1019002135144398,3.601917647451569,1.4869331189531392,1.252049971592605,3.0695490647591512,2.000255802267204,1.486738695716564,1.7462031855327078,1.6439206901180725,2.0470077381412524,1.9923012141393774,1.8238031974642501,1.2686656845116586,1.9867097579659418,1.123328100261762,3.0153798979335926,1.6499288370255472,1.6154257658708528,2.1945953753017555,1.4745359163754137,1.308770856385444,1.849239026439589,1.6381987182486202,1.5718485406752056,1.4499885779531336,1.9924887949512946,1.9229771184430962,2.659044615904094,0.0,1.8086110227205001,1.6886383658993083,1.5691511382737258,1.5163512337400056,1.9557013936708256,1.7062324899601793,1.298709984880318,1.9390392884764434,1.284231471903935,1.5114362688948944,2.0100005919227835,1.7646563774378892,1.894317955879539,1.6188911557671413,1.4350572154361119,1.2961041673108304,1.928223299141613
SP:80,0.9776672816939671,1.0301187562346543,1.2263888046950204,0.7828199540308051,0.6137530721261153,0.8111907828482398,0.632413840725955,1.6573355501367204,1.59812284141322,1.3839631459595538,1.0338228730155796,1.6055990054892064,2.3543302424648993,0.9051174834538761,0.9971503534353342,0.7720512719819737,1.3268426386049368,1.11442556699043,1.040549742551745,1.0973601053730964,0.6803149546273298,0.6408533494221889,0.9436469548370177,0.4803800347565907,0.9232304071596281,0.8187244662203224,0.8414429859333491,1.0953441796514023,0.9541634370586666,1.4221565322600744,0.9079917036481967,2.308677459614251,1.4644194618229593,1.4792325034233613,1.4844702083084718,1.8128817284250933,2.011905377461437,0.9836317814803575,1.2609421819889108,1.8838993298981146,1.23426690688248,1.119381896358815,1.0919260430720155,1.0641986655442608,1.0953858540877173,1.3989031093331927,2.430374945349687,1.2361068182073383,1.3901840792760147,2.424587877443472,4.067483343722194,1.6934197628128194,1.7469524055118397,4.5147066008752645,4.15676441504378,1.3291195993838252,2.081355607431033,1.0701042601540172,0.7919224563587781,0.8547880762566993,1.631317497529268,1.319697590144006,1.1784847550564925,1.4516284816971505,1.33615932332986,1.318972653814767,1.4443600340383618,1.4313911755717832,1.1747039412029507,1.5374591239514819,1.2215709475464671,1.5904480564252865,1.3564134446009237,1.7988511092354393,1.502510710747176,4.646074279398997,0.8367883953416918,0.8508713568809858,1.1638854757258716,3.905764272011129,1.0764302841394655,1.0360926919319342,1.6288114191449583,1.0056827745946155,0.8595763340153008,0.896748622064692,0.9181495990862002,1.949254372401375,1.381464282741057,1.6152831035104835,0.6803461471168519,0.7521630678177855,1.228514045670523,1.223251239162567,1.485534849222003,1.1220887570949667,0.8494758311465339,0.7131201085231819,1.1245775963077476,2.3939950459639987,1.2096691861463325,1.8294268609886528,0.8984590230809338,1.2316489037668958,1.2750453944770772,0.9344003928665998,3.6916868070736557,1.4195563814042509,0.785850680191033,2.043002678470357,0.8420020342307735,0.7856362815617841,1.3414265175125886,0.913726503849314,0.8431293602602475,1.14031838754869,1.640873982153173,1.6331598605420259,2.5284476915872065,2.4688139455011986,1.7968030750172075,0.7542481280326426,1.732226858273987,2.036298703205651,0.6079147620579867,0.6343373038341262,0.7925122280938406,1.851902104261825,5.2130256398419625,0.6000773147479481,1.372858022740209,4.676608114950895,1.331575095326555,2.7486576314781934,2.903352585947959,0.8110585703272022,0.7611719388429338,3.286644062220672,0.5000625532040448,1.2200641027527706,1.1219334284232325,1.9669380642211851,1.6127530308539955,1.2220455748958798,1.1700794799679461,0.7355001304742179,0.5266478825669748,0.8104078548373441,1.0245521038477683,1.0110986490125091,1.143585622841537,1.4531169125014265,1.2010729143863013,0.5564811489549056,1.4206311163612724,1.8086110227205001,0.0,3.0158078726300848,0.9121994266017671,1.5282875559974611,1.4827529758658256,0.7383394746083145,0.9634988778868446,1.2854447910556124,1.1676851887598858,1.0700817618342733,0.5998090999752017,1.0452940145394969,1.2179126625988346,0.7943470828155275,1.0887489931834486,1.3150553391156563,1.417517412951222
SP:81,2.8908182482970193,2.799339172879639,2.5451369855999397,2.5605901309870682,3.0283348273895627,3.2988927454397072,2.961475820599539,3.89231823422088,2.8583968742052672,2.6428131047675976,2.7403920603093233,2.2098918233448943,1.195158759726343,3.0413492524444776,2.87624295362256,2.9455921434383114,2.601560236975269,2.6834897965971654,2.8993351136779073,2.9232649630286507,3.080550975327586,3.150278627613725,2.7057014883718415,3.2242401902168942,2.550940030652042,2.9056465136817207,2.65134211066789,3.2132294405935258,2.512453483641901,1.9313821153059314,2.581599748835487,4.179802715749779,2.8034877569587886,3.4139996493685953,2.1745915226851995,2.380537278153455,3.053160740905818,2.610400046492351,2.2990878328221522,1.6976296636140897,2.6959580317693987,2.385767362473475,2.743708603529537,2.4504746762225875,2.724032868737932,2.3089285626126412,1.47550263947845,2.760669879699656,2.587404202660295,1.3488613520883954,1.4344792576747867,2.267762408130476,2.514521663623456,1.8389163163505218,1.408882308736128,2.5236382549160896,1.7306080384581766,2.5619243924862567,2.7550254372530802,2.9089025861302953,1.8322490893471803,2.8134156247735103,2.7509515849722157,2.5114883312170666,2.4820659354453194,2.6423655595022857,2.6826138263103476,2.6780919799785594,2.4415801705014806,2.2945791024306676,2.731181477170991,2.1598030793347216,2.7183839226078157,1.9558093742154299,2.264507249194483,2.168225643541015,3.049100400451319,3.077740340562931,2.4545957400274303,1.1734693232698001,3.2035210278941086,2.9607743958442154,2.4112823197867885,3.3558437881693344,2.705432659088547,2.965027803988071,3.1584421047959514,1.4648701890842502,2.11519292762363,1.6379273456722054,2.7585497634274647,2.8103165927567186,1.9178895464149275,2.7582176482393113,2.3455457667476183,2.8229201818960212,3.0621772501452615,2.8518769165227873,3.0281980063903617,1.1137544583172019,2.6705808013678576,1.880701853565612,2.9393456781521397,2.2817881677300296,2.612263857853008,2.7914769336618237,0.8536805727526557,2.2765663458056675,3.008299534268764,1.4072937031792576,2.9240451180465867,3.188361440858128,3.057801402090233,2.8907911333930523,2.8688546581872716,2.6731444926633663,2.5364399813501386,2.0835680858156924,0.7473611424934481,1.0262318716075498,3.014449792006594,3.067219994846629,1.5842460444319968,1.3185727425781422,2.6752725275461042,2.8839411673757653,2.8947009340192174,1.497774142713642,2.4174523815868927,2.7371065044029805,2.221228705318928,1.7248809271375425,3.2298941318604095,1.0406153442450332,1.074104091279599,2.9089075126672563,3.0709362851857023,0.5658008781864042,3.0139080293872422,2.272667952074316,3.2618369079720653,1.5175231104075364,4.003438755517665,2.657465525780767,2.709450195158252,3.2461522498034356,2.5931502625268426,2.6334706291061716,3.1236472187098543,2.9074603960163743,2.941530452044502,2.3726003527460677,3.1044631530229667,3.1190464480022806,3.7193459696778604,1.6886383658993083,3.0158078726300848,0.0,2.7980203088819877,2.02424384967876,3.1163588403219116,2.942391647539555,2.5864824300164315,3.083804456813638,2.352673795388657,2.8431596164836836,3.0998439177698485,3.050109163815397,3.173628646333477,2.8917430409010763,2.469806112324457,2.3309596478234567,2.9686318811866634
SP:82,0.9556932809524968,0.5999933229784248,1.5571914673390128,0.7007714349869734,0.6410981007317644,1.2311053126103717,1.0628633448219467,2.3601729255007853,1.0589725654977578,0.9003678871862433,0.5187613183356755,1.2095351731519877,2.260869647320495,0.6302063258336583,0.39523173168065207,0.6385849206966655,0.6044757139933125,0.5040716947973808,0.5503757947941428,0.7113280105426611,0.868754044738198,0.7879941048008571,0.6027362420980736,1.0144867279116903,0.5086408773893399,0.6414831816387535,0.6772747048445728,1.8415515407366034,0.7297260570913208,1.341684357478875,1.3133318734337616,3.0410853077344395,2.0275281866987847,1.8551780032970075,1.7190995554183235,1.6369539504273731,2.184678008515933,0.7764202870934808,1.1411423734263748,1.5991042352530025,1.5263793010909734,0.9242492467948477,0.6726038705596379,0.5325763923756368,0.7879308483026882,0.8927746324382557,2.29623420268968,0.9204473689051834,0.800987964309163,2.4194428908920895,3.9699227034196762,1.1881630067415314,1.040370838864188,4.307968003058859,3.9414561539281894,0.7966021417264901,2.010957242832624,0.7557958889724984,0.9723644104925618,0.6495960902284021,1.4321920908206551,0.5429819725270189,0.5831739443038553,0.8462641219369204,0.8559790949484476,0.5951550798897413,0.7459585363364016,0.940859191634252,0.935689802035875,0.9437056777106632,0.47031174485781685,1.1263476512871886,0.7767974403507484,1.3058454821645866,1.0558412410785152,4.600566982636639,1.0373581603185535,0.606078678345157,0.9247036255121588,3.7367617868914245,0.689198546603652,0.5944069944161213,2.127348098868551,1.808610626857781,1.1570722642385334,1.4438834129285287,1.3612951748064623,1.6208982068391493,1.4833741320852303,1.2834406678043588,0.942785696656791,0.8260082141738734,1.131348871937439,0.6941761746883881,1.0245287209145515,0.6012069222557576,0.5396387501512073,0.5792450914187861,0.5628970545837657,2.10421498611912,0.5313494635158795,1.2719598244931645,1.5991288865430398,0.8051120588472549,0.8143742284452745,0.43728255205986133,3.429537262647293,0.7952758557408015,1.3441896592059415,1.6357287521891364,0.9784702802512796,1.4746621022080497,0.6853274271641859,0.43500192871825727,0.4104084137058603,0.6922059343680558,1.6689777501785692,1.711204257958506,2.3065335850290993,2.127663291646759,1.0492513652016269,1.4261264825639481,1.3890448898068268,1.8009666516159637,0.916286476244998,0.9601125474865216,0.5926126729565346,1.5454082787102408,4.80636913678585,0.8971959786327772,1.3856588463737483,4.376562858380526,1.7237276855224086,2.576851389109087,2.57896672934229,0.3598891128833619,0.9329018903665095,3.102472178994837,1.2120698596638686,0.8334796785630649,0.6520100070051855,1.7023918946420729,2.3778366655970826,0.78047812406407,0.6935894044213332,1.4122843716991116,0.9257963540960282,1.1085576197115685,0.5805634592443155,0.5631575062889235,0.5291297632837277,0.922836862651964,0.6762152023312277,0.5956499786107741,2.2495020076311945,1.5691511382737258,0.9121994266017671,2.7980203088819877,0.0,1.5185407685677275,0.7788285837690656,0.3552077263939962,0.9395906859766145,0.7384822528599327,1.4989269143454698,1.1150516955716916,1.0037343916515766,0.4653152462394981,0.698009732392489,0.5361079650659218,0.6840519934359238,1.04873758815756,0.7143923070243937
SP:83,1.3704899196222144,1.3121749544280645,1.1052587591260314,1.1786590920040678,1.5846413970103632,1.703194108888509,1.4281782956340405,2.3472020036865078,1.7545456562818549,1.4769426575953875,1.4545681374357748,1.3324245098056988,1.6836358616857796,1.5551295587961844,1.5485787169869374,1.4126149174562006,1.480106909116148,1.386008300494615,1.565847009218202,1.5850052536477899,1.546068618742942,1.5932043322584166,1.3700049345333984,1.655284082444729,1.2433806618933563,1.4759434091562686,1.322513902927259,1.829844397884865,1.2218746444266189,1.075012416220588,1.3975906960369886,2.7659652205960956,1.4534930898887262,1.8795212876270508,0.8284046575050449,1.2298237238078478,2.09205402888525,1.179823414043367,0.9052271387360902,1.2645900081309822,1.3179185189671783,1.0392165544969474,1.2561627897948162,1.2365156297252173,1.4549216890698076,1.2748248707017757,1.9628408664873889,1.6183288980222381,1.5300138394059237,1.7233135129755521,3.2093791142696673,1.3868920091617403,1.6679436973261854,3.46219312680606,3.194748004747939,1.4526299549818367,1.694454039005919,1.305657933974844,1.3899139228385187,1.500881552428678,1.4100060766739855,1.651688668010314,1.534942202958898,1.5177681304961703,1.4746774712850639,1.4512675592810986,1.6583241985195636,1.5610708286203934,1.2639438847663902,1.3504220867319894,1.523087759624926,1.3668688469818957,1.5550071722559236,1.4072265004066662,1.3163058233729201,3.686111273605664,1.4276654987491209,1.6808167298371997,1.2089261791962038,2.8998941804488707,1.8466774451921664,1.501614860793787,1.5553076844055505,1.7500436167225422,1.5802449947432964,1.6557977497746936,1.9552468166233685,1.1940490341614047,1.2397519791803473,0.9175719034048059,1.3837421704864334,1.4385488447456218,1.0061004648507632,1.2697442024038486,1.2157058587893872,1.3651963519343062,1.7020584437781436,1.3691083032518576,1.5751740229054472,1.6483466438995424,1.3516484714546857,1.1416338412064324,1.3988672999244698,1.097833270995114,1.3443604571364218,1.34725810137887,2.6680605661941765,1.1601398149885471,1.5376616763038549,1.1314617219534182,1.5947195583255962,1.6409252936157257,1.7038920926490597,1.450572398182111,1.3824166813408023,1.3743695367482687,1.51404222388708,1.1520138076715636,1.5467534658203181,1.4790713308488834,1.9417890663428803,1.5875663355123741,0.9351263851795589,1.2302348108529932,1.4537575057868068,1.3034385659531633,1.4040800792833923,1.2136797850837677,4.181135871294129,1.3624516141066085,1.045241085109924,3.6119928692404315,2.0077732590318385,1.9723378024049167,1.9873681161513888,1.622253338680151,1.4873748080164138,2.244059404113772,1.5838319416132345,0.9266591673933408,1.8852050577079664,1.1120555207123926,2.4273216104679727,1.1549798167540868,1.231032905877249,1.6298268785170176,1.2207757035318698,1.4762686949526969,1.7264555888216218,1.5174252948861267,1.7435531703646232,1.0459905724380174,1.662634672241325,1.5980206509819574,2.253498276049933,1.5163512337400056,1.5282875559974611,2.02424384967876,1.5185407685677275,0.0,1.8562303076840785,1.5419512925872467,1.4400040615842742,1.6228767836564173,1.1555418592856073,1.4790761283739937,1.5355766318881718,1.6979079926511162,1.9234242652397486,1.4764517127110153,1.004015797655751,1.047805970715453,1.6266830213234964
SP:84,1.3799520617935006,0.8178918742261809,2.0921366408245494,1.2977365610343343,1.10381466857341,1.6374891233012014,1.5658344016187413,2.8474051198462877,1.007037999065402,0.9842722915311157,0.7869982067176625,1.422484566635766,2.7155109536292326,0.8828374722415184,0.6332809063264855,0.9756190564640475,0.7285847452501487,0.7360768385755939,0.7392167271862232,0.870234362081474,1.2238715011395587,1.1699430373176807,0.9258784128042524,1.466691808808303,0.92456699501205,1.021988620147146,1.1597557316867444,2.4268433608807545,1.1316938160634207,1.7369056919971506,1.8349689262578013,3.5150532668177,2.4965112293061753,2.149932039624733,2.1566575159356174,1.8379560107369572,2.38026598709888,1.2505451290969691,1.5982073971936306,1.9939207185831762,2.0667036312018507,1.3426015710437635,0.9004831114929669,0.956255076679954,1.0661389102401124,1.1485333491176435,2.600458949319548,1.1220434706466118,0.9484531572094674,2.7868877305692497,4.287821606553056,1.290670512147939,0.995936578613727,4.509471510621192,4.16396671309714,0.986419221462784,2.413822598549842,1.045064288649557,1.4108413623996519,0.965588897189509,1.7717285628826038,0.5199218983642389,0.7492435057146964,0.967711438308502,1.0772636608912025,0.6715871175820254,0.8216929268013033,1.0976035772887787,1.3878165455413733,1.0302825083057323,0.5884966721465479,1.348579879347958,0.833605582043916,1.4742973411071296,1.2457040795137058,4.989444809040631,1.4012535911911925,0.8779783980901432,1.2967396033475451,4.010490992581601,0.6538497243654817,0.6113454255317952,2.595194346263639,2.3141347614408545,1.6467894302547945,1.892296809442108,1.8233869950789718,1.9219690516288923,1.9316665961217379,1.632548911494207,1.4642341647432733,1.4741403420076635,1.635336869261764,0.7940129540488717,1.000939594027805,0.7444927881559211,0.8753750799539818,1.0030210447941292,0.6340184004840067,2.398928796574473,0.664793436225014,1.3994240301270129,2.1703393391469867,1.1656453008445316,0.7514193322793948,0.8190810376025894,3.6756215928627256,0.9180540748767949,1.9579590330761565,1.8158626580348067,1.4327564973054028,2.0346263956981576,0.30398068408901524,0.6472914698311552,0.828320633644011,0.8270116694901013,1.9139471407375057,2.076145527081197,2.6307235772403605,2.3898253983789384,0.6468107991048803,2.044627162711464,1.746075338714936,2.078202413085067,1.480524304483934,1.5162918990230179,0.9559307827454975,2.023588920808852,4.932944927278587,1.3685725363059325,1.7624760595386988,4.5807252988906,2.1637208198593085,2.9609862684564425,2.8722307409265326,0.8174885595897005,1.4708187858149904,3.3788922048051204,1.80541240903447,1.1522467357782136,0.6104904977303548,1.9824645212754568,2.84463426493884,0.9444265368988197,0.865957091080447,1.8905189165088616,1.5188366814088683,1.7413181756650113,0.638160645752505,0.6476293927566859,0.7115453703586778,0.9742696760007649,0.5408818968311672,1.1151485687352491,2.736009459459556,1.9557013936708256,1.4827529758658256,3.1163588403219116,0.7788285837690656,1.8562303076840785,0.0,0.8223721133551006,1.4142821421838359,0.39991293008134404,1.9159791838165698,1.3388332011450805,1.5535999017009035,0.5719104442876918,0.6193212901100917,0.8261974010550031,1.0713425954890572,1.2711117357742086,0.44025842643778024
SP:85,0.9014120663965378,0.555907381746278,1.5543971257012792,0.769445231417312,0.3975111431119563,1.0420827050033172,0.8963029372147802,2.175113295384012,1.0883324933543852,0.9623075713846806,0.572824903451635,1.3427465204153475,2.3788143417763856,0.44537002144756893,0.3426792836275364,0.48114753193213766,0.7559337899840924,0.5435063441600161,0.4319028249600663,0.5532384264311165,0.6431338600165052,0.5389174987905135,0.547463752685989,0.7735127813897986,0.526185233615513,0.5761289444605445,0.745410888270688,1.719130611267049,0.7571942584673431,1.3635444369267515,1.203531743151896,2.9057511395767825,1.9207389427032697,1.7456387973867027,1.7279870073369932,1.7635169464901108,2.1465191741590175,0.8467104997711412,1.244635185708977,1.796144301873477,1.5093665542348953,1.0442079962260642,0.7193663937659748,0.6979830771605019,0.8243717771175622,1.0952168949912955,2.3443892973711553,0.9963983362414467,0.9983614456458747,2.4879279507955645,4.0772990390737025,1.352210129856481,1.2287181613539655,4.43484262782782,4.055114119575609,0.9135723228820547,2.0468677849027475,0.725348614188465,0.8784384215514491,0.467502986291975,1.4717815225915412,0.6658664159521485,0.618953556757388,0.9738980315751853,0.9416128211404158,0.7317954852347658,0.9366728874030542,1.0924158473827748,1.0903661949226744,1.0854615149150972,0.6273705799152278,1.260251423445429,0.9109605108416239,1.4612844719621458,1.1681969267549543,4.722366325390922,0.8934192145430749,0.3972271385225528,0.988582612177918,3.857798750432451,0.5792590488634641,0.5778461687529756,2.077261347058547,1.6212886926592502,1.1011649110714992,1.3000900170456438,1.199687528463849,1.7475913974890263,1.5278333714147234,1.4281405116983452,0.8257110033503634,0.9134993559431713,1.2100457902948012,0.6856560561398581,1.0806800052650787,0.586649770910932,0.4823560478539712,0.4675273163368238,0.5276617024274929,2.2292958531710494,0.6082595420982763,1.444371477847151,1.4951918810333709,0.9398454188372622,0.8011695391988536,0.4596733431178803,3.572712261113236,0.9460349717600173,1.3087944152943765,1.7701977345785194,0.9147301460329099,1.3689266051570679,0.6784218195154018,0.44004019195089333,0.3973948695369876,0.6949058733636105,1.6274180224131736,1.6851958144692167,2.4301927332166295,2.269181182156505,1.1748112293840784,1.3202614825841699,1.52307148918082,1.923048148607001,0.8414988719918334,0.8291271689580594,0.51733371550953,1.7102901203310605,5.003309516499518,0.7168775116244147,1.4328733959253306,4.549516104476251,1.6110348372808754,2.712982413922558,2.722504551357644,0.37434632589617295,0.8127388287507964,3.222084451582784,1.0959237541068425,0.9308606092867645,0.6191190443009905,1.791343754632237,2.2150600194929013,0.799873289015688,0.7111203474508243,1.2379091357374945,0.8805548114691469,1.147603604236612,0.4493897708276368,0.5350980529416488,0.6722258103501001,1.020687267523446,0.5735284540477184,0.4314618032033667,2.07455120805568,1.7062324899601793,0.7383394746083145,2.942391647539555,0.3552077263939962,1.5419512925872467,0.8223721133551006,0.0,0.9139358796803119,0.7093465198223645,1.4230023062262602,1.0039419672287377,0.8785820258704269,0.4107755487822394,0.6542307138095387,0.3978950705475068,0.7491072862496999,1.030442580923506,0.7622313011261264
SP:86,1.1800963619732943,0.9844371615128626,1.4797977032854897,0.9027312906146363,1.0045378810780927,1.5135205494667838,1.2345413098092484,2.3138867318549416,1.244117244097229,1.0100625323927714,0.830692427273054,1.1684060176110942,1.894622336634764,1.0442187341407523,0.9498811018649275,0.8333114475780586,0.9756007584923599,0.8661882054935977,0.9324933251637821,0.9759254143861461,0.8793418020102881,1.046978818991641,0.7629486977377627,1.1096578125332592,0.7290468312031235,0.9154648924714431,0.9674056015868633,1.5998339902024183,0.8898538996124055,1.103892894491731,0.8472051072170717,2.8107452484900044,1.8838338916941524,1.6664958560505545,1.6370133251957513,1.7723637612163101,1.950359691603135,1.219338948909381,1.2283629209088671,1.6141320722654058,1.5617563500286697,1.1808602355906201,1.1332003966505613,0.7907585886140526,0.7733157756068834,1.0762776299835268,2.034375190312674,1.0309886921373044,1.1923649604333335,1.9250539242135698,3.5813030066469818,1.1502553207938662,1.3474087809128323,3.9798309142378545,3.5965889875289556,0.836321430204191,1.5536589679566235,0.6961772067511337,0.6565461185752614,0.8064543816268512,1.147918751339268,1.090298630176701,0.968484960279006,0.9390178560093405,0.9095176148109805,1.0524273034674805,1.2463988723443085,1.284586154225574,0.8545431431886205,0.9910050117125677,1.0742908445989148,1.1979401876432691,1.0685873240367494,1.2830062529969501,1.0070197398128533,4.10307096046662,1.2776969883041294,0.8257636330236874,0.9516186594129612,3.364176640845922,1.0864825539871419,1.1018472641679098,1.6054715480306905,1.7625373416838148,0.77207486010341,0.8398488992705506,1.0325513484958522,1.7405631247057303,1.0975997616038464,1.3744890504222793,0.5376697288687476,0.9534401960362673,0.8902455524970038,1.2525188818070236,1.3466539854794233,1.2060666473689634,0.768588246463982,0.7016575146085756,1.2789707910810013,2.000836561558172,1.0270281487079693,1.5361195729570685,1.4961298462901562,0.8945868562150895,1.0699586803540877,0.9943269696697876,3.2420380252705363,1.2238298070482017,1.2250048542658885,1.6294278772590418,0.5499334389928509,1.4204208471202204,1.2778806345217935,1.0000944257946434,1.005528341261246,0.7760946015781505,1.0119354943677485,1.129227407408948,2.105518899330956,2.14020890558019,1.4330546723191102,1.4344345656771178,1.4325759250189323,1.5906256150100007,0.75742398342948,1.0638793901381964,0.7769122264835626,1.4302530230615291,4.5724064262364665,0.6570854070077841,1.2315358521483288,4.103792644511402,1.0424104085634474,2.2609993834820696,2.50014841526323,0.8665866593858477,1.147071654492153,2.8066963079998555,1.1572015845478345,1.0104454546064812,1.1832350187713494,1.4429610148049359,2.23401984827841,1.0309468524754106,0.9570698686521019,1.3333240262637829,0.836216519183447,0.9459607785938887,1.022174303984692,0.9198398104183582,0.9821348444683493,1.1861829543111793,1.2858934709523455,1.0228035602066106,1.9867444521476532,1.298709984880318,0.9634988778868446,2.5864824300164315,0.9395906859766145,1.4400040615842742,1.4142821421838359,0.9139358796803119,0.0,1.2606123741931332,0.8926127885359352,0.6811079983881027,1.3285837452862708,1.0367201681702682,1.1070019350063707,0.8033119058787191,0.9916379353712415,0.9430640558316526,1.3222303245771205
SP:87,1.2198028859376548,0.6697678793126081,1.8838896090839947,1.1674296008427805,0.9904770575837563,1.454749309148841,1.387372917310772,2.609776003636709,0.9780377571642507,0.8698695366962415,0.6628466149336391,1.33327803112695,2.6481189653421255,0.7329732674630287,0.5610986121065895,0.7139799808568387,0.7617204546294536,0.6734257459626316,0.697498128416174,0.8153736537549479,0.9914089139854276,0.9588954039365282,0.836437915751366,1.2530504592222511,0.8099313980647183,0.8124531669050744,1.0207784120372778,2.1918002861266146,0.999815485753206,1.657869928258322,1.670827960288014,3.2332264146545135,2.251476145600246,1.8368973795005201,1.9409346368063138,1.6456015784982028,2.1640685033708453,1.1000615793511381,1.3978888188594307,1.9384961992193395,1.8931293422050242,1.208707028492727,0.7073401625901609,0.8369603074712593,0.8723351638970555,1.0958416062285925,2.5940993500031486,0.9666670199031295,0.9182242177468277,2.674646708426714,4.26712604342919,1.260365962777559,1.0424288838561266,4.485650898621179,4.163411417007266,0.952622579415047,2.3602143826064568,0.9562357069963544,1.2134749582881486,0.7900747867747978,1.7511017958746715,0.6218720637457383,0.7897164414913964,0.9943958234313813,1.1188807956342073,0.6974852708175509,0.8655078527538557,1.0187134129088564,1.198249465572649,0.9939603727527152,0.566440101658076,1.310013000458713,0.7170160688851487,1.4894158478751909,1.1451724636434122,4.913818360895055,1.1892094430973394,0.7176562085231972,1.1266867097411488,3.96845105054696,0.5850177436596525,0.41369566241084554,2.3845421971883622,2.0644185274966627,1.523184931333926,1.6774630756608455,1.7009804845232952,1.8897106619823825,1.7731533737408296,1.568566665191963,1.2740386906805707,1.2949874800367471,1.5219678561120218,0.6403631050920873,0.9605139405247252,0.5946844553756564,0.7488224544677414,0.7757188037713024,0.547368557342777,2.3839133704233926,0.5939268988221502,1.3800638597082984,1.9300397036034322,1.0726177519937905,0.6923938538889155,0.6562561441798289,3.6689670184557612,0.90004030374668,1.7274118548637913,1.763499848197949,1.259368855031683,1.7874911574623003,0.3076294031669914,0.4846065877473614,0.6731028257150112,0.6688492735415033,1.702150409428406,1.8746562632763981,2.567887694301435,2.3635310179165976,0.8166597249024334,1.840792956637313,1.6792088306781066,2.0193634731656434,1.3510648117528128,1.3034009070042287,0.7284997103872419,1.951918542232566,4.979743032484401,1.2020550145020474,1.5647739187202585,4.594134801732944,1.9579215849911398,2.933410486119584,2.859544914364245,0.7526507086238662,1.244401622403054,3.321477555251687,1.5991289532316648,0.9861011979599725,0.5533208868160245,1.8798210437280052,2.5766326355169658,0.6917979210830368,0.6781931705600096,1.647047342289509,1.3248784146443615,1.593335971608699,0.5409166731498338,0.4885072735570674,0.744008872453619,0.8218249766874753,0.43085256687333323,0.9321012029986976,2.4762992556542853,1.9390392884764434,1.2854447910556124,3.083804456813638,0.7384822528599327,1.6228767836564173,0.39991293008134404,0.7093465198223645,1.2606123741931332,0.0,1.6973758798183753,1.1184668553841934,1.3696008696133277,0.5268638138103177,0.676158000792616,0.6606390233984086,0.9059916605316292,1.0941841814772344,0.4100676884721726
SP:88,1.484800021364988,1.4226353309585238,1.2998794191703777,1.194087966687388,1.407960512835375,1.6730382027876975,1.3548510118573511,2.1981270155960333,1.7038787465455787,1.4301917597125196,1.3200259913449308,1.3341417024975673,1.8001433123719728,1.5338043993040396,1.5023202345128674,1.2700731049393854,1.5065108028314158,1.3806266476933662,1.4967161389292283,1.480173986617058,1.2495638278089052,1.4276976283215388,1.2302727677931968,1.3665175991406986,1.17274465034417,1.3440370821810155,1.2732330863983763,1.448065397835289,1.1630764957590494,1.1271093641529681,0.7679476372852259,2.5015842037321736,1.4484950118226267,1.6544587071298396,1.2626536349057358,1.6958062988252673,1.7564211649068975,1.465924038888022,1.3417719532322996,1.6530737055209908,1.5094897817479365,1.3068782511453223,1.4728384220523925,1.2614813229006012,1.2130583708379847,1.3646263480151073,1.8556347779559386,1.4103538996004046,1.6064366229392117,1.5836255360478413,3.2241387559099075,1.419774739833881,1.783969094303102,3.6736419412214394,3.324439549947869,1.292043867202935,1.4758718428747297,1.1316814769341736,0.8732728009525116,1.3135193568047312,1.2289945768458037,1.6741707556746155,1.5028530534034608,1.4042039731162415,1.3303303052921067,1.56629432663179,1.7398161702474357,1.6742181844357502,1.2081367606767992,1.384167054905361,1.593196376832297,1.4132038250492565,1.543901977151674,1.5342485336072225,1.2975452387618533,3.7076774437112316,1.4885509487781192,1.4082509514397454,1.1093592893126998,3.0788925107518823,1.6210857583259857,1.4977599509438109,0.9243225671170938,1.5734394162675114,0.9671047002664969,0.8516815728672222,1.3246115612529454,1.75277672458912,0.9598481658777109,1.4052667652622057,0.9079907602264868,1.2587340558721756,0.958380059199781,1.6104307374981348,1.4758477006175241,1.6129003431538558,1.3970670025229726,1.1551048104910824,1.7365232464741889,1.971507060643443,1.4942653507638395,1.722454450077761,1.2421432272456507,1.162634458860099,1.3239149506144268,1.4200118896044527,3.052530416086914,1.5077721232413899,1.2520380999155796,1.634064389181952,1.0456034475458187,1.3345425084207996,1.787030605277171,1.432441344358631,1.4287143843787242,1.2850774154170648,0.9384209306179201,0.855489131183268,1.962105516521539,2.0800077490686597,2.0066015644884794,1.3941850709020505,1.4768013296587783,1.4583238564126562,0.9028963685592566,1.3062485986882981,1.2239734900612733,1.5776039623367262,4.439399250126213,0.8529932441677477,0.9640632328042115,3.841458952147791,1.2883742027622473,2.1492476659772146,2.480724989084327,1.4317341242234265,1.486702145340598,2.546171987401348,1.1559757304230043,1.2126290067091208,1.7462751263215364,1.4210220261127577,2.119503307654919,1.3935864298788172,1.3826492405897144,1.3566448343446116,0.897911063022821,1.0297461787398883,1.563346696830155,1.3707757039874944,1.5661933331626283,1.4277358302287368,1.7573862536905844,1.4645904145462265,1.7448140454236563,1.284231471903935,1.1676851887598858,2.352673795388657,1.4989269143454698,1.1555418592856073,1.9159791838165698,1.4230023062262602,0.8926127885359352,1.6973758798183753,0.0,0.9180494218918317,1.5060868810968853,1.5819819584038488,1.7287019970430069,1.231642672745726,1.2925477673239498,1.075636365504348,1.8305090431826758
SP:89,1.3393371888706374,1.0702785449851482,1.6691988053951778,1.167414752977634,1.106696132839106,1.5475902555548866,1.2934766973563008,2.3580851598885713,1.3121738887164724,1.0510349128659553,0.7893857533205615,1.2434523911768998,2.2614120358979224,1.0869590630504982,1.0217352926241097,0.7806636738637126,1.1386749142846426,1.0014093361012837,1.0373920741488236,1.0493602636041774,0.7870001155782034,1.0417696023601102,0.8466549181151749,1.0983873109315487,0.8665450391480712,0.8790529276655555,1.02756823622247,1.705696051600436,0.9613881004847834,1.366310536670315,1.0099050050463985,2.815388324927791,1.8649569676009652,1.4289469640143817,1.6716551022524226,1.7547895451461928,1.6719895489809264,1.3976416012896933,1.4368224485982646,1.95214058601324,1.7842560932852807,1.2975219016593893,1.1544190072756848,0.9957934297040439,0.7514791799052682,1.19937274429974,2.211866186724961,1.0037598748360768,1.2736532506423215,2.093464753219358,3.793403459867885,1.252058960714995,1.435099048645857,4.127866800234489,3.783518379301331,0.9805591321418734,1.7983406926547125,0.775345764477874,0.5889361933345013,0.7932072845031239,1.4211573240387507,1.1875453198982984,1.0956244842778402,1.0652473597259429,1.1334164154182533,1.1717559442499959,1.325142321930883,1.338354524085553,1.039887385194833,1.052798172553838,1.147391140956064,1.412315293388753,1.053444498171699,1.5138754445548313,1.1528620855026994,4.345190844234019,1.2935990918235796,0.8170051221543546,1.1160266703606745,3.572072258682066,0.9421318346320776,0.9660284137668089,1.6515956531984228,1.7816060229847037,0.890699821168268,0.8773038069923915,1.1912758662081764,1.9715697087386792,1.2621792714564966,1.5863432690252655,0.7425174232227391,1.202123962755208,1.1624661043370936,1.242632727644163,1.2367978219519296,1.192554985312825,0.8386992786251486,0.7152065137209883,1.2567195194360987,2.203339085807779,1.041655832631848,1.681027707729191,1.6103360552315182,1.0574164979038103,0.9262160808517498,0.9711053025203324,3.490626595444257,1.278439042809172,1.4496232987504138,1.7674538655608931,0.7109592370023271,1.4959942468250071,1.2059372521832261,0.9707089373982141,1.0384900318796888,0.735139787947936,0.8638017847245314,1.237196735219927,2.3575281701696706,2.3628050901626327,1.4558837336083177,1.6528044465742602,1.6242632516685303,1.784747192739399,0.8885354614651298,1.272347061565544,0.6889740706399178,1.7986386599620432,4.823413143711095,0.7506436353572026,1.2999351787168536,4.347887109734283,1.2079607884948305,2.565537653505158,2.7483370534154545,0.9796657344957533,1.3577228022844152,3.022883248890828,1.2927589231809693,1.0184232312689339,1.097545503720491,1.6053026200268963,2.210465051015321,1.0080320910197351,0.9450543024394318,1.371412349779482,0.9864811039673734,1.192665103652664,0.9276540169853049,0.7656440890463099,1.0399822925607487,1.1709724472107146,1.1828965639177778,1.1437183552477037,1.9408683908658504,1.5114362688948944,1.0700817618342733,2.8431596164836836,1.1150516955716916,1.4790761283739937,1.3388332011450805,1.0039419672287377,0.6811079983881027,1.1184668553841934,0.9180494218918317,0.0,1.4684847787391553,1.0444424304956381,1.065264385356791,0.7165975073702244,1.1127027029289656,0.8907197190942331,1.3101889502528192
SP:90,0.9348469915473462,1.0909071069035572,1.2398408061059076,0.8586300565408541,0.7533062177958874,0.8218388403098914,0.8008316581731266,1.5743223872629453,1.6894226704382551,1.5134866872223243,1.2772820651664825,1.7580284374280581,2.477942807325428,1.0399315090211099,1.155161160148861,1.024732295178595,1.4356467566431996,1.2129646647743628,1.1733521179778188,1.1986569766706092,1.0481540599347858,0.864709064124516,1.110162088709903,0.8112916524679277,1.0760616256437052,1.0327976410534623,0.994005983075015,1.2096069003387262,1.0603064616232316,1.561658624767771,1.227698686979332,2.332488575529916,1.5345143050917573,1.7989522238970803,1.4950702359891508,1.830478672916121,2.3622726677566064,0.8360736678153607,1.2599347607565172,1.8479744327437428,1.021937291343248,1.1157345242430616,1.1442403697362913,1.2336285403164198,1.3770348896539388,1.5375120090370973,2.5324584017434115,1.4984982369994644,1.5174158308166275,2.6031024934578118,4.224748769531426,1.8511905679750889,1.8247396327726284,4.620945932032127,4.297488680195615,1.5202500022995198,2.2636543077208464,1.3105807250957797,1.190534788989739,1.120096783844587,1.7955458975207632,1.4480170705791664,1.2853199184977064,1.6061183838860857,1.4805000508862782,1.409646311213021,1.5309830593979055,1.5064618690041842,1.407732458484196,1.7154962543773236,1.31200493071693,1.6736830587294063,1.5498276146528247,1.90824762725514,1.6577498087711728,4.8009252733790895,0.9448526004308276,1.1273632863485938,1.2671076066729647,4.030615285552261,1.342486363754834,1.2295716034648978,1.92948871361023,1.0256377549952163,1.3164661000021454,1.40709283724373,1.3577941048455573,1.9487648700784612,1.637140286529357,1.6789042752853864,1.0093932701768775,0.8482272022356937,1.4297899884006318,1.153151122500494,1.6149594707334498,1.1272209138344538,1.1314761472780928,0.9827266335549901,1.117170877730731,2.50335227025043,1.2843938722469075,1.8170118388996541,0.9126515787062042,1.352123100989784,1.4296242604278007,1.026024273886041,3.753475933759154,1.4509371277384207,0.8626777833286539,2.11631231164652,1.18613224999718,0.8658443593592405,1.411558109013345,1.0648013495740274,0.8861639280999668,1.3650031115381542,1.970973253613542,1.826693342905051,2.607206199196416,2.46381145546414,1.867625235272636,0.6607431503518452,1.7646064989128947,2.1543778742256996,0.9692468669454642,0.5512806984174079,1.0403138769945148,1.9045151200430352,5.272279864537672,0.9462826552481316,1.4964121778201727,4.755634951064832,1.7394574661293551,2.8434876577090358,2.9176117292297774,1.0708300343818178,0.6009989873685924,3.404983784488198,0.7957928079775709,1.3425337687912964,1.3337458422156196,2.076647287395433,1.740919169397899,1.2815408330876177,1.232063954634566,0.8809352846160726,0.9210020505963049,1.0618268711406331,1.2215112733192097,1.2513820721614282,1.3143707183113897,1.4941547313499728,1.270356930952908,0.6068642175873171,1.6696896945070216,2.0100005919227835,0.5998090999752017,3.0998439177698485,1.0037343916515766,1.5355766318881718,1.5535999017009035,0.8785820258704269,1.3285837452862708,1.3696008696133277,1.5060868810968853,1.4684847787391553,0.0,1.1577302658284951,1.4512208895014054,1.0823509592273932,1.0586097833963768,1.467052799481573,1.4274825055673404
SP:91,1.0922540620248602,0.5785676997382753,1.8151977932453411,0.9794637162729584,0.6830197928249232,1.3273494339655993,1.2187980396823734,2.4563195701826253,0.86932259599126,0.7957875492340162,0.5059196384366795,1.2827908792254288,2.511673458524394,0.6136465610185386,0.3695544029966486,0.6130645047425701,0.6287780726942555,0.49174103869068636,0.4909079110497121,0.60940297029271,0.8544876734779019,0.7924648394248027,0.6798151476395344,1.051594945722193,0.671979315669649,0.7245805752534347,0.9185836612377775,1.9912689706132738,0.9255432450228301,1.539830368791231,1.4545948509420663,3.141511852871078,2.215145925609467,1.8904455199820895,1.9413409793791143,1.8413594153809196,2.2273892070275694,1.0645893616358943,1.4377416913675554,1.9217807210760962,1.7271315380583987,1.1916428071347707,0.8338955540473078,0.80302354618034,0.7761758410135038,1.10766329820602,2.4420584348742262,0.9681663337998091,0.9949643285987574,2.6110726758764695,4.185079964019122,1.2910547587918964,1.121421974020279,4.4879240799362154,4.12158369431271,0.7722104938217387,2.1824411689165406,0.8221352106237524,1.0550947151611516,0.6473709683583581,1.591692518028781,0.546269968451926,0.6224901667588729,0.8296776653305377,0.904967692927552,0.6878268609575581,0.9038279556315609,1.1009600158506663,1.203482013962758,1.0046145659342318,0.6026810949577903,1.2217260285309295,0.844956455399775,1.4112563078364713,1.1242329199561045,4.8103607502391394,1.1522531518466876,0.47775522831723294,1.0166920989122277,3.94470369364115,0.4826663295040454,0.5563083163011687,2.278109391814941,1.9329222044475975,1.315418182220488,1.4994659276335776,1.4563171359091034,1.8932698147074265,1.654269515032525,1.5657344607782773,1.0457404784555737,1.0848850789016384,1.3912052949610396,0.7537739277986125,1.0869836844860787,0.7036980217559038,0.4627610172165365,0.600098986248082,0.5852801269047989,2.33748282457147,0.6011329761322672,1.4724867799153343,1.7787974085177107,0.981829059544659,0.7503128468729063,0.5964027561784505,3.665547963987776,0.964660441084631,1.5563778976840617,1.82920075043342,1.0463100054392964,1.6027343609517182,0.45168738571358524,0.4786603372570316,0.5289726821898558,0.6408983215920022,1.647005905962543,1.7871203281284564,2.5539821767747424,2.385156566921011,0.8988450273268282,1.6227875346649743,1.6500141841078715,1.9994458565251627,1.0710111135316491,1.125175142002336,0.6212999399178535,1.8538300528716583,4.984667487403205,0.9608631917717964,1.5120172935495695,4.586580325026043,1.7329539333616102,2.8250895712699315,2.829456569825947,0.5041296207987384,1.0797112347525613,3.328676813628535,1.366382531124686,1.0317642196484602,0.5107707514870352,1.8775785079817542,2.4910021437520835,0.8177851289539131,0.7185727163188841,1.5258009161622772,1.1459787806089077,1.3402364547042533,0.41629861916841665,0.47902330523642833,0.5556458237174758,1.0148958362521603,0.5399210404905077,0.6911757578383279,2.3339884078914364,1.7646563774378892,1.0452940145394969,3.050109163815397,0.4653152462394981,1.6979079926511162,0.5719104442876918,0.4107755487822394,1.0367201681702682,0.5268638138103177,1.5819819584038488,1.0444424304956381,1.1577302658284951,0.0,0.5364763466694147,0.4887617651914277,0.8476754479692311,1.0709991297374235,0.6242073712147436
SP:92,1.2047114379063142,0.8019827618224389,1.9490143661254802,1.156516555149682,0.8645670615921153,1.412691776609151,1.3337820360306327,2.5945304409660555,1.14724395190438,1.0933983587148548,0.6869388834354966,1.5310338185851782,2.6240307476783538,0.6704508028920025,0.5080238768646286,0.7820477808014431,0.822697444569486,0.7475717814173719,0.5809010481470599,0.6861742610310306,0.8938862982687289,0.9066999717521981,0.7501766127566077,1.1573211666159124,0.8151000555389439,0.9000277139155451,1.0725100114869233,2.167955627631523,1.0837392733562472,1.6129438504932074,1.527213091085894,3.295298654222461,2.361591420677672,1.96035731330351,2.155824644574481,1.974735408433765,2.3165826979482302,1.3010344675628487,1.5690608487171327,2.07362395980335,1.9779596840133555,1.384476121109785,0.9307293666542921,0.9214171826151822,0.9968261474775117,1.236595705268935,2.5819427383097486,1.1085769536778733,1.0782087116372645,2.7143984133569066,4.27079134408317,1.3881719710676013,1.2349025164210288,4.577185371685422,4.194343467299713,0.9993806973969828,2.241368204486487,0.8364082684735129,1.1321180416414505,0.673731664496256,1.6698899540709813,0.5738104472826159,0.6520052008450501,0.9940016486459631,1.0368747381411014,0.756208491869493,0.986250996084525,1.2459922653199262,1.2874259050297496,1.127260061887434,0.7065525548853542,1.5092329772075532,0.9145094582216321,1.5826239691953876,1.352202321261576,4.959979423119558,1.186248740849598,0.5443212231070729,1.3721732487597709,4.01892352986101,0.3369106520063449,0.6304899835510542,2.4067233604385763,2.1018092663591768,1.2603349850749066,1.5434721526398245,1.3959548122412182,2.019292901682545,1.832485750288255,1.7068303913607774,1.119616889770922,1.3476842628436558,1.5000845953192468,0.9678054055452532,1.2099051866545671,0.8104026277377042,0.5610552941719332,0.831351470198427,0.7136772815716416,2.4174309563446417,0.7734604830383939,1.6085510645922934,2.00497335479044,1.2103586096646346,0.8560844770128261,0.8156683956432302,3.752730148450797,1.1135651416096695,1.7695081108563553,1.9631811592830304,1.0486105472682488,1.8775195969033176,0.5725912978220061,0.6276115945491563,0.7929363380929358,0.7165341813113698,1.7429157450178139,1.9396935663586787,2.6552489520552176,2.507772255077648,0.8919083926284509,1.8587182539276117,1.807011276342107,2.0869742721977804,1.2103932180540318,1.3305201330515284,0.7553626565284045,1.9941696369796014,5.082857726447746,1.0864641927469305,1.8326573238067492,4.704654113772638,1.8006866766457579,2.9038643876429986,2.9164263548472467,0.536132350695955,1.32388577000042,3.421024554383506,1.595092371784103,1.2199788848277546,0.4042053700239003,1.9766232214946404,2.5647073911227074,1.0519739979358649,0.8757870469783026,1.6140093992481028,1.3116063602712116,1.556391332001533,0.370939454685623,0.5274816877896944,0.6016477491336023,1.2137723518425048,0.5993397826955819,0.9294501136007763,2.4667647261923804,1.894317955879539,1.2179126625988346,3.173628646333477,0.698009732392489,1.9234242652397486,0.6193212901100917,0.6542307138095387,1.1070019350063707,0.676158000792616,1.7287019970430069,1.065264385356791,1.4512208895014054,0.5364763466694147,0.0,0.6130589923987972,1.161703368935035,1.2916147822181352,0.7201938249353204
SP:93,1.0120738382541234,0.6176801216726161,1.5418669485531493,0.8408718696316291,0.6239402811500272,1.1715369520335037,0.9951522452113539,2.2779811346999415,1.0879631252499529,0.9063126905783943,0.4461463080558456,1.2364648592793694,2.367853236675079,0.5765918432665207,0.43800763623764194,0.42579851322993967,0.7338393995058354,0.5583442795188116,0.5434231691387958,0.6398226492316818,0.5830248790375996,0.6565865193138258,0.5015502511521515,0.8507216982449025,0.5029544012098605,0.5770932370932079,0.7342384204316228,1.7607539807828818,0.7191399057793182,1.33917519637264,1.157006984997673,2.913667589814372,1.8919102968187198,1.6413686861072299,1.6854726836716478,1.6447994106789166,1.9654073562610883,0.9916764241202933,1.2473372376189646,1.795705025281033,1.6286189535000417,1.0163372567030637,0.693317581042343,0.6618645878952871,0.6546649562565131,0.9561653941919321,2.319713593563967,0.8638080873791792,0.9352716042208625,2.3786404790495004,3.984821490182111,1.169741435356288,1.161719519073406,4.333743771715617,3.9621008970307785,0.7900658360348256,2.0113128069003925,0.5953962354142152,0.6974868893367926,0.43862844882495666,1.4435749298848293,0.7071038065665942,0.6496196367594294,0.8523566351217151,0.8877983778864507,0.7134974188354526,0.9298893763103017,1.067914183324137,0.9827945635848552,0.960536140973356,0.6410799420471407,1.2395292425565265,0.7834469733869031,1.3999012391032601,1.073853518214657,4.630034849442384,0.9370473093500593,0.35889884979574904,0.926767218839763,3.776064232086175,0.4586705552373414,0.42750663380287734,1.9320245275248193,1.6672231057728526,0.9568087828770501,1.1417103125365762,1.1848733696854175,1.7829345957691276,1.4135718543991564,1.4068306364223175,0.7598337767123319,0.9464605566078546,1.1725382038659282,0.7962683379511765,0.9580927237512478,0.6993945967729857,0.4150523006626544,0.36542882311502034,0.6749300816230519,2.227120170906259,0.6207776967122051,1.4654874606572532,1.5153955249317599,0.8510843476184191,0.6328364704020947,0.512403056248054,3.547769638625296,0.9406578799042019,1.330713438110374,1.724295090479253,0.7865467202198426,1.398136431067796,0.711977718776304,0.392078903136489,0.49989066507959085,0.5487345763631398,1.3982241410689797,1.5742117232140875,2.4037850506343372,2.2895102674299737,1.1565746272961621,1.4244121588487475,1.5344689995429885,1.8489226410491848,0.7900167814604627,0.9764614873555431,0.3787810633049372,1.747940224204863,4.937830549836693,0.63688402126772,1.3228863137162794,4.470736323239865,1.515464153946672,2.681354323965066,2.756577989035751,0.4025356244412987,0.999423385359982,3.154204353624844,1.1260914734185696,0.851064657221198,0.571314084073829,1.7353706997402722,2.2202437990529655,0.7699539297846492,0.677971211609383,1.2440799120902208,0.8064289863516408,1.1361726757296382,0.390615179650665,0.29346016262379854,0.652321895845847,0.954500945571864,0.6362533844930268,0.6332859617022828,2.038869719696148,1.6188911557671413,0.7943470828155275,2.8917430409010763,0.5361079650659218,1.4764517127110153,0.8261974010550031,0.3978950705475068,0.8033119058787191,0.6606390233984086,1.231642672745726,0.7165975073702244,1.0823509592273932,0.4887617651914277,0.6130589923987972,0.0,0.8120380784153285,0.921421666450399,0.8285273314010074
SP:94,1.030264794005012,0.6179197352199179,1.4199597338794787,0.7773495813357911,0.9191691600630894,1.4127067090787628,1.1672430491611647,2.381397322056248,1.0489070830603353,0.8103670252695233,0.7689065197695375,1.0118564189474861,1.9924961109090282,0.905891592126614,0.779332596652089,0.8004655099923048,0.6946012462270628,0.5948972234471719,0.7931589905374123,0.8706216204262223,1.060639677413618,1.0282498071312558,0.6705672217387769,1.203275075537163,0.5571730673541468,0.7584297974318706,0.6935753750534519,1.7970890960346622,0.6051789960402326,1.052930483072156,1.25011442237522,3.01674653961081,1.8556318726364438,1.8134265352941634,1.3228829951138799,1.3916092598632281,2.075413354737443,0.6308866261276015,0.9382958634832782,1.3324783775918825,1.3410949411786506,0.7101993271186914,0.755566567860918,0.625131216584338,0.8434233262864894,0.824922811975022,2.0303303584385013,1.063858637459324,0.9017409126506968,2.106741232076268,3.6698255960995008,1.0098468300621515,1.0182143473992529,3.965671281594645,3.611622831723258,0.8129241862448859,1.819971347433361,0.759831719983678,1.0020088613090505,0.8189432965267427,1.216853668279299,0.851153008201901,0.7765742300199616,0.8636591396301274,0.8821797060575449,0.7189348320468879,0.8793732767854112,0.8864468546669269,0.9476324494774654,0.8280071157360908,0.7320823684448967,0.9333722704646553,0.9016770105211466,1.0550021504263116,0.8397797532585176,4.263088120086266,1.1666425993685692,0.9517244113359828,0.7678148240239216,3.3831054088359993,1.1170990895268074,0.8643680101103655,1.964055124048384,1.7654023049981937,1.3115975504011446,1.47846918399896,1.6107320563246468,1.3022505911323614,1.2546196390390536,0.975409648991765,0.9789264637386791,0.9514029777644428,0.9298198958120854,0.5505837993742204,0.8410232643010181,0.6917847441964455,0.9621743503281165,0.6766408875357802,0.7907188892176773,1.8405782274830258,0.5576155033094774,0.9871699468043432,1.4913033308935788,0.5385145792418847,0.7526084682617178,0.5378914489292262,3.1119527491967762,0.6272436152369358,1.3804699220084233,1.2653706265850528,1.1218441016568934,1.4427072623807973,0.9180232183932467,0.7500378292551996,0.5771012917660036,0.7073408372988905,1.4135700173796182,1.3205672495063983,1.9544874587435899,1.783869348090929,1.2087800099186137,1.4432492844956784,1.033674448251433,1.4937172889773527,1.0614986387624465,0.9098835870767379,0.728159617170522,1.264827255914496,4.5135241949067355,0.9305810857331949,1.0907192164858295,4.058001229253785,1.7467240605544843,2.2572498395158127,2.2679012060619903,0.9063693339252537,0.9724035930010397,2.7451475317115293,1.3250624416340546,0.49279699805697086,1.1361480912634054,1.2864498917316645,2.446986183931675,0.4686391231177641,0.4968371968113576,1.4728052293996756,0.9758137995814932,1.183457110742606,0.9626667748395095,0.8305923178546177,0.9593650327094672,0.6085083015455768,0.9124741853915967,0.9075744634366981,2.27746772033,1.4350572154361119,1.0887489931834486,2.469806112324457,0.6840519934359238,1.004015797655751,1.0713425954890572,0.7491072862496999,0.9916379353712415,0.9059916605316292,1.2925477673239498,1.1127027029289656,1.0586097833963768,0.8476754479692311,1.161703368935035,0.8120380784153285,0.0,0.6385133179703548,0.8690839859137506
SP:95,1.389962178510929,0.9112783452041432,1.6765251264732097,1.1254580655510358,1.184597415734613,1.697632778301197,1.3997772477447958,2.6195446520564434,0.9801413108506043,0.7652099885560881,0.832975189890042,0.8399835363607444,1.9253984367613395,1.1686369641912107,0.9900137904999693,0.9498195508790755,0.863792292595198,0.8109942186921246,1.017242406384466,1.0119791666388298,1.1465659600783549,1.2377019969322725,0.8601777318294397,1.3817829749697228,0.7729171086760958,0.9554596523568065,0.9944129619713867,1.989412322836626,0.8306939861047268,1.0754601431713364,1.2275705031234039,3.188004199748703,1.9528203057324183,1.7563472225530568,1.467537477659638,1.4815565528385743,1.8395075440381206,1.1384244595714461,1.2426732598361705,1.5532861457999851,1.7141879914586806,1.1094720624328556,1.0691848185631856,0.8398602940780164,0.7993606325747665,0.9515651123616593,1.7941868679748494,1.0351204201858084,1.1047554615314987,1.8792361148841366,3.41485945742062,0.9579382833596676,1.0622746281694746,3.733791074439677,3.321659845364791,0.7713106270506644,1.6271011228419954,0.7666858568570503,0.9723188850488934,0.8803456904625708,1.0697527778765414,1.0415605631269098,1.0198892831548874,0.8569109963124295,0.9670903825571272,0.9409241918152884,1.0791984713481761,1.1078554766302051,1.0711640543991452,0.7114530381990513,0.9786331203881393,0.8663691663974814,0.9599229630348556,1.0294217844113163,0.6735302105764265,4.017090783314861,1.4419499955673452,1.0619682342163344,0.8159818800974253,3.1456909133177664,1.2381214106310063,1.068127813748988,1.8657714107439303,1.9791518914160866,1.3555261778518601,1.428225024112021,1.6989111584315093,1.3617139457185228,1.2203592682113547,1.0470189695748118,1.056812407921175,1.2731726896745799,0.9361365055718602,0.9022703027253391,0.8303994137195062,1.0126106293327668,1.147689620232005,0.8245293444735833,1.1386656373218462,1.7181330116358429,0.7619005585757859,1.0958564274851497,1.7327721375093417,0.6277193306500907,0.7047558537623952,0.8415959883001701,2.9794002170182488,0.8071740893301574,1.662379806678382,1.1476477831340077,1.1785756941365122,1.6550482307801195,1.1161911790603978,1.0348473240213665,0.9584530182816581,0.7245442463942258,0.947826829039341,0.9909752892602307,1.836058571350242,1.7592317307386895,1.3317021119099999,1.751225477307159,1.0494835550188912,1.3939190121314904,1.1547778161843651,1.2582811885726966,0.8807760575175574,1.295074650808926,4.343135135104888,0.9676281102113591,1.040695145445025,3.8763596858324183,1.6953603051411368,2.1773831121548817,2.198782709883983,1.1523650125876288,1.3155904490114572,2.5350553582341027,1.5171644612921469,0.5612892668253802,1.3489919876263474,1.0601139203161274,2.639606784732477,0.6120108502418965,0.7062943267007773,1.6993294354474058,1.1189060422686228,1.370512380782845,1.1219962806992487,0.9372921596137231,1.1815570253043566,0.6994126117358656,1.1289289787552126,1.2592460954909348,2.37371037068733,1.2961041673108304,1.3150553391156563,2.3309596478234567,1.04873758815756,1.047805970715453,1.2711117357742086,1.030442580923506,0.9430640558316526,1.0941841814772344,1.075636365504348,0.8907197190942331,1.467052799481573,1.0709991297374235,1.2916147822181352,0.921421666450399,0.6385133179703548,0.0,1.109749996379579
SP:96,1.1726568910822297,0.6233130928401711,1.8951057745273119,1.1430424081335835,1.036220434671945,1.4985973403299353,1.439321328226731,2.698338967198396,0.9474203544666535,0.9127274775656389,0.772962591374784,1.3568602533162486,2.539066824063292,0.7577891629365431,0.5496929543931822,0.8738950485567829,0.6762965639680638,0.6350635617742486,0.6743134997602902,0.7527888071635754,1.1451558894024547,1.071834132674595,0.8527846285495966,1.3866247879744014,0.8114331065519386,0.9704364459731196,1.1042247630451165,2.3285462285188943,1.0463317480321117,1.5849181586203385,1.7414732204630756,3.4053542892298894,2.3570931895957483,2.054844572861182,2.0042976953714557,1.652116801998717,2.4030925914143726,1.070695943829914,1.3474029062953288,1.8340877837816194,1.8897294249250522,1.2346709163787475,0.7008540295602597,0.8190444111173694,1.0375273817594377,1.0972860403325846,2.5168492353780443,1.1165939393913322,0.9387203619395433,2.6612571266280987,4.18932997900026,1.252947801955592,0.9617680586808247,4.39381384596241,4.049470641155621,0.9723476800376013,2.2834303478025677,0.9533619099943733,1.3705669084174852,0.8432949615133712,1.6766268276753922,0.5144959829581,0.711900185171608,0.9721335723478672,1.0691596722578613,0.5561298141788339,0.8221501986860659,1.0630809642600263,1.2576906057280928,0.9765401553879534,0.5038967411536063,1.2747512257521554,0.8028353562715032,1.406669786027429,1.151085056317664,4.847644238552599,1.2277300534585947,0.8419017878039564,1.2105176197234009,3.8612037851585845,0.7887237009776128,0.6477639921405826,2.5329149846424666,2.189388499182894,1.627334250970384,1.8625291949212446,1.8232867114466165,1.7294613555541398,1.8669745187883868,1.4631940335796927,1.3393231920121345,1.3860637017843858,1.4927162166907022,0.5147773772487442,0.9913151097624484,0.4926725691060454,0.9010399462825026,0.9288400143450781,0.5051638826620991,2.253764057900128,0.5048735533036758,1.1951137844117203,2.043164221030541,1.0653013886885996,0.7544280731268314,0.7143699431049944,3.520917234154503,0.7629542590274311,1.8426932017399282,1.6533125936419182,1.3492818554381616,1.9572415932636367,0.2935763984325395,0.6363010591317637,0.7237648621595205,0.7265893122040388,1.8125204632472467,1.8859376396342777,2.433693955923717,2.1926230969683873,0.6882567474054588,1.916984607169609,1.5411125073239464,1.9380625522394577,1.4619397028685521,1.3020871009731678,0.8817542685489645,1.7914977629941282,4.823598073145224,1.2976232382723278,1.6880684915351052,4.473419981410342,2.1073197109167383,2.806055666229181,2.6616873964680035,0.8297852411146847,1.237464601841851,3.2158612956617034,1.7573470787677299,0.9928691125980538,0.7435933151444309,1.7653147353306793,2.754685887425532,0.6955100389148716,0.6325805860344232,1.7672879121902973,1.438334106218123,1.7153502180334637,0.6713409719798488,0.6844173726958639,0.8138783654503878,0.7868842182913318,0.4395492558544477,1.013217600200821,2.695314330478692,1.928223299141613,1.417517412951222,2.9686318811866634,0.7143923070243937,1.6266830213234964,0.44025842643778024,0.7622313011261264,1.3222303245771205,0.4100676884721726,1.8305090431826758,1.3101889502528192,1.4274825055673404,0.6242073712147436,0.7201938249353204,0.8285273314010074,0.8690839859137506,1.109749996379579,0.0
