,CHI:01,CHI:02,CHI:03,CHI:04,CHI:05,CHI:06,CHI:07,CHI:08,CHI:09,CHI:10,CHI:11,CHI:12,CHI:13,CHI:14,CHI:15,CHI:16,CHI:17,CHI:18,CHI:19,CHI:20,CHI:21,CHI:22,CHI:23,CHI:24,CHI:25,CHI:26,CHI:27,CHI:28,CHI:29,CHI:30,CHI:31,CHI:32,CHI:33,CHI:34,CHI:35,CHI:36,CHI:37,CHI:38,CHI:39,CHI:40,CHI:41,CHI:42,CHI:43,CHI:44,CHI:45,CHI:46,CHI:47,CHI:48,CHI:49,CHI:50,CHI:51,CHI:52,CHI:53,CHI:54,CHI:55,CHI:56,CHI:57,CHI:58,CHI:59,CHI:60,CHI:61,CHI:62,CHI:63,CHI:64,CHI:65,CHI:66,CHI:67,CHI:68,CHI:69,CHI:70,CHI:71,CHI:72,CHI:73,CHI:74,CHI:75,CHI:76,CHI:77,SP:01,SP:02,SP:03,SP:04,SP:05,SP:06,SP:07,SP:08,SP:09,SP:10,SP:11,SP:12,SP:13,SP:14,SP:15,SP:16,SP:17,SP:18,SP:19,SP:20,SP:21,SP:22,SP:23,SP:24,SP:25,SP:26,SP:27,SP:28,SP:29,SP:30,SP:31,SP:32,SP:33,SP:34,SP:35,SP:36,SP:37,SP:38,SP:39,SP:40,SP:41,SP:42,SP:43,SP:44,SP:45,SP:46,SP:47,SP:48,SP:49,SP:50,SP:51,SP:52,SP:53,SP:54,SP:55,SP:56,SP:57,SP:58,SP:59,SP:60,SP:61,SP:62,SP:63,SP:64,SP:65,SP:66,SP:67,SP:68,SP:69,SP:70,SP:71,SP:72,SP:73,SP:74,SP:75,SP:76,SP:77,SP:78,SP:79,SP:80,SP:81,SP:82,SP:83,SP:84,SP:85,SP:86,SP:87,SP:88,SP:89,SP:90,SP:91,SP:92,SP:93,SP:94,SP:95,SP:96
CHI:01,0.0,0.6880483352267912,0.916690371061175,0.5158190977270745,0.5116634709901566,0.6014441243144955,0.5137397082329507,1.6818011768762793,1.4383823336994828,1.366016278691892,1.043331884343406,1.6369556473504197,2.1488216137051905,0.6287993588351654,0.8570261613350302,0.8273177528058483,1.1737645402191437,0.9094598008506035,0.7950034272544574,0.768326650571441,0.8479483501113806,0.6887153978304335,0.730522703594982,0.7881185936784122,0.749198644181957,0.9626027799687691,0.8417913630517466,1.4018594911902886,0.8372768407369114,1.093788204492517,1.0139498696714178,2.3999580596337284,1.4958047736677147,1.8226818663989661,1.426766017651181,1.6860930469773823,2.456931199590611,0.7319072247476066,0.9060061811856013,1.6014341780277892,0.8780974619180961,0.9323969241924188,0.7593663657211499,0.9756163459253646,1.3337411568472515,1.298283287550093,2.164803498352429,1.4756422947368155,1.368620539623783,2.4128673239036695,3.939169275962363,1.5537311375980996,1.6423300104646277,4.261030811749415,3.988026204350489,1.2990115975252947,1.8928731712419922,0.863540731188072,0.9939602692745171,0.8490079483033648,1.3987898708272306,1.0939654714633091,0.8376791569940191,1.2713110849979419,1.1212706235970447,1.0247152571452016,1.3367154376546748,1.4235353021907948,1.19837476607713,1.4634581223657277,1.0778174097528663,1.5232237267410695,1.4076883628146244,1.6554424797758327,1.5515577667966214,4.584942552415468,0.43747164924887744,0.9488068953333014,1.269575792520663,3.7504779888846356,1.1191314293626662,1.011641713695094,1.876002610036154,1.2306273993009087,0.9527364974299056,1.353621507195021,1.0361690120830713,1.5901380183674398,1.577858776122262,1.3445397645390469,0.7617069152770394,0.9134567237308721,1.1111111976921844,0.8466079586731774,1.2887732956441653,0.806042661721851,0.9810486289075947,0.8961371121409614,0.8575988957719357,2.1309782932205468,0.9915421613707398,1.4658103163493073,1.1433826857520248,1.1160321156033322,1.102434868225417,0.8618473220398133,3.4244337598668664,1.1299692466451996,1.1449157690967016,1.8281256894895264,0.942720399114214,1.1923764732893853,1.1443573298078538,0.8355811374996895,0.6865682735004122,1.0853779148735698,1.7886016208836404,1.486540163715734,2.2786915421696023,2.136491191932844,1.5131908900954623,0.9444635618606536,1.4197069328562804,1.7603790072528072,0.8343510985830556,0.36305004579896316,0.8734653426207026,1.5094993791033204,5.009941073642026,0.7774673508086944,1.557690701393563,4.5124017027716254,1.6421720832960993,2.491705185337852,2.5045613029136335,0.7762709135753968,0.49994693731731227,3.127416042623906,1.004846826698915,1.1346116159016035,1.1238325015851554,1.706733728480649,1.8930845424917517,1.0790584852601366,0.8659891274067362,0.8425818774645689,0.8771598194285373,1.0718697045002288,0.9846750365622704,1.0319266864213397,1.0718414931769091,1.2397414716045034,1.0152414628308999,0.6462476277581052,1.919093483665346,1.7256724210592023,0.7353594899075344,2.8270866106669525,0.7769360466155342,1.2445167408980113,1.2965144780730111,0.6999787054802501,1.1043564052446955,1.1689886727869623,1.393818257494962,1.295602659385602,0.5756755665963903,0.9892739141526072,1.117188198470336,0.9005042622589134,0.8473859877282978,1.2287412050745148,1.1305913917275496
CHI:02,0.6880483352267912,0.0,1.3685220962894842,0.5895916113222537,0.4867961467679629,1.0884252408893662,0.93275312241714,2.2680734009084924,0.7727274352209167,0.7517401336281371,0.4618367707272796,1.153867426190157,2.153389797106898,0.4027892579668114,0.21721063933573306,0.49774148924640493,0.5364837221569885,0.27146905365210516,0.28089687535226243,0.3885398881707301,0.7684321009879288,0.6937780274537004,0.26131040553747037,0.9548625224995346,0.28950785848013266,0.5772077764090024,0.5434025881539851,1.7827651958905306,0.47973487090069344,1.1035945077932274,1.1819896503587053,2.882974627035394,1.9018428682435746,1.7773328698248434,1.5811359087005352,1.4609602162793025,2.2015924099780073,0.6617253870871298,0.948120457816618,1.511014637770362,1.354933758357188,0.7856830217314957,0.40401337633958834,0.48169642982398425,0.8223909942804615,0.8050551284889031,2.0459821793778676,0.9454351337487958,0.7987552565883417,2.333628500205263,3.882629294448504,1.016630359407296,1.0180581066568355,4.141923325683051,3.854410747624229,0.7268209655450213,1.891545710690604,0.4726059244780397,0.8473071238426393,0.4585330802112397,1.2481812784502535,0.43290547209983454,0.2919201817449932,0.6924277374142712,0.6784594039127939,0.38906716883599746,0.6976951606739172,0.8790055910365671,0.8597433591552034,0.8932857825492696,0.4277074907434498,1.0412761864372466,0.7916513445841676,1.2142544628612133,1.0224796153024769,4.5526512884958965,0.8133224490359984,0.5124193573818339,0.8768349341719872,3.6628561609144685,0.616252521394972,0.4682643821179645,2.036763471382639,1.7064431087979461,0.976237348519464,1.3613501762944786,1.2000499439159662,1.5040062448862046,1.4306032482065145,1.1857168382739232,0.7828071498941453,0.8434320564525649,1.0522283817646056,0.4179073838383619,0.8107568254428952,0.4259718584691809,0.5306149889581495,0.5046115094704677,0.4395875619461725,2.0167531793323206,0.3486586361214181,1.172949460061818,1.5464772671960214,0.6595760700777323,0.4918481449289672,0.35232674785792667,3.359902301583665,0.6801225586248589,1.3693388483740172,1.5670037758624917,0.7846761999542948,1.4235270190494986,0.5243272265384668,0.3060742900722609,0.24427465955986397,0.495169145957877,1.4529769914790036,1.3912834911710874,2.2189445467420046,2.0567019694250708,0.8591178694540208,1.391495371173076,1.2919335104116083,1.645337457270992,0.8510972126180963,0.7695855325961223,0.4752287179676812,1.4115403452018438,4.79318420190613,0.7363887659193825,1.3435480444916015,4.3590817304863965,1.5780513312306637,2.4546962264805976,2.4621809322656065,0.27229934135794864,0.694399623003529,3.029458140479669,1.2060552327591976,0.7435362743675665,0.6064223443831154,1.517716670387095,2.312120184014752,0.5332989275308323,0.25368843636112104,1.2749218723314168,0.8892891281029306,1.108249753164566,0.47035058743331715,0.44641945791512366,0.4473532602011211,0.7477423357498627,0.5298670989689507,0.5667193404174643,2.2302084820572086,1.504974073856046,0.8846087879761776,2.7470702893733154,0.17019386329794528,1.255438113709763,0.6662354373975499,0.26431205212538517,0.8503608471970349,0.5731556715595132,1.355375046549789,0.9699976550464069,0.9159358798589479,0.3899167764620788,0.5746031658915911,0.42732602082762833,0.45086567489249146,0.7943359825033891,0.5376266564624567
CHI:03,0.916690371061175,1.3685220962894842,0.0,0.8341720547811885,1.2562454754879169,1.0922525938869057,0.8927057111311844,1.5031932204969511,1.9670623897874462,1.7526022859900805,1.557362470369692,1.7600708243947614,1.7965308188902187,1.4287618283065122,1.552891837072728,1.3823242662148383,1.7034767498387515,1.5129845491566678,1.5525098982033958,1.5582189801046764,1.3846167189060303,1.328904945096781,1.3470729747575483,1.2532761338324585,1.2657994662036254,1.4145356354316756,1.1426716205376044,0.9926708945579523,1.157316343670557,1.1288002052156365,1.0221371900610152,1.9052482458583424,0.8875190289988123,1.8278775767032776,0.8003254404270345,1.5176722946228796,2.350134984189677,0.9674567395933437,0.7797359187879589,1.3551174667302124,0.2565617841806187,0.9675441079112573,1.2789201557653744,1.3311946847726737,1.649328807131805,1.5246475558032326,2.0115318176767114,1.7513771337637973,1.6912566775672924,2.0091161820504335,3.5356477398287356,1.7982416354940727,2.0280729809173033,3.891057458010389,3.7040642844649647,1.7068054346186425,1.7729173058025316,1.4043363807828502,1.2676144285350353,1.4863408349931702,1.5088685094870748,1.7718777103365626,1.547699968190508,1.7491759766765722,1.5817976516318137,1.635029786250848,1.80276452264326,1.7118744845957659,1.273055546450517,1.7993552023752097,1.6372380321048428,1.7019621550442228,1.8097805002811178,1.8239384011450108,1.7566692166734792,4.082649010919046,1.023538766336185,1.6025443016385803,1.3883158535102524,3.3822790291390716,1.8102231884617974,1.5816162012650439,1.3018766755697693,0.969128583771913,1.1211780564093428,1.3812766194590895,1.33800989377086,1.5345067161750725,1.3053375901541484,1.3140983839521054,1.0822703204836173,1.0206023925564092,1.0636330962776914,1.4506687571781498,1.6350600902120636,1.4494255135057916,1.5766641348105987,1.3669396851374236,1.5918960767823112,1.9983472991663196,1.5745020235744887,1.638887304655815,0.6059789042602114,1.3804366515065778,1.6215079125104146,1.4041845802575108,3.109198353554946,1.5156902556697645,0.8724517345383668,1.8045219967963775,1.3104396938128133,0.999848370628703,1.8512727669189968,1.432156526640034,1.3189831270152546,1.5845636999315176,1.8504950641739357,1.346277159397551,2.008098585456505,1.9632637401571198,2.159847284265598,0.6775948652716144,1.378626946120199,1.5995613590050723,1.0277809638502255,0.7458215407522011,1.3943255122596447,1.3781555955503493,4.763577336591994,1.1267094312437387,1.3233346224431775,4.169881902304607,1.7103686112698109,2.1795549439931214,2.328143224945265,1.4207558735212313,0.9846937985951038,2.774641438194056,0.9371458062006865,1.3532318439749622,1.8130838383944368,1.653059010904045,1.675832730469899,1.4991870809755903,1.4419354864510867,0.9192347338124375,0.8807581238838099,0.924913189547945,1.706693044940368,1.6100350331383873,1.6616826912415328,1.545005550882116,1.750275644840546,1.2448136969000723,1.6399685734328957,1.651179149057328,1.0055744941230327,2.4759811142495707,1.3918115883900382,0.9280884131435749,1.9952960012075966,1.3866589737925776,1.3698597098525103,1.7996853844872194,1.2036659641191814,1.610017479265042,0.8592050482460231,1.6784175375001076,1.875664629915313,1.4662438028740756,1.2019479859299147,1.497418143551052,1.8124656851770982
CHI:04,0.5158190977270745,0.5895916113222537,0.8341720547811885,0.0,0.6225660729888614,0.9807015204490294,0.7443180346638124,1.9373233695510996,1.1667718328316519,1.0149704763754541,0.8220914330906026,1.1905604851829967,1.8288208275849096,0.7798688964573864,0.77806822588726,0.7510559524331926,0.9032005446091715,0.6979554983192472,0.7810938996999589,0.8173483151124533,0.8976265929694411,0.8429482366129071,0.5692407585957246,0.9328698747894404,0.5026744807290285,0.8068308762790305,0.5504162027409653,1.3522901113805894,0.48861728643626207,0.8599992975098202,0.8661661386065592,2.4649420779370947,1.4977194642853746,1.7472680872748798,1.1701249799577609,1.349580119406319,2.1915005179685494,0.5093907500624631,0.6243190981258239,1.2194100502088834,0.7963510959218894,0.5439482193392655,0.6655619066230692,0.6305677947083858,1.001657276223074,0.8859108914543276,1.8606071069871062,1.1331298776296044,1.0317163636758206,2.0405214967982173,3.6320786166502916,1.1424772294860794,1.326870980214381,3.9358081015015958,3.688826366930242,0.941871842052562,1.6586080907090297,0.6893971035809514,0.7969838174486112,0.8173658520513025,1.13536902915812,0.9829272832528286,0.7579677437163839,0.9692062799468298,0.8120373204549504,0.8564067587893003,1.079786352312848,1.0947314058177082,0.7766181707763041,1.1216534892166095,0.8907828635347411,1.086927004625167,1.1281329081710867,1.2492396952830787,1.1331189336366565,4.238945451128297,0.7623718765273267,0.8843446116294313,0.7992777895626129,3.4454398975017457,1.090346382036103,0.8931851714382242,1.6034494059140345,1.3485666446410147,0.7444666949624521,1.149732402618961,1.0431350600519183,1.3928660874645447,1.1281939868077149,1.0545202974892114,0.5829400733208826,0.545779820415896,0.7961884851308632,0.8196477680120888,1.0709752598618325,0.8376656833999867,0.8267468903240611,0.6895599087463992,0.934640521729865,1.8994226325427586,0.829690468678156,1.2368811368727919,1.0607468291636195,0.7025369315618795,0.8940783573939909,0.7229056151564316,3.1703215012125194,0.9086885900695033,0.9257645422500956,1.5365231050339758,0.699233716569539,1.07978709208893,1.100275489831151,0.7190739903853086,0.6117978944731391,0.852720411303397,1.4257642709821288,1.1520619821050573,2.0185006487432426,1.9178026343345402,1.3529541044737228,0.9275619435721989,1.1595226840573585,1.4541849807483027,0.582601947374629,0.42692824741915425,0.7302873691835419,1.1911478259086057,4.663754441665197,0.5874226923156637,1.0874766133008247,4.165430307867875,1.4013430072390247,2.185916802246127,2.318963837207007,0.6577133410578176,0.5216939928343903,2.8257566126445006,0.8633490805125243,0.8283893333005272,1.088095420474304,1.4159886970838143,2.0193601006154314,0.8412955407376685,0.7035029914852198,0.9851159172749994,0.5586674410015575,0.6944303779897273,0.9704778561201959,0.8768485375007592,0.8488304413153375,0.9550759848327574,1.0710806294103778,0.638720048397228,1.9163550231667736,1.326501738958572,0.666422104703769,2.5181250048929917,0.5973536851578416,0.9553296370435465,1.2320755295211747,0.6474257129062555,0.7690762095370501,1.0852827923361656,1.0460733147630457,1.064226053929275,0.6313002656872955,0.88946375845051,1.1080384450388556,0.7466254702849942,0.5304567740745064,0.9196350511133569,1.0846364748987067
CHI:05,0.5116634709901566,0.4867961467679629,1.2562454754879169,0.6225660729888614,0.0,0.7268406550789254,0.6004983366008853,1.8618486558589986,1.1358870551930724,1.097867108195246,0.7085517417425452,1.4785771354544275,2.3131161387255945,0.30722732949477194,0.5410618309433114,0.4441229624101688,0.9642226150394166,0.6784805837989959,0.47790950803464427,0.480787352685661,0.4657235940920565,0.3489157169826413,0.46771990126468876,0.5379225863906525,0.5791415904190681,0.6355273881640848,0.6954360575823805,1.4581030258270868,0.721926308340398,1.2286297578224175,0.9730640319263136,2.521084011604718,1.703264436041246,1.6030876777276934,1.619748624160052,1.7446895974110936,2.2200613577663937,0.8603993314912964,1.122014324267059,1.8009266685270184,1.2339718216433415,1.0177615842445515,0.70162858771146,0.8377588577013193,1.006055695727768,1.1905549808595228,2.2423570339500527,1.176737817594212,1.1976124307131424,2.478677395518563,4.071823298139039,1.40281946375431,1.4708068798583864,4.399852942850578,4.09979288435021,1.044142535525817,1.9631793188252062,0.6371033751939739,0.7028492893902609,0.4552751119415944,1.4246592476823587,0.8411457822251875,0.6291396730090237,1.0448349879405476,0.9611712977352276,0.8616055562450233,1.1407815016213743,1.2459856337154598,1.069252658683463,1.2739314980988121,0.8733645780671851,1.412504955712697,1.1424328795827676,1.5927312761214047,1.3733361482877504,4.708391824932983,0.5459803738743995,0.47099945939558113,1.1148249591464936,3.8922469289180577,0.6677846579193379,0.6995957375161188,1.9136368617830983,1.356943733298471,0.776865855142726,1.1102927951132961,0.8089942616719116,1.802526877540035,1.5211687362380093,1.4898724123230442,0.5567741045054517,0.8164402415136706,1.1758281856119261,0.7823579630070038,1.1838208402442632,0.7130188756303935,0.5306398760105477,0.5285481537935949,0.6761743176153341,2.2658942910231805,0.7899558297872056,1.571878431919755,1.3017764119400441,1.0023587956786986,0.8640731678176029,0.6195023122439289,3.6258356170302255,1.114025363174594,1.173082294079317,1.9064334468127448,0.6124620713426535,1.152439990324562,0.8584746799429992,0.5546721472965888,0.4584189349277764,0.7864393991392151,1.527042036396649,1.4561637714087388,2.4637993731153207,2.3502408581971097,1.2633354932918857,1.112107871131756,1.571088031198486,1.8901389224106095,0.668430568789395,0.5396650445563216,0.4998878181079546,1.6703186202178102,5.131480581107165,0.5364828596856283,1.4948783532830032,4.654698667373143,1.3468812908921266,2.6596563116935195,2.7222409137159014,0.39567244126381973,0.5001305070094056,3.2775446091006417,0.9222392183097571,1.0540642132829563,0.7108481049058298,1.7767295999106496,1.919874924479778,0.8897375786126661,0.6650422101252554,0.8904690995491493,0.7914273455336078,1.0002756613394832,0.5595663443683224,0.6584269525727505,0.7298307630461907,1.1580759034438828,0.7437502962361154,0.3741365614070574,1.8627635486159924,1.701339806866939,0.5613652793087825,3.0032625793922656,0.5440106200457131,1.4124804968479714,1.015755934767389,0.3219339501586976,0.8411425315834526,0.8667787795363407,1.2965626763606615,0.9266614133678315,0.6853895885489705,0.6059380033216846,0.7053226365339127,0.4941526304855426,0.7979980300242686,1.0545763118709905,0.9371271458052916
CHI:06,0.6014441243144955,1.0884252408893662,1.0922525938869057,0.9807015204490294,0.7268406550789254,0.0,0.40955835736206175,1.2611506064919913,1.8189132294568016,1.7310992605765965,1.3346880343062457,2.037645804918136,2.602661973439411,0.8336292597863851,1.1820829295122361,0.9649914027933215,1.6161760306828632,1.3377629517264025,1.148622899314667,1.127504007251656,0.8214340592013807,0.6291917012258487,1.1301409843929646,0.5667063847027953,1.1712216773329447,1.0974650076643286,1.1053183231845927,1.2264028266125266,1.2045387505695457,1.5676346776350665,1.2022711243319286,2.046065410895296,1.3642931487107377,1.5796768773584655,1.606646669197219,1.9490530305115126,2.434729107687297,1.0786745618602998,1.2683038824895858,2.0889415751729032,1.109929402588968,1.308350532966427,1.0657710298091836,1.3672961911878565,1.5690509503000138,1.7179383229214817,2.625698910446077,1.7025285966119594,1.7155486130477753,2.7820668856987423,4.353299490827421,1.9995354990565661,2.055590220554913,4.710417780302417,4.438276071422791,1.7157093795053535,2.3041129645195,1.2635856649417194,1.1292230111275596,1.0454813960129845,1.8727998077874897,1.471891616861067,1.2781101102868426,1.7243432909295824,1.6210018275740377,1.4634411069054738,1.6992994355584377,1.7254162996338362,1.4911188707415572,1.8810934829953305,1.4331029592275366,1.9826171986970773,1.6898284256806304,2.161628051360035,1.9488174859432459,4.979450726663528,0.34126833062703366,1.1197235894783637,1.6173532832816584,4.180881020914522,1.2569424387377306,1.2098480508722034,1.9718458549744853,0.878516908803263,1.1514658723458002,1.3719797531615316,1.0339568426432575,2.047691149729831,1.8698266102306627,1.8045309627089041,0.9935174324978506,1.131410157346079,1.5160630708311686,1.179744213327537,1.6382764266957481,1.085812564887203,1.1942747081586211,1.0969529725580576,1.085637645589057,2.5619541808716937,1.3666559912170875,1.9406283973880551,1.0671586256060708,1.5549711032942057,1.4652203008572915,1.121550218141111,3.876561351354253,1.5770737856870882,1.166866053454109,2.2685691098489658,1.1686253653218126,1.028068049586144,1.416836313209174,1.0886183042548279,0.9702429549714705,1.4107475210726803,2.026493592813894,1.815322150918072,2.716997488595764,2.5908388012047374,1.906071967324741,0.8877442600863501,1.8789829108987544,2.224188706359236,1.0620477645825797,0.5827817245686836,1.053246121050651,2.0024373028300406,5.534660250200411,1.014071392684009,1.8358975610837789,5.001810859234378,1.6960316878446717,2.9657095739605865,2.9602476151969146,1.0586328992723353,0.6497594245280738,3.5481110431104277,0.9394722812201814,1.4788840122393652,1.2629773738533427,2.1456199471314794,1.4278713201508453,1.3826447862314581,1.232864009515688,0.5302053571758817,1.054286942237735,1.269955824046364,1.1739245574447101,1.268055473851604,1.4057345013368403,1.6187025619321473,1.203850539371705,0.7706199656088651,1.5724050751062848,2.1721979316914624,0.7234247172441978,3.2775336850386556,1.148395036228561,1.5544152264357092,1.5760699021796323,0.9669990887233202,1.4146937153272543,1.3809475901488155,1.6056004716199905,1.4457527340657645,0.6000167948166666,1.2628446861097287,1.3466664773284174,1.1234596577097469,1.25956734832157,1.5745121777874664,1.446839842251313
CHI:07,0.5137397082329507,0.93275312241714,0.8927057111311844,0.7443180346638124,0.6004983366008853,0.40955835736206175,0.0,1.390755553860969,1.6226024022922314,1.4893262871995567,1.1006444504696884,1.7347630020862284,2.2515456571845003,0.748361836491929,1.03491872657213,0.7647886098106249,1.4198260555441908,1.1467404821278169,1.0036987499787693,0.9856365970349433,0.6137945872037669,0.5257201998017831,0.9003828404233691,0.4419027165375105,0.9170784906678521,0.8919059899250095,0.8513873835590767,1.0614633802002047,0.9275929615609884,1.2240079117111535,0.8262415409112066,2.0536012571032844,1.1541062916132505,1.3936887285601718,1.3088033713282354,1.738751943102652,2.1433854824183323,0.9282186553864645,1.0349117751468624,1.8365006314281132,0.9526905955175107,1.0759496149683956,0.9256202100285215,1.1167115023815095,1.3114599266790576,1.4692080158845082,2.2568165642140463,1.4643496370271414,1.5142790053364323,2.3934180938378025,3.98151612684376,1.7286772856244654,1.8520873267474163,4.352752928838589,4.073155409954539,1.4617710396028245,1.934116917035001,0.9829639617733393,0.7906349817821666,0.8397728759926945,1.5201656144341238,1.3242938600407723,1.111216700225486,1.481938667085974,1.3796765677497385,1.2960972423344193,1.5258528892904053,1.5309358308720151,1.2027048207066657,1.601296457407397,1.275892191306615,1.7032946718440607,1.4846496320758955,1.870844954112785,1.66339451629196,4.606020087437037,0.2973554563280147,0.9685557745479672,1.352815128323553,3.818221995970261,1.1498335350455977,1.0714101985158193,1.6215920103936046,0.8658237974264359,0.7942792864715096,1.0663142436696995,0.7989958588664171,1.7727120619471513,1.5042845353729717,1.50607057462898,0.6677620810207607,0.9449200422445498,1.142001437469315,1.0527515131886969,1.3818488234626662,0.9731242323113287,1.0437860145235964,0.8711764945527934,1.0419957536719313,2.2202550488438892,1.1795938841165743,1.6955442258607372,0.9115066648799605,1.2764682945326409,1.2285676386488464,0.9401745281380108,3.551410004961986,1.350529756257761,1.0310937018857524,1.9529076965091214,0.9103071606442298,0.8999936961028053,1.3259331616481695,0.9448846798688934,0.8360369928806354,1.1615213017649553,1.6615655533791556,1.41333460112093,2.38289095861791,2.2977637495481122,1.7798279087384328,0.8229631140940711,1.5652849613760036,1.8775099913320168,0.7216541304241356,0.407760138153834,0.8400863164827257,1.6803781276799943,5.208680468428832,0.6895162800639614,1.51850391872958,4.661050835732215,1.4342868275610043,2.620242037021157,2.6569568984141263,0.8957699306078644,0.6101538506199341,3.1943362018872095,0.7318143972449804,1.190503548497985,1.198288806216228,1.7918501792656796,1.4944752684658495,1.1692788624050605,1.0330368185295953,0.48279760374647024,0.7265682169680155,0.9686542950046138,1.0697944382377305,1.0855229124883283,1.247783728206227,1.3817251915948732,1.1426870140922052,0.7239978619931987,1.4901725998775446,1.8003647708764772,0.5162686148200575,2.937987517649049,0.9983997581779713,1.2413385766173948,1.4976795179795859,0.8264361778416134,1.0900676722256661,1.285166131082306,1.22024614030722,1.1349358511307208,0.6013885388654746,1.14938839462683,1.2453701470842349,0.9206798154612614,1.0215560990801247,1.249104693803142,1.3618629630026862
CHI:08,1.6818011768762793,2.2680734009084924,1.5031932204969511,1.9373233695510996,1.8618486558589986,1.2611506064919913,1.390755553860969,0.0,2.948402852645942,2.8048712714944553,2.4469986804598856,2.987725882484655,3.109114826194129,2.0531228481763093,2.375029527881623,2.0790335104826796,2.7521296266876747,2.4806342060328843,2.3259700233769314,2.289196286040791,1.8440167511113605,1.7680853752315357,2.2433876238156962,1.5133025942750762,2.2703871065624144,2.1840387980127005,2.145133372209399,1.0841745432730887,2.2473933783604676,2.353434872326598,1.7658379212434743,1.0405767370831482,1.3373589409269575,2.054285787984113,2.0718607588205233,2.7914871111119792,2.9854323700637293,2.1082306608497374,2.1341375367372484,2.8485023187725433,1.5207703177058864,2.248379812096974,2.2408253494171024,2.444787195696194,2.568982746164658,2.7503959548792674,3.273402693371522,2.708106846871183,2.810375379228153,3.251935381376066,4.740213715180819,3.024833085542751,3.1893888195592712,5.204236114592419,4.97291903783168,2.7625268852317513,2.847132993472298,2.3275579661712205,1.9897763729441285,2.182888546142998,2.6888598396591363,2.6765067903923594,2.4416403900197268,2.8055273528465245,2.6455099701624962,2.6469387722787965,2.8626163685024197,2.804446702396079,2.4144198737703486,2.9480049713101257,2.62152175715704,2.971314668396466,2.8066600248240126,3.1381830363972436,2.951766742763659,5.226038085266139,1.5394668409167749,2.2372031910180805,2.540269470252857,4.657452949400921,2.4147163378316487,2.383735535737417,2.0705521837810417,0.7604899418510974,1.8686862591680669,1.8574605977870984,1.6115444074229202,2.8989874653118246,2.4894788358371596,2.697919033949398,1.8352804754074181,1.965450309743875,2.304762881356333,2.3920756352072705,2.7440659841363,2.310733837600553,2.2702498331494034,2.1580047611934963,2.337592529432983,3.2904620799057174,2.5513205928727927,2.9637956231687577,1.2055665238419855,2.574650950385035,2.6090025391935723,2.287338465573313,4.435628799586655,2.698705085337003,1.5582841758805333,3.1641060801971093,2.02639839322644,1.3746408164194515,2.6507068639297517,2.26726050385807,2.157134616132114,2.5228250562243413,2.7689359500150017,2.4631975467241936,3.361011702439206,3.339929312447895,3.1084649270951905,1.1821381419688535,2.7387003216443797,2.9661508159112375,1.8468303517731974,1.5515238532971496,2.152924705346669,2.7877044206331743,6.181908831142611,1.8914302855209932,2.541631841009969,5.550161245198729,2.1263373707657975,3.5073031707843074,3.631405778982095,2.204862443191544,1.691469348001446,4.1003518899526235,1.4578629580244338,2.51191634146064,2.440165911978357,2.9605550585124334,0.7734685127321901,2.5144755852720864,2.40392446614146,1.055896077190311,1.834013564648604,1.8795842625003627,2.3583067924325865,2.4144920780672883,2.532467231580405,2.7181970800301283,2.4481802023532326,1.8749970815430135,1.1740772096983498,2.9114264477046228,1.5648359576272408,3.8522194819813365,2.3065365759504326,2.2880815753977197,2.8106872854718428,2.135284997570348,2.2639854040852554,2.590964340127425,2.1520214702885037,2.3238233780047333,1.5029744906967886,2.4354697559556766,2.5287382211838865,2.231494396325114,2.3422767025050852,2.582140150328833,2.688753184957358
CHI:09,1.4383823336994828,0.7727274352209167,1.9670623897874462,1.1667718328316519,1.1358870551930724,1.8189132294568016,1.6226024022922314,2.948402852645942,0.0,0.34793117209113605,0.5777186529125876,0.821186420000222,2.236144602510357,1.0578429144921497,0.6680953763791365,0.9566838724911128,0.33146331042078536,0.5336789171422275,0.7622851476484387,0.873930376093535,1.2557853405302564,1.2983520500386547,0.7578232924316275,1.533566300464956,0.7603846626264945,0.920988501782069,0.9606178382965196,2.292776945246289,0.8567765127631002,1.414549114032525,1.5871988194044953,3.447142791565507,2.468398849154604,2.0528715801297635,1.9758716936907277,1.5832077675997644,2.1447092003194688,1.2088490934203244,1.420291008828157,1.650807351828014,1.9512228493343804,1.163713615625133,0.975175015112818,0.6937691706319439,0.6873051116796209,0.6928210828494484,2.019136259176794,0.7369103604718416,0.6338888554937953,2.31622781285872,3.8095220023778373,0.6272170669433804,0.556829090633389,4.008222548489983,3.713200685185004,0.3686266247449182,1.9947406835363055,0.7867324340648133,1.1624142482758468,0.8912616778207866,1.3453167336021756,0.49863258460776194,0.6898228026569437,0.3699644508156734,0.631859286789417,0.5379318632034544,0.49218266600347327,0.7452717713010796,0.9684485677161455,0.5357239765203912,0.5527901288424021,0.7474256964163638,0.5589512144092726,0.9223728677022635,0.6703463335008252,4.458521558037182,1.5490488788210783,0.8225966666392586,0.8441763548527068,3.582898008054637,0.8039137558222919,0.7636861631418549,2.3062507207486855,2.3346648649456285,1.332434115505554,1.6107078632843654,1.6242073135393518,1.7202451737732862,1.4806855047540637,1.383792285425967,1.2229137486266877,1.2178292036448628,1.3294040081658047,0.93396397473221,0.8648934619370139,0.9926517333335724,0.7565829655105154,0.844518482179363,0.9737937288624977,2.076982102801326,0.5870005372729781,1.2743282659169006,2.100849630713058,0.6847529264622623,0.5346959110229716,0.8017414445326972,3.3524907549291547,0.842058341922986,1.8131643506181683,1.5584409363216014,1.0642769017574658,1.9002904995865446,0.6655167019272047,0.7901800483589214,0.8876315126569599,0.5395141681229438,1.2691540748101084,1.5093183396469483,2.3018024006039877,2.174345981441984,0.44534299314320147,1.9838601311509705,1.4843484189580707,1.7251567883653618,1.2523891165211807,1.4548750753083004,0.8679483870698101,1.5575222793586188,4.530417996619813,1.1585869299836409,1.3746884398008319,4.1747108381282105,1.6800930874073758,2.4775246472175274,2.561556139984355,0.7674329631553525,1.3489199347015006,2.992471243488289,1.6787069913342336,0.9139163942903109,0.8063451795387093,1.5601936938603107,2.885222932206614,0.707968275387972,0.6771100589206759,1.9107396307380489,1.3074826770802017,1.4286686140771085,0.7805751277707211,0.6354343403285243,0.4532899946012595,0.7985226046324168,0.9093154393491776,1.1547602237661259,2.6894782260796406,1.4203027458502633,1.4232132079474378,2.7398412775110943,0.7053194159932334,1.6037059921733903,0.6407097554911132,0.8568226540373619,0.9651386291640953,0.714983787276482,1.5358816968834723,1.0255085564307003,1.5681464369495697,0.6230704512090479,0.7197293156058908,0.7628148772915466,0.8406366924548982,0.8110804910713552,0.7289883426771219
CHI:10,1.366016278691892,0.7517401336281371,1.7526022859900805,1.0149704763754541,1.097867108195246,1.7310992605765965,1.4893262871995567,2.8048712714944553,0.34793117209113605,0.0,0.46378063404020364,0.5449895948726313,2.043167259606191,1.0593637868578782,0.6963025962048647,0.8485165916767032,0.40329973098588706,0.5468866392690194,0.826595085774498,0.9480596878876455,1.160692320527216,1.2274730489486312,0.7090456547844878,1.4277620201789392,0.6457207712863358,0.7596745904586022,0.7310745264995325,2.073473355390179,0.6330259952534891,1.2574317528864234,1.409171975462266,3.2299213611818365,2.213419988654953,1.8226623212683726,1.6759846765769615,1.3012256853319166,1.868128202580654,1.03046003617592,1.1879290118081143,1.4450160037573545,1.7639363200440272,0.9202054396917132,0.8606912079706289,0.47193326685256054,0.4254115935012451,0.4346703417092358,1.8618520112905241,0.4625048254575538,0.4242599699208013,2.0667563375745797,3.6257234005115038,0.44179534685815447,0.5376575088048119,3.838204832319942,3.56664237047833,0.2750934683123792,1.8525022573059597,0.7252193388400526,0.9734534463754303,0.8417033992263845,1.2188839794164474,0.6368593914602836,0.7641372922637926,0.41973627067391844,0.6479879916443689,0.5993540137077322,0.4466065023973837,0.5216169839010986,0.6415092879505515,0.375329283200854,0.5316097464162076,0.5394157852813527,0.3828833532225586,0.797187380717858,0.39152749298335193,4.256312793835254,1.447281818674004,0.8180182390929583,0.5399583412931579,3.4031649364968515,0.8573683166292002,0.69088657485848,2.019168777273058,2.1443786934970914,1.1603919032480223,1.4138778218812766,1.5254499801959402,1.5580136515483922,1.1674801554788827,1.1800878824313206,1.0783218523246585,1.0103101736714888,1.1037273155883085,0.8855649788574851,0.70388040834243,0.948887239338148,0.7390145464100374,0.696980607101273,0.99494435084424,1.9100794169260744,0.5619058310335563,1.1498351686129766,1.8733079566124191,0.4397710291575808,0.4626382156647853,0.6857906027096965,3.19313739540121,0.7345445638360202,1.598176533729038,1.3716197196580484,0.945558021201242,1.6806891456445072,0.779395234014012,0.7139876923974274,0.8137199816238919,0.42394423408177834,1.0322882789189516,1.2651683124181679,2.1120580140694205,2.0111719522473135,0.7407438556310616,1.8058682292928554,1.2944685210973117,1.5309174681997402,1.072922418432867,1.3157205604506592,0.7428770597599313,1.3669996485050906,4.429764648663698,1.0135246394091508,1.0374890197015745,4.027696642162134,1.5248428784928856,2.306864294836637,2.4250531321588435,0.7275004371516645,1.2374877741578272,2.793950822043986,1.4726391792153202,0.6548310181414065,0.864008958900895,1.3684984135798879,2.70140640663856,0.5254914769983641,0.6050212835506843,1.7567481904634776,1.0613436284839208,1.1836459324809603,0.8356217645051108,0.5789566392852474,0.4982537233743945,0.6004315649136043,0.9617684360878057,1.0808469308061492,2.4764540843056606,1.2200694525034315,1.264403005786166,2.5468332205200666,0.6632031874712199,1.3250671372647607,0.8048872363136081,0.822855852170881,0.7994242189232178,0.7410537207787022,1.2694792944516875,0.8541931947969765,1.434397526983574,0.6951765133712912,0.8641864451562727,0.6776488203710708,0.6497611597357077,0.5695738121064713,0.8213742509261367
CHI:11,1.043331884343406,0.4618367707272796,1.557362470369692,0.8220914330906026,0.7085517417425452,1.3346880343062457,1.1006444504696884,2.4469986804598856,0.5777186529125876,0.46378063404020364,0.0,0.9024221408842128,2.1409255394507456,0.6449502732263155,0.3627656280392292,0.41503129681470696,0.5176174186474002,0.39186473832439334,0.4939556930582526,0.6115585214894274,0.7200298528539426,0.7882022942237601,0.3882383661173235,1.0103880654192239,0.38252487136708213,0.39121005928288477,0.49487475131874975,1.8154206825568384,0.4523714233659005,1.1672574710781278,1.156299933449512,2.9524520844212794,1.9489996404857863,1.5467188064472306,1.5844738512246557,1.4107354927399138,1.8244661401177475,0.8846966871487997,1.0946911319388861,1.6042386756537552,1.5855985002722168,0.8803709327057336,0.609918260333608,0.4135294877474694,0.4229051155074795,0.697331126839536,1.9675616369453628,0.5797270480257313,0.6508730863381754,2.1893429558098405,3.781806636454318,0.8361119200212076,0.8825669206357772,4.048260220789004,3.7498812904120826,0.5214141510568069,1.8411376576736906,0.4424640991981096,0.6548999138438937,0.3812451104270536,1.2109982019671803,0.49233886402867677,0.5350629870711365,0.5751367868977999,0.7065788025990226,0.5272415117974273,0.5989872141952898,0.706676794315714,0.6721349816882499,0.6511627754422387,0.44296921889132007,0.8967529796274938,0.5015843827965596,1.1147751578832168,0.7668191458198436,4.437820986462306,1.0510002973372905,0.4209661301666862,0.7154227903862845,3.5718723643403547,0.4982009885631196,0.37691355561009576,1.9196763451202445,1.8208567568232243,0.9013157503847777,1.1885997605476408,1.192603726533306,1.582390304422583,1.2392015530070755,1.220555262247986,0.7807682901736446,0.8914051238201927,1.0188894194061922,0.6388172627134899,0.6676198414088803,0.6410672269095602,0.44977055870854893,0.33532647983605707,0.6794365850966853,1.9704622866340182,0.3706399378683151,1.2303581338283762,1.6459226677033643,0.562006387842804,0.2883467186546635,0.34365404077020895,3.339872080525016,0.7313074149231997,1.4414027182000813,1.496881651835418,0.7109325528526415,1.4396188539230836,0.5696812616001578,0.38034539666411815,0.47898368581137807,0.1268936036851856,1.079526365109084,1.2292920137895973,2.201918637558718,2.093165214632066,0.8496262939922108,1.5648472868007552,1.3170210502322968,1.6152344824582858,0.8170283733410375,1.01099182019368,0.32723066132251527,1.4431338995403973,4.727365104194619,0.7078954410050472,1.1607249064744558,4.287075086974206,1.3839429797226985,2.4384271426873227,2.4945739322984255,0.3637987245563143,0.9500841616744441,2.947113024881332,1.2160508501097826,0.6027542832780282,0.5661420878446063,1.4352898111257095,2.37002337100419,0.3860406819667139,0.3247421888294475,1.4078326864644781,0.8445566510743812,1.0615167082714911,0.4631118615090978,0.1918803125171806,0.3893514843173609,0.6597662579180122,0.6327167828332991,0.7643639972891821,2.190032246851581,1.3623772459715702,0.9420761699619032,2.7065625476357944,0.4284631547128183,1.2640523450254944,0.6895959793014235,0.44585764626148694,0.6678445163600444,0.5255784337242888,1.1765621728759506,0.6152955419258335,1.156138232246282,0.42702636281248846,0.5610376539878394,0.26362993574539445,0.5324896167470413,0.5167168242975169,0.6688649169030477
CHI:12,1.6369556473504197,1.153867426190157,1.7600708243947614,1.1905604851829967,1.4785771354544275,2.037645804918136,1.7347630020862284,2.987725882484655,0.821186420000222,0.5449895948726313,0.9024221408842128,0.0,1.6757922974675952,1.4853531650290797,1.1652360003279738,1.238914081284593,0.8140600731945002,0.967012503849818,1.2726824010968432,1.3712713758460866,1.5132921018215109,1.6068431182080942,1.0755601836207458,1.751656580204107,0.9552899741959042,1.1267678192114012,0.9670832419973812,2.137289616457906,0.8426601612219761,1.1837212317036163,1.4742516293255923,3.29160261210208,2.195501512981965,1.9595541097560805,1.5008618283188093,1.1339691159976362,1.7713212472319158,1.2030784136858257,1.1826959277682196,1.1642370870825374,1.7931735343556183,0.9555724012956369,1.182136680118917,0.7223151451839478,0.726968693133707,0.45964299371147593,1.5176792158235972,0.7042900489146257,0.660343281415306,1.62177771301292,3.170410914431824,0.2986367558826214,0.7026333116152675,3.3647734062746704,3.1293175898815244,0.6027529979553734,1.6320129965002002,1.0243217050226903,1.182705043645082,1.254338684483724,1.09165578767627,1.1091140599912763,1.1705539216151115,0.7329912554352994,0.873026030459978,1.0003622480384338,0.8236874748856219,0.7256129499182062,0.6461826459709072,0.4603837798493069,0.9671861069158736,0.28572298706367144,0.7585241272696002,0.5225603116615067,0.17636499014355828,3.770168102502146,1.7463909224704544,1.2855771722535894,0.5440659043726745,2.9489315873069475,1.3667077168198754,1.1434520255974987,1.818562540460275,2.2928252719474247,1.2949686555347828,1.5203771028302668,1.7596848240280247,1.3752050243108562,0.865785094955971,0.9977991517925893,1.2881928570261014,1.1787755166431013,0.99167435798275,1.2347239815436963,0.8445359112852993,1.3183902629160331,1.1989603901559236,1.071268289277985,1.4359943398988686,1.6088222587001584,0.97503749682494,1.062572234089681,1.9259398322628805,0.5319302994293537,0.851305125719391,1.0790432358167095,2.7885240409636536,0.8850734542299803,1.683692899770523,1.0808725613638448,1.208733558596612,1.8131239809564732,1.2803974564509915,1.144088211502139,1.2128747750719249,0.8388237175939746,0.8991636939901437,1.052819610581628,1.756404954006604,1.7205952670269562,1.1762934730233852,1.9369953718944115,1.0998470447475084,1.2118506831311835,1.230722169616808,1.5449987033153978,1.134950048908111,1.1012176367075899,3.979361047019474,1.2382672242303583,0.754632775500915,3.5507947616082625,1.6280174665670846,1.9164493989195643,2.1294570477652233,1.167329096345271,1.5353480191048707,2.3518172046968138,1.6231043130393676,0.7258136013333237,1.3839501517190311,1.0855784106232387,2.870834586486084,0.8576539135480623,0.9965589893511907,1.976613856183078,1.164049805222135,1.2088175260554945,1.3396063980589012,1.05666374712611,1.0020331029952574,0.7293796353300949,1.4362528319480483,1.4599883038620587,2.583261667191688,0.8738095060407985,1.516092647008715,2.114239483743475,1.0816347954717638,1.1648768088187071,1.3083997419732112,1.2543414071167454,0.9484146548874851,1.2310811537233177,1.155023536965414,1.0795038402319386,1.6855080449115516,1.2083823261089628,1.3835159215658823,1.107585979547863,0.8614496021968041,0.65016551706393,1.2744576660457578
CHI:13,2.1488216137051905,2.153389797106898,1.7965308188902187,1.8288208275849096,2.3131161387255945,2.602661973439411,2.2515456571845003,3.109114826194129,2.236144602510357,2.043167259606191,2.1409255394507456,1.6757922974675952,0.0,2.40482909797,2.279679009478263,2.3066430693482554,2.052330308550019,2.0664670647284407,2.258625424343507,2.253601391158026,2.4044163686558284,2.4846214977730536,2.0182605156186924,2.5140923771826413,1.906771672828326,2.3004500476004592,2.0144684350634603,2.3617399766815605,1.8515036509952554,1.1308451506421269,1.7119960047084979,3.3349850173021665,2.1549427512904185,2.8255655568127644,1.5547926474697258,2.002161151842602,2.6774494873966534,2.022071596322873,1.6912495174242377,1.213889222232198,1.829704125628465,1.7732462941853018,2.1932536183186104,1.883641008746507,2.1535835062443693,1.8060331298249346,0.553530644550659,2.234369410810561,2.1240760114107085,0.6998475565604209,1.8404925842304611,1.7509177046169337,2.1450718951259518,2.20828437458076,1.9802291786963977,1.9172573424017263,0.7907167720945463,1.8820545713557895,2.0319435017261447,2.2789508560099923,1.0730747979384017,2.280654156250282,2.1184071276990872,1.9080879405542648,1.784966985889752,2.113204834327543,2.2295450121984866,2.2040935408091933,1.831837263147253,1.8115180648216553,2.2308111253607152,1.6307520400805675,2.2648242412043804,1.451329744085712,1.7832369293089103,2.458586632691988,2.3810272312821503,2.423707131822033,1.841020340611945,1.708684678976021,2.599869786875597,2.405647678253363,1.626434746188346,2.6118839174095183,1.8499186130368688,2.1546622927887986,2.281303317725309,1.2440221916332095,1.3729039919580512,1.2517074656189555,1.9436584868428657,2.1012418999198585,1.2138288273536177,2.2313166097599764,1.9269546417371712,2.3022380659430906,2.384913765310929,2.208649233602148,2.5012101614703823,0.9460806780071492,2.132370053892056,1.5773161407970937,2.1852245279445808,1.6946132981733486,2.0418516955858927,2.2239886771574393,1.5945281675611178,1.8341837518952446,2.2483314722056873,1.2556279658750233,2.084302548707233,2.4424720642469016,2.5248661523916445,2.3045098187628423,2.2654109392480715,2.0647424400913947,1.8039124836040177,1.1491725290516157,0.7907291284516818,1.1114806797180552,2.4719099816796937,2.2978597956846567,1.1361510921598874,0.7189853485860813,1.8736047199341406,2.1292674103957805,2.2564672718283276,0.8650092333135949,3.1071605976057017,1.9545713908681803,1.6262740184380395,2.4972628508410017,2.316191812776296,0.43531190999992936,1.14797653773141,2.261720689905296,2.332460132863502,1.2550620961828725,2.2574127172711944,1.7859456098682926,2.6686874142912242,0.9782458362493021,3.253369926817249,2.114959433122003,2.09504739287428,2.473548783016738,1.891402277498356,1.8273333659926252,2.514590726819384,2.316826684364953,2.2843751822167735,1.912431062918345,2.5788583391213455,2.437927002871823,2.9695385828874037,0.9136252282000795,2.276233779465884,0.9564446045858448,2.18610499648822,1.4219591096312625,2.6139545818732772,2.298123913625694,1.8062011106840101,2.5528340712232733,1.5438081464644091,2.128519331707978,2.3669177004135946,2.4285996622189,2.55797286586306,2.257782106754677,1.8663186441538215,1.7330311872357185,2.4687925454431188
CHI:14,0.6287993588351654,0.4027892579668114,1.4287618283065122,0.7798688964573864,0.30722732949477194,0.8336292597863851,0.748361836491929,2.0531228481763093,1.0578429144921497,1.0593637868578782,0.6449502732263155,1.4853531650290797,2.40482909797,0.0,0.3956782774592931,0.4266879605331697,0.8934717405206486,0.6231180452344858,0.3599081595052981,0.3778927989423376,0.5350668883061318,0.3930284109202139,0.47367472608852573,0.6947985180659347,0.5759388496846712,0.6016745400457423,0.7197109661244796,1.7052430497346134,0.7425912616929681,1.2960525170185668,1.1798716725737681,2.7435720339372702,1.840324294491314,1.6447890654298463,1.714513005506172,1.718827136042884,2.234149682062074,0.8733993025976163,1.163282923377278,1.8485315232487871,1.4314228131129638,1.059955123734875,0.5810658963202207,0.8107400683086163,1.010225851440012,1.1707032602096086,2.2879743057717583,1.1538829580425412,1.1214915627874646,2.5681535924231755,4.125334704733813,1.3790515072598684,1.3599744909346363,4.421826163509243,4.112222646455933,1.0460451509729445,2.0563439520574143,0.6351100388660555,0.8369820866358608,0.3605591047142164,1.4642500495292283,0.6697425347650231,0.5340192470946239,1.0139832744456978,0.9981583669533726,0.7278179128198861,1.0098064286751653,1.1686434368282557,1.1125804976289382,1.2081765440949175,0.7253778200058205,1.4117191118516494,1.0345540644636495,1.5825957392728627,1.354907703238435,4.804726179647049,0.5956508179747053,0.4451916330436296,1.1851397972255486,3.9193423589891316,0.5288969738054747,0.558462869197781,2.107426338505479,1.5554535933505302,0.9906338412744251,1.329171361778176,1.0574453946546483,1.7498091495648564,1.6503952717917152,1.4639897750313358,0.7889639455840147,1.0009616714006062,1.247672034960004,0.5812108195897203,1.0407788146041608,0.4872023901877806,0.5863342338716693,0.5776812913416365,0.4179632355863812,2.2383518863297085,0.6350954232181889,1.469418083683334,1.5292490383717356,1.0111628506498302,0.7397688528943678,0.5017638961807196,3.6189924501018127,0.9897574377999208,1.4187808744919252,1.8439273868383672,0.8384551326723242,1.373147410888318,0.6318042973004654,0.44607942850514115,0.37316101737882107,0.7087114830153592,1.6008561938189476,1.5570676204254603,2.46398292033239,2.3090780963575703,1.1102734286425484,1.3615039008420686,1.5467963962737583,1.9069969179675388,0.8949566504549761,0.7409622959159042,0.49358478618634377,1.6951403083629093,5.127660044225515,0.7500086767530831,1.59446097062605,4.674159086082072,1.5788415221853969,2.7199813987753734,2.690272536562177,0.3835043868350881,0.6753122830187352,3.2863718188990396,1.1661115908019486,0.9944455165329277,0.5676951888140193,1.762046857323691,2.1093518602292414,0.7776454512315513,0.5382399824481381,1.1069125696604711,0.97132038249986,1.2278773087943577,0.4011561766560915,0.5570828052704937,0.6991445966836658,1.0496143463346275,0.4670047798900017,0.5133809791195518,2.0780931982507167,1.7754716438184477,0.804228726840816,3.022820053938656,0.5030177404988554,1.448437135853789,0.799971190339314,0.29156831665551475,0.9957779135546868,0.6687287036679251,1.4678705532243939,0.9955449589528049,0.8759244483554953,0.5100766329318625,0.5422691037716311,0.4858136073909295,0.769692085028394,1.0166123815733867,0.7074317493914067
CHI:15,0.8570261613350302,0.21721063933573306,1.552891837072728,0.77806822588726,0.5410618309433114,1.1820829295122361,1.03491872657213,2.375029527881623,0.6680953763791365,0.6963025962048647,0.3627656280392292,1.1652360003279738,2.279679009478263,0.3956782774592931,0.0,0.45207581160758026,0.5160568684411488,0.28562968356771445,0.21140374167622844,0.35654144886173084,0.735024516741644,0.6924054012987854,0.31532079997960577,0.9742850040894445,0.39229613001061625,0.5308383483647195,0.6204939503934728,1.8852664643423702,0.5803311791298268,1.234236972059122,1.2639408771743639,2.986515975889512,2.0258681066127333,1.7435533245593762,1.7232570191320953,1.5526637140661779,2.149182670960253,0.8337318794403744,1.1238295411460124,1.6721813408229356,1.5484508444154954,0.9415682741684734,0.5063315394319382,0.5505165498555641,0.7539338011910679,0.8579615505536358,2.1290655109519703,0.879801242384074,0.7947031315168733,2.421731860229308,3.9723721390517217,1.0268639490105114,0.9839556550391682,4.229763246488557,3.9276026516130056,0.6971563119798772,1.9765629663148412,0.48793499466751933,0.8490855734858795,0.366200220145113,1.3277687365086315,0.3179804812820115,0.3041292189611508,0.6644476322786733,0.7223537957539529,0.38990206483429907,0.6536254637329801,0.8677449435149137,0.9163466912430472,0.86534556820159,0.3869958359504549,1.0807522415815172,0.7096228586288366,1.2629043788782428,1.0195574841215473,4.648301951733495,0.9144603723815209,0.3799838516232733,0.9315619324067533,3.752678719240832,0.4238603549741133,0.37009237695338215,2.1308636941106283,1.8137269321033767,1.0315142465446454,1.3754784505003426,1.2261180793198778,1.6313808438727528,1.5057525111671282,1.3120860596969044,0.8500822775973143,0.9526051489604419,1.1661809003788428,0.47512679976675193,0.8080255503278626,0.46047684219048973,0.4423291041037218,0.4756419046587427,0.41005195696830765,2.1036362394948256,0.3104159030713344,1.2674072607596027,1.684737764708147,0.7294680035706407,0.42338663570491236,0.34045046655254835,3.4660390151514187,0.7484085464516697,1.4908427375952826,1.6423121525984568,0.8060506095688142,1.5089024378801057,0.36932576515513554,0.2820518352309093,0.31501536517883666,0.40879011387217723,1.417256380283021,1.4593809313707207,2.3312040195163375,2.1743121006233315,0.7551514856797819,1.535975556166339,1.411452345945006,1.7541141730996888,0.9265548256092737,0.9248063382071947,0.4261736954814938,1.5442036235261605,4.8712857972656245,0.7918933525839492,1.4185932311332705,4.450648204869056,1.5702461621239217,2.5722483765305553,2.5724123657172986,0.23680681270757936,0.8264453615882431,3.1235948119551664,1.289831511659228,0.7944105213291832,0.4379818113669848,1.5975464460060131,2.3805600580422004,0.5217533501225265,0.26628314197035513,1.371187535291335,0.9852420768933629,1.2088006556801454,0.2853821531129901,0.29930521894897644,0.3579833932809022,0.7824410699704618,0.4058940191462328,0.6302417397743351,2.282552576715464,1.573397197822425,0.9580226500128446,2.858023779951913,0.25806432014354275,1.3938394356014865,0.5208856141800597,0.26012059873154336,0.8680532801089942,0.43414229549651584,1.4172152953175825,0.89972763947773,1.0544734158039746,0.2315151615043309,0.3745578593939855,0.34475734972408145,0.5781091847468828,0.792060384038367,0.4599233802724949
CHI:16,0.8273177528058483,0.49774148924640493,1.3823242662148383,0.7510559524331926,0.4441229624101688,0.9649914027933215,0.7647886098106249,2.0790335104826796,0.9566838724911128,0.8485165916767032,0.41503129681470696,1.238914081284593,2.3066430693482554,0.4266879605331697,0.45207581160758026,0.0,0.8571156751032315,0.6276321579960266,0.5365986436429838,0.6188546556880106,0.35941342644047697,0.3938322708396416,0.4666274253111521,0.6167105831836,0.5069415038995417,0.21627161112690585,0.45334433804184765,1.5381448347235116,0.5450466751801706,1.2655017937827406,1.0382888341022918,2.623282108282638,1.7037598486777525,1.3105247461480865,1.5202845519358885,1.5077689609640272,1.8328886740327892,0.825382011776927,1.0755086500161728,1.7695316043029334,1.4222193882763392,0.9189196864661948,0.5702003242544637,0.6389587767262853,0.655979058167981,0.9918976191448531,2.1883069711785135,0.810016592715998,0.9329372496007561,2.362180813491739,3.9922059978534388,1.2072654316048859,1.2495752068900428,4.296632343318609,4.00296119991683,0.8911714322679111,1.9811475353236927,0.5920459876141501,0.520445709012485,0.234111787749599,1.40667703648374,0.741301134922156,0.6831941878069153,0.9425430340514344,0.9798632521171744,0.7847310671722717,0.9079220775632597,0.9475014798595411,0.8046504131589437,1.0441008155540081,0.681769707965013,1.2399663023183498,0.8041834098323154,1.4651123783479243,1.1231373847299242,4.6364385659941245,0.7112796348725864,0.3110536493515724,0.9144902945954958,3.796956716868017,0.46232111845107093,0.38800825967921015,1.846131255173858,1.4725072574728055,0.7929856483090614,1.0385310948237902,0.9620455638468184,1.7391189341554962,1.3495118944527518,1.39165648257041,0.6341902010264989,0.7876247378199754,1.1122099323003773,0.6705491611641645,0.9158263147719351,0.6016246798053474,0.4246620578001623,0.21949041427428898,0.6096362102054603,2.168548790213301,0.6161666298995199,1.4571117677509222,1.390752656543993,0.8428618150005691,0.6321470958805437,0.34457615881466175,3.555692797022175,0.9689486742882225,1.2366530809004619,1.7404512537008285,0.6364646681574966,1.1531929512455266,0.7058903021044002,0.3388554030116439,0.36448649183440346,0.5171905893795575,1.264111324745284,1.3418879475967915,2.386356251113904,2.278388053595232,1.1585689994054857,1.2960957799394597,1.4867907232185198,1.8136960796448856,0.6938652452074164,0.7502186764278245,0.11251411950134263,1.6267184134355013,5.040747289975161,0.573613962606681,1.2766727168794851,4.563167418802826,1.303853553517481,2.6386310369560166,2.681536435680484,0.30858347857386537,0.6847786875462099,3.1614102651414298,0.9471102741401484,0.7906260178002206,0.5282673559099946,1.6519130426331727,1.9967303094354918,0.5898626871907842,0.4963491878153434,1.0503360942636735,0.6999411525032925,0.9733056110610793,0.4224620456863464,0.3474731072738958,0.6111905881895493,0.9134134251382732,0.6027400707709967,0.4928930331168357,1.870907708098168,1.6036429685342468,0.630432158628913,2.9190658172186863,0.495885877586021,1.2880244479494887,0.8646681127060538,0.30324145372770056,0.762714664082952,0.619227639628676,1.1811114823327657,0.6496684966296153,0.8707940054579951,0.5105703437420822,0.6293221008542959,0.2122894040670468,0.658897315452736,0.7854550052902676,0.8127469067177551
CHI:17,1.1737645402191437,0.5364837221569885,1.7034767498387515,0.9032005446091715,0.9642226150394166,1.6161760306828632,1.4198260555441908,2.7521296266876747,0.33146331042078536,0.40329973098588706,0.5176174186474002,0.8140600731945002,2.052330308550019,0.8934717405206486,0.5160568684411488,0.8571156751032315,0.0,0.2900316575834479,0.5990957380838708,0.7071524662321438,1.1657906844608583,1.1689185300381604,0.5562423264059038,1.4108480844933977,0.5256617234797119,0.8447964382641859,0.789333980155934,2.136781962272174,0.6476057515481682,1.174276813151408,1.4320979448526363,3.2863517841712557,2.2646751191806858,2.040684055322398,1.7650860765302532,1.4366835069697115,2.21497182293904,0.9473768170136279,1.1517167447640788,1.4084240163334294,1.6806412261257158,0.9192414826128952,0.7499923898964556,0.484213577591335,0.7392588367180999,0.5445393179066241,1.8828089914108392,0.8114891940092276,0.568735261031004,2.2046019223088256,3.6985094717499964,0.5911163874112377,0.5764619719465106,3.9042030645217762,3.6194058385005836,0.3527118866739522,1.8449133980768206,0.6147712312618324,1.0819264221727423,0.7941932776527902,1.1699409297131764,0.3651150288188966,0.4646684422906492,0.27881809814317976,0.4446302235480256,0.27186685817986583,0.4272993370355672,0.7070249057952437,0.8542583931465675,0.5153477948364509,0.3888611217350699,0.6620737113603298,0.604008822297584,0.8204653043275638,0.667253505622855,4.361838030248848,1.3365225993898129,0.7823996299117516,0.7503913162121262,3.4654305039392326,0.8190781004788796,0.687622119081693,2.1804697683053087,2.151837316188736,1.2082383525403468,1.5632742915475437,1.523911600155077,1.47458161663276,1.3855650066711043,1.1433541128862919,1.075148675658282,1.0602875398862321,1.1214419118366696,0.7093164635446497,0.7355150190647666,0.7885320881890527,0.721788297377732,0.757776255288276,0.8096472686192003,1.9080655047584412,0.3915363449149897,1.047678823017636,1.9032866587739865,0.48725687023614783,0.41396276137894306,0.6499778680432982,3.1913001951792617,0.5987781511323834,1.6520881673651178,1.3985516176015171,0.978680279758457,1.7672959821229173,0.6059063335431691,0.6438128138842512,0.6964607564871922,0.46939818538720884,1.3270018485036443,1.387125748175728,2.1135486062382696,1.9616689755477552,0.5069426267565801,1.77679256964302,1.2521823407672439,1.533896397266636,1.1073263321861642,1.2220398099270426,0.7764718514617543,1.3272234097775828,4.454006089140054,1.0190330577777171,1.2832312124510765,4.075070126663464,1.6882086784414891,2.305363794823454,2.361697639086572,0.6291966877929969,1.1414142232769724,2.8568997606563618,1.5427935982652579,0.7485059089021815,0.8076303569058916,1.3964245660184604,2.751503791571026,0.5760304404223319,0.4685354892207811,1.734194526289169,1.1500598182712554,1.2882596635176844,0.735150492749362,0.5939732816705805,0.3975562190902682,0.631745863178368,0.8129705699456148,0.9983067630850428,2.592787959905434,1.3127367580802018,1.2778965293756088,2.5786265730438886,0.4922185492679483,1.3783681434840382,0.6315273663210852,0.7021755732397115,0.8919591480725539,0.6818576321881723,1.439217975164598,1.0491912720884546,1.3562031032105237,0.5584872161019038,0.7167257643336992,0.6844967884630384,0.5868009600953287,0.7174292014403036,0.6022480852945845
CHI:18,0.9094598008506035,0.27146905365210516,1.5129845491566678,0.6979554983192472,0.6784805837989959,1.3377629517264025,1.1467404821278169,2.4806342060328843,0.5336789171422275,0.5468866392690194,0.39186473832439334,0.967012503849818,2.0664670647284407,0.6231180452344858,0.28562968356771445,0.6276321579960266,0.2900316575834479,0.0,0.34385241251021786,0.45764863621997154,0.9132630460504109,0.8991326996878106,0.28448263908192023,1.1414771696313462,0.30074758615074326,0.6697918009781779,0.6305521890597487,1.9153106115041432,0.5048898310483012,1.078545119837743,1.2286216652012367,3.053328082359278,2.0599868443432303,1.8822375761508006,1.65887799288904,1.473961896042639,2.1849993516011375,0.8090690666641029,1.045180297406893,1.4591299047810293,1.4906367674719934,0.8406310838605701,0.5859658621522409,0.4251447693347396,0.7251247682764348,0.6666131314823882,1.9238031287384114,0.8504501942439986,0.6935784850648506,2.2335713759110503,3.7666966004778697,0.8014352911280336,0.8317639394462816,4.013230182718138,3.719698636770919,0.4783267002624429,1.804558151161108,0.4168367416615846,0.8863460366970604,0.5576817144429161,1.143887959135639,0.32318725104124946,0.2438213057263828,0.4266004473145148,0.45802230448797054,0.2604689325292839,0.5770418928653148,0.8045387955777554,0.8234981022816787,0.6852727088632107,0.37879644136745955,0.8426975291911653,0.6891278246021996,1.0072419394937702,0.8320947233928596,4.4301162396780285,1.0653711490187,0.5669885263567717,0.7749971780678969,3.5483659041653404,0.6573086724377465,0.5498971481591004,2.0570190842469738,1.9023976667486429,1.0055007747666662,1.3860413228788493,1.2803769147515398,1.487278148530911,1.36105685356988,1.1530697410318054,0.8436087246518799,0.9113460797174342,1.029762682643986,0.569839348626791,0.7614775089172734,0.6150304442260125,0.535091149000619,0.5602476166902867,0.6309398799982523,1.9438712894543269,0.3033424661113252,1.1194362392662964,1.6939894810124787,0.5197618039487858,0.3750583305516111,0.4722215011565152,3.2705563069534063,0.6300153960717301,1.4756120410871725,1.480910008718952,0.7829776098676687,1.5625285958300343,0.5370469836582655,0.4480298745670424,0.4637036496584589,0.3839149423537424,1.3247449425871218,1.3252487040277094,2.1531336665124328,2.0091356219410015,0.6831536755184194,1.5523769497942492,1.2543551441896423,1.5634526611877149,0.8975021696707839,0.9690298514699713,0.5657844617059635,1.3445862545596536,4.626287386202759,0.7896843124631088,1.286170406218414,4.213844954088462,1.5497332121299519,2.3524856024596987,2.4032686977354234,0.3775419333226048,0.9008648568763438,2.9331974464519712,1.3284565111329112,0.7203837598358842,0.6666721564776757,1.4294073934942029,2.5034495192352484,0.529065062445783,0.29232642396666864,1.471886987404609,0.9671150127031961,1.1377336004395524,0.5412581594949216,0.4466363539926807,0.31387170477612947,0.6893651176350793,0.6590639419737361,0.7567355568923756,2.3698477763140655,1.357063868385777,1.0344432328763666,2.6533717060683717,0.26851601971313216,1.304021915268445,0.6353516991476762,0.43793841584971077,0.7649956467161622,0.6121238470251923,1.3284349083026976,0.9248563199842652,1.1202307317509423,0.3911815994230009,0.5694043069958942,0.47365761303900733,0.4803190170397282,0.6975002113574125,0.5646620853099548
CHI:19,0.7950034272544574,0.28089687535226243,1.5525098982033958,0.7810938996999589,0.47790950803464427,1.148622899314667,1.0036987499787693,2.3259700233769314,0.7622851476484387,0.826595085774498,0.4939556930582526,1.2726824010968432,2.258625424343507,0.3599081595052981,0.21140374167622844,0.5365986436429838,0.5990957380838708,0.34385241251021786,0.0,0.14997180764060156,0.7315903488106033,0.6889175521087382,0.28677767798914944,0.9567698316028169,0.4323503085360723,0.6729401153978388,0.7477111028812697,1.8768867980510342,0.6816331126642395,1.1870478307893462,1.202794877390979,2.9795488263929104,2.0399394739820322,1.833974107164287,1.788072854773659,1.7130020475725223,2.271109385488935,0.9359427285656811,1.2002529139876603,1.7286258760138613,1.5313005393522725,1.047330261775378,0.6456930163753539,0.6809408066140478,0.8949250346378924,0.9900553244151575,2.103319478925305,1.0490150439716297,0.9750217816957889,2.437485028776225,3.9635966345441447,1.1265940232335059,1.1222596167166523,4.241841968055219,3.9225590578034297,0.7610291581994144,1.9061206569431268,0.4345532348229782,0.865356027705545,0.3929857053482561,1.2783953980126423,0.40014007397031653,0.21566715535297762,0.6919835248488582,0.6878432687906197,0.47431539820238483,0.8272286458411894,1.0603951651764423,1.0502752530059556,0.9585646249508133,0.5686405875905857,1.1727111015198504,0.8978605919043443,1.3171817109035617,1.13795408691445,4.642629259670703,0.9025813562546612,0.4182032290994893,1.0527831902351925,3.756303856706071,0.502712012923263,0.5676172671257097,2.1406136388259434,1.8099863946691819,0.9899426215581285,1.3690654183902313,1.139729234730302,1.660422841427074,1.5665768357471648,1.3623622655340677,0.8040565576420272,1.029928875403705,1.166993718418141,0.5947502344621248,0.9305536629070233,0.5688669076553108,0.4978888671489103,0.577657349296468,0.5157065676855904,2.1077374400971713,0.4565778008390043,1.333177259175526,1.697434484133279,0.82147746072535,0.5365827115867344,0.5148625810604386,3.471146098822569,0.842415859814378,1.5277438855114434,1.7020209116252054,0.7815915913245747,1.5522166536857596,0.5084309149997773,0.46189381736813195,0.4420074114250094,0.522304692647374,1.4646319556044387,1.4581979928014406,2.342490065844512,2.1967020919712357,0.8249692995026964,1.5295314519002818,1.4400470593984511,1.7634891207085346,0.9037546818386133,0.9155976670576479,0.5338080986593857,1.5568490047401573,4.88970249381171,0.7540565216427135,1.5269362296455187,4.468376705700605,1.553247628229025,2.554067218890605,2.5633928602706484,0.32070303040589665,0.8533111931386637,3.144910562224666,1.3120875432107588,0.9200461522062109,0.5620715379757747,1.6165585214579592,2.3833071864815722,0.7038244726138998,0.40949634932943607,1.3546292937653808,1.032926334292899,1.2381763145073978,0.3605492105362843,0.4653430329798458,0.4696289929457431,0.9298776048561275,0.5167117669548278,0.6753021033187948,2.2911174818354945,1.5757974726883015,0.9695406117518945,2.8757250808601715,0.38301702387889647,1.464884410624317,0.6509608468785987,0.3186093682204047,0.8554351212531016,0.624647443467646,1.430568876175436,0.9366737816999184,1.0749893257848495,0.34613272572183584,0.3772258723566051,0.4429448466190209,0.6921791853492,0.8750757264838154,0.595180708174762
CHI:20,0.768326650571441,0.3885398881707301,1.5582189801046764,0.8173483151124533,0.480787352685661,1.127504007251656,0.9856365970349433,2.289196286040791,0.873930376093535,0.9480596878876455,0.6115585214894274,1.3712713758460866,2.253601391158026,0.3778927989423376,0.35654144886173084,0.6188546556880106,0.7071524662321438,0.45764863621997154,0.14997180764060156,0.0,0.7472898735121246,0.7039572780262687,0.35213389745366297,0.9574407369244092,0.5080440939239627,0.7797355905299219,0.8471605549076229,1.8803786915363394,0.7724673376935705,1.1655254392849606,1.1754114969412575,2.975168352325821,2.039702858901798,1.8891129696971396,1.829855156453182,1.8208627577101353,2.350779611492975,1.0172765831843924,1.2583730556881887,1.7826474815387512,1.5319760353176919,1.1331973467728584,0.7439488216104843,0.7907459229238891,1.013914094168251,1.1032361955653887,2.093769386404938,1.179810650313518,1.1106136084603655,2.4555510526793833,3.9582965351729684,1.225146357633339,1.2386970937192316,4.250997015515468,3.919275265623101,0.8558110182161942,1.8657454934781597,0.4497998914561471,0.9000894332484293,0.4508015765666257,1.2588895911975024,0.5070826854626237,0.2683743788117735,0.7668148823034938,0.727962197131978,0.5758782384042888,0.9597491038202964,1.1993741442098418,1.156558962937302,1.0478659193923288,0.7027505550600237,1.2657801298830889,1.0341259800338802,1.3834892469046542,1.2435502842280461,4.644117842396323,0.8964485751717315,0.5039416512518701,1.164770819318519,3.7580119754088184,0.5963471011496341,0.7010376966513312,2.154286483164957,1.8088959185656712,0.9877998847222762,1.3876619140320687,1.1020323789988014,1.676271201471859,1.6263388659740408,1.4003126049711467,0.8058211286244942,1.1153311505221886,1.1786635828488903,0.6788704823771267,1.0128782681863864,0.643728662175502,0.6011301441348518,0.6795155223385073,0.5994528600208479,2.1056663375260576,0.5731181083117302,1.3804883040605058,1.7160310022234235,0.9149110462603409,0.6368747919845722,0.6349643634777055,3.4702988021741,0.9165102556462597,1.5769108925914146,1.7423372974920095,0.8157298274372566,1.5965698690997814,0.6238570375372228,0.5916780281334818,0.5510894063750555,0.6289480249287488,1.518086849974007,1.4692845032514794,2.347168596950179,2.2066653048131704,0.9167912532072129,1.5421598728630912,1.4610252514033357,1.7747327819013847,0.9193852861233829,0.929417175212878,0.6328116570482935,1.5744629640627428,4.910030350637127,0.7634557427292861,1.617468753759762,4.485750574994537,1.574812957311644,2.548385450455068,2.5502761886062832,0.43925399632637535,0.900369478950497,3.1567101180128168,1.347229942353794,1.0094738447521971,0.6778448955771011,1.6321031423188128,2.3853274894749537,0.827839755624661,0.5242587607534835,1.352018343504408,1.0859532373943859,1.2864631063813832,0.46391559057653275,0.5961271034541095,0.6058466316305942,1.03433380619902,0.6031930418383176,0.7450363403043878,2.3019684034759735,1.5981536812087807,1.0023922667962415,2.8883984087328827,0.5127154546349383,1.5118232946249022,0.7640647562132895,0.4203941349240267,0.8909070875078342,0.7572571365454043,1.4578092076621207,0.9884751540504813,1.1103070896414033,0.483772211221518,0.4506199995815841,0.5508724840798247,0.7878517705226341,0.9462620260424661,0.7024220231671213
CHI:21,0.8479483501113806,0.7684321009879288,1.3846167189060303,0.8976265929694411,0.4657235940920565,0.8214340592013807,0.6137945872037669,1.8440167511113605,1.2557853405302564,1.160692320527216,0.7200298528539426,1.5132921018215109,2.4044163686558284,0.5350668883061318,0.735024516741644,0.35941342644047697,1.1657906844608583,0.9132630460504109,0.7315903488106033,0.7472898735121246,0.0,0.2612117917884639,0.6820212209140439,0.3475911883533353,0.7586841614218819,0.5255434786825672,0.726762199896109,1.3708664234706152,0.816544412784672,1.349990815802586,0.9176235228870308,2.4197928207714665,1.5833587787054966,1.1968707447027807,1.5924447071028078,1.774915878909345,1.8635368679635356,1.0653334624072672,1.2650938271285934,1.9998018072021386,1.4333778840376619,1.1674087947048541,0.8612783289823056,0.9528358826948258,0.922655565342937,1.3121359046692371,2.291700961629228,1.099392208804292,1.2834850161827251,2.4506312438646174,4.079522957932193,1.5076281761514616,1.5898050808845812,4.434779846477595,4.121838270573966,1.163620161844881,1.9991290045365708,0.7505046330181839,0.48652894046613765,0.41319108706991203,1.5082092384211168,1.0273480160387531,0.9051260186568256,1.2050923877823403,1.1988616162940124,1.0871949346387115,1.2593310381589267,1.2941778615154216,1.06345463706197,1.3281961624168739,1.0252767553267206,1.5313222834265612,1.140744581743634,1.7336450065350872,1.4165696050037857,4.713522877185357,0.6456255806612999,0.4944465243324319,1.18979026889614,3.9122306636702784,0.6546440817563223,0.7290718816184368,1.7789192527388926,1.2933989949068243,0.7128574693800643,0.8990205763921141,0.7185411381600992,1.9215616956400545,1.4682044154470877,1.598434249892914,0.5853335886425314,0.9514663178437184,1.2137459978886442,0.9483693978544918,1.190268801483343,0.8532531497596821,0.6374893896025016,0.5067786390395936,0.8536140725050932,2.2962232748284634,0.9319617178643249,1.7122020511452,1.3145355414743298,1.1280802496549287,0.9248457429547704,0.6861133286335926,3.6950840151596434,1.257509520953446,1.2437855808745546,1.9530835088582414,0.66346768127059,1.0767709653209199,0.9936714906106193,0.6802915646283078,0.6623437036604539,0.8056295992712568,1.3445017837689441,1.3908320314333094,2.5222450659901927,2.447885204448367,1.4554174573619558,1.2300883641883447,1.6641654178024199,1.962603195272056,0.6707239736160315,0.7611267539191727,0.4498611020826441,1.798046954395136,5.24316042081096,0.5468681461358598,1.4665823780282947,4.7365555681774785,1.2002697035743555,2.755343431396887,2.813052733963549,0.5893411347504013,0.7691589746882384,3.2952175408439244,0.8627316402499097,1.060510189942965,0.7693741889875748,1.8047390836330142,1.7713801851875752,0.9282132989825232,0.8090658492254373,0.8710301758168478,0.7581150325969758,1.016319447803079,0.6436059710231803,0.6724856779253403,0.9107511092142376,1.2294140361546964,0.8379777323271188,0.6250406674068879,1.6490452566191578,1.7418953253904768,0.5565586889199119,3.067538421400854,0.8040355040952862,1.4329620712336866,1.1583462251831795,0.5559395027643272,0.8447610477370182,0.9341956050446996,1.180120971865633,0.682896559035762,0.8977015770936339,0.7870197755581675,0.8143625950836888,0.5130358633093479,0.9537965223786614,1.008856941788721,1.1140376485875
CHI:22,0.6887153978304335,0.6937780274537004,1.328904945096781,0.8429482366129071,0.3489157169826413,0.6291917012258487,0.5257201998017831,1.7680853752315357,1.2983520500386547,1.2274730489486312,0.7882022942237601,1.6068431182080942,2.4846214977730536,0.3930284109202139,0.6924054012987854,0.3938322708396416,1.1689185300381604,0.8991326996878106,0.6889175521087382,0.7039572780262687,0.2612117917884639,0.0,0.6891835154151976,0.32116964435323947,0.7659606480162691,0.5688010067973057,0.7341712373948006,1.4079495297142992,0.8357129550118835,1.4014655527809075,1.0467777785966867,2.413117756421388,1.5996040571106813,1.3301295341135442,1.618970895572704,1.7615455660905797,2.0494889429681753,0.9599107130775172,1.2114646875330262,1.985423425276596,1.3612667164541095,1.1299934409879704,0.7580345170844235,0.9670243605134253,1.0384200706487248,1.3362271573636315,2.4001915415860453,1.1914524039475314,1.289901561196321,2.5829973117102023,4.198636274214917,1.5684373702389582,1.605323275167865,4.535468306136506,4.234222979708243,1.2350263042554488,2.120061836728177,0.8177027154233371,0.6858805435337101,0.4655857377248543,1.601075748885681,0.9992154553043204,0.8684932016336124,1.2579464231831574,1.2332576169202096,1.0492163520634887,1.2476710149305996,1.3021371169239466,1.1271014446773102,1.4058872950664958,0.9875685122961415,1.5880581799428206,1.1813944391815359,1.7912521416546068,1.4982981913482445,4.843129217662311,0.45549501223180744,0.5305632907594852,1.2446370270168912,4.016842128862676,0.6644729368923812,0.6974852450748523,1.9160168025410564,1.2460634240714517,0.8631779526502243,1.0897940365995775,0.8415207168454574,1.9194406519287288,1.5984286962138092,1.6126165350299924,0.6883227632089898,0.9324284220123199,1.294773722196106,0.8485747721376727,1.2234677664518159,0.7420213117720669,0.6632914230730681,0.5704085605713014,0.7120627250781696,2.3694119233763793,0.911573356617483,1.698875483907779,1.2939774951507286,1.1695457836419851,0.9661724001388571,0.6527866014864162,3.757339307740603,1.2391724049801414,1.2247976385004093,2.0044646084579973,0.7731812622304046,1.0810389773635873,0.9332121524563565,0.6184684586839206,0.5612997078529183,0.8783010010353691,1.5575442947226892,1.5418341450003201,2.5816742880569747,2.4693328009426816,1.4342781157088604,1.1602030944483337,1.6925529733244389,2.029801340484424,0.7806754711189049,0.6447209903130282,0.49945172134734706,1.8346509810987688,5.317981890318615,0.6618012909110794,1.5574215253698,4.820622476591047,1.3840349829073375,2.832513169581098,2.8510389371772065,0.5589323961197605,0.6098804934904432,3.384831164844429,0.8960087671400301,1.1029353909321122,0.7225750588243987,1.887938164071419,1.74918196623796,0.932862608513937,0.7860267118999864,0.8058777793460828,0.8265923495069973,1.0933698685616584,0.6132917334452123,0.7037558228117461,0.9106806607625888,1.2356484163355168,0.7419297788956615,0.4781963667077703,1.7104400659587025,1.8648723151776856,0.551782424768681,3.137571289374683,0.7395823208608191,1.453076372933704,1.09941879052099,0.48503445395732553,0.9938824704087117,0.8826442314870424,1.3461834619982407,0.9083413506600746,0.7457161422899313,0.7505889035302813,0.8016672486414037,0.5620121005313852,0.930645674298466,1.1189160907322426,1.0293005801190234
CHI:23,0.730522703594982,0.26131040553747037,1.3470729747575483,0.5692407585957246,0.46771990126468876,1.1301409843929646,0.9003828404233691,2.2433876238156962,0.7578232924316275,0.7090456547844878,0.3882383661173235,1.0755601836207458,2.0182605156186924,0.47367472608852573,0.31532079997960577,0.4666274253111521,0.5562423264059038,0.28448263908192023,0.28677767798914944,0.35213389745366297,0.6820212209140439,0.6891835154151976,0.0,0.9045108221634571,0.18351928281472998,0.5750545776095284,0.5477400276140905,1.6899239057977393,0.442611499289999,0.9621374134040304,0.9801107339999677,2.8292017927300397,1.8410522453622835,1.7129968194006264,1.53793010016483,1.5324228222926592,2.1003720771884633,0.7901842906211224,0.9931238928780132,1.515703021660826,1.3386637576216978,0.8354420397076547,0.5846311484559218,0.4849861805027229,0.7449360835533941,0.814835048106484,1.8891892453868766,0.9173983974703412,0.8709091192677816,2.175513374436642,3.738578615564092,0.9714575588377956,1.071195196281728,4.030791814230293,3.7255380459742304,0.626180216644941,1.6936319421819293,0.2398008514794666,0.6650912102468415,0.3811555450803155,1.0742933539601327,0.518112469617713,0.30145118941333066,0.6009425306351118,0.55921244645993,0.49371357026404844,0.7993301947572212,0.9567269432309349,0.8176369817674786,0.8244142006567039,0.5686038801275491,0.9915670223162673,0.8305251916298428,1.1487265093041288,0.9629906480484178,4.397600610116523,0.8607209112948517,0.46312056899406007,0.8323999780617595,3.540681244822598,0.6338336226722977,0.5747745199110906,1.8724744104734041,1.677476498594057,0.7667671618748908,1.1752654657062178,1.024538708524622,1.493826727012129,1.2862274415283381,1.1605823155176602,0.5955073065972495,0.8380525405990961,0.9054838064243964,0.6077252623482312,0.8226174168371163,0.6053694721977628,0.4866481682337944,0.4384189220363523,0.6497535417891763,1.9201195289657302,0.43967980513364374,1.2078672167094018,1.5017167622246033,0.602289693750011,0.4601139863199458,0.44806860205816723,3.2799156810782613,0.7399087165394669,1.3385239952619554,1.52270045259261,0.6056968727668959,1.384383206709671,0.67209104685636,0.4409013472840339,0.4098909837118003,0.4073751816745884,1.2519149942871453,1.1940167049055235,2.13540926060222,2.0220203101309218,0.9391146882440095,1.3720934754286354,1.2402762887089018,1.542840944660691,0.6702515877141411,0.7779072549892662,0.43347215661014354,1.3360679577507981,4.718226186647975,0.5422005131347392,1.2658253223826186,4.267985537781499,1.3844171961313199,2.3324166506580157,2.396769267187474,0.28957575911013345,0.7699821967149749,2.928749675364731,1.1315653884618213,0.7262424254592165,0.6986089606143701,1.408424703608207,2.2799227815447902,0.5991452219583704,0.33646123474186407,1.2432668109248546,0.7888033546547034,0.9874137363775387,0.5171917628941617,0.4516018563356038,0.47029926742614464,0.8010049963982072,0.6846424782592442,0.6454100276770559,2.143324247883,1.3329184132302332,0.8255949770704979,2.6585363874803356,0.3338082059935799,1.2247649759287227,0.8151930297579078,0.3240407784113098,0.6217922911348444,0.7188567761717063,1.161238777908029,0.7776752717272399,0.9754889513402302,0.4658024242831395,0.5960872521796527,0.36529517604894446,0.5012831447897711,0.6711583383977991,0.7282298772105197
CHI:24,0.7881185936784122,0.9548625224995346,1.2532761338324585,0.9328698747894404,0.5379225863906525,0.5667063847027953,0.4419027165375105,1.5133025942750762,1.533566300464956,1.4277620201789392,1.0103880654192239,1.751656580204107,2.5140923771826413,0.6947985180659347,0.9742850040894445,0.6167105831836,1.4108480844933977,1.1414771696313462,0.9567698316028169,0.9574407369244092,0.3475911883533353,0.32116964435323947,0.9045108221634571,0.0,0.9716425096871887,0.760275125275648,0.8853451819000994,1.138783383202292,1.0009175069481957,1.478372262857399,0.9379577936321257,2.1230251314959996,1.4257410918444657,1.209533494416542,1.5854549119342003,1.8827902271636192,2.016691191391315,1.1137440960219442,1.3080376426564568,2.09365915531914,1.2922732784279025,1.253510583036706,1.0079043324532997,1.165629901464824,1.1808255546053312,1.5214550324346412,2.4671431068020895,1.3440385419113512,1.5073799593686952,2.5854343086613083,4.224544596955362,1.7541686988449516,1.850262086341097,4.600786948991282,4.305354976082365,1.4203599101885345,2.135935516615676,1.0045326292367072,0.6806320869252144,0.7172591610733546,1.6994441280037833,1.2867189281959237,1.1253810833310627,1.4677163256393901,1.410825252374124,1.3217134541971542,1.5066021440995305,1.5097925040949305,1.2336284102303485,1.6107074679545648,1.261953510476375,1.7573743288466768,1.4083190562008596,1.9647949647781602,1.6675343415755708,4.831002347186371,0.5281455554974955,0.7569419903895322,1.3573383474335827,4.070781479966064,0.9245262820093955,0.9638580201518089,1.7530154248165442,0.9927790732572225,0.7911190884707551,0.9149187280869417,0.6559823295056715,2.0688998983444318,1.588278370376148,1.7570112983872035,0.661894316491137,0.9521977208516993,1.356190168340747,1.1332855081323177,1.4535879293166252,1.0344546746769632,0.8454266261023387,0.7368825248841834,1.0251703977029096,2.4773649451830053,1.1857965031933615,1.908578675793589,1.100854006727564,1.341060541635678,1.2143432952702344,0.9105500899805965,3.8471742299203373,1.4801155091548186,1.083029778389527,2.1618865136187604,0.7801994726782537,0.8727536427406075,1.2403658083377564,0.8847571569854495,0.8246460589959325,1.1021974515658726,1.5799310550676393,1.5463701555340046,2.6701843870636344,2.5993497286400262,1.7163829931077692,0.9898738618924321,1.8270346740134609,2.126376240645823,0.7345635363611848,0.6457043962962706,0.7050573036010885,1.9428020916477087,5.437864978543514,0.6620285052873276,1.584294012392905,4.906987257737009,1.2314593796865916,2.8876320277646204,2.965276535842997,0.8007529321747361,0.674415136520233,3.4547572758820633,0.6987316675673386,1.282263930622751,0.9907171526641897,2.003766276475397,1.4606714025241099,1.1688666388487015,1.0491366787433827,0.5624565035464483,0.7887180982895949,1.0117957450774715,0.8955947730023549,0.9528245764247822,1.1393547710589773,1.4604159461011559,1.0601159305511727,0.6247534489254956,1.4058086606261624,1.932344040500105,0.4259032517913067,3.213813546264293,0.9845360152253843,1.5114436556014768,1.4033387861554505,0.7437474045444654,1.0352326155906826,1.172806084284598,1.27055651299102,0.9533151362432224,0.7223740088697868,1.0142962396629247,1.0764618044167626,0.777343401892632,1.129458921298057,1.281228013962105,1.3387246626371188
CHI:25,0.749198644181957,0.28950785848013266,1.2657994662036254,0.5026744807290285,0.5791415904190681,1.1712216773329447,0.9170784906678521,2.2703871065624144,0.7603846626264945,0.6457207712863358,0.38252487136708213,0.9552899741959042,1.906771672828326,0.5759388496846712,0.39229613001061625,0.5069415038995417,0.5256617234797119,0.30074758615074326,0.4323503085360723,0.5080440939239627,0.7586841614218819,0.7659606480162691,0.18351928281472998,0.9716425096871887,0.0,0.5566883866204769,0.43134764383766205,1.6773749274592387,0.28144455918550876,0.8725663065728979,0.9814976216640291,2.8207937819733613,1.7695932917940114,1.687444569500812,1.393600212618289,1.3595731512134568,2.026393892195517,0.665252609483499,0.836170975579246,1.357903848036001,1.2746703782901472,0.6731700289748843,0.4961566056339833,0.32710021970638975,0.6954547473438446,0.6712243167875305,1.7921381235555307,0.8451985460544486,0.7544945454713322,2.0549051094315582,3.624861036230697,0.8629872021560868,0.9823811542379611,3.902931513729978,3.613211226706833,0.5929468586549733,1.6385421518975047,0.28589723475028445,0.6749450833362225,0.4696818282313195,1.0026319991514456,0.5520679444155934,0.3913082069183088,0.5857341783763043,0.561226007957404,0.46550233131868796,0.7197743863359198,0.8399970558873568,0.6746778037269212,0.7301708822878915,0.5131385988631506,0.8693773445477816,0.7539204842885735,1.0357417911270081,0.8469059877455621,4.286305463919847,0.8778013450156362,0.5832224378516068,0.714978021978091,3.4165640020183954,0.7367201119470902,0.5669707727805955,1.7975188167142397,1.6715397143293356,0.7855922793022767,1.1971224250950934,1.1141571693621866,1.3456129688868879,1.1686458577642738,0.9963559017069442,0.6347300461960589,0.7843475309970921,0.7849185023232148,0.5443617659698907,0.6937767110576522,0.5693191768704364,0.5881428002559352,0.45274638678163104,0.6723247113943459,1.7946358594555416,0.3891475504789965,1.058886524035256,1.4571759853658839,0.45618644239408673,0.4053299463963847,0.3993789710215588,3.1477203751368954,0.6012255668022181,1.3028827667123875,1.369599024003953,0.6726074922926271,1.363362033432153,0.7096158838938086,0.43413702326473375,0.4065524716103659,0.37842985109041605,1.2054727658176314,1.1043772887063024,1.9970450750772828,1.8773840893346425,0.96066460239537,1.3574258785100535,1.0895825688241592,1.4079217366428802,0.6761027433919521,0.7680630431054348,0.4568424360767604,1.19379601506614,4.596686186999211,0.5826633817323235,1.126875437761061,4.138730240781321,1.430337238633185,2.217644985135203,2.2733901009584674,0.3764807757467778,0.7770328067806488,2.7905928295471045,1.1237895755187315,0.560380229706999,0.7785557995438479,1.2764046057176774,2.295020164107171,0.4866570025535534,0.2729276276021325,1.2638516677439628,0.7227174606503705,0.9351054789447364,0.6263724493115225,0.4810656939165248,0.5191036503122932,0.6485077779091857,0.7301012244807906,0.6939679533796304,2.1513078387450157,1.2336614821184901,0.8482966854085235,2.5183091413530536,0.3360698027276354,1.0592932913086452,0.8467997670914151,0.4130655423940733,0.6328062055416249,0.7270447423765665,1.098531159197128,0.7992692207551699,0.9706243392609181,0.558013230140506,0.7247271368292457,0.42559066752403807,0.32983195677733024,0.5548756625625983,0.7270001561202353
CHI:26,0.9626027799687691,0.5772077764090024,1.4145356354316756,0.8068308762790305,0.6355273881640848,1.0974650076643286,0.8919059899250095,2.1840387980127005,0.920988501782069,0.7596745904586022,0.39121005928288477,1.1267678192114012,2.3004500476004592,0.6016745400457423,0.5308383483647195,0.21627161112690585,0.8447964382641859,0.6697918009781779,0.6729401153978388,0.7797355905299219,0.5255434786825672,0.5688010067973057,0.5750545776095284,0.760275125275648,0.5566883866204769,0.0,0.3625844148477756,1.5843421812939869,0.4995035439141493,1.3125757758418888,1.1318317739553911,2.6649157975966586,1.7159851063922489,1.239650117335327,1.456289275126603,1.3438634256180704,1.6902561684123685,0.7841840926759986,1.027467293034014,1.7097578953410422,1.4717216375756992,0.8428033176589839,0.5419897593450944,0.5677843904938309,0.5205466672323431,0.8853994403521538,2.1847744009451193,0.6353766606903892,0.7912967015816635,2.31458156325083,3.9591208885545055,1.1194657039432623,1.1482438821646437,4.242464292733685,3.9663549808105296,0.8625491249350791,2.0273799197166884,0.6878468447342687,0.5726038094240058,0.39713769017894923,1.442798254588112,0.7729261941550789,0.7835251746396389,0.9461449246692504,1.0249806185575023,0.7976998970056206,0.8095947934043456,0.7800721511956114,0.6645194054361855,0.9721883702282164,0.631328478952612,1.154895999082116,0.6558771136667629,1.407696856363386,1.0105752532174597,4.596782125404268,0.8340374097824237,0.4453000122687332,0.8017691796844517,3.753651258560347,0.5362067428853375,0.31658744929143084,1.8302622113943394,1.5334499329509454,0.8822902626859979,1.0799995703295973,1.1123592297514,1.709670304631804,1.271810931703676,1.3455008474037753,0.7511917900409473,0.7548550182077908,1.1170021372393535,0.6714022828470603,0.8308191527938799,0.6249579866625633,0.5008913983212566,0.22897955442185614,0.6594301504134411,2.14423626032465,0.6063797215443079,1.405677437173275,1.4161660096416622,0.7821990859902888,0.6092197230950814,0.30201856841357466,3.517706407309273,0.924733659271409,1.236991731413612,1.671366835192437,0.7282312412143751,1.1552612191309832,0.718196793086606,0.3352616385874208,0.41382517952256265,0.49340960375768805,1.203609750451097,1.3335504344781308,2.352260299962808,2.2414459072056676,1.151774385243812,1.3547496683657747,1.4571143972058735,1.787102187424368,0.7740698837017218,0.8445212114683907,0.17250128661752484,1.6045053386620045,4.979636594937719,0.6882208149445588,1.1493415505426892,4.502969287625506,1.344439047758639,2.6255251624278,2.6684682159420046,0.4143638645510239,0.7596161676955796,3.106405567854803,0.9790395267234213,0.6860712380883415,0.5600692783645532,1.6188927666413437,2.0473652638172424,0.4708696933520812,0.5030788302606664,1.1454397702773527,0.6907481212676778,0.967879837059712,0.5238336493470499,0.33222654572861754,0.6210411177919647,0.8052335762294807,0.648997908692143,0.584063531986659,1.9016362003506995,1.580172071111746,0.713043997211781,2.8703348667693507,0.5310199632808287,1.2208724006773937,0.857539719601362,0.43715328428454514,0.8057924418481741,0.570988521417165,1.1690435918049948,0.6511061436426119,0.9347444600378747,0.5702403755211053,0.7295731014998961,0.2892584993386765,0.610656427645569,0.7210079744932788,0.8090553114044682
CHI:27,0.8417913630517466,0.5434025881539851,1.1426716205376044,0.5504162027409653,0.6954360575823805,1.1053183231845927,0.8513873835590767,2.145133372209399,0.9606178382965196,0.7310745264995325,0.49487475131874975,0.9670832419973812,2.0144684350634603,0.7197109661244796,0.6204939503934728,0.45334433804184765,0.789333980155934,0.6305521890597487,0.7477111028812697,0.8471605549076229,0.726762199896109,0.7341712373948006,0.5477400276140905,0.8853451819000994,0.43134764383766205,0.3625844148477756,0.0,1.4882353900475176,0.21982107227860634,1.0691679104805243,1.0254170823000297,2.595388113742367,1.5535521698854453,1.3779345986839902,1.162714596096656,1.087108228002441,1.7515217321470216,0.49666530524483016,0.6816358380477471,1.363789285623916,1.2020560796230253,0.48880352895050505,0.4296449266761979,0.3596210143410948,0.588118874996416,0.6751053479458072,1.956231381857427,0.6795837500278679,0.6876224097008817,2.068111572095923,3.7099889963167536,0.9695820067710293,1.0756582874015261,3.9831434738658773,3.7338810458403713,0.8050621038584231,1.8328724463040067,0.6546937254564951,0.6162744806586209,0.5924972613831876,1.250211427478518,0.8272594999692006,0.7759380414411323,0.8906406093415642,0.9131374562429512,0.7502958827045318,0.7771411632190675,0.6959355470897401,0.4223069213991948,0.8847328678927789,0.6237404632686667,0.9609070940766317,0.6969467898917833,1.2057609795993325,0.8760691588473944,4.339279314774105,0.818097803157801,0.6842193928073762,0.5924425700068369,3.4989760366453626,0.8235453473937048,0.5080777661121173,1.6492895252888709,1.466967553604934,0.8208305051829426,1.1002424718983996,1.163547832874827,1.4338478236415595,1.0438227500931736,1.0525821459082152,0.6967768472308852,0.5695761698064866,0.8625717142413745,0.6232538027327392,0.7377703472549076,0.6297802385883221,0.6687261226972356,0.3765979905093821,0.7516311701630491,1.9114316489375445,0.5961044044272773,1.171037890037416,1.2426456297343356,0.5609768033682787,0.6167440973873272,0.3566968785636383,3.245481801997403,0.7501594980006482,1.0779875728340107,1.435339856661393,0.7371691222988763,1.0875605640449881,0.8579168854026926,0.42475339135724993,0.4263534408632856,0.5462371514872599,1.1855204787471239,1.145122782556632,2.0775973352197283,1.9655066906576024,1.2022345281072535,1.2028958949442894,1.181634638564895,1.516240360316352,0.6791578205637668,0.6980865834884966,0.3976728203989667,1.3059626665831214,4.72306825731809,0.6492080885297755,0.903010966288291,4.231747863390864,1.386932120863446,2.344758987882953,2.4099523247526733,0.5107182372330195,0.6729860780320084,2.844459485600342,0.9099377959274694,0.47842336493215454,0.8190843557940591,1.388141725184114,2.0611301296312443,0.4176266066160443,0.47232380282938885,1.113853029256283,0.5043557386614181,0.7813382411610431,0.7567293545119436,0.5370525978713075,0.6870044212174382,0.6400623250917001,0.8240341789412131,0.6261668866658091,1.9134333664029215,1.3633735589254896,0.6986579330670765,2.5852067564569867,0.4947268223958966,0.9046579796542543,0.9900240051126551,0.5324735163211578,0.7504288044615915,0.7449013301367383,1.019646534899933,0.7845897861830821,0.823983173315755,0.7186773702163683,0.9399485066883261,0.47728036673959445,0.34217492578296493,0.618933675292064,0.8716468725926743
CHI:28,1.4018594911902886,1.7827651958905306,0.9926708945579523,1.3522901113805894,1.4581030258270868,1.2264028266125266,1.0614633802002047,1.0841745432730887,2.292776945246289,2.073473355390179,1.8154206825568384,2.137289616457906,2.3617399766815605,1.7052430497346134,1.8852664643423702,1.5381448347235116,2.136781962272174,1.9153106115041432,1.8768867980510342,1.8803786915363394,1.3708664234706152,1.4079495297142992,1.6899239057977393,1.138783383202292,1.6773749274592387,1.5843421812939869,1.4882353900475176,0.0,1.5795510106397592,1.7220292874779783,1.031076300157031,1.1954414481199303,0.8957674868787402,1.4536391988130566,1.3401280662990867,2.0872143014932507,2.140664746147312,1.5863702621660971,1.5387354829071542,2.1525952491666978,1.0501039393426481,1.584610139702993,1.767128884171167,1.7782836100118313,1.7989301384076464,2.0128320382126783,2.5208533209064883,1.9328978197928788,2.1225788470672913,2.370332232979084,3.988775299122843,2.2471054499042236,2.5102422311505825,4.443818642512099,4.23062786116807,2.03596867787421,2.148964099968645,1.7384027034460139,1.258377042470845,1.679138254185888,2.003988969842841,2.1751013132404036,1.9629122522412639,2.1364189848740844,1.9967557672368785,2.1197100856256035,2.2485922966983236,2.1111882732705722,1.6084414864993135,2.215966008304529,2.0717000722810965,2.179688735530047,2.1316364183518517,2.3665788572267115,2.1437064970703372,4.426077792936081,1.3111700957162944,1.7199247483623885,1.7169478523141108,3.9165156258087515,1.9436639058023353,1.8554444793004474,1.105467877277475,0.5423077609242887,1.108718587954818,0.9740732301008501,1.0558351680950497,2.3453050136929985,1.5119861850000094,2.052393553780595,1.1598029765426856,1.2346638586425784,1.573010569924593,1.9654782166545173,2.1291782478729138,1.9160827551910624,1.6942003723381027,1.5231077716035746,1.9886336899557155,2.6429207036388482,2.0097028129341163,2.386791025031144,0.46504210324541695,1.8454243130759542,2.0046440840702178,1.7469193576810127,3.796448288208776,2.1277287664031395,0.7717602990331841,2.474351748346909,1.3157419255804026,0.6033886805181595,2.20548370577772,1.7513395762789519,1.6770052543071947,1.8836081118469772,1.8445744762413772,1.6107346839435777,2.6994730014166146,2.7555253761014464,2.5761591959460626,0.6700629090900978,2.103593599211072,2.2518526158707077,1.095632793380513,1.1073591122678976,1.566675920671222,2.100245323337781,5.4117536540065965,1.2153279547100149,1.5987459226203422,4.77752513188843,1.2502581469915492,2.7866787880010486,3.078789278965108,1.67576825357648,1.2717363323934316,3.3679962777533716,0.655580527544196,1.8282261770978712,1.98589805697187,2.2461622619540336,0.9387893498166108,1.9002228014003306,1.8604713148883514,0.7115063745539908,1.0304348684183786,0.9644187523961917,1.9054891953183366,1.8396464518783087,1.9387403312985487,2.0767068477576096,2.0775923676210293,1.4320080946573812,0.7001602151574162,2.059138327454091,0.9572001843762799,3.131708312229111,1.7751597567499398,1.5957191635000867,2.358747537081592,1.651980891350515,1.4732180786740219,2.10799832786031,1.1944079644241432,1.5637342608102984,1.116488085928941,1.9327310124536579,2.0879893149181528,1.6463085559559216,1.7252186733855885,1.8530558777935457,2.2582577776474486
CHI:29,0.8372768407369114,0.47973487090069344,1.157316343670557,0.48861728643626207,0.721926308340398,1.2045387505695457,0.9275929615609884,2.2473933783604676,0.8567765127631002,0.6330259952534891,0.4523714233659005,0.8426601612219761,1.8515036509952554,0.7425912616929681,0.5803311791298268,0.5450466751801706,0.6476057515481682,0.5048898310483012,0.6816331126642395,0.7724673376935705,0.816544412784672,0.8357129550118835,0.442611499289999,1.0009175069481957,0.28144455918550876,0.4995035439141493,0.21982107227860634,1.5795510106397592,0.0,0.8965084603914927,0.986700430429344,2.7157869583373566,1.630585011275939,1.546388710497393,1.1776675127091394,1.1106959790042021,1.842763741149977,0.5264974449012068,0.6541700152427454,1.2316618610465153,1.1990916268787244,0.45588398804958336,0.4642531628914359,0.20935692884696677,0.6020289507892558,0.5490878094736725,1.7759622823178216,0.7126639310623658,0.6432657603497607,1.9426850787306587,3.5574295098084,0.8165345324089784,0.9679586250006758,3.8264094692681336,3.566972777833878,0.6582426484354407,1.6659711998214342,0.5128089620772206,0.6502504894097239,0.607179442317109,1.0560830209960228,0.7363712572216449,0.6555485889326435,0.7205816418633797,0.7267150701919131,0.6248529168805244,0.711912697049198,0.6958565737870293,0.4194714539633956,0.7301597692653541,0.5678250542576316,0.8002896800295582,0.6858191976983706,1.0159503554744065,0.7525999504219165,4.199105711416942,0.9058934295834683,0.7157071737439987,0.5359900870602325,3.344499435456705,0.8634636568328128,0.5806647368905408,1.6505827762787606,1.5903944683007505,0.7964521079412281,1.147938704832861,1.1856583019992561,1.2882560223526205,0.9854514841141472,0.9012325358423259,0.6797120292780751,0.6475128002237522,0.7172819364170296,0.6010876957602853,0.644086974271454,0.6376324012522722,0.6919490838204797,0.44911407289050315,0.7795037173170999,1.7526836744252678,0.505771962365399,1.0191481312724189,1.3312441963002308,0.37588886313521896,0.5044320761606546,0.40363754427764226,3.0867304306615138,0.6035983957825577,1.1719741923888884,1.2860693023705838,0.7261518704173093,1.2313538995516342,0.8416688709017411,0.47700070591404725,0.4697542818807861,0.4607394557028752,1.1295162076688698,1.0293538364294577,1.9250683212361965,1.814942398353337,1.104011052994202,1.2830240221070235,1.0229353678094217,1.3469141554910538,0.666821617174633,0.7542214026503187,0.47800300441021476,1.1315597299430655,4.5468287727542585,0.6311861378558298,0.8870042531068318,4.0665412246949835,1.4112767222621825,2.172107993197917,2.2464254486719106,0.5147594846968669,0.7655397512157601,2.699720632629965,1.023842651370637,0.38793686243660186,0.8772967624972761,1.2226811099606871,2.212866683578807,0.40270890882294763,0.3925863438909478,1.2282066087571415,0.5707367897295141,0.8039916259966317,0.7789955103890842,0.5542331976007732,0.6378278849518332,0.5443503773329144,0.8513142438876629,0.7262703099586962,2.0500633387750997,1.1898441527519876,0.809840829917505,2.4317721619466974,0.454176433495259,0.8593144604901409,0.968037149397259,0.5525489216485314,0.6645223798317889,0.7820657779320804,0.984709686262114,0.7936744067679645,0.927532899542661,0.7095564269937523,0.9206368725100315,0.5074801209610125,0.20321597478652043,0.4921153189372689,0.8393465889190678
CHI:30,1.093788204492517,1.1035945077932274,1.1288002052156365,0.8599992975098202,1.2286297578224175,1.5676346776350665,1.2240079117111535,2.353434872326598,1.414549114032525,1.2574317528864234,1.1672574710781278,1.1837212317036163,1.1308451506421269,1.2960525170185668,1.234236972059122,1.2655017937827406,1.174276813151408,1.078545119837743,1.1870478307893462,1.1655254392849606,1.349990815802586,1.4014655527809075,0.9621374134040304,1.478372262857399,0.8725663065728979,1.3125757758418888,1.0691679104805243,1.7220292874779783,0.8965084603914927,0.0,0.8735892196381901,2.832481368407994,1.6034931204093434,2.0593345036570447,1.1590929709838775,1.5564907400881958,2.2426884451600695,1.125673980733196,0.9255221959182169,1.0789512720539518,1.16386784377443,0.9838712685367201,1.190604775852449,0.974063072395997,1.3350668189637391,1.1029914323640282,1.0734489843121033,1.4736565183556518,1.3644224114079992,1.4182632380764484,2.872848742190926,1.1710916474434676,1.4781408028638183,3.2134975828872943,2.9124949009504624,1.1230012981657267,0.8733463530844968,0.8315070966939936,1.091005266122322,1.2089006965097218,0.39974862033960695,1.2941118731061776,1.0769520539211588,1.077863493179684,0.9330850712925042,1.1530307194258822,1.39511204270859,1.455769923827993,1.0912520309704024,1.0969834482850012,1.285052055275436,1.0933064299206467,1.4405547848438938,1.0443282928415711,1.1876823049957206,3.5526542076155576,1.3170709720823846,1.383943730700072,1.1564683625897023,2.6939179547434042,1.5605350180376392,1.405750622922384,1.4645427303477194,1.8285341964118864,0.951337721973225,1.411607734026788,1.362658627574258,0.902102353218812,1.039507323091496,0.6925600040084393,0.966277062167393,1.2813649249003851,0.33974566014546886,1.2113088680112822,1.0843870479281448,1.253771659629937,1.3933926936284313,1.2199288840610383,1.438967699602503,1.1440803186922095,1.1444229422404262,0.9941800542413488,1.5195351618359334,0.8807371656318427,1.0833261240744128,1.210093607886947,2.438023513850398,0.9661037699172587,1.5614999121510598,1.0391607266611822,1.1632442748123972,1.6787016639074113,1.5148689606038015,1.2828955738629508,1.22285515775912,1.104575998716043,1.3063281160425846,0.6772343863568234,1.3032650804152708,1.2965163032863727,1.6158483228277052,1.5337132896330823,0.631769772224635,0.7521773677970509,0.949244577311971,1.1400261278915629,1.2388567548424607,0.6022216845539319,4.024610087778587,0.9676501473423009,1.2190901739797566,3.4983003555930705,1.669430636683932,1.4528533703885353,1.5803806742780437,1.2229329774124964,1.3445888801290395,2.1098989579709744,1.4389602357786917,0.9409319422818916,1.6405766207797365,0.740382371186618,2.513141130603775,1.1919738166177396,1.077584244019322,1.5572196957586404,1.0313954445305138,1.1169707881520021,1.459505473975965,1.3182324608759515,1.337574569635005,1.1048219185802244,1.5176659359043474,1.4168899288907635,2.3189257845364772,0.7789675149715286,1.3212676104483614,1.8307341211281274,1.1791807916822843,0.8526909269669148,1.6388971483337869,1.2387119944601692,0.9528531737356777,1.5619101397281654,0.9863017628318904,1.2590271634854502,1.4259261394633878,1.4132620860511227,1.514768421368781,1.240362220865645,0.9244343491298275,0.8843848853424153,1.480136742991496
CHI:31,1.0139498696714178,1.1819896503587053,1.0221371900610152,0.8661661386065592,0.9730640319263136,1.2022711243319286,0.8262415409112066,1.7658379212434743,1.5871988194044953,1.409171975462266,1.156299933449512,1.4742516293255923,1.7119960047084979,1.1798716725737681,1.2639408771743639,1.0382888341022918,1.4320979448526363,1.2286216652012367,1.202794877390979,1.1754114969412575,0.9176235228870308,1.0467777785966867,0.9801107339999677,0.9379577936321257,0.9814976216640291,1.1318317739553911,1.0254170823000297,1.031076300157031,0.986700430429344,0.8735892196381901,0.0,2.1810453559523957,1.2476774803127817,1.5347024956191166,1.2330775269276357,1.8452721207978982,1.960255624002642,1.2665049167661908,1.197266963091737,1.6884094346375977,1.0645323522471637,1.1961293021945274,1.3081280995745161,1.1637399934072374,1.2449015320059247,1.4162809057530192,1.6984642352082087,1.4428340981441752,1.5912930796353695,1.7871086193436407,3.3911002477803245,1.54271305722443,1.852299235720948,3.8318413979699257,3.5280814713659385,1.2950252869555214,1.2856404800530725,0.9072173907436938,0.6285460333152337,1.051554505426625,1.061246359191917,1.4835030761236574,1.2380132192870579,1.34076578661703,1.1969829519767263,1.4326073235072734,1.6513906136654868,1.6368969797600048,1.1387809232391792,1.4433816838726534,1.4768134678061524,1.4925296882174262,1.566037527391798,1.5977405060048873,1.472293060113496,3.9563957708179727,1.0729461484270695,1.1626464534838732,1.2277286010795492,3.2916478643850047,1.40086491895675,1.369177053982328,1.0696162466741803,1.2412484705361244,0.3163307067640573,0.6530469673323508,0.6044072665891493,1.6874045338658354,1.0271250461488386,1.3927625408728843,0.47464420501387666,1.0491280572583224,0.7794959189550196,1.418445157652848,1.4425992542820518,1.3893201862584625,1.175098566895983,1.0069830599492346,1.499269973879726,1.8774388015780168,1.3474766922898909,1.6981172876543256,1.037045156275896,1.1665316566564303,1.2756073905742278,1.220049205002148,3.1589473417021465,1.4410376453264384,1.1110778054951806,1.7527681616059108,0.7327746711820277,1.0942042405759607,1.6164013022660007,1.2558079234216049,1.1966289286184106,1.1728229609556033,1.1484031107775028,0.8012060843787664,2.032999003192573,2.0968280686991894,1.8796966563543327,1.0742959675173254,1.391790929393127,1.5039731749276124,0.44005574433553624,0.8802814031122834,1.0451113508944732,1.3898750709241563,4.737809188260512,0.5207798614958337,1.253252182500387,4.163846291391564,0.9714820898009179,2.1092201566082407,2.369309022176183,1.117973179228768,1.10632787446386,2.7494543127013564,0.8259273256418709,1.208514585046558,1.5154707394376783,1.445835792057771,1.815297897779451,1.3351620357399616,1.2200620653934964,0.9751329824567544,0.6688563777025496,0.6979007275072201,1.3471555864122118,1.2565148902071615,1.3432845183644004,1.4621027077232247,1.5460312499273212,1.1614562577190102,1.545492235863605,1.236813735015375,0.801184521739688,2.5175813600941077,1.22487595180136,1.185912432247745,1.7721931772055024,1.1230437745253505,0.6930235236370103,1.598883324371197,0.5978426900818932,0.8994295855274846,1.129326950578127,1.3677579599944292,1.4567148269837644,1.0751154556524982,1.1486046465047217,1.0896655621542488,1.6766140093368789
CHI:32,2.3999580596337284,2.882974627035394,1.9052482458583424,2.4649420779370947,2.521084011604718,2.046065410895296,2.0536012571032844,1.0405767370831482,3.447142791565507,3.2299213611818365,2.9524520844212794,3.29160261210208,3.3349850173021665,2.7435720339372702,2.986515975889512,2.623282108282638,3.2863517841712557,3.053328082359278,2.9795488263929104,2.975168352325821,2.4197928207714665,2.413117756421388,2.8292017927300397,2.1230251314959996,2.8207937819733613,2.6649157975966586,2.595388113742367,1.1954414481199303,2.7157869583373566,2.832481368407994,2.1810453559523957,0.0,1.5045422088326432,2.1832268130199677,2.2312763688576527,3.0203539186557835,2.9486385082663573,2.6084822488485275,2.554924150192125,3.1608584095620404,1.9594585917802787,2.6526744094840238,2.8128203483824827,2.9138056114983266,2.930863565145546,3.146599858898462,3.5732847119973328,3.037478002892462,3.225582841588444,3.324479852448271,4.797261275893811,3.4101903344073152,3.6429254246748326,5.288016234793991,5.127436765294423,3.2136235889170957,3.188339356131237,2.895956536767702,2.409744489871888,2.7750540179064873,3.1421785710953625,3.2907999014992484,3.0841708016470846,3.3135402042556428,3.1703060646358656,3.2415155339842143,3.3574791805490896,3.1920031657363404,2.728630556899833,3.3844213155155187,3.172628539412222,3.338026462677436,3.2377124149476497,3.5296173110694316,3.300047076751243,5.128797580427624,2.249332029348854,2.809911852118538,2.8526786476057118,4.767310960561241,3.0043102331951266,2.921404694392567,1.9722570097723768,1.205939544207596,2.289056069989964,2.0915125674411055,2.124884053368559,3.3531927752772974,2.617739719998494,3.1196996751959944,2.328120025395366,2.3237290833919184,2.7039242747971732,3.0128861094453643,3.2327677735542935,2.949193558758496,2.7985560864494117,2.6427030568367247,3.004430203909052,3.6504365070671336,3.1244755574994896,3.4587426046344416,1.4394106814068075,3.004452623782615,3.144000830236233,2.8318514459051194,4.6624913945409325,3.2348287353485485,1.7661274867390264,3.5405400203731006,2.475861930774892,1.5836903923268153,3.274335902679156,2.828513999427378,2.7469151566421584,3.029948693730291,2.975474345172621,2.7341419569727226,3.6555881098171668,3.719610656722343,3.700450333744241,1.597981692381438,3.1669986187886283,3.309873746457764,2.280041299073607,2.1489697161681054,2.6696338831848667,3.1707082309041454,6.341498226847605,2.3832593100635404,2.6736408959027815,5.650303274900314,2.295790739481407,3.744671263118532,4.013937326277224,2.7808962087482123,2.2764095813913667,4.257371163918366,1.7720420586148102,2.940539747941847,3.025889318168652,3.331201082133664,0.8247284620517171,3.000123912152799,2.9737821972003124,1.6396438966071571,2.188048897039903,2.13272605126357,2.974003549912182,2.9457452565048032,3.0634018866492565,3.180127427657216,3.104616973670169,2.458013117793645,0.9816223171122523,3.197921400892412,2.0487961687933107,4.046102379268773,2.87835373060105,2.600989731163743,3.42705041454057,2.73899922870925,2.663941303909876,3.1606048386734726,2.3402590172071176,2.70170920457666,2.0705654418780965,3.0246496335235222,3.1678506724955366,2.7615119770689143,2.839545821379805,3.0069713265561226,3.31959057844648
CHI:33,1.4958047736677147,1.9018428682435746,0.8875190289988123,1.4977194642853746,1.703264436041246,1.3642931487107377,1.1541062916132505,1.3373589409269575,2.468398849154604,2.213419988654953,1.9489996404857863,2.195501512981965,2.1549427512904185,1.840324294491314,2.0258681066127333,1.7037598486777525,2.2646751191806858,2.0599868443432303,2.0399394739820322,2.039702858901798,1.5833587787054966,1.5996040571106813,1.8410522453622835,1.4257410918444657,1.7695932917940114,1.7159851063922489,1.5535521698854453,0.8957674868787402,1.630585011275939,1.6034931204093434,1.2476774803127817,1.5045422088326432,0.0,1.4832984727164598,0.9188214946523349,1.8587401472476404,2.0739149378677806,1.5612265393479396,1.3613566513348463,1.9951569218468839,1.1092181431178958,1.546970555508706,1.7515200942478255,1.8250557776899679,1.978237582266106,2.0531142942358622,2.321523047805661,2.073903778234296,2.1662578295301644,2.1541099152749257,3.642543841096445,2.3110279341327287,2.5388311576099714,4.065946558421641,3.871448434929169,2.21802410317964,2.0437061625603494,1.8456662136856534,1.4814620406533126,1.8168661554226357,1.9245072989605607,2.2733142683017524,2.089705534286657,2.2836187778374923,2.184043671130645,2.184950452071789,2.2929630591201,2.1444166779939464,1.6633313121236795,2.2405134258997847,2.13032282933375,2.235041439137643,2.1933275332072264,2.372790196783232,2.2015710513512494,4.169714718158017,1.347100460272182,1.975098670323032,1.882593530703184,3.525546147563694,2.1573050322970717,1.963208190931745,1.1274290514210155,0.8574502380160831,1.4123203993435511,1.4606378013601637,1.5393674793327567,1.951767920400859,1.5698337022581463,1.7763094461890216,1.4641906783838234,1.560666193164523,1.4509030767276523,1.9127723542245256,1.9834125541439975,1.872027265013869,2.0130767885259853,1.7383472565008362,2.030371258430267,2.235944155740066,2.0474399859383183,2.1252856161959848,0.826070948289547,1.9063796034987546,2.041240453207011,1.8105261019487406,3.33042633599177,2.0124336919484,1.2988479710918546,2.145327146906015,1.725238855797789,1.1315639386975875,2.299227397369936,1.8715487609958852,1.7927552443506263,1.9806600552619376,1.9934108706393563,1.5531247026300334,2.2723549366320523,2.3021205107264073,2.7072253750130493,1.1353593048139166,1.7963789271285422,1.9698343014186206,1.4029809868142316,1.2941350149544655,1.7406454528278408,1.8674854376170191,5.118575901133668,1.5002290809853227,1.6477156072358212,4.449934489353179,1.865993271824332,2.522266632850405,2.6131523906482963,1.8845057008874455,1.5291963938859743,2.932646784379268,1.1726993034895556,1.7237967480744367,2.2033452622294787,1.9645150348640295,1.343364261247754,1.9037060554807956,1.909147006098201,1.0890850889445576,1.235088453259991,1.3343561277284761,2.102123312620438,1.9937718499363286,2.177269917795362,1.9820591263193128,2.13660259462199,1.7235077092906508,1.272327900792268,2.0374273269586896,1.3399144943854004,2.737486641308069,1.9356568359359974,1.250903811774136,2.4624511010938175,1.847960688805307,1.762826985106273,2.2042528323963393,1.363696801003076,1.7949898174534158,1.3928712814773743,2.1553115741141426,2.2927217990966566,1.8516777812709972,1.7278051142319844,1.8240957836436136,2.2967353168280265
CHI:34,1.8226818663989661,1.7773328698248434,1.8278775767032776,1.7472680872748798,1.6030876777276934,1.5796768773584655,1.3936887285601718,2.054285787984113,2.0528715801297635,1.8226623212683726,1.5467188064472306,1.9595541097560805,2.8255655568127644,1.6447890654298463,1.7435533245593762,1.3105247461480865,2.040684055322398,1.8822375761508006,1.833974107164287,1.8891129696971396,1.1968707447027807,1.3301295341135442,1.7129968194006264,1.209533494416542,1.687444569500812,1.239650117335327,1.3779345986839902,1.4536391988130566,1.546388710497393,2.0593345036570447,1.5347024956191166,2.1832268130199677,1.4832984727164598,0.0,1.6417432059148764,1.8797159976315698,1.0763708908635725,1.7186493821504754,1.769182955678722,2.4977055429515786,1.990173210203383,1.7161418695090302,1.6382243024887917,1.6739355962977551,1.420568165745927,1.9046895931598296,2.7505270617753994,1.4660869941226988,1.831991570454125,2.5974861518078622,4.245181174010408,2.108568534733774,2.2124380827734136,4.613636825804966,4.361412416598092,1.9436676249906746,2.5365796038733057,1.729495703245648,1.1791988822524075,1.453595524675659,2.2022479943928315,1.979463796603205,1.9684913924922083,2.0687895661370237,2.138081331413788,2.0113863306459123,1.9411771109006537,1.7490148786481912,1.4624453778654203,1.9652828754384197,1.8330886482347162,2.119711176824643,1.673978100687155,2.3665937909693264,1.9204598763161922,4.797153950219755,1.4862211033832058,1.5214887498859233,1.69425905681224,4.09920122156629,1.5860010978145451,1.504595194191495,1.6788260446898307,1.44234781232359,1.4304254738522493,1.2027955073198864,1.498306690032427,2.435608022205882,1.6527070558324972,2.121150993738457,1.4694100402411867,1.5373008862347988,1.7787391787093758,1.780805535821521,1.7558741066498051,1.7060219383058353,1.594801168053657,1.3551753386656087,1.7714577516643233,2.6840579794802246,1.7979540460721009,2.3120315089181624,1.5331603181692852,1.8198248130971324,1.7348325810545138,1.502728384289757,3.9852919079890747,1.9801086136558075,1.5732439255450383,2.355084535806641,1.533500019585559,1.209102411012388,1.8862080565320156,1.5565579936319616,1.5930276266663306,1.6140403574183395,1.5483920032799454,1.7603335483773066,2.8658707766665024,2.8652419667033113,2.338076388766684,1.6952787786906574,2.188454548587083,2.4217065549475696,1.43215642998794,1.579470574697894,1.3393475402543014,2.343709243617043,5.570688411185363,1.4458760258701677,1.6080920993467986,4.985151723320803,1.525394183104689,3.1720959709163323,3.249123459930503,1.6043731312204197,1.6040619699862526,3.4785640224128462,1.2341996414226923,1.582426860911297,1.649835140699557,2.2507389830823286,1.5887654702734897,1.57939088124712,1.6969569896084595,1.370897431862022,1.269884223668435,1.4604804846518433,1.6486578477453633,1.526561967542201,1.8214829614213242,1.804533082392901,1.7396602170386442,1.5510369167284546,1.332502229427556,2.2274976760000347,1.2815260074347359,3.344223362348926,1.7531883877306662,1.7142055902696378,2.014870432581688,1.601919061180477,1.5962241528255108,1.7065107772195243,1.4436839897619012,1.2350409102970286,1.6057082087335925,1.7688671120236146,1.8361327087021115,1.4547952212614736,1.6954674540282255,1.5849676444472358,1.9823302959778257
CHI:35,1.426766017651181,1.5811359087005352,0.8003254404270345,1.1701249799577609,1.619748624160052,1.606646669197219,1.3088033713282354,2.0718607588205233,1.9758716936907277,1.6759846765769615,1.5844738512246557,1.5008618283188093,1.5547926474697258,1.714513005506172,1.7232570191320953,1.5202845519358885,1.7650860765302532,1.65887799288904,1.788072854773659,1.829855156453182,1.5924447071028078,1.618970895572704,1.53793010016483,1.5854549119342003,1.393600212618289,1.456289275126603,1.162714596096656,1.3401280662990867,1.1776675127091394,1.1590929709838775,1.2330775269276357,2.2312763688576527,0.9188214946523349,1.6417432059148764,0.0,1.077684439542499,1.8398115927612468,1.117975058057489,0.7645287947542369,1.176734948848497,1.009984938437606,0.9457018901814167,1.3861868105166784,1.310632943159541,1.544479431677347,1.3943196914726095,1.7359311377505497,1.5809968082189583,1.5628751049233556,1.540477617577333,3.1012935038786007,1.6348976786398741,1.8910895031241337,3.4162807826309654,3.2648620114684266,1.7053695606839783,1.675062688255681,1.5288703856519477,1.3345728471205693,1.6313914557853202,1.4403670310504464,1.88270322699945,1.7589861938620401,1.7836561712459114,1.7195013118511469,1.73486451680303,1.7454034102472435,1.547773882665797,1.082448140663823,1.6406882012574941,1.6766138954185563,1.5334970944795137,1.6786254541359609,1.6527163611319167,1.538261172868585,3.661953328428457,1.4199537113468106,1.7885490808870128,1.2881638551827876,2.918720220527148,1.9567200104653473,1.6461228241305719,1.0668206004042193,1.424289469659081,1.3099446120036073,1.4844534549044381,1.6968462766498413,1.2776108368406978,0.9583953735592228,1.0556279118762837,1.3486629622788366,1.2354222898844038,0.9382797795042714,1.5479121447388053,1.4393616729935852,1.571619046259246,1.774650715647008,1.4742838439051014,1.7778773750018921,1.6174520435074882,1.6253168218086336,1.4365576100230704,1.0506553053302508,1.3190100231885082,1.6048867721634477,1.474842298500365,2.692841028164938,1.4423044057598013,1.2362564572313903,1.3954166094024885,1.5464428980821023,1.276747430376978,1.961615983068018,1.562689564157168,1.512215271571027,1.580879003374181,1.5832563426176092,1.0985059892362021,1.6023021061484302,1.6081128652801149,2.231238923438448,1.2932286295946187,1.1160585279014372,1.2785479003475175,1.2493939202551372,1.2328875723536743,1.502193295499258,1.1572304082575113,4.357096052667948,1.359503746386581,0.9498636150669703,3.7314134764572144,1.8405383992189308,1.8939418801469137,2.015413658768772,1.623649959126448,1.4170880978508407,2.268834320920017,1.2417834792977005,1.1524953518389274,1.972377510450695,1.304468663766089,2.030662102031127,1.4338090760919158,1.5210876787187162,1.414888997801631,0.9841701893136359,1.0666497102656267,1.8877006632296565,1.6786482008153523,1.799834124700169,1.375779084168494,1.8932352867667623,1.5880072936248997,1.8539874375315233,1.4116413244766086,1.346324350811953,2.0332066827849262,1.581377135378954,0.48370193965932406,2.0904796045152314,1.6227731651547617,1.4539229811531968,1.863621712467319,1.0649542894093857,1.5749837256521158,1.36391697481362,1.862375265337256,2.060469209985139,1.5945827830283836,1.2266849457710984,1.3179054908460979,1.9127821864921988
CHI:36,1.6860930469773823,1.4609602162793025,1.5176722946228796,1.349580119406319,1.7446895974110936,1.9490530305115126,1.738751943102652,2.7914871111119792,1.5832077675997644,1.3012256853319166,1.4107354927399138,1.1339691159976362,2.002161151842602,1.718827136042884,1.5526637140661779,1.5077689609640272,1.4366835069697115,1.473961896042639,1.7130020475725223,1.8208627577101353,1.774915878909345,1.7615455660905797,1.5324228222926592,1.8827902271636192,1.3595731512134568,1.3438634256180704,1.087108228002441,2.0872143014932507,1.1106959790042021,1.5564907400881958,1.8452721207978982,3.0203539186557835,1.8587401472476404,1.8797159976315698,1.077684439542499,0.0,1.8509854002817838,0.9865027893514805,0.8630342779677052,1.070094474986322,1.6293773205144828,0.8084966730282918,1.166561522834477,1.0777564246236602,1.2962597551034778,0.9518081419290705,2.048129659914786,1.1781475061562914,0.9699271924986365,1.9651462918162304,3.4525668465344097,1.2126793140821486,1.2580948008269452,3.5740822558855343,3.461274092292577,1.4613012858409027,2.205642803249095,1.5841032565425668,1.5882410871831414,1.6277589149050908,1.7105782016105116,1.5884424108419155,1.650416131396249,1.5542500537776935,1.6273751486357142,1.4349991118154781,1.196336642997261,0.9050034641481041,0.8828329270734938,1.2969990891969294,1.283022124176175,1.153421709037657,1.1711466782232351,1.3439258818154174,1.1273495950467027,4.053546259267322,1.6837287596448955,1.720948169350057,1.0254762634152155,3.171515979391285,1.7795212401250138,1.365395527595466,1.9306723521341767,2.0806338653521657,1.738684495565742,1.9317159234108892,2.1649154253936507,1.3101771610967983,1.2499532195215484,1.038168478233943,1.6881879084560585,1.279853091048434,1.3269136110306312,1.2945004441006325,1.101629554780591,1.373119097306962,1.6723510851633179,1.4258569234198817,1.5438936571695396,1.8252036211635678,1.3461563391791336,1.1216566778830388,1.736600772461909,1.1055365112209563,1.366695022763456,1.277316566400582,2.8699684095140867,1.1168823246829032,1.6180798962835183,1.2381384259810262,1.7312136725511167,1.7081619346408163,1.6093557308332034,1.3591844442645147,1.379794685823516,1.3973484469137043,1.6893892847094083,1.5644619890407192,1.8476846457380627,1.6825126984683583,1.7628098771017946,1.8242157024314136,1.2136057920883525,1.49832228156852,1.6141632370788457,1.5452557833538731,1.448028753572937,1.3279223334746433,4.252262914783311,1.6570883392942435,0.917218021239929,3.7650949369140787,2.199416583562281,2.231906688916819,2.2169462755208627,1.5334459831933753,1.5311043488456475,2.470936103220494,1.6767054058404112,0.9247950766405931,1.712592823353312,1.4438164746594564,2.6491869071622,1.0847467286700152,1.3233477016831352,1.9201344581905324,1.3109337037786597,1.4483240232726509,1.7262022938663777,1.4692339967126036,1.540703580772392,0.9217182033962779,1.6381888024360605,1.5883851308607544,2.5085497931676577,1.6043810497490778,1.6438415703329998,2.224303675394646,1.3959335195814844,0.8679476904613384,1.6577992594964797,1.5585715472336938,1.6305407990402994,1.4727628959117787,1.580574732470133,1.6775964760274253,1.5844899531311678,1.6406270913400143,1.8763552945607096,1.5144893476156884,1.0444063632802252,1.2206022947880886,1.511140160009943
CHI:37,2.456931199590611,2.2015924099780073,2.350134984189677,2.1915005179685494,2.2200613577663937,2.434729107687297,2.1433854824183323,2.9854323700637293,2.1447092003194688,1.868128202580654,1.8244661401177475,1.7713212472319158,2.6774494873966534,2.234149682062074,2.149182670960253,1.8328886740327892,2.21497182293904,2.1849993516011375,2.271109385488935,2.350779611492975,1.8635368679635356,2.0494889429681753,2.1003720771884633,2.016691191391315,2.026393892195517,1.6902561684123685,1.7515217321470216,2.140664746147312,1.842763741149977,2.2426884451600695,1.960255624002642,2.9486385082663573,2.0739149378677806,1.0763708908635725,1.8398115927612468,1.8509854002817838,0.0,2.137845079725102,2.0839708641004524,2.501138999493776,2.51979780691613,1.9856157392675953,2.0694133551847926,1.8905862596206031,1.5332142672100364,1.9401144383059892,2.530395828931964,1.4951225571795999,1.8992488822309224,2.230748378589996,3.7618276476773294,2.0100468994664893,2.164502108272174,4.069799615910554,3.8488151553188277,2.022072991693379,2.49779833460258,2.043059009376024,1.6120279850209518,1.9321610855218343,2.239141192167702,2.267825150367152,2.3325609471058897,2.1748620497405216,2.31868601928106,2.2740573664213337,2.065304974031293,1.8088443625479245,1.574965308679917,1.9103573367712334,2.0971130138642526,2.026733341945281,1.7531885050659368,2.233392819780389,1.7940994554722038,4.264173336190443,2.2374295244854916,2.001858725724698,1.770730519857315,3.617137675823723,2.0426618229228932,1.9062706853190396,1.775714150758439,2.3053133966157935,1.853493959417858,1.6388667756343507,2.1253429652056024,2.458593057739169,1.5433424861985066,2.1564230340179105,1.9553847376274496,1.9684521313639447,1.9183050003637163,2.1799214408339282,1.837415235916071,2.1606803855747625,2.0297803997853405,1.7841195512604435,2.2733241889393554,2.4917252338971054,2.078499425173084,2.337045696609501,2.1754685094883763,1.9284368014719673,1.9367375250680607,1.9053224723578257,3.6288206985534064,2.134588713863658,2.12877702482679,2.1705174060817685,1.958766783395279,1.9175439787856978,2.2428360499088704,1.995446004615369,2.0792379621765855,1.8378422210756777,1.3082086777622697,1.7297935853889848,2.6583575541998608,2.7366679937591893,2.4991082877013473,2.38769700380484,2.2049919155606403,2.3005969856682613,1.8782018184500249,2.223997259771545,1.8001840282376005,2.3261455919182654,5.001490379767992,1.9152474794031136,1.512267724320578,4.437818496225834,1.8359062912174464,2.9449693377058126,3.0897418043525713,2.0599694221503846,2.25370650434127,3.05091757489761,1.8901169565669924,1.7069611965791365,2.114566654012339,2.111345786624013,2.528729595195556,1.8140212141008274,2.0294636753907005,2.2109775093009016,1.709979782155938,1.8174708031115538,2.1189392940888254,1.8811062873202626,2.124629515278322,1.8966872494267895,2.210352058033954,2.1761179495110543,2.1283156515843626,2.0544827108190593,1.95764604898602,3.003772024680964,2.151625612655366,1.856148467001252,2.3253134368896378,2.1057614373589892,1.8310580073616045,2.0664048754770303,1.5613020498298582,1.4809376169179047,2.303548092527137,2.1741910266157367,2.253038984721775,1.8794217041336956,1.9762102313024592,1.6435021221199602,2.320574003481031
CHI:38,0.7319072247476066,0.6617253870871298,0.9674567395933437,0.5093907500624631,0.8603993314912964,1.0786745618602998,0.9282186553864645,2.1082306608497374,1.2088490934203244,1.03046003617592,0.8846966871487997,1.2030784136858257,2.022071596322873,0.8733993025976163,0.8337318794403744,0.825382011776927,0.9473768170136279,0.8090690666641029,0.9359427285656811,1.0172765831843924,1.0653334624072672,0.9599107130775172,0.7901842906211224,1.1137440960219442,0.665252609483499,0.7841840926759986,0.49666530524483016,1.5863702621660971,0.5264974449012068,1.125673980733196,1.2665049167661908,2.6084822488485275,1.5612265393479396,1.7186493821504754,1.117975058057489,0.9865027893514805,2.137845079725102,0.0,0.4174015012376943,1.162846019979538,0.9968630965687385,0.32531408253166233,0.4240970948303983,0.5958215930451678,1.0271403326992021,0.7996445172613933,2.0539336975304385,1.0632468463015043,0.8392770400871317,2.1923061952362985,3.7619709899603677,1.1466930220438387,1.1946113484093877,3.9949932275936826,3.7856508808450884,1.0786915736739429,1.9718163126272896,0.9375557356389652,1.0441913653774457,0.9371603893203199,1.3936673745764123,0.9915535015524378,0.9102781559545239,1.1144652750832016,1.0695615458721126,0.8451036322024288,0.9156567027964475,0.8601017593298627,0.7207490651049042,1.1370454264689391,0.7672230735762902,1.1033317166036314,0.9870315494487023,1.3042216480587954,1.1206998300323476,4.397057036737168,0.8200278001299918,1.0224575222548682,0.8211809475929692,3.526452845323661,1.139419266143216,0.788792268950799,1.8325282706428734,1.4779802784009815,1.1360206439329803,1.4651846683308078,1.4394926247132438,1.314012130097876,1.2780120347948511,0.9921276831246572,0.9829418650781884,0.6687758136835996,1.0039288226425367,0.6269689125910264,0.9250395466877502,0.6724938502382105,0.9875624673555672,0.7974584221395069,0.8055191451233142,1.9425898720313046,0.7797871966511163,1.0837885616899594,1.2220687314013263,0.755041879887087,0.9031830348990462,0.6372307679867408,3.191726690982928,0.7722339999508835,1.0937816926472217,1.4591026578262989,1.0649966195520495,1.2005173854621032,1.018432350483414,0.6593908453781965,0.578697648674458,0.914223323961703,1.6136712168903915,1.3977526594456169,2.0477426502234226,1.866416815689377,1.3273143815606494,1.136050893316891,1.1514820103247265,1.5387037253735136,0.970569072289521,0.6565324414142975,0.8025830636359674,1.2657451661120427,4.689177456078784,0.9643099776818017,1.0903859382452856,4.2068931037474515,1.751101219513972,2.3370258577627507,2.340538384562463,0.7782384744523004,0.6235073572147268,2.854185526797514,1.0831606716203772,0.7074475322991144,1.0712195240497064,1.4788186883261236,2.1287524465273586,0.6824778015743205,0.6837167761220845,1.174291421955903,0.7701862225872588,0.9843756954106645,1.0267595258640931,0.8942834855549889,0.9317454117859874,0.7543571681155684,0.9757897611436941,0.7304279731450098,2.0864742805707275,1.5442951244480834,0.9011249777545456,2.5523623965341846,0.6362093196103674,0.8592971943181075,1.1286983961765826,0.7571538332507883,1.1164444072364657,0.9456022191601802,1.3268749585791026,1.2663977438088694,0.7240905020676838,0.9496120207081764,1.195337451815283,0.85791119182907,0.4406924073184081,0.9698997628200061,0.9387527672687208
CHI:39,0.9060061811856013,0.948120457816618,0.7797359187879589,0.6243190981258239,1.122014324267059,1.2683038824895858,1.0349117751468624,2.1341375367372484,1.420291008828157,1.1879290118081143,1.0946911319388861,1.1826959277682196,1.6912495174242377,1.163282923377278,1.1238295411460124,1.0755086500161728,1.1517167447640788,1.045180297406893,1.2002529139876603,1.2583730556881887,1.2650938271285934,1.2114646875330262,0.9931238928780132,1.3080376426564568,0.836170975579246,1.027467293034014,0.6816358380477471,1.5387354829071542,0.6541700152427454,0.9255221959182169,1.197266963091737,2.554924150192125,1.3613566513348463,1.769182955678722,0.7645287947542369,0.8630342779677052,2.0839708641004524,0.4174015012376943,0.0,0.8938042401334766,0.8675145447922069,0.30884078429684764,0.7404903926290406,0.7467209607366215,1.1834896691189216,0.8714236329813894,1.7767214657640256,1.2202949645604841,1.0163650510605322,1.8614392958401087,3.4067287309306735,1.1834576585554857,1.3338001270836006,3.6503808963341875,3.4596130827390574,1.2133843526404,1.729583356875608,1.0567870352203912,1.1249617654847035,1.1664874284813573,1.2289732936691578,1.252206920948789,1.1407643028395367,1.2499858845869827,1.182612566234073,1.0782385842188484,1.1400974313814003,1.0388454946196923,0.7453832613334614,1.1922947492393925,1.040777096109404,1.1007238289041925,1.186178544929353,1.2457267645914671,1.149494615844409,4.03836052276719,1.0129559411406894,1.302322649924409,0.8921348666778977,3.1745902109753823,1.444167357759596,1.0981293364793514,1.587714492826532,1.4946891357540515,1.1523811639302115,1.4917046548480144,1.532914034851326,1.036104541858981,1.0844072100733388,0.728687265902868,1.0664553504333394,0.8443786503906774,0.7855067337735078,0.8953370623904033,0.9722171565168908,0.9499452040027587,1.2756633388128864,1.0329129858851398,1.1424521895022686,1.6409135043283831,1.0129910917852059,0.9600690707534081,1.159589147062473,0.8096667143372074,1.0721050090555488,0.9157697086049489,2.845077996658981,0.8370893879370488,1.1426327807576826,1.2202431967372747,1.2145065335557674,1.2685078400269865,1.3335074592303324,0.9808637874194527,0.9097318043042812,1.0916496869603463,1.564608562394837,1.1849855188879062,1.7022153628078387,1.5517300256051911,1.5838753976338487,1.1763453642959725,0.8777698581045724,1.2355157693216992,1.0183483048183497,0.8134589561228665,1.0487423781177827,0.9734330453893534,4.407056346588323,1.0597493270805105,0.9479075869018041,3.8845744105032525,1.8083607904610868,2.006672747384367,2.0246192424875966,1.0705487901290625,0.9138957350226815,2.499906697771249,1.1569781889086503,0.7120142815852207,1.4157969428455197,1.2189697447524723,2.1790261064577687,0.8880871728846824,0.9212935063151657,1.2774315936042957,0.7900564754835728,0.9655410165233826,1.3383679901855896,1.1626085019080579,1.2179370315822995,0.8322047216449374,1.295196408510868,1.0659885001416594,2.0947574011382293,1.3423236214120255,1.068831080299465,2.19969116521426,0.9492900320867397,0.4861134079600987,1.4479078206213214,1.0617734754193284,1.1743727239358424,1.2714973205291735,1.1907829848115152,1.3632609701444263,0.948983839688883,1.271054757344375,1.4946141205253973,1.1128803090928379,0.6011183137470246,0.9747412137759479,1.246549814867816
CHI:40,1.6014341780277892,1.511014637770362,1.3551174667302124,1.2194100502088834,1.8009266685270184,2.0889415751729032,1.8365006314281132,2.8485023187725433,1.650807351828014,1.4450160037573545,1.6042386756537552,1.1642370870825374,1.213889222232198,1.8485315232487871,1.6721813408229356,1.7695316043029334,1.4084240163334294,1.4591299047810293,1.7286258760138613,1.7826474815387512,1.9998018072021386,1.985423425276596,1.515703021660826,2.09365915531914,1.357903848036001,1.7097578953410422,1.363789285623916,2.1525952491666978,1.2316618610465153,1.0789512720539518,1.6884094346375977,3.1608584095620404,1.9951569218468839,2.4977055429515786,1.176734948848497,1.070094474986322,2.501138999493776,1.162846019979538,0.8938042401334766,0.0,1.3595704980843892,0.9282294472029865,1.4311414029836298,1.2072043936396668,1.617455312719557,1.0402952526188212,1.3996934756734445,1.6178937014294592,1.3128374325696632,1.5043727386920833,2.840647281389676,1.1542807720031445,1.404208959971007,2.99029300740412,2.865298504170674,1.4102886032388586,1.5933420031188015,1.5124936637665582,1.7331818844560243,1.8076360509677647,1.2207764884593295,1.6610523862823483,1.5763807051047816,1.4256863584806438,1.3383973279677264,1.4438776373064783,1.4547510909282668,1.3795003505437462,1.1871029438001033,1.320970278446536,1.4937896511648134,1.0156547099986744,1.574897075955429,0.9792918386773863,1.216120666342698,3.437077889350959,1.8428992450560076,1.9072400225925583,1.1603587768618886,2.586378026331142,2.0434025326467076,1.7225059025734712,1.8463369649698358,2.247751022443154,1.6751074210009855,2.021356487937851,2.128897591369832,0.8875118269560196,1.198180209253329,0.71493089705684,1.6426626972812033,1.4157949904304008,1.056107797771358,1.5061622766347151,1.3515530919305039,1.6121645907560544,1.825548432222084,1.6578364874439362,1.790453336364371,1.35974749471551,1.485583450093752,0.9280716569043789,1.7914641066533608,1.0688242118930407,1.498552576804793,1.5620762232419816,2.2514271067941376,1.1462900900767192,1.7038102007519709,1.0002120419160545,1.7203417080430436,1.9641002086404509,1.8424766600267672,1.6201472689077916,1.5803925571718314,1.5530012331666387,1.7808364457100145,1.3315615066969493,1.270796163466527,1.1509796266189873,1.8078318157876099,1.8151723670549262,0.8230391824999757,0.9178085973903618,1.575352823920267,1.5656029202086694,1.7056511013756666,0.666878626732808,3.61311758980981,1.6378103148903915,1.1137001509859656,3.1283525001717623,2.2218674490246606,1.4331535580353052,1.6016500610596833,1.6675557158285124,1.6502823196501433,1.9599502300503864,1.8344505924099348,1.177295226949459,2.0159502698873135,1.0674764201969051,2.9309820405592943,1.419741538021537,1.462610605184032,2.0546939298593356,1.4385472815651439,1.4405539001775511,1.936765630334422,1.7280612305560583,1.645206009848514,1.1818095354285292,1.9198077765344275,1.7704794539944437,2.7698795973164296,1.1276751660945747,1.7954767989038243,1.5937320502237124,1.4929491979180138,0.9051117343732074,1.898809459546005,1.6966520682989106,1.5515415829571182,1.8321561304409915,1.523354830939588,1.8700106059468256,1.7004674074790689,1.7960428840342888,2.0200811805968364,1.7155731645293744,1.1473670188931744,1.3402242350154254,1.7267888758397774
CHI:41,0.8780974619180961,1.354933758357188,0.2565617841806187,0.7963510959218894,1.2339718216433415,1.109929402588968,0.9526905955175107,1.5207703177058864,1.9512228493343804,1.7639363200440272,1.5855985002722168,1.7931735343556183,1.829704125628465,1.4314228131129638,1.5484508444154954,1.4222193882763392,1.6806412261257158,1.4906367674719934,1.5313005393522725,1.5319760353176919,1.4333778840376619,1.3612667164541095,1.3386637576216978,1.2922732784279025,1.2746703782901472,1.4717216375756992,1.2020560796230253,1.0501039393426481,1.1990916268787244,1.16386784377443,1.0645323522471637,1.9594585917802787,1.1092181431178958,1.990173210203383,1.009984938437606,1.6293773205144828,2.51979780691613,0.9968630965687385,0.8675145447922069,1.3595704980843892,0.0,1.0138825168248335,1.3187653225539386,1.361111328961803,1.692977621451657,1.5435566052397713,2.0600673733549333,1.8036277094019075,1.7211863529949487,2.09792399170443,3.6085846157804085,1.8065077753594905,2.039479592006595,3.9611626618576836,3.774193286987774,1.6915840228402916,1.805718740120652,1.4138900379585106,1.328351870235855,1.5187474433667534,1.5374814793370934,1.7629793664404585,1.5184936791250274,1.7269327063642232,1.5273841184558752,1.6233302012794972,1.8201816425478183,1.7558045657751047,1.3405567494478896,1.8301251470117446,1.649790254786041,1.7076872815694706,1.8551636696055027,1.8230476787311312,1.788070554287065,4.138076427893174,1.0707133453482887,1.603822157128826,1.401659553968769,3.4623332537276785,1.8204681161573497,1.615714999891968,1.4246952882587265,1.0448588739704074,1.1447957348119424,1.423840387798817,1.3276716926981484,1.6217927095063087,1.3846988071245903,1.3957834033486631,1.0839527393371242,0.9965671495642657,1.1445145367006933,1.4872196292322735,1.7188867829525838,1.491581864377467,1.5548937035289156,1.3930264118036912,1.6075339718045483,2.0998339586513017,1.5938066279791336,1.6992135613031767,0.6696879605577072,1.3960810550826441,1.6550628391205078,1.4447072794538118,3.187020615967301,1.5585238950934135,0.8386484682550491,1.9017940142736574,1.2821141971231518,1.0484949038932123,1.8565053772839044,1.4511804775269272,1.3292507202775623,1.616445430430831,1.923311894563762,1.4351167981627437,2.102379454988222,2.052768313943357,2.129838682644866,0.6176415563894918,1.4652607856353883,1.673415404030295,1.039886210328245,0.7319959220830015,1.4301019505434276,1.4287028779585518,4.787262056459052,1.1348535771486932,1.401764793610493,4.2126934034172665,1.7033542568198894,2.216238434888108,2.4075734126230017,1.4126388111807977,0.9474613291557186,2.873664119224188,0.9673767053594317,1.4413225137138068,1.8139481763887024,1.744842301565263,1.7410249970860143,1.5539102893951342,1.4646237579535921,0.950415410016506,0.9456599507266057,0.9360989227713576,1.7077415568056227,1.6339613784204674,1.6332753109744813,1.6075497051798693,1.7736324966932235,1.217021611334147,1.718821104676409,1.6847036956601853,1.017938702915615,2.552835875206936,1.372804683237611,1.0893516843930262,1.9928277241035288,1.379120778334635,1.3690961019408516,1.8223962899755866,1.2825109799383538,1.6668369160075227,0.8205409974913875,1.657751217785365,1.8632479316110968,1.4827945048489757,1.2345936903504908,1.5719019696693968,1.8182978446106788
CHI:42,0.9323969241924188,0.7856830217314957,0.9675441079112573,0.5439482193392655,1.0177615842445515,1.308350532966427,1.0759496149683956,2.248379812096974,1.163713615625133,0.9202054396917132,0.8803709327057336,0.9555724012956369,1.7732462941853018,1.059955123734875,0.9415682741684734,0.9189196864661948,0.9192414826128952,0.8406310838605701,1.047330261775378,1.1331973467728584,1.1674087947048541,1.1299934409879704,0.8354420397076547,1.253510583036706,0.6731700289748843,0.8428033176589839,0.48880352895050505,1.584610139702993,0.45588398804958336,0.9838712685367201,1.1961293021945274,2.6526744094840238,1.546970555508706,1.7161418695090302,0.9457018901814167,0.8084966730282918,1.9856157392675953,0.32531408253166233,0.30884078429684764,0.9282294472029865,1.0138825168248335,0.0,0.6102244775085028,0.5111789117995971,0.9282617946688099,0.6113977241881013,1.8132265217512729,0.9535798036024585,0.7482180686857478,1.901928787559475,3.4930598276115945,0.9488520541277368,1.0972484790341341,3.725112980972419,3.526956895338122,0.9651400806427101,1.7770573084738046,0.9245915694728994,1.003896273665308,1.02408160300864,1.2208296455993193,1.0611693869995769,0.9881601401608061,1.0311832032691943,0.9932371129899815,0.8913024239976157,0.8981877420274036,0.774508217852427,0.5049460660031325,0.98379596119544,0.8237544074245436,0.8774992690242339,0.934192529493457,1.081665322641892,0.9083835895139296,4.109146408543804,1.0415232249056936,1.1138500844820052,0.6084111098381026,3.2631197014491735,1.2499630322877817,0.8942658014551704,1.641169206704974,1.5776672758274914,1.0747581560892316,1.3915406272718718,1.4700645039280453,1.170021639804415,0.993951442781946,0.7959793801194449,0.9730370649520054,0.6506267909826167,0.8113627651670783,0.7900039263768092,0.8524835955212239,0.8571414932882283,1.0534785994534612,0.8309890781649433,1.0176060727441116,1.7394622589983335,0.8283146518507197,0.9652411580205966,1.2330557762537733,0.5783350628145048,0.8844889237352687,0.7345639436907468,2.966209946809785,0.7251894229610565,1.0876698985208242,1.246945156531008,1.0441916800958722,1.231802668174697,1.1443313322657647,0.7876465583064891,0.7456294647654332,0.8859574740270004,1.4052085743106586,1.170611550952421,1.825142532503891,1.6856946594765922,1.3601053227775877,1.2117642822340389,0.9651994704485364,1.3040145614630743,0.9228646241871455,0.8106292624576299,0.8666801486340087,1.0416671437677056,4.432297112196311,0.9523633390847599,0.7981897152621831,3.9376725832695967,1.662064729139983,2.0905307733379987,2.164406711585228,0.8792770148827745,0.8294305507114962,2.5976939139141915,1.0995368298592,0.5661996415067999,1.2077349882098445,1.2568405122717619,2.230725343852484,0.6777977319974813,0.744838375570376,1.3028391918218012,0.6961238734674257,0.8593578699180083,1.15375530186842,0.9490874277753345,0.967454626652933,0.6577952224304991,1.150885464664335,0.9170895365102621,2.108799282406873,1.2797317350549855,0.9830851871721108,2.2993274032904285,0.741269417589173,0.6538966304922499,1.243874085262833,0.8930052228081875,1.004167390967843,1.0654503564060784,1.1305767375534956,1.1924994478307676,0.9165888442700596,1.0545238863825006,1.3067592089673001,0.9147861592199545,0.4019917977410923,0.8222036949665038,1.0745440869393426
CHI:43,0.7593663657211499,0.40401337633958834,1.2789201557653744,0.6655619066230692,0.70162858771146,1.0657710298091836,0.9256202100285215,2.2408253494171024,0.975175015112818,0.8606912079706289,0.609918260333608,1.182136680118917,2.1932536183186104,0.5810658963202207,0.5063315394319382,0.5702003242544637,0.7499923898964556,0.5859658621522409,0.6456930163753539,0.7439488216104843,0.8612783289823056,0.7580345170844235,0.5846311484559218,1.0079043324532997,0.4961566056339833,0.5419897593450944,0.4296449266761979,1.767128884171167,0.4642531628914359,1.190604775852449,1.3081280995745161,2.8128203483824827,1.7515200942478255,1.6382243024887917,1.3861868105166784,1.166561522834477,2.0694133551847926,0.4240970948303983,0.7404903926290406,1.4311414029836298,1.3187653225539386,0.6102244775085028,0.0,0.47954456887203173,0.8662375632332908,0.7842564751580183,2.119145187548951,0.9162298735045975,0.7149911001397349,2.3332461711497228,3.8906472458203982,1.0860016838856756,1.0326389010666557,4.121647242841409,3.867408731200421,0.9397582732548825,2.02490409855123,0.7397312677713751,0.94590891406028,0.6309974092732676,1.3856480164277876,0.6628675112505844,0.6572523315689148,0.9439728500409132,0.9792037511598352,0.5804952022660556,0.6812213426887842,0.7429104916741399,0.7653290573938085,0.9764875197395034,0.45769713851168525,1.0979884429979199,0.7463557921446049,1.2996250809102676,1.0531365938315282,4.570634441947129,0.7583428826358487,0.7423975382903487,0.8835258732279119,3.6461674916229647,0.7933605879895388,0.4413296180239473,2.016319381284443,1.6326340193345406,1.1320812040842274,1.4700726100079042,1.39504927346482,1.3962724443759882,1.4193698822357754,1.0862169133608144,0.960851502808885,0.8436708912313848,1.0759469232691563,0.24849538864740583,0.6988745342330126,0.27307068278456065,0.7772547261206055,0.6086280136400143,0.4195676713442605,1.982242848094444,0.45107673803563436,1.0683308363586042,1.477691284808883,0.7215169183956676,0.6073511904408044,0.2953153144861593,3.312126809804687,0.6141019959427942,1.3456501936817744,1.4765052798121885,1.01452360798044,1.3632584062140591,0.6344717912772412,0.33583930535853534,0.2907617451933453,0.641435613180577,1.541875167931295,1.4474042410577068,2.162230944234375,1.964855866329412,1.0485060686490657,1.377063881795062,1.2228315274032682,1.63362071749137,0.9919686586609353,0.7773514229245305,0.5585497685210968,1.3968197133172864,4.800307785822788,0.9173262127329322,1.2579057198171055,4.34719837474357,1.7519095224149146,2.485827660796459,2.420016393622128,0.5303672055663882,0.6996155178751197,2.9728601369849867,1.2089211056846054,0.6066352375416919,0.7359040655908943,1.5021299457828658,2.2420454914404315,0.41178784726330486,0.3642058630874874,1.2626209404321271,0.8764782591114513,1.1527286037774183,0.6827219793618956,0.5755706450458319,0.7060476037054094,0.6059111210305214,0.5656347812894994,0.6470277725715484,2.194174579406896,1.6019120214599802,0.9315855749534637,2.6992428327947118,0.4157156864783633,1.0649128887909953,0.76610761418582,0.5025486977540625,1.0639944715110505,0.5708475827722265,1.4096760875706396,1.098914960547756,0.8800921261935148,0.6525691736578139,0.8454273942760241,0.6032633859908039,0.37341002619101643,0.8174530189877898,0.5725090981150097
CHI:44,0.9756163459253646,0.48169642982398425,1.3311946847726737,0.6305677947083858,0.8377588577013193,1.3672961911878565,1.1167115023815095,2.444787195696194,0.6937691706319439,0.47193326685256054,0.4135294877474694,0.7223151451839478,1.883641008746507,0.8107400683086163,0.5505165498555641,0.6389587767262853,0.484213577591335,0.4251447693347396,0.6809408066140478,0.7907459229238891,0.9528358826948258,0.9670243605134253,0.4849861805027229,1.165629901464824,0.32710021970638975,0.5677843904938309,0.3596210143410948,1.7782836100118313,0.20935692884696677,0.974063072395997,1.1637399934072374,2.9138056114983266,1.8250557776899679,1.6739355962977551,1.310632943159541,1.0777564246236602,1.8905862596206031,0.5958215930451678,0.7467209607366215,1.2072043936396668,1.361111328961803,0.5111789117995971,0.47954456887203173,0.0,0.559610716914322,0.38116801401661304,1.7787736603208537,0.6329059381597308,0.46075218980194177,1.9765126624107168,3.5612278393625125,0.6494480830736324,0.7595895393754067,3.797239541750058,3.539309041075858,0.5319217936477005,1.7243477749262301,0.5510455539434597,0.8016309422883522,0.6708507773162005,1.077760742765502,0.621447709794385,0.6172528515385788,0.5895091775340665,0.657081359465256,0.49150784139901443,0.5174997835993597,0.5415465995221518,0.4387026395078909,0.570048695399754,0.42194869398066975,0.6542333258613802,0.5333095462241777,0.8830647272932667,0.6048670302260695,4.212947906017414,1.063858240625697,0.7503243556586305,0.4909959702304786,3.3326508215980577,0.8529535015162667,0.551210317619206,1.806802084707229,1.78954169006309,0.961964359780456,1.3025059678304953,1.3490456137341338,1.2738586476798006,1.0562115261689666,0.8876123718433859,0.8465588680629887,0.7606626219809803,0.8151425610946996,0.5667507997024024,0.5406969541249245,0.635462094910844,0.7120402858991397,0.5302588269880486,0.7635633953107247,1.7457791638391105,0.3930367217755097,0.929291360703987,1.5224969280602692,0.25749216496347643,0.39385582919772183,0.41129918468570664,3.0651964055333214,0.4803101228728046,1.3276227734643467,1.226982938292873,0.8394250556115561,1.4073547701426772,0.7470665316804551,0.48051446874349374,0.5129806592820798,0.39286053879415067,1.1533257807665898,1.1168814953183324,1.9249982206129599,1.7930095269862394,0.9352784120947559,1.4624643547650231,1.021415153906861,1.3478181829959488,0.8396928645327686,0.9294832703251882,0.5556472621345564,1.132881433309006,4.465410395145981,0.7924254630866194,0.9228210057865402,4.014451538324504,1.526959865734464,2.177609916452476,2.234134040357342,0.5491637271170622,0.8992721361024717,2.6868505907802893,1.2069846406365068,0.34879537012529965,0.8480967671456179,1.2121518538348475,2.404132836262245,0.2961891982094863,0.33777223608630835,1.4211482301940586,0.7601435321539033,0.9599748054389841,0.7715619635033413,0.5242061397798096,0.5554058978921426,0.39477058018209077,0.8185904335429567,0.8253354025597193,2.2394745751114615,1.1877825456456277,0.9869481728057037,2.417330379426482,0.43121903763237945,0.9506134418975606,0.8459552133786797,0.6050912378054696,0.747549537461257,0.6982318408885213,1.1199031799112136,0.8669153564100814,1.078988888157248,0.6653999385535927,0.8818973190621118,0.5510630982174824,0.18379442011411928,0.46227877743807533,0.7279303672463708
CHI:45,1.3337411568472515,0.8223909942804615,1.649328807131805,1.001657276223074,1.006055695727768,1.5690509503000138,1.3114599266790576,2.568982746164658,0.6873051116796209,0.4254115935012451,0.4229051155074795,0.726968693133707,2.1535835062443693,1.010225851440012,0.7539338011910679,0.655979058167981,0.7392588367180999,0.7251247682764348,0.8949250346378924,1.013914094168251,0.922655565342937,1.0384200706487248,0.7449360835533941,1.1808255546053312,0.6954547473438446,0.5205466672323431,0.588118874996416,1.7989301384076464,0.6020289507892558,1.3350668189637391,1.2449015320059247,2.930863565145546,1.978237582266106,1.420568165745927,1.544479431677347,1.2962597551034778,1.5332142672100364,1.0271403326992021,1.1834896691189216,1.617455312719557,1.692977621451657,0.9282617946688099,0.8662375632332908,0.559610716914322,0.0,0.6697975957258087,1.9992108725085798,0.23277693978046582,0.6143023407486665,2.0894234801617277,3.735069151955306,0.7810778314200281,0.9048136416048065,3.995881027545574,3.727518566590943,0.5799022432781478,1.9192929749577896,0.7719805291127777,0.7028457789437268,0.7277948659638284,1.3487078478423837,0.8479642649008059,0.9238691956194224,0.7497466520351443,0.9044461701032918,0.8528088031720241,0.7130366423747616,0.614128859530165,0.5146724436667143,0.6857176599054307,0.7061960015825599,0.8365178790158346,0.46295406026550495,1.1184535213252587,0.6296407867503703,4.33664025035321,1.3082567106568794,0.697800888958117,0.53681339398632,3.537006846191705,0.7703973311198477,0.6135930366649655,1.7980353066743708,1.8825562332558416,0.9721729825545419,1.107520243341619,1.3121828403690745,1.7220829011084966,1.0468728753001177,1.321549040756789,0.9172433848066944,0.8594483944842783,1.1063881506505697,0.9620352408637746,0.8207762979825489,0.9779515033968428,0.6367851722557055,0.4902849782146127,1.0237566962199154,2.0477274048178282,0.7163081033092245,1.3833983703703003,1.652042754596622,0.6220966561164756,0.6061659076368678,0.6292503644128967,3.3679698883012232,0.9533144476367837,1.388342947424696,1.5444789752797752,0.7817988252554109,1.3872353673320492,0.8930702916890809,0.6680187627217472,0.7785811595027835,0.46235462002917616,0.8566986005785955,1.2015059524768477,2.248587077855704,2.1868896194494973,1.0684202140625887,1.6251445779715148,1.4321567707766134,1.6689730076593403,0.8933014433508074,1.196831892804529,0.5517540228426785,1.5231795532147852,4.683851354973264,0.8491025092947692,0.9163248474980971,4.230977902769908,1.2554859804679994,2.458993974892508,2.605083704945493,0.6820837626182462,1.1231291821868914,2.9206151028879828,1.1982926056388183,0.6729675865752156,0.8042762364154277,1.495396036495853,2.3796795116062612,0.5496766811215922,0.6849827585245686,1.5197816491059093,0.834939682379375,0.9837732109178728,0.794970363709173,0.5061445931822991,0.6101154093415785,0.7610357517198642,0.9774004865851402,0.9552225167540394,2.12481792057133,1.3269520053949289,1.0267674016937458,2.6977292813686082,0.7269683096830769,1.2829424668888791,0.9648924339555771,0.7706884995687308,0.6885562520093167,0.7664191797820267,1.0677388758219288,0.5595647873802707,1.2938781625141764,0.7338571572123538,0.9015316871063757,0.5407800113807159,0.7186589986692451,0.5793375612123459,0.9842276040163203
CHI:46,1.298283287550093,0.8050551284889031,1.5246475558032326,0.8859108914543276,1.1905549808595228,1.7179383229214817,1.4692080158845082,2.7503959548792674,0.6928210828494484,0.4346703417092358,0.697331126839536,0.45964299371147593,1.8060331298249346,1.1707032602096086,0.8579615505536358,0.9918976191448531,0.5445393179066241,0.6666131314823882,0.9900553244151575,1.1032361955653887,1.3121359046692371,1.3362271573636315,0.814835048106484,1.5214550324346412,0.6712243167875305,0.8853994403521538,0.6751053479458072,2.0128320382126783,0.5490878094736725,1.1029914323640282,1.4162809057530192,3.146599858898462,2.0531142942358622,1.9046895931598296,1.3943196914726095,0.9518081419290705,1.9401144383059892,0.7996445172613933,0.8714236329813894,1.0402952526188212,1.5435566052397713,0.6113977241881013,0.7842564751580183,0.38116801401661304,0.6697975957258087,0.0,1.7076224925414787,0.64902108220017,0.33529614079090814,1.8761167371461998,3.4243895143889302,0.3656661519218375,0.5463597527685529,3.6085277828012563,3.3818154194103416,0.5304264240275525,1.7668089503241273,0.847403083629624,1.0941526545444,1.0258732691021422,1.1372212822862724,0.8194686884868292,0.8813817011815442,0.620124627749988,0.7286512041666929,0.6647736031556565,0.5045417465864834,0.44450344617939014,0.49154818978822945,0.47214573986090164,0.6074086420224939,0.34991235573300244,0.5622667265208474,0.6325755639000035,0.35645139845524915,4.0548060632537135,1.4231839486968962,1.0623604371473725,0.4079574255322142,3.180893736087964,1.1373209382278204,0.8362402415052494,1.9061223077452398,2.073285840115728,1.2241698462740325,1.5234205065774356,1.651201042403242,1.2535542207567354,1.0255267673444963,0.8632448416923062,1.1427765109050112,0.9291126049129714,0.9434059266131557,0.848859159843821,0.6449482271561657,0.9481077784180135,0.9772280274444055,0.847505978816814,1.0632435964767897,1.6972686076062324,0.6507796254734507,0.8673920833967649,1.7366531394360096,0.2747165854244609,0.6262419222549753,0.7527483914751637,2.925569565432897,0.5648281121867756,1.4934729944843739,1.114972706818932,1.088193250863041,1.6339826305651006,0.9667346177610356,0.8054577789524726,0.8551069515501004,0.652721883527909,1.1806290346522978,1.189594829266555,1.8395511057646008,1.71025587752416,0.9537119888407287,1.6952587552663285,1.0167836990095511,1.2825771955188061,1.1084577392275103,1.2380431883107992,0.8952619459926638,1.0755174951137314,4.206800510606359,1.0937307633664544,0.831161569345923,3.7833222788101653,1.6897449877005328,2.065884977044191,2.168280897918111,0.8768155128047301,1.1928175462081976,2.5428502966441613,1.4552477660812482,0.5000365963663498,1.107619144481878,1.1717930463916646,2.6840750453930515,0.538614156105706,0.6675615760600632,1.7346782720624505,1.0030457357048193,1.1169647097028599,1.0730399541337277,0.8126723579283285,0.7407980215459306,0.41595829915572285,1.1092085858795389,1.1329485125234924,2.486522310296554,1.1045956572730344,1.2919399683862116,2.2661166796629026,0.7245029157125779,1.020479189396122,1.0042583435519326,0.9462516124375655,0.934192541340029,0.9174574608915602,1.242601922258118,1.0924730263072449,1.3557873968659224,0.9219965049842286,1.1458644933828381,0.874887964160951,0.48589708747254934,0.6072912269826408,0.9180793621054413
CHI:47,2.164803498352429,2.0459821793778676,2.0115318176767114,1.8606071069871062,2.2423570339500527,2.625698910446077,2.2568165642140463,3.273402693371522,2.019136259176794,1.8618520112905241,1.9675616369453628,1.5176792158235972,0.553530644550659,2.2879743057717583,2.1290655109519703,2.1883069711785135,1.8828089914108392,1.9238031287384114,2.103319478925305,2.093769386404938,2.291700961629228,2.4001915415860453,1.8891892453868766,2.4671431068020895,1.7921381235555307,2.1847744009451193,1.956231381857427,2.5208533209064883,1.7759622823178216,1.0734489843121033,1.6984642352082087,3.5732847119973328,2.321523047805661,2.7505270617753994,1.7359311377505497,2.048129659914786,2.530395828931964,2.0539336975304385,1.7767214657640256,1.3996934756734445,2.0600673733549333,1.8132265217512729,2.119145187548951,1.7787736603208537,1.9992108725085798,1.7076224925414787,0.0,2.085850659788278,1.999753019009465,0.7714087979043768,1.8706072714576474,1.5768304263691586,1.9472562372392024,2.2201507637873834,1.8793539822067509,1.7358942536357427,0.6106949858967735,1.7085794371248542,1.9275347916542844,2.1179465980438605,0.840567331897711,2.085004157437179,1.9605229907564796,1.7012306436550795,1.6367171929017346,1.949287636060181,2.0630806921520857,2.0883991843530065,1.780698686085847,1.5720830802716643,2.0794898818483705,1.4941812003606911,2.084670790616953,1.2713652653542153,1.6098009862250193,2.591869034093093,2.3683361892039247,2.2737527351336704,1.7992259476269201,1.7084638038197322,2.417460241591146,2.2679280152800323,1.7905319177068324,2.750888229100232,1.7995117727406598,2.120617555980639,2.236034462616643,1.195105992639794,1.3996675755337797,1.2018457824959148,1.8964458731279215,2.155642046055627,1.1569940073563947,2.1109580629916525,1.7191336642216868,2.1789837114223616,2.2635511453222255,2.101726868399757,2.3731299615935972,0.7004763900161693,1.963343193949775,1.4423592066974031,2.3764622501043413,1.5858515042970143,1.8357006429322893,2.103130416648898,1.61257215485706,1.6800880500194595,2.4092786314637755,1.0606880034020503,2.0182071255798606,2.5514331604207596,2.338573287528952,2.1937503297728207,2.178889635185336,1.8714356482129664,1.588443289103834,1.0399371425737103,0.7763618589804225,1.0760702272127758,2.2468218775279505,2.4707724061993503,1.052360357708427,0.6141734214664235,1.847318769401793,2.1802934135178758,2.1359534957813477,0.8665767931644278,3.0859004813862305,1.890287148433285,1.6659148959909111,2.536685419754418,2.2746825415548293,0.6207940223715387,1.071370649566695,2.147942421768706,2.3662895201583027,1.2466904957154405,2.3305361502402917,1.6573505474580066,2.512219059168478,0.7328361504722335,3.3881681871662908,1.9745592839213688,1.950885458616533,2.5473436704792856,1.9105313432077897,1.9013255755658025,2.348523569741949,2.152777831074242,2.14361705200041,1.767010526102468,2.409656313830284,2.4115865132532557,3.082489067043373,0.7312779703138376,2.288798575617275,1.0434294178514343,2.091570802565422,1.4947978518879055,2.4184193118838597,2.193704471424005,1.693296148160937,2.3872477413255084,1.5333700545628997,1.9484031769597658,2.445964857111342,2.2810292315719027,2.3571154782121013,2.123022404233999,1.7945055041569506,1.5289011992797987,2.2988244420566226
CHI:48,1.4756422947368155,0.9454351337487958,1.7513771337637973,1.1331298776296044,1.176737817594212,1.7025285966119594,1.4643496370271414,2.708106846871183,0.7369103604718416,0.4625048254575538,0.5797270480257313,0.7042900489146257,2.234369410810561,1.1538829580425412,0.879801242384074,0.810016592715998,0.8114891940092276,0.8504501942439986,1.0490150439716297,1.179810650313518,1.099392208804292,1.1914524039475314,0.9173983974703412,1.3440385419113512,0.8451985460544486,0.6353766606903892,0.6795837500278679,1.9328978197928788,0.7126639310623658,1.4736565183556518,1.4428340981441752,3.037478002892462,2.073903778234296,1.4660869941226988,1.5809968082189583,1.1781475061562914,1.4951225571795999,1.0632468463015043,1.2202949645604841,1.6178937014294592,1.8036277094019075,0.9535798036024585,0.9162298735045975,0.6329059381597308,0.23277693978046582,0.64902108220017,2.085850659788278,0.0,0.5191218800904209,2.143905103191786,3.776216712347219,0.7712722603863031,0.8296887277602267,4.001944807590243,3.755321830555614,0.6898489264493203,2.064369968373427,0.9587235063675312,0.9061265686006155,0.8983040049518919,1.4856093677291204,0.9333344213933104,1.0642071849035606,0.8608085784248701,1.0452983023032272,0.9264696924575041,0.6677702679272453,0.47479570478786237,0.5331409245064341,0.7171503282504798,0.7356113325785756,0.8345167982107219,0.3782586756846632,1.1367103574696367,0.6037070511905667,4.374973045853898,1.4366052612335487,0.867454931496723,0.5581984258216128,3.561156148267004,0.8944119332214444,0.6744248198367045,1.9078962786562024,2.0021784841617465,1.180517508248212,1.290500963736156,1.5266199728431227,1.7504252930873503,1.1133010082497152,1.3533865666095497,1.1237263467351806,0.9474126710641332,1.2315991103539254,1.0131479758563757,0.8282859223826314,1.0429179928965102,0.8020061317815532,0.6610792976951261,1.0907846691644458,2.09604751657219,0.7925873438848984,1.3826441100547606,1.7598930879323267,0.695483170478386,0.7055042294911184,0.7163397317060447,3.384142653031108,0.9798335524698798,1.481204936781407,1.5424425347310886,0.992371539736214,1.48567010561891,0.9450445972968652,0.7596396010463077,0.8817290911241251,0.6069155270198814,0.9691387211934611,1.3337009795352244,2.2836803194912316,2.2039127073562907,1.0910386125482932,1.745488113918454,1.4811333520223702,1.7273581294306875,1.0905954231835768,1.3324155887960576,0.7094708440044598,1.5825402662044217,4.661542180825749,1.0581510051810887,0.908446206822546,4.221219679441632,1.4335918553364506,2.52196620243907,2.6460647692138006,0.8337874907499857,1.2353784097346012,2.932383159162671,1.3324800674736317,0.7017901755897459,0.8874012558071764,1.552874676897161,2.4878090782483455,0.5698153427402298,0.7858562101945951,1.6616243804124946,0.9732666848416823,1.1192505069490934,0.9239626853413838,0.6319720438139994,0.7232098006557476,0.7363500620092776,1.046844949274723,1.0757562141793482,2.2410990634244663,1.4208438753118038,1.1815235428919784,2.7140176829207037,0.8348685626322663,1.3157548451175574,0.9881104424932605,0.9162244098283812,0.9033876085646648,0.7875472138814583,1.215730624132957,0.768850396103529,1.4000178883750938,0.8507487029109173,1.0314311422165934,0.7121879178458955,0.7868251827921359,0.6830351582569144,1.0120178959698207
CHI:49,1.368620539623783,0.7987552565883417,1.6912566775672924,1.0317163636758206,1.1976124307131424,1.7155486130477753,1.5142790053364323,2.810375379228153,0.6338888554937953,0.4242599699208013,0.6508730863381754,0.660343281415306,2.1240760114107085,1.1214915627874646,0.7947031315168733,0.9329372496007561,0.568735261031004,0.6935784850648506,0.9750217816957889,1.1106136084603655,1.2834850161827251,1.289901561196321,0.8709091192677816,1.5073799593686952,0.7544945454713322,0.7912967015816635,0.6876224097008817,2.1225788470672913,0.6432657603497607,1.3644224114079992,1.5912930796353695,3.225582841588444,2.1662578295301644,1.831991570454125,1.5628751049233556,0.9699271924986365,1.8992488822309224,0.8392770400871317,1.0163650510605322,1.3128374325696632,1.7211863529949487,0.7482180686857478,0.7149911001397349,0.46075218980194177,0.6143023407486665,0.33529614079090814,1.999753019009465,0.5191218800904209,0.0,2.1592915561370503,3.7041785520294805,0.5628304824983343,0.4577215285269616,3.8673477448166507,3.6399246534840586,0.6423553339325458,2.0541216431173344,0.9452938129092968,1.1568869162337643,0.9827150769006596,1.403949924652225,0.7418065954835941,0.9093274144515489,0.7308740232703232,0.9094629050262396,0.645494328813806,0.28660149032795856,0.15330956752056843,0.5931100896475731,0.5780339628709193,0.46657093165536123,0.6198480413834359,0.3169184075332778,0.8976455888142596,0.5135285677533281,4.346455030844799,1.4213543070790513,0.9920302469990492,0.5676117021867187,3.4466753095725187,0.9986233347531803,0.667714931991788,2.111925577241482,2.128487919202612,1.3660267733631861,1.6201716206393213,1.7396338959684434,1.456645101434135,1.2582755884609098,1.0921818941742243,1.2598220171460783,0.9995827862685344,1.1916781153200318,0.7654583137708946,0.6266581540694127,0.8549849546345109,0.9251407116440981,0.8158911952264557,0.929257821352255,1.9310288807964604,0.58694684536908,1.0110544198217997,1.8516295265860105,0.5218947871724872,0.6007887030703709,0.6589056646826001,3.1765548565855006,0.6288712862408913,1.5892370811987424,1.3091734414235319,1.1776539117815388,1.677077068919129,0.7928942882920136,0.701609192183978,0.793288009273477,0.6321398584661614,1.3067557414860995,1.4357347421475843,2.0962606069568532,1.932331600303657,0.8411083455271596,1.7960494077394458,1.25115263779295,1.5616387221142245,1.2425821301683626,1.3100496811825029,0.8397686243021434,1.3652524569435476,4.441700101079989,1.2012021158224206,1.0121714822582424,4.039555011551596,1.7906573809188986,2.373095423272046,2.405891731977001,0.8392579242351471,1.2043058925423782,2.793666640445984,1.5238590545808373,0.5720507824301263,0.9327486293162278,1.4162026088649962,2.6990310361255743,0.4179534699177984,0.6339399118432083,1.7776970086729866,1.1134708707242371,1.2761186436098448,0.957252327314736,0.7006961808843752,0.6796458901855335,0.4040244120053116,0.9471139884575982,1.0926212027565614,2.5304716950919612,1.4037595463811192,1.3292072867650175,2.5348839663096223,0.6966585239365304,1.2026145513757118,0.803133804733217,0.9046739597954359,1.087083464931518,0.6946730532336692,1.4399855676172364,1.1204988810362324,1.3839216869622653,0.8207804987961199,1.0387478485865427,0.8254616161787336,0.5697673235181795,0.7146379725430682,0.7501951293818668
CHI:50,2.4128673239036695,2.333628500205263,2.0091161820504335,2.0405214967982173,2.478677395518563,2.7820668856987423,2.3934180938378025,3.251935381376066,2.31622781285872,2.0667563375745797,2.1893429558098405,1.62177771301292,0.6998475565604209,2.5681535924231755,2.421731860229308,2.362180813491739,2.2046019223088256,2.2335713759110503,2.437485028776225,2.4555510526793833,2.4506312438646174,2.5829973117102023,2.175513374436642,2.5854343086613083,2.0549051094315582,2.31458156325083,2.068111572095923,2.370332232979084,1.9426850787306587,1.4182632380764484,1.7871086193436407,3.324479852448271,2.1541099152749257,2.5974861518078622,1.540477617577333,1.9651462918162304,2.230748378589996,2.1923061952362985,1.8614392958401087,1.5043727386920833,2.09792399170443,1.901928787559475,2.3332461711497228,1.9765126624107168,2.0894234801617277,1.8761167371461998,0.7714087979043768,2.143905103191786,2.1592915561370503,0.0,1.738579623774313,1.799184975975826,2.214249610848262,2.141877084485491,1.9320670851446158,1.9968905830752486,1.0318442694907013,2.023817013205789,2.0162218984521907,2.3604095733898185,1.307320922147933,2.4388306767920893,2.3297012217987008,2.0436484109463917,1.9954530517612465,2.2977493952854835,2.311621749288957,2.20460377937177,1.800409874058066,1.8465756897357395,2.3500231446065705,1.6952884927409342,2.25292939980785,1.5823272196607021,1.7599050105056895,2.289968299360662,2.547375101980026,2.500540976325438,1.8479926767252581,1.6429465827183205,2.664919111407268,2.4662450981309925,1.4130777644818104,2.6819619272600645,1.898508239220092,2.0670724514139116,2.356080550237269,1.5317713493060976,1.1998409180237135,1.452914220881656,2.0409490323716697,2.1802992266785552,1.3388628209665407,2.395589888886184,1.9734171733235546,2.456220408917384,2.465271553510878,2.2500533123117834,2.660931303883008,1.107312045189995,2.262674057058655,1.7944977840987861,2.261584239317907,1.7926832856442223,2.126310164674649,2.3087058378196423,1.741319258232924,1.9991777575164427,2.3123237201087985,1.3398560965279778,2.15435710699942,2.4383268581878803,2.651863967504164,2.4063660616529887,2.400951407409886,2.1180420373391953,1.5526069833555471,1.0743385686413618,1.0150858928055235,1.3997836066150624,2.629677245799399,2.4500644417207926,1.3596559127798569,0.9591864933766094,1.9452284062181828,2.314460855435116,2.303850518871905,1.177320959115945,3.165672606255771,2.0410529710501883,1.48306744877644,2.50798763547955,2.217277269078262,0.863209382011066,1.4809693592454425,2.3818419484166395,2.5020488404687193,1.1953294872060019,2.279520608315755,1.8160575591958386,2.7474560379048714,1.0816940562249668,3.2446857814861443,2.166377645987398,2.2238480774103144,2.5777707160193564,1.9157664512553498,1.847003381417068,2.616522380242332,2.3713673502799275,2.395442572449207,1.9819840401754427,2.7041544062625564,2.573413795706638,2.8706678663272696,0.9436485699221614,2.3499448813790482,1.07573145662936,2.341595545944677,1.4831923541147405,2.7405375935330247,2.4324624426598236,1.8413609674739646,2.6311578052127214,1.4256603337265343,2.0445469421885614,2.536510416656119,2.5504638770986836,2.6784279997824307,2.3216708351431894,1.9997118193059045,1.7266026146040299,2.6252420868515243
CHI:51,3.939169275962363,3.882629294448504,3.5356477398287356,3.6320786166502916,4.071823298139039,4.353299490827421,3.98151612684376,4.740213715180819,3.8095220023778373,3.6257234005115038,3.781806636454318,3.170410914431824,1.8404925842304611,4.125334704733813,3.9723721390517217,3.9922059978534388,3.6985094717499964,3.7666966004778697,3.9635966345441447,3.9582965351729684,4.079522957932193,4.198636274214917,3.738578615564092,4.224544596955362,3.624861036230697,3.9591208885545055,3.7099889963167536,3.988775299122843,3.5574295098084,2.872848742190926,3.3911002477803245,4.797261275893811,3.642543841096445,4.245181174010408,3.1012935038786007,3.4525668465344097,3.7618276476773294,3.7619709899603677,3.4067287309306735,2.840647281389676,3.6085846157804085,3.4930598276115945,3.8906472458203982,3.5612278393625125,3.735069151955306,3.4243895143889302,1.8706072714576474,3.776216712347219,3.7041785520294805,1.738579623774313,0.0,3.2827802205623953,3.629950284189955,0.7349409680675574,0.6306232432056372,3.5372214758025895,2.2448069190408857,3.5636114524449103,3.6824898602252554,3.946352598024152,2.7049849092159515,3.920012673536932,3.81986857877933,3.5263208583181167,3.4785508864075134,3.7736128145780463,3.811387970979045,3.765513839658659,3.4638348315381613,3.328452325183744,3.8752608331997265,3.1923422661616208,3.812206326064435,2.9662664248052883,3.2992981957290746,0.9579269387747655,4.117694468739208,4.109544367219407,3.4950424129341195,0.4592239821162379,4.2502679668349765,4.06308036671286,3.004832527451402,4.2797033736516354,3.5450469117658563,3.753047436833276,3.964276690699018,2.699829875807153,2.93107574694657,2.8511227571343714,3.6784630749565492,3.8606891611856082,2.918734602860572,3.8960454166049336,3.442895309157585,3.969684447526242,4.091986972627793,3.899877325327494,4.186119083817753,2.0382751771135346,3.7792524523892586,3.066823396980239,3.8813252992756055,3.365812544194336,3.6499191063044294,3.899720066883851,1.1615849111724479,3.4368709074111354,3.987917778232571,2.5656490271653922,3.8081232867147268,4.134384030643071,4.159613825224517,4.002385960846357,3.9907289487419706,3.6870566392745747,3.1788685667847365,2.7210546824507946,1.8358567655020324,2.2223934904535643,4.035867031619059,4.064487367047365,2.7109282778447787,2.268129330865834,3.6045940433672565,3.920126994681784,3.938825652952842,2.5391316488644926,2.0343862708030347,3.6806860870681755,3.1779496054021434,1.2935633677197111,3.876905050915205,1.514372561938037,1.876946072803817,3.982811743126183,4.1275870140841855,1.1004290931511378,3.9747263064668696,3.383570195806418,4.3398755285406505,2.42325738981008,4.84434282585687,3.7366945078475333,3.770347605915688,4.207571971259862,3.60904000500047,3.5508671078239824,4.190870505473106,3.967734108453196,3.9710401854367814,3.4843338890378863,4.228631326667507,4.211002011176039,4.49421391146806,2.481473415536253,4.024682987817029,1.3469719424376634,3.916725251735084,3.031208419327943,4.228203891821841,4.028474511894246,3.4825899090439854,4.18507255061339,3.133194245355621,3.693311480798696,4.16325856818302,4.122801501870036,4.210357390178414,3.9435475882398525,3.570345924958889,3.2996883288469276,4.101955614746856
CHI:52,1.5537311375980996,1.016630359407296,1.7982416354940727,1.1424772294860794,1.40281946375431,1.9995354990565661,1.7286772856244654,3.024833085542751,0.6272170669433804,0.44179534685815447,0.8361119200212076,0.2986367558826214,1.7509177046169337,1.3790515072598684,1.0268639490105114,1.2072654316048859,0.5911163874112377,0.8014352911280336,1.1265940232335059,1.225146357633339,1.5076281761514616,1.5684373702389582,0.9714575588377956,1.7541686988449516,0.8629872021560868,1.1194657039432623,0.9695820067710293,2.2471054499042236,0.8165345324089784,1.1710916474434676,1.54271305722443,3.4101903344073152,2.3110279341327287,2.108568534733774,1.6348976786398741,1.2126793140821486,2.0100468994664893,1.1466930220438387,1.1834576585554857,1.1542807720031445,1.8065077753594905,0.9488520541277368,1.0860016838856756,0.6494480830736324,0.7810778314200281,0.3656661519218375,1.5768304263691586,0.7712722603863031,0.5628304824983343,1.799184975975826,3.2827802205623953,0.0,0.4784098613529125,3.4536598303184807,3.2050709213353685,0.4654954367640061,1.686983074092111,0.9386859888515459,1.2467052897510562,1.1916206096806479,1.0786445360047403,0.9104905896244221,0.9940222025561459,0.535533436899242,0.7018181822489922,0.7896874499119649,0.6451697260349004,0.678572611595452,0.7514518557218547,0.3239604947640008,0.8025316525770053,0.15398992073945963,0.6941317010268887,0.39115455579913705,0.21774313063005596,3.9133163932427735,1.703239054313157,1.2135873471740006,0.6140815876241286,3.0445412426041845,1.272994364790763,1.0622945221996036,2.021481823450122,2.357875610240478,1.3538476289893842,1.6444776219400057,1.7886551426153827,1.3331688801469352,1.0931244461654288,0.9792188533907508,1.3050531702719945,1.2051584716270765,1.0473441466134026,1.0977805169194692,0.7733568411181115,1.1954830565599968,1.128344290707391,1.0545537157832023,1.2938974935848315,1.6409669139674907,0.8196907636637552,0.9456445674554336,2.01063364373901,0.45929812003934134,0.7283950749585077,1.0031129212147505,2.8302782919340403,0.7299229459549097,1.7581218902084104,1.0906341307366283,1.2180490350710156,1.9059876312434638,1.109009870753023,1.0522120898243075,1.1168609696115563,0.7601841992797578,1.105283885694267,1.1987559389178697,1.8048254814841374,1.7123107484704314,0.9235075971055782,1.9723592945114283,1.0882455650647915,1.2525558558609857,1.2751256237239523,1.5192016690254644,1.1056776052504806,1.103260898331038,4.001977767373624,1.2530552381154736,0.9786915342051138,3.6124445545227157,1.748729436732461,1.9719606714651419,2.1216575984179626,1.0743996974832657,1.4876308879351714,2.4460351778401095,1.7020427817890875,0.7299134936704338,1.2752074169706902,1.1282830089217084,2.960356271827786,0.7865231739328777,0.8729125031156233,2.006098091371272,1.2442268172575686,1.3134253823883726,1.226959229382269,0.9779637202936213,0.8636449638148331,0.6383753468900627,1.2981484973035728,1.398379537442247,2.7169370303038165,0.9781874547125926,1.5410678879589574,2.185672795921998,0.952105758857253,1.2503337097838336,1.1174425708164257,1.1591165260319563,0.9903384151780918,1.1032853862158072,1.328154332940237,1.158805832424322,1.660968252030229,1.0722118735196227,1.2397712790755755,1.0545512365726528,0.7830691989069032,0.6782247009075958,1.0831396629897987
CHI:53,1.6423300104646277,1.0180581066568355,2.0280729809173033,1.326870980214381,1.4708068798583864,2.055590220554913,1.8520873267474163,3.1893888195592712,0.556829090633389,0.5376575088048119,0.8825669206357772,0.7026333116152675,2.1450718951259518,1.3599744909346363,0.9839556550391682,1.2495752068900428,0.5764619719465106,0.8317639394462816,1.1222596167166523,1.2386970937192316,1.5898050808845812,1.605323275167865,1.071195196281728,1.850262086341097,0.9823811542379611,1.1482438821646437,1.0756582874015261,2.5102422311505825,0.9679586250006758,1.4781408028638183,1.852299235720948,3.6429254246748326,2.5388311576099714,2.2124380827734136,1.8910895031241337,1.2580948008269452,2.164502108272174,1.1946113484093877,1.3338001270836006,1.404208959971007,2.039479592006595,1.0972484790341341,1.0326389010666557,0.7595895393754067,0.9048136416048065,0.5463597527685529,1.9472562372392024,0.8296887277602267,0.4577215285269616,2.214249610848262,3.629950284189955,0.4784098613529125,0.0,3.7426191813313516,3.49632849519378,0.679967179530005,2.0765696136419014,1.092140034036538,1.4601350570455869,1.223600658956279,1.416215141895325,0.7795583268603767,1.0016330983513795,0.6826325402764887,0.9203539228419452,0.6993176229692502,0.39086131207873476,0.5651712203519953,0.9693860012433778,0.5074246920881013,0.6533507984129259,0.5945420247473998,0.5655548757770743,0.7461965761593181,0.5576703061574232,4.300835402029988,1.7518150768193048,1.2308373381746052,0.8830778265463387,3.3537635076582255,1.197484986755545,0.9719685055389761,2.4082388764814313,2.5329211103243825,1.638905872358631,1.9321670402008668,2.0157816719085,1.4794646254551467,1.500955888436451,1.1816893002511055,1.542094383550461,1.3862093876797508,1.3735784529808892,0.982993325322392,0.7384401843194808,1.0887015318449116,1.1759409286962246,1.1444051832350812,1.144874548598099,1.8864556667783035,0.7424292362176121,0.9757983531871948,2.2469579900744763,0.7178754252463841,0.725004646864211,0.9748426717013629,3.072477548135023,0.7007308287120249,1.984923310970501,1.2661598837308523,1.4456149222614871,2.09876085560369,0.8999715698772586,1.0099174533527409,1.0991819359516548,0.8165611968014517,1.4493621489985193,1.5941397057522289,2.07452052291992,1.8917146987503919,0.6524040534989863,2.1750903602978564,1.3099373382623503,1.569727976166013,1.540604265760785,1.6547841706993445,1.1591155458689733,1.4067537980646756,4.210005202707677,1.4813897232367288,1.3128366458383962,3.8755788293840165,2.05580843269792,2.3294132713720774,2.327340737950961,1.1025331211002458,1.5622123238693606,2.7304640086509044,1.9175422349402447,0.843599223875087,1.1526627434468821,1.4151318547484413,3.121365926356599,0.7411699237418663,0.855826685285007,2.159071271851278,1.485042388708299,1.621395188874556,1.1576366509122213,0.9516500988717929,0.8546891228157744,0.6032434469826037,1.127932842049807,1.4332592864606346,2.9402736000969987,1.4196483639584176,1.7008551638949458,2.4780664566630906,0.9520379343305824,1.4766185316161102,0.8463329336105645,1.1739531564912278,1.2977026923054875,0.90353434165885,1.7067385264467783,1.3614751036011175,1.7591298359276033,1.0087052382447739,1.1480027978462355,1.1054478448289582,0.8709708774038265,0.8836060950312912,0.83896123419747
CHI:54,4.261030811749415,4.141923325683051,3.891057458010389,3.9358081015015958,4.399852942850578,4.710417780302417,4.352752928838589,5.204236114592419,4.008222548489983,3.838204832319942,4.048260220789004,3.3647734062746704,2.20828437458076,4.421826163509243,4.229763246488557,4.296632343318609,3.9042030645217762,4.013230182718138,4.241841968055219,4.250997015515468,4.434779846477595,4.535468306136506,4.030791814230293,4.600786948991282,3.902931513729978,4.242464292733685,3.9831434738658773,4.443818642512099,3.8264094692681336,3.2134975828872943,3.8318413979699257,5.288016234793991,4.065946558421641,4.613636825804966,3.4162807826309654,3.5740822558855343,4.069799615910554,3.9949932275936826,3.6503808963341875,2.99029300740412,3.9611626618576836,3.725112980972419,4.121647242841409,3.797239541750058,3.995881027545574,3.6085277828012563,2.2201507637873834,4.001944807590243,3.8673477448166507,2.141877084485491,0.7349409680675574,3.4536598303184807,3.7426191813313516,0.0,0.5826459348267543,3.774967573022557,2.707136040569413,3.870249164105587,4.050402635586235,4.252151137570028,3.0392510776749586,4.136402214581436,4.079179186456074,3.7570820368543987,3.738871473809574,3.980186750054883,3.971071451084819,3.926331607775798,3.7151990761879694,3.5256477068936287,4.073931715168555,3.369488816620511,4.000318062958437,3.1278240610381673,3.4885342078133865,1.2532803946090798,4.449630469440693,4.41105454330763,3.7335466722895663,0.5896341766560257,4.5259963587285155,4.304855650539718,3.4909850728931207,4.699674704207416,3.9505393005332374,4.18784573721756,4.406036892304653,2.8661965883508795,3.2667177528147167,3.0535501923372252,4.057950351956861,4.158265786318215,3.255058763133813,4.111746675777002,3.6366500998739104,4.201408541514256,4.38614039565708,4.198814053289104,4.417682918917181,2.267706104714202,4.000937434766946,3.192884697830247,4.277914655242159,3.599217444520926,3.8855686340278948,4.151782720702286,1.0778277227052158,3.6184466886133544,4.344827244389025,2.7059746633653137,4.168132471259336,4.514057663549734,4.369135715583354,4.255607334348658,4.253148882562237,3.94629843497034,3.5297234130081403,3.116234188203718,2.04160670637791,2.3340839296748426,4.192183892869623,4.445552087113866,2.933226666276729,2.525526478452689,3.9848784483556323,4.256220245766154,4.234919455507411,2.778331613419314,1.3949795917289132,4.052075630469938,3.4429636088881357,0.6497927916903632,4.317214307510628,1.8232173623672974,2.0111549437424303,4.265748896189495,4.434415663136489,1.2138898771267859,4.361393609849235,3.612730189930389,4.593005375426574,2.67607886502248,5.297678500270964,3.9542753224998974,4.013433709243472,4.605730577853076,3.956383906878625,3.9166949992881084,4.46342891017473,4.22911603997286,4.215726166935171,3.6609309321164942,4.46257801917302,4.510682411741516,4.969833263812483,2.8017685165811073,4.387958839973556,1.4667249025335218,4.167111443379709,3.297741761501732,4.414133588354724,4.3145897517235055,3.837142713042856,4.395906256028358,3.5457919021430646,4.044967728520878,4.484739019090596,4.377404792612913,4.4754878221961665,4.235975889694724,3.80728170648411,3.565565202305261,4.2877396633604965
CHI:55,3.988026204350489,3.854410747624229,3.7040642844649647,3.688826366930242,4.09979288435021,4.438276071422791,4.073155409954539,4.97291903783168,3.713200685185004,3.56664237047833,3.7498812904120826,3.1293175898815244,1.9802291786963977,4.112222646455933,3.9276026516130056,4.00296119991683,3.6194058385005836,3.719698636770919,3.9225590578034297,3.919275265623101,4.121838270573966,4.234222979708243,3.7255380459742304,4.305354976082365,3.613211226706833,3.9663549808105296,3.7338810458403713,4.23062786116807,3.566972777833878,2.9124949009504624,3.5280814713659385,5.127436765294423,3.871448434929169,4.361412416598092,3.2648620114684266,3.461274092292577,3.8488151553188277,3.7856508808450884,3.4596130827390574,2.865298504170674,3.774193286987774,3.526956895338122,3.867408731200421,3.539309041075858,3.727518566590943,3.3818154194103416,1.8793539822067509,3.755321830555614,3.6399246534840586,1.9320670851446158,0.6306232432056372,3.2050709213353685,3.49632849519378,0.5826459348267543,0.0,3.486620894812949,2.3397687364102877,3.544722239764661,3.750362525040754,3.9337882355871754,2.6979835632237865,3.827868186409093,3.7642247843060277,3.4515161281745588,3.437249600156357,3.6896914672333994,3.7153847277259664,3.7090199466631586,3.49387871593521,3.2372135499887,3.8016389070062884,3.1339085540048646,3.740955746263019,2.875162587945137,3.242215258266752,1.4423013827176339,4.1736389646378225,4.099394472356005,3.517649759596281,0.4717789933087183,4.20887484664749,4.027514921775647,3.292709602978831,4.481637988714707,3.6499054451563464,3.9033463940641266,4.085557350272636,2.6347710753311184,3.05849575521029,2.82222363004239,3.7614707814723305,3.947201885602739,2.975737342088835,3.837325464768985,3.3558381005117583,3.919199536719617,4.092122048733782,3.91701678230269,4.130020665823459,1.9579116315429486,3.7098099909372104,2.9513213358608317,4.091007724133601,3.34342485987506,3.581079212534629,3.8757800519353105,0.9816923878810385,3.350352229252427,4.163491421320817,2.4597868600547215,3.876143877943915,4.309698041873911,4.0685602730252075,3.980358486254365,3.979847714314816,3.642514510596401,3.2279864225492227,2.820307992438963,1.8125983809084427,2.125524215762713,3.8918326295519177,4.243850860381074,2.6794789088629414,2.2615846646966733,3.7016263062743056,4.007035194454333,3.9461077890858527,2.5398883033190276,1.674074995307634,3.753245754935527,3.2721681622952548,1.074151579420873,4.031284710596932,1.5894806338664937,1.7461682131839358,3.9740603362746483,4.192970168433624,1.0676932249212614,4.129558624197531,3.3572824675420567,4.295529475677089,2.3802197357430916,5.085053561237547,3.69134399210109,3.7253108638910155,4.355291690473445,3.7140548168135474,3.6922514923201732,4.1504760134270935,3.933281584541459,3.9305031637156786,3.413254714476222,4.158488371536357,4.249015536649397,4.75145140380439,2.512949291203886,4.127942661885494,1.3391205010247944,3.8937099450385597,3.1056038435619917,4.118019812954668,4.022719483388184,3.5358376992408136,4.113429964671539,3.2833714993673166,3.7283250065306266,4.258957778812609,4.079833523779712,4.144865121483482,3.9397818286138793,3.556600206009806,3.269790001269345,4.000897912106439
CHI:56,1.2990115975252947,0.7268209655450213,1.7068054346186425,0.941871842052562,1.044142535525817,1.7157093795053535,1.4617710396028245,2.7625268852317513,0.3686266247449182,0.2750934683123792,0.5214141510568069,0.6027529979553734,1.9172573424017263,1.0460451509729445,0.6971563119798772,0.8911714322679111,0.3527118866739522,0.4783267002624429,0.7610291581994144,0.8558110182161942,1.163620161844881,1.2350263042554488,0.626180216644941,1.4203599101885345,0.5929468586549733,0.8625491249350791,0.8050621038584231,2.03596867787421,0.6582426484354407,1.1230012981657267,1.2950252869555214,3.2136235889170957,2.21802410317964,1.9436676249906746,1.7053695606839783,1.4613012858409027,2.022072991693379,1.0786915736739429,1.2133843526404,1.4102886032388586,1.6915840228402916,0.9651400806427101,0.9397582732548825,0.5319217936477005,0.5799022432781478,0.5304264240275525,1.7358942536357427,0.6898489264493203,0.6423553339325458,1.9968905830752486,3.5372214758025895,0.4654954367640061,0.679967179530005,3.774967573022557,3.486620894812949,0.0,1.683616683981652,0.6110317194201171,0.9506704844809807,0.8473403477137107,1.0609972188918604,0.639660517762747,0.667175063459658,0.21765165509477047,0.4018613416997766,0.5882399727548538,0.6263452538006481,0.7612318002819093,0.7486692003898673,0.4196062191768063,0.6395516621538762,0.5321521188002523,0.6409537119085595,0.7222743648129688,0.4934700658285503,4.161429152928592,1.4455925845755602,0.8194947476320183,0.6004087922729451,3.3330696296398425,0.9077618123114841,0.8174684946829686,1.9723966168502902,2.135230906155764,1.058437904419425,1.3614537495873311,1.4192157893550248,1.5379325062747125,1.1496660783574313,1.1692315280105996,0.9801098279839321,1.0153252979791139,1.0230276103127776,0.9540891383113146,0.8236676042635572,1.0154918536796382,0.725807494543723,0.7352316196170802,1.0574964931759188,1.8571179399768243,0.6157616971697598,1.1709284455185462,1.8498061035646984,0.4246845585669051,0.5144376672854922,0.7763278829576831,3.1328608311888826,0.7799013882671954,1.5802241833967414,1.3858774854574465,0.8428353932213338,1.6968337972927419,0.8584329401787408,0.7880718590195654,0.8523522589495276,0.470833155164896,1.0205553696469984,1.178965418890411,2.0583226737981333,1.9803097947960282,0.7564560582227153,1.7607186915948547,1.2607324646392029,1.4572839634267771,0.984641744055368,1.2762641429298427,0.7926935033743696,1.2885140203244572,4.3642387487133805,0.9226334058199792,1.096682684192524,3.9621260444253403,1.4417428501587028,2.18978228415276,2.3582875960419565,0.7200547906131581,1.2275283386922355,2.7510722259176945,1.4579848684497696,0.7593725650422818,0.9422280750873624,1.3186976986876076,2.711862040899655,0.6829921800771648,0.642286052093089,1.7334434989307053,1.0534746033408537,1.1338723837082465,0.8633251378373897,0.661249796466113,0.49365050516207853,0.7399777026026062,1.0381113715779196,1.0860402617107419,2.4793818479495204,1.095172666619479,1.2452994876952366,2.489685176739176,0.6640354671705545,1.3562051228211802,0.8973336823364583,0.8163820253665554,0.6669113864830938,0.8801956226216525,1.207421576078042,0.8542401619622092,1.4239392859810316,0.7081648201151096,0.8580561901332358,0.7017115324203077,0.6881615198362208,0.6111536442187717,0.9046568084705597
CHI:57,1.8928731712419922,1.891545710690604,1.7729173058025316,1.6586080907090297,1.9631793188252062,2.3041129645195,1.934116917035001,2.847132993472298,1.9947406835363055,1.8525022573059597,1.8411376576736906,1.6320129965002002,0.7907167720945463,2.0563439520574143,1.9765629663148412,1.9811475353236927,1.8449133980768206,1.804558151161108,1.9061206569431268,1.8657454934781597,1.9991290045365708,2.120061836728177,1.6936319421819293,2.135935516615676,1.6385421518975047,2.0273799197166884,1.8328724463040067,2.148964099968645,1.6659711998214342,0.8733463530844968,1.2856404800530725,3.188339356131237,2.0437061625603494,2.5365796038733057,1.675062688255681,2.205642803249095,2.49779833460258,1.9718163126272896,1.729583356875608,1.5933420031188015,1.805718740120652,1.7770573084738046,2.02490409855123,1.7243477749262301,1.9192929749577896,1.7668089503241273,0.6106949858967735,2.064369968373427,2.0541216431173344,1.0318442694907013,2.2448069190408857,1.686983074092111,2.0765696136419014,2.707136040569413,2.3397687364102877,1.683616683981652,0.0,1.504034594431004,1.653552325825916,1.9012130897441515,0.7008515435017737,1.9999389716685754,1.801072531687787,1.6478824874650684,1.5200801879583432,1.892154416759874,2.0976761992730006,2.1451770940633916,1.7469407337127256,1.6321262303730206,2.0386875404949634,1.6106759125521053,2.096756712614002,1.45654018674611,1.7009685052864365,2.8951702967663437,2.0944590410834922,2.054638553294667,1.7751316514012812,2.1672536905643565,2.2332732937916524,2.155074552394588,1.5193562384919368,2.398764878723234,1.4472720453469197,1.7677136735384595,1.8027439429945105,1.4014269115464362,1.3446004990023765,1.334269028909838,1.5694679257994217,1.9828896847354218,1.0083545827742622,2.032447934737279,1.7608586792348215,2.069870483219977,2.059053105439154,1.91496784572242,2.242908433585923,1.0846482471803927,1.8929185316951807,1.6300200836690555,2.0796206859589477,1.5657308802192502,1.7673357057650803,1.9833588999142349,2.1019778377820466,1.7188706123072959,2.1587348511423037,1.3889302209331595,1.7270215499073895,2.270186667700617,2.2492870840748296,2.0586162040383402,2.0228678531085835,1.7657165923033715,1.4763081706576993,0.8467131858903834,1.21305803692926,1.4611112880341173,2.2429672042023086,2.1580368714008262,1.190488474759634,0.9005106097065229,1.535418473203242,1.9104199438553642,1.9485126923130407,1.0328055760037114,3.6234807628236916,1.5791827045139195,1.684475943820121,3.0566073147282666,1.9206634945970216,1.0502490364725974,1.4695335724698637,1.9593270311976716,2.1322704009136046,1.7595227376260647,2.0274339673588866,1.6559366934497024,2.355074401935292,0.964105816545891,3.0076412527863465,1.9363063027684002,1.8468014882263217,2.1962648348798988,1.6839462796294764,1.65835218872197,2.1639862956469753,2.0163152569270393,2.021642029158959,1.8257125520353357,2.278648277342568,2.184586084115259,2.702943097512897,0.8008955270869682,1.9920715375811866,1.5656600006403438,1.9561757969406615,1.4988280541363903,2.3587296084517697,1.993335506407668,1.4417773504096736,2.306272687063213,1.2728377741317873,1.7207782484800909,2.194597891722006,2.126216125920139,2.1771528655089436,1.935352717502689,1.7296081136497448,1.481407519982298,2.2449180495726573
CHI:58,0.863540731188072,0.4726059244780397,1.4043363807828502,0.6893971035809514,0.6371033751939739,1.2635856649417194,0.9829639617733393,2.3275579661712205,0.7867324340648133,0.7252193388400526,0.4424640991981096,1.0243217050226903,1.8820545713557895,0.6351100388660555,0.48793499466751933,0.5920459876141501,0.6147712312618324,0.4168367416615846,0.4345532348229782,0.4497998914561471,0.7505046330181839,0.8177027154233371,0.2398008514794666,1.0045326292367072,0.28589723475028445,0.6878468447342687,0.6546937254564951,1.7384027034460139,0.5128089620772206,0.8315070966939936,0.9072173907436938,2.895956536767702,1.8456662136856534,1.729495703245648,1.5288703856519477,1.5841032565425668,2.043059009376024,0.9375557356389652,1.0567870352203912,1.5124936637665582,1.4138900379585106,0.9245915694728994,0.7397312677713751,0.5510455539434597,0.7719805291127777,0.847403083629624,1.7085794371248542,0.9587235063675312,0.9452938129092968,2.023817013205789,3.5636114524449103,0.9386859888515459,1.092140034036538,3.870249164105587,3.544722239764661,0.6110317194201171,1.504034594431004,0.0,0.6442376045552314,0.4588617773676914,0.8867681318967587,0.6032655370793351,0.40534822664820197,0.5631731684044453,0.5356533802414242,0.5816141964293757,0.8771278859649169,1.0372284855406322,0.8517659795252616,0.7487661821898789,0.6876671945017194,0.9597486289177498,0.882981301776796,1.072586382447853,0.9261664684078318,4.236139789709111,0.9861268104514016,0.5959746849594585,0.8852446333457832,3.3726088426265513,0.7513067617433103,0.7233270486227157,1.8018045773974425,1.7655553119512133,0.7246061501055227,1.156644672459802,1.0308065507187525,1.410871343624749,1.2187739587782154,1.0909320280659165,0.6123069701838127,0.9864394104876569,0.7845536940684381,0.7287302617915389,0.7784461288115907,0.731512538716509,0.6470750715162227,0.5646608205806086,0.8156184460962559,1.7565852661402985,0.5234780762328777,1.1584647335727212,1.5809752191575002,0.6031532969610753,0.4488995191598118,0.5913155687605146,3.1321950316006104,0.7379441817196901,1.4580341708851383,1.4064102714745246,0.6616580970433644,1.4912540991640384,0.7976803608543189,0.626680858776742,0.6164800192126648,0.40668421721660913,1.1199282613220225,1.0349630281344029,1.9958280936304198,1.910392419705578,1.0005214866722218,1.4903292382023259,1.138116831082334,1.403359641954473,0.6800290327073382,0.9176748019337474,0.5588378434019988,1.2339481617773802,4.582270971748413,0.5566705531992777,1.2595309076235566,4.125983354359544,1.370263127859928,2.1862920718052505,2.2543629170670845,0.4992324008215266,0.967272940468562,2.7744461943319267,1.2229982940415565,0.7086027999384493,0.8605255825893909,1.2497292231196242,2.3707265218061164,0.6747460671621334,0.4511989885759033,1.3491179788999441,0.8409756707483861,1.03003700463277,0.6632250301062906,0.5665047742285598,0.6216128995926504,0.8166641161760125,0.8185598349161557,0.8612146696729233,2.1960122734449774,1.1764895216694888,0.9470939442164327,2.5214669404176644,0.5521789820884061,1.1982724115870669,0.9348800505010048,0.5393501206903213,0.5593279484406523,0.8586612045080236,1.0757432108324994,0.7137338802972827,1.153526144333335,0.6433377718912626,0.6995539167474528,0.5006172399372171,0.5904707479270714,0.558628782560395,0.8546166653919869
CHI:59,0.9939602692745171,0.8473071238426393,1.2676144285350353,0.7969838174486112,0.7028492893902609,1.1292230111275596,0.7906349817821666,1.9897763729441285,1.1624142482758468,0.9734534463754303,0.6548999138438937,1.182705043645082,2.0319435017261447,0.8369820866358608,0.8490855734858795,0.520445709012485,1.0819264221727423,0.8863460366970604,0.865356027705545,0.9000894332484293,0.48652894046613765,0.6858805435337101,0.6650912102468415,0.6806320869252144,0.6749450833362225,0.5726038094240058,0.6162744806586209,1.258377042470845,0.6502504894097239,1.091005266122322,0.6285460333152337,2.409744489871888,1.4814620406533126,1.1791988822524075,1.3345728471205693,1.5882410871831414,1.6120279850209518,1.0441913653774457,1.1249617654847035,1.7331818844560243,1.328351870235855,1.003896273665308,0.94590891406028,0.8016309422883522,0.7028457789437268,1.0941526545444,1.9275347916542844,0.9061265686006155,1.1568869162337643,2.0162218984521907,3.6824898602252554,1.2467052897510562,1.4601350570455869,4.050402635586235,3.750362525040754,0.9506704844809807,1.653552325825916,0.6442376045552314,0.0,0.5837085551406763,1.2084462068567658,1.0896264661317414,0.9561435071476126,1.0412316435004878,1.024358540752065,1.0919674758361462,1.2096517038003944,1.1752614940605497,0.7778663479334018,1.103759282712283,1.0452698270714684,1.2464544234758062,1.0505772852455504,1.4449783183926037,1.1312617561263192,4.2792266735854785,0.9218492329758226,0.6653801970725353,0.8990452338374607,3.5340911527212393,0.8751516406597376,0.8456666445298789,1.3951194064108832,1.358636842931994,0.3730129307601268,0.584413758669834,0.6852653136589231,1.7322819868825043,1.0133449858769374,1.3696265941959271,0.37342628637714775,0.8041656844763175,0.8888445557623098,1.0651922272506187,1.0844567026115557,1.0226672165602853,0.6985451519470095,0.47370495442068533,1.097010834102793,2.012980527086736,0.9463582172906126,1.5655208347224792,1.2095930566926543,0.8865453107920173,0.8592946208050017,0.7539432098645628,3.378068943926219,1.1713959846782296,1.109009120713026,1.6937273785727565,0.45717226401215494,1.013624904207937,1.1536738010559378,0.7916907308886805,0.7953426450055351,0.7084749056425668,0.9085052117102939,0.9642263718004916,2.216851348739967,2.2084496382470444,1.479564403442224,1.206426734130669,1.4256712895171142,1.6427195852427807,0.36688402130240305,0.8259445435463652,0.5100814484138899,1.5072512644078948,4.881158666402592,0.3208718526973521,1.0781116413908782,4.355163195453343,0.908442393571312,2.3951792532273437,2.56403461601799,0.6860602486437918,0.9007625909038479,2.938804321528084,0.7551021660082834,0.8727932946807084,0.991646762110369,1.4982041544960154,1.8752008336798893,0.8765788509310203,0.8248096325307269,0.9954084152484967,0.47799498095419013,0.6817558170362849,0.8647858077115578,0.7264714322582552,0.903571412808967,1.1050620127466728,1.0919819265605957,0.8164105479110553,1.6171858009820843,1.3324389075174963,0.5856867261718511,2.718752941650385,0.8476134810955753,1.1867495947929574,1.3023672350727677,0.7149298531819709,0.46780363296220157,1.0827219046801624,0.7153626783309078,0.36813448837941426,1.0100575672609167,0.9108575228302455,1.007545340618874,0.5588304669462849,0.8458763058436906,0.7448813636425532,1.2537080133333771
CHI:60,0.8490079483033648,0.4585330802112397,1.4863408349931702,0.8173658520513025,0.4552751119415944,1.0454813960129845,0.8397728759926945,2.182888546142998,0.8912616778207866,0.8417033992263845,0.3812451104270536,1.254338684483724,2.2789508560099923,0.3605591047142164,0.366200220145113,0.234111787749599,0.7941932776527902,0.5576817144429161,0.3929857053482561,0.4508015765666257,0.41319108706991203,0.4655857377248543,0.3811555450803155,0.7172591610733546,0.4696818282313195,0.39713769017894923,0.5924972613831876,1.679138254185888,0.607179442317109,1.2089006965097218,1.051554505426625,2.7750540179064873,1.8168661554226357,1.453595524675659,1.6313914557853202,1.6277589149050908,1.9321610855218343,0.9371603893203199,1.1664874284813573,1.8076360509677647,1.5187474433667534,1.02408160300864,0.6309974092732676,0.6708507773162005,0.7277948659638284,1.0258732691021422,2.1179465980438605,0.8983040049518919,0.9827150769006596,2.3604095733898185,3.946352598024152,1.1916206096806479,1.223600658956279,4.252151137570028,3.9337882355871754,0.8473403477137107,1.9012130897441515,0.4588617773676914,0.5837085551406763,0.0,1.3125506356546126,0.6250918640114019,0.5501535383124676,0.8521858346535565,0.8980313429853768,0.701351228006156,0.9017017369865414,1.0230881307221296,0.9187956743199329,0.9869000909500976,0.661879467505377,1.2369707476373988,0.8325338059169883,1.4228373788307507,1.130115812684587,4.616018322724922,0.7820524721208453,0.278757022765825,1.0107888232170337,3.749597860510582,0.4030039532627151,0.4526124479876903,1.934883625653304,1.6180766126659827,0.8233011685320053,1.1268231963927495,0.9816951954023094,1.6998675021952627,1.4267856242171293,1.3773228172000376,0.6707230520716935,0.961672596209055,1.098909007103596,0.6474350815339335,0.8721963462819043,0.5770755560723875,0.4629714635735255,0.3649893378293072,0.5821322055274539,2.0994211809923438,0.5469181132118025,1.4111297661475954,1.5468282264265416,0.8515489588512232,0.5408227772746598,0.4021011012308728,3.50157105875595,0.9204923309920371,1.417357044419436,1.6990701153052825,0.6874550690567256,1.3476135006586714,0.6296342823858723,0.40740588296710595,0.4307285674079485,0.44926584414963816,1.2695090309785675,1.3307924155272313,2.344560367407568,2.2325889589692647,1.0616415597322482,1.4433836590272564,1.4512146277218183,1.7717504990116446,0.7575865218764379,0.8591208942174988,0.2707851994071664,1.5987768844187358,4.983339672209349,0.6063810519947769,1.3946792783169508,4.521242428266904,1.3745191846865148,2.593873119111037,2.608845195953111,0.32216015493024863,0.8272142734087645,3.125420407572099,1.1180553336838122,0.8162988029067283,0.5336483732215289,1.5950986164988776,2.1521426227681015,0.6252700775885769,0.4496003093813193,1.1838758909549099,0.8447376519861655,1.1057528294565835,0.3457374563371941,0.3408053647369114,0.5976083120929757,0.9182721443076619,0.5361047504165142,0.6361991700126663,2.0253533565561317,1.5664953040719565,0.7900487152149326,2.888246706884669,0.5138772304711978,1.356411877752407,0.7963611383437509,0.320701233855295,0.762716036283631,0.618826295223494,1.2417813633702077,0.6606315837997806,1.0237324005734225,0.47288463885326054,0.4929712637492043,0.2572184628902579,0.699114605185281,0.7510032646711293,0.7507639715938188
CHI:61,1.3987898708272306,1.2481812784502535,1.5088685094870748,1.13536902915812,1.4246592476823587,1.8727998077874897,1.5201656144341238,2.6888598396591363,1.3453167336021756,1.2188839794164474,1.2109982019671803,1.09165578767627,1.0730747979384017,1.4642500495292283,1.3277687365086315,1.40667703648374,1.1699409297131764,1.143887959135639,1.2783953980126423,1.2588895911975024,1.5082092384211168,1.601075748885681,1.0742933539601327,1.6994441280037833,1.0026319991514456,1.442798254588112,1.250211427478518,2.003988969842841,1.0560830209960228,0.39974862033960695,1.061246359191917,3.1421785710953625,1.9245072989605607,2.2022479943928315,1.4403670310504464,1.7105782016105116,2.239141192167702,1.3936673745764123,1.2289732936691578,1.2207764884593295,1.5374814793370934,1.2208296455993193,1.3856480164277876,1.077760742765502,1.3487078478423837,1.1372212822862724,0.840567331897711,1.4856093677291204,1.403949924652225,1.307320922147933,2.7049849092159515,1.0786445360047403,1.416215141895325,3.0392510776749586,2.6979835632237865,1.0609972188918604,0.7008515435017737,0.8867681318967587,1.2084462068567658,1.3125506356546126,0.0,1.3188856762919194,1.1496067068357505,0.9983139567614874,0.9034493054849853,1.2021376931266583,1.4150299299247793,1.5079778033097717,1.201804486470264,0.9860837354591168,1.354921005288152,1.021838884058956,1.448743876413236,0.8955355700575562,1.1109886030902498,3.40328205668593,1.6075083085210333,1.4706162247774668,1.2276799233673243,2.529665396057974,1.6221294844870198,1.5140559655033998,1.6128915536872015,2.1557457779343983,1.0992761784453133,1.5228101988376972,1.5192040053415787,0.9987537206510783,1.0897135349316593,0.8148578491035547,1.1438858250341484,1.498749599419633,0.5423267115993728,1.3682925473930987,1.1052062596023842,1.4193684078981708,1.4795585329825103,1.3412940002964446,1.5895694487716765,1.0270846131244669,1.2106383404949348,1.035574324785848,1.8465965497465227,0.9284377833302743,1.0947820844669367,1.3458582551627147,2.3257400225305855,1.034889620506441,1.8362930221708982,0.9687261487002018,1.2746039085169902,1.947993667816636,1.5723902075055354,1.4225286019254424,1.3975953532409104,1.1221735793670669,1.1778293351229245,0.6514546298092434,1.2482485179164173,1.2928442138697565,1.5659682118601161,1.8621984963344451,0.7184154566746139,0.6863718485466902,1.1311688545663698,1.449982160105417,1.3641355634456998,0.6587011416195903,3.8175327944713926,1.1297428176428546,1.3082339531697134,3.3216690386252585,1.716802868074468,1.3391038790631875,1.5133731480460137,1.3482626280478418,1.618005745831455,1.9835066251604188,1.690077321444424,1.0342510401476461,1.7244774307228505,0.6149463221568496,2.8107357079087345,1.2811142945040834,1.1816199941228633,1.8600795574998912,1.2574089908141717,1.3192901135770732,1.541798936075621,1.3855337823247122,1.3851298904958245,1.1639951193797922,1.6236649289731497,1.6310161832237,2.5626566574618206,0.5595098338939443,1.5611703625453557,1.7349563281544442,1.3146885934984889,1.106233146106283,1.674025741856607,1.3870026347013058,0.9837118801564053,1.6390919003703337,1.0725954084648641,1.26472832527128,1.7312082046967405,1.4887879641934998,1.550595420739494,1.3395485206113165,1.0889550905542915,0.8689678187555075,1.5551266824117285
CHI:62,1.0939654714633091,0.43290547209983454,1.7718777103365626,0.9829272832528286,0.8411457822251875,1.471891616861067,1.3242938600407723,2.6765067903923594,0.49863258460776194,0.6368593914602836,0.49233886402867677,1.1091140599912763,2.280654156250282,0.6697425347650231,0.3179804812820115,0.741301134922156,0.3651150288188966,0.32318725104124946,0.40014007397031653,0.5070826854626237,1.0273480160387531,0.9992154553043204,0.518112469617713,1.2867189281959237,0.5520679444155934,0.7729261941550789,0.8272594999692006,2.1751013132404036,0.7363712572216449,1.2941118731061776,1.4835030761236574,3.2907999014992484,2.2733142683017524,1.979463796603205,1.88270322699945,1.5884424108419155,2.267825150367152,0.9915535015524378,1.252206920948789,1.6610523862823483,1.7629793664404585,1.0611693869995769,0.6628675112505844,0.621447709794385,0.8479642649008059,0.8194686884868292,2.085004157437179,0.9333344213933104,0.7418065954835941,2.4388306767920893,3.920012673536932,0.9104905896244221,0.7795583268603767,4.136402214581436,3.827868186409093,0.639660517762747,1.9999389716685754,0.6032655370793351,1.0896264661317414,0.6250918640114019,1.3188856762919194,0.0,0.33587321961709043,0.5411421324451603,0.6805790128930082,0.2236555368728477,0.5141040417819607,0.844199163661091,1.0287433910249197,0.737205921653787,0.32749692665437746,0.9915238932866571,0.6676767221966948,1.1310816750752575,0.9482410752772565,4.6196773070256105,1.1935915990530659,0.6394263821586839,1.0076473188034232,3.680456248856473,0.5980225589358469,0.5475773959047735,2.3253658786987077,2.1169766741233675,1.2625024629331707,1.6215881108609456,1.494344696621731,1.5829240115530265,1.6142255674892885,1.2930114282076164,1.102904423806999,1.181468897553746,1.2566241907136322,0.5402689149070865,0.7442358530123867,0.5798204344439608,0.6760900525640948,0.7357511196595143,0.5433439117415251,2.0419013133615183,0.2752931366589163,1.1562349913510765,1.959009066024274,0.7404311032605789,0.3814252896878043,0.546753796721352,3.376473539500288,0.657022969318421,1.7530581891767896,1.5534202535133605,1.0416924630296518,1.8012336540879257,0.3005056179461906,0.5264888915488141,0.5826050436259681,0.4668293368703912,1.48599847637539,1.5481490730603173,2.283595061026436,2.1013628288405477,0.4707902893373605,1.8154204366061124,1.3880036740051669,1.7219837419662725,1.1706746018977803,1.200699299500416,0.6980924457136998,1.5241799110976963,4.709340682917793,1.0427903738566455,1.519293807556005,4.331205597803796,1.7853992928257187,2.53122043049995,2.491941296409928,0.5360732883782382,1.1070042133706917,3.0581429372233098,1.5808283600980497,0.8377752157354178,0.5981178904568419,1.5538731102286718,2.6956809490159515,0.5764813434646495,0.3783248958219848,1.6801996545968094,1.2306711456335746,1.4343026733520041,0.5003738272940096,0.4803406674021517,0.4314482354529924,0.7291156558141902,0.5006280640277608,0.925461490253406,2.5871716009908026,1.5619861111088456,1.2629107332095795,2.7947769856799183,0.46006912368321956,1.497533584590188,0.3714037351876974,0.574824884029099,1.024787870115849,0.4729950915468997,1.5891828180948584,1.0704603911150772,1.3350939654658867,0.4034693412358898,0.44906703132832204,0.6085541913857511,0.676432919516669,0.8190623809442181,0.33962513673943695
CHI:63,0.8376791569940191,0.2919201817449932,1.547699968190508,0.7579677437163839,0.6291396730090237,1.2781101102868426,1.111216700225486,2.4416403900197268,0.6898228026569437,0.7641372922637926,0.5350629870711365,1.1705539216151115,2.1184071276990872,0.5340192470946239,0.3041292189611508,0.6831941878069153,0.4646684422906492,0.2438213057263828,0.21566715535297762,0.2683743788117735,0.9051260186568256,0.8684932016336124,0.30145118941333066,1.1253810833310627,0.3913082069183088,0.7835251746396389,0.7759380414411323,1.9629122522412639,0.6555485889326435,1.0769520539211588,1.2380132192870579,3.0841708016470846,2.089705534286657,1.9684913924922083,1.7589861938620401,1.650416131396249,2.3325609471058897,0.9102781559545239,1.1407643028395367,1.5763807051047816,1.5184936791250274,0.9881601401608061,0.6572523315689148,0.6172528515385788,0.9238691956194224,0.8813817011815442,1.9605229907564796,1.0642071849035606,0.9093274144515489,2.3297012217987008,3.81986857877933,0.9940222025561459,1.0016330983513795,4.079179186456074,3.7642247843060277,0.667175063459658,1.801072531687787,0.40534822664820197,0.9561435071476126,0.5501535383124676,1.1496067068357505,0.33587321961709043,0.0,0.5562245453761457,0.5358185811606918,0.33327388259910057,0.7527439373621356,1.0181923293145037,1.0251987306837858,0.8424305554273941,0.5227190690582623,1.0342740881786752,0.8817302636332289,1.1462653463894261,1.038536514377959,4.506386721448169,1.0159563783576173,0.5972507554713054,1.002764203722539,3.603703011704082,0.6750031890463539,0.6593592928086098,2.1478910172186962,1.9174923536140462,1.0452132262332587,1.4616816605985687,1.259053722135219,1.5124977332749585,1.521057908427134,1.2244404647468623,0.8729200419546086,1.0634470417916488,1.0873223935273628,0.5805344212644966,0.8559477534909463,0.6008364435595422,0.6286836550511953,0.682413932431787,0.5979341935478092,1.966345075164809,0.3997624733919751,1.17338375750478,1.7550981207169143,0.7135789607134975,0.48439192145055693,0.5758534410944843,3.3053432635683584,0.7072277704675716,1.5831688724850481,1.5563013812845843,0.8586851323232185,1.6521730623457784,0.5519216741170015,0.5470302834087328,0.5242769648273263,0.5210772566058207,1.46043009489631,1.401786906985488,2.1941321002102114,2.03856526802901,0.7340778324814232,1.593986066300034,1.3009466759677457,1.6178411555959022,0.9569055793359653,0.9797180221026444,0.6577164447916471,1.4042914243542672,4.69761946923584,0.8259902223298146,1.4841024104663163,4.289369700759181,1.6374875068282644,2.39699416873778,2.4031173263426266,0.4457153308812273,0.9388135907827693,2.996234776659578,1.4077862834396966,0.8621638001991848,0.7131226601422366,1.4824995525099924,2.523864537401843,0.6895906317161726,0.3883971960836745,1.4747841160738737,1.0778999971959415,1.262980189975118,0.5388357884384926,0.5612039205412939,0.48651872285862374,0.839112907687388,0.6255352329094133,0.8028265462058423,2.4212007706373906,1.452900689675377,1.08650187886378,2.7171335407497996,0.39661576118267033,1.4010058866785442,0.6668974481492168,0.46370512662916585,0.8656760085207096,0.6942603373099008,1.4342019102069223,1.0195730290093423,1.156285595294178,0.45566563103045166,0.5210395291452687,0.5676838207108609,0.6260743375540206,0.8228589088851717,0.5799440324266066
CHI:64,1.2713110849979419,0.6924277374142712,1.7491759766765722,0.9692062799468298,1.0448349879405476,1.7243432909295824,1.481938667085974,2.8055273528465245,0.3699644508156734,0.41973627067391844,0.5751367868977999,0.7329912554352994,1.9080879405542648,1.0139832744456978,0.6644476322786733,0.9425430340514344,0.27881809814317976,0.4266004473145148,0.6919835248488582,0.7668148823034938,1.2050923877823403,1.2579464231831574,0.6009425306351118,1.4677163256393901,0.5857341783763043,0.9461449246692504,0.8906406093415642,2.1364189848740844,0.7205816418633797,1.077863493179684,1.34076578661703,3.3135402042556428,2.2836187778374923,2.0687895661370237,1.7836561712459114,1.5542500537776935,2.1748620497405216,1.1144652750832016,1.2499858845869827,1.4256863584806438,1.7269327063642232,1.0311832032691943,0.9439728500409132,0.5895091775340665,0.7497466520351443,0.620124627749988,1.7012306436550795,0.8608085784248701,0.7308740232703232,2.0436484109463917,3.5263208583181167,0.535533436899242,0.6826325402764887,3.7570820368543987,3.4515161281745588,0.21765165509477047,1.6478824874650684,0.5631731684044453,1.0412316435004878,0.8521858346535565,0.9983139567614874,0.5411421324451603,0.5562245453761457,0.0,0.306345813546256,0.4867838434468381,0.6401653654027174,0.8659914457977965,0.8943767587824064,0.43434930596788385,0.6249838123450295,0.6055287995050478,0.7307297280911345,0.7106862734017143,0.6172276646104177,4.180955107831045,1.4480378422609534,0.8519433870970132,0.7749664663057831,3.313426206139797,0.9220368718749316,0.8602824572685763,2.08349431076531,2.209064375791749,1.128351045161556,1.484353877771939,1.468113916330333,1.474167254042374,1.2878829629980055,1.1426660355946072,1.0363416274047388,1.1414596347743065,1.0368269702950754,0.9080859426015347,0.8049820709977713,0.9746504606167801,0.7935884080379753,0.8253675113381713,1.016180748236978,1.8015375670121587,0.5685773728400169,1.0973846612616591,1.942100193800366,0.49645297125046184,0.48329621562089425,0.8063190723763508,3.083342794237756,0.7138804289633905,1.7031013968643551,1.3522319841558894,0.9348919613459697,1.8205489077281214,0.808464467357848,0.8175840132665507,0.8663388634428398,0.5007284505869672,1.155288031437136,1.2329703082030454,2.0205951075976545,1.9192803490044894,0.6525847027595493,1.8364007202813502,1.218442080261977,1.4279406621182829,1.0628006538650692,1.3093535192162644,0.8589365819466821,1.257641232066642,4.325703507028066,0.9810982463038698,1.2586479143123386,3.9404964993711853,1.5782473802877124,2.1603245686920616,2.27850163843848,0.7438027441708615,1.2738818697152507,2.734895581158444,1.5713609877153747,0.8061597533311854,0.9652551589516509,1.2860393346909529,2.8065082882869548,0.728961918132411,0.620072351147905,1.794687238414055,1.1632205953306083,1.2643867005634801,0.8577888878501438,0.7060900902133211,0.5347030753159709,0.7541371381893891,0.9970096936964195,1.1365101226917378,2.599480189833402,1.121623780838939,1.3295169289031086,2.4688851804715113,0.671426604573651,1.402935714009342,0.8445583663679244,0.8273178146362064,0.7663094032034469,0.8881959084647137,1.3233958681158657,0.9650756069148198,1.478666118111993,0.7101208424016906,0.8127915036981432,0.75892721796654,0.7143790358982793,0.6590350887606805,0.8377024536460309
CHI:65,1.1212706235970447,0.6784594039127939,1.5817976516318137,0.8120373204549504,0.9611712977352276,1.6210018275740377,1.3796765677497385,2.6455099701624962,0.631859286789417,0.6479879916443689,0.7065788025990226,0.873026030459978,1.784966985889752,0.9981583669533726,0.7223537957539529,0.9798632521171744,0.4446302235480256,0.45802230448797054,0.6878432687906197,0.727962197131978,1.1988616162940124,1.2332576169202096,0.55921244645993,1.410825252374124,0.561226007957404,1.0249806185575023,0.9131374562429512,1.9967557672368785,0.7267150701919131,0.9330850712925042,1.1969829519767263,3.1703060646358656,2.184043671130645,2.138081331413788,1.7195013118511469,1.6273751486357142,2.31868601928106,1.0695615458721126,1.182612566234073,1.3383973279677264,1.5273841184558752,0.9932371129899815,0.9792037511598352,0.657081359465256,0.9044461701032918,0.7286512041666929,1.6367171929017346,1.0452983023032272,0.9094629050262396,1.9954530517612465,3.4785508864075134,0.7018181822489922,0.9203539228419452,3.738871473809574,3.437249600156357,0.4018613416997766,1.5200801879583432,0.5356533802414242,1.024358540752065,0.8980313429853768,0.9034493054849853,0.6805790128930082,0.5358185811606918,0.306345813546256,0.0,0.587118049350821,0.8504312167321558,1.0447301700729639,0.9521646351490256,0.6720546790405406,0.7728409183944446,0.7088214538981904,0.9611627382981871,0.7738463095970886,0.7969691038422995,4.113009788142688,1.3721179466201439,0.8976688455607198,0.8118474045605146,3.285279866211505,1.0302704321401823,0.9792400096227041,1.981901554705416,2.0845500618548725,1.0131539060523025,1.4159315462753335,1.339341368651074,1.4519828759982658,1.256419313343851,1.1277000839300746,0.9129973219447103,1.0575962869877085,0.9519241418551871,0.9719656591631587,0.9760037287423932,1.0332035102053208,0.8167199064255886,0.8612540510370394,1.0774032240508196,1.794507488713799,0.6978720160545031,1.1507439739976937,1.7976209544977293,0.5442622457323775,0.6614237949913478,0.8863568351433033,3.0520732285472674,0.8098973974555191,1.5694683492904868,1.4139426651846343,0.8353938020729285,1.7301428946371848,0.9555929698815767,0.8800942721403753,0.8792120941591116,0.6581815419810891,1.2371189056566945,1.1769210633080136,1.9837870339235646,1.8994727729979044,0.8498018095560215,1.6674744170567553,1.1935971299219086,1.3809601986685394,0.9430137370723245,1.1737326115104707,0.9087554952878034,1.1805109992742,4.324532231895517,0.8758793424033988,1.2706211535367882,3.920775706301369,1.5029056435592223,2.064631391474772,2.2386621531666484,0.7530890078224384,1.169750590196844,2.7230523954833776,1.4680554394761678,0.9079098290582192,1.072415100967672,1.2915843039362507,2.703718675529493,0.8732015597983204,0.6994105108957944,1.6731872955538902,1.0899171151351366,1.146997199676881,0.9373393770506679,0.8311986888577729,0.6211270203153457,0.9030515350669407,1.1027925523598714,1.0794460577097482,2.5089773844076095,1.0707668955630882,1.2378263038991955,2.4311385465841506,0.6764490578887279,1.3684534206881658,1.0158990707293283,0.8211293642879873,0.6932692488234591,1.0461505168096423,1.251925976392636,1.031332594199938,1.3572089159879805,0.7825732556894968,0.9090092826525177,0.8115778340663097,0.7299402149432047,0.7857830498357045,0.9723242746430103
CHI:66,1.0247152571452016,0.38906716883599746,1.635029786250848,0.8564067587893003,0.8616055562450233,1.4634411069054738,1.2960972423344193,2.6469387722787965,0.5379318632034544,0.5993540137077322,0.5272415117974273,1.0003622480384338,2.113204834327543,0.7278179128198861,0.38990206483429907,0.7847310671722717,0.27186685817986583,0.2604689325292839,0.47431539820238483,0.5758782384042888,1.0871949346387115,1.0492163520634887,0.49371357026404844,1.3217134541971542,0.46550233131868796,0.7976998970056206,0.7502958827045318,2.1197100856256035,0.6248529168805244,1.1530307194258822,1.4326073235072734,3.2415155339842143,2.184950452071789,2.0113863306459123,1.73486451680303,1.4349991118154781,2.2740573664213337,0.8451036322024288,1.0782385842188484,1.4438776373064783,1.6233302012794972,0.8913024239976157,0.5804952022660556,0.49150784139901443,0.8528088031720241,0.6647736031556565,1.949287636060181,0.9264696924575041,0.645494328813806,2.2977493952854835,3.7736128145780463,0.7896874499119649,0.6993176229692502,3.980186750054883,3.6896914672333994,0.5882399727548538,1.892154416759874,0.5816141964293757,1.0919674758361462,0.701351228006156,1.2021376931266583,0.2236555368728477,0.33327388259910057,0.4867838434468381,0.587118049350821,0.0,0.4531379348825395,0.7661054315026162,0.9221239223585195,0.6589613373518848,0.2799338074331273,0.846862576389162,0.6641253180584095,0.9790408416085687,0.8483276541675427,4.469014910734105,1.1727675968269553,0.7458464406298239,0.8937616814962247,3.5282404670677114,0.7594083784474265,0.6002385671392582,2.2305438731399665,2.072317380098968,1.231609683181873,1.6201675756430614,1.51567606457339,1.4025333063856433,1.498032648073719,1.10671939114179,1.074671390504038,1.0954062158578357,1.122770490903347,0.47782781335945856,0.6620283870301741,0.5597396185261486,0.7469405127878536,0.751666375806915,0.5917608652810552,1.898278636483743,0.22947043629459696,0.9771948559736177,1.8696352803297438,0.5897358360017335,0.37141650128736386,0.5372711665154474,3.210033903112761,0.4867472943075529,1.6700007557120033,1.3969031016344027,1.038979393816513,1.755461730121549,0.45656145401605225,0.5367394031261044,0.563685091325791,0.4849259518171646,1.4695208440497576,1.449813891002246,2.1155596998707695,1.9251880113451436,0.5465097739724792,1.735053018805338,1.2136748342656398,1.5560491324876415,1.1258136127577194,1.1281546484232725,0.7314538954550899,1.3381679307215948,4.552538547485128,1.0205217095996197,1.3937406832224097,4.16595415274089,1.799034616876205,2.3629812551698874,2.3310336022677594,0.5684740192264782,1.0547217856027924,2.899212900598785,1.5387620622785703,0.7205914388848343,0.741085920054231,1.4108067792479406,2.685243938616472,0.5174792180067423,0.32611956949190407,1.6532517489419984,1.1563212953150976,1.3489146794267068,0.6452883945083456,0.5608115546047108,0.47422265116592044,0.5943688598535392,0.6211789115285521,0.9240301236831421,2.5762709050894204,1.434263773328987,1.2423925668459805,2.6206279758243336,0.41191086379964315,1.3360437761667163,0.521300818014509,0.6062921738321218,0.9949110551197069,0.575794505644715,1.5158778089128369,1.1133271107999365,1.2724426834536284,0.5149056142722385,0.6427052704965632,0.6594851131007878,0.5228703775551884,0.7529761151511972,0.40242308181058584
CHI:67,1.3367154376546748,0.6976951606739172,1.80276452264326,1.079786352312848,1.1407815016213743,1.6992994355584377,1.5258528892904053,2.8626163685024197,0.49218266600347327,0.4466065023973837,0.5989872141952898,0.8236874748856219,2.2295450121984866,1.0098064286751653,0.6536254637329801,0.9079220775632597,0.4272993370355672,0.5770418928653148,0.8272286458411894,0.9597491038202964,1.2593310381589267,1.2476710149305996,0.7993301947572212,1.5066021440995305,0.7197743863359198,0.8095947934043456,0.7771411632190675,2.2485922966983236,0.711912697049198,1.39511204270859,1.6513906136654868,3.3574791805490896,2.2929630591201,1.9411771109006537,1.7454034102472435,1.196336642997261,2.065304974031293,0.9156567027964475,1.1400974313814003,1.4547510909282668,1.8201816425478183,0.8981877420274036,0.6812213426887842,0.5174997835993597,0.7130366423747616,0.5045417465864834,2.0630806921520857,0.6677702679272453,0.28660149032795856,2.311621749288957,3.811387970979045,0.6451697260349004,0.39086131207873476,3.971071451084819,3.7153847277259664,0.6263452538006481,2.0976761992730006,0.8771278859649169,1.2096517038003944,0.9017017369865414,1.4150299299247793,0.5141040417819607,0.7527439373621356,0.6401653654027174,0.8504312167321558,0.4531379348825395,0.0,0.3891731971679499,0.8040478984068793,0.5711665904628273,0.2887250064268569,0.7353544003577348,0.33293166268489044,0.9515004692321954,0.6532827290086108,4.48734858424993,1.4011596188971638,0.9105550035219709,0.7773634115034962,3.546994122235849,0.869481122672541,0.5959986359494293,2.289061487235884,2.2190333170280137,1.422814073125635,1.7181058098365183,1.7535733191132916,1.4930372700639611,1.4609725603253967,1.16706398920722,1.2937611835707985,1.1354168565346587,1.2736631706874402,0.6449657034829818,0.5944043085838064,0.7363769229954931,0.8777939517480952,0.8322011133007088,0.774865671677517,1.9771778322053715,0.428391067084239,1.0069915551759974,1.9871253324567792,0.610230436909754,0.4828317402363808,0.6134913399188492,3.249839222340841,0.5631668428798232,1.7395064600816237,1.3727397986251102,1.212148027895661,1.8126283512691315,0.5665727392146404,0.6395079021523035,0.737234388628944,0.5665800706546418,1.4219659753896257,1.5448958048474346,2.176905158571165,1.9844903524727253,0.5862343491695677,1.896719796069032,1.307877785571781,1.6409452646339773,1.3077516753107794,1.3464121549707755,0.8277196169604439,1.4448614057428044,4.514775246313394,1.2312134473615506,1.2618673895557342,4.140131006146056,1.88460722296844,2.4624954899117912,2.4366755011386365,0.7720879811954166,1.230685623329002,2.89935175350223,1.638477649311524,0.6649715247451059,0.8038955410369488,1.477168583259163,2.794612503834384,0.4171765334703072,0.5332206144975852,1.833606646678172,1.2390939830357497,1.4264503249342304,0.8186384934817796,0.6201402864582166,0.5848344166112964,0.4451967728788649,0.766825018385041,1.084739420948412,2.6546121769342315,1.5027119610713722,1.3899054596710358,2.640714843835241,0.6249558436180335,1.3538509184498724,0.5522261253394131,0.8312047549035123,1.1397183700061386,0.5333486562504675,1.5834535354814288,1.1602905543180118,1.4356218728282468,0.6855879930876217,0.8548093988255898,0.7860403465997229,0.613310473912978,0.7601027869362946,0.5123759059311437
CHI:68,1.4235353021907948,0.8790055910365671,1.7118744845957659,1.0947314058177082,1.2459856337154598,1.7254162996338362,1.5309358308720151,2.804446702396079,0.7452717713010796,0.5216169839010986,0.706676794315714,0.7256129499182062,2.2040935408091933,1.1686434368282557,0.8677449435149137,0.9475014798595411,0.7070249057952437,0.8045387955777554,1.0603951651764423,1.1993741442098418,1.2941778615154216,1.3021371169239466,0.9567269432309349,1.5097925040949305,0.8399970558873568,0.7800721511956114,0.6959355470897401,2.1111882732705722,0.6958565737870293,1.455769923827993,1.6368969797600048,3.1920031657363404,2.1444166779939464,1.7490148786481912,1.547773882665797,0.9050034641481041,1.8088443625479245,0.8601017593298627,1.0388454946196923,1.3795003505437462,1.7558045657751047,0.774508217852427,0.7429104916741399,0.5415465995221518,0.614128859530165,0.44450344617939014,2.0883991843530065,0.47479570478786237,0.15330956752056843,2.20460377937177,3.765513839658659,0.678572611595452,0.5651712203519953,3.926331607775798,3.7090199466631586,0.7612318002819093,2.1451770940633916,1.0372284855406322,1.1752614940605497,1.0230881307221296,1.5079778033097717,0.844199163661091,1.0181923293145037,0.8659914457977965,1.0447301700729639,0.7661054315026162,0.3891731971679499,0.0,0.5870424037674619,0.6881798281455359,0.550678228498146,0.7302931645379404,0.3197294617671292,1.0177411656897701,0.5930514371222435,4.4003414912554835,1.4360134350879041,1.030763832174787,0.6034655053796848,3.5066580387098365,1.0269568632748165,0.6750883915311058,2.1115448865929554,2.1087976096817087,1.408886359695681,1.625984403171865,1.776197412599238,1.525985785747064,1.2733544266860581,1.1611659276582362,1.3076621581523062,1.0070419005587266,1.25742180298423,0.8154264427914049,0.6754637503496369,0.8930208311216962,0.9692491051233155,0.8367154177309075,0.9660180982445583,2.000615629865889,0.676713743932939,1.093727644155898,1.8421893236781055,0.6287671624883622,0.689160235025943,0.6856763123976405,3.242461912307625,0.727609099923599,1.579859706198151,1.3696389013155905,1.2266038884175177,1.6449764661749908,0.8501136328236623,0.7328572577172418,0.8323990164116056,0.7034183588685315,1.3258087002234102,1.4869260885473299,2.160744491188759,1.9988017653093255,0.9519439516719974,1.8025081556644276,1.32446907868767,1.6393155092518192,1.2836769785561655,1.3388450715565376,0.8576797697112551,1.4504317282292434,4.515447897046872,1.24869843752277,0.9964348930611159,4.104950440988067,1.806599100425352,2.456710356377657,2.483169854196974,0.8940542256356097,1.2236728916130502,2.845445811189306,1.51362168426458,0.6050607903534845,0.9522464369337262,1.4891562672976602,2.657874619465358,0.4477436803398471,0.7101045541486942,1.7747770488031887,1.1202071052609406,1.2923219389647378,1.000273540214364,0.7369331720707524,0.762330389753423,0.46762486765113664,0.9795401494903409,1.1120650963978467,2.4900317318032554,1.488418306677713,1.3348096371330822,2.596396748182744,0.7711939527931395,1.212669385948462,0.8617739199454199,0.9547250169400466,1.151147445232816,0.7118093333052432,1.4620521950807506,1.136988730258448,1.3926249806479833,0.8835048911626946,1.1021433246583594,0.862342095801746,0.6394039149344193,0.7715647332233796,0.8154503591504096
CHI:69,1.19837476607713,0.8597433591552034,1.273055546450517,0.7766181707763041,1.069252658683463,1.4911188707415572,1.2027048207066657,2.4144198737703486,0.9684485677161455,0.6415092879505515,0.6721349816882499,0.6461826459709072,1.831837263147253,1.1125804976289382,0.9163466912430472,0.8046504131589437,0.8542583931465675,0.8234981022816787,1.0502752530059556,1.156558962937302,1.06345463706197,1.1271014446773102,0.8176369817674786,1.2336284102303485,0.6746778037269212,0.6645194054361855,0.4223069213991948,1.6084414864993135,0.4194714539633956,1.0912520309704024,1.1387809232391792,2.728630556899833,1.6633313121236795,1.4624453778654203,1.082448140663823,0.8828329270734938,1.574965308679917,0.7207490651049042,0.7453832613334614,1.1871029438001033,1.3405567494478896,0.5049460660031325,0.7653290573938085,0.4387026395078909,0.5146724436667143,0.49154818978822945,1.780698686085847,0.5331409245064341,0.5931100896475731,1.800409874058066,3.4638348315381613,0.7514518557218547,0.9693860012433778,3.7151990761879694,3.49387871593521,0.7486692003898673,1.7469407337127256,0.8517659795252616,0.7778663479334018,0.9187956743199329,1.201804486470264,1.0287433910249197,1.0251987306837858,0.8943767587824064,0.9521646351490256,0.9221239223585195,0.8040478984068793,0.5870424037674619,0.0,0.7574806714927602,0.7970563807014281,0.7168779576295664,0.6714246511509416,0.994544351069457,0.6092307990511937,4.057562796202501,1.2175257698279274,0.9761557456211369,0.3135290876153281,3.2540903461583257,1.1025868756508703,0.7916033158209641,1.5285801686453917,1.695773435014092,0.9466153270919738,1.1513446631320035,1.383055341127145,1.3838329796805635,0.7434699818789429,0.9658423911488846,0.9035932237838274,0.6689835059476501,0.8223401157939364,0.9254819016651303,0.763100303708673,0.972015516301659,0.9063334146386554,0.6529861798931053,1.104901901015728,1.7807791048144037,0.8028073916634983,1.12937657196773,1.368599550046927,0.4636296127924806,0.7488386004726488,0.6898833768362626,3.050486568804216,0.8170964267981801,1.1580521124404066,1.2701010365608794,0.8893011306673633,1.2263982438554994,1.1075346853893715,0.7631377713929229,0.8040531107538067,0.6802654486801606,0.9731373985218434,1.0030107906964834,1.9143780050167616,1.8476787360884246,1.294320721884669,1.3947651001136179,1.1050095178932258,1.3590141748366447,0.831140330765735,1.0219609442252127,0.7175966442941758,1.178904356827102,4.443921830777131,0.859056005759509,0.5269355110391196,3.949852733173953,1.383957852783543,2.1514473327192576,2.3024619524275427,0.8299192194296691,1.013149961375333,2.6091348216021175,1.0698992908944025,0.44909005254835366,1.09962862454422,1.2426491232763126,2.2697533591095893,0.5613847902470717,0.7349568231317074,1.4024258090483375,0.618547983359906,0.7676829909687687,1.0640022661667772,0.7784322765305958,0.8487936188989347,0.6169228752380217,1.1511891835674073,0.9818448688027718,2.03795279340405,1.1406112293843966,0.9762078209553361,2.3594094495692133,0.7782363376371573,0.8254763746576569,1.197919267813576,0.8878726300622142,0.7693060037433901,0.9846592003757665,0.9009204199434359,0.837571475241899,1.1309994698787418,0.9793785649370992,1.2094417957992092,0.7614202757215525,0.5126806983552908,0.5618772585221661,1.1100649222510448
CHI:70,1.4634581223657277,0.8932857825492696,1.7993552023752097,1.1216534892166095,1.2739314980988121,1.8810934829953305,1.601296457407397,2.9480049713101257,0.5357239765203912,0.375329283200854,0.6511627754422387,0.4603837798493069,1.8115180648216553,1.2081765440949175,0.86534556820159,1.0441008155540081,0.5153477948364509,0.6852727088632107,0.9585646249508133,1.0478659193923288,1.3281961624168739,1.4058872950664958,0.8244142006567039,1.6107074679545648,0.7301708822878915,0.9721883702282164,0.8847328678927789,2.215966008304529,0.7301597692653541,1.0969834482850012,1.4433816838726534,3.3844213155155187,2.2405134258997847,1.9652828754384197,1.6406882012574941,1.2969990891969294,1.9103573367712334,1.1370454264689391,1.1922947492393925,1.320970278446536,1.8301251470117446,0.98379596119544,0.9764875197395034,0.570048695399754,0.6857176599054307,0.47214573986090164,1.5720830802716643,0.7171503282504798,0.5780339628709193,1.8465756897357395,3.328452325183744,0.3239604947640008,0.5074246920881013,3.5256477068936287,3.2372135499887,0.4196062191768063,1.6321262303730206,0.7487661821898789,1.103759282712283,0.9869000909500976,0.9860837354591168,0.737205921653787,0.8424305554273941,0.43434930596788385,0.6720546790405406,0.6589613373518848,0.5711665904628273,0.6881798281455359,0.7574806714927602,0.0,0.6771917751250625,0.42730680819311995,0.5769985723782733,0.5585759154490246,0.32707756503994495,4.002901157880687,1.5695565625004797,1.0505979548840005,0.7220579836714045,3.0896440299688583,1.0869575904855298,0.9124706464057688,2.0164015022651403,2.2957793412574703,1.2547924829187103,1.566290289243265,1.6703205811816175,1.2963736920596658,1.1492394081349244,0.9589024569234217,1.2054674237257914,1.244999901458734,0.9723477850540695,0.9451303390523003,0.5528676462936187,1.026069873362687,1.0234924012325313,0.9302723480021037,1.134378798448672,1.5819125353183083,0.641005693980519,0.8986211254533911,2.008410110505916,0.45316901397158416,0.49070803035318666,0.8519712154197783,2.8656969244634523,0.6001047508224089,1.8044569187057293,1.0544080745505815,1.1491622947693556,1.889292752311937,0.9364235360531257,0.9220486742889961,0.9982873562828519,0.5460125197594747,1.018244299469725,1.1309462697921318,1.808213656329321,1.707006349767695,0.8294279417346615,1.9752242945628202,1.0410809699821273,1.249667437298611,1.1978027247368317,1.459524126049216,0.9533029168132224,1.12852314928243,4.125057623336815,1.1440436708995185,1.0832703556288947,3.7259945019761167,1.7107026535406828,2.03209252591758,2.0982024282556337,0.9463539460050139,1.4448918757970923,2.4808239038714373,1.668852753850845,0.5985867316662288,1.1267870748322226,1.0619333174785865,2.892164542127288,0.6417227948751802,0.7064633967521263,1.926808431669283,1.1995493388894771,1.3337142208682902,1.0501410053956253,0.8053773724408206,0.7827254879140955,0.5309963267901868,1.1055201287380434,1.3281220725092604,2.6575859821424013,1.0067897483465982,1.4689573424863687,2.247438446355781,0.8653959461639601,1.232985849796717,0.9665395623189332,1.0271826277362395,0.9123785165538961,0.9487077312930806,1.290445287781385,0.9898898074509594,1.632534924326911,0.9434321975298136,1.0501745074682545,0.9025947730357465,0.7139392134100913,0.4610455386068024,0.9324978585714176
CHI:71,1.0778174097528663,0.4277074907434498,1.6372380321048428,0.8907828635347411,0.8733645780671851,1.4331029592275366,1.275892191306615,2.62152175715704,0.5527901288424021,0.5316097464162076,0.44296921889132007,0.9671861069158736,2.2308111253607152,0.7253778200058205,0.3869958359504549,0.681769707965013,0.3888611217350699,0.37879644136745955,0.5686405875905857,0.7027505550600237,1.0252767553267206,0.9875685122961415,0.5686038801275491,1.261953510476375,0.5131385988631506,0.631328478952612,0.6237404632686667,2.0717000722810965,0.5678250542576316,1.285052055275436,1.4768134678061524,3.172628539412222,2.13032282933375,1.8330886482347162,1.6766138954185563,1.283022124176175,2.0971130138642526,0.7672230735762902,1.040777096109404,1.4937896511648134,1.649790254786041,0.8237544074245436,0.45769713851168525,0.42194869398066975,0.7061960015825599,0.6074086420224939,2.0794898818483705,0.7356113325785756,0.46657093165536123,2.3500231446065705,3.8752608331997265,0.8025316525770053,0.6533507984129259,4.073931715168555,3.8016389070062884,0.6395516621538762,2.0386875404949634,0.6876671945017194,1.0452698270714684,0.661879467505377,1.354921005288152,0.32749692665437746,0.5227190690582623,0.6249838123450295,0.7728409183944446,0.2799338074331273,0.2887250064268569,0.550678228498146,0.7970563807014281,0.6771917751250625,0.0,0.8689696851869184,0.44997816364355797,1.071940998039139,0.8036407844311694,4.5590126473301344,1.1376965053517212,0.6907448300956531,0.8073918897321216,3.624224813954349,0.6688771499139534,0.39248777843800564,2.2081401561339393,2.0083229214292118,1.2520298661387286,1.5789980484432586,1.5391772159128894,1.4837620369957174,1.4642739976468568,1.1601137927939664,1.0966898507808014,1.0113605255302445,1.1845334862911863,0.40894109372081244,0.5950223285460962,0.48339806532525004,0.6909847713976445,0.6465836706152119,0.5102459846121197,1.9959614042880955,0.19419589333391912,1.0420452182361326,1.8182357802099058,0.5982922113097466,0.35704210752736243,0.38014015152688047,3.316052945913911,0.5254205037036891,1.6006909205099256,1.4430333078771118,1.0443178482116378,1.6521871522190148,0.3700404536356086,0.39017275147599356,0.4731604991747408,0.43628803301154145,1.4342613168289209,1.493263767578184,2.206061791784791,2.01472797340252,0.6192298231508123,1.7044785404172953,1.2907313616282274,1.6529748128760986,1.1325946883339129,1.1155763201534197,0.6196138432260948,1.4398750850721656,4.665195902311186,1.0362145502475326,1.3021759540320765,4.266772371870064,1.7745737359519618,2.4904756192852977,2.454272211704195,0.527376381198851,1.0032558347081548,2.9743487055482447,1.465549496703203,0.631261777990593,0.6105099291114576,1.4925668811315997,2.5910285211027726,0.3152704701768093,0.28343850684087984,1.6040919251248273,1.0925852214027822,1.3113707877047074,0.5833658658292639,0.4288078283229261,0.442270023152461,0.4928125788646058,0.5253630308857938,0.8500831095686453,2.482286817171306,1.5258602686737472,1.1806710444261426,2.7083646292721895,0.3815538034820208,1.3003622823872936,0.43800175419310805,0.56908757992689,1.02573371619648,0.36683616844041794,1.503811044149617,1.0534291721564915,1.2185237557434485,0.46838607080833106,0.6481296924073654,0.5771354010066175,0.47496382680648025,0.7256846079003633,0.32902321760178094
CHI:72,1.5232237267410695,1.0412761864372466,1.7019621550442228,1.086927004625167,1.412504955712697,1.9826171986970773,1.7032946718440607,2.971314668396466,0.7474256964163638,0.5394157852813527,0.8967529796274938,0.28572298706367144,1.6307520400805675,1.4117191118516494,1.0807522415815172,1.2399663023183498,0.6620737113603298,0.8426975291911653,1.1727111015198504,1.2657801298830889,1.5313222834265612,1.5880581799428206,0.9915670223162673,1.7573743288466768,0.8693773445477816,1.154895999082116,0.9609070940766317,2.179688735530047,0.8002896800295582,1.0933064299206467,1.4925296882174262,3.338026462677436,2.235041439137643,2.119711176824643,1.5334970944795137,1.153421709037657,2.026733341945281,1.1033317166036314,1.1007238289041925,1.0156547099986744,1.7076872815694706,0.8774992690242339,1.0979884429979199,0.6542333258613802,0.8365178790158346,0.34991235573300244,1.4941812003606911,0.8345167982107219,0.6198480413834359,1.6952884927409342,3.1923422661616208,0.15398992073945963,0.5945420247473998,3.369488816620511,3.1339085540048646,0.5321521188002523,1.6106759125521053,0.9597486289177498,1.2464544234758062,1.2369707476373988,1.021838884058956,0.9915238932866571,1.0342740881786752,0.6055287995050478,0.7088214538981904,0.846862576389162,0.7353544003577348,0.7302931645379404,0.7168779576295664,0.42730680819311995,0.8689696851869184,0.0,0.7891403991138738,0.3308826764820499,0.2763104209621837,3.8115281328391117,1.6910854561631445,1.2681335505305318,0.570966764400774,2.9579997201413573,1.351695455658395,1.12163301291199,1.929000106287509,2.3039283042881267,1.3222278800080953,1.6207529741703444,1.7744224501855266,1.258643245411693,0.9993803446602727,0.8953417745494158,1.2809338346215922,1.1583673744672778,0.9693026426300299,1.1297207690614965,0.8197424497146505,1.2301432068946485,1.1742909935126407,1.0814132899549613,1.3433770870123352,1.574065216701138,0.8793129088160078,0.9118771059455647,1.9314541728797436,0.4323143026924477,0.799488094273514,1.0404922387537339,2.7436526821767657,0.744976539110461,1.6872591304805529,1.0366897747873864,1.2115148535872342,1.857204134091951,1.1959398299693407,1.0915556971862697,1.1398135681319466,0.8257548740792011,1.1115191319381896,1.1282609860722357,1.7117895921636572,1.6305491209860548,1.0371202225726988,1.9022164312955516,1.0087961424939649,1.1563291829213618,1.239774287270894,1.4775260637890117,1.1398435320853757,0.993485997844538,3.934383596231171,1.235618079763153,0.8897497815418576,3.527926584901366,1.7322278188832034,1.862551012523449,2.044745511602247,1.109274418807851,1.4632855280136876,2.3581455621511003,1.6569828524202086,0.7266484117980551,1.351803991072256,1.061618152336312,2.9185732313422084,0.8327110090537748,0.9134130841521132,1.968630770339766,1.1958982724161928,1.2439638824583206,1.2955961287604671,1.0445308509164855,0.9266616286376294,0.6653692856133696,1.368487214160716,1.4031268397350716,2.673382103162762,0.8901126273327555,1.5178560348099668,2.0846515694893295,0.978328350930271,1.1585441210743417,1.2164886831856851,1.1896180662133191,0.9778395573426408,1.1858467276772662,1.2636660437731957,1.192930661787406,1.6221451897787662,1.1375635643399757,1.323369013982716,1.0974187476414927,0.767210492087931,0.7011441797099452,1.1596196960557426
CHI:73,1.4076883628146244,0.7916513445841676,1.8097805002811178,1.1281329081710867,1.1424328795827676,1.6898284256806304,1.4846496320758955,2.8066600248240126,0.5589512144092726,0.3828833532225586,0.5015843827965596,0.7585241272696002,2.2648242412043804,1.0345540644636495,0.7096228586288366,0.8041834098323154,0.604008822297584,0.6891278246021996,0.8978605919043443,1.0341259800338802,1.140744581743634,1.1813944391815359,0.8305251916298428,1.4083190562008596,0.7539204842885735,0.6558771136667629,0.6969467898917833,2.1316364183518517,0.6858191976983706,1.4405547848438938,1.566037527391798,3.2377124149476497,2.1933275332072264,1.673978100687155,1.6786254541359609,1.1711466782232351,1.7531885050659368,0.9870315494487023,1.186178544929353,1.574897075955429,1.8551636696055027,0.934192529493457,0.7463557921446049,0.5333095462241777,0.46295406026550495,0.5622667265208474,2.084670790616953,0.3782586756846632,0.3169184075332778,2.25292939980785,3.812206326064435,0.6941317010268887,0.5655548757770743,4.000318062958437,3.740955746263019,0.6409537119085595,2.096756712614002,0.882981301776796,1.0505772852455504,0.8325338059169883,1.448743876413236,0.6676767221966948,0.8817302636332289,0.7307297280911345,0.9611627382981871,0.6641253180584095,0.33293166268489044,0.3197294617671292,0.6714246511509416,0.5769985723782733,0.44997816364355797,0.7891403991138738,0.0,1.0510999917143136,0.5976011960082955,4.467921212503724,1.394850187237585,0.837799341801129,0.7015315837711428,3.564868876502841,0.7979246023459144,0.5294647217733536,2.1415284605238343,2.1313089693761915,1.3197821951618982,1.536827058079222,1.6551291051900905,1.6052582421941435,1.3297454700024558,1.2475906162046289,1.2214691129412156,1.0840917995339303,1.253426021317522,0.7653666045122777,0.5963258409358868,0.8172574126036006,0.8163136046506263,0.7131740587662502,0.8641554732652657,2.0175438296604202,0.5382241718816548,1.1655377147593742,1.914655970810989,0.6420603444963352,0.4928666815261435,0.5821185471561542,3.3202230437504014,0.727106966770765,1.6674144103201538,1.4253865952235472,1.125669855509414,1.6858665827454797,0.6678503731398674,0.6334326278740696,0.7653493062249255,0.49117360943199945,1.2039177914595312,1.4497643833842033,2.2285369050029837,2.0832053552895786,0.8012214572548492,1.8647774220588953,1.3797035750760807,1.685546072098453,1.2206149298042466,1.3515190604529972,0.7148782972367684,1.5239653439589116,4.606657875700698,1.1522638038471968,1.1288545485664487,4.202154249773978,1.7077147014749257,2.5178755374376474,2.5324623042890386,0.7653484947945555,1.2436704873305728,2.918274805802801,1.5207303263690708,0.6102855701535067,0.7660370281930386,1.4956327646066694,2.661943453862791,0.36761969503178904,0.592948896362978,1.7618236495575967,1.128905503782312,1.3254211675779692,0.7985864420242941,0.5301070898623091,0.6206702888849874,0.5083342083439455,0.8130962531290263,1.0749447860489776,2.478282394468608,1.481271513000621,1.3004749090814043,2.689124550316305,0.7053145195692526,1.3305128279944238,0.6875461905336713,0.8367279832456889,1.0410704038921668,0.5427126444459667,1.4344158072433613,0.9468250697641697,1.4373160555014826,0.7164245975961078,0.872010778473488,0.6971457788946872,0.6721606763938005,0.6519423151639145,0.6961657732063423
CHI:74,1.6554424797758327,1.2142544628612133,1.8239384011450108,1.2492396952830787,1.5927312761214047,2.161628051360035,1.870844954112785,3.1381830363972436,0.9223728677022635,0.797187380717858,1.1147751578832168,0.5225603116615067,1.451329744085712,1.5825957392728627,1.2629043788782428,1.4651123783479243,0.8204653043275638,1.0072419394937702,1.3171817109035617,1.3834892469046542,1.7336450065350872,1.7912521416546068,1.1487265093041288,1.9647949647781602,1.0357417911270081,1.407696856363386,1.2057609795993325,2.3665788572267115,1.0159503554744065,1.0443282928415711,1.5977405060048873,3.5296173110694316,2.372790196783232,2.3665937909693264,1.6527163611319167,1.3439258818154174,2.233392819780389,1.3042216480587954,1.2457267645914671,0.9792918386773863,1.8230476787311312,1.081665322641892,1.2996250809102676,0.8830647272932667,1.1184535213252587,0.6325755639000035,1.2713652653542153,1.1367103574696367,0.8976455888142596,1.5823272196607021,2.9662664248052883,0.39115455579913705,0.7461965761593181,3.1278240610381673,2.875162587945137,0.7222743648129688,1.45654018674611,1.072586382447853,1.4449783183926037,1.4228373788307507,0.8955355700575562,1.1310816750752575,1.1462653463894261,0.7106862734017143,0.7738463095970886,0.9790408416085687,0.9515004692321954,1.0177411656897701,0.994544351069457,0.5585759154490246,1.071940998039139,0.3308826764820499,1.0510999917143136,0.0,0.54791405520276,3.6143023541984687,1.8653940069482773,1.481164292572691,0.8757859950902004,2.723839421911413,1.563880366795252,1.3639764191135355,2.03081159764921,2.500745720423249,1.473217350116094,1.8151953459538737,1.9298073546014332,1.1407461204846847,1.1383705822225405,0.8540068922603145,1.4469077193357385,1.418483684209164,1.00024207808549,1.2892350453964276,0.9414929538084506,1.3957588780491166,1.4073814069989605,1.326592196261701,1.5234748765973845,1.3752754207826279,1.0486689501157425,0.8425794499993104,2.1200151008729526,0.6524701515064417,0.9622736475243265,1.2645557623614478,2.4964776702424913,0.8284406234904871,1.917790975127547,0.9018059264421614,1.4106573496666912,2.1023466792149157,1.374088394272436,1.3212885526251994,1.3536759198451809,1.0218718371524014,1.2448320994482742,1.1474365795132155,1.5156070251962004,1.4410862536313063,1.1424065225025526,2.0933130678906613,0.9198983691964986,0.9873782750055814,1.414326085697642,1.658985900576597,1.374256432506971,0.8601291645963488,3.6630242679736336,1.40736878404941,1.1109729499180228,3.2748054212536513,1.92205410662729,1.6329610965997678,1.8097457756357813,1.3214591687100559,1.6806691535562666,2.147171783951243,1.8861592939660172,0.913032793715487,1.582408593805347,0.9160407785424931,3.1421927965240646,1.0657510535223382,1.0954917139381595,2.1687389041972933,1.4142470391401532,1.452278062325338,1.4968727357169702,1.2735010135755582,1.149728343703079,0.844405169963129,1.5497397202366199,1.6372486260149632,2.8953179533051427,0.7764234972337027,1.7427901624215292,1.8675668425359129,1.187196089488306,1.252440744132469,1.3907991623836415,1.3949116707790388,1.1423518665524819,1.409512430480975,1.3986127522779461,1.3944733634112207,1.836705480314234,1.346628147548845,1.4921889669087787,1.3240426890920325,0.9660048999615002,0.8528913371297087,1.3206299286408885
CHI:75,1.5515577667966214,1.0224796153024769,1.7566692166734792,1.1331189336366565,1.3733361482877504,1.9488174859432459,1.66339451629196,2.951766742763659,0.6703463335008252,0.39152749298335193,0.7668191458198436,0.17636499014355828,1.7832369293089103,1.354907703238435,1.0195574841215473,1.1231373847299242,0.667253505622855,0.8320947233928596,1.13795408691445,1.2435502842280461,1.4165696050037857,1.4982981913482445,0.9629906480484178,1.6675343415755708,0.8469059877455621,1.0105752532174597,0.8760691588473944,2.1437064970703372,0.7525999504219165,1.1876823049957206,1.472293060113496,3.300047076751243,2.2015710513512494,1.9204598763161922,1.538261172868585,1.1273495950467027,1.7940994554722038,1.1206998300323476,1.149494615844409,1.216120666342698,1.788070554287065,0.9083835895139296,1.0531365938315282,0.6048670302260695,0.6296407867503703,0.35645139845524915,1.6098009862250193,0.6037070511905667,0.5135285677533281,1.7599050105056895,3.2992981957290746,0.21774313063005596,0.5576703061574232,3.4885342078133865,3.242215258266752,0.4934700658285503,1.7009685052864365,0.9261664684078318,1.1312617561263192,1.130115812684587,1.1109886030902498,0.9482410752772565,1.038536514377959,0.6172276646104177,0.7969691038422995,0.8483276541675427,0.6532827290086108,0.5930514371222435,0.6092307990511937,0.32707756503994495,0.8036407844311694,0.2763104209621837,0.5976011960082955,0.54791405520276,0.0,3.9207291385023364,1.6513045380745914,1.1590987137479891,0.519004386472959,3.0683308363183737,1.220809556744582,0.9948933232521743,1.9024961973830345,2.262981327999205,1.2746565118327233,1.5207670494633112,1.7190739714447185,1.373021553975159,0.9713267683743152,0.9952698208718358,1.2424925785362064,1.1377749370923693,1.0060838941830212,1.0905249829217825,0.7194384107928491,1.1746862311189459,1.0822228074488434,0.9655407528243679,1.2822893071428263,1.6595852190782117,0.8192726255286518,1.0086695818408293,1.9254162122116758,0.44615158668299626,0.7008108974478026,0.9417531719859167,2.878767432396658,0.7635756893061613,1.6797182099484425,1.1041187056543313,1.1576154938326066,1.7930902755732239,1.111269653542932,1.004892392763252,1.0828074877574057,0.7002143350099839,0.9518217822342057,1.1188282608567544,1.8297158175497714,1.7584216717463275,1.016711500142002,1.9152150623855864,1.1067546216694928,1.2766453006415048,1.2009058698504143,1.4789877217228455,1.0190799411671196,1.1464667307441883,4.089681978127796,1.1866971075595223,0.8390813614712146,3.674083640111551,1.6422957063453751,2.0226005168243724,2.177464524403825,1.0410880627057377,1.4504467038152105,2.4591031982792386,1.599421001894094,0.63501849756717,1.2320729091835525,1.1294245117684238,2.842614113642187,0.7123326501894641,0.8539556893935447,1.9256052830053783,1.1394238836134614,1.2225002096225581,1.192891227408627,0.9127597173221291,0.86314710129069,0.6001130969727557,1.27524388196308,1.3551180546658108,2.58051050335133,0.9789311059245994,1.4570884043292336,2.219174930486585,0.9497959521586332,1.178103905431485,1.1351550451032313,1.1281055975089906,0.9234955803813559,1.0654005513849576,1.2095670897842719,1.0246905964165423,1.6162414659167628,1.0618164441479816,1.2324404049857896,0.9859451571311635,0.7563015748903179,0.5706066190563523,1.105729428097754
CHI:76,4.584942552415468,4.5526512884958965,4.082649010919046,4.238945451128297,4.708391824932983,4.979450726663528,4.606020087437037,5.226038085266139,4.458521558037182,4.256312793835254,4.437820986462306,3.770168102502146,2.458586632691988,4.804726179647049,4.648301951733495,4.6364385659941245,4.361838030248848,4.4301162396780285,4.642629259670703,4.644117842396323,4.713522877185357,4.843129217662311,4.397600610116523,4.831002347186371,4.286305463919847,4.596782125404268,4.339279314774105,4.426077792936081,4.199105711416942,3.5526542076155576,3.9563957708179727,5.128797580427624,4.169714718158017,4.797153950219755,3.661953328428457,4.053546259267322,4.264173336190443,4.397057036737168,4.03836052276719,3.437077889350959,4.138076427893174,4.109146408543804,4.570634441947129,4.212947906017414,4.33664025035321,4.0548060632537135,2.591869034093093,4.374973045853898,4.346455030844799,2.289968299360662,0.9579269387747655,3.9133163932427735,4.300835402029988,1.2532803946090798,1.4423013827176339,4.161429152928592,2.8951702967663437,4.236139789709111,4.2792266735854785,4.616018322724922,3.40328205668593,4.6196773070256105,4.506386721448169,4.180955107831045,4.113009788142688,4.469014910734105,4.48734858424993,4.4003414912554835,4.057562796202501,4.002901157880687,4.5590126473301344,3.8115281328391117,4.467921212503724,3.6143023541984687,3.9207291385023364,0.0,4.7712474278556165,4.7498969240572215,4.058958377973207,1.338578577832418,4.913060532633407,4.727420758737088,3.4025363982167547,4.785057702314554,4.111684849843979,4.244930559330119,4.511906399830528,3.476431969642962,3.4381751699003686,3.569422259450619,4.2631170477347915,4.394836998165337,3.573769351534736,4.610546291754964,4.17219741480739,4.684153724428038,4.702502781424484,4.519433902129986,4.89136529382983,2.873896539727168,4.476145935929562,3.827234020538747,4.355297315409067,4.00350751825756,4.344485367343435,4.569006185256002,2.012179505670912,4.161691380000177,4.441878107098746,3.3356034033899786,4.367285289196408,4.613575350830497,4.862360950059114,4.661857215233479,4.649949597958588,4.355726326069274,3.7262447698056644,3.3261074703949185,2.6366200330105327,3.0373168750310406,4.7274753101455,4.554873382434237,3.4521011728188764,2.998857512790878,4.172678281021165,4.51886480917329,4.576818832275141,3.2377578275397934,2.2425837891639846,4.272976996354192,3.6887678207166994,1.5599572220797289,4.308140154386264,2.2109885174797417,2.752092755045626,4.626006462569106,4.721570046877912,1.9297699604397311,4.4791768479833625,4.063047924131187,4.997143414715606,3.1767272802732056,5.2892136736338005,4.411478248008752,4.4558666142022565,4.757316433567497,4.171082527415644,4.04885436912761,4.859180775443479,4.625158131686624,4.602483096611042,4.179738189930983,4.93984063790756,4.817232827231245,4.8971452483996565,3.094848029393678,4.586954205213984,2.1150380639873174,4.565992602049745,3.674014437090361,4.930616429902025,4.677624471781569,4.056261188503044,4.869042867877324,3.649019187881691,4.289943039086216,4.734772829661408,4.775340224764297,4.8900413921629795,4.581573881364241,4.230713062985216,3.9751933201523273,4.816713627093949
CHI:77,0.43747164924887744,0.8133224490359984,1.023538766336185,0.7623718765273267,0.5459803738743995,0.34126833062703366,0.2973554563280147,1.5394668409167749,1.5490488788210783,1.447281818674004,1.0510002973372905,1.7463909224704544,2.3810272312821503,0.5956508179747053,0.9144603723815209,0.7112796348725864,1.3365225993898129,1.0653711490187,0.9025813562546612,0.8964485751717315,0.6456255806612999,0.45549501223180744,0.8607209112948517,0.5281455554974955,0.8778013450156362,0.8340374097824237,0.818097803157801,1.3111700957162944,0.9058934295834683,1.3170709720823846,1.0729461484270695,2.249332029348854,1.347100460272182,1.4862211033832058,1.4199537113468106,1.6837287596448955,2.2374295244854916,0.8200278001299918,1.0129559411406894,1.8428992450560076,1.0707133453482887,1.0415232249056936,0.7583428826358487,1.063858240625697,1.3082567106568794,1.4231839486968962,2.3683361892039247,1.4366052612335487,1.4213543070790513,2.547375101980026,4.117694468739208,1.703239054313157,1.7518150768193048,4.449630469440693,4.1736389646378225,1.4455925845755602,2.0944590410834922,0.9861268104514016,0.9218492329758226,0.7820524721208453,1.6075083085210333,1.1935915990530659,1.0159563783576173,1.4480378422609534,1.3721179466201439,1.1727675968269553,1.4011596188971638,1.4360134350879041,1.2175257698279274,1.5695565625004797,1.1376965053517212,1.6910854561631445,1.394850187237585,1.8653940069482773,1.6513045380745914,4.7712474278556165,0.0,0.9094688277809656,1.3649514526548687,3.9262576887775427,1.0428961733014315,0.9375680861943838,1.8714379190673596,1.0460402555015096,0.9958219038799151,1.28842096166441,1.0175596762844448,1.7543755254155622,1.6461990625102436,1.500777425309083,0.8274157036044102,0.9800773996426225,1.2482108489517711,0.8663684712233292,1.3000273331754175,0.77503578668521,1.0010957679387666,0.8526168871461323,0.8215780809984412,2.2749313001775016,1.0592978399050583,1.6192959487201002,1.1047018482099569,1.2610851107503147,1.1534785021481875,0.8213571338714095,3.614693734123299,1.248792186976875,1.1644289934426153,1.9490536788408381,1.0172955226864084,1.0555665973125634,1.1530688053980547,0.8129433607788618,0.6937475143517551,1.1147370794758586,1.7882922846679434,1.5759632214087937,2.446756283644748,2.307654078836735,1.643212215768169,0.9736275844069393,1.579183141357298,1.9443625982928383,0.8948905893285495,0.44967292169964035,0.7953650165448507,1.7264796787688084,5.25645076980096,0.8297368536257815,1.6014306455074054,4.736804920126926,1.6354033474382836,2.72761998010668,2.692957735116768,0.8143463431130861,0.537778702019816,3.280130038222048,0.9183030304218575,1.1532184516843071,1.0567352242532306,1.8456114128676935,1.6497487111211488,1.0690737004513668,0.9245713579156201,0.6683748102691679,0.8631618777137969,1.1356326742560514,0.9481857600990595,0.999644601802544,1.1671446009559632,1.291552340664567,0.9453628549307918,0.6274219871404527,1.70634896461582,1.9102748303700319,0.6438339243631256,3.015022230982151,0.8873765802022225,1.290429249302533,1.3199881625422292,0.7244926178716057,1.2047659017377836,1.117431452446133,1.4244661807012011,1.22702835646339,0.5797267220356207,1.0339239256121773,1.1285471846464903,0.8740066572376672,0.9517209766520532,1.2602387336867042,1.1699947215165245
SP:01,0.9488068953333014,0.5124193573818339,1.6025443016385803,0.8843446116294313,0.47099945939558113,1.1197235894783637,0.9685557745479672,2.2372031910180805,0.8225966666392586,0.8180182390929583,0.4209661301666862,1.2855771722535894,2.423707131822033,0.4451916330436296,0.3799838516232733,0.3110536493515724,0.7823996299117516,0.5669885263567717,0.4182032290994893,0.5039416512518701,0.4944465243324319,0.5305632907594852,0.46312056899406007,0.7569419903895322,0.5832224378516068,0.4453000122687332,0.6842193928073762,1.7199247483623885,0.7157071737439987,1.383943730700072,1.1626464534838732,2.809911852118538,1.975098670323032,1.5214887498859233,1.7885490808870128,1.720948169350057,2.001858725724698,1.0224575222548682,1.302322649924409,1.9072400225925583,1.603822157128826,1.1138500844820052,0.7423975382903487,0.7503243556586305,0.697800888958117,1.0623604371473725,2.2737527351336704,0.867454931496723,0.9920302469990492,2.500540976325438,4.109544367219407,1.2135873471740006,1.2308373381746052,4.41105454330763,4.099394472356005,0.8194947476320183,2.054638553294667,0.5959746849594585,0.6653801970725353,0.278757022765825,1.4706162247774668,0.6394263821586839,0.5972507554713054,0.8519433870970132,0.8976688455607198,0.7458464406298239,0.9105550035219709,1.030763832174787,0.9761557456211369,1.0505979548840005,0.6907448300956531,1.2681335505305318,0.837799341801129,1.481164292572691,1.1590987137479891,4.7498969240572215,0.9094688277809656,0.0,0.9994763762613132,3.9205263453555985,0.26064525734957233,0.4574095629792052,2.0376008583733975,1.6783968047287536,0.8900042719923124,1.1266832202555879,0.9880094014044708,1.90175367608476,1.5015379996939133,1.5562990273208097,0.7236395873536123,0.9174253890391908,1.273782443945577,0.7841408289704958,1.0409663899325807,0.7263739577106465,0.231981027190327,0.347781770592568,0.6468996893988613,2.3070770900583724,0.6352648040321504,1.5785649954454977,1.6009181195478925,0.9147843149728181,0.6485721105323355,0.4978531918991491,3.6901416893719245,1.0655555328981783,1.3898177366518674,1.8809333442228005,0.6189935678434048,1.3419739184239416,0.617800879440518,0.43011389640274994,0.47932957497669565,0.5250783477091502,1.3159793540108196,1.4767019874481415,2.5397417690748854,2.4331261063830874,1.0056794220029186,1.458416047680209,1.645298182097284,1.9479809813937563,0.8086222375477619,0.9259327481804162,0.30964339851496114,1.7611408999607734,5.102998855838989,0.6622719439748901,1.4438314428383303,4.657592037314094,1.297690030021809,2.747277742433784,2.816473668501127,0.2698748085316836,0.8186455818652679,3.307342537224669,1.1179387594780272,0.9706404896266365,0.3764234467263741,1.783936194114556,2.1704315105938043,0.7172933213266984,0.5613299144601761,1.2266038772527712,0.9115242492512717,1.1174060735174338,0.2368422120685478,0.31883365933075963,0.4671109076091627,1.0366828438782063,0.585489901035043,0.5617814544865796,2.036902117419914,1.6738226835123355,0.7895157836980023,3.0596257908935445,0.499020110221274,1.5345243358202276,0.7533406125432734,0.3019602465582736,0.7713161107873484,0.5928095200113676,1.325529636386755,0.6875911366273267,1.0273803312144423,0.3291854783677637,0.3906481474271946,0.21895378782214042,0.8076737440113211,0.8988633546515236,0.7780101431175875
SP:02,1.269575792520663,0.8768349341719872,1.3883158535102524,0.7992777895626129,1.1148249591464936,1.6173532832816584,1.352815128323553,2.540269470252857,0.8441763548527068,0.5399583412931579,0.7154227903862845,0.5440659043726745,1.841020340611945,1.1851397972255486,0.9315619324067533,0.9144902945954958,0.7503913162121262,0.7749971780678969,1.0527831902351925,1.164770819318519,1.18979026889614,1.2446370270168912,0.8323999780617595,1.3573383474335827,0.714978021978091,0.8017691796844517,0.5924425700068369,1.7169478523141108,0.5359900870602325,1.1564683625897023,1.2277286010795492,2.8526786476057118,1.882593530703184,1.69425905681224,1.2881638551827876,1.0254762634152155,1.770730519857315,0.8211809475929692,0.8921348666778977,1.1603587768618886,1.401659553968769,0.6084111098381026,0.8835258732279119,0.4909959702304786,0.53681339398632,0.4079574255322142,1.7992259476269201,0.5581984258216128,0.5676117021867187,1.8479926767252581,3.4950424129341195,0.6140815876241286,0.8830778265463387,3.7335466722895663,3.517649759596281,0.6004087922729451,1.7751316514012812,0.8852446333457832,0.8990452338374607,1.0107888232170337,1.2276799233673243,1.0076473188034232,1.002764203722539,0.7749664663057831,0.8118474045605146,0.8937616814962247,0.7773634115034962,0.6034655053796848,0.3135290876153281,0.7220579836714045,0.8073918897321216,0.570966764400774,0.7015315837711428,0.8757859950902004,0.519004386472959,4.058958377973207,1.3649514526548687,0.9994763762613132,0.0,3.2935156107584147,1.1333679516644795,0.870831572190654,1.6466618730079887,1.8410792205095456,1.0089643633646375,1.2150371944328557,1.430260531415637,1.4963414409605795,0.7973741843702207,1.074499447168625,0.9530070673933074,0.6462144059676748,0.9400894580484509,1.02982312463043,0.9120124534202136,1.0918255321695205,0.8673941533009136,0.7197887148842838,1.1807721630184198,1.8839928155266568,0.8414500750254257,1.2065323095304958,1.477621327483827,0.41652809494102044,0.7986201383738476,0.7983706500415605,3.104842953890303,0.8894444405409082,1.1780768195785787,1.3709573801361612,0.8549643726048185,1.327335256624017,1.1239208620554273,0.8283443528584223,0.8710033557727925,0.7243074444139278,1.011528262831606,1.0988131160486703,2.0008051299803586,1.941202991115362,1.1934411271581513,1.4518595740648979,1.216426816764051,1.4248149913949304,0.8847707277104777,1.1073568749250515,0.8122770136669952,1.2255887434831214,4.392212320130574,0.9121768851124405,0.5854368719964206,3.928185449707699,1.353893653916979,2.1586278282465363,2.3842309582563628,0.844344526129931,1.0594493759788803,2.6767679643757547,1.1557735758833205,0.6501332913879607,1.11315267311759,1.3388591248845578,2.410066538223032,0.6790237444378446,0.796600678928763,1.5218948452194268,0.7498310649605074,0.7898519585076695,1.0897688545379383,0.8235403562995819,0.7559502486632413,0.7223288404182797,1.2261933784648646,1.009046572430288,2.1673188996223334,1.1162410846466329,1.0591538687204416,2.404771715290259,0.7636594643671542,1.0348978969076579,1.1859138182762874,0.92033425476078,0.7359023153657382,1.0277786546103787,0.9879519052687563,0.9180419401513159,1.1924401807230223,0.947457087282661,1.2022555987209989,0.8075088791570293,0.5990105770174846,0.6938729943970074,1.131664981749152
SP:03,3.7504779888846356,3.6628561609144685,3.3822790291390716,3.4454398975017457,3.8922469289180577,4.180881020914522,3.818221995970261,4.657452949400921,3.582898008054637,3.4031649364968515,3.5718723643403547,2.9489315873069475,1.708684678976021,3.9193423589891316,3.752678719240832,3.796956716868017,3.4654305039392326,3.5483659041653404,3.756303856706071,3.7580119754088184,3.9122306636702784,4.016842128862676,3.540681244822598,4.070781479966064,3.4165640020183954,3.753651258560347,3.4989760366453626,3.9165156258087515,3.344499435456705,2.6939179547434042,3.2916478643850047,4.767310960561241,3.525546147563694,4.09920122156629,2.918720220527148,3.171515979391285,3.617137675823723,3.526452845323661,3.1745902109753823,2.586378026331142,3.4623332537276785,3.2631197014491735,3.6461674916229647,3.3326508215980577,3.537006846191705,3.180893736087964,1.7084638038197322,3.561156148267004,3.4466753095725187,1.6429465827183205,0.4592239821162379,3.0445412426041845,3.3537635076582255,0.5896341766560257,0.4717789933087183,3.3330696296398425,2.1672536905643565,3.3726088426265513,3.5340911527212393,3.749597860510582,2.529665396057974,3.680456248856473,3.603703011704082,3.313426206139797,3.285279866211505,3.5282404670677114,3.546994122235849,3.5066580387098365,3.2540903461583257,3.0896440299688583,3.624224813954349,2.9579997201413573,3.564868876502841,2.723839421911413,3.0683308363183737,1.338578577832418,3.9262576887775427,3.9205263453555985,3.2935156107584147,0.0,4.043978052460802,3.8330347160958915,2.9720427893819803,4.165926133638975,3.4268664052119417,3.6692446768586313,3.8710210320151464,2.3985753428107,2.7923062410110377,2.5822677732341566,3.5405373271182405,3.6876921637733266,2.7376072716937276,3.6388035137400654,3.1744802318543597,3.7194775419096846,3.90798796235488,3.710019652709215,3.940493712127123,1.756379214167167,3.5363483661947592,2.7576893158796465,3.766257075499774,3.144061634328554,3.4168062894909594,3.671804773172034,0.7563316062966609,3.164668548375399,3.861644498984419,2.2574382222827833,3.6710135136371633,4.009190976375611,3.9118170088267696,3.7785137637190305,3.7702349410380047,3.4718708088521435,3.0541811631736873,2.5916119788371392,1.5425733208299954,1.8851359425120553,3.780674008381502,3.9397235806219437,2.4467452616846987,2.028794668314437,3.470283942807102,3.7466468591986724,3.7420715749758413,2.2993638852588165,1.8787150905713064,3.5368372159707606,2.99844777192094,1.147042535791428,3.821126715760418,1.3380474643833251,1.5478497289294813,3.7815209321379615,3.9410089995951894,0.7354158840826405,3.850531894763278,3.1402331293546397,4.121869460185953,2.1770660709068417,4.761624602233851,3.491837756596235,3.538087841414268,4.074763936313848,3.4519816093752786,3.424173427020612,3.9807733262708225,3.7534639537450527,3.7610118546080553,3.215049722717616,3.9854885511187015,4.020757498774031,4.439436080154443,2.324607765425302,3.8754324850419417,1.020373756074905,3.697708255708753,2.804687804067608,3.9720377597133174,3.825746478895724,3.343413803245178,3.9384958886300625,3.032370602729354,3.5442161180773075,3.9872130696413,3.9096460924123,3.999734031379251,3.748221862880527,3.336796297286662,3.0833234485218126,3.838366000854832
SP:04,1.1191314293626662,0.616252521394972,1.8102231884617974,1.090346382036103,0.6677846579193379,1.2569424387377306,1.1498335350455977,2.4147163378316487,0.8039137558222919,0.8573683166292002,0.4982009885631196,1.3667077168198754,2.599869786875597,0.5288969738054747,0.4238603549741133,0.46232111845107093,0.8190781004788796,0.6573086724377465,0.502712012923263,0.5963471011496341,0.6546440817563223,0.6644729368923812,0.6338336226722977,0.9245262820093955,0.7367201119470902,0.5362067428853375,0.8235453473937048,1.9436639058023353,0.8634636568328128,1.5605350180376392,1.40086491895675,3.0043102331951266,2.1573050322970717,1.5860010978145451,1.9567200104653473,1.7795212401250138,2.0426618229228932,1.139419266143216,1.444167357759596,2.0434025326467076,1.8204681161573497,1.2499630322877817,0.7933605879895388,0.8529535015162667,0.7703973311198477,1.1373209382278204,2.417460241591146,0.8944119332214444,0.9986233347531803,2.664919111407268,4.2502679668349765,1.272994364790763,1.197484986755545,4.5259963587285155,4.20887484664749,0.9077618123114841,2.2332732937916524,0.7513067617433103,0.8751516406597376,0.4030039532627151,1.6221294844870198,0.5980225589358469,0.6750031890463539,0.9220368718749316,1.0302704321401823,0.7594083784474265,0.869481122672541,1.0269568632748165,1.1025868756508703,1.0869575904855298,0.6688771499139534,1.351695455658395,0.7979246023459144,1.563880366795252,1.220809556744582,4.913060532633407,1.0428961733014315,0.26064525734957233,1.1333679516644795,4.043978052460802,0.0,0.42727939632811746,2.256591342060632,1.8661716226429503,1.13455347455131,1.3466731212607024,1.2188671284664319,1.9914743347554584,1.684090590167574,1.6627987210158186,0.9766237215951695,1.1139110941266699,1.4509178273907533,0.7834538344800355,1.043364572289269,0.7204682371278205,0.4148923772727245,0.5323187745657643,0.5926594110045238,2.4074623043385626,0.6423094903326709,1.6228619119722183,1.8185585860843279,1.0334172226447846,0.6702790251870504,0.5500211030361641,3.7968645485072243,1.0983711943128884,1.6059939871991846,1.9483835055596765,0.8719645670877786,1.5383561429815291,0.48075444941249507,0.4851179201282032,0.5739560713503037,0.586058679682314,1.442877031700064,1.6592874937996902,2.6583221220316453,2.5245128399566377,0.914278029115178,1.6773880907104257,1.7558256016353853,2.079645031397292,1.0590118923777534,1.128573005220424,0.46570143926382696,1.9001141396156893,5.186873028948361,0.9128550467812095,1.5956843525459503,4.765580005946616,1.5077266307563604,2.9014714701639437,2.915208263296821,0.4380593706801974,0.993054721585747,3.4211550431519333,1.3387183477665416,1.0459595833080297,0.21502373217841117,1.893345976167085,2.3305194764666304,0.7370420023149105,0.6174545760742357,1.4216984708392977,1.129275339540075,1.3526224662211819,0.16073210246967778,0.340014038246697,0.5272667562331982,1.059626209662254,0.4567534060872018,0.7209935647116406,2.219023504764938,1.831048378437379,1.0107599575570991,3.183336317176587,0.6037339805818489,1.676316370753083,0.5958932528747996,0.4578127140094156,0.991551797837681,0.4559589699565196,1.5397872280777052,0.8340330196235959,1.2066813353167427,0.33668234180523327,0.2752827962814419,0.39749712727589875,0.9180974270863178,0.9887245211675387,0.6759733984938822
SP:05,1.011641713695094,0.4682643821179645,1.5816162012650439,0.8931851714382242,0.6995957375161188,1.2098480508722034,1.0714101985158193,2.383735535737417,0.7636861631418549,0.69088657485848,0.37691355561009576,1.1434520255974987,2.405647678253363,0.558462869197781,0.37009237695338215,0.38800825967921015,0.687622119081693,0.5498971481591004,0.5676172671257097,0.7010376966513312,0.7290718816184368,0.6974852450748523,0.5747745199110906,0.9638580201518089,0.5669707727805955,0.31658744929143084,0.5080777661121173,1.8554444793004474,0.5806647368905408,1.405750622922384,1.369177053982328,2.921404694392567,1.963208190931745,1.504595194191495,1.6461228241305719,1.365395527595466,1.9062706853190396,0.788792268950799,1.0981293364793514,1.7225059025734712,1.615714999891968,0.8942658014551704,0.4413296180239473,0.551210317619206,0.6135930366649655,0.8362402415052494,2.2679280152800323,0.6744248198367045,0.667714931991788,2.4662450981309925,4.06308036671286,1.0622945221996036,0.9719685055389761,4.304855650539718,4.027514921775647,0.8174684946829686,2.155074552394588,0.7233270486227157,0.8456666445298789,0.4526124479876903,1.5140559655033998,0.5475773959047735,0.6593592928086098,0.8602824572685763,0.9792400096227041,0.6002385671392582,0.5959986359494293,0.6750883915311058,0.7916033158209641,0.9124706464057688,0.39248777843800564,1.12163301291199,0.5294647217733536,1.3639764191135355,0.9948933232521743,4.727420758737088,0.9375680861943838,0.4574095629792052,0.870831572190654,3.8330347160958915,0.42727939632811746,0.0,2.108024902364196,1.7647561234255977,1.1210500453915175,1.3666693950379183,1.33490327613914,1.706442829099997,1.471442974866083,1.3646259791260762,0.9612771857198189,0.9012746321406165,1.2556336875513305,0.49597158457390567,0.7622753193931093,0.4672304003211624,0.5123436340778079,0.4153718895240894,0.43718872886420135,2.1934071324130118,0.423272954272779,1.3268965634868741,1.6488617449452725,0.7838548660977502,0.5071185471515794,0.2112156907757953,3.556159232513644,0.8109780028042974,1.4419212326042539,1.6729441562317628,0.907317767045573,1.4063228330215982,0.42715201418522697,0.1894556537798165,0.33522462074469217,0.4615495777814775,1.390665290105687,1.5219111824772649,2.4103656317263904,2.2503698068577993,0.8978615953590164,1.5440809579316388,1.488435892692484,1.8503483852308842,1.00375158937875,0.9804959338570605,0.3494001194134607,1.6503726750813106,4.96914521877917,0.8978870016466989,1.312986840491083,4.5341944359519575,1.5901803837002406,2.701988609837557,2.688327898418926,0.38375521210964036,0.8418293289020101,3.1781817711077625,1.2381341082303008,0.7208944717709953,0.37069080779235775,1.6771452058760448,2.2884844973037595,0.37269460953502853,0.3791438121594381,1.3592430524259567,0.9445262404307905,1.2024290094359964,0.3854494476042033,0.23185099266864942,0.48683415178349726,0.7166643551778576,0.4078519825075711,0.6345342988565128,2.18658847696069,1.6810452972107972,0.9416257058805939,2.930193874088627,0.4120506259113098,1.3484855093221528,0.5552728402274156,0.4053018984505712,0.9765411080711873,0.2613047041259874,1.424638135749601,0.8734093094320915,1.049834496145316,0.39431958841975057,0.566491286072144,0.3600130285400956,0.5942957465536941,0.7931498286847891,0.5140800696939184
SP:06,1.876002610036154,2.036763471382639,1.3018766755697693,1.6034494059140345,1.9136368617830983,1.9718458549744853,1.6215920103936046,2.0705521837810417,2.3062507207486855,2.019168777273058,1.9196763451202445,1.818562540460275,1.626434746188346,2.107426338505479,2.1308636941106283,1.846131255173858,2.1804697683053087,2.0570190842469738,2.1406136388259434,2.154286483164957,1.7789192527388926,1.9160168025410564,1.8724744104734041,1.7530154248165442,1.7975188167142397,1.8302622113943394,1.6492895252888709,1.105467877277475,1.6505827762787606,1.4645427303477194,1.0696162466741803,1.9722570097723768,1.1274290514210155,1.6788260446898307,1.0668206004042193,1.9306723521341767,1.775714150758439,1.8325282706428734,1.587714492826532,1.8463369649698358,1.4246952882587265,1.641169206704974,2.016319381284443,1.806802084707229,1.7980353066743708,1.9061223077452398,1.7905319177068324,1.9078962786562024,2.111925577241482,1.4130777644818104,3.004832527451402,2.021481823450122,2.4082388764814313,3.4909850728931207,3.292709602978831,1.9723966168502902,1.5193562384919368,1.8018045773974425,1.3951194064108832,1.934883625653304,1.6128915536872015,2.3253658786987077,2.1478910172186962,2.08349431076531,1.981901554705416,2.2305438731399665,2.289061487235884,2.1115448865929554,1.5285801686453917,2.0164015022651403,2.2081401561339393,1.929000106287509,2.1415284605238343,2.03081159764921,1.9024961973830345,3.4025363982167547,1.8714379190673596,2.0376008583733975,1.6466618730079887,2.9720427893819803,2.256591342060632,2.108024902364196,0.0,1.5261522350351622,1.228904018245155,1.1370063253717453,1.5070447071901856,2.0005211419172793,0.9684619206488304,1.745971590078968,1.4096035098401727,1.5642186050406324,1.2655320493045707,2.1786775066765545,2.0211563662702607,2.174873341500587,2.0060060678166036,1.7660107228457627,2.332056454692312,2.0033880441403276,2.1234856165525935,2.162934598254243,1.1879306918699342,1.7521633647977222,2.0272009426351763,1.9655004973023518,2.9930414881340006,2.0778009121218797,1.3674661494710512,1.9886965616505967,1.5660558188250873,1.3567750297509897,2.4441933430271625,2.030788418045718,1.9970679535830937,1.9274674128294,1.3993161062351067,1.032448318296967,2.0126568838072436,2.2229574791025764,2.6704833175933005,1.476703129420409,1.7370442269865363,1.6725089840788736,1.2896199367223895,1.630682180510643,1.8271897303931484,1.6625889119286184,4.549882396986729,1.441720432308025,1.251440815183889,3.8709198080870957,1.368893779276478,2.022415019538335,2.4647456777185868,1.9725493987319829,1.8404349908790618,2.490363229236259,1.2824301675214629,1.7258224257261638,2.3389989059447043,1.699227778981388,1.9340981776056212,1.9737199103553165,2.006571414768087,1.5705884440240812,1.220190755733149,1.0946009419643792,2.227304667952187,2.038424538934949,2.1361428301940966,2.004770666495011,2.3908361546903505,1.9556543650452365,1.5077261945990696,1.4588983914073972,1.5208083128907515,2.326074476904671,2.030098944721954,1.33940054818933,2.583190450502595,1.9937567595289003,1.4494661825202548,2.3572151469346774,0.7900168159627743,1.568269464961348,1.778361630833714,2.2203729357299338,2.3711968766723523,1.8922381847779381,1.8001012948157091,1.6727774128481385,2.476958763689185
SP:07,1.2306273993009087,1.7064431087979461,0.969128583771913,1.3485666446410147,1.356943733298471,0.878516908803263,0.8658237974264359,0.7604899418510974,2.3346648649456285,2.1443786934970914,1.8208567568232243,2.2928252719474247,2.6118839174095183,1.5554535933505302,1.8137269321033767,1.4725072574728055,2.151837316188736,1.9023976667486429,1.8099863946691819,1.8088959185656712,1.2933989949068243,1.2460634240714517,1.677476498594057,0.9927790732572225,1.6715397143293356,1.5334499329509454,1.466967553604934,0.5423077609242887,1.5903944683007505,1.8285341964118864,1.2412484705361244,1.205939544207596,0.8574502380160831,1.44234781232359,1.424289469659081,2.0806338653521657,2.3053133966157935,1.4779802784009815,1.4946891357540515,2.247751022443154,1.0448588739704074,1.5776672758274914,1.6326340193345406,1.78954169006309,1.8825562332558416,2.073285840115728,2.750888229100232,2.0021784841617465,2.128487919202612,2.6819619272600645,4.2797033736516354,2.357875610240478,2.5329211103243825,4.699674704207416,4.481637988714707,2.135230906155764,2.398764878723234,1.7655553119512133,1.358636842931994,1.6180766126659827,2.1557457779343983,2.1169766741233675,1.9174923536140462,2.209064375791749,2.0845500618548725,2.072317380098968,2.2190333170280137,2.1087976096817087,1.695773435014092,2.2957793412574703,2.0083229214292118,2.3039283042881267,2.1313089693761915,2.500745720423249,2.262981327999205,4.785057702314554,1.0460402555015096,1.6783968047287536,1.8410792205095456,4.165926133638975,1.8661716226429503,1.7647561234255977,1.5261522350351622,0.0,1.2910703890129247,1.2690459360059017,1.1817407852289825,2.3496377582319083,1.7999296420106141,2.0897278547816365,1.2613372651693262,1.2937146084408997,1.70259931331417,1.8197573260377558,2.101087724067463,1.7508871805042137,1.6923022089489401,1.5214161651197748,1.8071266657912992,2.7572600653048007,1.9529550860292737,2.3667037922478844,0.553809952021542,1.9191632297026615,1.994339418238732,1.6638615166834385,3.9581736732221193,2.0868311011006235,0.9142109265189055,2.5442223838668525,1.4464288186507765,0.6655765207042289,2.0940877869530943,1.6599869908281832,1.567315666715914,1.8980569410996972,2.1101706057039915,1.8593471991292496,2.833901396576828,2.8114914302320697,2.5435388955596143,0.6312186602035627,2.1548576386384988,2.3968639887829926,1.2400614607809581,0.9832327953621596,1.5294522058310247,2.214077358705216,5.647523390327917,1.3080650782389687,1.8110372943131714,5.02968257222194,1.5991823277650639,3.0172531545557537,3.163756687785107,1.625797151108127,1.124869635513759,3.569610765199599,0.7742712477460857,1.8372246729181319,1.8837946467747262,2.370256432167865,0.7283506607938446,1.8572362643892284,1.802464771896549,0.47586381016852497,1.1372295128461518,1.207699543123663,1.8165311440639769,1.8021765180636544,1.9386995112611127,2.0563882000974054,1.9154442650604127,1.3116317740364285,0.853820943140377,2.307912937351975,0.936536263050843,3.3228620568924696,1.7182199935533393,1.6354319872656233,2.2522326320612502,1.571651601162355,1.6574211969959651,1.9970417179934732,1.5114449793301228,1.6958990294781695,0.9365546958920113,1.8746204079840976,2.0147259301528795,1.6253067455256969,1.7003842474044422,1.924928491318761,2.130521034347868
SP:08,0.9527364974299056,0.976237348519464,1.1211780564093428,0.7444666949624521,0.776865855142726,1.1514658723458002,0.7942792864715096,1.8686862591680669,1.332434115505554,1.1603919032480223,0.9013157503847777,1.2949686555347828,1.8499186130368688,0.9906338412744251,1.0315142465446454,0.7929856483090614,1.2082383525403468,1.0055007747666662,0.9899426215581285,0.9877998847222762,0.7128574693800643,0.8631779526502243,0.7667671618748908,0.7911190884707551,0.7855922793022767,0.8822902626859979,0.8208305051829426,1.108718587954818,0.7964521079412281,0.951337721973225,0.3163307067640573,2.289056069989964,1.4123203993435511,1.4304254738522493,1.3099446120036073,1.738684495565742,1.853493959417858,1.1360206439329803,1.1523811639302115,1.6751074210009855,1.1447957348119424,1.0747581560892316,1.1320812040842274,0.961964359780456,0.9721729825545419,1.2241698462740325,1.7995117727406598,1.180517508248212,1.3660267733631861,1.898508239220092,3.5450469117658563,1.3538476289893842,1.638905872358631,3.9505393005332374,3.6499054451563464,1.058437904419425,1.4472720453469197,0.7246061501055227,0.3730129307601268,0.8233011685320053,1.0992761784453133,1.2625024629331707,1.0452132262332587,1.128351045161556,1.0131539060523025,1.231609683181873,1.422814073125635,1.408886359695681,0.9466153270919738,1.2547924829187103,1.2520298661387286,1.3222278800080953,1.3197821951618982,1.473217350116094,1.2746565118327233,4.111684849843979,0.9958219038799151,0.8900042719923124,1.0089643633646375,3.4268664052119417,1.13455347455131,1.1210500453915175,1.228904018245155,1.2910703890129247,0.0,0.5133610078730598,0.5153149001214177,1.7294070963324193,0.9777305279697305,1.386194359664629,0.22918603025608172,0.8413423510099699,0.8137964356840207,1.2523318561684074,1.2962859478903734,1.222600872436626,0.8817804440038346,0.7314776452281673,1.302778474212058,1.9725680456221342,1.1397876143220274,1.641450240141807,1.0851126122502053,0.982421720952565,1.066182311322335,0.997691123125747,3.2885540000030273,1.307405391556347,1.0233798846331585,1.7452914199265313,0.4323017813433977,1.0084546274158745,1.3818022112489652,1.0189081548015257,0.980112265743782,0.9359046098913997,1.0045848320097328,0.8633517196409178,2.1451973184008364,2.1763021680570103,1.6442335043372764,1.069740125940229,1.418593603119775,1.5730458641368241,0.1886627098205802,0.7912679420594392,0.785888637604335,1.4334275281696813,4.798486905588363,0.2556093612523333,1.1364134034678839,4.255354439100629,0.8107999380040306,2.2384152714365464,2.4905359230096664,0.8641023063304265,0.9427147943087656,2.866954761730997,0.7143216231085436,1.061314621640445,1.2450150402328253,1.4841502386863281,1.8439230518842131,1.1223281343441882,1.0139012750048562,0.948512491481084,0.5088878718398027,0.5653514532761006,1.0927017132498036,0.9930303010954147,1.0701903163310635,1.2962283538319297,1.3321911342902022,0.9359695492925841,1.5710708892152907,1.2375859190319367,0.6191535585719257,2.628197100905104,0.9928916171475914,1.2089201206275555,1.5299327758037036,0.8844060993390876,0.4347901745483537,1.3506044305698184,0.5921242743251738,0.6417246532936516,1.0107918333247405,1.1029018148222574,1.2073116410798603,0.8040110907665636,0.9780634942568359,0.927602632446208,1.4628888264090862
SP:09,1.353621507195021,1.3613501762944786,1.3812766194590895,1.149732402618961,1.1102927951132961,1.3719797531615316,1.0663142436696995,1.8574605977870984,1.6107078632843654,1.4138778218812766,1.1885997605476408,1.5203771028302668,2.1546622927887986,1.329171361778176,1.3754784505003426,1.0385310948237902,1.5632742915475437,1.3860413228788493,1.3690654183902313,1.3876619140320687,0.8990205763921141,1.0897940365995775,1.1752654657062178,0.9149187280869417,1.1971224250950934,1.0799995703295973,1.1002424718983996,0.9740732301008501,1.147938704832861,1.411607734026788,0.6530469673323508,2.0915125674411055,1.4606378013601637,1.2027955073198864,1.4844534549044381,1.9317159234108892,1.6388667756343507,1.4651846683308078,1.4917046548480144,2.021356487937851,1.423840387798817,1.3915406272718718,1.4700726100079042,1.3025059678304953,1.107520243341619,1.5234205065774356,2.120617555980639,1.290500963736156,1.6201716206393213,2.0670724514139116,3.753047436833276,1.6444776219400057,1.9321670402008668,4.18784573721756,3.9033463940641266,1.3614537495873311,1.7677136735384595,1.156644672459802,0.584413758669834,1.1268231963927495,1.5228101988376972,1.6215881108609456,1.4616816605985687,1.484353877771939,1.4159315462753335,1.6201675756430614,1.7181058098365183,1.625984403171865,1.1513446631320035,1.566290289243265,1.5789980484432586,1.6207529741703444,1.536827058079222,1.8151953459538737,1.5207670494633112,4.244930559330119,1.28842096166441,1.1266832202555879,1.2150371944328557,3.6692446768586313,1.3466731212607024,1.3666693950379183,1.1370063253717453,1.2690459360059017,0.5133610078730598,0.0,0.6032982448903985,2.145680669405879,1.0777424179906447,1.7830502174471146,0.6568916975790865,1.0058858668818924,1.2144472028961308,1.621825710834552,1.631435929214031,1.5789938781169879,1.098902073102921,0.9653017015550834,1.630780122965307,2.33080140914385,1.5008872775587252,2.054199765392605,1.113566473149755,1.3302911594964129,1.412167027801292,1.2988261499650158,3.6088493570185456,1.7079634271166007,1.0188179026204618,2.1003885897359016,0.6734527959280407,0.8950144707760723,1.6884481581715882,1.3111727890506646,1.3039642049404159,1.247952005055792,1.011550466242452,1.1163635136722447,2.487787136412699,2.5638152049599716,1.9693789963728296,1.1658652076461895,1.8246693638462261,1.9396313212604466,0.5917703843602372,1.1063689288959646,1.0316198458534642,1.8321870449260733,5.079429975192624,0.6708425789997606,1.2290504516290683,4.5115425976141355,0.45102692056171967,2.5551950399102528,2.8793882339761625,1.1764408979252614,1.2006233757237819,3.132816182638288,0.6723849248249502,1.3789450699951795,1.4529458463985367,1.8451166433325175,1.6493929325076713,1.4144339738131597,1.3794582456113016,1.021649944502447,0.7169775800663579,0.6686814031623665,1.3569177966475563,1.249553896422868,1.352045840077606,1.6247650614590075,1.6322888562540436,1.1691866689464556,1.2533408100782668,1.5301593084480165,0.7562118878952903,2.9263737885957224,1.3374915953214266,1.503866190226283,1.825270444625118,1.203835229752732,0.7384102328123711,1.6045464702560455,0.6564726409537843,0.7214436546120719,1.2234916764019836,1.385880477841008,1.4882596290154926,1.067734952896353,1.3474558554129907,1.241059774428702,1.800578069680915
SP:10,1.0361690120830713,1.2000499439159662,1.33800989377086,1.0431350600519183,0.8089942616719116,1.0339568426432575,0.7989958588664171,1.6115444074229202,1.6242073135393518,1.5254499801959402,1.192603726533306,1.7596848240280247,2.281303317725309,1.0574453946546483,1.2261180793198778,0.9620455638468184,1.523911600155077,1.2803769147515398,1.139729234730302,1.1020323789988014,0.7185411381600992,0.8415207168454574,1.024538708524622,0.6559823295056715,1.1141571693621866,1.1123592297514,1.163547832874827,1.0558351680950497,1.1856583019992561,1.362658627574258,0.6044072665891493,2.124884053368559,1.5393674793327567,1.498306690032427,1.6968462766498413,2.1649154253936507,2.1253429652056024,1.4394926247132438,1.532914034851326,2.128897591369832,1.3276716926981484,1.4700645039280453,1.39504927346482,1.3490456137341338,1.3121828403690745,1.651201042403242,2.236034462616643,1.5266199728431227,1.7396338959684434,2.356080550237269,3.964276690699018,1.7886551426153827,2.0157816719085,4.406036892304653,4.085557350272636,1.4192157893550248,1.8027439429945105,1.0308065507187525,0.6852653136589231,0.9816951954023094,1.5192040053415787,1.494344696621731,1.259053722135219,1.468113916330333,1.339341368651074,1.51567606457339,1.7535733191132916,1.776197412599238,1.383055341127145,1.6703205811816175,1.5391772159128894,1.7744224501855266,1.6551291051900905,1.9298073546014332,1.7190739714447185,4.511906399830528,1.0175596762844448,0.9880094014044708,1.430260531415637,3.8710210320151464,1.2188671284664319,1.33490327613914,1.5070447071901856,1.1817407852289825,0.5153149001214177,0.6032982448903985,0.0,2.162253302527702,1.4636954557060968,1.8463972231412913,0.523196714459189,1.101293569583018,1.2891659899141705,1.50321981929409,1.6851561122197927,1.4377308154452988,1.0103431513034236,0.9713972858191449,1.4493891998526143,2.4181714495306985,1.430893797559839,2.068935911551694,1.1652323009690368,1.4159936880558428,1.3925826147056268,1.2556509013832893,3.735853546939895,1.6894394230303476,1.1374051146823296,2.2234210777336907,0.630283423890463,1.0366878462309024,1.5621896848415548,1.235788583564563,1.1824993859460693,1.2556915378251947,1.3994915307400801,1.3372057749399409,2.6022413340122363,2.6251968889928876,1.8823302231615449,1.0729013259021138,1.8744616089989492,2.0451858710585182,0.5871493342427024,0.9074352077571401,0.9993589541561876,1.9002764150683182,5.265351797171293,0.5641754588080271,1.6040750244861932,4.721869774497161,0.8123732658033029,2.674545901565516,2.9129414349566263,1.045634934997451,1.0267590627138063,3.3329651448601476,0.7729770923555775,1.4880947603761745,1.3383966128914113,1.9565614116340273,1.6184639219618644,1.460374010352936,1.3030056210554664,0.8215376498441886,0.872375684011123,0.9098888318598759,1.1933047840431452,1.2167514151355687,1.295290993211452,1.6984545868008476,1.4655171539160998,1.0000036085898387,1.3980539455087666,1.7170940068918366,0.664163485281805,3.096994851491808,1.2299720980834696,1.6513170712316587,1.7141977413803198,1.0349740273978656,0.8347898656172443,1.5445972021983951,1.0317716422443612,0.913248924334601,1.0609512317865395,1.2547159291426606,1.2958814397032135,1.00949960997646,1.3514632345453037,1.3629821995329967,1.6760423846925037
SP:11,1.5901380183674398,1.5040062448862046,1.5345067161750725,1.3928660874645447,1.802526877540035,2.047691149729831,1.7727120619471513,2.8989874653118246,1.7202451737732862,1.5580136515483922,1.582390304422583,1.3752050243108562,1.2440221916332095,1.7498091495648564,1.6313808438727528,1.7391189341554962,1.47458161663276,1.487278148530911,1.660422841427074,1.676271201471859,1.9215616956400545,1.9194406519287288,1.493826727012129,2.0688998983444318,1.3456129688868879,1.709670304631804,1.4338478236415595,2.3453050136929985,1.2882560223526205,0.902102353218812,1.6874045338658354,3.3531927752772974,1.951767920400859,2.435608022205882,1.2776108368406978,1.3101771610967983,2.458593057739169,1.314012130097876,1.036104541858981,0.8875118269560196,1.6217927095063087,1.170021639804415,1.3962724443759882,1.2738586476798006,1.7220829011084966,1.2535542207567354,1.195105992639794,1.7504252930873503,1.456645101434135,1.5317713493060976,2.699829875807153,1.3331688801469352,1.4794646254551467,2.8661965883508795,2.6347710753311184,1.5379325062747125,1.4014269115464362,1.410871343624749,1.7322819868825043,1.6998675021952627,0.9987537206510783,1.5829240115530265,1.5124977332749585,1.474167254042374,1.4519828759982658,1.4025333063856433,1.4930372700639611,1.525985785747064,1.3838329796805635,1.2963736920596658,1.4837620369957174,1.258643245411693,1.6052582421941435,1.1407461204846847,1.373021553975159,3.476431969642962,1.7543755254155622,1.90175367608476,1.4963414409605795,2.3985753428107,1.9914743347554584,1.706442829099997,2.0005211419172793,2.3496377582319083,1.7294070963324193,2.145680669405879,2.162253302527702,0.0,1.4703504559954952,0.42522614240734463,1.7062263234522546,1.7629149574463356,0.9536737104356732,1.3604004256872493,1.0959076268397112,1.446906377062919,1.9253656324437005,1.7147136017503541,1.678648949536695,0.775054321939881,1.3999424191286944,0.5389479436975626,2.0379491342729206,1.2058391988722488,1.3836086617811463,1.5258955414830717,1.9547409779009655,0.9682812839221647,2.098782139004153,0.5296636882228462,1.8749954882042263,2.215626887375289,1.754935242352565,1.6282266636535858,1.590668603733893,1.4958286191886505,1.8185265122972454,1.2750479567746869,0.8700678976126404,0.5785782766899801,1.80154883440925,2.09184081490916,0.3459717484492509,0.6268294539394634,1.6809191738979679,1.670147367541355,1.705980408893741,0.5329934952310804,3.601808700969474,1.6888718612747604,1.4854723448242049,3.11179999877244,2.440304471095908,1.360450117211838,1.0530140429727486,1.7011781079035395,1.816063984892558,1.7143719436790863,2.0502722613186175,1.090441540723657,2.016594910955982,0.644509858062717,3.0485617286156987,1.3874225060384684,1.3951731821595224,2.139580200347101,1.5987642735680465,1.7477629099835414,1.8877038171419809,1.7097562140548412,1.7574183795249874,1.1108384622773368,1.7751643097448602,1.900799109575601,2.9204326313149305,1.1899626474920026,1.9288323904495142,1.4317994544531407,1.567817050887569,0.8709243333719788,1.8352510620466649,1.7103234660691067,1.6662816364726534,1.7894595089569074,1.650191577286666,1.854860684669353,1.8963037132503948,1.8302104710187157,1.944931795849581,1.7286476348275488,1.193975745350095,1.2184671682954327,1.6286677412293613
SP:12,1.577858776122262,1.4306032482065145,1.3053375901541484,1.1281939868077149,1.5211687362380093,1.8698266102306627,1.5042845353729717,2.4894788358371596,1.4806855047540637,1.1674801554788827,1.2392015530070755,0.865785094955971,1.3729039919580512,1.6503952717917152,1.5057525111671282,1.3495118944527518,1.3855650066711043,1.36105685356988,1.5665768357471648,1.6263388659740408,1.4682044154470877,1.5984286962138092,1.2862274415283381,1.588278370376148,1.1686458577642738,1.271810931703676,1.0438227500931736,1.5119861850000094,0.9854514841141472,1.039507323091496,1.0271250461488386,2.617739719998494,1.5698337022581463,1.6527070558324972,0.9583953735592228,1.2499532195215484,1.5433424861985066,1.2780120347948511,1.0844072100733388,1.198180209253329,1.3846988071245903,0.993951442781946,1.4193698822357754,1.0562115261689666,1.0468728753001177,1.0255267673444963,1.3996675755337797,1.1133010082497152,1.2582755884609098,1.1998409180237135,2.93107574694657,1.0931244461654288,1.500955888436451,3.2667177528147167,3.05849575521029,1.1496660783574313,1.3446004990023765,1.2187739587782154,1.0133449858769374,1.4267856242171293,1.0897135349316593,1.6142255674892885,1.521057908427134,1.2878829629980055,1.256419313343851,1.498032648073719,1.4609725603253967,1.2733544266860581,0.7434699818789429,1.1492394081349244,1.4642739976468568,0.9993803446602727,1.3297454700024558,1.1383705822225405,0.9713267683743152,3.4381751699003686,1.6461990625102436,1.5015379996939133,0.7973741843702207,2.7923062410110377,1.684090590167574,1.471442974866083,0.9684619206488304,1.7999296420106141,0.9777305279697305,1.0777424179906447,1.4636954557060968,1.4703504559954952,0.0,1.1040686823168275,1.0876991062760268,1.0627331834161626,0.7568427062135883,1.5621669967071679,1.283573431460792,1.6025706253144185,1.426308064528871,1.197976323250003,1.7587427172966823,1.5914817618741335,1.4161494896174418,1.4450741094464035,1.3729176296609507,0.9297073394170373,1.3017211808402815,1.3449986442184745,2.726245682312245,1.3342308492349984,1.2617070746827899,1.3123667601690727,1.1285950742403665,1.3703632157985661,1.7632907811856764,1.4182417947103465,1.4276219505111312,1.2209821003130747,0.7860518036407139,0.6021888387684787,1.654219776511417,1.7662531697544923,1.8627444710780978,1.5158911835859579,1.1561139792217467,1.1508014859757312,0.9610742496548007,1.3689604447018027,1.2794023288738092,1.0824040478183452,4.115859097629667,1.0776320897921134,0.4114523829503562,3.5463675515487636,1.2592046421689276,1.7340402635019525,2.1247377780710948,1.3937717165114007,1.480337700053052,2.2211271901784158,1.2115648962329773,0.9910022970804397,1.7366311269602746,1.1202708057306159,2.3465446511233896,1.2474123047668562,1.3413297956238583,1.6186264215281043,0.8410434693970452,0.7572493531227815,1.6523265214974596,1.3909604926488757,1.4248861644766782,1.212328120503497,1.8016679449705681,1.5172230868560745,1.9824270486885296,0.7881186438318734,1.288603760345875,1.9992196882607363,1.3847888148131435,0.891579396314335,1.8621958385688722,1.4517146971999624,0.8876772391972402,1.6784573629170183,0.5046946654794425,1.0700383399537658,1.525464242178799,1.5794460961372068,1.7686740747709382,1.312158001242814,1.1079528018014582,0.9318755803866786,1.7779311102733872
SP:13,1.3445397645390469,1.1857168382739232,1.3140983839521054,1.0545202974892114,1.4898724123230442,1.8045309627089041,1.50607057462898,2.697919033949398,1.383792285425967,1.1800878824313206,1.220555262247986,0.9977991517925893,1.2517074656189555,1.4639897750313358,1.3120860596969044,1.39165648257041,1.1433541128862919,1.1530697410318054,1.3623622655340677,1.4003126049711467,1.598434249892914,1.6126165350299924,1.1605823155176602,1.7570112983872035,0.9963559017069442,1.3455008474037753,1.0525821459082152,2.052393553780595,0.9012325358423259,0.6925600040084393,1.3927625408728843,3.1196996751959944,1.7763094461890216,2.121150993738457,1.0556279118762837,1.038168478233943,2.1564230340179105,0.9921276831246572,0.728687265902868,0.71493089705684,1.3957834033486631,0.7959793801194449,1.0862169133608144,0.8876123718433859,1.321549040756789,0.8632448416923062,1.2018457824959148,1.3533865666095497,1.0921818941742243,1.452914220881656,2.8511227571343714,0.9792188533907508,1.1816893002511055,3.0535501923372252,2.82222363004239,1.1692315280105996,1.334269028909838,1.0909320280659165,1.3696265941959271,1.3773228172000376,0.8148578491035547,1.2930114282076164,1.2244404647468623,1.1426660355946072,1.1277000839300746,1.10671939114179,1.16706398920722,1.1611659276582362,0.9658423911488846,0.9589024569234217,1.1601137927939664,0.8953417745494158,1.2475906162046289,0.8540068922603145,0.9952698208718358,3.569422259450619,1.500777425309083,1.5562990273208097,1.074499447168625,2.5822677732341566,1.6627987210158186,1.3646259791260762,1.745971590078968,2.0897278547816365,1.386194359664629,1.7830502174471146,1.8463972231412913,0.42522614240734463,1.1040686823168275,0.0,1.3600978737234755,1.3712715194836553,0.6394892068931392,1.0946558816706053,0.8073236832080942,1.1844879881252677,1.5568879177112023,1.3376979985318667,1.4108520201393409,0.9730987472665891,1.0853916442723426,0.4431709172549773,1.7499903213928385,0.8056444512187546,1.0554958993533274,1.1843535637771951,2.2318194921686474,0.6855696981373021,1.7460899507891714,0.5267064318535908,1.4990255385466908,1.8688881842234801,1.4679708828543214,1.2861596394156973,1.2595599434698135,1.1419613070677357,1.4650598196489413,0.9930702900730275,1.0893130698902869,0.9201805683515207,1.5340033886121232,1.7961964643685662,0.20021253286262575,0.6143297413623823,1.3222193151218247,1.3671537227079755,1.3448044368925094,0.40627320393265093,3.788844509452259,1.3374590435439904,1.0907162694148043,3.293409571857406,2.06276103310775,1.4675910087623536,1.3898156286789254,1.3532941633293107,1.4909001463464095,1.9037597475617551,1.6953833693132794,0.7159285492582876,1.684332516868093,0.5700811458323569,2.777880309097707,1.034013543593377,1.0665599906477357,1.8486715825669773,1.2215500224354245,1.3651113749573727,1.566283319867552,1.35743448627439,1.3974601384390146,0.7738595803036008,1.50292006461843,1.5575913352525839,2.61549487520955,0.9399938481483007,1.5777082516896614,1.6176919932651008,1.2235452188728928,0.5945106774162069,1.5544232874072226,1.3750843770856775,1.2885719696068807,1.4746199242593523,1.3023378144559226,1.4852237322555324,1.5842073895005122,1.4933720492578053,1.6414844769637245,1.3674565132444212,0.8242856754181086,0.8554409289683644,1.3645354632848772
SP:14,0.7617069152770394,0.7828071498941453,1.0822703204836173,0.5829400733208826,0.5567741045054517,0.9935174324978506,0.6677620810207607,1.8352804754074181,1.2229137486266877,1.0783218523246585,0.7807682901736446,1.2881928570261014,1.9436584868428657,0.7889639455840147,0.8500822775973143,0.6341902010264989,1.075148675658282,0.8436087246518799,0.8040565576420272,0.8058211286244942,0.5853335886425314,0.6883227632089898,0.5955073065972495,0.661894316491137,0.6347300461960589,0.7511917900409473,0.6967768472308852,1.1598029765426856,0.6797120292780751,0.966277062167393,0.47464420501387666,2.328120025395366,1.4641906783838234,1.4694100402411867,1.3486629622788366,1.6881879084560585,1.9553847376274496,0.9829418650781884,1.0664553504333394,1.6426626972812033,1.0839527393371242,0.9730370649520054,0.960851502808885,0.8465588680629887,0.9172433848066944,1.1427765109050112,1.8964458731279215,1.1237263467351806,1.2598220171460783,2.0409490323716697,3.6784630749565492,1.3050531702719945,1.542094383550461,4.057950351956861,3.7614707814723305,0.9801098279839321,1.5694679257994217,0.6123069701838127,0.37342628637714775,0.6707230520716935,1.1438858250341484,1.102904423806999,0.8729200419546086,1.0363416274047388,0.9129973219447103,1.074671390504038,1.2937611835707985,1.3076621581523062,0.9035932237838274,1.2054674237257914,1.0966898507808014,1.2809338346215922,1.2214691129412156,1.4469077193357385,1.2424925785362064,4.2631170477347915,0.8274157036044102,0.7236395873536123,0.9530070673933074,3.5405373271182405,0.9766237215951695,0.9612771857198189,1.4096035098401727,1.2613372651693262,0.22918603025608172,0.6568916975790865,0.523196714459189,1.7062263234522546,1.0876991062760268,1.3600978737234755,0.0,0.7197824963216503,0.8552326828214102,1.0831928715913934,1.2215521493052761,1.0493688166021806,0.712742429176721,0.5850685190459524,1.109236950557407,2.0297622320274384,0.9909730142092171,1.5742063668714705,1.076606264665619,0.9047641474995163,0.9545665581191327,0.838091319841462,3.360652655138907,1.198920441399055,0.9750997493885646,1.7531971688633847,0.3224243828143558,0.9784817628703257,1.2092655031128918,0.8396360309218354,0.7851860520098868,0.830182421303883,1.1336065164566476,1.0071889669649579,2.204974607535648,2.190709771130709,1.4983320289003175,0.9960882060489249,1.4124317430331945,1.6218881472103592,0.14401479754060256,0.6176912226266231,0.6343979674697503,1.4459772108522473,4.865417885838368,0.07700858712840965,1.1776127190848669,4.342326953755117,0.9287075412915956,2.324051558883248,2.52887803533404,0.6718950630015679,0.7414642548018021,2.961787424374454,0.6815553427289225,0.9978553398489959,1.0695088819384668,1.5309586587788937,1.8384777658502647,1.0008696595458029,0.8580814444181695,0.8632092292619601,0.4727635072822706,0.5904951529968249,0.9160710388749996,0.8471654685204013,0.9093131948503126,1.2028278441244795,1.152932775462827,0.723649876514123,1.6293030463850129,1.327141778666652,0.48200201673296944,2.7049397153310677,0.8023125165741596,1.209906937091531,1.359771228811558,0.6811717089779812,0.4514650851509611,1.185643190921232,0.7747012522777326,0.6715339706407304,0.8373920764534476,0.9203611304113078,1.0407415426355606,0.6460550322852339,0.8468177958929783,0.9059130291216935,1.2871882320712842
SP:15,0.9134567237308721,0.8434320564525649,1.0206023925564092,0.545779820415896,0.8164402415136706,1.131410157346079,0.9449200422445498,1.965450309743875,1.2178292036448628,1.0103101736714888,0.8914051238201927,1.1787755166431013,2.1012418999198585,1.0009616714006062,0.9526051489604419,0.7876247378199754,1.0602875398862321,0.9113460797174342,1.029928875403705,1.1153311505221886,0.9514663178437184,0.9324284220123199,0.8380525405990961,0.9521977208516993,0.7843475309970921,0.7548550182077908,0.5695761698064866,1.2346638586425784,0.6475128002237522,1.2813649249003851,1.0491280572583224,2.3237290833919184,1.560666193164523,1.5373008862347988,1.2354222898844038,1.279853091048434,1.9684521313639447,0.6687758136835996,0.8443786503906774,1.4157949904304008,0.9965671495642657,0.6506267909826167,0.8436708912313848,0.7606626219809803,0.8594483944842783,0.9291126049129714,2.155642046055627,0.9474126710641332,0.9995827862685344,2.1802992266785552,3.8606891611856082,1.2051584716270765,1.3862093876797508,4.158265786318215,3.947201885602739,1.0153252979791139,1.9828896847354218,0.9864394104876569,0.8041656844763175,0.961672596209055,1.498749599419633,1.181468897553746,1.0634470417916488,1.1414596347743065,1.0575962869877085,1.0954062158578357,1.1354168565346587,1.0070419005587266,0.6689835059476501,1.244999901458734,1.0113605255302445,1.1583673744672778,1.0840917995339303,1.418483684209164,1.1377749370923693,4.394836998165337,0.9800773996426225,0.9174253890391908,0.6462144059676748,3.6876921637733266,1.1139110941266699,0.9012746321406165,1.5642186050406324,1.2937146084408997,0.8413423510099699,1.0058858668818924,1.101293569583018,1.7629149574463356,1.0627331834161626,1.3712715194836553,0.7197824963216503,0.0,1.1050929778487282,1.0666583932735718,1.262806094182312,1.0744921381869996,0.7805367007328967,0.6499726163483606,1.1144548236158165,2.2364356192669574,1.0291566093971836,1.5563777431973824,0.9696099563469092,0.8409040578476875,1.072766600609319,0.8195164921506569,3.4749147012273087,1.1910259865875183,0.6119642377856178,1.8029871608080514,0.6671096834540842,0.7872090473431611,1.2242035672852742,0.7891625349989271,0.7495485135272197,0.967869517677884,1.3643278285443077,1.3239795998576098,2.3312960902288107,2.263128801929101,1.4828345947244024,0.8601476248086403,1.5074295791173038,1.7649510195307678,0.6606470264934213,0.636337104113952,0.7409905584550986,1.522717441740148,4.880278148681649,0.7156586921997957,0.9102025647378693,4.3755134121483295,1.1965713009786438,2.476239393274059,2.6988162762405037,0.7576514967306673,0.550481266857458,3.0692345919483888,0.6389222608016779,0.9699228823272924,1.0709196270282206,1.716709194152077,1.8564761903399096,0.9130506581197871,0.9126816357177736,0.9713284510529449,0.47686646675873795,0.5061976643532681,1.0488768812799207,0.9082212832305216,0.8740547322220046,1.0973055883664515,1.2157210903938405,0.6042999113390229,1.6988741554811595,1.5168220015806575,0.5653688802868304,2.7761501734600538,0.7433702412777702,1.1405087134241065,1.329600254413211,0.777004961080215,0.8189651879535799,1.115796692244884,1.0309754408502378,1.0162978874950388,0.6149322292587399,0.9516879623230539,1.2251118551862048,0.7773169377826548,0.7448535543352667,1.0658233958956258,1.250098180858913
SP:16,1.1111111976921844,1.0522283817646056,1.0636330962776914,0.7961884851308632,1.1758281856119261,1.5160630708311686,1.142001437469315,2.304762881356333,1.3294040081658047,1.1037273155883085,1.0188894194061922,0.99167435798275,1.2138288273536177,1.247672034960004,1.1661809003788428,1.1122099323003773,1.1214419118366696,1.029762682643986,1.166993718418141,1.1786635828488903,1.2137459978886442,1.294773722196106,0.9054838064243964,1.356190168340747,0.7849185023232148,1.1170021372393535,0.8625717142413745,1.573010569924593,0.7172819364170296,0.33974566014546886,0.7794959189550196,2.7039242747971732,1.4509030767276523,1.7787391787093758,0.9382797795042714,1.3269136110306312,1.9183050003637163,1.0039288226425367,0.7855067337735078,1.056107797771358,1.1445145367006933,0.8113627651670783,1.0759469232691563,0.8151425610946996,1.1063881506505697,0.9434059266131557,1.1569940073563947,1.2315991103539254,1.1916781153200318,1.3388628209665407,2.918734602860572,1.0473441466134026,1.3735784529808892,3.255058763133813,2.975737342088835,1.0230276103127776,1.0083545827742622,0.7845536940684381,0.8888445557623098,1.098909007103596,0.5423267115993728,1.2566241907136322,1.0873223935273628,1.0368269702950754,0.9519241418551871,1.122770490903347,1.2736631706874402,1.25742180298423,0.8223401157939364,0.9723477850540695,1.1845334862911863,0.9693026426300299,1.253426021317522,1.00024207808549,1.0060838941830212,3.573769351534736,1.2482108489517711,1.273782443945577,0.9400894580484509,2.7376072716937276,1.4509178273907533,1.2556336875513305,1.2655320493045707,1.70259931331417,0.8137964356840207,1.2144472028961308,1.2891659899141705,0.9536737104356732,0.7568427062135883,0.6394892068931392,0.8552326828214102,1.1050929778487282,0.0,1.1399201007591941,0.9372886865420585,1.177891100369867,1.277235167631857,1.0471717013726327,1.374611167091924,1.1984336279550352,1.0607313273782337,0.9882326992014254,1.3753510664941462,0.7326365513467222,0.9738314141301322,1.0655334243746402,2.5210428252574673,0.9027146934926444,1.3972461035492119,0.9835395453399454,1.0413129050482879,1.4801061090772407,1.4440951117667191,1.155759869330711,1.118121054212873,0.9654965629547894,1.0632647124761947,0.47228911694624165,1.3548290151688425,1.3656225423104766,1.5924716433822124,1.4391980717491366,0.6298220026877887,0.784001577016382,0.8028992478994353,1.0642961803208966,1.0751589687275984,0.652555334602261,4.097908148150138,0.8457188309896615,0.9261085965714635,3.5531060009998514,1.5023055285795803,1.5548256635428894,1.7077497185987394,1.124277287651935,1.252480886609404,2.1251831099345706,1.2558736214395596,0.7244336706973227,1.5279862087882943,0.7152174112897042,2.363515659889142,1.0195841049667682,0.9809745242542549,1.4462314916101977,0.8038001937317208,0.9131861985086677,1.3708789546199893,1.176910180302217,1.2438860497546995,0.9494217613122654,1.4412002347096444,1.311643239819023,2.1314382338443383,0.7168749774210637,1.1712999610716106,1.8703636992853214,1.0968386078187988,0.6351927413059555,1.5717495149580838,1.1506581916452674,0.8077001084505291,1.4403985952995442,0.7376280819411761,1.049041835243435,1.3305380121818802,1.3316225352142326,1.4604166480736696,1.0999659809766558,0.7875349592497645,0.675168091167155,1.424170557926113
SP:17,0.8466079586731774,0.4179073838383619,1.4506687571781498,0.8196477680120888,0.7823579630070038,1.179744213327537,1.0527515131886969,2.3920756352072705,0.93396397473221,0.8855649788574851,0.6388172627134899,1.2347239815436963,2.2313166097599764,0.5812108195897203,0.47512679976675193,0.6705491611641645,0.7093164635446497,0.569839348626791,0.5947502344621248,0.6788704823771267,0.9483693978544918,0.8485747721376727,0.6077252623482312,1.1332855081323177,0.5443617659698907,0.6714022828470603,0.6232538027327392,1.9654782166545173,0.6010876957602853,1.2113088680112822,1.418445157652848,3.0128861094453643,1.9127723542245256,1.780805535821521,1.5479121447388053,1.2945004441006325,2.1799214408339282,0.6269689125910264,0.8953370623904033,1.5061622766347151,1.4872196292322735,0.7900039263768092,0.24849538864740583,0.5667507997024024,0.9620352408637746,0.848859159843821,2.1109580629916525,1.0131479758563757,0.7654583137708946,2.395589888886184,3.8960454166049336,1.0977805169194692,0.982993325322392,4.111746675777002,3.837325464768985,0.9540891383113146,2.032447934737279,0.7287302617915389,1.0651922272506187,0.6474350815339335,1.3682925473930987,0.5402689149070865,0.5805344212644966,0.9080859426015347,0.9719656591631587,0.47782781335945856,0.6449657034829818,0.8154264427914049,0.9254819016651303,0.9451303390523003,0.40894109372081244,1.1297207690614965,0.7653666045122777,1.2892350453964276,1.0905249829217825,4.610546291754964,0.8663684712233292,0.7841408289704958,1.02982312463043,3.6388035137400654,0.7834538344800355,0.49597158457390567,2.1786775066765545,1.8197573260377558,1.2523318561684074,1.621825710834552,1.50321981929409,1.3604004256872493,1.5621669967071679,1.0946558816706053,1.0831928715913934,1.0666583932735718,1.1399201007591941,0.0,0.6296539882702378,0.135708548206751,0.8570773698753701,0.7369512475449185,0.328449155512038,1.941154329620158,0.3648153556980523,0.9953762838404339,1.6895270498789223,0.7853514076045405,0.5459795679697442,0.3837983220321485,3.281343805335016,0.5284929023256955,1.5765620927515827,1.4404024183590944,1.1390980897462926,1.5886936436169323,0.5160466400015302,0.42818352210287014,0.40855818354557544,0.6388367437315887,1.6158359678719014,1.5194514116664921,2.1507171488634547,1.9268905297738363,0.9275674660821515,1.5816379892398877,1.213098824615081,1.63560943498891,1.1335622953072482,0.9501919977980725,0.6661345339541439,1.412733057654203,4.762824002130184,1.0349587903014594,1.4250261330353184,4.334261984720381,1.8957930988676412,2.495233322856031,2.3649531657644776,0.6006563547791866,0.8890588962749753,2.968077878598956,1.4183044648129575,0.6631874034315411,0.742984920040841,1.4836737243380946,2.4297909934700943,0.45852384526026757,0.34221488745712886,1.437732680401811,1.0718354506282834,1.348923141739756,0.6663116947102086,0.6050204693150214,0.7359155490740865,0.5989853540210411,0.45554569335264233,0.8085006303367485,2.390122505647786,1.6379638240124994,1.118067829457469,2.701192615322744,0.4862798572599098,1.1809313204988172,0.6457287506940176,0.5730360118755535,1.158327584144809,0.530796046228031,1.5483069340298963,1.1779645099104905,1.0792712227037484,0.6553357448790538,0.776137326346325,0.6808221910118117,0.48488230774909497,0.8363938219195179,0.4150311041640048
SP:18,1.2887732956441653,0.8107568254428952,1.6350600902120636,1.0709752598618325,1.1838208402442632,1.6382764266957481,1.3818488234626662,2.7440659841363,0.8648934619370139,0.70388040834243,0.6676198414088803,0.8445359112852993,1.9269546417371712,1.0407788146041608,0.8080255503278626,0.9158263147719351,0.7355150190647666,0.7614775089172734,0.9305536629070233,1.0128782681863864,1.190268801483343,1.2234677664518159,0.8226174168371163,1.4535879293166252,0.6937767110576522,0.8308191527938799,0.7377703472549076,2.1291782478729138,0.644086974271454,1.0843870479281448,1.4425992542820518,3.2327677735542935,1.9834125541439975,1.7558741066498051,1.4393616729935852,1.101629554780591,1.837415235916071,0.9250395466877502,0.9722171565168908,1.3515530919305039,1.7188867829525838,0.8524835955212239,0.6988745342330126,0.5406969541249245,0.8207762979825489,0.6449482271561657,1.7191336642216868,0.8282859223826314,0.6266581540694127,1.9734171733235546,3.442895309157585,0.7733568411181115,0.7384401843194808,3.6366500998739104,3.3558381005117583,0.8236676042635572,1.7608586792348215,0.7784461288115907,1.0844567026115557,0.8721963462819043,1.1052062596023842,0.7442358530123867,0.8559477534909463,0.8049820709977713,0.9760037287423932,0.6620283870301741,0.5944043085838064,0.6754637503496369,0.763100303708673,0.5528676462936187,0.5950223285460962,0.8197424497146505,0.5963258409358868,0.9414929538084506,0.7194384107928491,4.17219741480739,1.3000273331754175,1.0409663899325807,0.9120124534202136,3.1744802318543597,1.043364572289269,0.7622753193931093,2.0211563662702607,2.101087724067463,1.2962859478903734,1.631435929214031,1.6851561122197927,1.0959076268397112,1.283573431460792,0.8073236832080942,1.2215521493052761,1.262806094182312,0.9372886865420585,0.6296539882702378,0.0,0.7007485858846115,1.0980217790155236,0.9004714044392546,0.8891106497818176,1.5196044370256685,0.5276622575996978,0.7022377948313547,1.8881744711359714,0.6229500294471895,0.45540747499062145,0.6607785915204781,2.869860955976497,0.3594941679610146,1.7867977358456306,0.9622739576211878,1.271275412534185,1.7968413725297632,0.8321787295012666,0.7838358001801806,0.8420954493767322,0.5804616047100066,1.257674556393807,1.2141248322854166,1.763270323330661,1.5846564062100983,1.0022568992765577,1.8826901701712158,0.9025077895080631,1.265158572810711,1.2263267826436977,1.3131715669889479,0.864090550649351,1.1324454098119265,4.312660167419161,1.1612477691885585,1.1770168755933972,3.879362202361304,1.8972024730741945,2.145583700435394,2.020410930663027,0.9160570844155893,1.321833551904643,2.5048070461893226,1.6122349782751824,0.3473218052422583,1.0714875867446265,1.0458822133639722,2.7081610583433378,0.44226575073913094,0.5700480933701602,1.7641720289548766,1.1454218188089818,1.3944238986736925,0.9911775778722489,0.7649792423229875,0.923880256724108,0.2826817844543192,0.8855213727347593,1.240031322333528,2.549678755623603,1.2667110206080394,1.3896946932905536,2.285684193281543,0.8348070691647772,1.0056437163209686,0.9097801428812038,0.9517664750650954,1.1099842041241959,0.8113753894203913,1.3769192427615793,1.0731541175628132,1.4927448547979143,0.9669117238438968,1.054358162112141,0.8780783624164882,0.5778853660697827,0.4593228113658934,0.7741665475133427
SP:19,0.806042661721851,0.4259718584691809,1.4494255135057916,0.8376656833999867,0.7130188756303935,1.085812564887203,0.9731242323113287,2.310733837600553,0.9926517333335724,0.948887239338148,0.6410672269095602,1.3183902629160331,2.3022380659430906,0.4872023901877806,0.46047684219048973,0.6016246798053474,0.7885320881890527,0.6150304442260125,0.5688669076553108,0.643728662175502,0.8532531497596821,0.7420213117720669,0.6053694721977628,1.0344546746769632,0.5693191768704364,0.6249579866625633,0.6297802385883221,1.9160827551910624,0.6376324012522722,1.253771659629937,1.3893201862584625,2.949193558758496,1.872027265013869,1.7060219383058353,1.571619046259246,1.373119097306962,2.1606803855747625,0.6724938502382105,0.9499452040027587,1.6121645907560544,1.491581864377467,0.8571414932882283,0.27307068278456065,0.635462094910844,0.9779515033968428,0.9481077784180135,2.1789837114223616,1.0429179928965102,0.8549849546345109,2.456220408917384,3.969684447526242,1.1954830565599968,1.0887015318449116,4.201408541514256,3.919199536719617,1.0154918536796382,2.069870483219977,0.731512538716509,1.0226672165602853,0.5770755560723875,1.4193684078981708,0.5798204344439608,0.6008364435595422,0.9746504606167801,1.0332035102053208,0.5597396185261486,0.7363769229954931,0.8930208311216962,0.972015516301659,1.026069873362687,0.48339806532525004,1.2301432068946485,0.8172574126036006,1.3957588780491166,1.1746862311189459,4.684153724428038,0.77503578668521,0.7263739577106465,1.0918255321695205,3.7194775419096846,0.7204682371278205,0.4672304003211624,2.174873341500587,1.7508871805042137,1.222600872436626,1.5789938781169879,1.4377308154452988,1.446906377062919,1.6025706253144185,1.1844879881252677,1.0493688166021806,1.0744921381869996,1.177891100369867,0.135708548206751,0.7007485858846115,0.0,0.8272431100313566,0.70522187863763,0.25394836628833634,2.011615006410077,0.4248693321728768,1.1069307840544158,1.658645389098644,0.8661501568615616,0.5886657199039732,0.3662596025261186,3.3687195169802466,0.6434232498255051,1.5614563022762227,1.5326509978018112,1.115187227313487,1.542543962083298,0.5148936964858595,0.4033300447476503,0.37572029508267407,0.6571127834059928,1.6295338237460073,1.5459467738494113,2.2295725501370534,2.014978744819953,0.9924191446269262,1.5481305034428394,1.2937375064362926,1.7137426111400171,1.1093040431438326,0.9111668444073626,0.6179203581210883,1.498209741998426,4.874545997877785,1.0014067147019166,1.4770076976174975,4.437168376472973,1.8634426354162403,2.575516976980209,2.443869226627615,0.5705835565344902,0.8498348582445991,3.0497798582985722,1.3739081648074594,0.7257211541716205,0.6912080639164758,1.5552808513178213,2.3452744794226983,0.510102947740877,0.37776150227552663,1.3635268831929468,1.0574252309317227,1.349181128335759,0.6066297935985646,0.5831748850254788,0.7587637578503363,0.6997357846343153,0.38203700465447704,0.7562761753031854,2.317267824937961,1.7040018477905081,1.061246877796805,2.7896912961489932,0.5079592656248674,1.2288283988722015,0.6642401397363736,0.5263409172069111,1.1609572675480013,0.5197442240886176,1.5505633048453529,1.146336271072624,1.0386799406587943,0.6395463597441968,0.7338095276570089,0.6437605117437948,0.5583050638842796,0.876332115341813,0.45565954098255695
SP:20,0.9810486289075947,0.5306149889581495,1.5766641348105987,0.8267468903240611,0.5306398760105477,1.1942747081586211,1.0437860145235964,2.2702498331494034,0.7565829655105154,0.7390145464100374,0.44977055870854893,1.1989603901559236,2.384913765310929,0.5863342338716693,0.4423291041037218,0.4246620578001623,0.721788297377732,0.535091149000619,0.4978888671489103,0.6011301441348518,0.6374893896025016,0.6632914230730681,0.4866481682337944,0.8454266261023387,0.5881428002559352,0.5008913983212566,0.6687261226972356,1.6942003723381027,0.6919490838204797,1.3933926936284313,1.175098566895983,2.7985560864494117,2.0130767885259853,1.594801168053657,1.774650715647008,1.6723510851633179,2.0297803997853405,0.9875624673555672,1.2756633388128864,1.825548432222084,1.5548937035289156,1.0534785994534612,0.7772547261206055,0.7120402858991397,0.6367851722557055,0.9772280274444055,2.2635511453222255,0.8020061317815532,0.9251407116440981,2.465271553510878,4.091986972627793,1.128344290707391,1.1759409286962246,4.38614039565708,4.092122048733782,0.725807494543723,2.059053105439154,0.6470750715162227,0.6985451519470095,0.4629714635735255,1.4795585329825103,0.6760900525640948,0.6286836550511953,0.7935884080379753,0.8167199064255886,0.7469405127878536,0.8777939517480952,0.9692491051233155,0.9063334146386554,1.0234924012325313,0.6909847713976445,1.1742909935126407,0.8163136046506263,1.4073814069989605,1.0822228074488434,4.702502781424484,1.0010957679387666,0.231981027190327,0.8673941533009136,3.90798796235488,0.4148923772727245,0.5123436340778079,2.0060060678166036,1.6923022089489401,0.8817804440038346,1.098902073102921,1.0103431513034236,1.9253656324437005,1.426308064528871,1.5568879177112023,0.712742429176721,0.7805367007328967,1.277235167631857,0.8570773698753701,1.0980217790155236,0.8272431100313566,0.0,0.33771303545793546,0.7478475554241942,2.3395337444504762,0.6753548501429639,1.5935020933890056,1.5588237265857334,0.8460019141712632,0.6960188743359035,0.552989571214927,3.690552963227198,1.0871804625805608,1.2814892486140952,1.894765892026326,0.5268395110219178,1.2895457824180467,0.6898736294368965,0.46324300261745016,0.5107198814576034,0.5591816457412304,1.2894901307498892,1.4711019615647791,2.5470110172449845,2.4497775071506327,0.9829605634655283,1.4002347722457,1.6598592372707335,1.9426943409786266,0.7757428136974726,0.9168785742601622,0.3766620723561606,1.7404027799144435,5.0509678465802175,0.6568747768416369,1.3478777662544121,4.610895358571465,1.2190230685541354,2.7166611505831577,2.843677835320393,0.278757022397392,0.7766502512677493,3.3023995841613356,1.0668571597035639,0.9856168334535439,0.44336362959776443,1.8014101326394019,2.187267696035506,0.734656922837884,0.6049826421123652,1.2443791063091312,0.867624759796894,1.0178095938744658,0.38439653482232433,0.37919841075685234,0.3536729091603469,1.0391674943555291,0.7214158577411925,0.5210477101723481,2.034596363386128,1.626611380741687,0.766509232174063,3.0400847543441554,0.45428849890854955,1.532877633308136,0.7956793175916779,0.34823355100926,0.705117884015722,0.6491115170791432,1.2869150936445508,0.7175413280144621,0.9858956846272771,0.3207291756820786,0.5055034131956984,0.27019897128452397,0.7854855086332911,0.924378678330634,0.8317639073213179
SP:21,0.8961371121409614,0.5046115094704677,1.3669396851374236,0.6895599087463992,0.5285481537935949,1.0969529725580576,0.8711764945527934,2.1580047611934963,0.844518482179363,0.696980607101273,0.33532647983605707,1.071268289277985,2.208649233602148,0.5776812913416365,0.4756419046587427,0.21949041427428898,0.757776255288276,0.5602476166902867,0.577657349296468,0.6795155223385073,0.5067786390395936,0.5704085605713014,0.4384189220363523,0.7368825248841834,0.45274638678163104,0.22897955442185614,0.3765979905093821,1.5231077716035746,0.44911407289050315,1.2199288840610383,1.0069830599492346,2.6427030568367247,1.7383472565008362,1.3551753386656087,1.4742838439051014,1.4258569234198817,1.7841195512604435,0.7974584221395069,1.0329129858851398,1.6578364874439362,1.3930264118036912,0.8309890781649433,0.6086280136400143,0.5302588269880486,0.4902849782146127,0.847505978816814,2.101726868399757,0.6610792976951261,0.8158911952264557,2.2500533123117834,3.899877325327494,1.0545537157832023,1.1444051832350812,4.198814053289104,3.91701678230269,0.7352316196170802,1.91496784572242,0.5646608205806086,0.47370495442068533,0.3649893378293072,1.3412940002964446,0.7357511196595143,0.682413932431787,0.8253675113381713,0.8612540510370394,0.751666375806915,0.8322011133007088,0.8367154177309075,0.6529861798931053,0.9302723480021037,0.6465836706152119,1.0814132899549613,0.7131740587662502,1.326592196261701,0.9655407528243679,4.519433902129986,0.8526168871461323,0.347781770592568,0.7197887148842838,3.710019652709215,0.5323187745657643,0.4153718895240894,1.7660107228457627,1.5214161651197748,0.7314776452281673,0.9653017015550834,0.9713972858191449,1.7147136017503541,1.197976323250003,1.3376979985318667,0.5850685190459524,0.6499726163483606,1.0471717013726327,0.7369512475449185,0.9004714044392546,0.70522187863763,0.33771303545793546,0.0,0.7226002196455725,2.1279205427524346,0.6049061310476569,1.4225252039519278,1.3668612851020543,0.7019221995206711,0.5952891723702641,0.37153570012764714,3.4912269622103564,0.9401906420116624,1.1514868501937752,1.6826099987202083,0.5146420853154274,1.1207344581022571,0.7492490291319199,0.3606252648085012,0.40829978455280785,0.4472792311085296,1.1318124319660694,1.2511572907539317,2.3288656369367065,2.23950639766574,1.1104968849514854,1.2768849409476783,1.442478729636706,1.740126184391683,0.6150454423655972,0.7751063393891925,0.12523877109275183,1.5491310021802285,4.924445523685052,0.5199738862463684,1.1135714424444731,4.4502587373971725,1.191730955989169,2.545862895339232,2.6488592216892193,0.293372795895664,0.6982499053279951,3.0836456502614937,0.9037047094313273,0.7298984084182651,0.5763798756053873,1.5909604919992157,2.0514758435296847,0.5448898640057112,0.4913822467457727,1.1075795362708922,0.6107779928517343,0.8398783294425402,0.4985942418421692,0.3248571236742277,0.502430431987119,0.854525501463266,0.7237383171150362,0.5134371026467562,1.8817782571031767,1.4751896061506737,0.6255266577467221,2.8343439115040603,0.4464767519914827,1.2419306633360914,0.8855936997372477,0.34766912940585026,0.6167787635256274,0.6522999979291749,1.0686462917607067,0.568794233911031,0.8853679914246849,0.4940781977886697,0.6805674923508004,0.16198292119892502,0.5901485494707032,0.7057960207754614,0.8505366656985207
SP:22,0.8575988957719357,0.4395875619461725,1.5918960767823112,0.934640521729865,0.6761743176153341,1.085637645589057,1.0419957536719313,2.337592529432983,0.9737937288624977,0.99494435084424,0.6794365850966853,1.4359943398988686,2.5012101614703823,0.4179632355863812,0.41005195696830765,0.6096362102054603,0.8096472686192003,0.6309398799982523,0.5157065676855904,0.5994528600208479,0.8536140725050932,0.7120627250781696,0.6497535417891763,1.0251703977029096,0.6723247113943459,0.6594301504134411,0.7516311701630491,1.9886336899557155,0.7795037173170999,1.438967699602503,1.499269973879726,3.004430203909052,2.030371258430267,1.7714577516643233,1.7778773750018921,1.5438936571695396,2.2733241889393554,0.8055191451233142,1.1424521895022686,1.790453336364371,1.6075339718045483,1.0176060727441116,0.4195676713442605,0.7635633953107247,1.0237566962199154,1.0632435964767897,2.3731299615935972,1.0907846691644458,0.929257821352255,2.660931303883008,4.186119083817753,1.2938974935848315,1.144874548598099,4.417682918917181,4.130020665823459,1.0574964931759188,2.242908433585923,0.8156184460962559,1.097010834102793,0.5821322055274539,1.5895694487716765,0.5433439117415251,0.5979341935478092,1.016180748236978,1.0774032240508196,0.5917608652810552,0.774865671677517,0.9660180982445583,1.104901901015728,1.134378798448672,0.5102459846121197,1.3433770870123352,0.8641554732652657,1.5234748765973845,1.2822893071428263,4.89136529382983,0.8215780809984412,0.6468996893988613,1.1807721630184198,3.940493712127123,0.5926594110045238,0.43718872886420135,2.332056454692312,1.8071266657912992,1.302778474212058,1.630780122965307,1.4493891998526143,1.678648949536695,1.7587427172966823,1.4108520201393409,1.109236950557407,1.1144548236158165,1.374611167091924,0.328449155512038,0.8891106497818176,0.25394836628833634,0.7478475554241942,0.7226002196455725,0.0,2.239597333227908,0.4973799087868233,1.3127038929094832,1.7485857136746514,0.9926047930109652,0.6796466339523758,0.4364416837616166,3.5944397889018678,0.8267746356276912,1.6067860811690886,1.7546868239991127,1.124091195096549,1.5848349760896088,0.3886402292675074,0.3922043479194816,0.38070666302673206,0.7223834731441767,1.7361311558176906,1.7234021988580708,2.46089282762044,2.2455902076540775,0.9235451706514649,1.5953634690517189,1.522899915951347,1.9307211911428839,1.1850162922562102,0.9708654944138299,0.6340100713202486,1.7078963937272258,5.058539524397776,1.060918486633716,1.6223506820310574,4.639717268915858,1.87803917861199,2.7799162019418646,2.6687354126137994,0.5311202077415248,0.8441092714891972,3.2790487193195834,1.4197080789353358,0.9219872835546302,0.5229297839905944,1.7737567050138912,2.3635762329562895,0.6300627762097294,0.47248216784713415,1.3935906978985293,1.164209266077287,1.4364487771455574,0.4749757964264338,0.5615709434481597,0.6974502705784736,0.8699440219339756,0.21663120128311902,0.6906688792343659,2.35606907311146,1.8699602670332096,1.082548742231918,3.0134483230970597,0.4966222182288628,1.456377804734136,0.5332494630404032,0.4765353352864868,1.2253676125471689,0.4175751304647523,1.6852116750295223,1.197287561283796,1.0500216912454265,0.5198792690342249,0.5934666910408071,0.6321149584080559,0.716598514477081,1.0354785357274816,0.37834936425852356
SP:23,2.1309782932205468,2.0167531793323206,1.9983472991663196,1.8994226325427586,2.2658942910231805,2.5619541808716937,2.2202550488438892,3.2904620799057174,2.076982102801326,1.9100794169260744,1.9704622866340182,1.6088222587001584,0.9460806780071492,2.2383518863297085,2.1036362394948256,2.168548790213301,1.9080655047584412,1.9438712894543269,2.1077374400971713,2.1056663375260576,2.2962232748284634,2.3694119233763793,1.9201195289657302,2.4773649451830053,1.7946358594555416,2.14423626032465,1.9114316489375445,2.6429207036388482,1.7526836744252678,1.1440803186922095,1.8774388015780168,3.6504365070671336,2.235944155740066,2.6840579794802246,1.6174520435074882,1.8252036211635678,2.4917252338971054,1.9425898720313046,1.6409135043283831,1.35974749471551,2.0998339586513017,1.7394622589983335,1.982242848094444,1.7457791638391105,2.0477274048178282,1.6972686076062324,0.7004763900161693,2.09604751657219,1.9310288807964604,1.107312045189995,2.0382751771135346,1.6409669139674907,1.8864556667783035,2.267706104714202,1.9579116315429486,1.8571179399768243,1.0846482471803927,1.7565852661402985,2.012980527086736,2.0994211809923438,1.0270846131244669,2.0419013133615183,1.966345075164809,1.8015375670121587,1.794507488713799,1.898278636483743,1.9771778322053715,2.000615629865889,1.7807791048144037,1.5819125353183083,1.9959614042880955,1.574065216701138,2.0175438296604202,1.3752754207826279,1.6595852190782117,2.873896539727168,2.2749313001775016,2.3070770900583724,1.8839928155266568,1.756379214167167,2.4074623043385626,2.1934071324130118,2.0033880441403276,2.7572600653048007,1.9725680456221342,2.33080140914385,2.4181714495306985,0.775054321939881,1.5914817618741335,0.9730987472665891,2.0297622320274384,2.2364356192669574,1.1984336279550352,1.941154329620158,1.5196044370256685,2.011615006410077,2.3395337444504762,2.1279205427524346,2.239597333227908,0.0,1.883301236694523,1.1345501613010212,2.4370157230794787,1.6169467551017072,1.7836117375610332,2.0224575183633777,1.4305516228469028,1.5075185123293529,2.5291939102496137,0.6907965490207937,2.196879816157558,2.620298024776268,2.2490281067798876,2.136477301533185,2.1212444808277855,1.8668265657303926,1.810582221063916,1.250474025834436,0.40076874868084406,0.5376468473662472,2.2296637781218553,2.5501708936277496,0.7963401328895569,0.5313913810457238,1.992214024738825,2.1824996683721944,2.129656873787632,0.8062396741939294,3.1471920248194825,2.0135685009245727,1.7518543758863203,2.6076824425034557,2.585687926759301,0.9107076647720109,0.6317448237912064,2.16243615074198,2.36593989527753,1.1187143579527576,2.4301726842330185,1.5301570450741375,2.4849914632389978,0.5589796526354863,3.4158902831470135,1.8692802422124188,1.8829160833820247,2.5729533863978777,1.9754480968558585,2.0713419986530432,2.3321748998103446,2.134354293165248,2.196615474348832,1.6081161846449743,2.2855878668621044,2.4223138362823144,3.1864088882870054,1.0975822050031971,2.3523497249325835,0.9495978532651769,2.081997682108765,1.3141750890237422,2.3297036110045046,2.190409576504779,1.9015672330126814,2.289678357474518,1.7542927059908722,2.0618637547114664,2.4461949582460325,2.2927956784685697,2.359485948037795,2.142492369764668,1.7246668509490337,1.5016247440520647,2.169132164815431
SP:24,0.9915421613707398,0.3486586361214181,1.5745020235744887,0.829690468678156,0.7899558297872056,1.3666559912170875,1.1795938841165743,2.5513205928727927,0.5870005372729781,0.5619058310335563,0.3706399378683151,0.97503749682494,2.132370053892056,0.6350954232181889,0.3104159030713344,0.6161666298995199,0.3915363449149897,0.3033424661113252,0.4565778008390043,0.5731181083117302,0.9319617178643249,0.911573356617483,0.43967980513364374,1.1857965031933615,0.3891475504789965,0.6063797215443079,0.5961044044272773,2.0097028129341163,0.505771962365399,1.1444229422404262,1.3474766922898909,3.1244755574994896,2.0474399859383183,1.7979540460721009,1.6253168218086336,1.3461563391791336,2.078499425173084,0.7797871966511163,1.0129910917852059,1.485583450093752,1.5938066279791336,0.8283146518507197,0.45107673803563436,0.3930367217755097,0.7163081033092245,0.6507796254734507,1.963343193949775,0.7925873438848984,0.58694684536908,2.262674057058655,3.7792524523892586,0.8196907636637552,0.7424292362176121,4.000937434766946,3.7098099909372104,0.6157616971697598,1.8929185316951807,0.5234780762328777,0.9463582172906126,0.5469181132118025,1.2106383404949348,0.2752931366589163,0.3997624733919751,0.5685773728400169,0.6978720160545031,0.22947043629459696,0.428391067084239,0.676713743932939,0.8028073916634983,0.641005693980519,0.19419589333391912,0.8793129088160078,0.5382241718816548,1.0486689501157425,0.8192726255286518,4.476145935929562,1.0592978399050583,0.6352648040321504,0.8414500750254257,3.5363483661947592,0.6423094903326709,0.423272954272779,2.1234856165525935,1.9529550860292737,1.1397876143220274,1.5008872775587252,1.430893797559839,1.3999424191286944,1.4161494896174418,1.0853916442723426,0.9909730142092171,1.0291566093971836,1.0607313273782337,0.3648153556980523,0.5276622575996978,0.4248693321728768,0.6753548501429639,0.6049061310476569,0.4973799087868233,1.883301236694523,0.0,0.9920227760512115,1.7744272704904989,0.5647538528538806,0.22398422352956326,0.3463643369854289,3.2322262047732324,0.4645774089543476,1.597252221663007,1.3739591176167474,0.9753265723269885,1.6344626637323203,0.4000379849918481,0.3877316478745275,0.4458273740057736,0.335878033995095,1.3622725270750082,1.3737745251778775,2.1117022271886197,1.93349180814538,0.675503115228078,1.6693970065048234,1.1939434545527658,1.553036680458577,1.0375440133247344,1.0558691607238813,0.5646255050507332,1.3518710034335601,4.6260766202500845,0.9297560318783837,1.305208586071437,4.214287078917865,1.715289709088784,2.3950701436614366,2.350857919459904,0.4762532556263681,0.9898728392537745,2.892734083078849,1.4262515479227875,0.5767844227810588,0.6419544428713198,1.3829684694793682,2.549678232987545,0.3291102936394811,0.15205095269012764,1.5432721280404773,1.0362747332531976,1.2689403254656213,0.5442644453741974,0.39925608556849324,0.47077580351193465,0.49810972766804196,0.5043205333929897,0.84663728807984,2.433142589051147,1.4322792071507338,1.1310957853150863,2.632851023787254,0.3724617541470058,1.2400437026986872,0.5139126677342916,0.5131896689531413,0.9335766751303948,0.44927177418803205,1.4141997804046706,0.9674532599670446,1.2041217308462444,0.47172872939099647,0.5989130350412349,0.5195951105642213,0.435324752246721,0.6220848535654097,0.385008343664335
SP:25,1.4658103163493073,1.172949460061818,1.638887304655815,1.2368811368727919,1.571878431919755,1.9406283973880551,1.6955442258607372,2.9637956231687577,1.2743282659169006,1.1498351686129766,1.2303581338283762,1.062572234089681,1.5773161407970937,1.469418083683334,1.2674072607596027,1.4571117677509222,1.047678823017636,1.1194362392662964,1.333177259175526,1.3804883040605058,1.7122020511452,1.698875483907779,1.2078672167094018,1.908578675793589,1.058886524035256,1.405677437173275,1.171037890037416,2.386791025031144,1.0191481312724189,0.9941800542413488,1.6981172876543256,3.4587426046344416,2.1252856161959848,2.3120315089181624,1.4365576100230704,1.1216566778830388,2.337045696609501,1.0837885616899594,0.9600690707534081,0.9280716569043789,1.6992135613031767,0.9652411580205966,1.0683308363586042,0.929291360703987,1.3833983703703003,0.8673920833967649,1.4423592066974031,1.3826441100547606,1.0110544198217997,1.7944977840987861,3.066823396980239,0.9456445674554336,0.9757983531871948,3.192884697830247,2.9513213358608317,1.1709284455185462,1.6300200836690555,1.1584647335727212,1.5655208347224792,1.4111297661475954,1.035574324785848,1.1562349913510765,1.17338375750478,1.0973846612616591,1.1507439739976937,0.9771948559736177,1.0069915551759974,1.093727644155898,1.12937657196773,0.8986211254533911,1.0420452182361326,0.9118771059455647,1.1655377147593742,0.8425794499993104,1.0086695818408293,3.827234020538747,1.6192959487201002,1.5785649954454977,1.2065323095304958,2.7576893158796465,1.6228619119722183,1.3268965634868741,2.162934598254243,2.3667037922478844,1.641450240141807,2.054199765392605,2.068935911551694,0.5389479436975626,1.4450741094464035,0.4431709172549773,1.5742063668714705,1.5563777431973824,0.9882326992014254,0.9953762838404339,0.7022377948313547,1.1069307840544158,1.5935020933890056,1.4225252039519278,1.3127038929094832,1.1345501613010212,0.9920227760512115,0.0,2.0705319682375816,0.881507560713938,0.9950735184497335,1.1813722595534828,2.3453455908301657,0.5292278815312447,2.0185963806689076,0.5737452407129026,1.6708646813822563,2.13358686826293,1.3179810897851458,1.2757041323913232,1.2692926499432766,1.1381408986450245,1.6680352132510998,1.3403359463416016,1.2983384055189837,1.0129325161493097,1.3126932109615708,2.0670746378636173,0.5282972454655298,0.9067830275656755,1.5645789873940181,1.5530734210223027,1.4089846410949418,0.7403845497501869,3.8054985370242567,1.5380545516795807,1.365955978150882,3.387715788740135,2.314773773846797,1.7159747413648183,1.4833175216863232,1.3783960824559947,1.6153324835914082,2.0799975767918792,1.957554586187495,0.7878771385815565,1.6231011556553676,0.8044007039186211,3.0499670507255487,0.9977529293800542,1.030763110093546,2.079781844213611,1.4808093988278654,1.6594885851203227,1.5249602647146963,1.3414170915092487,1.3648145517129449,0.6818289773523873,1.3894006447262048,1.634037574138382,2.9237769471371324,1.2100880748372724,1.7762363252498978,1.805244840496285,1.2157445562300522,0.9590301587637386,1.367665032168251,1.3997987128082192,1.4800558374877295,1.35812907454937,1.6436300136665352,1.6301821877216982,1.7477625221349522,1.4450223170256036,1.5636117976116413,1.4120714234264473,0.8794552014817361,0.9457661210501079,1.1776887695694616
SP:26,1.1433826857520248,1.5464772671960214,0.6059789042602114,1.0607468291636195,1.3017764119400441,1.0671586256060708,0.9115066648799605,1.2055665238419855,2.100849630713058,1.8733079566124191,1.6459226677033643,1.9259398322628805,2.1852245279445808,1.5292490383717356,1.684737764708147,1.390752656543993,1.9032866587739865,1.6939894810124787,1.697434484133279,1.7160310022234235,1.3145355414743298,1.2939774951507286,1.5017167622246033,1.100854006727564,1.4571759853658839,1.4161660096416622,1.2426456297343356,0.46504210324541695,1.3312441963002308,1.5195351618359334,1.037045156275896,1.4394106814068075,0.826070948289547,1.5331603181692852,1.0506553053302508,1.736600772461909,2.1754685094883763,1.2220687314013263,1.159589147062473,1.7914641066533608,0.6696879605577072,1.2330557762537733,1.477691284808883,1.5224969280602692,1.652042754596622,1.7366531394360096,2.3764622501043413,1.7598930879323267,1.8516295265860105,2.261584239317907,3.8813252992756055,2.01063364373901,2.2469579900744763,4.277914655242159,4.091007724133601,1.8498061035646984,2.0796206859589477,1.5809752191575002,1.2095930566926543,1.5468282264265416,1.8465965497465227,1.959009066024274,1.7550981207169143,1.942100193800366,1.7976209544977293,1.8696352803297438,1.9871253324567792,1.8421893236781055,1.368599550046927,2.008410110505916,1.8182357802099058,1.9314541728797436,1.914655970810989,2.1200151008729526,1.9254162122116758,4.355297315409067,1.1047018482099569,1.6009181195478925,1.477621327483827,3.766257075499774,1.8185585860843279,1.6488617449452725,1.1879306918699342,0.553809952021542,1.0851126122502053,1.113566473149755,1.1652323009690368,2.0379491342729206,1.3729176296609507,1.7499903213928385,1.076606264665619,0.9696099563469092,1.3753510664941462,1.6895270498789223,1.8881744711359714,1.658645389098644,1.5588237265857334,1.3668612851020543,1.7485857136746514,2.4370157230794787,1.7744272704904989,2.0705319682375816,0.0,1.5967895859773484,1.802884646352859,1.5213811337175123,3.5777970173697984,1.8406947438542245,0.5227010286831133,2.209867616749659,1.2444452475364625,0.514848136680457,1.9911157616344246,1.527181771557353,1.4376897783755533,1.7088313765527787,1.8329839443880374,1.5247740937526666,2.4682595618352843,2.470758234141699,2.350383056278319,0.377778370855164,1.8266982073899598,2.0227510760755893,1.0055771327603096,0.8350736299676406,1.410177180940162,1.828169414022515,5.187198592951284,1.1272704164765623,1.3820376026161787,4.574729994377645,1.4183397527191879,2.5988420234708007,2.838144331001261,1.4904952884457394,1.0002139695364933,3.1785345912641723,0.5789831240660667,1.5772137709153213,1.8246829993265574,2.0369901779739146,1.1678337891003832,1.6561402259456957,1.6279751911940998,0.6391598319602708,0.8433407868707082,0.8130408136420688,1.7538049913894083,1.669305033989994,1.7444227943470392,1.7977617578605651,1.8736578959471835,1.2223777387286867,1.0774551680101514,1.9111620174941866,0.8333168594149979,2.9094586354601817,1.5330294347577167,1.2881514684866149,2.1372836137731195,1.461331478776145,1.3928421079388884,1.8931213405192875,1.173521316354464,1.5446295213015828,0.8201214870209895,1.749522285691724,1.9472044418037033,1.4945237605229176,1.43916020423878,1.6753783605724444,2.0062660897686175
SP:27,1.1160321156033322,0.6595760700777323,1.3804366515065778,0.7025369315618795,1.0023587956786986,1.5549711032942057,1.2764682945326409,2.574650950385035,0.6847529264622623,0.4397710291575808,0.562006387842804,0.5319302994293537,1.6946132981733486,1.0111628506498302,0.7294680035706407,0.8428618150005691,0.48725687023614783,0.5197618039487858,0.82147746072535,0.9149110462603409,1.1280802496549287,1.1695457836419851,0.602289693750011,1.341060541635678,0.45618644239408673,0.7821990859902888,0.5609768033682787,1.8454243130759542,0.37588886313521896,0.8807371656318427,1.1665316566564303,3.004452623782615,1.9063796034987546,1.8198248130971324,1.3190100231885082,1.1055365112209563,1.9284368014719673,0.755041879887087,0.8096667143372074,1.0688242118930407,1.3960810550826441,0.5783350628145048,0.7215169183956676,0.25749216496347643,0.6220966561164756,0.2747165854244609,1.5858515042970143,0.695483170478386,0.5218947871724872,1.7926832856442223,3.365812544194336,0.45929812003934134,0.7178754252463841,3.599217444520926,3.34342485987506,0.4246845585669051,1.5657308802192502,0.6031532969610753,0.8865453107920173,0.8515489588512232,0.9284377833302743,0.7404311032605789,0.7135789607134975,0.49645297125046184,0.5442622457323775,0.5897358360017335,0.610230436909754,0.6287671624883622,0.4636296127924806,0.45316901397158416,0.5982922113097466,0.4323143026924477,0.6420603444963352,0.6524701515064417,0.44615158668299626,4.00350751825756,1.2610851107503147,0.9147843149728181,0.41652809494102044,3.144061634328554,1.0334172226447846,0.7838548660977502,1.7521633647977222,1.9191632297026615,0.982421720952565,1.3302911594964129,1.4159936880558428,1.2058391988722488,0.9297073394170373,0.8056444512187546,0.9047641474995163,0.8409040578476875,0.7326365513467222,0.7853514076045405,0.6229500294471895,0.8661501568615616,0.8460019141712632,0.7019221995206711,0.9926047930109652,1.6169467551017072,0.5647538528538806,0.881507560713938,1.5967895859773484,0.0,0.5082189312409571,0.6587216645964883,2.9013377913295604,0.5330304619457031,1.3885365109657486,1.1124805037698875,0.8806917599085008,1.5164599153080098,0.9282679950018908,0.7162916551337911,0.7427740267888185,0.5094917939013796,1.0578633048593078,0.9958999590618727,1.782121390633382,1.6819841588862567,0.9737973975527586,1.5502723958744766,0.9293486599978307,1.1894197396682384,0.8787532782223179,1.0683562848588057,0.7522806853265992,0.981806611384662,4.250641462097429,0.8568752431734166,0.8338590905505162,3.8038847765739416,1.5136927056897758,1.9828269793205726,2.1071633241903567,0.728479270225231,1.067335148105311,2.5181991794361505,1.3026099868146992,0.43548092419404166,1.043938187474696,1.0734296669452028,2.5437765031712716,0.5169523487484716,0.5429078111621641,1.563831974667047,0.8343624699961953,0.9583782217986515,0.9577495978750226,0.7116542025850776,0.6584472096313412,0.474588108213241,1.0389759176499769,1.0127649788607886,2.3387172093600688,0.9709348788304191,1.122813319068207,2.2419343738297512,0.6119681287242383,0.9483284323514827,1.0039402406286608,0.7974803531498066,0.7032503471194589,0.9079438004179959,1.0552944256894732,0.9167681654982491,1.2332247602044444,0.8262012975862152,1.0301527518322493,0.7255866719526968,0.37048370136120995,0.451003367197513,0.9066397630575106
SP:28,1.102434868225417,0.4918481449289672,1.6215079125104146,0.8940783573939909,0.8640731678176029,1.4652203008572915,1.2285676386488464,2.6090025391935723,0.5346959110229716,0.4626382156647853,0.2883467186546635,0.851305125719391,2.0418516955858927,0.7397688528943678,0.42338663570491236,0.6321470958805437,0.41396276137894306,0.3750583305516111,0.5365827115867344,0.6368747919845722,0.9248457429547704,0.9661724001388571,0.4601139863199458,1.2143432952702344,0.4053299463963847,0.6092197230950814,0.6167440973873272,2.0046440840702178,0.5044320761606546,1.0833261240744128,1.2756073905742278,3.144000830236233,2.041240453207011,1.7348325810545138,1.6048867721634477,1.366695022763456,1.9367375250680607,0.9031830348990462,1.0721050090555488,1.498552576804793,1.6550628391205078,0.8844889237352687,0.6073511904408044,0.39385582919772183,0.6061659076368678,0.6262419222549753,1.8357006429322893,0.7055042294911184,0.6007887030703709,2.126310164674649,3.6499191063044294,0.7283950749585077,0.725004646864211,3.8855686340278948,3.581079212534629,0.5144376672854922,1.7673357057650803,0.4488995191598118,0.8592946208050017,0.5408227772746598,1.0947820844669367,0.3814252896878043,0.48439192145055693,0.48329621562089425,0.6614237949913478,0.37141650128736386,0.4828317402363808,0.689160235025943,0.7488386004726488,0.49070803035318666,0.35704210752736243,0.799488094273514,0.4928666815261435,0.9622736475243265,0.7008108974478026,4.344485367343435,1.1534785021481875,0.6485721105323355,0.7986201383738476,3.4168062894909594,0.6702790251870504,0.5071185471515794,2.0272009426351763,1.994339418238732,1.066182311322335,1.412167027801292,1.3925826147056268,1.3836086617811463,1.3017211808402815,1.0554958993533274,0.9545665581191327,1.072766600609319,0.9738314141301322,0.5459795679697442,0.45540747499062145,0.5886657199039732,0.6960188743359035,0.5952891723702641,0.6796466339523758,1.7836117375610332,0.22398422352956326,0.9950735184497335,1.802884646352859,0.5082189312409571,0.0,0.43467740788007225,3.1489526850079868,0.5000486547995494,1.6330821784595642,1.2921363629310456,0.9342750675481523,1.6556265166199853,0.5368450064969233,0.5061284774847203,0.5823803863198183,0.18661652760829567,1.167825517945578,1.2294895636954795,2.0307504663837688,1.8890624090224437,0.7297142328583691,1.7296365974858394,1.1443990043557197,1.4631363627564076,0.9914352362544797,1.137299752275715,0.5670093031179607,1.2975517399398215,4.535062558640173,0.8868349605434235,1.2278443256981146,4.1151706938515185,1.6191751148512237,2.3024805163003297,2.2882158704109643,0.5460171311996804,1.1040311647019456,2.7848823129495828,1.4325472906021715,0.5140221008027529,0.7240052522647424,1.2691940144576994,2.5810409644156427,0.35370241726685375,0.274954017871517,1.59145937981753,1.0126203050699911,1.2354944998951571,0.6093281736945675,0.4027967157846729,0.5171344834290006,0.49222280259610723,0.6411846417804733,0.9548835890208011,2.41665622641578,1.2909350728361608,1.1588082360337741,2.5443003300445244,0.5092472103921475,1.2178674310802764,0.6388982401603632,0.6054835675484483,0.8238311028417218,0.5647808197712233,1.29488210086767,0.821975497184588,1.3107135109689547,0.5612676360078488,0.6443008215135211,0.5182376544228559,0.49598537953489613,0.44540082137569514,0.5688203677624395
SP:29,0.8618473220398133,0.35232674785792667,1.4041845802575108,0.7229056151564316,0.6195023122439289,1.121550218141111,0.9401745281380108,2.287338465573313,0.8017414445326972,0.6857906027096965,0.34365404077020895,1.0790432358167095,2.2239886771574393,0.5017638961807196,0.34045046655254835,0.34457615881466175,0.6499778680432982,0.4722215011565152,0.5148625810604386,0.6349643634777055,0.6861133286335926,0.6527866014864162,0.44806860205816723,0.9105500899805965,0.3993789710215588,0.30201856841357466,0.3566968785636383,1.7469193576810127,0.40363754427764226,1.210093607886947,1.220049205002148,2.8318514459051194,1.8105261019487406,1.502728384289757,1.474842298500365,1.277316566400582,1.9053224723578257,0.6372307679867408,0.9157697086049489,1.5620762232419816,1.4447072794538118,0.7345639436907468,0.2953153144861593,0.41129918468570664,0.6292503644128967,0.7527483914751637,2.103130416648898,0.7163397317060447,0.6589056646826001,2.3087058378196423,3.899720066883851,1.0031129212147505,0.9748426717013629,4.151782720702286,3.8757800519353105,0.7763278829576831,1.9833588999142349,0.5913155687605146,0.7539432098645628,0.4021011012308728,1.3458582551627147,0.546753796721352,0.5758534410944843,0.8063190723763508,0.8863568351433033,0.5372711665154474,0.6134913399188492,0.6856763123976405,0.6898833768362626,0.8519712154197783,0.38014015152688047,1.0404922387537339,0.5821185471561542,1.2645557623614478,0.9417531719859167,4.569006185256002,0.8213571338714095,0.4978531918991491,0.7983706500415605,3.671804773172034,0.5500211030361641,0.2112156907757953,1.9655004973023518,1.6638615166834385,0.997691123125747,1.2988261499650158,1.2556509013832893,1.5258955414830717,1.3449986442184745,1.1843535637771951,0.838091319841462,0.8195164921506569,1.0655334243746402,0.3837983220321485,0.6607785915204781,0.3662596025261186,0.552989571214927,0.37153570012764714,0.4364416837616166,2.0224575183633777,0.3463643369854289,1.1813722595534828,1.5213811337175123,0.6587216645964883,0.43467740788007225,0.0,3.3868307459001286,0.6765472596536316,1.3528448518711715,1.5249208457724153,0.840464936021979,1.3358109333421329,0.5162766866840203,0.1436259922611338,0.2274104180479631,0.4054560037935471,1.3339955247457842,1.3643244677027213,2.231771781138975,2.0756835496173083,0.952710938380538,1.4294421202660905,1.3042237243816694,1.6726173301012546,0.8763888050047635,0.8394539143880386,0.3066715764442299,1.4664267473344261,4.841362098376645,0.7782792196862968,1.2106341863337888,4.389795394223314,1.5555231076580687,2.525003720238047,2.510242851303142,0.3406153934046542,0.7526224694414538,3.0154581725315306,1.152292985776358,0.5752807030058111,0.5352797796243642,1.5105637087508887,2.2331595553949106,0.29360398608885324,0.24117782857876352,1.2647126467457492,0.8113345322222381,1.0856778431508376,0.4680349457037663,0.29248137211479336,0.5214031321916458,0.6150794822828973,0.4734218990375033,0.6023516325779179,2.1291753124768524,1.5369023463863871,0.8587710716163616,2.7611062459758813,0.33414471257505046,1.1644481805874753,0.6641622350541563,0.35149598771521573,0.881903629160521,0.42182645831029925,1.2952166482858547,0.8429004021707857,0.9549981184039554,0.4631164670648114,0.6443614536490919,0.34196386806690576,0.4171205721947234,0.6739542700966231,0.551971147116675
SP:30,3.4244337598668664,3.359902301583665,3.109198353554946,3.1703215012125194,3.6258356170302255,3.876561351354253,3.551410004961986,4.435628799586655,3.3524907549291547,3.19313739540121,3.339872080525016,2.7885240409636536,1.5945281675611178,3.6189924501018127,3.4660390151514187,3.555692797022175,3.1913001951792617,3.2705563069534063,3.471146098822569,3.4702988021741,3.6950840151596434,3.757339307740603,3.2799156810782613,3.8471742299203373,3.1477203751368954,3.517706407309273,3.245481801997403,3.796448288208776,3.0867304306615138,2.438023513850398,3.1589473417021465,4.6624913945409325,3.33042633599177,3.9852919079890747,2.692841028164938,2.8699684095140867,3.6288206985534064,3.191726690982928,2.845077996658981,2.2514271067941376,3.187020615967301,2.966209946809785,3.312126809804687,3.0651964055333214,3.3679698883012232,2.925569565432897,1.61257215485706,3.384142653031108,3.1765548565855006,1.741319258232924,1.1615849111724479,2.8302782919340403,3.072477548135023,1.0778277227052158,0.9816923878810385,3.1328608311888826,2.1019778377820466,3.1321950316006104,3.378068943926219,3.50157105875595,2.3257400225305855,3.376473539500288,3.3053432635683584,3.083342794237756,3.0520732285472674,3.210033903112761,3.249839222340841,3.242461912307625,3.050486568804216,2.8656969244634523,3.316052945913911,2.7436526821767657,3.3202230437504014,2.4964776702424913,2.878767432396658,2.012179505670912,3.614693734123299,3.6901416893719245,3.104842953890303,0.7563316062966609,3.7968645485072243,3.556159232513644,2.9930414881340006,3.9581736732221193,3.2885540000030273,3.6088493570185456,3.735853546939895,1.9547409779009655,2.726245682312245,2.2318194921686474,3.360652655138907,3.4749147012273087,2.5210428252574673,3.281343805335016,2.869860955976497,3.3687195169802466,3.690552963227198,3.4912269622103564,3.5944397889018678,1.4305516228469028,3.2322262047732324,2.3453455908301657,3.5777970173697984,2.9013377913295604,3.1489526850079868,3.3868307459001286,0.0,2.8156683141577106,3.688211117777567,1.9183629879422606,3.5137450351431623,3.8445961244482145,3.596396384822824,3.4929040869713743,3.4719559620631424,3.2363599295690273,3.048443827501925,2.505947831475864,1.1824910386140177,1.3864090697947655,3.478835675434546,3.719459720347596,2.098056348716389,1.7593839331493255,3.3051767608628917,3.4687950351653347,3.508130738928162,1.990149593235931,2.009031084773323,3.355187735211978,2.876212439299687,1.403928873080358,3.814397414211241,1.1974745410121126,1.0076233866213478,3.5222891459118824,3.6565114360142754,0.6290127623718184,3.6881024129123734,2.869190181673086,3.8547711338613837,1.9218990049951379,4.604940637204523,3.209509010712772,3.2420517559937956,3.8506775007071172,3.2671037739609137,3.287847552631941,3.714526085918197,3.506984600478012,3.515252862450514,2.905922008021039,3.6597050095017054,3.75146269306795,4.3647594550124635,2.235696015345926,3.6696398146372387,0.7463229677900499,3.4091375955204035,2.5200470364142644,3.6525897717526066,3.553514259096596,3.211397071008673,3.639223512689471,2.9754659493268982,3.426557568952035,3.706388017474459,3.642678597261284,3.734030669564869,3.517032840686612,3.039581067776893,2.8714273956773213,3.4905559165735682
SP:31,1.1299692466451996,0.6801225586248589,1.5156902556697645,0.9086885900695033,1.114025363174594,1.5770737856870882,1.350529756257761,2.698705085337003,0.842058341922986,0.7345445638360202,0.7313074149231997,0.8850734542299803,1.8341837518952446,0.9897574377999208,0.7484085464516697,0.9689486742882225,0.5987781511323834,0.6300153960717301,0.842415859814378,0.9165102556462597,1.257509520953446,1.2391724049801414,0.7399087165394669,1.4801155091548186,0.6012255668022181,0.924733659271409,0.7501594980006482,2.1277287664031395,0.6035983957825577,0.9661037699172587,1.4410376453264384,3.2348287353485485,2.0124336919484,1.9801086136558075,1.4423044057598013,1.1168823246829032,2.134588713863658,0.7722339999508835,0.8370893879370488,1.1462900900767192,1.5585238950934135,0.7251894229610565,0.6141019959427942,0.4803101228728046,0.9533144476367837,0.5648281121867756,1.6800880500194595,0.9798335524698798,0.6288712862408913,1.9991777575164427,3.4368709074111354,0.7299229459549097,0.7007308287120249,3.6184466886133544,3.350352229252427,0.7799013882671954,1.7188706123072959,0.7379441817196901,1.1713959846782296,0.9204923309920371,1.034889620506441,0.657022969318421,0.7072277704675716,0.7138804289633905,0.8098973974555191,0.4867472943075529,0.5631668428798232,0.727609099923599,0.8170964267981801,0.6001047508224089,0.5254205037036891,0.744976539110461,0.727106966770765,0.8284406234904871,0.7635756893061613,4.161691380000177,1.248792186976875,1.0655555328981783,0.8894444405409082,3.164668548375399,1.0983711943128884,0.8109780028042974,2.0778009121218797,2.0868311011006235,1.307405391556347,1.7079634271166007,1.6894394230303476,0.9682812839221647,1.3342308492349984,0.6855696981373021,1.198920441399055,1.1910259865875183,0.9027146934926444,0.5284929023256955,0.3594941679610146,0.6434232498255051,1.0871804625805608,0.9401906420116624,0.8267746356276912,1.5075185123293529,0.4645774089543476,0.5292278815312447,1.8406947438542245,0.5330304619457031,0.5000486547995494,0.6765472596536316,2.8156683141577106,0.0,1.723542037072451,0.9584842661710704,1.2519667590554475,1.8037658836555062,0.8081196764117302,0.7631742199865249,0.7753169817861858,0.6509491241904887,1.4314460307948973,1.2686241237618818,1.7131451212375826,1.4956171759122625,0.9061607760910128,1.787899675374809,0.8055214723449198,1.199742869870935,1.2119393225433714,1.2065571171355707,0.9175167913528245,0.9964326762547091,4.241631805112295,1.1499151123797904,1.2241029958100937,3.8245274294618072,1.9555914642615884,2.0546001906110405,1.939567825056477,0.8720640517659781,1.2124685435119682,2.501184742332,1.61081032966031,0.45614445691980954,1.0946496753376498,1.0453737137500063,2.7378213714388204,0.5125090929670916,0.5116251543909656,1.735912353800989,1.1523908353714345,1.3697712777860676,1.0006977098117942,0.8221334494038108,0.862720556235854,0.30193487683956527,0.888250268210824,1.1680270205843366,2.6162322977515737,1.2463876411863086,1.3739917187249897,2.2334950251337786,0.7166630244619407,0.9872062659855825,0.8782450947334248,0.8981568117609463,1.1186915273129912,0.8442404618240031,1.4405608211006597,1.223505068635823,1.3859116657669952,0.9220952484898907,1.0499417751142062,0.9087945067138847,0.45222600495639564,0.6168341298484636,0.6930243896067001
SP:32,1.1449157690967016,1.3693388483740172,0.8724517345383668,0.9257645422500956,1.173082294079317,1.166866053454109,1.0310937018857524,1.5582841758805333,1.8131643506181683,1.598176533729038,1.4414027182000813,1.683692899770523,2.2483314722056873,1.4187808744919252,1.4908427375952826,1.2366530809004619,1.6520881673651178,1.4756120410871725,1.5277438855114434,1.5769108925914146,1.2437855808745546,1.2247976385004093,1.3385239952619554,1.083029778389527,1.3028827667123875,1.236991731413612,1.0779875728340107,0.7717602990331841,1.1719741923888884,1.5614999121510598,1.1110778054951806,1.7661274867390264,1.2988479710918546,1.5732439255450383,1.2362564572313903,1.6180798962835183,2.12877702482679,1.0937816926472217,1.1426327807576826,1.7038102007519709,0.8386484682550491,1.0876698985208242,1.3456501936817744,1.3276227734643467,1.388342947424696,1.4934729944843739,2.4092786314637755,1.481204936781407,1.5892370811987424,2.3123237201087985,3.987917778232571,1.7581218902084104,1.984923310970501,4.344827244389025,4.163491421320817,1.5802241833967414,2.1587348511423037,1.4580341708851383,1.109009120713026,1.417357044419436,1.8362930221708982,1.7530581891767896,1.5831688724850481,1.7031013968643551,1.5694683492904868,1.6700007557120033,1.7395064600816237,1.579859706198151,1.1580521124404066,1.8044569187057293,1.6006909205099256,1.6872591304805529,1.6674144103201538,1.917790975127547,1.6797182099484425,4.441878107098746,1.1644289934426153,1.3898177366518674,1.1780768195785787,3.861644498984419,1.6059939871991846,1.4419212326042539,1.3674661494710512,0.9142109265189055,1.0233798846331585,1.0188179026204618,1.1374051146823296,2.098782139004153,1.2617070746827899,1.7460899507891714,0.9750997493885646,0.6119642377856178,1.3972461035492119,1.5765620927515827,1.7867977358456306,1.5614563022762227,1.2814892486140952,1.1514868501937752,1.6067860811690886,2.5291939102496137,1.597252221663007,2.0185963806689076,0.5227010286831133,1.3885365109657486,1.6330821784595642,1.3528448518711715,3.688211117777567,1.723542037072451,0.0,2.2006803116046703,1.0065362113904859,0.43154724761976965,1.7837032850402783,1.3279642850313966,1.261239307313466,1.5195872096559901,1.6830244750235213,1.5425733259624077,2.5698664893544545,2.556417073305745,2.081085545985453,0.4610061603632298,1.8575455237824687,2.0585358024388154,0.8948548319400642,0.8012795326470085,1.227275771516503,1.8346100650709976,5.154351394810796,1.0128006379934218,1.1899474790667914,4.589391511988177,1.2103489452640717,2.6605374498025847,2.960082871886565,1.2764374076980627,0.8256659798154216,3.2734878079424594,0.45691344521361865,1.467266236969693,1.5808104518431751,2.0609651081490137,1.4174022210482304,1.4754010712244834,1.4636712934134253,0.7843371244295725,0.7242240566964698,0.5948844763902706,1.5501360043329961,1.453625841151898,1.4538187434267946,1.6447595422587202,1.7212092433227135,0.9948013174823773,1.266802543578948,1.8311663291436544,0.6963652197417617,2.984071768901142,1.3046297975916272,1.3650208732356661,1.9037453911201723,1.2695065349264127,1.1970714523230495,1.6720484365418078,1.138808266834439,1.3857879619139464,0.696638828252549,1.4970030217081751,1.7366444441641373,1.2864209183690396,1.2817391288599709,1.5557621159429178,1.8132587238927742
SP:33,1.8281256894895264,1.5670037758624917,1.8045219967963775,1.5365231050339758,1.9064334468127448,2.2685691098489658,1.9529076965091214,3.1641060801971093,1.5584409363216014,1.3716197196580484,1.496881651835418,1.0808725613638448,1.2556279658750233,1.8439273868383672,1.6423121525984568,1.7404512537008285,1.3985516176015171,1.480910008718952,1.7020209116252054,1.7423372974920095,1.9530835088582414,2.0044646084579973,1.52270045259261,2.1618865136187604,1.369599024003953,1.671366835192437,1.435339856661393,2.474351748346909,1.2860693023705838,1.0391607266611822,1.7527681616059108,3.5405400203731006,2.145327146906015,2.355084535806641,1.3954166094024885,1.2381384259810262,2.1705174060817685,1.4591026578262989,1.2202431967372747,1.0002120419160545,1.9017940142736574,1.246945156531008,1.4765052798121885,1.226982938292873,1.5444789752797752,1.114972706818932,1.0606880034020503,1.5424425347310886,1.3091734414235319,1.3398560965279778,2.5656490271653922,1.0906341307366283,1.2661598837308523,2.7059746633653137,2.4597868600547215,1.3858774854574465,1.3889302209331595,1.4064102714745246,1.6937273785727565,1.6990701153052825,0.9687261487002018,1.5534202535133605,1.5563013812845843,1.3522319841558894,1.4139426651846343,1.3969031016344027,1.3727397986251102,1.3696389013155905,1.2701010365608794,1.0544080745505815,1.4430333078771118,1.0366897747873864,1.4253865952235472,0.9018059264421614,1.1041187056543313,3.3356034033899786,1.9490536788408381,1.8809333442228005,1.3709573801361612,2.2574382222827833,1.9483835055596765,1.6729441562317628,1.9886965616505967,2.5442223838668525,1.7452914199265313,2.1003885897359016,2.2234210777336907,0.5296636882228462,1.3123667601690727,0.5267064318535908,1.7531971688633847,1.8029871608080514,0.9835395453399454,1.4404024183590944,0.9622739576211878,1.5326509978018112,1.894765892026326,1.6826099987202083,1.7546868239991127,0.6907965490207937,1.3739591176167474,0.5737452407129026,2.209867616749659,1.1124805037698875,1.2921363629310456,1.5249208457724153,1.9183629879422606,0.9584842661710704,2.2006803116046703,0.0,1.864476793269038,2.2990669895229865,1.7317288646235711,1.6401773759301745,1.649614032521395,1.3942338273824957,1.5367086724122532,1.1599430412585954,0.8669802689644629,0.7127515756116756,1.703303715584581,2.288141249272078,0.47453619344847225,0.5683286926169667,1.7133902816345414,1.8544030832068716,1.6848683598612961,0.622043730988941,3.4262960089118657,1.7200979165023642,1.3245335319431595,2.9546136272951,2.354420275977647,1.3388534074569682,1.152248438504298,1.7169669559249072,1.9653983914997628,1.5715176584082189,2.1237000855650776,0.9957445693064716,1.9870449683401905,0.43693401209790045,3.2059622886896557,1.3152828323977308,1.396157477808484,2.3098754431517974,1.6288245438858548,1.763273639324271,1.8773868041577388,1.6471251853947568,1.7026387129597202,1.0037122644417817,1.8001203092951272,1.9896246293959048,2.996896321136988,0.9813565469114185,2.011314393333884,1.3498611427407563,1.6001889718376006,0.9758929296264146,1.7898358177886302,1.7539805586299244,1.5910362987542312,1.7439802903327306,1.569186243065046,1.7164101723372,2.0748758312792424,1.8130571317377924,1.9186831692624196,1.6980745330771079,1.2205230939608263,1.0489117650014401,1.6338785460790717
SP:34,0.942720399114214,0.7846761999542948,1.3104396938128133,0.699233716569539,0.6124620713426535,1.1686253653218126,0.9103071606442298,2.02639839322644,1.0642769017574658,0.945558021201242,0.7109325528526415,1.208733558596612,2.084302548707233,0.8384551326723242,0.8060506095688142,0.6364646681574966,0.978680279758457,0.7829776098676687,0.7815915913245747,0.8157298274372566,0.66346768127059,0.7731812622304046,0.6056968727668959,0.7801994726782537,0.6726074922926271,0.7282312412143751,0.7371691222988763,1.3157419255804026,0.7261518704173093,1.1632442748123972,0.7327746711820277,2.475861930774892,1.725238855797789,1.533500019585559,1.5464428980821023,1.7312136725511167,1.958766783395279,1.0649966195520495,1.2145065335557674,1.7203417080430436,1.2821141971231518,1.0441916800958722,1.01452360798044,0.8394250556115561,0.7817988252554109,1.088193250863041,2.0182071255798606,0.992371539736214,1.1776539117815388,2.15435710699942,3.8081232867147268,1.2180490350710156,1.4456149222614871,4.168132471259336,3.876143877943915,0.8428353932213338,1.7270215499073895,0.6616580970433644,0.45717226401215494,0.6874550690567256,1.2746039085169902,1.0416924630296518,0.8586851323232185,0.9348919613459697,0.8353938020729285,1.038979393816513,1.212148027895661,1.2266038884175177,0.8893011306673633,1.1491622947693556,1.0443178482116378,1.2115148535872342,1.125669855509414,1.4106573496666912,1.1576154938326066,4.367285289196408,1.0172955226864084,0.6189935678434048,0.8549643726048185,3.6710135136371633,0.8719645670877786,0.907317767045573,1.5660558188250873,1.4464288186507765,0.4323017813433977,0.6734527959280407,0.630283423890463,1.8749954882042263,1.1285950742403665,1.4990255385466908,0.3224243828143558,0.6671096834540842,1.0413129050482879,1.1390980897462926,1.271275412534185,1.115187227313487,0.5268395110219178,0.5146420853154274,1.124091195096549,2.196879816157558,0.9753265723269885,1.6708646813822563,1.2444452475364625,0.8806917599085008,0.9342750675481523,0.840464936021979,3.5137450351431623,1.2519667590554475,1.0065362113904859,1.864476793269038,0.0,1.0464053097612576,1.1437477893959758,0.8091465505501372,0.7923288172640527,0.7800901961065944,1.0827295332325912,1.1479486229278737,2.3725317666030192,2.3568553198574014,1.3726049006988474,1.1273217284114396,1.5711767404943406,1.7669325169323848,0.350833903856634,0.790156994891896,0.6030365421279505,1.5854250757798414,4.9175588118055735,0.29890456801415427,1.1738482163710686,4.4233959451951685,0.8049429070132571,2.4580123250479406,2.708342365402239,0.6075700778227946,0.796355494183919,3.1028068322652156,0.763280069244644,1.0594806018625593,0.9509997663153916,1.6691151785322167,1.9637987064563358,0.9888983421182603,0.8645035211676443,1.0343464496660504,0.5963674027745817,0.6303539671280838,0.8349434584892838,0.7632921966511199,0.746908815793681,1.2205493975538455,1.1409960743769088,0.6931296745561049,1.7278079499093786,1.381574459879375,0.5673846085795513,2.841947007623723,0.7503513556133254,1.3918974534287996,1.26850415523321,0.6514146046933317,0.3670455271505032,1.1105724293928674,0.8762213880940086,0.6051467249053581,0.9262611550665919,0.7972883045302248,0.9408207244980321,0.568939380440502,0.8910548158921568,0.9415230660644524,1.249359198604023
SP:35,1.1923764732893853,1.4235270190494986,0.999848370628703,1.07978709208893,1.152439990324562,1.028068049586144,0.8999936961028053,1.3746408164194515,1.9002904995865446,1.6806891456445072,1.4396188539230836,1.8131239809564732,2.4424720642469016,1.373147410888318,1.5089024378801057,1.1531929512455266,1.7672959821229173,1.5625285958300343,1.5522166536857596,1.5965698690997814,1.0767709653209199,1.0810389773635873,1.384383206709671,0.8727536427406075,1.363362033432153,1.1552612191309832,1.0875605640449881,0.6033886805181595,1.2313538995516342,1.6787016639074113,1.0942042405759607,1.5836903923268153,1.1315639386975875,1.209102411012388,1.276747430376978,1.7081619346408163,1.9175439787856978,1.2005173854621032,1.2685078400269865,1.9641002086404509,1.0484949038932123,1.231802668174697,1.3632584062140591,1.4073547701426772,1.3872353673320492,1.6339826305651006,2.5514331604207596,1.48567010561891,1.677077068919129,2.4383268581878803,4.134384030643071,1.9059876312434638,2.09876085560369,4.514057663549734,4.309698041873911,1.6968337972927419,2.270186667700617,1.4912540991640384,1.013624904207937,1.3476135006586714,1.947993667816636,1.8012336540879257,1.6521730623457784,1.8205489077281214,1.7301428946371848,1.755461730121549,1.8126283512691315,1.6449764661749908,1.2263982438554994,1.889292752311937,1.6521871522190148,1.857204134091951,1.6858665827454797,2.1023466792149157,1.7930902755732239,4.613575350830497,1.0555665973125634,1.3419739184239416,1.327335256624017,4.009190976375611,1.5383561429815291,1.4063228330215982,1.3567750297509897,0.6655765207042289,1.0084546274158745,0.8950144707760723,1.0366878462309024,2.215626887375289,1.3703632157985661,1.8688881842234801,0.9784817628703257,0.7872090473431611,1.4801061090772407,1.5886936436169323,1.7968413725297632,1.542543962083298,1.2895457824180467,1.1207344581022571,1.5848349760896088,2.620298024776268,1.6344626637323203,2.13358686826293,0.514848136680457,1.5164599153080098,1.6556265166199853,1.3358109333421329,3.8445961244482145,1.8037658836555062,0.43154724761976965,2.2990669895229865,1.0464053097612576,0.0,1.7850073858285749,1.3233252299255187,1.2697361011774888,1.5290090636797085,1.6684095697101675,1.5940618667115831,2.7004319840327855,2.6883234854271136,2.171497467011477,0.5699141803506724,1.9688587200848384,2.1965846244706633,0.9141227499536545,0.8385934942135126,1.1702483935531371,2.0031269552326925,5.387147898137812,1.0083294332641648,1.3140631650407542,4.803027572156067,1.1707332613939099,2.8535075351669095,3.0892166547457114,1.2892933120894057,0.874493894874409,3.405838103551504,0.3029152323701653,1.4964069145020402,1.5357904035286642,2.153127724430066,1.1017026456462993,1.4878234276413183,1.4925730723626602,0.5786002997020454,0.7304639632032921,0.7355365834464416,1.509713098412018,1.4289300771219686,1.5261872024065462,1.7046176166059734,1.672037702131432,0.9977357404537793,0.940645261897372,1.9809311732246637,0.6018807162446101,3.151900915281834,1.375603872505447,1.4329485532883557,1.9208987030132856,1.2702515437884803,1.2575974450202998,1.6498399324203463,1.1577101069030942,1.2954194841833362,0.743714916051275,1.5195694734335263,1.7157472671229859,1.2585546924272877,1.3669080896069516,1.5706481767825002,1.8394547402879016
SP:36,1.1443573298078538,0.5243272265384668,1.8512727669189968,1.100275489831151,0.8584746799429992,1.416836313209174,1.3259331616481695,2.6507068639297517,0.6655167019272047,0.779395234014012,0.5696812616001578,1.2803974564509915,2.5248661523916445,0.6318042973004654,0.36932576515513554,0.7058903021044002,0.6059063335431691,0.5370469836582655,0.5084309149997773,0.6238570375372228,0.9936714906106193,0.9332121524563565,0.67209104685636,1.2403658083377564,0.7096158838938086,0.718196793086606,0.8579168854026926,2.20548370577772,0.8416688709017411,1.5148689606038015,1.6164013022660007,3.274335902679156,2.299227397369936,1.8862080565320156,1.961615983068018,1.6093557308332034,2.2428360499088704,1.018432350483414,1.3335074592303324,1.8424766600267672,1.8565053772839044,1.1443313322657647,0.6344717912772412,0.7470665316804551,0.8930702916890809,0.9667346177610356,2.338573287528952,0.9450445972968652,0.7928942882920136,2.651863967504164,4.159613825224517,1.109009870753023,0.8999715698772586,4.369135715583354,4.0685602730252075,0.8584329401787408,2.2492870840748296,0.7976803608543189,1.1536738010559378,0.6296342823858723,1.5723902075055354,0.3005056179461906,0.5519216741170015,0.808464467357848,0.9555929698815767,0.45656145401605225,0.5665727392146404,0.8501136328236623,1.1075346853893715,0.9364235360531257,0.3700404536356086,1.1959398299693407,0.6678503731398674,1.374088394272436,1.111269653542932,4.862360950059114,1.1530688053980547,0.617800879440518,1.1239208620554273,3.9118170088267696,0.48075444941249507,0.42715201418522697,2.4441933430271625,2.0940877869530943,1.3818022112489652,1.6884481581715882,1.5621896848415548,1.754935242352565,1.7632907811856764,1.4679708828543214,1.2092655031128918,1.2242035672852742,1.4440951117667191,0.5160466400015302,0.8321787295012666,0.5148936964858595,0.6898736294368965,0.7492490291319199,0.3886402292675074,2.2490281067798876,0.4000379849918481,1.3179810897851458,1.9911157616344246,0.9282679950018908,0.5368450064969233,0.5162766866840203,3.596396384822824,0.8081196764117302,1.7837032850402783,1.7317288646235711,1.1437477893959758,1.7850073858285749,0.0,0.4737330034032983,0.5569364700839746,0.5906246600450458,1.6222710619669776,1.737427257225946,2.491960204713849,2.2905223637396377,0.5860194978838976,1.843665973499705,1.5768662848575534,1.944012972416223,1.2800003535470976,1.232884210490975,0.6838970641405205,1.7440127521891768,4.949907203953107,1.147456727593554,1.626039446851299,4.569950494561169,1.869760724381992,2.781446911416176,2.7030925185945875,0.5648124593272891,1.0927978494237605,3.2695823950197096,1.5967384425938487,0.9332564380630937,0.4182406640216056,1.763882959300128,2.631271390141668,0.5944788681609058,0.473649588976633,1.6624269713982287,1.2961305900193347,1.5318252301120836,0.40942981993830513,0.458725808048564,0.5238096979220673,0.8203226687608985,0.28233002269815644,0.8804029512938405,2.5592614825416082,1.8052779926315532,1.2676504476149233,3.0149442893358707,0.5281337402990199,1.6019130020763899,0.17932373048145897,0.5777334874895461,1.1881466339808004,0.2449348724237273,1.7268540236982182,1.1373278720634772,1.3191072680543943,0.38855274213700214,0.40914565738389674,0.6227672199885298,0.7858012678131526,0.9667984260264826,0.2118163199775047
SP:37,0.8355811374996895,0.3060742900722609,1.432156526640034,0.7190739903853086,0.5546721472965888,1.0886183042548279,0.9448846798688934,2.26726050385807,0.7901800483589214,0.7139876923974274,0.38034539666411815,1.144088211502139,2.3045098187628423,0.44607942850514115,0.2820518352309093,0.3388554030116439,0.6438128138842512,0.4480298745670424,0.46189381736813195,0.5916780281334818,0.6802915646283078,0.6184684586839206,0.4409013472840339,0.8847571569854495,0.43413702326473375,0.3352616385874208,0.42475339135724993,1.7513395762789519,0.47700070591404725,1.2828955738629508,1.2558079234216049,2.828513999427378,1.8715487609958852,1.5565579936319616,1.562689564157168,1.3591844442645147,1.995446004615369,0.6593908453781965,0.9808637874194527,1.6201472689077916,1.4511804775269272,0.7876465583064891,0.33583930535853534,0.48051446874349374,0.6680187627217472,0.8054577789524726,2.1937503297728207,0.7596396010463077,0.701609192183978,2.4063660616529887,4.002385960846357,1.0522120898243075,1.0099174533527409,4.255607334348658,3.980358486254365,0.7880718590195654,2.0586162040383402,0.626680858776742,0.7916907308886805,0.40740588296710595,1.4225286019254424,0.5264888915488141,0.5470302834087328,0.8175840132665507,0.8800942721403753,0.5367394031261044,0.6395079021523035,0.7328572577172418,0.7631377713929229,0.9220486742889961,0.39017275147599356,1.0915556971862697,0.6334326278740696,1.3212885526251994,1.004892392763252,4.661857215233479,0.8129433607788618,0.43011389640274994,0.8283443528584223,3.7785137637190305,0.4851179201282032,0.1894556537798165,2.030788418045718,1.6599869908281832,1.0189081548015257,1.3111727890506646,1.235788583564563,1.6282266636535858,1.4182417947103465,1.2861596394156973,0.8396360309218354,0.7891625349989271,1.155759869330711,0.42818352210287014,0.7838358001801806,0.4033300447476503,0.46324300261745016,0.3606252648085012,0.3922043479194816,2.136477301533185,0.3877316478745275,1.2757041323913232,1.527181771557353,0.7162916551337911,0.5061284774847203,0.1436259922611338,3.4929040869713743,0.7631742199865249,1.3279642850313966,1.6401773759301745,0.8091465505501372,1.3233252299255187,0.4737330034032983,0.0,0.1527247129049549,0.46351329655208884,1.4047391523594766,1.4538032590312497,2.3401162784508593,2.1817059817295363,0.9207227970219369,1.4026977051798817,1.4092728613207728,1.772929854390844,0.8879969350103478,0.8178681234915842,0.30600771862987014,1.5545155295219504,4.926174487008048,0.7830057189905458,1.2782731188616236,4.482761964496872,1.5428886178475716,2.611495991133841,2.6144699905482307,0.25534811037848154,0.6880733306606139,3.1278527512188736,1.1404360563413931,0.6996571879025302,0.4375634856989964,1.621886210871842,2.217812232077391,0.3970807011092153,0.29387990525116825,1.2439240768244488,0.8443074153502244,1.097460139901122,0.3876486732881321,0.27917260073792444,0.44751246432602904,0.7162501484611147,0.4391178431799643,0.5030947002829745,2.1284245979767498,1.6144376957095863,0.8301556742176324,2.8641398520983112,0.2562644597411608,1.2681167959472346,0.6181748629463868,0.25969331024778797,0.8989960567963238,0.38514414167942723,1.3562449035564437,0.8834567057038636,0.9045219854833751,0.3588865576362448,0.5758412564068685,0.3110534341764469,0.486628633119875,0.7843888368587271,0.5289750886361165
SP:38,0.6865682735004122,0.24427465955986397,1.3189831270152546,0.6117978944731391,0.4584189349277764,0.9702429549714705,0.8360369928806354,2.157134616132114,0.8876315126569599,0.8137199816238919,0.47898368581137807,1.2128747750719249,2.2654109392480715,0.37316101737882107,0.31501536517883666,0.36448649183440346,0.6964607564871922,0.4637036496584589,0.4420074114250094,0.5510894063750555,0.6623437036604539,0.5612997078529183,0.4098909837118003,0.8246460589959325,0.4065524716103659,0.41382517952256265,0.4263534408632856,1.6770052543071947,0.4697542818807861,1.22285515775912,1.1966289286184106,2.7469151566421584,1.7927552443506263,1.5930276266663306,1.512215271571027,1.379794685823516,2.0792379621765855,0.578697648674458,0.9097318043042812,1.5803925571718314,1.3292507202775623,0.7456294647654332,0.2907617451933453,0.5129806592820798,0.7785811595027835,0.8551069515501004,2.178889635185336,0.8817290911241251,0.793288009273477,2.400951407409886,3.9907289487419706,1.1168609696115563,1.0991819359516548,4.253148882562237,3.979847714314816,0.8523522589495276,2.0228678531085835,0.6164800192126648,0.7953426450055351,0.4307285674079485,1.3975953532409104,0.5826050436259681,0.5242769648273263,0.8663388634428398,0.8792120941591116,0.563685091325791,0.737234388628944,0.8323990164116056,0.8040531107538067,0.9982873562828519,0.4731604991747408,1.1398135681319466,0.7653493062249255,1.3536759198451809,1.0828074877574057,4.649949597958588,0.6937475143517551,0.47932957497669565,0.8710033557727925,3.7702349410380047,0.5739560713503037,0.33522462074469217,1.9970679535830937,1.567315666715914,0.980112265743782,1.3039642049404159,1.1824993859460693,1.590668603733893,1.4276219505111312,1.2595599434698135,0.7851860520098868,0.7495485135272197,1.118121054212873,0.40855818354557544,0.8420954493767322,0.37572029508267407,0.5107198814576034,0.40829978455280785,0.38070666302673206,2.1212444808277855,0.4458273740057736,1.2692926499432766,1.4376897783755533,0.7427740267888185,0.5823803863198183,0.2274104180479631,3.4719559620631424,0.7753169817861858,1.261239307313466,1.649614032521395,0.7923288172640527,1.2697361011774888,0.5569364700839746,0.1527247129049549,0.0,0.5516572799775771,1.4694731220018216,1.4450896833647546,2.314507313199936,2.1525931952390045,0.9963841469568379,1.2968627156735721,1.3799717181523747,1.7507058711161911,0.8406667971882053,0.6900795230896001,0.35903246298557817,1.5189053242206985,4.934197356333103,0.7382233371341864,1.3024908222605172,4.482097251637262,1.5508063158500611,2.5798354638828336,2.5807985701543616,0.2607680765153424,0.5711578090275569,3.1201270164411787,1.0837038265515289,0.7362012586898943,0.532065000354706,1.6171842468576667,2.1484622965149236,0.4882603784622953,0.32747868393300694,1.1477335524754928,0.8042384218453305,1.0593253380553684,0.45188288741839533,0.4060572315801274,0.5212338525060399,0.7697944212090894,0.4866854132109233,0.4235994310346093,2.082698896867533,1.6184326592487859,0.7629238932176324,2.8462233727638084,0.23946762705111843,1.228161570133136,0.7074235266809689,0.2183216082183683,0.9062559761302607,0.5080316395997605,1.3470492914401446,0.9436599949015495,0.7894316963288941,0.42609515699066175,0.6360320896632984,0.374002700405746,0.47018066201099623,0.8382125120906408,0.5841452807078238
SP:39,1.0853779148735698,0.495169145957877,1.5845636999315176,0.852720411303397,0.7864393991392151,1.4107475210726803,1.1615213017649553,2.5228250562243413,0.5395141681229438,0.42394423408177834,0.1268936036851856,0.8388237175939746,2.0647424400913947,0.7087114830153592,0.40879011387217723,0.5171905893795575,0.46939818538720884,0.3839149423537424,0.522304692647374,0.6289480249287488,0.8056295992712568,0.8783010010353691,0.4073751816745884,1.1021974515658726,0.37842985109041605,0.49340960375768805,0.5462371514872599,1.8836081118469772,0.4607394557028752,1.104575998716043,1.1728229609556033,3.029948693730291,1.9806600552619376,1.6140403574183395,1.580879003374181,1.3973484469137043,1.8378422210756777,0.914223323961703,1.0916496869603463,1.5530012331666387,1.616445430430831,0.8859574740270004,0.641435613180577,0.39286053879415067,0.46235462002917616,0.652721883527909,1.8714356482129664,0.6069155270198814,0.6321398584661614,2.1180420373391953,3.6870566392745747,0.7601841992797578,0.8165611968014517,3.94629843497034,3.642514510596401,0.470833155164896,1.7657165923033715,0.40668421721660913,0.7084749056425668,0.44926584414963816,1.1221735793670669,0.4668293368703912,0.5210772566058207,0.5007284505869672,0.6581815419810891,0.4849259518171646,0.5665800706546418,0.7034183588685315,0.6802654486801606,0.5460125197594747,0.43628803301154145,0.8257548740792011,0.49117360943199945,1.0218718371524014,0.7002143350099839,4.355726326069274,1.1147370794758586,0.5250783477091502,0.7243074444139278,3.4718708088521435,0.586058679682314,0.4615495777814775,1.9274674128294,1.8980569410996972,0.9359046098913997,1.247952005055792,1.2556915378251947,1.4958286191886505,1.2209821003130747,1.1419613070677357,0.830182421303883,0.967869517677884,0.9654965629547894,0.6388367437315887,0.5804616047100066,0.6571127834059928,0.5591816457412304,0.4472792311085296,0.7223834731441767,1.8668265657303926,0.335878033995095,1.1381408986450245,1.7088313765527787,0.5094917939013796,0.18661652760829567,0.4054560037935471,3.2363599295690273,0.6509491241904887,1.5195872096559901,1.3942338273824957,0.7800901961065944,1.5290090636797085,0.5906246600450458,0.46351329655208884,0.5516572799775771,0.0,1.0513709985214983,1.1780556733452412,2.1069239078734503,1.9967982321057922,0.8133720259085593,1.6380914495242072,1.2306806921050184,1.5233288380470655,0.8633518269664784,1.0748320766651287,0.4372266700678024,1.3612042286891997,4.619449384180541,0.7580674609591922,1.1573037605187637,4.184699002660641,1.4439053032926572,2.3489217529723248,2.391647391621285,0.4566713846405179,1.0357816317344861,2.8488541715612805,1.3001781011959135,0.5502402039764169,0.6604759847545048,1.3349751294106234,2.4623719587389434,0.38110989703275366,0.3203010462854207,1.4909954224293627,0.8982352032451622,1.1109444863413678,0.5458449341952567,0.2972953625807926,0.4459683308568893,0.5960457810823647,0.6744416436665879,0.8681186085759087,2.275075486101803,1.2823965597011813,1.0340102874874602,2.6115578703646114,0.4834816956068607,1.2336768499135307,0.7019404381643217,0.5336647269709056,0.6821267114037415,0.5767180829008478,1.179321026456923,0.6522174198356678,1.2399062668812744,0.504126132853294,0.6083728134983465,0.37957401869579865,0.5211876810080733,0.4308122072843198,0.6691409737530942
SP:40,1.7886016208836404,1.4529769914790036,1.8504950641739357,1.4257642709821288,1.527042036396649,2.026493592813894,1.6615655533791556,2.7689359500150017,1.2691540748101084,1.0322882789189516,1.079526365109084,0.8991636939901437,1.8039124836040177,1.6008561938189476,1.417256380283021,1.264111324745284,1.3270018485036443,1.3247449425871218,1.4646319556044387,1.518086849974007,1.3445017837689441,1.5575442947226892,1.2519149942871453,1.5799310550676393,1.2054727658176314,1.203609750451097,1.1855204787471239,1.8445744762413772,1.1295162076688698,1.3063281160425846,1.1484031107775028,2.975474345172621,1.9934108706393563,1.5483920032799454,1.5832563426176092,1.6893892847094083,1.3082086777622697,1.6136712168903915,1.564608562394837,1.7808364457100145,1.923311894563762,1.4052085743106586,1.541875167931295,1.1533257807665898,0.8566986005785955,1.1806290346522978,1.588443289103834,0.9691387211934611,1.3067557414860995,1.5526069833555471,3.1788685667847365,1.105283885694267,1.4493621489985193,3.5297234130081403,3.2279864225492227,1.0205553696469984,1.4763081706576993,1.1199282613220225,0.9085052117102939,1.2695090309785675,1.1778293351229245,1.48599847637539,1.46043009489631,1.155288031437136,1.2371189056566945,1.4695208440497576,1.4219659753896257,1.3258087002234102,0.9731373985218434,1.018244299469725,1.4342613168289209,1.1115191319381896,1.2039177914595312,1.2448320994482742,0.9518217822342057,3.7262447698056644,1.7882922846679434,1.3159793540108196,1.011528262831606,3.0541811631736873,1.442877031700064,1.390665290105687,1.3993161062351067,2.1101706057039915,1.0045848320097328,1.011550466242452,1.3994915307400801,1.8185265122972454,0.7860518036407139,1.4650598196489413,1.1336065164566476,1.3643278285443077,1.0632647124761947,1.6158359678719014,1.257674556393807,1.6295338237460073,1.2894901307498892,1.1318124319660694,1.7361311558176906,1.810582221063916,1.3622725270750082,1.6680352132510998,1.8329839443880374,1.0578633048593078,1.167825517945578,1.3339955247457842,3.048443827501925,1.4314460307948973,1.6830244750235213,1.5367086724122532,1.0827295332325912,1.6684095697101675,1.6222710619669776,1.4047391523594766,1.4694731220018216,1.0513709985214983,0.0,0.7933227100939773,2.013303873508234,2.123222889671285,1.6893960300516089,1.920254480570434,1.4829542137915392,1.4890789832601552,1.0653302904909976,1.6346533486777084,1.1934468329586245,1.4913343819970402,4.346083516545446,1.0912457751297029,0.9689010911827906,3.8350589531464863,1.0940349853636158,2.103735508709544,2.421129463619127,1.3399104350401183,1.698481162939891,2.530314936772242,1.4564605151117243,1.1052718130051549,1.5613215206450792,1.3223582157185694,2.568078333508612,1.2463723928071118,1.3221281837987229,1.836369199622226,1.1112137342304813,1.1225442077851906,1.4728678684689305,1.2318795530493025,1.3191942031594874,1.298698769297154,1.683727989980919,1.6024945444863208,2.1554188257988045,0.9712577877678722,1.4260592106993393,2.3819138856303312,1.4178978301323668,1.4127082399205222,1.7072371415213152,1.4192695080584168,0.7855634562830185,1.555573613290418,0.7450500302457347,0.6927921620060663,1.8122217470253759,1.4513540906236964,1.52854428980226,1.1901323484156991,1.2848420781239611,0.8349790497544874,1.7098513520471699
SP:41,1.486540163715734,1.3912834911710874,1.346277159397551,1.1520619821050573,1.4561637714087388,1.815322150918072,1.41333460112093,2.4631975467241936,1.5093183396469483,1.2651683124181679,1.2292920137895973,1.052819610581628,1.1491725290516157,1.5570676204254603,1.4593809313707207,1.3418879475967915,1.387125748175728,1.3252487040277094,1.4581979928014406,1.4692845032514794,1.3908320314333094,1.5418341450003201,1.1940167049055235,1.5463701555340046,1.1043772887063024,1.3335504344781308,1.145122782556632,1.6107346839435777,1.0293538364294577,0.6772343863568234,0.8012060843787664,2.7341419569727226,1.5531247026300334,1.7603335483773066,1.0985059892362021,1.5644619890407192,1.7297935853889848,1.3977526594456169,1.1849855188879062,1.3315615066969493,1.4351167981627437,1.170611550952421,1.4474042410577068,1.1168814953183324,1.2015059524768477,1.189594829266555,1.0399371425737103,1.3337009795352244,1.4357347421475843,1.0743385686413618,2.7210546824507946,1.1987559389178697,1.5941397057522289,3.116234188203718,2.820307992438963,1.178965418890411,0.8467131858903834,1.0349630281344029,0.9642263718004916,1.3307924155272313,0.6514546298092434,1.5481490730603173,1.401786906985488,1.2329703082030454,1.1769210633080136,1.449813891002246,1.5448958048474346,1.4869260885473299,1.0030107906964834,1.1309462697921318,1.493263767578184,1.1282609860722357,1.4497643833842033,1.1474365795132155,1.1188282608567544,3.3261074703949185,1.5759632214087937,1.4767019874481415,1.0988131160486703,2.5916119788371392,1.6592874937996902,1.5219111824772649,1.032448318296967,1.8593471991292496,0.8633517196409178,1.1163635136722447,1.3372057749399409,1.2750479567746869,0.6021888387684787,0.9930702900730275,1.0071889669649579,1.3239795998576098,0.47228911694624165,1.5194514116664921,1.2141248322854166,1.5459467738494113,1.4711019615647791,1.2511572907539317,1.7234021988580708,1.250474025834436,1.3737745251778775,1.3403359463416016,1.5247740937526666,0.9958999590618727,1.2294895636954795,1.3643244677027213,2.505947831475864,1.2686241237618818,1.5425733259624077,1.1599430412585954,1.1479486229278737,1.5940618667115831,1.737427257225946,1.4538032590312497,1.4450896833647546,1.1780556733452412,0.7933227100939773,0.0,1.4067636445682945,1.5508611255679714,1.8459165655750795,1.647014208060101,0.9472391579675559,0.8876914238047404,0.928306845917458,1.3834262887340605,1.2969839819444264,0.9019831910072832,4.027587638971678,0.9993402014764758,0.9379383590861889,3.453063768864087,1.3505164704647068,1.5004921869514911,1.8135319732600514,1.3922734211423695,1.567538172646356,2.0383137748643247,1.3703989886137449,1.0112675942247193,1.7670013160244442,0.8111008168651027,2.445427703318909,1.3026951545833039,1.3019562108486054,1.6433915197821254,0.9724310778433597,0.9887866079530738,1.6158580467453498,1.402326486003168,1.4773546433657458,1.2542185949670512,1.7495900702456866,1.5951620054900355,2.1070361092301915,0.5703731064042916,1.3613873500850067,1.8409381708471606,1.4140170926391973,0.9318263074408583,1.8580614336544587,1.4371769075773084,0.8455084392220522,1.7161479351013755,0.5294729328468347,1.0303400575320778,1.6338565594492964,1.5880546321940596,1.692417641984962,1.3166525128891138,1.1490135754633803,0.8430258369971864,1.7565367972806045
SP:42,2.2786915421696023,2.2189445467420046,2.008098585456505,2.0185006487432426,2.4637993731153207,2.716997488595764,2.38289095861791,3.361011702439206,2.3018024006039877,2.1120580140694205,2.201918637558718,1.756404954006604,0.7907291284516818,2.46398292033239,2.3312040195163375,2.386356251113904,2.1135486062382696,2.1531336665124328,2.342490065844512,2.347168596950179,2.5222450659901927,2.5816742880569747,2.13540926060222,2.6701843870636344,1.9970450750772828,2.352260299962808,2.0775973352197283,2.6994730014166146,1.9250683212361965,1.3032650804152708,2.032999003192573,3.6555881098171668,2.2723549366320523,2.8658707766665024,1.6023021061484302,1.8476846457380627,2.6583575541998608,2.0477426502234226,1.7022153628078387,1.270796163466527,2.102379454988222,1.825142532503891,2.162230944234375,1.9249982206129599,2.248587077855704,1.8395511057646008,0.7763618589804225,2.2836803194912316,2.0962606069568532,1.0150858928055235,1.8358567655020324,1.8048254814841374,2.07452052291992,2.04160670637791,1.8125983809084427,2.0583226737981333,1.21305803692926,1.9958280936304198,2.216851348739967,2.344560367407568,1.2482485179164173,2.283595061026436,2.1941321002102114,2.0205951075976545,1.9837870339235646,2.1155596998707695,2.176905158571165,2.160744491188759,1.9143780050167616,1.808213656329321,2.206061791784791,1.7117895921636572,2.2285369050029837,1.5156070251962004,1.8297158175497714,2.6366200330105327,2.446756283644748,2.5397417690748854,2.0008051299803586,1.5425733208299954,2.6583221220316453,2.4103656317263904,2.0126568838072436,2.833901396576828,2.1451973184008364,2.487787136412699,2.6022413340122363,0.8700678976126404,1.654219776511417,1.0893130698902869,2.204974607535648,2.3312960902288107,1.3548290151688425,2.1507171488634547,1.763270323330661,2.2295725501370534,2.5470110172449845,2.3288656369367065,2.46089282762044,0.40076874868084406,2.1117022271886197,1.2983384055189837,2.4682595618352843,1.782121390633382,2.0307504663837688,2.231771781138975,1.1824910386140177,1.7131451212375826,2.5698664893544545,0.8669802689644629,2.3725317666030192,2.7004319840327855,2.491960204713849,2.3401162784508593,2.314507313199936,2.1069239078734503,2.013303873508234,1.4067636445682945,0.0,0.4550461230116045,2.4633374686798803,2.598424899551692,0.9427867001709003,0.6193166894590393,2.150753250477717,2.3058921202052884,2.3431676903881096,0.860404283682642,2.945509820635485,2.1973970653999095,1.8014951746121919,2.362965777536584,2.7349283174560832,0.6876355141625348,0.5222642378309104,2.3702979513953535,2.4945220803518513,0.877185450563133,2.5345275419285116,1.7230260070850065,2.717180714779987,0.7952119314222191,3.4965206892337495,2.0748930861419184,2.1021732655778274,2.692682787385744,2.101207276919233,2.1566468348955996,2.5744167277712284,2.365452427160751,2.4010342911929414,1.799528602144377,2.5316625783297897,2.5858739974633416,3.27067550958733,1.2210041584317997,2.497809337665961,0.6232211028973551,2.270063268598663,1.368115053002631,2.570484867558644,2.397288812929327,2.0884397129371797,2.5189807502790673,1.8740362349085633,2.2957175021754317,2.54944508148315,2.514137529224316,2.6183824334130996,2.3615307710775757,1.8902345069616258,1.7384370406126228,2.3982786108076937
SP:43,2.136491191932844,2.0567019694250708,1.9632637401571198,1.9178026343345402,2.3502408581971097,2.5908388012047374,2.2977637495481122,3.339929312447895,2.174345981441984,2.0111719522473135,2.093165214632066,1.7205952670269562,1.1114806797180552,2.3090780963575703,2.1743121006233315,2.278388053595232,1.9616689755477552,2.0091356219410015,2.1967020919712357,2.2066653048131704,2.447885204448367,2.4693328009426816,2.0220203101309218,2.5993497286400262,1.8773840893346425,2.2414459072056676,1.9655066906576024,2.7555253761014464,1.814942398353337,1.2965163032863727,2.0968280686991894,3.719610656722343,2.3021205107264073,2.8652419667033113,1.6081128652801149,1.6825126984683583,2.7366679937591893,1.866416815689377,1.5517300256051911,1.1509796266189873,2.052768313943357,1.6856946594765922,1.964855866329412,1.7930095269862394,2.1868896194494973,1.71025587752416,1.0760702272127758,2.2039127073562907,1.932331600303657,1.3997836066150624,2.2223934904535643,1.7123107484704314,1.8917146987503919,2.3340839296748426,2.125524215762713,1.9803097947960282,1.4611112880341173,1.910392419705578,2.2084496382470444,2.2325889589692647,1.2928442138697565,2.1013628288405477,2.03856526802901,1.9192803490044894,1.8994727729979044,1.9251880113451436,1.9844903524727253,1.9988017653093255,1.8476787360884246,1.707006349767695,2.01472797340252,1.6305491209860548,2.0832053552895786,1.4410862536313063,1.7584216717463275,3.0373168750310406,2.307654078836735,2.4331261063830874,1.941202991115362,1.8851359425120553,2.5245128399566377,2.2503698068577993,2.2229574791025764,2.8114914302320697,2.1763021680570103,2.5638152049599716,2.6251968889928876,0.5785782766899801,1.7662531697544923,0.9201805683515207,2.190709771130709,2.263128801929101,1.3656225423104766,1.9268905297738363,1.5846564062100983,2.014978744819953,2.4497775071506327,2.23950639766574,2.2455902076540775,0.5376468473662472,1.93349180814538,1.0129325161493097,2.470758234141699,1.6819841588862567,1.8890624090224437,2.0756835496173083,1.3864090697947655,1.4956171759122625,2.556417073305745,0.7127515756116756,2.3568553198574014,2.6883234854271136,2.2905223637396377,2.1817059817295363,2.1525931952390045,1.9967982321057922,2.123222889671285,1.5508611255679714,0.4550461230116045,0.0,2.2659283770432044,2.563401652436309,0.8005790895058958,0.7039088760994855,2.1523983318201743,2.2048189514006427,2.2392656121424968,0.817185365184606,3.0982322433774745,2.1771490348919365,1.8305667859050796,2.589577008057013,2.8357604189400836,1.0460254653526253,0.5474228462155234,2.243752843243865,2.3671564957634907,1.208553737898526,2.528614975108895,1.592533657381111,2.5604453309819517,0.8222076060189347,3.499158042662766,1.913340292894196,1.938955525542627,2.643784317686149,2.0800637177567065,2.1835349125840726,2.4291816105468262,2.2368678826095305,2.271790198398846,1.612388001965723,2.3288673578844596,2.4571407683027164,3.335273744739237,1.369372752581044,2.44634850305463,0.9422080816335056,2.114659372786473,1.2947297767372403,2.357996456505357,2.2615265126466797,2.1046223145969973,2.3282669271453953,1.993956409542996,2.3009869502494116,2.4347170306581702,2.3663471938064635,2.4708583393578616,2.2577420965545416,1.7364919854297578,1.671709934296772,2.1672392937613907
SP:44,1.5131908900954623,0.8591178694540208,2.159847284265598,1.3529541044737228,1.2633354932918857,1.906071967324741,1.7798279087384328,3.1084649270951905,0.44534299314320147,0.7407438556310616,0.8496262939922108,1.1762934730233852,2.4719099816796937,1.1102734286425484,0.7551514856797819,1.1585689994054857,0.5069426267565801,0.6831536755184194,0.8249692995026964,0.9167912532072129,1.4554174573619558,1.4342781157088604,0.9391146882440095,1.7163829931077692,0.96066460239537,1.151774385243812,1.2022345281072535,2.5761591959460626,1.104011052994202,1.6158483228277052,1.8796966563543327,3.700450333744241,2.7072253750130493,2.338076388766684,2.231238923438448,1.7628098771017946,2.4991082877013473,1.3273143815606494,1.5838753976338487,1.8078318157876099,2.129838682644866,1.3601053227775877,1.0485060686490657,0.9352784120947559,1.0684202140625887,0.9537119888407287,2.2468218775279505,1.0910386125482932,0.8411083455271596,2.629677245799399,4.035867031619059,0.9235075971055782,0.6524040534989863,4.192183892869623,3.8918326295519177,0.7564560582227153,2.2429672042023086,1.0005214866722218,1.479564403442224,1.0616415597322482,1.5659682118601161,0.4707902893373605,0.7340778324814232,0.6525847027595493,0.8498018095560215,0.5465097739724792,0.5862343491695677,0.9519439516719974,1.294320721884669,0.8294279417346615,0.6192298231508123,1.0371202225726988,0.8012214572548492,1.1424065225025526,1.016711500142002,4.7274753101455,1.643212215768169,1.0056794220029186,1.1934411271581513,3.780674008381502,0.914278029115178,0.8978615953590164,2.6704833175933005,2.5435388955596143,1.6442335043372764,1.9693789963728296,1.8823302231615449,1.80154883440925,1.8627444710780978,1.5340033886121232,1.4983320289003175,1.4828345947244024,1.5924716433822124,0.9275674660821515,1.0022568992765577,0.9924191446269262,0.9829605634655283,1.1104968849514854,0.9235451706514649,2.2296637781218553,0.675503115228078,1.3126932109615708,2.350383056278319,0.9737973975527586,0.7297142328583691,0.952710938380538,3.478835675434546,0.9061607760910128,2.081085545985453,1.703303715584581,1.3726049006988474,2.171497467011477,0.5860194978838976,0.9207227970219369,0.9963841469568379,0.8133720259085593,1.6893960300516089,1.8459165655750795,2.4633374686798803,2.2659283770432044,0.0,2.193063546673928,1.6343676620879168,1.9238511643450524,1.5534235687942601,1.6143779397781048,1.0977405221319523,1.7378503844724138,4.635143996263143,1.4384691634682465,1.7359747754886443,4.329403978618445,2.058327541420651,2.6775174401621102,2.6486359468975067,0.9360574780425079,1.4839278507773765,3.182538090225642,1.9599103525695896,1.144324606076801,0.8721209215903322,1.763298318627804,3.1075427883334217,0.8929697940563165,0.8056096900217437,2.104980236963427,1.609210898040076,1.7628911303653618,0.864396912065746,0.8412912717820987,0.6677134738158221,0.9498388593183528,0.8613402428921332,1.2915730115269344,2.9826832642756016,1.7326016324887517,1.6614556279850243,2.917972108224586,0.8316435710718698,1.8247787545732708,0.47783740701897104,0.9903420774680388,1.3267722623313016,0.7351830590807448,1.9134328020711238,1.3866785063395204,1.7126597912919117,0.7240408046124666,0.7458366538848473,0.9952668522924688,1.0219262702945733,1.1138118116259184,0.5888942218887939
SP:45,0.9444635618606536,1.391495371173076,0.6775948652716144,0.9275619435721989,1.112107871131756,0.8877442600863501,0.8229631140940711,1.1821381419688535,1.9838601311509705,1.8058682292928554,1.5648472868007552,1.9369953718944115,2.2978597956846567,1.3615039008420686,1.535975556166339,1.2960957799394597,1.77679256964302,1.5523769497942492,1.5295314519002818,1.5421598728630912,1.2300883641883447,1.1602030944483337,1.3720934754286354,0.9898738618924321,1.3574258785100535,1.3547496683657747,1.2028958949442894,0.6700629090900978,1.2830240221070235,1.5337132896330823,1.0742959675173254,1.597981692381438,1.1353593048139166,1.6952787786906574,1.2932286295946187,1.8242157024314136,2.38769700380484,1.136050893316891,1.1763453642959725,1.8151723670549262,0.6176415563894918,1.2117642822340389,1.377063881795062,1.4624643547650231,1.6251445779715148,1.6952587552663285,2.4707724061993503,1.745488113918454,1.7960494077394458,2.4500644417207926,4.064487367047365,1.9723592945114283,2.1750903602978564,4.445552087113866,4.243850860381074,1.7607186915948547,2.1580368714008262,1.4903292382023259,1.206426734130669,1.4433836590272564,1.8621984963344451,1.8154204366061124,1.593986066300034,1.8364007202813502,1.6674744170567553,1.735053018805338,1.896719796069032,1.8025081556644276,1.3947651001136179,1.9752242945628202,1.7044785404172953,1.9022164312955516,1.8647774220588953,2.0933130678906613,1.9152150623855864,4.554873382434237,0.9736275844069393,1.458416047680209,1.4518595740648979,3.9397235806219437,1.6773880907104257,1.5440809579316388,1.476703129420409,0.6312186602035627,1.069740125940229,1.1658652076461895,1.0729013259021138,2.09184081490916,1.5158911835859579,1.7961964643685662,0.9960882060489249,0.8601476248086403,1.4391980717491366,1.5816379892398877,1.8826901701712158,1.5481305034428394,1.4002347722457,1.2768849409476783,1.5953634690517189,2.5501708936277496,1.6693970065048234,2.0670746378636173,0.377778370855164,1.5502723958744766,1.7296365974858394,1.4294421202660905,3.719459720347596,1.787899675374809,0.4610061603632298,2.288141249272078,1.1273217284114396,0.5699141803506724,1.843665973499705,1.4026977051798817,1.2968627156735721,1.6380914495242072,1.920254480570434,1.647014208060101,2.598424899551692,2.563401652436309,2.193063546673928,0.0,1.8847847980478578,2.1132713262333,0.960010125436978,0.6585244405481744,1.3203803289621348,1.8819441845273523,5.286734961459845,1.0505496640527863,1.4993131263026314,4.710663092807537,1.4169201722176406,2.7086482820634448,2.9364200286747515,1.3395179868882061,0.7769557654018895,3.3511977834173687,0.5683821867828098,1.5923516863231366,1.6656007116532092,2.125398679416208,1.2451813887164263,1.6033354694573632,1.5251600254296476,0.5278019861352894,0.8683375374486507,0.8386102591889875,1.5985844947297778,1.5651462273845762,1.5903151612914486,1.7741659158173095,1.7321823945990098,1.015812552413949,1.240478610543847,1.9765195769273316,0.7124600038392698,3.0549880218808827,1.3768932620746237,1.424640194847219,1.983201572776155,1.3006237376441783,1.345978439828532,1.7681852065907027,1.3098219892124763,1.5445975626262858,0.5781681468970883,1.5800704279162,1.780343606389241,1.3834991890018746,1.3733134533440903,1.6893679961407053,1.861440705960395
SP:46,1.4197069328562804,1.2919335104116083,1.378626946120199,1.1595226840573585,1.571088031198486,1.8789829108987544,1.5652849613760036,2.7387003216443797,1.4843484189580707,1.2944685210973117,1.3170210502322968,1.0998470447475084,1.1361510921598874,1.5467963962737583,1.411452345945006,1.4867907232185198,1.2521823407672439,1.2543551441896423,1.4400470593984511,1.4610252514033357,1.6641654178024199,1.6925529733244389,1.2402762887089018,1.8270346740134609,1.0895825688241592,1.4571143972058735,1.181634638564895,2.103593599211072,1.0229353678094217,0.631769772224635,1.391790929393127,3.1669986187886283,1.7963789271285422,2.188454548587083,1.1160585279014372,1.2136057920883525,2.2049919155606403,1.1514820103247265,0.8777698581045724,0.8230391824999757,1.4652607856353883,0.9651994704485364,1.2228315274032682,1.021415153906861,1.4321567707766134,1.0167836990095511,1.052360357708427,1.4811333520223702,1.25115263779295,1.3596559127798569,2.7109282778447787,1.0882455650647915,1.3099373382623503,2.933226666276729,2.6794789088629414,1.2607324646392029,1.190488474759634,1.138116831082334,1.4256712895171142,1.4512146277218183,0.7184154566746139,1.3880036740051669,1.3009466759677457,1.218442080261977,1.1935971299219086,1.2136748342656398,1.307877785571781,1.32446907868767,1.1050095178932258,1.0410809699821273,1.2907313616282274,1.0087961424939649,1.3797035750760807,0.9198983691964986,1.1067546216694928,3.4521011728188764,1.579183141357298,1.645298182097284,1.216426816764051,2.4467452616846987,1.7558256016353853,1.488435892692484,1.7370442269865363,2.1548576386384988,1.418593603119775,1.8246693638462261,1.8744616089989492,0.3459717484492509,1.1561139792217467,0.20021253286262575,1.4124317430331945,1.5074295791173038,0.6298220026877887,1.213098824615081,0.9025077895080631,1.2937375064362926,1.6598592372707335,1.442478729636706,1.522899915951347,0.7963401328895569,1.1939434545527658,0.5282972454655298,1.8266982073899598,0.9293486599978307,1.1443990043557197,1.3042237243816694,2.098056348716389,0.8055214723449198,1.8575455237824687,0.47453619344847225,1.5711767404943406,1.9688587200848384,1.5768662848575534,1.4092728613207728,1.3799717181523747,1.2306806921050184,1.4829542137915392,0.9472391579675559,0.9427867001709003,0.8005790895058958,1.6343676620879168,1.8847847980478578,0.0,0.4704002997115822,1.3787749697920877,1.4608307460411816,1.4457009205166385,0.3308363117156527,3.702448053553812,1.392728701345044,1.2054340731950486,3.195897776241929,2.1067956228943094,1.3359537808582391,1.2313809829243725,1.4572885383691072,1.6108810703931689,1.7768523348308234,1.7835937573660354,0.840587270155953,1.7972557164116973,0.4243433010483403,2.843788600098711,1.1670625327290547,1.1751514652097725,1.921374632831325,1.3134604012969509,1.4511386301545386,1.6611012176135762,1.4627646244159958,1.5125136815989284,0.9185847839147471,1.6046725942938638,1.6772755834847135,2.6705684036204,0.8914406013277525,1.6688527857417437,1.5016698155348585,1.346355055060899,0.6822548929131746,1.6686245716972492,1.477849008142144,1.3394611378405985,1.5992880458483685,1.3213223385342925,1.5363729183882293,1.7008754566413398,1.6019149250841287,1.723552358343245,1.4653682981763851,0.9651451860395823,0.9204796828676132,1.4820927992527109
SP:47,1.7603790072528072,1.645337457270992,1.5995613590050723,1.4541849807483027,1.8901389224106095,2.224188706359236,1.8775099913320168,2.9661508159112375,1.7251567883653618,1.5309174681997402,1.6152344824582858,1.2118506831311835,0.7189853485860813,1.9069969179675388,1.7541141730996888,1.8136960796448856,1.533896397266636,1.5634526611877149,1.7634891207085346,1.7747327819013847,1.962603195272056,2.029801340484424,1.542840944660691,2.126376240645823,1.4079217366428802,1.787102187424368,1.516240360316352,2.2518526158707077,1.3469141554910538,0.7521773677970509,1.5039731749276124,3.309873746457764,1.9698343014186206,2.4217065549475696,1.2785479003475175,1.49832228156852,2.3005969856682613,1.5387037253735136,1.2355157693216992,0.9178085973903618,1.673415404030295,1.3040145614630743,1.63362071749137,1.3478181829959488,1.6689730076593403,1.2825771955188061,0.6141734214664235,1.7273581294306875,1.5616387221142245,0.9591864933766094,2.268129330865834,1.2525558558609857,1.569727976166013,2.525526478452689,2.2615846646966733,1.4572839634267771,0.9005106097065229,1.403359641954473,1.6427195852427807,1.7717504990116446,0.6863718485466902,1.7219837419662725,1.6178411555959022,1.4279406621182829,1.3809601986685394,1.5560491324876415,1.6409452646339773,1.6393155092518192,1.3590141748366447,1.249667437298611,1.6529748128760986,1.1563291829213618,1.685546072098453,0.9873782750055814,1.2766453006415048,2.998857512790878,1.9443625982928383,1.9479809813937563,1.4248149913949304,2.028794668314437,2.079645031397292,1.8503483852308842,1.6725089840788736,2.3968639887829926,1.5730458641368241,1.9396313212604466,2.0451858710585182,0.6268294539394634,1.1508014859757312,0.6143297413623823,1.6218881472103592,1.7649510195307678,0.784001577016382,1.63560943498891,1.265158572810711,1.7137426111400171,1.9426943409786266,1.740126184391683,1.9307211911428839,0.5313913810457238,1.553036680458577,0.9067830275656755,2.0227510760755893,1.1894197396682384,1.4631363627564076,1.6726173301012546,1.7593839331493255,1.199742869870935,2.0585358024388154,0.5683286926169667,1.7669325169323848,2.1965846244706633,1.944012972416223,1.772929854390844,1.7507058711161911,1.5233288380470655,1.4890789832601552,0.8876914238047404,0.6193166894590393,0.7039088760994855,1.9238511643450524,2.1132713262333,0.4704002997115822,0.0,1.5701820145717682,1.7743199557402642,1.7634409067825363,0.32329213581823496,3.3464769356683126,1.6100293361495743,1.3066486342943087,2.80739088904354,2.1720960287046496,0.894328637722376,1.0014261987673678,1.7806814707544771,1.9459623031560747,1.3994860180951632,2.001839108009011,1.1865444017507902,2.1414323976362453,0.30352736667512453,3.0691976483956585,1.527927655469843,1.53590563270407,2.1924131964638094,1.5461879104028111,1.6020790933149047,1.9961984437512255,1.7853592780852168,1.8030941344530393,1.2844599582106944,1.9958929284854563,2.0132968697748423,2.8300493786509784,0.6824965336867386,1.9386733515628651,1.123168329827323,1.6887022467141368,0.9563056382328927,2.0287125496639957,1.8153547368938698,1.4797536031071739,1.970766651218659,1.3507878731827978,1.717592963601814,2.0231456836748696,1.9259193501865735,2.0403711552529438,1.7712225913321593,1.3284122909968856,1.1693041007114915,1.8709729212047672
SP:48,0.8343510985830556,0.8510972126180963,1.0277809638502255,0.582601947374629,0.668430568789395,1.0620477645825797,0.7216541304241356,1.8468303517731974,1.2523891165211807,1.072922418432867,0.8170283733410375,1.230722169616808,1.8736047199341406,0.8949566504549761,0.9265548256092737,0.6938652452074164,1.1073263321861642,0.8975021696707839,0.9037546818386133,0.9193852861233829,0.6707239736160315,0.7806754711189049,0.6702515877141411,0.7345635363611848,0.6761027433919521,0.7740698837017218,0.6791578205637668,1.095632793380513,0.666821617174633,0.949244577311971,0.44005574433553624,2.280041299073607,1.4029809868142316,1.43215642998794,1.2493939202551372,1.6141632370788457,1.8782018184500249,0.970569072289521,1.0183483048183497,1.575352823920267,1.039886210328245,0.9228646241871455,0.9919686586609353,0.8396928645327686,0.8933014433508074,1.1084577392275103,1.847318769401793,1.0905954231835768,1.2425821301683626,1.9452284062181828,3.6045940433672565,1.2751256237239523,1.540604265760785,3.9848784483556323,3.7016263062743056,0.984641744055368,1.535418473203242,0.6800290327073382,0.36688402130240305,0.7575865218764379,1.1311688545663698,1.1706746018977803,0.9569055793359653,1.0628006538650692,0.9430137370723245,1.1258136127577194,1.3077516753107794,1.2836769785561655,0.831140330765735,1.1978027247368317,1.1325946883339129,1.239774287270894,1.2206149298042466,1.414326085697642,1.2009058698504143,4.172678281021165,0.8948905893285495,0.8086222375477619,0.8847707277104777,3.470283942807102,1.0590118923777534,1.00375158937875,1.2896199367223895,1.2400614607809581,0.1886627098205802,0.5917703843602372,0.5871493342427024,1.6809191738979679,0.9610742496548007,1.3222193151218247,0.14401479754060256,0.6606470264934213,0.8028992478994353,1.1335622953072482,1.2263267826436977,1.1093040431438326,0.7757428136974726,0.6150454423655972,1.1850162922562102,1.992214024738825,1.0375440133247344,1.5645789873940181,1.0055771327603096,0.8787532782223179,0.9914352362544797,0.8763888050047635,3.3051767608628917,1.2119393225433714,0.8948548319400642,1.7133902816345414,0.350833903856634,0.9141227499536545,1.2800003535470976,0.8879969350103478,0.8406667971882053,0.8633518269664784,1.0653302904909976,0.928306845917458,2.150753250477717,2.1523983318201743,1.5534235687942601,0.960010125436978,1.3787749697920877,1.5701820145717682,0.0,0.6437490704922701,0.6801345953513256,1.3979151727711745,4.803887275771152,0.17311211889417139,1.057693490425318,4.270013915198521,0.8782477554381138,2.2619864901567297,2.4976104232720013,0.7430339482584674,0.7743605488091969,2.8915613988521147,0.6194219943337792,0.9725195152437595,1.1418309296267748,1.489337608900005,1.8194898380091498,1.0094915627708319,0.9048089424787902,0.8752117693632241,0.37156698972277596,0.4581445730920672,1.0041354878175934,0.8971369185805357,0.9557997015249223,1.1932695688671324,1.2337871885716927,0.779842997793439,1.5812838160925036,1.261366061786914,0.48975397201811816,2.635805443275117,0.8526106338171737,1.1356931840076072,1.425940148471416,0.7612524007119075,0.4258144427480696,1.2383305586660698,0.6529001502529992,0.6689549081440022,0.8504071491956374,0.9933201110747513,1.1374541914756418,0.7033245379718314,0.8443726245652682,0.8890369651359954,1.3500049730897998
SP:49,0.36305004579896316,0.7695855325961223,0.7458215407522011,0.42692824741915425,0.5396650445563216,0.5827817245686836,0.407760138153834,1.5515238532971496,1.4548750753083004,1.3157205604506592,1.01099182019368,1.5449987033153978,2.1292674103957805,0.7409622959159042,0.9248063382071947,0.7502186764278245,1.2220398099270426,0.9690298514699713,0.9155976670576479,0.929417175212878,0.7611267539191727,0.6447209903130282,0.7779072549892662,0.6457043962962706,0.7680630431054348,0.8445212114683907,0.6980865834884966,1.1073591122678976,0.7542214026503187,1.1400261278915629,0.8802814031122834,2.1489697161681054,1.2941350149544655,1.579470574697894,1.2328875723536743,1.5452557833538731,2.223997259771545,0.6565324414142975,0.8134589561228665,1.5656029202086694,0.7319959220830015,0.8106292624576299,0.7773514229245305,0.9294832703251882,1.196831892804529,1.2380431883107992,2.1802934135178758,1.3324155887960576,1.3100496811825029,2.314460855435116,3.920126994681784,1.5192016690254644,1.6547841706993445,4.256220245766154,4.007035194454333,1.2762641429298427,1.9104199438553642,0.9176748019337474,0.8259445435463652,0.8591208942174988,1.449982160105417,1.200699299500416,0.9797180221026444,1.3093535192162644,1.1737326115104707,1.1281546484232725,1.3464121549707755,1.3388450715565376,1.0219609442252127,1.459524126049216,1.1155763201534197,1.4775260637890117,1.3515190604529972,1.658985900576597,1.4789877217228455,4.51886480917329,0.44967292169964035,0.9259327481804162,1.1073568749250515,3.7466468591986724,1.128573005220424,0.9804959338570605,1.630682180510643,0.9832327953621596,0.7912679420594392,1.1063689288959646,0.9074352077571401,1.670147367541355,1.3689604447018027,1.3671537227079755,0.6176912226266231,0.636337104113952,1.0642961803208966,0.9501919977980725,1.3131715669889479,0.9111668444073626,0.9168785742601622,0.7751063393891925,0.9708654944138299,2.1824996683721944,1.0558691607238813,1.5530734210223027,0.8350736299676406,1.0683562848588057,1.137299752275715,0.8394539143880386,3.4687950351653347,1.2065571171355707,0.8012795326470085,1.8544030832068716,0.790156994891896,0.8385934942135126,1.232884210490975,0.8178681234915842,0.6900795230896001,1.0748320766651287,1.6346533486777084,1.3834262887340605,2.3058921202052884,2.2048189514006427,1.6143779397781048,0.6585244405481744,1.4608307460411816,1.7743199557402642,0.6437490704922701,0.0,0.7844868851920999,1.5297052933287447,5.041556331659084,0.6423677512034712,1.3293849626354775,4.516093674074044,1.4106050945701045,2.5024256516015027,2.59755224464868,0.7660060301142222,0.3074678667362792,3.12082814401433,0.6612832367977366,1.0811668443667435,1.126179730420024,1.72516063962596,1.646688072670254,1.045139758151965,0.9109312248401735,0.595492810722541,0.5963503764934293,0.7802296558614068,1.0226835924344317,1.0048921650122797,1.0637523829219986,1.2342249622396362,1.112917781536958,0.5312220939411085,1.6250104636503724,1.674104525965934,0.44183712726177227,2.8282231228272945,0.7946129959840309,1.1357544022459956,1.3845895771328718,0.7095471883151782,0.9848542282441786,1.1905901261758995,1.1812374861031862,1.1593599405332193,0.3130696523767876,1.0175185686651163,1.198929486768784,0.8420414350095354,0.8212069099788883,1.1836724101891536,1.2420809911296276
SP:50,0.8734653426207026,0.4752287179676812,1.3943255122596447,0.7302873691835419,0.4998878181079546,1.053246121050651,0.8400863164827257,2.152924705346669,0.8679483870698101,0.7428770597599313,0.32723066132251527,1.134950048908111,2.2564672718283276,0.49358478618634377,0.4261736954814938,0.11251411950134263,0.7764718514617543,0.5657844617059635,0.5338080986593857,0.6328116570482935,0.4498611020826441,0.49945172134734706,0.43347215661014354,0.7050573036010885,0.4568424360767604,0.17250128661752484,0.3976728203989667,1.566675920671222,0.47800300441021476,1.2388567548424607,1.0451113508944732,2.6696338831848667,1.7406454528278408,1.3393475402543014,1.502193295499258,1.448028753572937,1.8001840282376005,0.8025830636359674,1.0487423781177827,1.7056511013756666,1.4301019505434276,0.8666801486340087,0.5585497685210968,0.5556472621345564,0.5517540228426785,0.8952619459926638,2.1359534957813477,0.7094708440044598,0.8397686243021434,2.303850518871905,3.938825652952842,1.1056776052504806,1.1591155458689733,4.234919455507411,3.9461077890858527,0.7926935033743696,1.9485126923130407,0.5588378434019988,0.5100814484138899,0.2707851994071664,1.3641355634456998,0.6980924457136998,0.6577164447916471,0.8589365819466821,0.9087554952878034,0.7314538954550899,0.8277196169604439,0.8576797697112551,0.7175966442941758,0.9533029168132224,0.6196138432260948,1.1398435320853757,0.7148782972367684,1.374256432506971,1.0190799411671196,4.576818832275141,0.7953650165448507,0.30964339851496114,0.8122770136669952,3.7420715749758413,0.46570143926382696,0.3494001194134607,1.8271897303931484,1.5294522058310247,0.785888637604335,1.0316198458534642,0.9993589541561876,1.705980408893741,1.2794023288738092,1.3448044368925094,0.6343979674697503,0.7409905584550986,1.0751589687275984,0.6661345339541439,0.864090550649351,0.6179203581210883,0.3766620723561606,0.12523877109275183,0.6340100713202486,2.129656873787632,0.5646255050507332,1.4089846410949418,1.410177180940162,0.7522806853265992,0.5670093031179607,0.3066715764442299,3.508130738928162,0.9175167913528245,1.227275771516503,1.6848683598612961,0.6030365421279505,1.1702483935531371,0.6838970641405205,0.30600771862987014,0.35903246298557817,0.4372266700678024,1.1934468329586245,1.2969839819444264,2.3431676903881096,2.2392656121424968,1.0977405221319523,1.3203803289621348,1.4457009205166385,1.7634409067825363,0.6801345953513256,0.7844868851920999,0.0,1.575825080293047,4.964911494832734,0.5689419668537651,1.195947183262039,4.492852628578411,1.2782925794146436,2.5860314276541723,2.6477526266128235,0.27629358326506276,0.7109731033865292,3.108433187931156,0.9606145222771416,0.7272551009985406,0.5214905596768334,1.6024856800611065,2.0586806674234697,0.5200278871882513,0.4496827687649155,1.112295361687679,0.6762365013562643,0.9345097417443073,0.42877045154915416,0.27949909361553843,0.5327644922997006,0.844453068814995,0.6249190505753951,0.5176769375591355,1.9117637057924506,1.532953168086699,0.6616850902016083,2.864144071354355,0.4463491837392569,1.2573891944665558,0.8328034384497265,0.3071252006481372,0.7014889696891555,0.5889845257058177,1.1404469641489037,0.6064980743676884,0.9025456593615829,0.47231171541896433,0.6251642803852451,0.13996431032866527,0.5990827772702436,0.7147008205245021,0.7889330520070872
SP:51,1.5094993791033204,1.4115403452018438,1.3781555955503493,1.1911478259086057,1.6703186202178102,2.0024373028300406,1.6803781276799943,2.7877044206331743,1.5575222793586188,1.3669996485050906,1.4431338995403973,1.1012176367075899,0.8650092333135949,1.6951403083629093,1.5442036235261605,1.6267184134355013,1.3272234097775828,1.3445862545596536,1.5568490047401573,1.5744629640627428,1.798046954395136,1.8346509810987688,1.3360679577507981,1.9428020916477087,1.19379601506614,1.6045053386620045,1.3059626665831214,2.100245323337781,1.1315597299430655,0.6022216845539319,1.3898750709241563,3.1707082309041454,1.8674854376170191,2.343709243617043,1.1572304082575113,1.3279223334746433,2.3261455919182654,1.2657451661120427,0.9734330453893534,0.666878626732808,1.4287028779585518,1.0416671437677056,1.3968197133172864,1.132881433309006,1.5231795532147852,1.0755174951137314,0.8665767931644278,1.5825402662044217,1.3652524569435476,1.177320959115945,2.5391316488644926,1.103260898331038,1.4067537980646756,2.778331613419314,2.5398883033190276,1.2885140203244572,1.0328055760037114,1.2339481617773802,1.5072512644078948,1.5987768844187358,0.6587011416195903,1.5241799110976963,1.4042914243542672,1.257641232066642,1.1805109992742,1.3381679307215948,1.4448614057428044,1.4504317282292434,1.178904356827102,1.12852314928243,1.4398750850721656,0.993485997844538,1.5239653439589116,0.8601291645963488,1.1464667307441883,3.2377578275397934,1.7264796787688084,1.7611408999607734,1.2255887434831214,2.2993638852588165,1.9001141396156893,1.6503726750813106,1.6625889119286184,2.214077358705216,1.4334275281696813,1.8321870449260733,1.9002764150683182,0.5329934952310804,1.0824040478183452,0.40627320393265093,1.4459772108522473,1.522717441740148,0.652555334602261,1.412733057654203,1.1324454098119265,1.498209741998426,1.7404027799144435,1.5491310021802285,1.7078963937272258,0.8062396741939294,1.3518710034335601,0.7403845497501869,1.828169414022515,0.981806611384662,1.2975517399398215,1.4664267473344261,1.990149593235931,0.9964326762547091,1.8346100650709976,0.622043730988941,1.5854250757798414,2.0031269552326925,1.7440127521891768,1.5545155295219504,1.5189053242206985,1.3612042286891997,1.4913343819970402,0.9019831910072832,0.860404283682642,0.817185365184606,1.7378503844724138,1.8819441845273523,0.3308363117156527,0.32329213581823496,1.3979151727711745,1.5297052933287447,1.575825080293047,0.0,3.534934012247134,1.4364721141561096,1.1790120175197678,3.0185286641204945,2.0683622025884385,1.097512596060356,1.1951090388673882,1.5656649655749224,1.6868593736390913,1.6674619984196057,1.8110581606458913,1.0199030418814512,1.9401436785779758,0.4689228150575418,2.9066541847935983,1.3369829782594385,1.3277029182894544,1.9904975629300947,1.3587638341271178,1.4180717134208296,1.80192867782738,1.6016686927278254,1.5912398610385943,1.100683427483206,1.7966640895362003,1.7693402358120198,2.7042396046035497,0.722444431543859,1.7318191892988095,1.3506092502201,1.449785418101146,0.7954507184737977,1.8292315503488545,1.595197640848051,1.3371522325277632,1.7714978167312294,1.2841578690585245,1.6193090868500566,1.7643349050609287,1.7139884950329805,1.8565626144450853,1.5817921858289103,1.09081350330167,1.0581928476052362,1.6582533999438778
SP:52,5.009941073642026,4.79318420190613,4.763577336591994,4.663754441665197,5.131480581107165,5.534660250200411,5.208680468428832,6.181908831142611,4.530417996619813,4.429764648663698,4.727365104194619,3.979361047019474,3.1071605976057017,5.127660044225515,4.8712857972656245,5.040747289975161,4.454006089140054,4.626287386202759,4.88970249381171,4.910030350637127,5.24316042081096,5.317981890318615,4.718226186647975,5.437864978543514,4.596686186999211,4.979636594937719,4.72306825731809,5.4117536540065965,4.5468287727542585,4.024610087778587,4.737809188260512,6.341498226847605,5.118575901133668,5.570688411185363,4.357096052667948,4.252262914783311,5.001490379767992,4.689177456078784,4.407056346588323,3.61311758980981,4.787262056459052,4.432297112196311,4.800307785822788,4.465410395145981,4.683851354973264,4.206800510606359,3.0859004813862305,4.661542180825749,4.441700101079989,3.165672606255771,2.0343862708030347,4.001977767373624,4.210005202707677,1.3949795917289132,1.674074995307634,4.3642387487133805,3.6234807628236916,4.582270971748413,4.881158666402592,4.983339672209349,3.8175327944713926,4.709340682917793,4.69761946923584,4.325703507028066,4.324532231895517,4.552538547485128,4.514775246313394,4.515447897046872,4.443921830777131,4.125057623336815,4.665195902311186,3.934383596231171,4.606657875700698,3.6630242679736336,4.089681978127796,2.2425837891639846,5.25645076980096,5.102998855838989,4.392212320130574,1.8787150905713064,5.186873028948361,4.96914521877917,4.549882396986729,5.647523390327917,4.798486905588363,5.079429975192624,5.265351797171293,3.601808700969474,4.115859097629667,3.788844509452259,4.865417885838368,4.880278148681649,4.097908148150138,4.762824002130184,4.312660167419161,4.874545997877785,5.0509678465802175,4.924445523685052,5.058539524397776,3.1471920248194825,4.6260766202500845,3.8054985370242567,5.187198592951284,4.250641462097429,4.535062558640173,4.841362098376645,2.009031084773323,4.241631805112295,5.154351394810796,3.4262960089118657,4.9175588118055735,5.387147898137812,4.949907203953107,4.926174487008048,4.934197356333103,4.619449384180541,4.346083516545446,4.027587638971678,2.945509820635485,3.0982322433774745,4.635143996263143,5.286734961459845,3.702448053553812,3.3464769356683126,4.803887275771152,5.041556331659084,4.964911494832734,3.534934012247134,0.0,4.851884240575792,4.218450113017563,0.8174100337372117,5.154212877730772,2.7071857198977325,2.8306400408336123,4.942080621179974,5.164817734521411,2.295157224936732,5.220160394369287,4.336928289190384,5.223435891359481,3.492908458063643,6.2931081447133925,4.618838384398349,4.673108956719149,5.486404095306288,4.784681956461963,4.735961226591482,5.118402252922774,4.897671937306042,4.80938049413528,4.298485118456958,5.101081920141293,5.2155986259298555,5.984287483369922,3.5782385095004954,5.200786355517595,2.398919360114352,4.802820551825363,4.154307588141463,4.949365256050911,4.999376186012069,4.593352714577576,5.003227371200196,4.454900452557682,4.840936459909827,5.246157358018707,4.991846249337767,5.092963726240057,4.939373959485132,4.488098421311646,4.304013078510801,4.848816777190479
SP:53,0.7774673508086944,0.7363887659193825,1.1267094312437387,0.5874226923156637,0.5364828596856283,1.014071392684009,0.6895162800639614,1.8914302855209932,1.1585869299836409,1.0135246394091508,0.7078954410050472,1.2382672242303583,1.9545713908681803,0.7500086767530831,0.7918933525839492,0.573613962606681,1.0190330577777171,0.7896843124631088,0.7540565216427135,0.7634557427292861,0.5468681461358598,0.6618012909110794,0.5422005131347392,0.6620285052873276,0.5826633817323235,0.6882208149445588,0.6492080885297755,1.2153279547100149,0.6311861378558298,0.9676501473423009,0.5207798614958337,2.3832593100635404,1.5002290809853227,1.4458760258701677,1.359503746386581,1.6570883392942435,1.9152474794031136,0.9643099776818017,1.0597493270805105,1.6378103148903915,1.1348535771486932,0.9523633390847599,0.9173262127329322,0.7924254630866194,0.8491025092947692,1.0937307633664544,1.890287148433285,1.0581510051810887,1.2012021158224206,2.0410529710501883,3.6806860870681755,1.2530552381154736,1.4813897232367288,4.052075630469938,3.753245754935527,0.9226334058199792,1.5791827045139195,0.5566705531992777,0.3208718526973521,0.6063810519947769,1.1297428176428546,1.0427903738566455,0.8259902223298146,0.9810982463038698,0.8758793424033988,1.0205217095996197,1.2312134473615506,1.24869843752277,0.859056005759509,1.1440436708995185,1.0362145502475326,1.235618079763153,1.1522638038471968,1.40736878404941,1.1866971075595223,4.272976996354192,0.8297368536257815,0.6622719439748901,0.9121768851124405,3.5368372159707606,0.9128550467812095,0.8978870016466989,1.441720432308025,1.3080650782389687,0.2556093612523333,0.6708425789997606,0.5641754588080271,1.6888718612747604,1.0776320897921134,1.3374590435439904,0.07700858712840965,0.7156586921997957,0.8457188309896615,1.0349587903014594,1.1612477691885585,1.0014067147019166,0.6568747768416369,0.5199738862463684,1.060918486633716,2.0135685009245727,0.9297560318783837,1.5380545516795807,1.1272704164765623,0.8568752431734166,0.8868349605434235,0.7782792196862968,3.355187735211978,1.1499151123797904,1.0128006379934218,1.7200979165023642,0.29890456801415427,1.0083294332641648,1.147456727593554,0.7830057189905458,0.7382233371341864,0.7580674609591922,1.0912457751297029,0.9993402014764758,2.1973970653999095,2.1771490348919365,1.4384691634682465,1.0505496640527863,1.392728701345044,1.6100293361495743,0.17311211889417139,0.6423677512034712,0.5689419668537651,1.4364721141561096,4.851884240575792,0.0,1.1563115085225504,4.334937606208098,0.9400858826964894,2.328547854141151,2.520945364942685,0.6161290775121048,0.7462586715338037,2.953357741381566,0.7155265685740292,0.944825397101181,1.0099024052461416,1.5071377909837487,1.879793800699676,0.937935917534076,0.7988615955457087,0.9050988554602014,0.47174355870534534,0.6137039163267254,0.8559136252135295,0.7770560297436783,0.8506721999473476,1.1470162686198968,1.0959377637353906,0.7040624164528319,1.6682732046481732,1.3111150845395778,0.49823474556883046,2.6998763608813467,0.7536754352691936,1.2012341578906562,1.2974559404099437,0.6315897213754305,0.4118396901438763,1.121625744554557,0.7802948056568028,0.6082541940252624,0.8587602514439938,0.8623256066801593,0.9808502374570864,0.5782986169640669,0.8026988188659654,0.844572117540336,1.229715392676481
SP:54,1.557690701393563,1.3435480444916015,1.3233346224431775,1.0874766133008247,1.4948783532830032,1.8358975610837789,1.51850391872958,2.541631841009969,1.3746884398008319,1.0374890197015745,1.1607249064744558,0.754632775500915,1.6262740184380395,1.59446097062605,1.4185932311332705,1.2766727168794851,1.2832312124510765,1.286170406218414,1.5269362296455187,1.617468753759762,1.4665823780282947,1.5574215253698,1.2658253223826186,1.584294012392905,1.126875437761061,1.1493415505426892,0.903010966288291,1.5987459226203422,0.8870042531068318,1.2190901739797566,1.253252182500387,2.6736408959027815,1.6477156072358212,1.6080920993467986,0.9498636150669703,0.917218021239929,1.512267724320578,1.0903859382452856,0.9479075869018041,1.1137001509859656,1.401764793610493,0.7981897152621831,1.2579057198171055,0.9228210057865402,0.9163248474980971,0.831161569345923,1.6659148959909111,0.908446206822546,1.0121714822582424,1.48306744877644,3.1779496054021434,0.9786915342051138,1.3128366458383962,3.4429636088881357,3.2721681622952548,1.096682684192524,1.684475943820121,1.2595309076235566,1.0781116413908782,1.3946792783169508,1.3082339531697134,1.519293807556005,1.4841024104663163,1.2586479143123386,1.2706211535367882,1.3937406832224097,1.2618673895557342,0.9964348930611159,0.5269355110391196,1.0832703556288947,1.3021759540320765,0.8897497815418576,1.1288545485664487,1.1109729499180228,0.8390813614712146,3.6887678207166994,1.6014306455074054,1.4438314428383303,0.5854368719964206,2.99844777192094,1.5956843525459503,1.312986840491083,1.251440815183889,1.8110372943131714,1.1364134034678839,1.2290504516290683,1.6040750244861932,1.4854723448242049,0.4114523829503562,1.0907162694148043,1.1776127190848669,0.9102025647378693,0.9261085965714635,1.4250261330353184,1.1770168755933972,1.4770076976174975,1.3478777662544121,1.1135714424444731,1.6223506820310574,1.7518543758863203,1.305208586071437,1.365955978150882,1.3820376026161787,0.8338590905505162,1.2278443256981146,1.2106341863337888,2.876212439299687,1.2241029958100937,1.1899474790667914,1.3245335319431595,1.1738482163710686,1.3140631650407542,1.626039446851299,1.2782731188616236,1.3024908222605172,1.1573037605187637,0.9689010911827906,0.9379383590861889,1.8014951746121919,1.8305667859050796,1.7359747754886443,1.4993131263026314,1.2054340731950486,1.3066486342943087,1.057693490425318,1.3293849626354775,1.195947183262039,1.1790120175197678,4.218450113017563,1.1563115085225504,0.0,3.6804261384420114,1.4145223059842726,1.957956660814449,2.2626070843783825,1.3110348326958732,1.3718429488317856,2.385986461092805,1.2043442285204715,0.8684326528246643,1.6014607923378037,1.2626042476848591,2.352565006126666,1.0782076961365405,1.240632676840457,1.6215776174114624,0.8288213035788827,0.7971595893935494,1.5650558926843616,1.283431424021283,1.3101697361080868,1.039683967461942,1.676559354281963,1.4018488482141618,2.040222538467227,1.0419855617992382,1.2620843425873762,2.147225287777914,1.2637524239994293,0.851333316165395,1.7063280016783837,1.3695139955323152,1.0008529849048897,1.505343368931783,0.8060319567026993,1.1313769863812926,1.424125278393182,1.4711306097866121,1.7022870232952776,1.238860245069549,0.9748117099152038,0.9240547270146872,1.6224393045612933
SP:55,4.5124017027716254,4.3590817304863965,4.169881902304607,4.165430307867875,4.654698667373143,5.001810859234378,4.661050835732215,5.550161245198729,4.1747108381282105,4.027696642162134,4.287075086974206,3.5507947616082625,2.4972628508410017,4.674159086082072,4.450648204869056,4.563167418802826,4.075070126663464,4.213844954088462,4.468376705700605,4.485750574994537,4.7365555681774785,4.820622476591047,4.267985537781499,4.906987257737009,4.138730240781321,4.502969287625506,4.231747863390864,4.77752513188843,4.0665412246949835,3.4983003555930705,4.163846291391564,5.650303274900314,4.449934489353179,4.985151723320803,3.7314134764572144,3.7650949369140787,4.437818496225834,4.2068931037474515,3.8845744105032525,3.1283525001717623,4.2126934034172665,3.9376725832695967,4.34719837474357,4.014451538324504,4.230977902769908,3.7833222788101653,2.536685419754418,4.221219679441632,4.039555011551596,2.50798763547955,1.2935633677197111,3.6124445545227157,3.8755788293840165,0.6497927916903632,1.074151579420873,3.9621260444253403,3.0566073147282666,4.125983354359544,4.355163195453343,4.521242428266904,3.3216690386252585,4.331205597803796,4.289369700759181,3.9404964993711853,3.920775706301369,4.16595415274089,4.140131006146056,4.104950440988067,3.949852733173953,3.7259945019761167,4.266772371870064,3.527926584901366,4.202154249773978,3.2748054212536513,3.674083640111551,1.5599572220797289,4.736804920126926,4.657592037314094,3.928185449707699,1.147042535791428,4.765580005946616,4.5341944359519575,3.8709198080870957,5.02968257222194,4.255354439100629,4.5115425976141355,4.721869774497161,3.11179999877244,3.5463675515487636,3.293409571857406,4.342326953755117,4.3755134121483295,3.5531060009998514,4.334261984720381,3.879362202361304,4.437168376472973,4.610895358571465,4.4502587373971725,4.639717268915858,2.6076824425034557,4.214287078917865,3.387715788740135,4.574729994377645,3.8038847765739416,4.1151706938515185,4.389795394223314,1.403928873080358,3.8245274294618072,4.589391511988177,2.9546136272951,4.4233959451951685,4.803027572156067,4.569950494561169,4.482761964496872,4.482097251637262,4.184699002660641,3.8350589531464863,3.453063768864087,2.362965777536584,2.589577008057013,4.329403978618445,4.710663092807537,3.195897776241929,2.80739088904354,4.270013915198521,4.516093674074044,4.492852628578411,3.0185286641204945,0.8174100337372117,4.334937606208098,3.6804261384420114,0.0,4.612062680710092,2.104846266094889,2.31133486013336,4.495996610124937,4.667474961900241,1.6263078607651391,4.6503188394458075,3.8622331572120348,4.812220303318158,2.975093095504798,5.65133998695686,4.179719220322418,4.2395352657086205,4.912425182113091,4.236966590526697,4.180841408697798,4.696682873784499,4.463870258570457,4.406246496912088,3.8703780329957085,4.691837011032902,4.741215009964777,5.334809980895724,3.0635261752114724,4.665835193829388,1.7667677969820295,4.372120382547584,3.585281842022793,4.594702025745846,4.548984424717265,4.099507331601744,4.60435726872803,3.869974573416443,4.343424242085012,4.725930115803911,4.583950561789072,4.6978852384172285,4.482637424645465,4.027313782801369,3.8327445566329272,4.475758000538142
SP:56,1.6421720832960993,1.5780513312306637,1.7103686112698109,1.4013430072390247,1.3468812908921266,1.6960316878446717,1.4342868275610043,2.1263373707657975,1.6800930874073758,1.5248428784928856,1.3839429797226985,1.6280174665670846,2.316191812776296,1.5788415221853969,1.5702461621239217,1.303853553517481,1.6882086784414891,1.5497332121299519,1.553247628229025,1.574812957311644,1.2002697035743555,1.3840349829073375,1.3844171961313199,1.2314593796865916,1.430337238633185,1.344439047758639,1.386932120863446,1.2502581469915492,1.4112767222621825,1.669430636683932,0.9714820898009179,2.295790739481407,1.865993271824332,1.525394183104689,1.8405383992189308,2.199416583562281,1.8359062912174464,1.751101219513972,1.8083607904610868,2.2218674490246606,1.7033542568198894,1.662064729139983,1.7519095224149146,1.526959865734464,1.2554859804679994,1.6897449877005328,2.2746825415548293,1.4335918553364506,1.7906573809188986,2.217277269078262,3.876905050915205,1.748729436732461,2.05580843269792,4.317214307510628,4.031284710596932,1.4417428501587028,1.9206634945970216,1.370263127859928,0.908442393571312,1.3745191846865148,1.716802868074468,1.7853992928257187,1.6374875068282644,1.5782473802877124,1.5029056435592223,1.799034616876205,1.88460722296844,1.806599100425352,1.383957852783543,1.7107026535406828,1.7745737359519618,1.7322278188832034,1.7077147014749257,1.92205410662729,1.6422957063453751,4.308140154386264,1.6354033474382836,1.297690030021809,1.353893653916979,3.821126715760418,1.5077266307563604,1.5901803837002406,1.368893779276478,1.5991823277650639,0.8107999380040306,0.45102692056171967,0.8123732658033029,2.440304471095908,1.2592046421689276,2.06276103310775,0.9287075412915956,1.1965713009786438,1.5023055285795803,1.8957930988676412,1.8972024730741945,1.8634426354162403,1.2190230685541354,1.191730955989169,1.87803917861199,2.585687926759301,1.715289709088784,2.314773773846797,1.4183397527191879,1.5136927056897758,1.6191751148512237,1.5555231076580687,3.814397414211241,1.9555914642615884,1.2103489452640717,2.354420275977647,0.8049429070132571,1.1707332613939099,1.869760724381992,1.5428886178475716,1.5508063158500611,1.4439053032926572,1.0940349853636158,1.3505164704647068,2.7349283174560832,2.8357604189400836,2.058327541420651,1.4169201722176406,2.1067956228943094,2.1720960287046496,0.8782477554381138,1.4106050945701045,1.2782925794146436,2.0683622025884385,5.154212877730772,0.9400858826964894,1.4145223059842726,4.612062680710092,0.0,2.7122899359745825,3.1328681486447616,1.3731685169021508,1.4525570063577866,3.332402097209933,0.9717770523189789,1.6587662808327746,1.6082738784143582,2.091150000862669,1.8956456533098172,1.6575265202169163,1.6135081105958622,1.347502143264825,1.0492592840548682,0.8970183086155695,1.5330863433036808,1.44327562996311,1.4602961025265555,1.8681272861196279,1.8623001782920463,1.384503301882859,1.4626934512753924,1.6535064811757227,1.0530450320334872,3.1225180108361714,1.530375313556999,1.8466418439453947,1.9808144887559769,1.4187187177970586,0.871067545948385,1.7987758342184639,0.9092918813166176,0.9163776518770266,1.4904044273044939,1.5278769379292048,1.6245426571006496,1.2737911977524516,1.6029454367664215,1.4820541359225647,2.0008764537793144
SP:57,2.491705185337852,2.4546962264805976,2.1795549439931214,2.185916802246127,2.6596563116935195,2.9657095739605865,2.620242037021157,3.5073031707843074,2.4775246472175274,2.306864294836637,2.4384271426873227,1.9164493989195643,0.43531190999992936,2.7199813987753734,2.5722483765305553,2.6386310369560166,2.305363794823454,2.3524856024596987,2.554067218890605,2.548385450455068,2.755343431396887,2.832513169581098,2.3324166506580157,2.8876320277646204,2.217644985135203,2.6255251624278,2.344758987882953,2.7866787880010486,2.172107993197917,1.4528533703885353,2.1092201566082407,3.744671263118532,2.522266632850405,3.1720959709163323,1.8939418801469137,2.231906688916819,2.9449693377058126,2.3370258577627507,2.006672747384367,1.4331535580353052,2.216238434888108,2.0905307733379987,2.485827660796459,2.177609916452476,2.458993974892508,2.065884977044191,0.6207940223715387,2.52196620243907,2.373095423272046,0.863209382011066,1.514372561938037,1.9719606714651419,2.3294132713720774,1.8232173623672974,1.5894806338664937,2.18978228415276,1.0502490364725974,2.1862920718052505,2.3951792532273437,2.593873119111037,1.3391038790631875,2.53122043049995,2.39699416873778,2.1603245686920616,2.064631391474772,2.3629812551698874,2.4624954899117912,2.456710356377657,2.1514473327192576,2.03209252591758,2.4904756192852977,1.862551012523449,2.5178755374376474,1.6329610965997678,2.0226005168243724,2.2109885174797417,2.72761998010668,2.747277742433784,2.1586278282465363,1.3380474643833251,2.9014714701639437,2.701988609837557,2.022415019538335,3.0172531545557537,2.2384152714365464,2.5551950399102528,2.674545901565516,1.360450117211838,1.7340402635019525,1.4675910087623536,2.324051558883248,2.476239393274059,1.5548256635428894,2.495233322856031,2.145583700435394,2.575516976980209,2.7166611505831577,2.545862895339232,2.7799162019418646,0.9107076647720109,2.3950701436614366,1.7159747413648183,2.5988420234708007,1.9828269793205726,2.3024805163003297,2.525003720238047,1.1974745410121126,2.0546001906110405,2.6605374498025847,1.3388534074569682,2.4580123250479406,2.8535075351669095,2.781446911416176,2.611495991133841,2.5798354638828336,2.3489217529723248,2.103735508709544,1.5004921869514911,0.6876355141625348,1.0460254653526253,2.6775174401621102,2.7086482820634448,1.3359537808582391,0.894328637722376,2.2619864901567297,2.5024256516015027,2.5860314276541723,1.097512596060356,2.7071857198977325,2.328547854141151,1.957956660814449,2.104846266094889,2.7122899359745825,0.0,0.9236823272189667,2.5837472374778017,2.6967343236580485,0.932791113182313,2.668023914881531,2.0577210008737183,2.9691619930289725,1.1395546751951238,3.6664307179992885,2.3895504522757935,2.378485695125919,2.8736511902170494,2.2769487610935717,2.233971123497687,2.816099825399795,2.6164657270416187,2.5811344552447446,2.1464481339214516,2.8508046414628265,2.7917690006987135,3.388656688323903,1.195527054416072,2.666608229764126,0.6339624647132117,2.492837009182757,1.725792261324546,2.8560260092866954,2.6219598922941074,2.1632393723226686,2.823510610728828,1.9371804306984144,2.463644202587164,2.743935246533437,2.7275355076671133,2.8411920996452347,2.582043045043551,2.1638169802771854,2.0078294316213943,2.7104693098319856
SP:58,2.5045613029136335,2.4621809322656065,2.328143224945265,2.318963837207007,2.7222409137159014,2.9602476151969146,2.6569568984141263,3.631405778982095,2.561556139984355,2.4250531321588435,2.4945739322984255,2.1294570477652233,1.14797653773141,2.690272536562177,2.5724123657172986,2.681536435680484,2.361697639086572,2.4032686977354234,2.5633928602706484,2.5502761886062832,2.813052733963549,2.8510389371772065,2.396769267187474,2.965276535842997,2.2733901009584674,2.6684682159420046,2.4099523247526733,3.078789278965108,2.2464254486719106,1.5803806742780437,2.369309022176183,4.013937326277224,2.6131523906482963,3.249123459930503,2.015413658768772,2.2169462755208627,3.0897418043525713,2.340538384562463,2.0246192424875966,1.6016500610596833,2.4075734126230017,2.164406711585228,2.420016393622128,2.234134040357342,2.605083704945493,2.168280897918111,1.071370649566695,2.6460647692138006,2.405891731977001,1.4809693592454425,1.876946072803817,2.1216575984179626,2.327340737950961,2.0111549437424303,1.7461682131839358,2.3582875960419565,1.4695335724698637,2.2543629170670845,2.56403461601799,2.608845195953111,1.5133731480460137,2.491941296409928,2.4031173263426266,2.27850163843848,2.2386621531666484,2.3310336022677594,2.4366755011386365,2.483169854196974,2.3024619524275427,2.0982024282556337,2.454272211704195,2.044745511602247,2.5324623042890386,1.8097457756357813,2.177464524403825,2.752092755045626,2.692957735116768,2.816473668501127,2.3842309582563628,1.5478497289294813,2.915208263296821,2.688327898418926,2.4647456777185868,3.163756687785107,2.4905359230096664,2.8793882339761625,2.9129414349566263,1.0530140429727486,2.1247377780710948,1.3898156286789254,2.52887803533404,2.6988162762405037,1.7077497185987394,2.3649531657644776,2.020410930663027,2.443869226627615,2.843677835320393,2.6488592216892193,2.6687354126137994,0.6317448237912064,2.350857919459904,1.4833175216863232,2.838144331001261,2.1071633241903567,2.2882158704109643,2.510242851303142,1.0076233866213478,1.939567825056477,2.960082871886565,1.152248438504298,2.708342365402239,3.0892166547457114,2.7030925185945875,2.6144699905482307,2.5807985701543616,2.391647391621285,2.421129463619127,1.8135319732600514,0.5222642378309104,0.5474228462155234,2.6486359468975067,2.9364200286747515,1.2313809829243725,1.0014261987673678,2.4976104232720013,2.59755224464868,2.6477526266128235,1.1951090388673882,2.8306400408336123,2.520945364942685,2.2626070843783825,2.31133486013336,3.1328681486447616,0.9236823272189667,0.0,2.6455446688350177,2.7875995288160555,0.9905997922916955,2.911738098393794,2.0452752230250217,2.97545166221131,1.1339284022176879,3.843668108896571,2.366003066281925,2.3567146980127625,3.0075049023579865,2.478969476535606,2.560775224149249,2.8211623738181886,2.6478844010859386,2.6778046550601267,2.0817043419859487,2.739819448529742,2.8767456739253046,3.66292053317014,1.6122876721120105,2.8346519405781194,0.8041010657601567,2.5362369762109105,1.7489525228883138,2.7736871704023853,2.6631760335250076,2.437080606399807,2.765609001909418,2.3011926091986283,2.6458439799230846,2.8519702991297198,2.768940781425585,2.839870766615107,2.657172046691459,2.1857060325298194,2.0628825332068845,2.5928587815714677
SP:59,0.7762709135753968,0.27229934135794864,1.4207558735212313,0.6577133410578176,0.39567244126381973,1.0586328992723353,0.8957699306078644,2.204862443191544,0.7674329631553525,0.7275004371516645,0.3637987245563143,1.167329096345271,2.261720689905296,0.3835043868350881,0.23680681270757936,0.30858347857386537,0.6291966877929969,0.3775419333226048,0.32070303040589665,0.43925399632637535,0.5893411347504013,0.5589323961197605,0.28957575911013345,0.8007529321747361,0.3764807757467778,0.4143638645510239,0.5107182372330195,1.67576825357648,0.5147594846968669,1.2229329774124964,1.117973179228768,2.7808962087482123,1.8845057008874455,1.6043731312204197,1.623649959126448,1.5334459831933753,2.0599694221503846,0.7782384744523004,1.0705487901290625,1.6675557158285124,1.4126388111807977,0.8792770148827745,0.5303672055663882,0.5491637271170622,0.6820837626182462,0.8768155128047301,2.147942421768706,0.8337874907499857,0.8392579242351471,2.3818419484166395,3.982811743126183,1.0743996974832657,1.1025331211002458,4.265748896189495,3.9740603362746483,0.7200547906131581,1.9593270311976716,0.4992324008215266,0.6860602486437918,0.32216015493024863,1.3482626280478418,0.5360732883782382,0.4457153308812273,0.7438027441708615,0.7530890078224384,0.5684740192264782,0.7720879811954166,0.8940542256356097,0.8299192194296691,0.9463539460050139,0.527376381198851,1.109274418807851,0.7653484947945555,1.3214591687100559,1.0410880627057377,4.626006462569106,0.8143463431130861,0.2698748085316836,0.844344526129931,3.7815209321379615,0.4380593706801974,0.38375521210964036,1.9725493987319829,1.625797151108127,0.8641023063304265,1.1764408979252614,1.045634934997451,1.7011781079035395,1.3937717165114007,1.3532941633293107,0.6718950630015679,0.7576514967306673,1.124277287651935,0.6006563547791866,0.9160570844155893,0.5705835565344902,0.278757022397392,0.293372795895664,0.5311202077415248,2.16243615074198,0.4762532556263681,1.3783960824559947,1.4904952884457394,0.728479270225231,0.5460171311996804,0.3406153934046542,3.5222891459118824,0.8720640517659781,1.2764374076980627,1.7169669559249072,0.6075700778227946,1.2892933120894057,0.5648124593272891,0.25534811037848154,0.2607680765153424,0.4566713846405179,1.3399104350401183,1.3922734211423695,2.3702979513953535,2.243752843243865,0.9360574780425079,1.3395179868882061,1.4572885383691072,1.7806814707544771,0.7430339482584674,0.7660060301142222,0.27629358326506276,1.5656649655749224,4.942080621179974,0.6161290775121048,1.3110348326958732,4.495996610124937,1.3731685169021508,2.5837472374778017,2.6455446688350177,0.0,0.6567370455684205,3.156742009978604,1.0669651815574042,0.8133159776400817,0.4547945125749106,1.6405212111541667,2.180587085918115,0.5703342774730781,0.37405405292264643,1.1805002304037282,0.8002913793230997,1.0121499816941235,0.32528718378734517,0.30129256843686036,0.3642971609268671,0.8642699231763438,0.5538234859221495,0.4439272442175336,2.067307817373366,1.5554822522959544,0.7383207430608631,2.88838487209512,0.24362999543321384,1.3476632704094411,0.7079100698860089,0.10567640462437279,0.736156902633116,0.547901152844014,1.272295023740385,0.7839138601782544,0.8806238076046179,0.2772385054005728,0.48700527189265164,0.19704310754402046,0.5759540729232652,0.8083248096649829,0.6615862937610991
SP:60,0.49994693731731227,0.694399623003529,0.9846937985951038,0.5216939928343903,0.5001305070094056,0.6497594245280738,0.6101538506199341,1.691469348001446,1.3489199347015006,1.2374877741578272,0.9500841616744441,1.5353480191048707,2.332460132863502,0.6753122830187352,0.8264453615882431,0.6847786875462099,1.1414142232769724,0.9008648568763438,0.8533111931386637,0.900369478950497,0.7691589746882384,0.6098804934904432,0.7699821967149749,0.674415136520233,0.7770328067806488,0.7596161676955796,0.6729860780320084,1.2717363323934316,0.7655397512157601,1.3445888801290395,1.10632787446386,2.2764095813913667,1.5291963938859743,1.6040619699862526,1.4170880978508407,1.5311043488456475,2.25370650434127,0.6235073572147268,0.9138957350226815,1.6502823196501433,0.9474613291557186,0.8294305507114962,0.6996155178751197,0.8992721361024717,1.1231291821868914,1.1928175462081976,2.3662895201583027,1.2353784097346012,1.2043058925423782,2.5020488404687193,4.1275870140841855,1.4876308879351714,1.5622123238693606,4.434415663136489,4.192970168433624,1.2275283386922355,2.1322704009136046,0.967272940468562,0.9007625909038479,0.8272142734087645,1.618005745831455,1.1070042133706917,0.9388135907827693,1.2738818697152507,1.169750590196844,1.0547217856027924,1.230685623329002,1.2236728916130502,1.013149961375333,1.4448918757970923,1.0032558347081548,1.4632855280136876,1.2436704873305728,1.6806691535562666,1.4504467038152105,4.721570046877912,0.537778702019816,0.8186455818652679,1.0594493759788803,3.9410089995951894,0.993054721585747,0.8418293289020101,1.8404349908790618,1.124869635513759,0.9427147943087656,1.2006233757237819,1.0267590627138063,1.816063984892558,1.480337700053052,1.4909001463464095,0.7414642548018021,0.550481266857458,1.252480886609404,0.8890588962749753,1.321833551904643,0.8498348582445991,0.7766502512677493,0.6982499053279951,0.8441092714891972,2.36593989527753,0.9898728392537745,1.6153324835914082,1.0002139695364933,1.067335148105311,1.1040311647019456,0.7526224694414538,3.6565114360142754,1.2124685435119682,0.8256659798154216,1.9653983914997628,0.796355494183919,0.874493894874409,1.0927978494237605,0.6880733306606139,0.5711578090275569,1.0357816317344861,1.698481162939891,1.567538172646356,2.4945220803518513,2.3671564957634907,1.4839278507773765,0.7769557654018895,1.6108810703931689,1.9459623031560747,0.7743605488091969,0.3074678667362792,0.7109731033865292,1.6868593736390913,5.164817734521411,0.7462586715338037,1.3718429488317856,4.667474961900241,1.4525570063577866,2.6967343236580485,2.7875995288160555,0.6567370455684205,0.0,3.3053580496129538,0.7335908947390039,1.1089573251996065,0.9421633433385449,1.8821649717407727,1.719650359142385,0.976534768020113,0.8580747221463912,0.7206777548834316,0.7018508171483131,0.8737798727239103,0.8911752436330997,0.8985783274364412,0.9235219043801352,1.2093872038211937,0.9879808742749735,0.29581497390584943,1.7181908461697692,1.8097110054780803,0.4703751091972133,3.006570231017443,0.6730091305506364,1.2941356054737705,1.2264786298857573,0.5980121722923029,1.0418475197082153,1.029689349172766,1.3390110656037781,1.180174894910266,0.23360926890495393,0.8637633175835249,1.078596158904441,0.7567333727616612,0.8107796906352015,1.230508746793289,1.1106887424822518
SP:61,3.127416042623906,3.029458140479669,2.774641438194056,2.8257566126445006,3.2775446091006417,3.5481110431104277,3.1943362018872095,4.1003518899526235,2.992471243488289,2.793950822043986,2.947113024881332,2.3518172046968138,1.2550620961828725,3.2863718188990396,3.1235948119551664,3.1614102651414298,2.8568997606563618,2.9331974464519712,3.144910562224666,3.1567101180128168,3.2952175408439244,3.384831164844429,2.928749675364731,3.4547572758820633,2.7905928295471045,3.106405567854803,2.844459485600342,3.3679962777533716,2.699720632629965,2.1098989579709744,2.7494543127013564,4.257371163918366,2.932646784379268,3.4785640224128462,2.268834320920017,2.470936103220494,3.05091757489761,2.854185526797514,2.499906697771249,1.9599502300503864,2.873664119224188,2.5976939139141915,2.9728601369849867,2.6868505907802893,2.9206151028879828,2.5428502966441613,1.2466904957154405,2.932383159162671,2.793666640445984,1.1953294872060019,1.1004290931511378,2.4460351778401095,2.7304640086509044,1.2138898771267859,1.0676932249212614,2.7510722259176945,1.7595227376260647,2.7744461943319267,2.938804321528084,3.125420407572099,1.9835066251604188,3.0581429372233098,2.996234776659578,2.734895581158444,2.7230523954833776,2.899212900598785,2.89935175350223,2.845445811189306,2.6091348216021175,2.4808239038714373,2.9743487055482447,2.3581455621511003,2.918274805802801,2.147171783951243,2.4591031982792386,1.9297699604397311,3.280130038222048,3.307342537224669,2.6767679643757547,0.7354158840826405,3.4211550431519333,3.1781817711077625,2.490363229236259,3.569610765199599,2.866954761730997,3.132816182638288,3.3329651448601476,1.7143719436790863,2.2211271901784158,1.9037597475617551,2.961787424374454,3.0692345919483888,2.1251831099345706,2.968077878598956,2.5048070461893226,3.0497798582985722,3.3023995841613356,3.0836456502614937,3.2790487193195834,1.1187143579527576,2.892734083078849,2.0799975767918792,3.1785345912641723,2.5181991794361505,2.7848823129495828,3.0154581725315306,0.6290127623718184,2.501184742332,3.2734878079424594,1.5715176584082189,3.1028068322652156,3.405838103551504,3.2695823950197096,3.1278527512188736,3.1201270164411787,2.8488541715612805,2.530314936772242,2.0383137748643247,0.877185450563133,1.208553737898526,3.182538090225642,3.3511977834173687,1.7768523348308234,1.3994860180951632,2.8915613988521147,3.12082814401433,3.108433187931156,1.6674619984196057,2.295157224936732,2.953357741381566,2.385986461092805,1.6263078607651391,3.332402097209933,0.932791113182313,0.9905997922916955,3.156742009978604,3.3053580496129538,0.0,3.25617788000631,2.4711016567610935,3.4866394868597874,1.5385791202450332,4.185496040050645,2.8285932351097043,2.8931856640163423,3.468501859886843,2.8361036360641703,2.84665163113277,3.3550839303236075,3.1208097764800806,3.150898418645358,2.5423697180995637,3.3311510766152868,3.3870010739821943,3.8965979688197225,1.8006764219363263,3.264658457029785,0.41939669938240237,3.063603115099226,2.1227401024865653,3.333159116132731,3.196271628798139,2.786072574032513,3.283279271735876,2.4880816515209765,2.9661425850805014,3.354305333941599,3.288795030868551,3.3908775878435766,3.1249515275832844,2.680399337579444,2.453158021647259,3.185468174395828
SP:62,1.004846826698915,1.2060552327591976,0.9371458062006865,0.8633490805125243,0.9222392183097571,0.9394722812201814,0.7318143972449804,1.4578629580244338,1.6787069913342336,1.4726391792153202,1.2160508501097826,1.6231043130393676,2.2574127172711944,1.1661115908019486,1.289831511659228,0.9471102741401484,1.5427935982652579,1.3284565111329112,1.3120875432107588,1.347229942353794,0.8627316402499097,0.8960087671400301,1.1315653884618213,0.6987316675673386,1.1237895755187315,0.9790395267234213,0.9099377959274694,0.655580527544196,1.023842651370637,1.4389602357786917,0.8259273256418709,1.7720420586148102,1.1726993034895556,1.2341996414226923,1.2417834792977005,1.6767054058404112,1.8901169565669924,1.0831606716203772,1.1569781889086503,1.8344505924099348,0.9673767053594317,1.0995368298592,1.2089211056846054,1.2069846406365068,1.1982926056388183,1.4552477660812482,2.3305361502402917,1.3324800674736317,1.5238590545808373,2.279520608315755,3.9747263064668696,1.7020427817890875,1.9175422349402447,4.361393609849235,4.129558624197531,1.4579848684497696,2.0274339673588866,1.2229982940415565,0.7551021660082834,1.1180553336838122,1.690077321444424,1.5808283600980497,1.4077862834396966,1.5713609877153747,1.4680554394761678,1.5387620622785703,1.638477649311524,1.51362168426458,1.0698992908944025,1.668852753850845,1.465549496703203,1.6569828524202086,1.5207303263690708,1.8861592939660172,1.599421001894094,4.4791768479833625,0.9183030304218575,1.1179387594780272,1.1557735758833205,3.850531894763278,1.3387183477665416,1.2381341082303008,1.2824301675214629,0.7742712477460857,0.7143216231085436,0.6723849248249502,0.7729770923555775,2.0502722613186175,1.2115648962329773,1.6953833693132794,0.6815553427289225,0.6389222608016779,1.2558736214395596,1.4183044648129575,1.6122349782751824,1.3739081648074594,1.0668571597035639,0.9037047094313273,1.4197080789353358,2.4301726842330185,1.4262515479227875,1.957554586187495,0.5789831240660667,1.3026099868146992,1.4325472906021715,1.152292985776358,3.6881024129123734,1.61081032966031,0.45691344521361865,2.1237000855650776,0.763280069244644,0.3029152323701653,1.5967384425938487,1.1404360563413931,1.0837038265515289,1.3001781011959135,1.4564605151117243,1.3703989886137449,2.5345275419285116,2.528614975108895,1.9599103525695896,0.5683821867828098,1.7835937573660354,2.001839108009011,0.6194219943337792,0.6612832367977366,0.9606145222771416,1.8110581606458913,5.220160394369287,0.7155265685740292,1.2043442285204715,4.6503188394458075,0.9717770523189789,2.668023914881531,2.911738098393794,1.0669651815574042,0.7335908947390039,3.25617788000631,0.0,1.3186266137174627,1.3614461035639218,1.9490974085104826,1.2878066559863088,1.3141861485503181,1.2821066328540562,0.5199617573153159,0.5070821237828133,0.5207922784073807,1.3030324781180176,1.223542182855495,1.3094104028709703,1.534944107637098,1.4975292981343604,0.831616619256451,1.0868611551654905,1.7512820629604395,0.3670812733998529,2.9992410391489197,1.1694613057908951,1.3212032517434396,1.7387424002827585,1.0544896847029497,0.9767632457472606,1.4871249614944249,0.9469344521262218,1.056276028368851,0.6573073705511415,1.3099656209275352,1.4939096908777663,1.035042288036191,1.176945498855768,1.3495416206693576,1.6609648933831251
SP:63,1.1346116159016035,0.7435362743675665,1.3532318439749622,0.8283893333005272,1.0540642132829563,1.4788840122393652,1.190503548497985,2.51191634146064,0.9139163942903109,0.6548310181414065,0.6027542832780282,0.7258136013333237,1.7859456098682926,0.9944455165329277,0.7944105213291832,0.7906260178002206,0.7485059089021815,0.7203837598358842,0.9200461522062109,1.0094738447521971,1.060510189942965,1.1029353909321122,0.7262424254592165,1.282263930622751,0.560380229706999,0.6860712380883415,0.47842336493215454,1.8282261770978712,0.38793686243660186,0.9409319422818916,1.208514585046558,2.940539747941847,1.7237967480744367,1.582426860911297,1.1524953518389274,0.9247950766405931,1.7069611965791365,0.7074475322991144,0.7120142815852207,1.177295226949459,1.4413225137138068,0.5661996415067999,0.6066352375416919,0.34879537012529965,0.6729675865752156,0.5000365963663498,1.6573505474580066,0.7017901755897459,0.5720507824301263,1.8160575591958386,3.383570195806418,0.7299134936704338,0.843599223875087,3.612730189930389,3.3572824675420567,0.7593725650422818,1.6559366934497024,0.7086027999384493,0.8727932946807084,0.8162988029067283,1.0342510401476461,0.8377752157354178,0.8621638001991848,0.8061597533311854,0.9079098290582192,0.7205914388848343,0.6649715247451059,0.6050607903534845,0.44909005254835366,0.5985867316662288,0.631261777990593,0.7266484117980551,0.6102855701535067,0.913032793715487,0.63501849756717,4.063047924131187,1.1532184516843071,0.9706404896266365,0.6501332913879607,3.1402331293546397,1.0459595833080297,0.7208944717709953,1.7258224257261638,1.8372246729181319,1.061314621640445,1.3789450699951795,1.4880947603761745,1.090441540723657,0.9910022970804397,0.7159285492582876,0.9978553398489959,0.9699228823272924,0.7244336706973227,0.6631874034315411,0.3473218052422583,0.7257211541716205,0.9856168334535439,0.7298984084182651,0.9219872835546302,1.5301570450741375,0.5767844227810588,0.7878771385815565,1.5772137709153213,0.43548092419404166,0.5140221008027529,0.5752807030058111,2.869190181673086,0.45614445691980954,1.467266236969693,0.9957445693064716,1.0594806018625593,1.4964069145020402,0.9332564380630937,0.6996571879025302,0.7362012586898943,0.5502402039764169,1.1052718130051549,1.0112675942247193,1.7230260070850065,1.592533657381111,1.144324606076801,1.5923516863231366,0.840587270155953,1.1865444017507902,0.9725195152437595,1.0811668443667435,0.7272551009985406,1.0199030418814512,4.336928289190384,0.944825397101181,0.8684326528246643,3.8622331572120348,1.6587662808327746,2.0577210008737183,2.0452752230250217,0.8133159776400817,1.1089573251996065,2.4711016567610935,1.3186266137174627,0.0,1.066213626465252,1.0129510056929976,2.452105745576927,0.37986449383510434,0.5407065727969256,1.521959054136923,0.8361559703187069,1.0732106220915638,0.9867486346807723,0.722054617366196,0.8653524617778595,0.29975434249969923,0.9612330555084889,1.0680953232747505,2.27228253667854,1.1287761052869818,1.1412118470718096,2.2324960930653224,0.7364345993240851,0.7539258576968779,1.0348896390932927,0.8527755769729617,0.9050688489917802,0.8644291885809036,1.0971099051495792,0.9266951854019907,1.255283935066527,0.9408601008940152,1.1015662754265343,0.7664654086314795,0.37618372446786186,0.3508475609214282,0.8950304883536974
SP:64,1.1238325015851554,0.6064223443831154,1.8130838383944368,1.088095420474304,0.7108481049058298,1.2629773738533427,1.198288806216228,2.440165911978357,0.8063451795387093,0.864008958900895,0.5661420878446063,1.3839501517190311,2.6686874142912242,0.5676951888140193,0.4379818113669848,0.5282673559099946,0.8076303569058916,0.6666721564776757,0.5620715379757747,0.6778448955771011,0.7693741889875748,0.7225750588243987,0.6986089606143701,0.9907171526641897,0.7785557995438479,0.5600692783645532,0.8190843557940591,1.98589805697187,0.8772967624972761,1.6405766207797365,1.5154707394376783,3.025889318168652,2.2033452622294787,1.649835140699557,1.972377510450695,1.712592823353312,2.114566654012339,1.0712195240497064,1.4157969428455197,2.0159502698873135,1.8139481763887024,1.2077349882098445,0.7359040655908943,0.8480967671456179,0.8042762364154277,1.107619144481878,2.512219059168478,0.8874012558071764,0.9327486293162278,2.7474560379048714,4.3398755285406505,1.2752074169706902,1.1526627434468821,4.593005375426574,4.295529475677089,0.9422280750873624,2.355074401935292,0.8605255825893909,0.991646762110369,0.5336483732215289,1.7244774307228505,0.5981178904568419,0.7131226601422366,0.9652551589516509,1.072415100967672,0.741085920054231,0.8038955410369488,0.9522464369337262,1.09962862454422,1.1267870748322226,0.6105099291114576,1.351803991072256,0.7660370281930386,1.582408593805347,1.2320729091835525,4.997143414715606,1.0567352242532306,0.3764234467263741,1.11315267311759,4.121869460185953,0.21502373217841117,0.37069080779235775,2.3389989059447043,1.8837946467747262,1.2450150402328253,1.4529458463985367,1.3383966128914113,2.016594910955982,1.7366311269602746,1.684332516868093,1.0695088819384668,1.0709196270282206,1.5279862087882943,0.742984920040841,1.0714875867446265,0.6912080639164758,0.44336362959776443,0.5763798756053873,0.5229297839905944,2.4849914632389978,0.6419544428713198,1.6231011556553676,1.8246829993265574,1.043938187474696,0.7240052522647424,0.5352797796243642,3.8547711338613837,1.0946496753376498,1.5808104518431751,1.9870449683401905,0.9509997663153916,1.5357904035286642,0.4182406640216056,0.4375634856989964,0.532065000354706,0.6604759847545048,1.5613215206450792,1.7670013160244442,2.717180714779987,2.5604453309819517,0.8721209215903322,1.6656007116532092,1.7972557164116973,2.1414323976362453,1.1418309296267748,1.126179730420024,0.5214905596768334,1.9401436785779758,5.223435891359481,1.0099024052461416,1.6014607923378037,4.812220303318158,1.6082738784143582,2.9691619930289725,2.97545166221131,0.4547945125749106,0.9421633433385449,3.4866394868597874,1.3614461035639218,1.066213626465252,0.0,1.9679627919620108,2.348897055162683,0.7170242211417907,0.6267152975247449,1.4451315705933039,1.1655977412237688,1.38367444224084,0.23203677586774216,0.38138757029730397,0.4978896345826895,1.0418375125252437,0.41843443800451374,0.6655448898007456,2.2665344847703452,1.914046497069915,1.0372111416971166,3.2353000243383603,0.5581373621546865,1.6929044520461938,0.5078212661292508,0.466368287869503,1.0938873067446364,0.3481997876336317,1.6345188796984662,0.9770281872278074,1.1590787555420436,0.2992368903961318,0.3644019885265247,0.46603337335117717,0.9015314861140161,1.0687266583365724,0.5955571906659404
SP:65,1.706733728480649,1.517716670387095,1.653059010904045,1.4159886970838143,1.7767295999106496,2.1456199471314794,1.7918501792656796,2.9605550585124334,1.5601936938603107,1.3684984135798879,1.4352898111257095,1.0855784106232387,0.9782458362493021,1.762046857323691,1.5975464460060131,1.6519130426331727,1.3964245660184604,1.4294073934942029,1.6165585214579592,1.6321031423188128,1.8047390836330142,1.887938164071419,1.408424703608207,2.003766276475397,1.2764046057176774,1.6188927666413437,1.388141725184114,2.2461622619540336,1.2226811099606871,0.740382371186618,1.445835792057771,3.331201082133664,1.9645150348640295,2.2507389830823286,1.304468663766089,1.4438164746594564,2.111345786624013,1.4788186883261236,1.2189697447524723,1.0674764201969051,1.744842301565263,1.2568405122717619,1.5021299457828658,1.2121518538348475,1.495396036495853,1.1717930463916646,0.7328361504722335,1.552874676897161,1.4162026088649962,1.0816940562249668,2.42325738981008,1.1282830089217084,1.4151318547484413,2.67607886502248,2.3802197357430916,1.3186976986876076,0.964105816545891,1.2497292231196242,1.4982041544960154,1.5950986164988776,0.6149463221568496,1.5538731102286718,1.4824995525099924,1.2860393346909529,1.2915843039362507,1.4108067792479406,1.477168583259163,1.4891562672976602,1.2426491232763126,1.0619333174785865,1.4925668811315997,1.061618152336312,1.4956327646066694,0.9160407785424931,1.1294245117684238,3.1767272802732056,1.8456114128676935,1.783936194114556,1.3388591248845578,2.1770660709068417,1.893345976167085,1.6771452058760448,1.699227778981388,2.370256432167865,1.4841502386863281,1.8451166433325175,1.9565614116340273,0.644509858062717,1.1202708057306159,0.5700811458323569,1.5309586587788937,1.716709194152077,0.7152174112897042,1.4836737243380946,1.0458822133639722,1.5552808513178213,1.8014101326394019,1.5909604919992157,1.7737567050138912,0.5589796526354863,1.3829684694793682,0.8044007039186211,2.0369901779739146,1.0734296669452028,1.2691940144576994,1.5105637087508887,1.9218990049951379,1.0453737137500063,2.0609651081490137,0.43693401209790045,1.6691151785322167,2.153127724430066,1.763882959300128,1.621886210871842,1.6171842468576667,1.3349751294106234,1.3223582157185694,0.8111008168651027,0.7952119314222191,0.8222076060189347,1.763298318627804,2.125398679416208,0.4243433010483403,0.30352736667512453,1.489337608900005,1.72516063962596,1.6024856800611065,0.4689228150575418,3.492908458063643,1.5071377909837487,1.2626042476848591,2.975093095504798,2.091150000862669,1.1395546751951238,1.1339284022176879,1.6405212111541667,1.8821649717407727,1.5385791202450332,1.9490974085104826,1.0129510056929976,1.9679627919620108,0.0,3.027278179777506,1.353325038607543,1.375680841513967,2.1380138270381073,1.4704430035518055,1.5728919754607467,1.823053044528671,1.606280461915662,1.6627900188767837,1.1156224075677297,1.8135354065763902,1.9135934724451584,2.781867088012857,0.6728079190175948,1.8556594860607425,1.3192723204873311,1.566205054426481,0.932834791439219,1.8491140825526147,1.6785238522523578,1.3691934774795864,1.7883209133296427,1.2894502114030324,1.5355587727995461,1.9811847304260426,1.7727563307211103,1.8610526834798953,1.6111034211061128,1.21211128844743,0.9611403198998208,1.7030901121433375
SP:66,1.8930845424917517,2.312120184014752,1.675832730469899,2.0193601006154314,1.919874924479778,1.4278713201508453,1.4944752684658495,0.7734685127321901,2.885222932206614,2.70140640663856,2.37002337100419,2.870834586486084,3.253369926817249,2.1093518602292414,2.3805600580422004,1.9967303094354918,2.751503791571026,2.5034495192352484,2.3833071864815722,2.3853274894749537,1.7713801851875752,1.74918196623796,2.2799227815447902,1.4606714025241099,2.295020164107171,2.0473652638172424,2.0611301296312443,0.9387893498166108,2.212866683578807,2.513141130603775,1.815297897779451,0.8247284620517171,1.343364261247754,1.5887654702734897,2.030662102031127,2.6491869071622,2.528729595195556,2.1287524465273586,2.1790261064577687,2.9309820405592943,1.7410249970860143,2.230725343852484,2.2420454914404315,2.404132836262245,2.3796795116062612,2.6840750453930515,3.3881681871662908,2.4878090782483455,2.6990310361255743,3.2446857814861443,4.84434282585687,2.960356271827786,3.121365926356599,5.297678500270964,5.085053561237547,2.711862040899655,3.0076412527863465,2.3707265218061164,1.8752008336798893,2.1521426227681015,2.8107357079087345,2.6956809490159515,2.523864537401843,2.8065082882869548,2.703718675529493,2.685243938616472,2.794612503834384,2.657874619465358,2.2697533591095893,2.892164542127288,2.5910285211027726,2.9185732313422084,2.661943453862791,3.1421927965240646,2.842614113642187,5.2892136736338005,1.6497487111211488,2.1704315105938043,2.410066538223032,4.761624602233851,2.3305194764666304,2.2884844973037595,1.9340981776056212,0.7283506607938446,1.8439230518842131,1.6493929325076713,1.6184639219618644,3.0485617286156987,2.3465446511233896,2.777880309097707,1.8384777658502647,1.8564761903399096,2.363515659889142,2.4297909934700943,2.7081610583433378,2.3452744794226983,2.187267696035506,2.0514758435296847,2.3635762329562895,3.4158902831470135,2.549678232987545,3.0499670507255487,1.1678337891003832,2.5437765031712716,2.5810409644156427,2.2331595553949106,4.604940637204523,2.7378213714388204,1.4174022210482304,3.2059622886896557,1.9637987064563358,1.1017026456462993,2.631271390141668,2.217812232077391,2.1484622965149236,2.4623719587389434,2.568078333508612,2.445427703318909,3.4965206892337495,3.499158042662766,3.1075427883334217,1.2451813887164263,2.843788600098711,3.0691976483956585,1.8194898380091498,1.646688072670254,2.0586806674234697,2.9066541847935983,6.2931081447133925,1.879793800699676,2.352565006126666,5.65133998695686,1.8956456533098172,3.6664307179992885,3.843668108896571,2.180587085918115,1.719650359142385,4.185496040050645,1.2878066559863088,2.452105745576927,2.348897055162683,3.027278179777506,0.0,2.4352967503238974,2.4032752781825626,1.0713867332003681,1.7324684355900979,1.7667265839441861,2.317074502210375,2.326659407476957,2.4807722687680553,2.6729226592943442,2.4399967895828505,1.84576729034831,0.602101757852,2.9253616076699664,1.4836737934659292,3.966120798372616,2.3079387234127977,2.293125894310494,2.7814898344862335,2.1299874178141818,2.204220801200223,2.510119463418354,2.0323111279328963,2.1529641480647137,1.5425027893968717,2.4002678070777397,2.5140515279917977,2.1542027033500237,2.339233026018137,2.5160816225876563,2.697839290448892
SP:67,1.0790584852601366,0.5332989275308323,1.4991870809755903,0.8412955407376685,0.8897375786126661,1.3826447862314581,1.1692788624050605,2.5144755852720864,0.707968275387972,0.5254914769983641,0.3860406819667139,0.8576539135480623,2.114959433122003,0.7776454512315513,0.5217533501225265,0.5898626871907842,0.5760304404223319,0.529065062445783,0.7038244726138998,0.827839755624661,0.9282132989825232,0.932862608513937,0.5991452219583704,1.1688666388487015,0.4866570025535534,0.4708696933520812,0.4176266066160443,1.9002228014003306,0.40270890882294763,1.1919738166177396,1.3351620357399616,3.000123912152799,1.9037060554807956,1.57939088124712,1.4338090760919158,1.0847467286700152,1.8140212141008274,0.6824778015743205,0.8880871728846824,1.419741538021537,1.5539102893951342,0.6777977319974813,0.41178784726330486,0.2961891982094863,0.5496766811215922,0.538614156105706,1.9745592839213688,0.5698153427402298,0.4179534699177984,2.166377645987398,3.7366945078475333,0.7865231739328777,0.7411699237418663,3.9542753224998974,3.69134399210109,0.6829921800771648,1.9363063027684002,0.6747460671621334,0.8765788509310203,0.6252700775885769,1.2811142945040834,0.5764813434646495,0.6895906317161726,0.728961918132411,0.8732015597983204,0.5174792180067423,0.4171765334703072,0.4477436803398471,0.5613847902470717,0.6417227948751802,0.3152704701768093,0.8327110090537748,0.36761969503178904,1.0657510535223382,0.7123326501894641,4.411478248008752,1.0690737004513668,0.7172933213266984,0.6790237444378446,3.491837756596235,0.7370420023149105,0.37269460953502853,1.9737199103553165,1.8572362643892284,1.1223281343441882,1.4144339738131597,1.460374010352936,1.3874225060384684,1.2474123047668562,1.034013543593377,1.0008696595458029,0.9130506581197871,1.0195841049667682,0.45852384526026757,0.44226575073913094,0.510102947740877,0.734656922837884,0.5448898640057112,0.6300627762097294,1.8692802422124188,0.3291102936394811,0.9977529293800542,1.6561402259456957,0.5169523487484716,0.35370241726685375,0.29360398608885324,3.209509010712772,0.5125090929670916,1.4754010712244834,1.3152828323977308,0.9888983421182603,1.4878234276413183,0.5944788681609058,0.3970807011092153,0.4882603784622953,0.38110989703275366,1.2463723928071118,1.3026951545833039,2.0748930861419184,1.913340292894196,0.8929697940563165,1.6033354694573632,1.1670625327290547,1.527927655469843,1.0094915627708319,1.045139758151965,0.5200278871882513,1.3369829782594385,4.618838384398349,0.937935917534076,1.0782076961365405,4.179719220322418,1.6575265202169163,2.3895504522757935,2.366003066281925,0.5703342774730781,0.976534768020113,2.8285932351097043,1.3141861485503181,0.37986449383510434,0.7170242211417907,1.353325038607543,2.4352967503238974,0.0,0.3151798003860571,1.4893399068322548,0.9036396439748818,1.154187091969323,0.6818203607365764,0.4238317618089995,0.5910584857383949,0.3536931072526885,0.6453233461524311,0.8554756426543049,2.2949091049003143,1.408283582396161,1.070247734472279,2.5822598949273408,0.4895576018854464,1.0756810600664097,0.6926053348356771,0.6131533044762209,0.9337243141609085,0.4912766872933845,1.297123240337069,0.8976758310151084,1.1645976312519497,0.6283106700294645,0.8067589544004887,0.5387953257533794,0.3653458274451559,0.5306119303229603,0.5822715894256195
SP:68,0.8659891274067362,0.25368843636112104,1.4419354864510867,0.7035029914852198,0.6650422101252554,1.232864009515688,1.0330368185295953,2.40392446614146,0.6771100589206759,0.6050212835506843,0.3247421888294475,0.9965589893511907,2.09504739287428,0.5382399824481381,0.26628314197035513,0.4963491878153434,0.4685354892207811,0.29232642396666864,0.40949634932943607,0.5242587607534835,0.8090658492254373,0.7860267118999864,0.33646123474186407,1.0491366787433827,0.2729276276021325,0.5030788302606664,0.47232380282938885,1.8604713148883514,0.3925863438909478,1.077584244019322,1.2200620653934964,2.9737821972003124,1.909147006098201,1.6969569896084595,1.5210876787187162,1.3233477016831352,2.0294636753907005,0.6837167761220845,0.9212935063151657,1.462610605184032,1.4646237579535921,0.744838375570376,0.3642058630874874,0.33777223608630835,0.6849827585245686,0.6675615760600632,1.950885458616533,0.7858562101945951,0.6339399118432083,2.2238480774103144,3.770347605915688,0.8729125031156233,0.855826685285007,4.013433709243472,3.7253108638910155,0.642286052093089,1.8468014882263217,0.4511989885759033,0.8248096325307269,0.4496003093813193,1.1816199941228633,0.3783248958219848,0.3883971960836745,0.620072351147905,0.6994105108957944,0.32611956949190407,0.5332206144975852,0.7101045541486942,0.7349568231317074,0.7064633967521263,0.28343850684087984,0.9134130841521132,0.592948896362978,1.0954917139381595,0.8539556893935447,4.4558666142022565,0.9245713579156201,0.5613299144601761,0.796600678928763,3.538087841414268,0.6174545760742357,0.3791438121594381,2.006571414768087,1.802464771896549,1.0139012750048562,1.3794582456113016,1.3030056210554664,1.3951731821595224,1.3413297956238583,1.0665599906477357,0.8580814444181695,0.9126816357177736,0.9809745242542549,0.34221488745712886,0.5700480933701602,0.37776150227552663,0.6049826421123652,0.4913822467457727,0.47248216784713415,1.8829160833820247,0.15205095269012764,1.030763110093546,1.6279751911940998,0.5429078111621641,0.274954017871517,0.24117782857876352,3.2420517559937956,0.5116251543909656,1.4636712934134253,1.396157477808484,0.8645035211676443,1.4925730723626602,0.473649588976633,0.29387990525116825,0.32747868393300694,0.3203010462854207,1.3221281837987229,1.3019562108486054,2.1021732655778274,1.938955525542627,0.8056096900217437,1.5251600254296476,1.1751514652097725,1.53590563270407,0.9048089424787902,0.9109312248401735,0.4496827687649155,1.3277029182894544,4.673108956719149,0.7988615955457087,1.240632676840457,4.2395352657086205,1.6135081105958622,2.378485695125919,2.3567146980127625,0.37405405292264643,0.8580747221463912,2.8931856640163423,1.2821066328540562,0.5407065727969256,0.6267152975247449,1.375680841513967,2.4032752781825626,0.3151798003860571,0.0,1.3936624074824466,0.8989543432208665,1.1435179072748571,0.5092073882542965,0.35613103087372633,0.4687321863313304,0.5346407013066705,0.5093727619406714,0.7273066177812796,2.2887765300396574,1.4088284777832236,0.9858401038560315,2.6306484780046944,0.29178933114668454,1.1598655268096567,0.613085247529469,0.4028193038068895,0.8464701747581039,0.4864778313485386,1.309673634238875,0.8910979833026702,1.0682331310660187,0.4543849781143939,0.6097122099969308,0.42191524623389376,0.3534669316857484,0.5969482253346913,0.47768171092130096
SP:69,0.8425818774645689,1.2749218723314168,0.9192347338124375,0.9851159172749994,0.8904690995491493,0.5302053571758817,0.48279760374647024,1.055896077190311,1.9107396307380489,1.7567481904634776,1.4078326864644781,1.976613856183078,2.473548783016738,1.1069125696604711,1.371187535291335,1.0503360942636735,1.734194526289169,1.471886987404609,1.3546292937653808,1.352018343504408,0.8710301758168478,0.8058777793460828,1.2432668109248546,0.5624565035464483,1.2638516677439628,1.1454397702773527,1.113853029256283,0.7115063745539908,1.2282066087571415,1.5572196957586404,0.9751329824567544,1.6396438966071571,1.0890850889445576,1.370897431862022,1.414888997801631,1.9201344581905324,2.2109775093009016,1.174291421955903,1.2774315936042957,2.0546939298593356,0.950415410016506,1.3028391918218012,1.2626209404321271,1.4211482301940586,1.5197816491059093,1.7346782720624505,2.5473436704792856,1.6616243804124946,1.7776970086729866,2.5777707160193564,4.207571971259862,2.006098091371272,2.159071271851278,4.605730577853076,4.355291690473445,1.7334434989307053,2.1962648348798988,1.3491179788999441,0.9954084152484967,1.1838758909549099,1.8600795574998912,1.6801996545968094,1.4747841160738737,1.794687238414055,1.6731872955538902,1.6532517489419984,1.833606646678172,1.7747770488031887,1.4024258090483375,1.926808431669283,1.6040919251248273,1.968630770339766,1.7618236495575967,2.1687389041972933,1.9256052830053783,4.757316433567497,0.6683748102691679,1.2266038772527712,1.5218948452194268,4.074763936313848,1.4216984708392977,1.3592430524259567,1.5705884440240812,0.47586381016852497,0.948512491481084,1.021649944502447,0.8215376498441886,2.139580200347101,1.6186264215281043,1.8486715825669773,0.8632092292619601,0.9713284510529449,1.4462314916101977,1.437732680401811,1.7641720289548766,1.3635268831929468,1.2443791063091312,1.1075795362708922,1.3935906978985293,2.5729533863978777,1.5432721280404773,2.079781844213611,0.6391598319602708,1.563831974667047,1.59145937981753,1.2647126467457492,3.8506775007071172,1.735912353800989,0.7843371244295725,2.3098754431517974,1.0343464496660504,0.5786002997020454,1.6624269713982287,1.2439240768244488,1.1477335524754928,1.4909954224293627,1.836369199622226,1.6433915197821254,2.692682787385744,2.643784317686149,2.104980236963427,0.5278019861352894,1.921374632831325,2.1924131964638094,0.8752117693632241,0.595492810722541,1.112295361687679,1.9904975629300947,5.486404095306288,0.9050988554602014,1.6215776174114624,4.912425182113091,1.347502143264825,2.8736511902170494,3.0075049023579865,1.1805002304037282,0.7206777548834316,3.468501859886843,0.5199617573153159,1.521959054136923,1.4451315705933039,2.1380138270381073,1.0713867332003681,1.4893399068322548,1.3936624074824466,0.0,0.8372918950303889,0.958494598687373,1.365363238765671,1.378959861638917,1.5010398361362622,1.7217004247037968,1.4932996864137544,0.8732142167396072,1.0982518420549592,2.0527595247726858,0.5170149855103903,3.207437024016549,1.291137615101023,1.488055222932262,1.820959740483193,1.1232022384307718,1.2842642183657154,1.5849096209540092,1.3137543405173027,1.336008340824254,0.5832283718300517,1.4238087744725023,1.554585391661578,1.1934093450605907,1.3424555595050442,1.5836052747578198,1.714176639743757
SP:70,0.8771598194285373,0.8892891281029306,0.8807581238838099,0.5586674410015575,0.7914273455336078,1.054286942237735,0.7265682169680155,1.834013564648604,1.3074826770802017,1.0613436284839208,0.8445566510743812,1.164049805222135,1.891402277498356,0.97132038249986,0.9852420768933629,0.6999411525032925,1.1500598182712554,0.9671150127031961,1.032926334292899,1.0859532373943859,0.7581150325969758,0.8265923495069973,0.7888033546547034,0.7887180982895949,0.7227174606503705,0.6907481212676778,0.5043557386614181,1.0304348684183786,0.5707367897295141,1.0313954445305138,0.6688563777025496,2.188048897039903,1.235088453259991,1.269884223668435,0.9841701893136359,1.3109337037786597,1.709979782155938,0.7701862225872588,0.7900564754835728,1.4385472815651439,0.9456599507266057,0.6961238734674257,0.8764782591114513,0.7601435321539033,0.834939682379375,1.0030457357048193,1.9105313432077897,0.9732666848416823,1.1134708707242371,1.9157664512553498,3.60904000500047,1.2442268172575686,1.485042388708299,3.956383906878625,3.7140548168135474,1.0534746033408537,1.6839462796294764,0.8409756707483861,0.47799498095419013,0.8447376519861655,1.2574089908141717,1.2306711456335746,1.0778999971959415,1.1632205953306083,1.0899171151351366,1.1563212953150976,1.2390939830357497,1.1202071052609406,0.618547983359906,1.1995493388894771,1.0925852214027822,1.1958982724161928,1.128905503782312,1.4142470391401532,1.1394238836134614,4.171082527415644,0.8631618777137969,0.9115242492512717,0.7498310649605074,3.4519816093752786,1.129275339540075,0.9445262404307905,1.220190755733149,1.1372295128461518,0.5088878718398027,0.7169775800663579,0.872375684011123,1.5987642735680465,0.8410434693970452,1.2215500224354245,0.4727635072822706,0.47686646675873795,0.8038001937317208,1.0718354506282834,1.1454218188089818,1.0574252309317227,0.867624759796894,0.6107779928517343,1.164209266077287,1.9754480968558585,1.0362747332531976,1.4808093988278654,0.8433407868707082,0.8343624699961953,1.0126203050699911,0.8113345322222381,3.2671037739609137,1.1523908353714345,0.7242240566964698,1.6288245438858548,0.5963674027745817,0.7304639632032921,1.2961305900193347,0.8443074153502244,0.8042384218453305,0.8982352032451622,1.1112137342304813,0.9724310778433597,2.101207276919233,2.0800637177567065,1.609210898040076,0.8683375374486507,1.3134604012969509,1.5461879104028111,0.37156698972277596,0.5963503764934293,0.6762365013562643,1.3587638341271178,4.784681956461963,0.47174355870534534,0.8288213035788827,4.236966590526697,1.0492592840548682,2.2769487610935717,2.478969476535606,0.8002913793230997,0.7018508171483131,2.8361036360641703,0.5070821237828133,0.8361559703187069,1.1655977412237688,1.4704430035518055,1.7324684355900979,0.9036396439748818,0.8989543432208665,0.8372918950303889,0.0,0.3460809743857919,1.0773442905518822,0.9101187556741491,1.0102314402318602,1.0721913276004318,1.2381204038617097,0.7599962050877129,1.511325408986502,1.3154324070291272,0.46651732553977887,2.580183952332314,0.8581074538577455,0.9130001838200318,1.437165678613325,0.8135376170618219,0.6456985415698978,1.198597653265319,0.6669955549268383,0.7758071276992111,0.7424615472504816,1.0564824980534044,1.2556138182109524,0.7508030137658486,0.7411722498157957,0.8675042979789017,1.336251587994394
SP:71,1.0718697045002288,1.108249753164566,0.924913189547945,0.6944303779897273,1.0002756613394832,1.269955824046364,0.9686542950046138,1.8795842625003627,1.4286686140771085,1.1836459324809603,1.0615167082714911,1.2088175260554945,1.8273333659926252,1.2278773087943577,1.2088006556801454,0.9733056110610793,1.2882596635176844,1.1377336004395524,1.2381763145073978,1.2864631063813832,1.016319447803079,1.0933698685616584,0.9874137363775387,1.0117957450774715,0.9351054789447364,0.967879837059712,0.7813382411610431,0.9644187523961917,0.8039916259966317,1.1169707881520021,0.6979007275072201,2.13272605126357,1.3343561277284761,1.4604804846518433,1.0666497102656267,1.4483240232726509,1.8174708031115538,0.9843756954106645,0.9655410165233826,1.4405539001775511,0.9360989227713576,0.8593578699180083,1.1527286037774183,0.9599748054389841,0.9837732109178728,1.1169647097028599,1.9013255755658025,1.1192505069490934,1.2761186436098448,1.847003381417068,3.5508671078239824,1.3134253823883726,1.621395188874556,3.9166949992881084,3.6922514923201732,1.1338723837082465,1.65835218872197,1.03003700463277,0.6817558170362849,1.1057528294565835,1.3192901135770732,1.4343026733520041,1.262980189975118,1.2643867005634801,1.146997199676881,1.3489146794267068,1.4264503249342304,1.2923219389647378,0.7676829909687687,1.3337142208682902,1.3113707877047074,1.2439638824583206,1.3254211675779692,1.452278062325338,1.2225002096225581,4.04885436912761,1.1356326742560514,1.1174060735174338,0.7898519585076695,3.424173427020612,1.3526224662211819,1.2024290094359964,1.0946009419643792,1.207699543123663,0.5653514532761006,0.6686814031623665,0.9098888318598759,1.7477629099835414,0.7572493531227815,1.3651113749573727,0.5904951529968249,0.5061976643532681,0.9131861985086677,1.348923141739756,1.3944238986736925,1.349181128335759,1.0178095938744658,0.8398783294425402,1.4364487771455574,2.0713419986530432,1.2689403254656213,1.6594885851203227,0.8130408136420688,0.9583782217986515,1.2354944998951571,1.0856778431508376,3.287847552631941,1.3697712777860676,0.5948844763902706,1.763273639324271,0.6303539671280838,0.7355365834464416,1.5318252301120836,1.097460139901122,1.0593253380553684,1.1109444863413678,1.1225442077851906,0.9887866079530738,2.1566468348955996,2.1835349125840726,1.7628911303653618,0.8386102591889875,1.4511386301545386,1.6020790933149047,0.4581445730920672,0.7802296558614068,0.9345097417443073,1.4180717134208296,4.735961226591482,0.6137039163267254,0.7971595893935494,4.180841408697798,0.8970183086155695,2.233971123497687,2.560775224149249,1.0121499816941235,0.8737798727239103,2.84665163113277,0.5207922784073807,1.0732106220915638,1.38367444224084,1.5728919754607467,1.7667265839441861,1.154187091969323,1.1435179072748571,0.958494598687373,0.3460809743857919,0.0,1.304056465536521,1.141141850564325,1.1531759823168282,1.2907407529877544,1.5113682262652302,0.9490191531302917,1.4853549339101773,1.282322632052625,0.6277538554565368,2.5790501940737425,1.0556218620089726,1.0685136986629904,1.6565837244363812,1.040207956508056,0.6693716777333568,1.4438801037680917,0.5938485240865798,0.9205146667932492,0.8790720863529287,1.2451262828058796,1.459806768004118,0.9753119375721675,0.9626963221559588,1.0667555123435268,1.5758519069922776
SP:72,0.9846750365622704,0.47035058743331715,1.706693044940368,0.9704778561201959,0.5595663443683224,1.1739245574447101,1.0697944382377305,2.3583067924325865,0.7805751277707211,0.8356217645051108,0.4631118615090978,1.3396063980589012,2.514590726819384,0.4011561766560915,0.2853821531129901,0.4224620456863464,0.735150492749362,0.5412581594949216,0.3605492105362843,0.46391559057653275,0.6436059710231803,0.6132917334452123,0.5171917628941617,0.8955947730023549,0.6263724493115225,0.5238336493470499,0.7567293545119436,1.9054891953183366,0.7789955103890842,1.459505473975965,1.3471555864122118,2.974003549912182,2.102123312620438,1.6486578477453633,1.8877006632296565,1.7262022938663777,2.1189392940888254,1.0267595258640931,1.3383679901855896,1.936765630334422,1.7077415568056227,1.15375530186842,0.6827219793618956,0.7715619635033413,0.794970363709173,1.0730399541337277,2.348523569741949,0.9239626853413838,0.957252327314736,2.616522380242332,4.190870505473106,1.226959229382269,1.1576366509122213,4.46342891017473,4.1504760134270935,0.8633251378373897,2.1639862956469753,0.6632250301062906,0.8647858077115578,0.3457374563371941,1.541798936075621,0.5003738272940096,0.5388357884384926,0.8577888878501438,0.9373393770506679,0.6452883945083456,0.8186384934817796,1.000273540214364,1.0640022661667772,1.0501410053956253,0.5833658658292639,1.2955961287604671,0.7985864420242941,1.4968727357169702,1.192891227408627,4.859180775443479,0.9481857600990595,0.2368422120685478,1.0897688545379383,3.9807733262708225,0.16073210246967778,0.3854494476042033,2.227304667952187,1.8165311440639769,1.0927017132498036,1.3569177966475563,1.1933047840431452,1.8877038171419809,1.6523265214974596,1.566283319867552,0.9160710388749996,1.0488768812799207,1.3708789546199893,0.6663116947102086,0.9911775778722489,0.6066297935985646,0.38439653482232433,0.4985942418421692,0.4749757964264338,2.3321748998103446,0.5442644453741974,1.5249602647146963,1.7538049913894083,0.9577495978750226,0.6093281736945675,0.4680349457037663,3.714526085918197,1.0006977098117942,1.5501360043329961,1.8773868041577388,0.8349434584892838,1.509713098412018,0.40942981993830513,0.3876486732881321,0.45188288741839533,0.5458449341952567,1.4728678684689305,1.6158580467453498,2.5744167277712284,2.4291816105468262,0.864396912065746,1.5985844947297778,1.6611012176135762,1.9961984437512255,1.0041354878175934,1.0226835924344317,0.42877045154915416,1.80192867782738,5.118402252922774,0.8559136252135295,1.5650558926843616,4.696682873784499,1.5330863433036808,2.816099825399795,2.8211623738181886,0.32528718378734517,0.8911752436330997,3.3550839303236075,1.3030324781180176,0.9867486346807723,0.23203677586774216,1.823053044528671,2.317074502210375,0.6818203607365764,0.5092073882542965,1.365363238765671,1.0773442905518822,1.304056465536521,0.0,0.31193707949134836,0.4607145159958727,0.993217206232518,0.3773302697811831,0.6331908910217287,2.2242737300792985,1.7756085442724119,0.9609996559968931,3.104541659064333,0.4759427542749848,1.5959172231007672,0.5488905226339243,0.33097957943402584,0.9586925912493383,0.42556135859489813,1.5152757743574614,0.8748408200791632,1.1128390331350577,0.23559584549207233,0.23260624106461703,0.35140208903698017,0.8158419975772234,0.9536041388683747,0.5836835492012277
SP:73,1.0319266864213397,0.44641945791512366,1.6100350331383873,0.8768485375007592,0.6584269525727505,1.268055473851604,1.0855229124883283,2.4144920780672883,0.6354343403285243,0.5789566392852474,0.1918803125171806,1.05666374712611,2.316826684364953,0.5570828052704937,0.29930521894897644,0.3474731072738958,0.5939732816705805,0.4466363539926807,0.4653430329798458,0.5961271034541095,0.6724856779253403,0.7037558228117461,0.4516018563356038,0.9528245764247822,0.4810656939165248,0.33222654572861754,0.5370525978713075,1.8396464518783087,0.5542331976007732,1.3182324608759515,1.2565148902071615,2.9457452565048032,1.9937718499363286,1.526561967542201,1.6786482008153523,1.4692339967126036,1.8811062873202626,0.8942834855549889,1.1626085019080579,1.7280612305560583,1.6339613784204674,0.9490874277753345,0.5755706450458319,0.5242061397798096,0.5061445931822991,0.8126723579283285,2.152777831074242,0.6319720438139994,0.7006961808843752,2.3713673502799275,3.967734108453196,0.9779637202936213,0.9516500988717929,4.22911603997286,3.933281584541459,0.661249796466113,2.0163152569270393,0.5665047742285598,0.7264714322582552,0.3408053647369114,1.3855337823247122,0.4803406674021517,0.5612039205412939,0.7060900902133211,0.8311986888577729,0.5608115546047108,0.6201402864582166,0.7369331720707524,0.7784322765305958,0.8053773724408206,0.4288078283229261,1.0445308509164855,0.5301070898623091,1.2735010135755582,0.9127597173221291,4.625158131686624,0.999644601802544,0.31883365933075963,0.8235403562995819,3.7534639537450527,0.340014038246697,0.23185099266864942,2.038424538934949,1.8021765180636544,0.9930303010954147,1.249553896422868,1.2167514151355687,1.7097562140548412,1.3909604926488757,1.35743448627439,0.8471654685204013,0.9082212832305216,1.176910180302217,0.6050204693150214,0.7649792423229875,0.5831748850254788,0.37919841075685234,0.3248571236742277,0.5615709434481597,2.134354293165248,0.39925608556849324,1.3414170915092487,1.669305033989994,0.7116542025850776,0.4027967157846729,0.29248137211479336,3.506984600478012,0.8221334494038108,1.453625841151898,1.6471251853947568,0.7632921966511199,1.4289300771219686,0.458725808048564,0.27917260073792444,0.4060572315801274,0.2972953625807926,1.2318795530493025,1.402326486003168,2.365452427160751,2.2368678826095305,0.8412912717820987,1.5651462273845762,1.4627646244159958,1.7853592780852168,0.8971369185805357,1.0048921650122797,0.27949909361553843,1.6016686927278254,4.897671937306042,0.7770560297436783,1.283431424021283,4.463870258570457,1.44327562996311,2.6164657270416187,2.6478844010859386,0.30129256843686036,0.8985783274364412,3.1208097764800806,1.223542182855495,0.722054617366196,0.38138757029730397,1.606280461915662,2.326659407476957,0.4238317618089995,0.35613103087372633,1.378959861638917,0.9101187556741491,1.141141850564325,0.31193707949134836,0.0,0.36759241780322605,0.7483858499467941,0.49549977798882794,0.675446174121881,2.180633425260883,1.551436121459602,0.9251335517027394,2.8778197934630256,0.40077038739683146,1.3749171443627097,0.5873128484363619,0.3676221175722525,0.8016472489908266,0.3811957810975291,1.3131033255337188,0.7036538916305951,1.1128170625386369,0.3109675353966557,0.4547908177743986,0.21529862461264973,0.6121081401029191,0.6903975924377427,0.5898124958714739
SP:74,1.0718414931769091,0.4473532602011211,1.6616826912415328,0.8488304413153375,0.7298307630461907,1.4057345013368403,1.247783728206227,2.532467231580405,0.4532899946012595,0.4982537233743945,0.3893514843173609,1.0020331029952574,2.2843751822167735,0.6991445966836658,0.3579833932809022,0.6111905881895493,0.3975562190902682,0.31387170477612947,0.4696289929457431,0.6058466316305942,0.9107511092142376,0.9106806607625888,0.47029926742614464,1.1393547710589773,0.5191036503122932,0.6210411177919647,0.6870044212174382,1.9387403312985487,0.6378278849518332,1.337574569635005,1.3432845183644004,3.0634018866492565,2.177269917795362,1.8214829614213242,1.799834124700169,1.540703580772392,2.124629515278322,0.9317454117859874,1.2179370315822995,1.645206009848514,1.6332753109744813,0.967454626652933,0.7060476037054094,0.5554058978921426,0.6101154093415785,0.7407980215459306,2.14361705200041,0.7232098006557476,0.6796458901855335,2.395442572449207,3.9710401854367814,0.8636449638148331,0.8546891228157744,4.215726166935171,3.9305031637156786,0.49365050516207853,2.021642029158959,0.6216128995926504,0.903571412808967,0.5976083120929757,1.3851298904958245,0.4314482354529924,0.48651872285862374,0.5347030753159709,0.6211270203153457,0.47422265116592044,0.5848344166112964,0.762330389753423,0.8487936188989347,0.7827254879140955,0.442270023152461,0.9266616286376294,0.6206702888849874,1.149728343703079,0.86314710129069,4.602483096611042,1.1671446009559632,0.4671109076091627,0.7559502486632413,3.7610118546080553,0.5272667562331982,0.48683415178349726,2.1361428301940966,1.9386995112611127,1.0701903163310635,1.352045840077606,1.295290993211452,1.7574183795249874,1.4248861644766782,1.3974601384390146,0.9093131948503126,0.8740547322220046,1.2438860497546995,0.7359155490740865,0.923880256724108,0.7587637578503363,0.3536729091603469,0.502430431987119,0.6974502705784736,2.196615474348832,0.47077580351193465,1.3648145517129449,1.7444227943470392,0.6584472096313412,0.5171344834290006,0.5214031321916458,3.515252862450514,0.862720556235854,1.4538187434267946,1.7026387129597202,0.746908815793681,1.5261872024065462,0.5238096979220673,0.44751246432602904,0.5212338525060399,0.4459683308568893,1.3191942031594874,1.4773546433657458,2.4010342911929414,2.271790198398846,0.6677134738158221,1.5903151612914486,1.5125136815989284,1.8030941344530393,0.9557997015249223,1.0637523829219986,0.5327644922997006,1.5912398610385943,4.80938049413528,0.8506721999473476,1.3101697361080868,4.406246496912088,1.4602961025265555,2.5811344552447446,2.6778046550601267,0.3642971609268671,0.9235219043801352,3.150898418645358,1.3094104028709703,0.8653524617778595,0.4978896345826895,1.6627900188767837,2.4807722687680553,0.5910584857383949,0.4687321863313304,1.5010398361362622,1.0102314402318602,1.1531759823168282,0.4607145159958727,0.36759241780322605,0.0,0.8284225056223172,0.6797056978040915,0.7100329602605782,2.331357902647097,1.5189274488924847,1.0237515195520934,2.878009817574371,0.3386310352896481,1.486199583775638,0.5847172610133808,0.45322962183966314,0.7941586423894905,0.5313430529707454,1.3922551188212031,0.879843516525905,1.1475649404918304,0.24906899415370373,0.49930058957325973,0.41740164543605274,0.6556772093123063,0.8287784358701414,0.6227812522236935
SP:75,1.2397414716045034,0.7477423357498627,1.545005550882116,0.9550759848327574,1.1580759034438828,1.6187025619321473,1.3817251915948732,2.7181970800301283,0.7985226046324168,0.6004315649136043,0.6597662579180122,0.7293796353300949,1.912431062918345,1.0496143463346275,0.7824410699704618,0.9134134251382732,0.631745863178368,0.6893651176350793,0.9298776048561275,1.03433380619902,1.2294140361546964,1.2356484163355168,0.8010049963982072,1.4604159461011559,0.6485077779091857,0.8052335762294807,0.6400623250917001,2.0767068477576096,0.5443503773329144,1.1048219185802244,1.4621027077232247,3.180127427657216,1.9820591263193128,1.804533082392901,1.375779084168494,0.9217182033962779,1.8966872494267895,0.7543571681155684,0.8322047216449374,1.1818095354285292,1.6075497051798693,0.6577952224304991,0.6059111210305214,0.39477058018209077,0.7610357517198642,0.41595829915572285,1.767010526102468,0.7363500620092776,0.4040244120053116,1.9819840401754427,3.4843338890378863,0.6383753468900627,0.6032434469826037,3.6609309321164942,3.413254714476222,0.7399777026026062,1.8257125520353357,0.8166641161760125,1.1050620127466728,0.9182721443076619,1.1639951193797922,0.7291156558141902,0.839112907687388,0.7541371381893891,0.9030515350669407,0.5943688598535392,0.4451967728788649,0.46762486765113664,0.6169228752380217,0.5309963267901868,0.4928125788646058,0.6653692856133696,0.5083342083439455,0.844405169963129,0.6001130969727557,4.179738189930983,1.291552340664567,1.0366828438782063,0.7223288404182797,3.215049722717616,1.059626209662254,0.7166643551778576,2.004770666495011,2.0563882000974054,1.2962283538319297,1.6247650614590075,1.6984545868008476,1.1108384622773368,1.212328120503497,0.7738595803036008,1.2028278441244795,1.0973055883664515,0.9494217613122654,0.5989853540210411,0.2826817844543192,0.6997357846343153,1.0391674943555291,0.854525501463266,0.8699440219339756,1.6081161846449743,0.49810972766804196,0.6818289773523873,1.7977617578605651,0.474588108213241,0.49222280259610723,0.6150794822828973,2.905922008021039,0.30193487683956527,1.6447595422587202,1.0037122644417817,1.2205493975538455,1.7046176166059734,0.8203226687608985,0.7162501484611147,0.7697944212090894,0.5960457810823647,1.298698769297154,1.2542185949670512,1.799528602144377,1.612388001965723,0.9498388593183528,1.7741659158173095,0.9185847839147471,1.2844599582106944,1.1932695688671324,1.2342249622396362,0.844453068814995,1.100683427483206,4.298485118456958,1.1470162686198968,1.039683967461942,3.8703780329957085,1.8681272861196279,2.1464481339214516,2.0817043419859487,0.8642699231763438,1.2093872038211937,2.5423697180995637,1.534944107637098,0.29975434249969923,1.0418375125252437,1.1156224075677297,2.6729226592943442,0.3536931072526885,0.5346407013066705,1.7217004247037968,1.0721913276004318,1.2907407529877544,0.993217206232518,0.7483858499467941,0.8284225056223172,0.0,0.9077838955648955,1.1446329581460029,2.5218715589098037,1.261494190995681,1.3281381547926938,2.2921203436123148,0.7273725296706172,0.9503470578814744,0.8804262356013891,0.9063571011019985,1.0847456508396909,0.773386727244375,1.3645836607216082,1.120952372987879,1.3778585893352184,0.9129242675041966,1.0758419888364918,0.8544885453968192,0.43060475223225614,0.5300708485030211,0.7371448062911602
SP:76,1.0152414628308999,0.5298670989689507,1.750275644840546,1.0710806294103778,0.7437502962361154,1.203850539371705,1.1426870140922052,2.4481802023532326,0.9093154393491776,0.9617684360878057,0.6327167828332991,1.4362528319480483,2.5788583391213455,0.4670047798900017,0.4058940191462328,0.6027400707709967,0.8129705699456148,0.6590639419737361,0.5167117669548278,0.6031930418383176,0.8379777323271188,0.7419297788956615,0.6846424782592442,1.0601159305511727,0.7301012244807906,0.648997908692143,0.8240341789412131,2.0775923676210293,0.8513142438876629,1.5176659359043474,1.5460312499273212,3.104616973670169,2.13660259462199,1.7396602170386442,1.8932352867667623,1.6381888024360605,2.210352058033954,0.9757897611436941,1.295196408510868,1.9198077765344275,1.7736324966932235,1.150885464664335,0.5656347812894994,0.8185904335429567,0.9774004865851402,1.1092085858795389,2.409656313830284,1.046844949274723,0.9471139884575982,2.7041544062625564,4.228631326667507,1.2981484973035728,1.127932842049807,4.46257801917302,4.158488371536357,1.0381113715779196,2.278648277342568,0.8185598349161557,1.0919819265605957,0.5361047504165142,1.6236649289731497,0.5006280640277608,0.6255352329094133,0.9970096936964195,1.1027925523598714,0.6211789115285521,0.766825018385041,0.9795401494903409,1.1511891835674073,1.1055201287380434,0.5253630308857938,1.368487214160716,0.8130962531290263,1.5497397202366199,1.27524388196308,4.93984063790756,0.9453628549307918,0.585489901035043,1.2261933784648646,3.9854885511187015,0.4567534060872018,0.4078519825075711,2.3908361546903505,1.9154442650604127,1.3321911342902022,1.6322888562540436,1.4655171539160998,1.7751643097448602,1.8016679449705681,1.50292006461843,1.152932775462827,1.2157210903938405,1.4412002347096444,0.45554569335264233,0.8855213727347593,0.38203700465447704,0.7214158577411925,0.7237383171150362,0.21663120128311902,2.2855878668621044,0.5043205333929897,1.3894006447262048,1.8736578959471835,1.0389759176499769,0.6411846417804733,0.4734218990375033,3.6597050095017054,0.888250268210824,1.7212092433227135,1.8001203092951272,1.1409960743769088,1.672037702131432,0.28233002269815644,0.4391178431799643,0.4866854132109233,0.6744416436665879,1.683727989980919,1.7495900702456866,2.5316625783297897,2.3288673578844596,0.8613402428921332,1.7321823945990098,1.6046725942938638,1.9958929284854563,1.2337871885716927,1.112917781536958,0.6249190505753951,1.7966640895362003,5.101081920141293,1.0959377637353906,1.676559354281963,4.691837011032902,1.8623001782920463,2.8508046414628265,2.739819448529742,0.5538234859221495,0.9879808742749735,3.3311510766152868,1.4975292981343604,0.9612330555084889,0.41843443800451374,1.8135354065763902,2.4399967895828505,0.6453233461524311,0.5093727619406714,1.4932996864137544,1.2381204038617097,1.5113682262652302,0.3773302697811831,0.49549977798882794,0.6797056978040915,0.9077838955648955,0.0,0.7884827565004148,2.4060261035279034,1.896957579477808,1.1565140956163098,3.0828397876175897,0.5764305785609115,1.5649200130956427,0.4347390648286126,0.5214528936757976,1.2266323182823051,0.32717834686139996,1.714362174307547,1.1323379282008144,1.1994398101346058,0.4802237674634034,0.4646326263655807,0.6072722162981311,0.8149426625263917,1.020453036187066,0.3674038598408617
SP:77,0.6462476277581052,0.5667193404174643,1.2448136969000723,0.638720048397228,0.3741365614070574,0.7706199656088651,0.7239978619931987,1.8749970815430135,1.1547602237661259,1.0808469308061492,0.7643639972891821,1.4599883038620587,2.437927002871823,0.5133809791195518,0.6302417397743351,0.4928930331168357,0.9983067630850428,0.7567355568923756,0.6753021033187948,0.7450363403043878,0.6250406674068879,0.4781963667077703,0.6454100276770559,0.6247534489254956,0.6939679533796304,0.584063531986659,0.6261668866658091,1.4320080946573812,0.7262703099586962,1.4168899288907635,1.1614562577190102,2.458013117793645,1.7235077092906508,1.5510369167284546,1.5880072936248997,1.5883851308607544,2.1761179495110543,0.7304279731450098,1.0659885001416594,1.7704794539944437,1.217021611334147,0.9170895365102621,0.6470277725715484,0.8253354025597193,0.9552225167540394,1.1329485125234924,2.4115865132532557,1.0757562141793482,1.0926212027565614,2.573413795706638,4.211002011176039,1.398379537442247,1.4332592864606346,4.510682411741516,4.249015536649397,1.0860402617107419,2.184586084115259,0.8612146696729233,0.8164105479110553,0.6361991700126663,1.6310161832237,0.925461490253406,0.8028265462058423,1.1365101226917378,1.0794460577097482,0.9240301236831421,1.084739420948412,1.1120650963978467,0.9818448688027718,1.3281220725092604,0.8500831095686453,1.4031268397350716,1.0749447860489776,1.6372486260149632,1.3551180546658108,4.817232827231245,0.6274219871404527,0.5617814544865796,1.009046572430288,4.020757498774031,0.7209935647116406,0.6345342988565128,1.9556543650452365,1.3116317740364285,0.9359695492925841,1.1691866689464556,1.0000036085898387,1.900799109575601,1.5172230868560745,1.5575913352525839,0.723649876514123,0.6042999113390229,1.311643239819023,0.8085006303367485,1.240031322333528,0.7562761753031854,0.5210477101723481,0.5134371026467562,0.6906688792343659,2.4223138362823144,0.84663728807984,1.634037574138382,1.2223777387286867,1.0127649788607886,0.9548835890208011,0.6023516325779179,3.75146269306795,1.1680270205843366,0.9948013174823773,1.9896246293959048,0.6931296745561049,0.9977357404537793,0.8804029512938405,0.5030947002829745,0.4235994310346093,0.8681186085759087,1.6024945444863208,1.5951620054900355,2.5858739974633416,2.4571407683027164,1.2915730115269344,1.015812552413949,1.6772755834847135,2.0132968697748423,0.779842997793439,0.5312220939411085,0.5176769375591355,1.7693402358120198,5.2155986259298555,0.7040624164528319,1.4018488482141618,4.741215009964777,1.384503301882859,2.7917690006987135,2.8767456739253046,0.4439272442175336,0.29581497390584943,3.3870010739821943,0.831616619256451,1.0680953232747505,0.6655448898007456,1.9135934724451584,1.84576729034831,0.8554756426543049,0.7273066177812796,0.8732142167396072,0.7599962050877129,0.9490191531302917,0.6331908910217287,0.675446174121881,0.7100329602605782,1.1446329581460029,0.7884827565004148,0.0,1.8085046315450932,1.819460881519322,0.5064819360305134,3.101223568997435,0.5219268734720488,1.4174717083329977,1.0105150050958336,0.38920031817677353,0.9580359471214918,0.8108232869110691,1.3678540873257548,1.0269910375004372,0.5055120357511792,0.6169762335634754,0.8259911694562985,0.5406730071664655,0.7853992673735491,1.1450822822399398,0.9424645240662639
SP:78,1.919093483665346,2.2302084820572086,1.6399685734328957,1.9163550231667736,1.8627635486159924,1.5724050751062848,1.4901725998775446,1.1740772096983498,2.6894782260796406,2.4764540843056606,2.190032246851581,2.583261667191688,2.9695385828874037,2.0780931982507167,2.282552576715464,1.870907708098168,2.592787959905434,2.3698477763140655,2.2911174818354945,2.3019684034759735,1.6490452566191578,1.7104400659587025,2.143324247883,1.4058086606261624,2.1513078387450157,1.9016362003506995,1.9134333664029215,0.7001602151574162,2.0500633387750997,2.3189257845364772,1.545492235863605,0.9816223171122523,1.272327900792268,1.332502229427556,1.8539874375315233,2.5085497931676577,2.1283156515843626,2.0864742805707275,2.0947574011382293,2.7698795973164296,1.718821104676409,2.108799282406873,2.194174579406896,2.2394745751114615,2.12481792057133,2.486522310296554,3.082489067043373,2.2410990634244663,2.5304716950919612,2.8706678663272696,4.49421391146806,2.7169370303038165,2.9402736000969987,4.969833263812483,4.75145140380439,2.4793818479495204,2.702943097512897,2.1960122734449774,1.6171858009820843,2.0253533565561317,2.5626566574618206,2.5871716009908026,2.4212007706373906,2.599480189833402,2.5089773844076095,2.5762709050894204,2.6546121769342315,2.4900317318032554,2.03795279340405,2.6575859821424013,2.482286817171306,2.673382103162762,2.478282394468608,2.8953179533051427,2.58051050335133,4.8971452483996565,1.70634896461582,2.036902117419914,2.1673188996223334,4.439436080154443,2.219023504764938,2.18658847696069,1.5077261945990696,0.853820943140377,1.5710708892152907,1.2533408100782668,1.3980539455087666,2.9204326313149305,1.9824270486885296,2.61549487520955,1.6293030463850129,1.6988741554811595,2.1314382338443383,2.390122505647786,2.549678755623603,2.317267824937961,2.034596363386128,1.8817782571031767,2.35606907311146,3.1864088882870054,2.433142589051147,2.9237769471371324,1.0774551680101514,2.3387172093600688,2.41665622641578,2.1291753124768524,4.3647594550124635,2.6162322977515737,1.266802543578948,2.996896321136988,1.7278079499093786,0.940645261897372,2.5592614825416082,2.1284245979767498,2.082698896867533,2.275075486101803,2.1554188257988045,2.1070361092301915,3.27067550958733,3.335273744739237,2.9826832642756016,1.240478610543847,2.6705684036204,2.8300493786509784,1.5812838160925036,1.6250104636503724,1.9117637057924506,2.7042396046035497,5.984287483369922,1.6682732046481732,2.040222538467227,5.334809980895724,1.4626934512753924,3.388656688323903,3.66292053317014,2.067307817373366,1.7181908461697692,3.8965979688197225,1.0868611551654905,2.27228253667854,2.2665344847703452,2.781867088012857,0.602101757852,2.2949091049003143,2.2887765300396574,1.0982518420549592,1.511325408986502,1.4853549339101773,2.2242737300792985,2.180633425260883,2.331357902647097,2.5218715589098037,2.4060261035279034,1.8085046315450932,0.0,2.59593960398797,1.3587637066111637,3.7016882909725735,2.2110891558850074,2.1287225017886917,2.707947385373898,2.0429573662901253,1.9145898308637184,2.4291312695631433,1.6481048206693953,1.8473920869588798,1.5762944542987298,2.294195601375985,2.4127622304906065,2.0010344863896488,2.210856203079244,2.2784195813876753,2.6455968257399443
SP:79,1.7256724210592023,1.504974073856046,1.651179149057328,1.326501738958572,1.701339806866939,2.1721979316914624,1.8003647708764772,2.9114264477046228,1.4203027458502633,1.2200694525034315,1.3623772459715702,0.8738095060407985,0.9136252282000795,1.7754716438184477,1.573397197822425,1.6036429685342468,1.3127367580802018,1.357063868385777,1.5757974726883015,1.5981536812087807,1.7418953253904768,1.8648723151776856,1.3329184132302332,1.932344040500105,1.2336614821184901,1.580172071111746,1.3633735589254896,2.059138327454091,1.1898441527519876,0.7789675149715286,1.236813735015375,3.197921400892412,2.0374273269586896,2.2274976760000347,1.4116413244766086,1.6043810497490778,2.0544827108190593,1.5442951244480834,1.3423236214120255,1.1276751660945747,1.6847036956601853,1.2797317350549855,1.6019120214599802,1.1877825456456277,1.3269520053949289,1.1045956572730344,0.7312779703138376,1.4208438753118038,1.4037595463811192,0.9436485699221614,2.481473415536253,0.9781874547125926,1.4196483639584176,2.8017685165811073,2.512949291203886,1.095172666619479,0.8008955270869682,1.1764895216694888,1.3324389075174963,1.5664953040719565,0.5595098338939443,1.5619861111088456,1.452900689675377,1.121623780838939,1.0707668955630882,1.434263773328987,1.5027119610713722,1.488418306677713,1.1406112293843966,1.0067897483465982,1.5258602686737472,0.8901126273327555,1.481271513000621,0.7764234972337027,0.9789311059245994,3.094848029393678,1.9102748303700319,1.6738226835123355,1.1162410846466329,2.324607765425302,1.831048378437379,1.6810452972107972,1.4588983914073972,2.307912937351975,1.2375859190319367,1.5301593084480165,1.7170940068918366,1.1899626474920026,0.7881186438318734,0.9399938481483007,1.327141778666652,1.5168220015806575,0.7168749774210637,1.6379638240124994,1.2667110206080394,1.7040018477905081,1.626611380741687,1.4751896061506737,1.8699602670332096,1.0975822050031971,1.4322792071507338,1.2100880748372724,1.9111620174941866,0.9709348788304191,1.2909350728361608,1.5369023463863871,2.235696015345926,1.2463876411863086,1.8311663291436544,0.9813565469114185,1.381574459879375,1.9809311732246637,1.8052779926315532,1.6144376957095863,1.6184326592487859,1.2823965597011813,0.9712577877678722,0.5703731064042916,1.2210041584317997,1.369372752581044,1.7326016324887517,1.9765195769273316,0.8914406013277525,0.6824965336867386,1.261366061786914,1.674104525965934,1.532953168086699,0.722444431543859,3.5782385095004954,1.3111150845395778,1.0419855617992382,3.0635261752114724,1.6535064811757227,1.195527054416072,1.6122876721120105,1.5554822522959544,1.8097110054780803,1.8006764219363263,1.7512820629604395,1.1287761052869818,1.914046497069915,0.6728079190175948,2.9253616076699664,1.408283582396161,1.4088284777832236,2.0527595247726858,1.3154324070291272,1.282322632052625,1.7756085442724119,1.551436121459602,1.5189274488924847,1.261494190995681,1.896957579477808,1.819460881519322,2.59593960398797,0.0,1.7063743740644934,1.562947676888892,1.5110115539187472,1.145527136099316,1.883799428042196,1.6188459095333516,1.0414639649172404,1.8197015882566043,0.9650749040481528,1.3241562204679542,1.908540293839214,1.6862131966294884,1.803378904428213,1.5129879838628524,1.2449844424968646,0.963207004971206,1.7962041399504614
SP:80,0.7353594899075344,0.8846087879761776,1.0055744941230327,0.666422104703769,0.5613652793087825,0.7234247172441978,0.5162686148200575,1.5648359576272408,1.4232132079474378,1.264403005786166,0.9420761699619032,1.516092647008715,2.276233779465884,0.804228726840816,0.9580226500128446,0.630432158628913,1.2778965293756088,1.0344432328763666,0.9695406117518945,1.0023922667962415,0.5565586889199119,0.551782424768681,0.8255949770704979,0.4259032517913067,0.8482966854085235,0.713043997211781,0.6986579330670765,0.9572001843762799,0.809840829917505,1.3212676104483614,0.801184521739688,2.0487961687933107,1.3399144943854004,1.2815260074347359,1.346324350811953,1.6438415703329998,1.95764604898602,0.9011249777545456,1.068831080299465,1.7954767989038243,1.017938702915615,0.9830851871721108,0.9315855749534637,0.9869481728057037,1.0267674016937458,1.2919399683862116,2.288798575617275,1.1815235428919784,1.3292072867650175,2.3499448813790482,4.024682987817029,1.5410678879589574,1.7008551638949458,4.387958839973556,4.127942661885494,1.2452994876952366,1.9920715375811866,0.9470939442164327,0.5856867261718511,0.7900487152149326,1.5611703625453557,1.2629107332095795,1.08650187886378,1.3295169289031086,1.2378263038991955,1.2423925668459805,1.3899054596710358,1.3348096371330822,0.9762078209553361,1.4689573424863687,1.1806710444261426,1.5178560348099668,1.3004749090814043,1.7427901624215292,1.4570884043292336,4.586954205213984,0.6438339243631256,0.7895157836980023,1.0591538687204416,3.8754324850419417,1.0107599575570991,0.9416257058805939,1.5208083128907515,0.936536263050843,0.6191535585719257,0.7562118878952903,0.664163485281805,1.9288323904495142,1.288603760345875,1.5777082516896614,0.48200201673296944,0.5653688802868304,1.1712999610716106,1.118067829457469,1.3896946932905536,1.061246877796805,0.766509232174063,0.6255266577467221,1.082548742231918,2.3523497249325835,1.1310957853150863,1.7762363252498978,0.8333168594149979,1.122813319068207,1.1588082360337741,0.8587710716163616,3.6696398146372387,1.3739917187249897,0.6963652197417617,2.011314393333884,0.5673846085795513,0.6018807162446101,1.2676504476149233,0.8301556742176324,0.7629238932176324,1.0340102874874602,1.4260592106993393,1.3613873500850067,2.497809337665961,2.44634850305463,1.6614556279850243,0.7124600038392698,1.6688527857417437,1.9386733515628651,0.48975397201811816,0.44183712726177227,0.6616850902016083,1.7318191892988095,5.200786355517595,0.49823474556883046,1.2620843425873762,4.665835193829388,1.0530450320334872,2.666608229764126,2.8346519405781194,0.7383207430608631,0.4703751091972133,3.264658457029785,0.3670812733998529,1.1412118470718096,1.0372111416971166,1.8556594860607425,1.4836737934659292,1.070247734472279,0.9858401038560315,0.5170149855103903,0.46651732553977887,0.6277538554565368,0.9609996559968931,0.9251335517027394,1.0237515195520934,1.3281381547926938,1.1565140956163098,0.5064819360305134,1.3587637066111637,1.7063743740644934,0.0,3.0006096740321504,0.8650028759980722,1.300037620567505,1.4165568240768223,0.7111457451876412,0.83424488292981,1.1803537953563397,1.0285381127594515,0.8992276299098132,0.49488878328253705,0.9844083709552626,1.151711849858994,0.7289991759999644,0.9527622263589575,1.167101770678052,1.3403173269465933
SP:81,2.8270866106669525,2.7470702893733154,2.4759811142495707,2.5181250048929917,3.0032625793922656,3.2775336850386556,2.937987517649049,3.8522194819813365,2.7398412775110943,2.5468332205200666,2.7065625476357944,2.114239483743475,0.9564446045858448,3.022820053938656,2.858023779951913,2.9190658172186863,2.5786265730438886,2.6533717060683717,2.8757250808601715,2.8883984087328827,3.067538421400854,3.137571289374683,2.6585363874803356,3.213813546264293,2.5183091413530536,2.8703348667693507,2.5852067564569867,3.131708312229111,2.4317721619466974,1.8307341211281274,2.5175813600941077,4.046102379268773,2.737486641308069,3.344223362348926,2.0332066827849262,2.224303675394646,3.003772024680964,2.5523623965341846,2.19969116521426,1.5937320502237124,2.552835875206936,2.2993274032904285,2.6992428327947118,2.417330379426482,2.6977292813686082,2.2661166796629026,1.0434294178514343,2.7140176829207037,2.5348839663096223,1.07573145662936,1.3469719424376634,2.185672795921998,2.4780664566630906,1.4667249025335218,1.3391205010247944,2.489685176739176,1.5656600006403438,2.5214669404176644,2.718752941650385,2.888246706884669,1.7349563281544442,2.7947769856799183,2.7171335407497996,2.4688851804715113,2.4311385465841506,2.6206279758243336,2.640714843835241,2.596396748182744,2.3594094495692133,2.247438446355781,2.7083646292721895,2.0846515694893295,2.689124550316305,1.8675668425359129,2.219174930486585,2.1150380639873174,3.015022230982151,3.0596257908935445,2.404771715290259,1.020373756074905,3.183336317176587,2.930193874088627,2.326074476904671,3.3228620568924696,2.628197100905104,2.9263737885957224,3.096994851491808,1.4317994544531407,1.9992196882607363,1.6176919932651008,2.7049397153310677,2.7761501734600538,1.8703636992853214,2.701192615322744,2.285684193281543,2.7896912961489932,3.0400847543441554,2.8343439115040603,3.0134483230970597,0.9495978532651769,2.632851023787254,1.805244840496285,2.9094586354601817,2.2419343738297512,2.5443003300445244,2.7611062459758813,0.7463229677900499,2.2334950251337786,2.984071768901142,1.3498611427407563,2.841947007623723,3.151900915281834,3.0149442893358707,2.8641398520983112,2.8462233727638084,2.6115578703646114,2.3819138856303312,1.8409381708471606,0.6232211028973551,0.9422080816335056,2.917972108224586,3.0549880218808827,1.5016698155348585,1.123168329827323,2.635805443275117,2.8282231228272945,2.864144071354355,1.3506092502201,2.398919360114352,2.6998763608813467,2.147225287777914,1.7667677969820295,3.1225180108361714,0.6339624647132117,0.8041010657601567,2.88838487209512,3.006570231017443,0.41939669938240237,2.9992410391489197,2.2324960930653224,3.2353000243383603,1.3192723204873311,3.966120798372616,2.5822598949273408,2.6306484780046944,3.207437024016549,2.580183952332314,2.5790501940737425,3.104541659064333,2.8778197934630256,2.878009817574371,2.2921203436123148,3.0828397876175897,3.101223568997435,3.7016882909725735,1.562947676888892,3.0006096740321504,0.0,2.7783343375075447,1.8666840971266154,3.0773841151407,2.9258083003796593,2.54097968270666,3.0352961273566654,2.2815416454735646,2.7716511000605966,3.053500679384491,3.021336559003543,3.142385237860864,2.875810825378183,2.3999391315215366,2.2368762556449737,2.9210982315877203
SP:82,0.7769360466155342,0.17019386329794528,1.3918115883900382,0.5973536851578416,0.5440106200457131,1.148395036228561,0.9983997581779713,2.3065365759504326,0.7053194159932334,0.6632031874712199,0.4284631547128183,1.0816347954717638,2.18610499648822,0.5030177404988554,0.25806432014354275,0.495885877586021,0.4922185492679483,0.26851601971313216,0.38301702387889647,0.5127154546349383,0.8040355040952862,0.7395823208608191,0.3338082059935799,0.9845360152253843,0.3360698027276354,0.5310199632808287,0.4947268223958966,1.7751597567499398,0.454176433495259,1.1791807916822843,1.22487595180136,2.87835373060105,1.9356568359359974,1.7531883877306662,1.581377135378954,1.3959335195814844,2.151625612655366,0.6362093196103674,0.9492900320867397,1.4929491979180138,1.372804683237611,0.741269417589173,0.4157156864783633,0.43121903763237945,0.7269683096830769,0.7245029157125779,2.091570802565422,0.8348685626322663,0.6966585239365304,2.341595545944677,3.916725251735084,0.952105758857253,0.9520379343305824,4.167111443379709,3.8937099450385597,0.6640354671705545,1.9561757969406615,0.5521789820884061,0.8476134810955753,0.5138772304711978,1.3146885934984889,0.46006912368321956,0.39661576118267033,0.671426604573651,0.6764490578887279,0.41191086379964315,0.6249558436180335,0.7711939527931395,0.7782363376371573,0.8653959461639601,0.3815538034820208,0.978328350930271,0.7053145195692526,1.187196089488306,0.9497959521586332,4.565992602049745,0.8873765802022225,0.499020110221274,0.7636594643671542,3.697708255708753,0.6037339805818489,0.4120506259113098,2.030098944721954,1.7182199935533393,0.9928916171475914,1.3374915953214266,1.2299720980834696,1.567817050887569,1.3847888148131435,1.2235452188728928,0.8023125165741596,0.7433702412777702,1.0968386078187988,0.4862798572599098,0.8348070691647772,0.5079592656248674,0.45428849890854955,0.4464767519914827,0.4966222182288628,2.081997682108765,0.3724617541470058,1.2157445562300522,1.5330294347577167,0.6119681287242383,0.5092472103921475,0.33414471257505046,3.4091375955204035,0.7166630244619407,1.3046297975916272,1.6001889718376006,0.7503513556133254,1.375603872505447,0.5281337402990199,0.2562644597411608,0.23946762705111843,0.4834816956068607,1.4178978301323668,1.4140170926391973,2.270063268598663,2.114659372786473,0.8316435710718698,1.3768932620746237,1.346355055060899,1.6887022467141368,0.8526106338171737,0.7946129959840309,0.4463491837392569,1.449785418101146,4.802820551825363,0.7536754352691936,1.2637524239994293,4.372120382547584,1.530375313556999,2.492837009182757,2.5362369762109105,0.24362999543321384,0.6730091305506364,3.063603115099226,1.1694613057908951,0.7364345993240851,0.5581373621546865,1.566205054426481,2.3079387234127977,0.4895576018854464,0.29178933114668454,1.291137615101023,0.8581074538577455,1.0556218620089726,0.4759427542749848,0.40077038739683146,0.3386310352896481,0.7273725296706172,0.5764305785609115,0.5219268734720488,2.2110891558850074,1.5110115539187472,0.8650028759980722,2.7783343375075447,0.0,1.2697719503124654,0.6472827199136911,0.27430993069030746,0.8286821682208011,0.5280906908864363,1.3408169140738888,0.9490570206268993,0.8984017073318832,0.33578618043443004,0.5973840399084255,0.3919441145455727,0.43334690010135685,0.7998665987641929,0.551899498004439
SP:83,1.2445167408980113,1.255438113709763,0.9280884131435749,0.9553296370435465,1.4124804968479714,1.5544152264357092,1.2413385766173948,2.2880815753977197,1.6037059921733903,1.3250671372647607,1.2640523450254944,1.1648768088187071,1.4219591096312625,1.448437135853789,1.3938394356014865,1.2880244479494887,1.3783681434840382,1.304021915268445,1.464884410624317,1.5118232946249022,1.4329620712336866,1.453076372933704,1.2247649759287227,1.5114436556014768,1.0592932913086452,1.2208724006773937,0.9046579796542543,1.5957191635000867,0.8593144604901409,0.8526909269669148,1.185912432247745,2.600989731163743,1.250903811774136,1.7142055902696378,0.48370193965932406,0.8679476904613384,1.856148467001252,0.8592971943181075,0.4861134079600987,0.9051117343732074,1.0893516843930262,0.6538966304922499,1.0649128887909953,0.9506134418975606,1.2829424668888791,1.020479189396122,1.4947978518879055,1.3157548451175574,1.2026145513757118,1.4831923541147405,3.031208419327943,1.2503337097838336,1.4766185316161102,3.297741761501732,3.1056038435619917,1.3562051228211802,1.4988280541363903,1.1982724115870669,1.1867495947929574,1.356411877752407,1.106233146106283,1.497533584590188,1.4010058866785442,1.402935714009342,1.3684534206881658,1.3360437761667163,1.3538509184498724,1.212669385948462,0.8254763746576569,1.232985849796717,1.3003622823872936,1.1585441210743417,1.3305128279944238,1.252440744132469,1.178103905431485,3.674014437090361,1.290429249302533,1.5345243358202276,1.0348978969076579,2.804687804067608,1.676316370753083,1.3484855093221528,1.33940054818933,1.6354319872656233,1.2089201206275555,1.503866190226283,1.6513170712316587,0.8709243333719788,0.891579396314335,0.5945106774162069,1.209906937091531,1.1405087134241065,0.6351927413059555,1.1809313204988172,1.0056437163209686,1.2288283988722015,1.532877633308136,1.2419306633360914,1.456377804734136,1.3141750890237422,1.2400437026986872,0.9590301587637386,1.2881514684866149,0.9483284323514827,1.2178674310802764,1.1644481805874753,2.5200470364142644,0.9872062659855825,1.3650208732356661,0.9758929296264146,1.3918974534287996,1.4329485532883557,1.6019130020763899,1.2681167959472346,1.228161570133136,1.2336768499135307,1.4127082399205222,0.9318263074408583,1.368115053002631,1.2947297767372403,1.8247787545732708,1.424640194847219,0.6822548929131746,0.9563056382328927,1.1356931840076072,1.1357544022459956,1.2573891944665558,0.7954507184737977,4.154307588141463,1.2012341578906562,0.851333316165395,3.585281842022793,1.8466418439453947,1.725792261324546,1.7489525228883138,1.3476632704094411,1.2941356054737705,2.1227401024865653,1.3212032517434396,0.7539258576968779,1.6929044520461938,0.932834791439219,2.293125894310494,1.0756810600664097,1.1598655268096567,1.488055222932262,0.9130001838200318,1.0685136986629904,1.5959172231007672,1.3749171443627097,1.486199583775638,0.9503470578814744,1.5649200130956427,1.4174717083329977,2.1287225017886917,1.145527136099316,1.300037620567505,1.8666840971266154,1.2697719503124654,0.0,1.7203394138960513,1.3548387428408055,1.2491522598962335,1.5335939057511554,1.0491592307454942,1.3846581184739746,1.3172802912214812,1.5567647000661797,1.741126477479564,1.330915630534039,0.8631914131948727,0.9493309937574368,1.5321562614492155
SP:84,1.2965144780730111,0.6662354373975499,1.9952960012075966,1.2320755295211747,1.015755934767389,1.5760699021796323,1.4976795179795859,2.8106872854718428,0.6407097554911132,0.8048872363136081,0.6895959793014235,1.3083997419732112,2.6139545818732772,0.799971190339314,0.5208856141800597,0.8646681127060538,0.6315273663210852,0.6353516991476762,0.6509608468785987,0.7640647562132895,1.1583462251831795,1.09941879052099,0.8151930297579078,1.4033387861554505,0.8467997670914151,0.857539719601362,0.9900240051126551,2.358747537081592,0.968037149397259,1.6388971483337869,1.7721931772055024,3.42705041454057,2.4624511010938175,2.014870432581688,2.0904796045152314,1.6577992594964797,2.3253134368896378,1.1286983961765826,1.4479078206213214,1.898809459546005,1.9928277241035288,1.243874085262833,0.76610761418582,0.8459552133786797,0.9648924339555771,1.0042583435519326,2.4184193118838597,0.9881104424932605,0.803133804733217,2.7405375935330247,4.228203891821841,1.1174425708164257,0.8463329336105645,4.414133588354724,4.118019812954668,0.8973336823364583,2.3587296084517697,0.9348800505010048,1.3023672350727677,0.7963611383437509,1.674025741856607,0.3714037351876974,0.6668974481492168,0.8445583663679244,1.0158990707293283,0.521300818014509,0.5522261253394131,0.8617739199454199,1.197919267813576,0.9665395623189332,0.43800175419310805,1.2164886831856851,0.6875461905336713,1.3907991623836415,1.1351550451032313,4.930616429902025,1.3199881625422292,0.7533406125432734,1.1859138182762874,3.9720377597133174,0.5958932528747996,0.5552728402274156,2.583190450502595,2.2522326320612502,1.5299327758037036,1.825270444625118,1.7141977413803198,1.8352510620466649,1.8621958385688722,1.5544232874072226,1.359771228811558,1.329600254413211,1.5717495149580838,0.6457287506940176,0.9097801428812038,0.6642401397363736,0.7956793175916779,0.8855936997372477,0.5332494630404032,2.3297036110045046,0.5139126677342916,1.367665032168251,2.1372836137731195,1.0039402406286608,0.6388982401603632,0.6641622350541563,3.6525897717526066,0.8782450947334248,1.9037453911201723,1.7898358177886302,1.26850415523321,1.9208987030132856,0.17932373048145897,0.6181748629463868,0.7074235266809689,0.7019404381643217,1.7072371415213152,1.8580614336544587,2.570484867558644,2.357996456505357,0.47783740701897104,1.983201572776155,1.6686245716972492,2.0287125496639957,1.425940148471416,1.3845895771328718,0.8328034384497265,1.8292315503488545,4.949365256050911,1.2974559404099437,1.7063280016783837,4.594702025745846,1.9808144887559769,2.8560260092866954,2.7736871704023853,0.7079100698860089,1.2264786298857573,3.333159116132731,1.7387424002827585,1.0348896390932927,0.5078212661292508,1.8491140825526147,2.7814898344862335,0.6926053348356771,0.613085247529469,1.820959740483193,1.437165678613325,1.6565837244363812,0.5488905226339243,0.5873128484363619,0.5847172610133808,0.8804262356013891,0.4347390648286126,1.0105150050958336,2.707947385373898,1.883799428042196,1.4165568240768223,3.0773841151407,0.6472827199136911,1.7203394138960513,0.0,0.7303775846295048,1.30378569866505,0.32537652054005484,1.855879909725076,1.2575414146478738,1.4534027410105503,0.4916995115363565,0.5066115254169193,0.7639827624303901,0.8977727708763609,1.0695468790175295,0.25583333638715106
SP:85,0.6999787054802501,0.26431205212538517,1.3866589737925776,0.6474257129062555,0.3219339501586976,0.9669990887233202,0.8264361778416134,2.135284997570348,0.8568226540373619,0.822855852170881,0.44585764626148694,1.2543414071167454,2.298123913625694,0.29156831665551475,0.26012059873154336,0.30324145372770056,0.7021755732397115,0.43793841584971077,0.3186093682204047,0.4203941349240267,0.5559395027643272,0.48503445395732553,0.3240407784113098,0.7437474045444654,0.4130655423940733,0.43715328428454514,0.5324735163211578,1.651980891350515,0.5525489216485314,1.2387119944601692,1.1230437745253505,2.73899922870925,1.847960688805307,1.601919061180477,1.6227731651547617,1.5585715472336938,2.1057614373589892,0.7571538332507883,1.0617734754193284,1.6966520682989106,1.379120778334635,0.8930052228081875,0.5025486977540625,0.6050912378054696,0.7706884995687308,0.9462516124375655,2.193704471424005,0.9162244098283812,0.9046739597954359,2.4324624426598236,4.028474511894246,1.1591165260319563,1.1739531564912278,4.3145897517235055,4.022719483388184,0.8163820253665554,1.993335506407668,0.5393501206903213,0.7149298531819709,0.320701233855295,1.3870026347013058,0.574824884029099,0.46370512662916585,0.8273178146362064,0.8211293642879873,0.6062921738321218,0.8312047549035123,0.9547250169400466,0.8878726300622142,1.0271826277362395,0.56908757992689,1.1896180662133191,0.8367279832456889,1.3949116707790388,1.1281055975089906,4.677624471781569,0.7244926178716057,0.3019602465582736,0.92033425476078,3.825746478895724,0.4578127140094156,0.4053018984505712,1.9937567595289003,1.571651601162355,0.8844060993390876,1.203835229752732,1.0349740273978656,1.7103234660691067,1.4517146971999624,1.3750843770856775,0.6811717089779812,0.777004961080215,1.1506581916452674,0.5730360118755535,0.9517664750650954,0.5263409172069111,0.34823355100926,0.34766912940585026,0.4765353352864868,2.190409576504779,0.5131896689531413,1.3997987128082192,1.461331478776145,0.7974803531498066,0.6054835675484483,0.35149598771521573,3.553514259096596,0.8981568117609463,1.2695065349264127,1.7539805586299244,0.6514146046933317,1.2702515437884803,0.5777334874895461,0.25969331024778797,0.2183216082183683,0.5336647269709056,1.4192695080584168,1.4371769075773084,2.397288812929327,2.2615265126466797,0.9903420774680388,1.3006237376441783,1.477849008142144,1.8153547368938698,0.7612524007119075,0.7095471883151782,0.3071252006481372,1.595197640848051,4.999376186012069,0.6315897213754305,1.3695139955323152,4.548984424717265,1.4187187177970586,2.6219598922941074,2.6631760335250076,0.10567640462437279,0.5980121722923029,3.196271628798139,1.0544896847029497,0.8527755769729617,0.466368287869503,1.6785238522523578,2.1299874178141818,0.6131533044762209,0.4028193038068895,1.1232022384307718,0.8135376170618219,1.040207956508056,0.33097957943402584,0.3676221175722525,0.45322962183966314,0.9063571011019985,0.5214528936757976,0.38920031817677353,2.0429573662901253,1.6188459095333516,0.7111457451876412,2.9258083003796593,0.27430993069030746,1.3548387428408055,0.7303775846295048,0.0,0.8039346975463573,0.5664485378706281,1.3153682786904217,0.8460348114004,0.822773547315165,0.32593338620340223,0.5070032666427646,0.2647344691445893,0.6024143581046162,0.8698547140939709,0.6645098732606968
SP:86,1.1043564052446955,0.8503608471970349,1.3698597098525103,0.7690762095370501,0.8411425315834526,1.4146937153272543,1.0900676722256661,2.2639854040852554,0.9651386291640953,0.7994242189232178,0.6678445163600444,0.9484146548874851,1.8062011106840101,0.9957779135546868,0.8680532801089942,0.762714664082952,0.8919591480725539,0.7649956467161622,0.8554351212531016,0.8909070875078342,0.8447610477370182,0.9938824704087117,0.6217922911348444,1.0352326155906826,0.6328062055416249,0.8057924418481741,0.7504288044615915,1.4732180786740219,0.6645223798317889,0.9528531737356777,0.6930235236370103,2.663941303909876,1.762826985106273,1.5962241528255108,1.4539229811531968,1.6305407990402994,1.8310580073616045,1.1164444072364657,1.1743727239358424,1.5515415829571182,1.3690961019408516,1.004167390967843,1.0639944715110505,0.747549537461257,0.6885562520093167,0.934192541340029,1.693296148160937,0.9033876085646648,1.087083464931518,1.8413609674739646,3.4825899090439854,0.9903384151780918,1.2977026923054875,3.837142713042856,3.5358376992408136,0.6669113864830938,1.4417773504096736,0.5593279484406523,0.46780363296220157,0.762716036283631,0.9837118801564053,1.024787870115849,0.8656760085207096,0.7663094032034469,0.6932692488234591,0.9949110551197069,1.1397183700061386,1.151147445232816,0.7693060037433901,0.9123785165538961,1.02573371619648,0.9778395573426408,1.0410704038921668,1.1423518665524819,0.9234955803813559,4.056261188503044,1.2047659017377836,0.7713161107873484,0.7359023153657382,3.343413803245178,0.991551797837681,0.9765411080711873,1.4494661825202548,1.6574211969959651,0.4347901745483537,0.7384102328123711,0.8347898656172443,1.6662816364726534,0.8876772391972402,1.2885719696068807,0.4514650851509611,0.8189651879535799,0.8077001084505291,1.158327584144809,1.1099842041241959,1.1609572675480013,0.705117884015722,0.6167787635256274,1.2253676125471689,1.9015672330126814,0.9335766751303948,1.4800558374877295,1.3928421079388884,0.7032503471194589,0.8238311028417218,0.881903629160521,3.211397071008673,1.1186915273129912,1.1970714523230495,1.5910362987542312,0.3670455271505032,1.2575974450202998,1.1881466339808004,0.8989960567963238,0.9062559761302607,0.6821267114037415,0.7855634562830185,0.8455084392220522,2.0884397129371797,2.1046223145969973,1.3267722623313016,1.345978439828532,1.3394611378405985,1.4797536031071739,0.4258144427480696,0.9848542282441786,0.7014889696891555,1.3371522325277632,4.593352714577576,0.4118396901438763,1.0008529849048897,4.099507331601744,0.871067545948385,2.1632393723226686,2.437080606399807,0.736156902633116,1.0418475197082153,2.786072574032513,0.9767632457472606,0.9050688489917802,1.0938873067446364,1.3691934774795864,2.204220801200223,0.9337243141609085,0.8464701747581039,1.2842642183657154,0.6456985415698978,0.6693716777333568,0.9586925912493383,0.8016472489908266,0.7941586423894905,1.0847456508396909,1.2266323182823051,0.9580359471214918,1.9145898308637184,1.0414639649172404,0.83424488292981,2.54097968270666,0.8286821682208011,1.2491522598962335,1.30378569866505,0.8039346975463573,0.0,1.168751481028832,0.6808460188330014,0.5032336400170585,1.1757251218843918,0.9054146036096286,1.0297743453400583,0.6629385239804727,0.8344363517094224,0.7051659733531064,1.2754307089618095
SP:87,1.1689886727869623,0.5731556715595132,1.7996853844872194,1.0852827923361656,0.8667787795363407,1.3809475901488155,1.285166131082306,2.590964340127425,0.714983787276482,0.7410537207787022,0.5255784337242888,1.2310811537233177,2.5528340712232733,0.6687287036679251,0.43414229549651584,0.619227639628676,0.6818576321881723,0.6121238470251923,0.624647443467646,0.7572571365454043,0.9341956050446996,0.8826442314870424,0.7188567761717063,1.172806084284598,0.7270447423765665,0.570988521417165,0.7449013301367383,2.10799832786031,0.7820657779320804,1.5619101397281654,1.598883324371197,3.1606048386734726,2.2042528323963393,1.7065107772195243,1.863621712467319,1.4727628959117787,2.0664048754770303,0.9456022191601802,1.2714973205291735,1.8321561304409915,1.8223962899755866,1.0654503564060784,0.5708475827722265,0.6982318408885213,0.7664191797820267,0.9174574608915602,2.3872477413255084,0.7875472138814583,0.6946730532336692,2.6311578052127214,4.18507255061339,1.1032853862158072,0.90353434165885,4.395906256028358,4.113429964671539,0.8801956226216525,2.306272687063213,0.8586612045080236,1.0827219046801624,0.618826295223494,1.6390919003703337,0.4729950915468997,0.6942603373099008,0.8881959084647137,1.0461505168096423,0.575794505644715,0.5333486562504675,0.7118093333052432,0.9846592003757665,0.9487077312930806,0.36683616844041794,1.1858467276772662,0.5427126444459667,1.409512430480975,1.0654005513849576,4.869042867877324,1.117431452446133,0.5928095200113676,1.0277786546103787,3.9384958886300625,0.4559589699565196,0.2613047041259874,2.3572151469346774,1.9970417179934732,1.3506044305698184,1.6045464702560455,1.5445972021983951,1.7894595089569074,1.6784573629170183,1.4746199242593523,1.185643190921232,1.115796692244884,1.4403985952995442,0.530796046228031,0.8113753894203913,0.5197442240886176,0.6491115170791432,0.6522999979291749,0.4175751304647523,2.289678357474518,0.44927177418803205,1.35812907454937,1.8931213405192875,0.9079438004179959,0.5647808197712233,0.42182645831029925,3.639223512689471,0.8442404618240031,1.6720484365418078,1.7439802903327306,1.1105724293928674,1.6498399324203463,0.2449348724237273,0.38514414167942723,0.5080316395997605,0.5767180829008478,1.555573613290418,1.7161479351013755,2.5189807502790673,2.3282669271453953,0.7351830590807448,1.7681852065907027,1.5992880458483685,1.970766651218659,1.2383305586660698,1.1905901261758995,0.5889845257058177,1.7714978167312294,5.003227371200196,1.121625744554557,1.505343368931783,4.60435726872803,1.7987758342184639,2.823510610728828,2.765609001909418,0.547901152844014,1.029689349172766,3.283279271735876,1.4871249614944249,0.8644291885809036,0.3481997876336317,1.7883209133296427,2.510119463418354,0.4912766872933845,0.4864778313485386,1.5849096209540092,1.198597653265319,1.4438801037680917,0.42556135859489813,0.3811957810975291,0.5313430529707454,0.773386727244375,0.32717834686139996,0.8108232869110691,2.4291312695631433,1.8197015882566043,1.1803537953563397,3.0352961273566654,0.5280906908864363,1.5335939057511554,0.32537652054005484,0.5664485378706281,1.168751481028832,0.0,1.6581431050517235,1.0652091355296915,1.2456705317763588,0.41742102794658714,0.5228433399397898,0.5614466504244868,0.7464596327785146,0.9337062022706715,0.3477283374966987
SP:88,1.393818257494962,1.355375046549789,1.2036659641191814,1.0460733147630457,1.2965626763606615,1.6056004716199905,1.22024614030722,2.1520214702885037,1.5358816968834723,1.2694792944516875,1.1765621728759506,1.155023536965414,1.5438081464644091,1.4678705532243939,1.4172152953175825,1.1811114823327657,1.439217975164598,1.3284349083026976,1.430568876175436,1.4578092076621207,1.180120971865633,1.3461834619982407,1.161238777908029,1.27055651299102,1.098531159197128,1.1690435918049948,1.019646534899933,1.1944079644241432,0.984709686262114,0.9863017628318904,0.5978426900818932,2.3402590172071176,1.363696801003076,1.4436839897619012,1.0649542894093857,1.580574732470133,1.5613020498298582,1.3268749585791026,1.1907829848115152,1.523354830939588,1.2825109799383538,1.1305767375534956,1.4096760875706396,1.1199031799112136,1.0677388758219288,1.242601922258118,1.5333700545628997,1.215730624132957,1.4399855676172364,1.4256603337265343,3.133194245355621,1.328154332940237,1.7067385264467783,3.5457919021430646,3.2833714993673166,1.207421576078042,1.2728377741317873,1.0757432108324994,0.7153626783309078,1.2417813633702077,1.0725954084648641,1.5891828180948584,1.4342019102069223,1.3233958681158657,1.251925976392636,1.5158778089128369,1.5834535354814288,1.4620521950807506,0.9009204199434359,1.290445287781385,1.503811044149617,1.2636660437731957,1.4344158072433613,1.3986127522779461,1.2095670897842719,3.649019187881691,1.4244661807012011,1.325529636386755,0.9879519052687563,3.032370602729354,1.5397872280777052,1.424638135749601,0.7900168159627743,1.5114449793301228,0.5921242743251738,0.6564726409537843,1.0317716422443612,1.650191577286666,0.5046946654794425,1.3023378144559226,0.7747012522777326,1.0309754408502378,0.7376280819411761,1.5483069340298963,1.3769192427615793,1.5505633048453529,1.2869150936445508,1.0686462917607067,1.6852116750295223,1.7542927059908722,1.4141997804046706,1.6436300136665352,1.173521316354464,1.0552944256894732,1.29488210086767,1.2952166482858547,2.9754659493268982,1.4405608211006597,1.138808266834439,1.569186243065046,0.8762213880940086,1.1577101069030942,1.7268540236982182,1.3562449035564437,1.3470492914401446,1.179321026456923,0.7450500302457347,0.5294729328468347,1.8740362349085633,1.993956409542996,1.9134328020711238,1.3098219892124763,1.3213223385342925,1.3507878731827978,0.6529001502529992,1.1812374861031862,1.1404469641489037,1.2841578690585245,4.454900452557682,0.7802948056568028,0.8060319567026993,3.869974573416443,0.9092918813166176,1.9371804306984144,2.3011926091986283,1.272295023740385,1.3390110656037781,2.4880816515209765,0.9469344521262218,1.0971099051495792,1.6345188796984662,1.2894502114030324,2.0323111279328963,1.297123240337069,1.309673634238875,1.3137543405173027,0.6669955549268383,0.5938485240865798,1.5152757743574614,1.3131033255337188,1.3922551188212031,1.3645836607216082,1.714362174307547,1.3678540873257548,1.6481048206693953,0.9650749040481528,1.0285381127594515,2.2815416454735646,1.3408169140738888,1.0491592307454942,1.855879909725076,1.3153682786904217,0.6808460188330014,1.6581431050517235,0.0,0.8369268566750747,1.3717208515277166,1.4936399293797402,1.6339745581630263,1.1775731157903622,1.158990732425986,0.9647759407225391,1.780709751720807
SP:89,1.295602659385602,0.9699976550464069,1.610017479265042,1.064226053929275,0.9266614133678315,1.4457527340657645,1.1349358511307208,2.3238233780047333,1.0255085564307003,0.8541931947969765,0.6152955419258335,1.0795038402319386,2.128519331707978,0.9955449589528049,0.89972763947773,0.6496684966296153,1.0491912720884546,0.9248563199842652,0.9366737816999184,0.9884751540504813,0.682896559035762,0.9083413506600746,0.7776752717272399,0.9533151362432224,0.7992692207551699,0.6511061436426119,0.7845897861830821,1.5637342608102984,0.7936744067679645,1.2590271634854502,0.8994295855274846,2.70170920457666,1.7949898174534158,1.2350409102970286,1.5749837256521158,1.6775964760274253,1.4809376169179047,1.2663977438088694,1.3632609701444263,1.8700106059468256,1.6668369160075227,1.1924994478307676,1.098914960547756,0.8669153564100814,0.5595647873802707,1.0924730263072449,1.9484031769597658,0.768850396103529,1.1204988810362324,2.0445469421885614,3.693311480798696,1.158805832424322,1.3614751036011175,4.044967728520878,3.7283250065306266,0.8542401619622092,1.7207782484800909,0.7137338802972827,0.36813448837941426,0.6606315837997806,1.26472832527128,1.0704603911150772,1.0195730290093423,0.9650756069148198,1.031332594199938,1.1133271107999365,1.1602905543180118,1.136988730258448,0.837571475241899,0.9898898074509594,1.0534291721564915,1.192930661787406,0.9468250697641697,1.3944733634112207,1.0246905964165423,4.289943039086216,1.22702835646339,0.6875911366273267,0.9180419401513159,3.5442161180773075,0.8340330196235959,0.8734093094320915,1.568269464961348,1.6958990294781695,0.6417246532936516,0.7214436546120719,0.913248924334601,1.854860684669353,1.0700383399537658,1.4852237322555324,0.6715339706407304,1.0162978874950388,1.049041835243435,1.1779645099104905,1.0731541175628132,1.146336271072624,0.7175413280144621,0.568794233911031,1.197287561283796,2.0618637547114664,0.9674532599670446,1.6301821877216982,1.5446295213015828,0.9167681654982491,0.821975497184588,0.8429004021707857,3.426557568952035,1.223505068635823,1.3857879619139464,1.7164101723372,0.6051467249053581,1.2954194841833362,1.1373278720634772,0.8834567057038636,0.9436599949015495,0.6522174198356678,0.6927921620060663,1.0303400575320778,2.2957175021754317,2.3009869502494116,1.3866785063395204,1.5445975626262858,1.5363729183882293,1.717592963601814,0.6689549081440022,1.1593599405332193,0.6064980743676884,1.6193090868500566,4.840936459909827,0.6082541940252624,1.1313769863812926,4.343424242085012,0.9163776518770266,2.463644202587164,2.6458439799230846,0.7839138601782544,1.180174894910266,2.9661425850805014,1.056276028368851,0.9266951854019907,0.9770281872278074,1.5355587727995461,2.1529641480647137,0.8976758310151084,0.8910979833026702,1.336008340824254,0.7758071276992111,0.9205146667932492,0.8748408200791632,0.7036538916305951,0.879843516525905,1.120952372987879,1.1323379282008144,1.0269910375004372,1.8473920869588798,1.3241562204679542,0.8992276299098132,2.7716511000605966,0.9490570206268993,1.3846581184739746,1.2575414146478738,0.8460348114004,0.5032336400170585,1.0652091355296915,0.8369268566750747,0.0,1.3200156938431533,0.9177295352925116,0.9674682997817037,0.6089250991623896,0.9757221916752158,0.7027846921543601,1.2682412679319286
SP:90,0.5756755665963903,0.9159358798589479,0.8592050482460231,0.6313002656872955,0.6853895885489705,0.6000167948166666,0.6013885388654746,1.5029744906967886,1.5681464369495697,1.434397526983574,1.156138232246282,1.6855080449115516,2.3669177004135946,0.8759244483554953,1.0544734158039746,0.8707940054579951,1.3562031032105237,1.1202307317509423,1.0749893257848495,1.1103070896414033,0.8977015770936339,0.7457161422899313,0.9754889513402302,0.7223740088697868,0.9706243392609181,0.9347444600378747,0.823983173315755,1.116488085928941,0.927532899542661,1.4259261394633878,1.129326950578127,2.0705654418780965,1.3928712814773743,1.6057082087335925,1.36391697481362,1.5844899531311678,2.303548092527137,0.7240905020676838,0.948983839688883,1.7004674074790689,0.8205409974913875,0.9165888442700596,0.8800921261935148,1.078988888157248,1.2938781625141764,1.3557873968659224,2.445964857111342,1.4000178883750938,1.3839216869622653,2.536510416656119,4.16325856818302,1.660968252030229,1.7591298359276033,4.484739019090596,4.258957778812609,1.4239392859810316,2.194597891722006,1.153526144333335,1.0100575672609167,1.0237324005734225,1.7312082046967405,1.3350939654658867,1.156285595294178,1.478666118111993,1.3572089159879805,1.2724426834536284,1.4356218728282468,1.3926249806479833,1.1309994698787418,1.632534924326911,1.2185237557434485,1.6221451897787662,1.4373160555014826,1.836705480314234,1.6162414659167628,4.734772829661408,0.5797267220356207,1.0273803312144423,1.1924401807230223,3.9872130696413,1.2066813353167427,1.049834496145316,1.778361630833714,0.9365546958920113,1.0107918333247405,1.2234916764019836,1.0609512317865395,1.8963037132503948,1.525464242178799,1.5842073895005122,0.8373920764534476,0.6149322292587399,1.3305380121818802,1.0792712227037484,1.4927448547979143,1.0386799406587943,0.9858956846272771,0.8853679914246849,1.0500216912454265,2.4461949582460325,1.2041217308462444,1.7477625221349522,0.8201214870209895,1.2332247602044444,1.3107135109689547,0.9549981184039554,3.706388017474459,1.3859116657669952,0.696638828252549,2.0748758312792424,0.9262611550665919,0.743714916051275,1.3191072680543943,0.9045219854833751,0.7894316963288941,1.2399062668812744,1.8122217470253759,1.6338565594492964,2.54944508148315,2.4347170306581702,1.7126597912919117,0.5781681468970883,1.7008754566413398,2.0231456836748696,0.8504071491956374,0.3130696523767876,0.9025456593615829,1.7643349050609287,5.246157358018707,0.8587602514439938,1.424125278393182,4.725930115803911,1.4904044273044939,2.743935246533437,2.8519702991297198,0.8806238076046179,0.23360926890495393,3.354305333941599,0.6573073705511415,1.255283935066527,1.1590787555420436,1.9811847304260426,1.5425027893968717,1.1645976312519497,1.0682331310660187,0.5832283718300517,0.7424615472504816,0.8790720863529287,1.1128390331350577,1.1128170625386369,1.1475649404918304,1.3778585893352184,1.1994398101346058,0.5055120357511792,1.5762944542987298,1.908540293839214,0.49488878328253705,3.053500679384491,0.8984017073318832,1.3172802912214812,1.4534027410105503,0.822773547315165,1.1757251218843918,1.2456705317763588,1.3717208515277166,1.3200156938431533,0.0,1.0949801057431308,1.3042199209603067,0.9627764827265444,0.9790217832589517,1.3907004975497343,1.3295493992631082
SP:91,0.9892739141526072,0.3899167764620788,1.6784175375001076,0.88946375845051,0.6059380033216846,1.2628446861097287,1.14938839462683,2.4354697559556766,0.6230704512090479,0.6951765133712912,0.42702636281248846,1.2083823261089628,2.4285996622189,0.5100766329318625,0.2315151615043309,0.5105703437420822,0.5584872161019038,0.3911815994230009,0.34613272572183584,0.483772211221518,0.7870197755581675,0.7505889035302813,0.4658024242831395,1.0142962396629247,0.558013230140506,0.5702403755211053,0.7186773702163683,1.9327310124536579,0.7095564269937523,1.4132620860511227,1.3677579599944292,3.0246496335235222,2.1553115741141426,1.7688671120236146,1.862375265337256,1.6406270913400143,2.1741910266157367,0.9496120207081764,1.271054757344375,1.7960428840342888,1.657751217785365,1.0545238863825006,0.6525691736578139,0.6653999385535927,0.7338571572123538,0.9219965049842286,2.2810292315719027,0.8507487029109173,0.8207804987961199,2.5504638770986836,4.122801501870036,1.0722118735196227,1.0087052382447739,4.377404792612913,4.079833523779712,0.7081648201151096,2.126216125920139,0.6433377718912626,0.9108575228302455,0.47288463885326054,1.4887879641934998,0.4034693412358898,0.45566563103045166,0.7101208424016906,0.7825732556894968,0.5149056142722385,0.6855879930876217,0.8835048911626946,0.9793785649370992,0.9434321975298136,0.46838607080833106,1.1375635643399757,0.7164245975961078,1.346628147548845,1.0618164441479816,4.775340224764297,1.0339239256121773,0.3291854783677637,0.947457087282661,3.9096460924123,0.33668234180523327,0.39431958841975057,2.2203729357299338,1.8746204079840976,1.1029018148222574,1.385880477841008,1.2547159291426606,1.8302104710187157,1.5794460961372068,1.4933720492578053,0.9203611304113078,0.9516879623230539,1.3316225352142326,0.6553357448790538,0.9669117238438968,0.6395463597441968,0.3207291756820786,0.4940781977886697,0.5198792690342249,2.2927956784685697,0.47172872939099647,1.4450223170256036,1.749522285691724,0.8262012975862152,0.5612676360078488,0.4631164670648114,3.642678597261284,0.9220952484898907,1.4970030217081751,1.8130571317377924,0.7972883045302248,1.5195694734335263,0.38855274213700214,0.3588865576362448,0.42609515699066175,0.504126132853294,1.4513540906236964,1.5880546321940596,2.514137529224316,2.3663471938064635,0.7240408046124666,1.5800704279162,1.6019149250841287,1.9259193501865735,0.9933201110747513,1.0175185686651163,0.47231171541896433,1.7139884950329805,4.991846249337767,0.8623256066801593,1.4711306097866121,4.583950561789072,1.5278769379292048,2.7275355076671133,2.768940781425585,0.2772385054005728,0.8637633175835249,3.288795030868551,1.3099656209275352,0.9408601008940152,0.2992368903961318,1.7727563307211103,2.4002678070777397,0.6283106700294645,0.4543849781143939,1.4238087744725023,1.0564824980534044,1.2451262828058796,0.23559584549207233,0.3109675353966557,0.24906899415370373,0.9129242675041966,0.4802237674634034,0.6169762335634754,2.294195601375985,1.6862131966294884,0.9844083709552626,3.021336559003543,0.33578618043443004,1.5567647000661797,0.4916995115363565,0.32593338620340223,0.9054146036096286,0.41742102794658714,1.4936399293797402,0.9177295352925116,1.0949801057431308,0.0,0.3106494022026586,0.3645376281575431,0.7242180254750976,0.9225262900252945,0.5309812148931763
SP:92,1.117188198470336,0.5746031658915911,1.875664629915313,1.1080384450388556,0.7053226365339127,1.3466664773284174,1.2453701470842349,2.5287382211838865,0.7197293156058908,0.8641864451562727,0.5610376539878394,1.3835159215658823,2.55797286586306,0.5422691037716311,0.3745578593939855,0.6293221008542959,0.7167257643336992,0.5694043069958942,0.3772258723566051,0.4506199995815841,0.8143625950836888,0.8016672486414037,0.5960872521796527,1.0764618044167626,0.7247271368292457,0.7295731014998961,0.9399485066883261,2.0879893149181528,0.9206368725100315,1.514768421368781,1.4567148269837644,3.1678506724955366,2.2927217990966566,1.8361327087021115,2.060469209985139,1.8763552945607096,2.253038984721775,1.195337451815283,1.4946141205253973,2.0200811805968364,1.8632479316110968,1.3067592089673001,0.8454273942760241,0.8818973190621118,0.9015316871063757,1.1458644933828381,2.3571154782121013,1.0314311422165934,1.0387478485865427,2.6784279997824307,4.210357390178414,1.2397712790755755,1.1480027978462355,4.4754878221961665,4.144865121483482,0.8580561901332358,2.1771528655089436,0.6995539167474528,1.007545340618874,0.4929712637492043,1.550595420739494,0.44906703132832204,0.5210395291452687,0.8127915036981432,0.9090092826525177,0.6427052704965632,0.8548093988255898,1.1021433246583594,1.2094417957992092,1.0501745074682545,0.6481296924073654,1.323369013982716,0.872010778473488,1.4921889669087787,1.2324404049857896,4.8900413921629795,1.1285471846464903,0.3906481474271946,1.2022555987209989,3.999734031379251,0.2752827962814419,0.566491286072144,2.3711968766723523,2.0147259301528795,1.2073116410798603,1.4882596290154926,1.2958814397032135,1.944931795849581,1.7686740747709382,1.6414844769637245,1.0407415426355606,1.2251118551862048,1.4604166480736696,0.776137326346325,1.054358162112141,0.7338095276570089,0.5055034131956984,0.6805674923508004,0.5934666910408071,2.359485948037795,0.5989130350412349,1.5636117976116413,1.9472044418037033,1.0301527518322493,0.6443008215135211,0.6443614536490919,3.734030669564869,1.0499417751142062,1.7366444441641373,1.9186831692624196,0.9408207244980321,1.7157472671229859,0.40914565738389674,0.5758412564068685,0.6360320896632984,0.6083728134983465,1.52854428980226,1.692417641984962,2.6183824334130996,2.4708583393578616,0.7458366538848473,1.780343606389241,1.723552358343245,2.0403711552529438,1.1374541914756418,1.198929486768784,0.6251642803852451,1.8565626144450853,5.092963726240057,0.9808502374570864,1.7022870232952776,4.6978852384172285,1.6245426571006496,2.8411920996452347,2.839870766615107,0.48700527189265164,1.078596158904441,3.3908775878435766,1.4939096908777663,1.1015662754265343,0.3644019885265247,1.8610526834798953,2.5140515279917977,0.8067589544004887,0.6097122099969308,1.554585391661578,1.2556138182109524,1.459806768004118,0.23260624106461703,0.4547908177743986,0.49930058957325973,1.0758419888364918,0.4646326263655807,0.8259911694562985,2.4127622304906065,1.803378904428213,1.151711849858994,3.142385237860864,0.5973840399084255,1.741126477479564,0.5066115254169193,0.5070032666427646,1.0297743453400583,0.5228433399397898,1.6339745581630263,0.9674682997817037,1.3042199209603067,0.3106494022026586,0.0,0.5215584353167011,0.9416071152418914,1.0248488865238028,0.5980595574435564
SP:93,0.9005042622589134,0.42732602082762833,1.4662438028740756,0.7466254702849942,0.4941526304855426,1.1234596577097469,0.9206798154612614,2.231494396325114,0.7628148772915466,0.6776488203710708,0.26362993574539445,1.107585979547863,2.257782106754677,0.4858136073909295,0.34475734972408145,0.2122894040670468,0.6844967884630384,0.47365761303900733,0.4429448466190209,0.5508724840798247,0.5130358633093479,0.5620121005313852,0.36529517604894446,0.777343401892632,0.42559066752403807,0.2892584993386765,0.47728036673959445,1.6463085559559216,0.5074801209610125,1.240362220865645,1.0751154556524982,2.7615119770689143,1.8516777812709972,1.4547952212614736,1.5945827830283836,1.5144893476156884,1.8794217041336956,0.85791119182907,1.1128803090928379,1.7155731645293744,1.4827945048489757,0.9147861592199545,0.6032633859908039,0.5510630982174824,0.5407800113807159,0.874887964160951,2.123022404233999,0.7121879178458955,0.8254616161787336,2.3216708351431894,3.9435475882398525,1.0545512365726528,1.1054478448289582,4.235975889694724,3.9397818286138793,0.7017115324203077,1.935352717502689,0.5006172399372171,0.5588304669462849,0.2572184628902579,1.3395485206113165,0.6085541913857511,0.5676838207108609,0.75892721796654,0.8115778340663097,0.6594851131007878,0.7860403465997229,0.862342095801746,0.7614202757215525,0.9025947730357465,0.5771354010066175,1.0974187476414927,0.6971457788946872,1.3240426890920325,0.9859451571311635,4.581573881364241,0.8740066572376672,0.21895378782214042,0.8075088791570293,3.748221862880527,0.39749712727589875,0.3600130285400956,1.8922381847779381,1.6253067455256969,0.8040110907665636,1.067734952896353,1.00949960997646,1.7286476348275488,1.312158001242814,1.3674565132444212,0.6460550322852339,0.7773169377826548,1.0999659809766558,0.6808221910118117,0.8780783624164882,0.6437605117437948,0.27019897128452397,0.16198292119892502,0.6321149584080559,2.142492369764668,0.5195951105642213,1.4120714234264473,1.4945237605229176,0.7255866719526968,0.5182376544228559,0.34196386806690576,3.517032840686612,0.9087945067138847,1.2864209183690396,1.6980745330771079,0.568939380440502,1.2585546924272877,0.6227672199885298,0.3110534341764469,0.374002700405746,0.37957401869579865,1.1901323484156991,1.3166525128891138,2.3615307710775757,2.2577420965545416,0.9952668522924688,1.3834991890018746,1.4653682981763851,1.7712225913321593,0.7033245379718314,0.8420414350095354,0.13996431032866527,1.5817921858289103,4.939373959485132,0.5782986169640669,1.238860245069549,4.482637424645465,1.2737911977524516,2.582043045043551,2.657172046691459,0.19704310754402046,0.7567333727616612,3.1249515275832844,1.035042288036191,0.7664654086314795,0.46603337335117717,1.6111034211061128,2.1542027033500237,0.5387953257533794,0.42191524623389376,1.1934093450605907,0.7508030137658486,0.9753119375721675,0.35140208903698017,0.21529862461264973,0.41740164543605274,0.8544885453968192,0.6072722162981311,0.5406730071664655,2.0010344863896488,1.5129879838628524,0.7289991759999644,2.875810825378183,0.3919441145455727,1.330915630534039,0.7639827624303901,0.2647344691445893,0.6629385239804727,0.5614466504244868,1.1775731157903622,0.6089250991623896,0.9627764827265444,0.3645376281575431,0.5215584353167011,0.0,0.615513882024338,0.7184746068462357,0.7442437086419984
SP:94,0.8473859877282978,0.45086567489249146,1.2019479859299147,0.5304567740745064,0.7979980300242686,1.25956734832157,1.0215560990801247,2.3422767025050852,0.8406366924548982,0.6497611597357077,0.5324896167470413,0.8614496021968041,1.8663186441538215,0.769692085028394,0.5781091847468828,0.658897315452736,0.5868009600953287,0.4803190170397282,0.6921791853492,0.7878517705226341,0.9537965223786614,0.930645674298466,0.5012831447897711,1.129458921298057,0.32983195677733024,0.610656427645569,0.34217492578296493,1.7252186733855885,0.20321597478652043,0.9244343491298275,1.1486046465047217,2.839545821379805,1.7278051142319844,1.6954674540282255,1.2266849457710984,1.0444063632802252,1.9762102313024592,0.4406924073184081,0.6011183137470246,1.1473670188931744,1.2345936903504908,0.4019917977410923,0.37341002619101643,0.18379442011411928,0.7186589986692451,0.48589708747254934,1.7945055041569506,0.7868251827921359,0.5697673235181795,1.9997118193059045,3.570345924958889,0.7830691989069032,0.8709708774038265,3.80728170648411,3.556600206009806,0.6881615198362208,1.7296081136497448,0.5904707479270714,0.8458763058436906,0.699114605185281,1.0889550905542915,0.676432919516669,0.6260743375540206,0.7143790358982793,0.7299402149432047,0.5228703775551884,0.613310473912978,0.6394039149344193,0.5126806983552908,0.7139392134100913,0.47496382680648025,0.767210492087931,0.6721606763938005,0.9660048999615002,0.7563015748903179,4.230713062985216,0.9517209766520532,0.8076737440113211,0.5990105770174846,3.336796297286662,0.9180974270863178,0.5942957465536941,1.8001012948157091,1.7003842474044422,0.9780634942568359,1.3474558554129907,1.3514632345453037,1.193975745350095,1.1079528018014582,0.8242856754181086,0.8468177958929783,0.7448535543352667,0.7875349592497645,0.48488230774909497,0.5778853660697827,0.5583050638842796,0.7854855086332911,0.5901485494707032,0.716598514477081,1.7246668509490337,0.435324752246721,0.8794552014817361,1.43916020423878,0.37048370136120995,0.49598537953489613,0.4171205721947234,3.039581067776893,0.45222600495639564,1.2817391288599709,1.2205230939608263,0.8910548158921568,1.3669080896069516,0.7858012678131526,0.486628633119875,0.47018066201099623,0.5211876810080733,1.2848420781239611,1.1490135754633803,1.8902345069616258,1.7364919854297578,1.0219262702945733,1.3733134533440903,0.9651451860395823,1.3284122909968856,0.8443726245652682,0.8212069099788883,0.5990827772702436,1.09081350330167,4.488098421311646,0.8026988188659654,0.9748117099152038,4.027313782801369,1.6029454367664215,2.1638169802771854,2.1857060325298194,0.5759540729232652,0.8107796906352015,2.680399337579444,1.176945498855768,0.37618372446786186,0.9015314861140161,1.21211128844743,2.339233026018137,0.3653458274451559,0.3534669316857484,1.3424555595050442,0.7411722498157957,0.9626963221559588,0.8158419975772234,0.6121081401029191,0.6556772093123063,0.43060475223225614,0.8149426625263917,0.7853992673735491,2.210856203079244,1.2449844424968646,0.9527622263589575,2.3999391315215366,0.43334690010135685,0.8631914131948727,0.8977727708763609,0.6024143581046162,0.8344363517094224,0.7464596327785146,1.158990732425986,0.9757221916752158,0.9790217832589517,0.7242180254750976,0.9416071152418914,0.615513882024338,0.0,0.5679362430127188,0.7350541921888503
SP:95,1.2287412050745148,0.7943359825033891,1.497418143551052,0.9196350511133569,1.0545763118709905,1.5745121777874664,1.249104693803142,2.582140150328833,0.8110804910713552,0.5695738121064713,0.5167168242975169,0.65016551706393,1.7330311872357185,1.0166123815733867,0.792060384038367,0.7854550052902676,0.7174292014403036,0.6975002113574125,0.8750757264838154,0.9462620260424661,1.008856941788721,1.1189160907322426,0.6711583383977991,1.281228013962105,0.5548756625625983,0.7210079744932788,0.618933675292064,1.8530558777935457,0.4921153189372689,0.8843848853424153,1.0896655621542488,3.0069713265561226,1.8240957836436136,1.5849676444472358,1.3179054908460979,1.2206022947880886,1.6435021221199602,0.9698997628200061,0.9747412137759479,1.3402242350154254,1.5719019696693968,0.8222036949665038,0.8174530189877898,0.46227877743807533,0.5793375612123459,0.6072912269826408,1.5289011992797987,0.6830351582569144,0.7146379725430682,1.7266026146040299,3.2996883288469276,0.6782247009075958,0.8836060950312912,3.565565202305261,3.269790001269345,0.6111536442187717,1.481407519982298,0.558628782560395,0.7448813636425532,0.7510032646711293,0.8689678187555075,0.8190623809442181,0.8228589088851717,0.6590350887606805,0.7857830498357045,0.7529761151511972,0.7601027869362946,0.7715647332233796,0.5618772585221661,0.4610455386068024,0.7256846079003633,0.7011441797099452,0.6519423151639145,0.8528913371297087,0.5706066190563523,3.9751933201523273,1.2602387336867042,0.8988633546515236,0.6938729943970074,3.0833234485218126,0.9887245211675387,0.7931498286847891,1.6727774128481385,1.924928491318761,0.927602632446208,1.241059774428702,1.3629821995329967,1.2184671682954327,0.9318755803866786,0.8554409289683644,0.9059130291216935,1.0658233958956258,0.675168091167155,0.8363938219195179,0.4593228113658934,0.876332115341813,0.924378678330634,0.7057960207754614,1.0354785357274816,1.5016247440520647,0.6220848535654097,0.9457661210501079,1.6753783605724444,0.451003367197513,0.44540082137569514,0.6739542700966231,2.8714273956773213,0.6168341298484636,1.5557621159429178,1.0489117650014401,0.9415230660644524,1.5706481767825002,0.9667984260264826,0.7843888368587271,0.8382125120906408,0.4308122072843198,0.8349790497544874,0.8430258369971864,1.7384370406126228,1.671709934296772,1.1138118116259184,1.6893679961407053,0.9204796828676132,1.1693041007114915,0.8890369651359954,1.1836724101891536,0.7147008205245021,1.0581928476052362,4.304013078510801,0.844572117540336,0.9240547270146872,3.8327445566329272,1.4820541359225647,2.0078294316213943,2.0628825332068845,0.8083248096649829,1.230508746793289,2.453158021647259,1.3495416206693576,0.3508475609214282,1.0687266583365724,0.9611403198998208,2.5160816225876563,0.5306119303229603,0.5969482253346913,1.5836052747578198,0.8675042979789017,1.0667555123435268,0.9536041388683747,0.6903975924377427,0.8287784358701414,0.5300708485030211,1.020453036187066,1.1450822822399398,2.2784195813876753,0.963207004971206,1.167101770678052,2.2368762556449737,0.7998665987641929,0.9493309937574368,1.0695468790175295,0.8698547140939709,0.7051659733531064,0.9337062022706715,0.9647759407225391,0.7027846921543601,1.3907004975497343,0.9225262900252945,1.0248488865238028,0.7184746068462357,0.5679362430127188,0.0,0.9869905533581271
SP:96,1.1305913917275496,0.5376266564624567,1.8124656851770982,1.0846364748987067,0.9371271458052916,1.446839842251313,1.3618629630026862,2.688753184957358,0.7289883426771219,0.8213742509261367,0.6688649169030477,1.2744576660457578,2.4687925454431188,0.7074317493914067,0.4599233802724949,0.8127469067177551,0.6022480852945845,0.5646620853099548,0.595180708174762,0.7024220231671213,1.1140376485875,1.0293005801190234,0.7282298772105197,1.3387246626371188,0.7270001561202353,0.8090553114044682,0.8716468725926743,2.2582577776474486,0.8393465889190678,1.480136742991496,1.6766140093368789,3.31959057844648,2.2967353168280265,1.9823302959778257,1.9127821864921988,1.511140160009943,2.320574003481031,0.9387527672687208,1.246549814867816,1.7267888758397774,1.8182978446106788,1.0745440869393426,0.5725090981150097,0.7279303672463708,0.9842276040163203,0.9180793621054413,2.2988244420566226,1.0120178959698207,0.7501951293818668,2.6252420868515243,4.101955614746856,1.0831396629897987,0.83896123419747,4.2877396633604965,4.000897912106439,0.9046568084705597,2.2449180495726573,0.8546166653919869,1.2537080133333771,0.7507639715938188,1.5551266824117285,0.33962513673943695,0.5799440324266066,0.8377024536460309,0.9723242746430103,0.40242308181058584,0.5123759059311437,0.8154503591504096,1.1100649222510448,0.9324978585714176,0.32902321760178094,1.1596196960557426,0.6961657732063423,1.3206299286408885,1.105729428097754,4.816713627093949,1.1699947215165245,0.7780101431175875,1.131664981749152,3.838366000854832,0.6759733984938822,0.5140800696939184,2.476958763689185,2.130521034347868,1.4628888264090862,1.800578069680915,1.6760423846925037,1.6286677412293613,1.7779311102733872,1.3645354632848772,1.2871882320712842,1.250098180858913,1.424170557926113,0.4150311041640048,0.7741665475133427,0.45565954098255695,0.8317639073213179,0.8505366656985207,0.37834936425852356,2.169132164815431,0.385008343664335,1.1776887695694616,2.0062660897686175,0.9066397630575106,0.5688203677624395,0.551971147116675,3.4905559165735682,0.6930243896067001,1.8132587238927742,1.6338785460790717,1.249359198604023,1.8394547402879016,0.2118163199775047,0.5289750886361165,0.5841452807078238,0.6691409737530942,1.7098513520471699,1.7565367972806045,2.3982786108076937,2.1672392937613907,0.5888942218887939,1.861440705960395,1.4820927992527109,1.8709729212047672,1.3500049730897998,1.2420809911296276,0.7889330520070872,1.6582533999438778,4.848816777190479,1.229715392676481,1.6224393045612933,4.475758000538142,2.0008764537793144,2.7104693098319856,2.5928587815714677,0.6615862937610991,1.1106887424822518,3.185468174395828,1.6609648933831251,0.8950304883536974,0.5955571906659404,1.7030901121433375,2.697839290448892,0.5822715894256195,0.47768171092130096,1.714176639743757,1.336251587994394,1.5758519069922776,0.5836835492012277,0.5898124958714739,0.6227812522236935,0.7371448062911602,0.3674038598408617,0.9424645240662639,2.6455968257399443,1.7962041399504614,1.3403173269465933,2.9210982315877203,0.551899498004439,1.5321562614492155,0.25583333638715106,0.6645098732606968,1.2754307089618095,0.3477283374966987,1.780709751720807,1.2682412679319286,1.3295493992631082,0.5309812148931763,0.5980595574435564,0.7442437086419984,0.7350541921888503,0.9869905533581271,0.0
