,CHI:01,CHI:02,CHI:03,CHI:04,CHI:05,CHI:06,CHI:07,CHI:08,CHI:09,CHI:10,CHI:11,CHI:12,CHI:13,CHI:14,CHI:15,CHI:16,CHI:17,CHI:18,CHI:19,CHI:20,CHI:21,CHI:22,CHI:23,CHI:24,CHI:25,CHI:26,CHI:27,CHI:28,CHI:29,CHI:30,CHI:31,CHI:32,CHI:33,CHI:34,CHI:35,CHI:36,CHI:37,CHI:38,CHI:39,CHI:40,CHI:41,CHI:42,CHI:43,CHI:44,CHI:45,CHI:46,CHI:47,CHI:48,CHI:49,CHI:50,CHI:51,CHI:52,CHI:53,CHI:54,CHI:55,CHI:56,CHI:57,CHI:58,CHI:59,CHI:60,CHI:61,CHI:62,CHI:63,CHI:64,CHI:65,CHI:66,CHI:67,CHI:68,CHI:69,CHI:70,CHI:71,CHI:72,CHI:73,CHI:74,CHI:75,CHI:76,CHI:77,SP:01,SP:02,SP:03,SP:04,SP:05,SP:06,SP:07,SP:08,SP:09,SP:10,SP:11,SP:12,SP:13,SP:14,SP:15,SP:16,SP:17,SP:18,SP:19,SP:20,SP:21,SP:22,SP:23,SP:24,SP:25,SP:26,SP:27,SP:28,SP:29,SP:30,SP:31,SP:32,SP:33,SP:34,SP:35,SP:36,SP:37,SP:38,SP:39,SP:40,SP:41,SP:42,SP:43,SP:44,SP:45,SP:46,SP:47,SP:48,SP:49,SP:50,SP:51,SP:52,SP:53,SP:54,SP:55,SP:56,SP:57,SP:58,SP:59,SP:60,SP:61,SP:62,SP:63,SP:64,SP:65,SP:66,SP:67,SP:68,SP:69,SP:70,SP:71,SP:72,SP:73,SP:74,SP:75,SP:76,SP:77,SP:78,SP:79,SP:80,SP:81,SP:82,SP:83,SP:84,SP:85,SP:86,SP:87,SP:88,SP:89,SP:90,SP:91,SP:92,SP:93,SP:94,SP:95,SP:96
CHI:01,0.0,0.7322897558499879,0.9008574730611999,0.5597040267990309,0.7047794842377956,0.7443441193433202,0.7319181276631525,1.6847206253952076,1.5188355919503522,1.3103947188635898,0.9491556182782696,1.4777229498565738,1.8671341661920953,0.6128203711441835,0.850830808112322,0.7667226719036997,1.1029798421708386,0.9012981569231543,0.8365265728331581,0.7946471675061025,0.7940327930054545,0.6377661694714761,0.7889205974388299,0.8184194189794309,0.7438652449661387,0.8443611767824608,0.8260733275985721,1.4992709588824256,0.8936892666850321,1.062745454957065,1.0970271398419602,2.267231512514101,1.530734827090177,1.5427334436106088,1.2857666608967024,1.599610585241088,2.0314287640344317,0.7977101485947131,0.8692491423769598,1.3212001223848664,0.9380448320834319,0.8935914303246209,0.7375913474886133,0.8892009462470533,1.1273139964990873,1.1372044107944224,2.071277167094317,1.3339999653582237,1.280912547733246,2.029329431675024,3.5218599699182853,1.3999323760352453,1.5215046654080342,3.7224119265905142,3.579219536035532,1.17418552246881,1.6274370164160334,0.8603003188266608,0.9774774858122988,0.8223414858476178,1.3458609429920667,1.0605900661859937,0.8572017869698418,1.1656358977878665,1.0559779705621606,0.9919860635585411,1.2863683098469294,1.3090137070219057,1.1013950179313357,1.3199575700777628,1.0203225722245832,1.4441340967510707,1.2524915061424142,1.500801659179742,1.3880773449712955,4.070913373082048,0.5291154347398475,1.2040423405267144,0.9939091672873168,3.421960816336719,1.343337518357308,1.165602095147382,1.589580934372148,1.4842647565627924,1.046275075815306,1.2519176546694697,1.3597249382586474,1.714077628874721,1.2972275810213638,1.291406611932993,0.8589020724304149,0.7342551223567114,1.0573504515494212,1.1490275411707072,1.3600304470659326,1.1282934644636353,1.0855371649179977,0.9602553112661114,1.1762978590349307,2.2885961185633024,1.1343312685706202,1.4628046074521883,1.1172098409033147,0.911955251914835,1.2111570313502955,1.0517683158137816,3.2317238974711624,1.1554979514364785,0.9443201077664953,1.7507297856805644,0.988369669241518,1.1966917270278157,1.355697973168498,0.9806469808369016,0.8902988166918259,1.159240863975374,1.5986432060431848,1.4777524352153955,2.300262654767804,2.176065489843158,1.5995141565795972,1.06300387322938,1.4166512482409215,1.6513841017151396,0.8752661343281507,0.8750245194863988,0.9577042937922947,1.5484915560820085,4.5267146114536905,0.9475595458361917,1.1125642291708724,4.025534643802489,1.591676845116187,2.405353092214604,2.6594224282708714,1.023172195033954,1.0316397207632613,3.0758975067014016,1.0579844733898884,1.0819028945375397,1.3534609086833853,1.7171987067398704,1.9785049631048626,1.1849855602379968,1.0205591862949137,1.083455640164616,0.8563846088770715,0.8303562571219173,1.231940699582828,1.1143871119474305,1.151807199008744,1.19681484082421,1.3389799687646524,0.9806742391023001,1.8863957798120305,1.4416371155607752,0.9862549305004206,2.6661198398793715,0.953402137822263,1.1893753093785746,1.4778306584749688,1.0373667630646917,1.003566391141803,1.3262275166793072,1.1388316250378754,1.243764523411029,1.0127281767943532,1.1721353834577921,1.397772053017203,1.0322528500760835,0.9188258191632652,1.2592724132736366,1.3436446855789936
CHI:02,0.7322897558499879,0.0,1.3442246101828628,0.6448598170770686,0.6309214780269986,1.1096428883386615,1.025890524237055,2.200810813463855,0.8856136072169892,0.7089116318397439,0.5584419302653069,0.9659923894351439,1.8424462692353951,0.423751667517119,0.3650302346885627,0.5516516174283422,0.5269759695956041,0.36129148088741997,0.39460306526412836,0.4670332240147471,0.8024267886639198,0.7014351108354338,0.5455782086130478,0.9832331044516764,0.5071151302220833,0.6680570409554659,0.7962189552435199,1.8584152851033526,0.7791762397831989,1.0507468662179007,1.2869511453453992,2.732953034096074,1.9285721118773103,1.5864072275299912,1.473737458450688,1.4878589335765369,1.868254149106674,0.8243455205432313,1.0307564169480203,1.3051593103209747,1.3397264518530396,0.9031313473068511,0.6553818586592003,0.617861855344841,0.723659477975147,0.7996984868336495,1.9706053506323793,0.9209177537605937,0.9124901840259219,2.003584680229401,3.500142633806082,0.9427878049779543,1.034743412362667,3.628912271185962,3.453513515799573,0.6253709248014039,1.6490103234522206,0.6008549200760008,1.0197418637133062,0.5612960856783518,1.248945196582363,0.5865732387219071,0.5325405340190295,0.7207695089592246,0.6160496510907869,0.5260632090301836,0.8714906489385201,0.9417564667379182,0.9915543874089501,0.8105047881955522,0.6252069485767453,0.9161127658724803,0.8147906950912351,1.0371610839537349,0.849889575967681,4.024308163854241,0.8751748086728334,1.0306113979402542,0.568686664613921,3.3817490195454747,1.1429090452825148,0.915577570433951,1.8444459051450341,1.8585571392454578,1.2511225670729182,1.3336546491690389,1.5845571760707444,1.6844060486249637,1.2299572386892508,1.213858525241905,1.0314305090957605,0.8783157683793601,1.1530219063915443,0.966584032186677,1.0371186982209366,1.0247579405026503,0.9123748501990397,0.7695020533779569,1.039374170741948,2.2549441151630916,0.8098417130605448,1.283952612483217,1.5176224117749022,0.48578723091288717,0.835305668121692,0.8713698100295327,3.201249491893878,0.891336126961373,1.2850352354228585,1.572971294693409,1.037833339965229,1.4533752702517022,1.021869658226047,0.8170471992306716,0.7973667562022867,0.8494516617272129,1.3304006957425862,1.4560197766283418,2.298346894816776,2.156047380997336,1.1563248874145449,1.4667770609414486,1.3753241142012926,1.655042475372064,1.0586975126316063,1.1214432414198263,0.8551962109462521,1.5512691400938374,4.3296517984252745,0.9810920768863051,0.8966382712969339,3.8944060776675213,1.5695332519362672,2.4401808757500185,2.6833833023964653,0.9288159925338458,1.15510472710865,3.01357414227977,1.2993204270886418,0.8373081940008779,1.153713532870245,1.6218326807096182,2.4210252093148794,0.8299467480614695,0.7663558364350268,1.5084268761602062,0.9608848699918608,1.0782664399743347,1.0505305976259398,0.8525540668969221,0.9000521989717788,0.8466803637244277,1.1221858089147643,1.0209260837100531,2.2211561204578305,1.3685557916929374,1.1486678916160995,2.6360110356567623,0.8063550244970186,1.2070809840754597,1.113429597547622,0.9165065454385116,0.9107987795498766,0.988505810381076,1.1613517415601253,1.0813267309301395,1.2419956500967322,0.8933709227579502,1.185118479633184,0.8382888877456653,0.6846350994830547,0.9167593157385269,1.0294899484352549
CHI:03,0.9008574730611999,1.3442246101828628,0.0,0.9111620567777359,1.2241312088921255,0.8844903943221447,0.8088480136480656,1.3846822228978923,2.0614106890183637,1.774946391071085,1.4437568374988612,1.7395050007492807,1.7656418062288022,1.2570801027355134,1.4438965603681875,1.1999975521517896,1.6739663292010762,1.5026972756972752,1.4876513668157259,1.4923143532704142,1.1154726873788035,1.0994505455950845,1.320656281276368,1.0260771825427488,1.2452367330153804,1.23812234770049,1.1212745466441425,1.1636768631352545,1.2209638300129326,1.219671801364211,1.0992529503560673,1.7906869518186543,0.9346556297468566,1.3834558531796473,0.8817287558913661,1.46691304543421,1.8646423393596097,1.1118630454214455,0.8493060879892282,1.3708357040338572,0.9432250347811676,1.0648895494119839,1.1809181405890432,1.2705948978212729,1.4542736258183728,1.422156441754344,2.176468371923581,1.578061729369723,1.6194782256766127,1.846505472525975,3.2989847510775094,1.7199042524546013,1.9663727275686267,3.5811598504315194,3.4784510332760075,1.6625289116471222,1.7253784588957313,1.3244283916048667,1.1370399332288268,1.2819363226807068,1.6180876699992073,1.7072464116030204,1.5320669309689838,1.7292172446454124,1.6038065135664699,1.5757859194456842,1.7404078512078143,1.6384191469766818,1.1796139315301528,1.7382226768565647,1.5578250317800466,1.7882229281063793,1.632259853822249,1.8517931643631507,1.6975533443972655,3.7530633563487408,0.7624077304004563,1.819127968140426,1.4423350999882116,3.2938839604227246,1.9896956833070403,1.7485465926158765,1.2491620351908834,1.3718271664906614,1.3253245262705147,1.3951108850762346,1.664281162091127,1.8706808443865313,1.351874937062089,1.4949592833837968,1.330396403668541,1.1652427857903545,1.322233803047855,1.7753821904456477,1.8097523376647162,1.7467954582756322,1.7414782177665535,1.5275515989033197,1.8497022060523158,2.397318317854537,1.7863677626226409,1.877272010851387,0.9472681903117385,1.4361254872539668,1.8063777245951154,1.6451504730572093,3.1704788851011583,1.7138526096120152,0.9760924629159309,1.974645807867789,1.4775098421280497,1.2493798327611094,2.0745299470374494,1.6312138400365044,1.5648584216090589,1.7673460862209889,1.8380327773601328,1.6414604708577776,2.2837863531506253,2.2661181587991086,2.344123370136781,1.102110524915962,1.6594438136902199,1.80602539240728,1.2891716042606753,1.2853048205093347,1.5578785123229477,1.711451201623192,4.543990632174426,1.392917773615541,1.2458698532552155,3.9280064339353316,1.799344255448265,2.386563608034472,2.738954723211534,1.6551951640242613,1.4684993478797423,2.941885613485337,1.2139150894320587,1.4931968313544561,2.0002807657340718,1.9208434409200554,1.7997630891516845,1.7206235034967763,1.6759420923345087,1.2423153653118566,1.0530835217809287,1.0950735045162319,1.904521414928605,1.7445729682654842,1.851744623001926,1.708915065465643,1.9955899013598721,1.5541173897038085,1.693768173379751,1.706846714528109,1.325694972273581,2.556269610240078,1.6391650413195598,1.2209730426623682,2.193264456059517,1.6854114055869762,1.4798191727092507,1.992375955127343,1.1934362882143075,1.6796984945663864,1.401362132425525,1.9084628406718058,2.0855727935444666,1.6286010211863786,1.4948348393624427,1.7018580500250586,2.043128141608491
CHI:04,0.5597040267990309,0.6448598170770686,0.9111620567777359,0.0,0.5671276090311408,0.8147701091657193,0.6869018718473381,1.8248557409882376,1.3226355585281675,1.0705933745245686,0.7554082633247656,1.1193601132902617,1.6285942462003347,0.650802888307798,0.70357494966748,0.6904861723617409,0.9333567819527485,0.7878404140508296,0.7727648019664721,0.8318313092241868,0.7695884473235082,0.6506069486006117,0.7099910570847843,0.7680359301056583,0.6198152083337125,0.7166069643137157,0.6341540243756401,1.4395880048066216,0.7519732661811676,0.9605222100578739,0.9920339064649557,2.3084998644846513,1.5443788850725708,1.428835624401194,1.1877635631279364,1.415007951309643,1.7781076542683343,0.696825759104295,0.8260819916616411,1.126970826029159,0.9561957876784691,0.7653208292717696,0.7767215844877136,0.6658709866203549,0.8987627811294253,0.9021098228508754,1.9038076656492826,0.9892876042116917,1.0318650319653326,1.8185950277055654,3.342553402850851,1.1925513905917136,1.3464193135809395,3.5719682611970316,3.4115316521992054,0.9387508561129495,1.4808426903532177,0.775574253891847,0.9046964006173278,0.7424533786163835,1.227443586526333,0.95081217626491,0.8258338461132659,1.057882213730265,0.8592920807234825,0.9049883903450759,1.0938741890477273,1.0883236588516285,0.8379079325764952,1.1038197911384444,0.8895175193551031,1.1138562213877883,1.0507619630827247,1.2690401025174192,1.1017958240990178,3.840829286365538,0.6834115865557319,1.3014900888999377,0.8377171687691399,3.2951253236283033,1.4347696609613463,1.219912702119168,1.5127056476311673,1.628594484643971,1.0911805447098466,1.2500354021438158,1.4620382225030844,1.6915871416555024,1.1230835752722519,1.234846198768194,1.0191699227653426,0.6956619137509751,1.0399534350567488,1.2997045929511253,1.3494189311712501,1.2847629017268305,1.146069658836951,1.0244582197535286,1.3426778585063874,2.207812553590511,1.1877150676852362,1.4495398078742028,1.2033112315232912,0.8296692719682328,1.2332538442038545,1.11423679506511,3.123561498954377,1.1662987482780862,0.9448740130989338,1.6904282736478133,1.0543805878337702,1.2257870043768797,1.4527167587121528,1.0743918266360417,1.041952002101803,1.2117027719831464,1.524069047001415,1.4942484983439797,2.2365662421120955,2.129934713417224,1.6123899920851776,1.1683673399603807,1.3841329619164182,1.6125810535194514,0.8933807469254936,1.0846005331553341,1.075431900264137,1.4825254047175174,4.332566068809111,1.0184526800149445,0.8873482374341065,3.8392937390430086,1.5602770120192089,2.312548835356434,2.624894241349156,1.080283049493554,1.1906431653642815,2.944302549767318,1.0500913409312291,1.0581538286980965,1.4315234722613104,1.6936086667304853,2.144117624102376,1.227446753159467,1.1563070526357315,1.3436137253809437,0.7884035226282511,0.7060968702642747,1.3589983163886317,1.1702895148443078,1.1239339939385609,1.2116108082604184,1.4832370375631354,1.113047273720003,1.9512103761664374,1.2682826948831945,1.033226507463925,2.5372606030695533,1.0005396407233296,1.231362508093427,1.5373286153599737,1.130701742310286,0.9997916497741698,1.4137416012689914,1.0787042622382552,1.2734652507628734,1.1380913053418522,1.2548296627609559,1.4795828851959727,1.100350182982455,0.9818582140355179,1.247930270142082,1.4479397910863068
CHI:05,0.7047794842377956,0.6309214780269986,1.2241312088921255,0.5671276090311408,0.0,0.7730191412704335,0.65012686812891,1.8017265352068441,1.2193862026052418,1.0779565730868699,0.735052138551954,1.241060880108097,1.9349459311002077,0.4899926649729302,0.6109056569331953,0.5769363901851371,0.9280888034813192,0.7177384415983108,0.5929035287566715,0.6445463092426159,0.6303170521519939,0.407504844397607,0.644227315220656,0.5696540379226217,0.654004512695542,0.6631382965369627,0.7323614925531183,1.469773896226272,0.8193427081563077,1.1262022466150208,0.9926832778046358,2.357081833156338,1.6478201846386,1.4659214741477984,1.4201081016481543,1.7175337072277144,1.8235366897929033,0.8434728098178985,1.1498796976689578,1.4782929168835817,1.149383194941425,0.9800459566714623,0.9048378350904078,0.8547074608394545,0.9384652341558194,1.1121642815070576,2.009784458030565,1.1018756199217803,1.1686074196939094,2.0700147080719837,3.582450250370816,1.3235622271639953,1.416495791053072,3.8441302873630767,3.627423478645913,0.9608405808664771,1.6318136788737385,0.7649065818417381,0.8777961801868542,0.5937825384990413,1.3033090675071322,0.9025143039017444,0.7646021285781968,1.0496936765155938,0.8811962855735975,0.9356079094569385,1.1403000437222237,1.192931084368969,1.1207283131760828,1.1790005259427072,0.9248451753268191,1.187389204675694,1.1241484690270938,1.3979035913999758,1.1994550186887125,4.134034448933296,0.7559861026371406,0.9639180144502022,0.7223041285795433,3.556697090864983,1.126699177250881,0.9960482020604152,1.6127336889301582,1.472249538227998,0.9970399431209181,1.0832291694357172,1.24039558566668,1.8212486468985203,1.216435286093174,1.3770269003946918,0.8345216880483285,0.6059789222617834,1.124770031928947,1.1090965275590285,1.2408864046004318,1.1097587371578401,0.8466720713008699,0.7046784158781714,1.0790113199418314,2.352760255215747,0.9963221225796774,1.5672298216871214,1.1618474356851645,0.7611359462592155,1.01858471845676,0.8576388402617252,3.380819309398515,1.1413341890409887,0.9502302757123444,1.8241583505720518,0.8851085654040105,1.0281828608240682,1.2215286097439326,0.8479476171166223,0.7593296220389556,1.0481555323180556,1.4654693627132096,1.5365374854632894,2.4531389869456235,2.3242619671899782,1.4917945580565133,1.043287736391176,1.5241617426613818,1.8246268667833885,0.651428593069102,0.9135886957734216,0.8034922367554497,1.6734678179778597,4.634134168433738,0.7023414819126926,0.9631326385765682,4.140330771390976,1.429592827380701,2.5568839618653576,2.8278583318873043,0.8275962869190739,0.9715165783874177,3.1860629148301527,0.8102692133457117,1.0145898653519958,1.1638509427554156,1.8233662330943265,2.035277339946436,1.0776974652760916,0.9897758511489205,1.1779291157971772,0.6690006065944482,0.6620050846622921,1.042873418625893,0.9316505872919646,0.9401542903934953,1.1829530945214413,1.2094389871432538,0.7935735937013915,1.8039241649345537,1.378395783777227,0.729165692855382,2.7924911984187153,0.7665064929711389,1.3609636288685067,1.300106404089164,0.7843322561170734,0.8665613803326677,1.1814508401573527,1.036895158949831,1.0669395309227068,0.8793416584816509,0.9252014221593504,1.2140110890312168,0.7834682591980928,0.8395498112464963,1.1027796740154958,1.274015570877556
CHI:06,0.7443441193433202,1.1096428883386615,0.8844903943221447,0.8147701091657193,0.7730191412704335,0.0,0.3851402339627321,1.2739442099729625,1.841831927579293,1.655039729959507,1.2556604320197529,1.7649803314783101,2.1882287107647955,0.9067571414561173,1.1595096982906317,0.9786237947183959,1.5315258056579981,1.3255547553632092,1.2089570138043109,1.2034677703010668,0.8396759895840363,0.6475331212057636,1.1821979996643923,0.564743683430581,1.1545947967438972,1.055458703720888,1.0534170988961027,1.2586980580883362,1.2118976660114436,1.440826327642193,1.1750185954076917,1.908021597638895,1.2514041005703795,1.3309164918899317,1.3426575908694862,1.7459500910322545,1.9454136448502917,1.0573363333168482,1.206909777560424,1.731475887124742,1.065685989285152,1.2097080669384834,1.1020580075470026,1.256600090387438,1.383291123540371,1.5052293970839798,2.384067103521205,1.4853609751308,1.5900500448052246,2.316623573047595,3.7838427308993663,1.8207288501026806,1.9338402825593275,4.108167441771159,3.906816954712762,1.5558946796755115,1.9804112375955971,1.254770345662796,1.1303792804222503,1.0504893814050202,1.738578350370099,1.466558175598874,1.3274749021038574,1.6456213791967091,1.494920235459323,1.439662009881774,1.6337385446980566,1.6140085666999167,1.371039804637614,1.7420997729630066,1.392981735847504,1.7518168974159842,1.5674663836761378,1.9467133109326542,1.7217111921276287,4.326911516932084,0.48123924806001217,1.2820125459457805,1.1860486518366467,3.77502966325926,1.430939581873409,1.2598970521925263,1.5157861058527993,0.980431489847695,1.106489448977371,1.1541840655110243,1.2773018996899939,1.9836319760624734,1.474385129158134,1.5817127905277657,1.0062451493163769,0.7850320142595911,1.3454525946398483,1.363223652358488,1.5671545284309532,1.291077848628428,1.2299007718096377,1.0571874650231081,1.3082545195742592,2.575561552631915,1.390771440657518,1.8428399563290556,0.7263151698883071,1.2546271754367269,1.4385971384006575,1.1838153817079826,3.572591559232893,1.4754978663493599,0.7019278043322575,2.102239349775306,1.1617926515357406,0.7769500756097909,1.564797000380833,1.1173913241172893,1.0423733530039365,1.4472429127323976,1.8258945936906579,1.7622445208800244,2.6214447597714594,2.496705710319405,1.974028426811227,0.6424676476039675,1.7384962731579432,2.0511080689453576,0.861429161787855,0.8241987637569296,1.0997360237364633,1.907555603663726,4.997537786092286,0.9473128984037409,1.2266413586539373,4.41977560184287,1.616472438553414,2.7885642758362956,3.009978771380393,1.1275025630790418,0.9612860407540734,3.368402276928847,0.6097382004449173,1.3279309548199165,1.4437336657868312,2.097396213678946,1.5335168966513002,1.42277601466564,1.347620279470947,0.7899140336507944,0.6791891905680267,0.8271777919945827,1.3609980237635655,1.274691951044139,1.3958350874220224,1.519504862840792,1.452631789454902,0.9230040969382773,1.4147556077659003,1.7989709550810746,0.6803093800964367,2.9736864540556973,1.1357167248483728,1.3970609650140726,1.6856659618596213,1.0941242655766599,1.2584590926883703,1.5001987034160604,1.2064305217093754,1.3834965333819864,0.7649583419652692,1.339060818521664,1.5538910534283428,1.1101097314220867,1.211302957295765,1.4982129706177316,1.5907314150855
CHI:07,0.7319181276631525,1.025890524237055,0.8088480136480656,0.6869018718473381,0.65012686812891,0.3851402339627321,0.0,1.3554937405123653,1.7230000644243098,1.5154699000336067,1.1052857540688361,1.5772220372538575,1.9324316808023523,0.835060114921686,1.0653114470632867,0.8430136865226243,1.3992797081652304,1.2030076907227685,1.0931223188561006,1.1133040749249126,0.673608181846336,0.5341407860669016,1.0388943432152529,0.4015423117650192,1.0104980789845621,0.9180507654986866,0.8968026202215305,1.1229767715240075,1.0727740529913499,1.1978742159539886,0.9043047315829208,1.919619971016623,1.1301825821786926,1.1772452682585088,1.1535583221427974,1.7014594952683684,1.7067265145948676,0.9949059504445367,1.104467195801195,1.585883524756981,0.9921829681151576,1.084282248484685,1.0645765297102703,1.1065755273520719,1.2093678184502572,1.3693503182750304,2.159829482945234,1.3606037388726486,1.4750695397732492,2.0483827093400597,3.5127430919774736,1.652769310733972,1.8290984247725888,3.868513642189133,3.645660882051124,1.3887308150791378,1.7000305999241996,1.0707391415405902,0.9045376221951624,0.9053477806774075,1.4980158310995,1.361973318669268,1.213752585575391,1.491095544307264,1.3259560917499515,1.345073267055194,1.5399563775329541,1.5039596279100018,1.2056251836007579,1.559655820267651,1.3159108953664203,1.5789941120588644,1.448678921175195,1.7451926628716878,1.5435456516255688,4.035790084886051,0.49951548761079717,1.2864492245712649,1.0765920222308885,3.5314453627733595,1.4487963315874977,1.2724490477713082,1.2779411369910911,1.086845678092776,0.9670542450461918,0.987631569820773,1.1959804477171412,1.841255471089098,1.2105240238068529,1.4199065012749625,0.9342711547789798,0.7860305909712456,1.1279497796435611,1.3766886325388437,1.4519269182500911,1.3241568760969262,1.2263138592717815,1.008754288040485,1.3667314262060295,2.357427231782495,1.3495016512154414,1.7371370748876445,0.7542410287116877,1.113849675917382,1.3712482024109018,1.1544478225830819,3.3590382364352522,1.403877368441458,0.7729379615928054,1.9175141601562125,1.1184708262857002,0.8030350150032421,1.59167218739445,1.1394234138399824,1.0665758092084774,1.3701865878024548,1.632686031713469,1.567315966568942,2.4186335663312146,2.3243486257392485,1.9561491374440696,0.7721368648243232,1.561802175515601,1.852980263715804,0.7362825146520233,0.89551639647392,1.075215760874229,1.7231827566219187,4.769483606508705,0.8580925826752596,1.0300753726342287,4.1775038439921115,1.4695592812225868,2.5510674432831277,2.8276804378317855,1.1286905761375219,1.0896675923074641,3.137933421236755,0.5810464407359646,1.196153231868013,1.4879056561062451,1.9011254568052813,1.6393086597810316,1.3717482826943448,1.3167811918687289,0.9299722823140569,0.5412241310921571,0.6332840588659948,1.3888023529800482,1.262581390709109,1.3787750393792333,1.4424265247497339,1.5023427137175744,1.0343263270255638,1.40651745100547,1.5319674386631617,0.714441408453522,2.7477547734679404,1.131696043217141,1.2580778412832194,1.709327760208368,1.1097131716979622,1.1000258552427864,1.5338667211511212,0.978357629043075,1.264376410756599,0.9210214881448947,1.3558510311421021,1.567564586882934,1.0934057452283077,1.130186023789261,1.350043521617256,1.6278837447438408
CHI:08,1.6847206253952076,2.200810813463855,1.3846822228978923,1.8248557409882376,1.8017265352068441,1.2739442099729625,1.3554937405123653,0.0,2.860892344326836,2.651470503319052,2.3150054483419398,2.718060608585122,2.7367735467249177,2.0114361626421524,2.291014679060164,1.9817128961396837,2.6209075845285037,2.3780431041881873,2.2679944666516314,2.2268956287055635,1.7591247881068055,1.686770377245239,2.1664093027345808,1.4226282966293455,2.1649511016919156,2.0255807687811074,2.014652136931236,0.9986323181565451,2.133906653652763,2.1979791920391656,1.6489733528882276,0.9193461877353789,1.2311287453929105,1.8111500299556733,1.8006560145680437,2.630159108882726,2.531693163032235,2.012688111376133,2.050999123315067,2.5593287988073805,1.4304830732636673,2.117794789849637,2.1993738092620125,2.318159603129012,2.3487828509906867,2.547635907127007,2.9706740808584926,2.5017320612511234,2.6701720733050736,2.8013741866118105,4.202584924262979,2.826480834698652,3.0141147668623653,4.60727135337252,4.466784413907913,2.5778897011508075,2.514173153582506,2.2278833545413357,1.8626847966805904,2.075110865659328,2.5009068865348376,2.5998926296744505,2.386265190175488,2.6547208877515898,2.4960423606577553,2.5565402617298454,2.725575490512937,2.6280251983668235,2.274349490413266,2.767014587324436,2.5210993457246103,2.7425430180869745,2.6491632918572567,2.912902996389195,2.7079154415090345,4.608464130396757,1.564341964549416,2.2442125906669514,2.197822811256615,4.254945581242328,2.4558814495522814,2.369535443423766,1.6610488066958906,0.8667606680866885,1.8181302747458903,1.6606395918648236,1.738959899492978,2.8085255294971123,2.144134939952197,2.511058498467948,1.7450805614547027,1.6900952457519258,2.1284564005598194,2.3880094385851853,2.648048387810454,2.342027667148918,2.21685230950085,2.0439672070369297,2.368683225702985,3.248183496437294,2.4731208410434298,2.8366686695821683,0.8819985227856908,2.311661335438627,2.5248299121638196,2.2184073277570286,4.149346048820059,2.5710170351447372,1.1846542970312317,2.9787440102296077,1.935864008218399,1.0818967095532448,2.6599448431818353,2.229274246471123,2.0960525315868037,2.460116162135448,2.5045531020947163,2.299389914110804,3.237756095392625,3.214210122604907,3.0751290115032854,0.9531470144392614,2.5668384217149223,2.7905634746765555,1.6655888804621883,1.5716903665772732,2.079708599300873,2.6333461700410314,5.698906034685922,1.7835476449863266,2.062627991529982,5.042023238206239,1.9699087638766777,3.2960818797157554,3.6018463749518,2.197758473865904,1.723593150280427,3.9180554001694583,1.234135195490736,2.333995250700622,2.491784374560809,2.8278410313557556,0.9837132742063306,2.427281597954616,2.3516607730700607,1.1630490541836185,1.6326538115766147,1.5287462499432278,2.380622897593471,2.3547242704558387,2.4551545105852965,2.5705649219445754,2.5076337954030143,1.8582534168971214,0.9479557551703718,2.558778227954501,1.4986192026841552,3.5693285715763663,2.2276795276782955,2.1075748686576286,2.8125537623921373,2.117830510778221,2.0834461114646694,2.5853263578127668,1.812404741568914,2.1939213107333995,1.467662636324208,2.3895113095457385,2.599263052746102,2.16537237780748,2.1936602073564777,2.4175656891627435,2.6952928639464213
CHI:09,1.5188355919503522,0.8856136072169892,2.0614106890183637,1.3226355585281675,1.2193862026052418,1.841831927579293,1.7230000644243098,2.860892344326836,0.0,0.4862481378309022,0.90951588551916,0.755072954672277,2.017186559475276,1.161332737649506,0.8842129080664833,1.120855845640417,0.6786328825103655,0.7594527856947929,0.9530089544216279,0.98881828296926,1.4082650763822593,1.362211560746473,1.1339738939243398,1.6121443012368097,1.0915123454058022,1.2478245930233336,1.402802954234138,2.4362055331324286,1.3251953696358068,1.5415554410115575,1.7808403982165788,3.3153543151394413,2.5541253889429143,2.033211716915814,2.055459843685701,1.80339256980331,2.1020841312815777,1.4462727296003752,1.6059350172011688,1.6811676452551454,1.9735215066616476,1.5099597676246073,1.308441428921473,1.0943966172015211,0.9617387178478096,1.1647379532063669,2.0207672474227865,1.0740592171194066,1.1938331532930082,2.1646283578863983,3.548781430364296,1.0391783273631152,0.9882916381952742,3.5802931140311975,3.380294951777001,0.6255110957235545,1.8423234101816706,1.1153410377948778,1.5405522441093773,1.0950287361917275,1.5039711839681174,0.8774501408192888,1.0634684983653675,0.8150025397861898,0.8926209991711581,0.9351876391853745,1.1044977457570788,1.2436743921877225,1.401536702000114,0.8097565767693755,1.006233546032715,0.671980472613185,1.010735040385392,0.985121444083738,0.7336120697726948,3.9700623909500727,1.6678416424570819,1.39869798975146,0.832093779609661,3.411979058643448,1.5053700324214565,1.3742486841019124,2.318691535638824,2.5114540728880783,1.855443045082975,1.8630375018099534,2.148366726466447,1.9984540234182122,1.6160641789012353,1.61411903551233,1.6005799168180057,1.460512205044997,1.621902768960748,1.395863162548054,1.37743065605937,1.5103751481867316,1.3192725537623344,1.2578125571984462,1.5130722142248578,2.405680415909323,1.1774740419506518,1.5238207989288743,2.188865974189713,0.9706077090693284,1.1651939025529814,1.3438358714403376,3.270335330645011,1.2688050984335588,1.9170998724777075,1.7358663932805483,1.5172691473172086,2.0149597789315483,1.2969998283919597,1.3559925720875847,1.3626459447073809,1.1812602987689995,1.39991331340644,1.682765908867693,2.474853054599338,2.3534474374575347,1.1532300913333526,2.110772844071237,1.6991745647261802,1.9259230759976638,1.6234067906899337,1.7469619202255335,1.3680264199076357,1.7978083820871955,4.094975691455662,1.5174703350380656,1.2252922290242472,3.8050017863012933,1.9214963834877097,2.6375978377222316,2.817158237522953,1.4234484510051637,1.6628695289343056,3.076905276322477,1.8733992580548375,1.2679416384265985,1.5282866863250442,1.7921073888002192,3.0720513790769455,1.13261268707814,1.2064734037189333,2.1987295685663217,1.5850483088657172,1.653582887620145,1.4465080664997452,1.289295621842852,1.2612852733535727,1.157584457192661,1.4987601768951584,1.5556154765808516,2.811942045189581,1.5658366819852394,1.7412510490456758,2.7547940695857633,1.287662522886905,1.690881431773667,1.330817651394906,1.3890530940334676,1.3079982673423631,1.2902453569788306,1.5826586655355654,1.4264389461044784,1.8326529751754352,1.2084291726312593,1.501006988848222,1.316781545243038,1.176076003929108,1.1165253424626251,1.2986667307109854
CHI:10,1.3103947188635898,0.7089116318397439,1.774946391071085,1.0705933745245686,1.0779565730868699,1.655039729959507,1.5154699000336067,2.651470503319052,0.4862481378309022,0.0,0.6605647602180775,0.48858789053463136,1.7556443100575911,0.9960580707806294,0.7122933957516783,0.8847929116441434,0.5615755861466188,0.6141871837791709,0.8213818131383998,0.9062520614143291,1.1875558747888972,1.1828166257834734,0.9087849311228702,1.407825013394151,0.8286507173010229,0.9437575474450803,1.0777128808841894,2.1442452393548206,1.0121181116911429,1.2687814096570773,1.5424258420818426,3.0664034472972648,2.2718141196054416,1.7737411918970107,1.6927726373765146,1.5134642643151113,1.7792163294308754,1.1978948478537041,1.3144782778661839,1.4237920755630191,1.705947853316687,1.173404779299463,1.0797726899825337,0.8168227324662056,0.617438812363915,0.8691462620587143,1.8208131143380069,0.731357989754644,0.9137279866180452,1.853412307781371,3.3656131812838677,0.8272291402549022,0.8506589478470988,3.378800560984011,3.246565202240226,0.46225725503265885,1.6421532118199544,0.9001431216596407,1.2745596834164425,0.8952024189097472,1.3109270668349962,0.8116062014043541,0.9218354910772483,0.7044181059465066,0.756832656176424,0.7986505515359033,0.889143080485686,0.9299035936761103,1.0599732413220198,0.569998100955116,0.8096522564139593,0.5895333280871801,0.7419238547070967,0.7496645301365165,0.47042187409321146,3.7988740054752035,1.4345338969732768,1.3257251809852013,0.6796438584401885,3.2382351039985218,1.428726439606841,1.2511515689692483,2.0271233815309775,2.312917334677411,1.5986494832470872,1.6216047678146792,1.9765351575041576,1.8459888255484738,1.2513739404438198,1.4244515466305314,1.4139514768096526,1.2667845470747052,1.391969304466218,1.3322370556698093,1.2301362429167597,1.4185686415302237,1.2147005573608025,1.1176554384068822,1.4596319148335497,2.2403255116289467,1.1173663003565832,1.4039889042175064,1.9538055878648306,0.8079852219227625,1.0860721727236289,1.2233184122874246,3.1241393770404295,1.1426461077523353,1.6909545261358856,1.5719833632175675,1.3494068047506433,1.8327266706424128,1.2798424494875764,1.2276541041364952,1.2531440212494869,1.0202145398094555,1.2029310086678864,1.5024893752508994,2.300093145520336,2.211471741468696,1.2191323799704006,1.9424780690498913,1.5296219412729972,1.7184694386916082,1.4198036370520233,1.5969407988995985,1.2209880811533897,1.6368201695907403,4.007597354738716,1.3657746063335359,0.941853965551498,3.6809927234884197,1.7215475049564584,2.4229864218357573,2.685448544607554,1.2999739693371883,1.5867122430198364,2.905299382556993,1.698404741889569,1.0661830162885482,1.44822382261552,1.6262287426916593,2.865912898478553,1.0330350839094562,1.1144082751642768,2.011761349833012,1.3385186899262884,1.3975818702681377,1.388356430242919,1.16437326305005,1.150686985308871,1.0256067394622692,1.4570268696133077,1.4493853225601765,2.5859423436205673,1.350462055016638,1.5675195987783992,2.582567111698695,1.1916411704426664,1.4732243195498738,1.3362998400950201,1.310244880734942,1.1292455334888545,1.245362786920818,1.3459928583240817,1.237512958020726,1.6963029618404217,1.1816885984338783,1.4614865104989299,1.1972928591483798,1.0355108110391402,1.0048317326450713,1.296074586438615
CHI:11,0.9491556182782696,0.5584419302653069,1.4437568374988612,0.7554082633247656,0.735052138551954,1.2556604320197529,1.1052857540688361,2.3150054483419398,0.90951588551916,0.6605647602180775,0.0,0.79068255029703,1.8122102269934999,0.5694035091137325,0.3673762383426569,0.4393228189663217,0.5738967913109337,0.46357712291237513,0.5470292873346118,0.662398532006533,0.7104867787750668,0.7331893906721609,0.5990670073379688,0.9964031268944286,0.5009213303608961,0.5781123698623197,0.7498597553819646,1.8752440384941214,0.7846264500536893,1.1413675255261817,1.2242125566591644,2.7427611375346426,1.9264386654000256,1.4664024935392197,1.5425430918326324,1.4782243472471173,1.6119930538639837,1.034758428589396,1.0943221041269433,1.3794414276640006,1.5563601016318975,0.9759102154421964,0.7324335282624869,0.543913122646428,0.4549453457159273,0.6886520827792055,1.8974558487419624,0.6416727736067441,0.8264373548961981,1.886520375501167,3.395458282793309,0.8533708298073175,0.9657359454110853,3.527022133623318,3.368211684422555,0.48098481444386315,1.552045456499004,0.5480357331243597,0.8339567603637533,0.5077754332706523,1.216747584529614,0.5707857484887124,0.6494894779412251,0.5923699066012588,0.6802337897582851,0.5991802106355331,0.7987090561790042,0.9302134202516423,0.78464545958794,0.626901291475958,0.5970086360050834,0.8945082887028408,0.5934043970976234,1.0563029858216006,0.7768055547235818,3.9200762759008385,0.9963740319571933,1.051039271888372,0.6679517917939336,3.3435690582351336,1.0963559985826166,0.9303503181488156,1.7618071347942288,2.008615295825238,1.1715833196095098,1.3029409577994266,1.5645706231469523,1.7740841896329462,1.1915575086460524,1.279538168566361,1.1053959643346416,0.9000460291694155,1.143318808268407,1.1812397335630789,1.0602669841161705,1.1751416090670126,0.8958181213259513,0.8168938997014423,1.1837517991697653,2.2085446206214656,0.9215604842842572,1.3810655181646454,1.6751809124352535,0.6147751720028536,0.9035960508242846,0.9287409930822712,3.1923586810906435,0.9971052531966742,1.3991708282228,1.5898368605323823,1.0443206775026426,1.5230264681259313,1.1357183744951223,0.877178513227127,0.9347571370011958,0.881904164325949,1.236668229081698,1.5042349824084924,2.312931568003706,2.2098560471246094,1.2371895606785237,1.6477176173361705,1.440525132807485,1.6631440602004313,1.007425307819281,1.3807744641764839,0.8600593771139992,1.5876516821329114,4.266670823278241,1.0729279743561408,0.917968286109884,3.851482977526101,1.586656024058533,2.4683507938326827,2.70260388271403,0.9134430371778164,1.3933475637649007,2.986937817827912,1.3296733272328165,0.8665524078640412,1.1280579524227186,1.6597698513893717,2.465253051897003,0.987657691327073,0.9539629689814015,1.6330738581240964,0.9709766759670218,1.001434815843247,1.0738935072667437,0.8319226207754399,0.8674513045905029,0.9654974936521665,1.2299373855591218,1.1613079771966652,2.2240675595289563,1.1911306739650125,1.2253929376814003,2.619776009425861,0.8808445568925395,1.3919558853426983,1.172310722948912,1.025080922701443,0.8850416852183054,1.0768329499090792,1.1341054868157485,0.9639271969794447,1.4543420938152172,0.9674555523514751,1.1765592730637908,0.8484338340305433,0.9357436357325242,0.9910377001424254,1.1842922367648214
CHI:12,1.4777229498565738,0.9659923894351439,1.7395050007492807,1.1193601132902617,1.241060880108097,1.7649803314783101,1.5772220372538575,2.718060608585122,0.755072954672277,0.48858789053463136,0.79068255029703,0.0,1.5499713029668347,1.20881346214771,0.927895777625612,1.037433142397317,0.7894587751371583,0.8480150476465642,1.0642781835733728,1.1609022361283872,1.305038367088293,1.342181967482867,1.0766956913436903,1.5185110806070385,0.9586199672766746,1.096386166366194,1.1703710859866698,2.1623838378847946,1.105714409040242,1.2701103614808233,1.5316687088211285,3.052016940435136,2.2113886557913425,1.7707182976601363,1.6427969818913404,1.4142704406005573,1.6611694486692465,1.3128561685405682,1.302106809437386,1.3216386267486449,1.790095251414864,1.2339370104802956,1.2145748084244807,0.8743043506358077,0.7245238001162805,0.847111714719621,1.6915769578566995,0.7067975209018452,0.9719657146104603,1.637783714944446,3.0902069460995323,0.8033195471486249,0.9323945023844072,3.1194683233330194,2.996703533847078,0.5987821284604129,1.5104420380592156,1.008724625852062,1.3085125404676203,1.057552565850357,1.285124228383101,1.0193372704272814,1.1439862740359261,0.8600870881104165,0.900064965303741,0.97839413291786,1.0037916266658615,1.038907255612662,0.9802425141740863,0.5848360953288185,0.9825471997991639,0.46664778276304364,0.8255530552691502,0.7742399221691476,0.4165329244830183,3.4609356159232436,1.5484384566238991,1.6267158149387229,0.8706527739699078,3.0104184506288894,1.7327681395038381,1.516762737726106,1.93894972276903,2.440234902243625,1.721720258534597,1.7526736258152789,2.133756155154188,1.8123920527540618,1.265503875864299,1.3922118401071992,1.6254972569234978,1.4150639267077805,1.4188276011649428,1.6050659818058903,1.3756392052550732,1.678322914461811,1.5211545701943125,1.3903235565213263,1.753787970733333,2.1283157819496883,1.3768354287610083,1.461539822814669,2.0454044358822934,0.9713748063688805,1.3323347963644,1.465841445289148,2.9174524161054234,1.3115780187090627,1.7989832001735437,1.5190184716773556,1.5657189736816945,1.954045541474316,1.629463960234819,1.503960014608163,1.5367792541127065,1.3282521191637315,1.2829678904469108,1.543485098573835,2.15916948305253,2.1044912156707922,1.556129043829793,2.068625974707304,1.4995918043561172,1.6556509208101384,1.5577306835096716,1.8272693902802892,1.4866420309573558,1.565224763404918,3.7548253722591305,1.5665651536128051,0.926483737253704,3.3963805350185643,1.8916109425091763,2.298513526792424,2.5705866887786812,1.5549206669848776,1.8203440966009692,2.680100327099958,1.8136941511430866,1.1837727506628035,1.7538254418750183,1.5997782608616404,2.9747287625496015,1.299626035834751,1.4077157309407942,2.1917273445060315,1.4404746603587038,1.471745575626078,1.695700321973934,1.4450778361360725,1.4350114775034042,1.2109243279511857,1.7703514365231852,1.7255135586413253,2.668201672876441,1.2404757597586902,1.7568788327285771,2.3589023265831193,1.457353309141271,1.4798717371784844,1.6660306587405096,1.5952367374959375,1.3185019604156047,1.5784521741471444,1.3634568952097017,1.4384579847419043,1.913627934878149,1.535013468740757,1.7691941371958557,1.4659156987230344,1.28215135487579,1.178641561601019,1.6203810782666879
CHI:13,1.8671341661920953,1.8424462692353951,1.7656418062288022,1.6285942462003347,1.9349459311002077,2.1882287107647955,1.9324316808023523,2.7367735467249177,2.017186559475276,1.7556443100575911,1.8122102269934999,1.5499713029668347,0.0,1.9587120489893475,1.8912533855386293,1.8815501942665753,1.8366408753740608,1.831666723189391,1.9026790094799226,1.9529120969666545,1.9573452906020978,2.006563445614867,1.811988264611886,2.041867836943766,1.6929368087910541,1.8876107892942473,1.7667720879570188,2.1281321234923634,1.7366184837293286,1.1470580437148625,1.621738332196531,3.0107051632218207,2.1272582629561345,2.2302199610090403,1.5589809740873095,2.009809497345844,2.1440177379888166,1.8314696372660708,1.5723333372633579,1.3969049210664999,1.7536727169200454,1.7143397444660078,1.9747441840464393,1.660094021149875,1.787473775351738,1.7676056504111664,1.3300577074130868,1.8456182158538832,1.9001955964041315,0.9641987702614553,2.0090097179825945,1.7839182617809333,2.0069676573327735,2.2867726404493287,2.079101170606778,1.7540107982166713,0.9471034508816358,1.6997399670686055,1.848095719329048,1.8553574434758995,1.258175918040932,1.9780985241164748,1.9024730985224292,1.8449515140513242,1.7406057612168273,1.9085161594796376,1.985545842012161,1.9264463474699838,1.6081757720101562,1.638196922094739,1.9493909555683537,1.5946184078987529,1.9187366883566475,1.4108263804300794,1.5981207578369208,2.288466869457838,1.9968574674680704,2.3930927096036294,1.8440755338149324,1.918819836579827,2.5824587895260804,2.3989655497955407,1.6557349527979943,2.6129121984184622,1.9194479552572028,2.075090059047334,2.3589965288392545,1.4981808564015848,1.2702409972364808,1.3942890643957988,1.9655865750707382,2.0606043377199574,1.2889300677950832,2.285947396069455,2.0310966027567634,2.3158522646926967,2.3298993928027505,2.1556470163786683,2.5030435190951867,1.3919247893319218,2.182439770238561,1.6792691613946813,2.178960040565979,1.749523311803401,2.169810363068377,2.228494860733775,1.9093819003402346,1.9133880358579098,2.1865763318463247,1.4281262543764683,2.1065690750569623,2.3994302650561457,2.5203409646695514,2.3030348599675596,2.2670845180764903,2.03051813776273,1.8049592870447293,1.4148139525649686,1.2440011201535661,1.505101599404658,2.502149475229568,2.313356942221504,1.362222536737314,1.1238294712336991,1.9455298334845643,2.140896947313083,2.2278236397370708,1.1094210715799782,3.032608784645984,2.0263686137417802,1.6152323616273734,2.4908345845412025,2.2028463064850268,1.0693166265607248,1.6577714804986385,2.243947196357053,2.3645639273716466,1.6664958505595964,2.2390073854438097,1.802401844248609,2.6379623695993546,1.2640812312207714,3.1769086208675796,2.108305337612216,2.1357286512787437,2.4934315587691356,1.8462621385330416,1.8061968725220776,2.527680540436677,2.321714037190938,2.3013570067656186,1.9927184457816303,2.576587780360855,2.4092997122764412,2.880961070664015,1.1432125125325228,2.238547556556361,1.3739386061945669,2.1813375569425246,1.6009432663736232,2.632924781637489,2.3018053405129986,1.7599787435972507,2.546178622702032,1.6012188038524788,2.131959958573948,2.394825295028873,2.424425100792428,2.5551047035343526,2.2725893250401414,1.9063023522984934,1.830447522550246,2.4716732377847777
CHI:14,0.6128203711441835,0.423751667517119,1.2570801027355134,0.650802888307798,0.4899926649729302,0.9067571414561173,0.835060114921686,2.0114361626421524,1.161332737649506,0.9960580707806294,0.5694035091137325,1.20881346214771,1.9587120489893475,0.0,0.3882179979205053,0.3986815407996177,0.7582071752027915,0.5413767601273706,0.37463137638339433,0.47782957470689985,0.5598765488761108,0.4278518610147557,0.5314914847853968,0.763627901183229,0.5126572381116189,0.5700960756861706,0.7516986776482522,1.7241012795614163,0.7904523686378518,1.1126403681320107,1.174066715384529,2.556320308290363,1.7710562506111935,1.4606507776017852,1.489506354776953,1.61385124570538,1.832295885309007,0.8635364259596385,1.0394692322669516,1.4222828853320602,1.3473356745339569,0.9467512190051425,0.6188956314298909,0.6755060616243925,0.8168931630658032,0.9259504300813679,2.0831266018792576,1.0054425840160102,1.0167064717114274,2.090895319979419,3.586393629572084,1.1295405954438298,1.212095719054076,3.7820962613901274,3.5838835280836463,0.8482673752257248,1.6781534735793129,0.5938210055752026,0.8678599210952436,0.45146248103290565,1.300576557020944,0.658767908132199,0.5611246658288669,0.8681311149110267,0.817743409856841,0.6480633463978792,0.961959037764535,1.063378829624999,0.9806759639050716,0.983796191786551,0.6898347172326774,1.1748143877979906,0.8909134897082676,1.3102958830910518,1.0996502219512492,4.1600193284163876,0.6573876559880867,0.816663530017833,0.6786956395779662,3.507536851302278,0.9270756956386852,0.7449093963808663,1.740734063682513,1.6527096670311685,1.0061803849969526,1.136093513933206,1.2861359388189209,1.7135910698070278,1.2545455585667946,1.235890773112431,0.8288384239753326,0.6769741627776422,1.0781557434988291,0.8975164848353171,1.0265282277670538,0.879978644174076,0.6981652708364923,0.5650696789227913,0.8606060604889119,2.2869275116363843,0.7474316482948287,1.3694951706182439,1.3620805751538367,0.56753739227474,0.8211630694320133,0.6945748172628362,3.3063190460338467,0.917059264534445,1.118774890350416,1.660790548422245,0.865881533451511,1.2631978626850335,0.9726976251137862,0.6077273456994939,0.5966484671400925,0.8098399755372596,1.394697385269035,1.515588927170341,2.36785744280252,2.223483183860458,1.2438841929844728,1.278451210881975,1.4188289190629917,1.728626710136948,0.807409934639552,0.9696822214127693,0.6206741060004451,1.5903899567426452,4.54820127806391,0.786771953649376,1.0033690395651682,4.070172522153886,1.477714648783043,2.5411027951697513,2.7470386720242113,0.6680826207431078,1.0005206387556171,3.116874682966951,1.0491960397141125,0.8114498195182727,0.9498515804549428,1.7124706892590609,2.1491812579720224,0.8504640417521256,0.7367273586477989,1.238691851519953,0.7501802520126558,0.8766311995365188,0.838737265645833,0.6863529252240163,0.7950747175372942,0.912507755367242,0.9773922755754811,0.7929135008427384,1.9821103268175377,1.3812027752199063,0.898781064667482,2.734692981057813,0.6198621072306515,1.2638941555063887,1.0554013097002564,0.7012626199086813,0.7776575761115765,0.9152463782520102,1.0985140256238533,0.9528237753311833,1.070885853824622,0.7763709128322549,1.0158820489741867,0.6162941763154536,0.7066507698350498,0.9822255484934496,1.0026602517240992
CHI:15,0.850830808112322,0.3650302346885627,1.4438965603681875,0.70357494966748,0.6109056569331953,1.1595096982906317,1.0653114470632867,2.291014679060164,0.8842129080664833,0.7122933957516783,0.3673762383426569,0.927895777625612,1.8912533855386293,0.3882179979205053,0.0,0.49327675812296334,0.47248940394429056,0.3204242713430197,0.32629982812001884,0.4858652286919683,0.7749955005937966,0.6846588110496296,0.5230810973970415,0.9959239259718337,0.4416328820541256,0.5885105684705906,0.7566052932900821,1.9250042250228079,0.7491200135606291,1.1394190042487866,1.3087615581726062,2.796835232790228,1.9761890540605365,1.6097028584236923,1.5803443318274608,1.5002219931927383,1.8112851570432078,0.8732530913907679,1.0646373520339751,1.3282833700949772,1.4994433171842172,0.9363954047585168,0.621825369482082,0.513869261553373,0.6587855796059471,0.7206736946244793,1.955307962263302,0.7742608375265835,0.7736825244188622,2.0233874043848363,3.5051005070884567,0.9209926742219016,0.9135029284141414,3.635465804822351,3.462337415409072,0.5989575355399654,1.6588568315175884,0.5835413872241446,0.9874267112963108,0.4896409120342544,1.2502182742845462,0.41299479182860804,0.49406643371893816,0.6684386628091857,0.6363089211328362,0.4335988059071058,0.6938487833187342,0.8650856767054784,0.9038895857440582,0.7158272847528326,0.44112489182385867,0.8907058803955652,0.6381832484124329,1.0686291769853373,0.8297714819516732,4.075765049528557,0.9261587323105771,0.9029812332499334,0.5631928900002117,3.4225075083739473,0.9741865373671468,0.7764558003456393,1.8766569863681328,1.9216560159534837,1.1726041570776282,1.3302057532352407,1.5031849007011178,1.690320294930334,1.2622464275981755,1.2120794041115823,1.0392700139578226,0.8248628503339714,1.1455888701210746,0.9609695060586934,0.9707852973293306,0.9646688049523757,0.7681537363290372,0.7012140745107391,0.9558880579865169,2.232343205657919,0.7243693073845058,1.2837743442538803,1.610179505028885,0.4918484121617202,0.7657279925790551,0.7664520032742712,3.221465722956301,0.8390900633078029,1.3238879779305228,1.576086858494951,0.9987854364960204,1.4954160439979625,0.9386512497579614,0.6935331532003577,0.7404906982041943,0.7884529953388046,1.3680522956978967,1.5669970150461299,2.327292450728353,2.1750630431783438,1.086365313604861,1.5241562022320907,1.4013287341439493,1.694023655455392,0.9768654512691237,1.2031491825467822,0.7714297427938013,1.5604623854832391,4.33599121523341,0.9701983747946484,0.9681736909959284,3.916142772649759,1.6144505484507625,2.5003979534760146,2.700172587093949,0.7434658565912531,1.1877550606015632,3.0379964923166765,1.2769108268558047,0.7997217520209422,0.9807243554404484,1.673066272686982,2.437313815138322,0.8418963213889853,0.7911304777631482,1.5377634728606624,0.9170147259829705,1.0293548305383764,0.9072861572234295,0.7078572522671902,0.7206103499147515,0.8384100178837552,1.028179585668775,0.9589504069850736,2.2401044749008023,1.3040163275128882,1.110906906790514,2.659056041666205,0.6554876087785034,1.3564227357524894,0.9773911262214943,0.8090483576460383,0.863669195602154,0.9006924705824814,1.2092711755429233,1.0273978628106453,1.2723239887300002,0.7828870981730838,1.0247759076646263,0.7093544073141187,0.759692849224648,0.9553607038307198,0.9603588418835385
CHI:16,0.7667226719036997,0.5516516174283422,1.1999975521517896,0.6904861723617409,0.5769363901851371,0.9786237947183959,0.8430136865226243,1.9817128961396837,1.120855845640417,0.8847929116441434,0.4393228189663217,1.037433142397317,1.8815501942665753,0.3986815407996177,0.49327675812296334,0.0,0.8163424455919718,0.6019411120430069,0.5725291110462368,0.6536917698001664,0.37621252773398983,0.41618279766405,0.5765834863567948,0.6784161013281689,0.5226021505091696,0.42705722232037835,0.6930020767531159,1.5979246435682857,0.747619266434332,1.11036298224106,1.0450935952755505,2.4355069609567845,1.6562639722633095,1.2130600166413585,1.374756354346863,1.4844074422240274,1.5552998882277964,0.9405811860844381,0.9809611139805728,1.4417731024649978,1.3837333851702678,0.9313394531563025,0.6812338193760102,0.6467180441805548,0.5526515686249724,0.8623050496048115,2.021979814234106,0.8040907071744778,1.002020554005548,1.9321573564928738,3.504101254516789,1.0495812710235835,1.2094393659222316,3.683001227187418,3.512896334014999,0.7712198891069617,1.6146945597393367,0.5618425845027055,0.6383377941852691,0.3226694417709908,1.292745122695516,0.8109994079866156,0.7633745342504519,0.8615506661298167,0.8887270021123567,0.7765081416134412,0.9956719099641729,1.0301094068051808,0.7885058436271406,0.9084894142142043,0.7700003644651141,1.1145914231901717,0.7865818871516307,1.2815171396315321,0.9631758091834849,4.017953066473744,0.7080414154033431,0.9170373701129304,0.6151969631434232,3.4538052874518743,1.0583525896067068,0.8802743388525993,1.5924481713222278,1.6592008174218293,1.0150045839077417,1.0252698304799355,1.3514349637768164,1.8043179987345161,1.1299782171603918,1.307573251113352,0.8617607446491138,0.6647785959165462,1.101943398098612,1.0998566535839367,1.1256798750154258,1.093955243078139,0.8027756731612239,0.5951123413965341,1.0972336805658252,2.3115790584533475,0.931482061388098,1.4937362531083587,1.3507648596639266,0.626775956090527,0.9470536044250971,0.8273446727328265,3.317113842179543,1.086795354585999,1.088250020632916,1.6898328496723423,0.8535916567382238,1.184587945248096,1.1692249423197871,0.8061707681330079,0.7930630958586562,0.875504438413439,1.1703063732353711,1.4054857913108396,2.3698502315739205,2.2881494270932063,1.4151205931411406,1.329158053158055,1.4866814291592416,1.748662047312134,0.8413845913753141,1.0956703615542118,0.6750597196699337,1.6164722962492977,4.517462885465143,0.8465152204741234,0.8483230618161549,4.043260591033096,1.3626060066718773,2.543880743383655,2.7937243131163854,0.8530872948038586,1.1037739135526257,3.07436010431106,1.03367617937697,0.8290089673375955,1.098994343691873,1.6986974944039877,2.1075298789487684,0.8957359374921994,0.8689242976217938,1.2838093750535782,0.7179357154808699,0.8308313153898828,1.0008722350503887,0.8034681372309828,0.9587598685506038,0.9977762037404789,1.1691604816905703,0.9340465389299701,1.887753645493306,1.3546934175845984,0.944659589760556,2.719306498200489,0.848303906789541,1.240848562209507,1.2588421749835934,0.9000255910507393,0.7488000279405445,1.0649214870462227,0.932394578645166,0.8377985161407742,1.190295822595486,0.956175032561078,1.1944781562842375,0.728959098445875,0.8286953932461301,0.9460289762622744,1.2091703785823298
CHI:17,1.1029798421708386,0.5269759695956041,1.6739663292010762,0.9333567819527485,0.9280888034813192,1.5315258056579981,1.3992797081652304,2.6209075845285037,0.6786328825103655,0.5615755861466188,0.5738967913109337,0.7894587751371583,1.8366408753740608,0.7582071752027915,0.47248940394429056,0.8163424455919718,0.0,0.32128227979721463,0.519595461516439,0.6430200064449063,1.110499228649889,1.0568389103355817,0.6625678356624277,1.3482477351845708,0.6163454804304456,0.85574143366136,0.9294690440436904,2.17277069563792,0.8652431467997912,1.1601525240106156,1.5028072053675468,3.104469193621317,2.2400044596564173,1.8667169338756637,1.699090956296573,1.5266857486151733,1.9289217865303743,1.0009091217179171,1.182595395281906,1.2314582890556536,1.65113264344678,0.993162550105088,0.8071454083135505,0.590524171986297,0.7241953024898897,0.6497313910257384,1.897228932179723,0.8835454363358125,0.6985842303365901,1.9566851208227611,3.3954585977634224,0.6487057183144641,0.6608143004984879,3.4727939218679897,3.2982805067617096,0.4151442296413361,1.6413438054947393,0.6977741537151733,1.2041894886711186,0.7753904358365641,1.2098252175337625,0.3889825849499963,0.5084345059788246,0.44104261211753976,0.4656049409818419,0.36291969376096156,0.6269650659447304,0.7999286783861018,1.0058555508879616,0.49261284547749173,0.4788869226734261,0.6891267779873506,0.6224006830524358,0.7414414780777209,0.6372917450465834,3.950479127987617,1.272866899375424,1.2373593766796311,0.7368963479219627,3.2847013126008586,1.286973764084814,1.1002767501890705,2.091924947119289,2.2857184259154266,1.4882942978067988,1.637196274850724,1.8502618304272918,1.7293693395234695,1.3543057986656122,1.2889767164601007,1.3450848439546905,1.1820337258156948,1.316114189634644,1.169673846237162,1.0799483740272204,1.2418649345478159,1.1051715009098346,1.0586204240232266,1.2468723348497996,2.2274477186814967,0.9366774779834072,1.2846461558388569,1.9305590583843282,0.6330597818688234,0.9350004227227307,1.0787430598218233,3.1112030189099737,0.9587600952849024,1.6534686046180942,1.531950742158698,1.2854420533051654,1.8448564180430516,1.1418099061491602,1.0500134855888215,1.0814608520413107,0.9777552138727255,1.4302480808574418,1.635132420183202,2.292110603141192,2.139105136058483,1.063303669784607,1.8685832401124927,1.4491691366670933,1.671912891055675,1.3350766434189998,1.5144485445004647,1.1201620096963059,1.5858862703788938,4.063267441858084,1.2888342984165257,1.081761020154458,3.7025272321709086,1.817026395328258,2.4029534049265413,2.6557987658921007,1.1227819268129169,1.5107625756683642,2.9495488420332854,1.6591513383781409,0.9866297504026991,1.28639016093641,1.6486340175038834,2.8225511262888237,1.0053643957236256,0.9845337097481621,1.9142331407575108,1.2961429516249836,1.34816914149669,1.2178296895306804,1.0278647922145707,0.9727308228559006,0.922672873352549,1.302329658582124,1.3415340052927565,2.605323501032629,1.308207145206733,1.5126310356682584,2.570537149915845,0.9856027058173416,1.4709207199557526,1.1429128014268668,1.1655093236870455,1.1013452911620836,1.1288069738387803,1.419954047950685,1.2803836119025032,1.6199620741182086,1.05957866070376,1.2824835483235701,1.0701535769598605,0.9315448908538791,1.0607927789521845,1.1328770704387097
CHI:18,0.9012981569231543,0.36129148088741997,1.5026972756972752,0.7878404140508296,0.7177384415983108,1.3255547553632092,1.2030076907227685,2.3780431041881873,0.7594527856947929,0.6141871837791709,0.46357712291237513,0.8480150476465642,1.831666723189391,0.5413767601273706,0.3204242713430197,0.6019411120430069,0.32128227979721463,0.0,0.31358814932044776,0.415502411171399,0.8989650142640772,0.8347062862167993,0.4677203273606206,1.1345701958564998,0.4174057014386584,0.6861020236271137,0.8290651823440274,1.986285037955046,0.7316466064260823,1.0674692211692913,1.3149517687760086,2.874170996968953,2.046772902502242,1.7374665694842393,1.5901558929505513,1.5445871448678463,1.898585330369411,0.9077732957866618,1.0925834382624686,1.253024426192876,1.502186698605153,0.9390663653732332,0.7070676757930594,0.5688017347438613,0.6863482267922243,0.6889728273767302,1.8456163641737808,0.8911428931956569,0.8245204726199605,1.9463558934357414,3.4204881921513413,0.7741344341388179,0.8205852910291399,3.517181619527446,3.3569277229584222,0.4604686595635812,1.5689200209252971,0.5247639824020399,1.0148374192043819,0.5775834140750147,1.1390868924519562,0.4263400568282998,0.4201710663349977,0.4562146653173836,0.46109972829612256,0.3627707988872574,0.7036719593840839,0.8756555407282379,0.9738817066452433,0.5963562754220283,0.498290748775024,0.773397196543615,0.6940525093530874,0.914555757818119,0.7230073276420177,3.9781295647400476,1.0813294994197369,1.084758953419062,0.615438046633904,3.3264966355081054,1.1798135794334192,1.0015047011041542,1.9222805619088694,2.0532983958935467,1.3163383637362165,1.443278182253727,1.6474385576845456,1.6997724604111915,1.2919440007031107,1.23681306769391,1.136995079717027,0.9736420676233715,1.193753137199675,1.060475087744642,1.0571024977248922,1.1304274808048032,0.9602792840690868,0.8648943898301534,1.1235946502607674,2.2270050973780022,0.8384689088076012,1.2973591979042156,1.713395657039397,0.48894222021530237,0.8486680963724916,0.932495054039474,3.1533140406236075,0.920664270806655,1.4458736837083557,1.5465406865086255,1.1017411220241333,1.60984002320566,1.0872793790744548,0.9145838705549364,0.9033484990985293,0.9019776861155441,1.3318251463282995,1.5067210294073856,2.2861632353490178,2.1445027986900422,1.1269533568643932,1.641365820490261,1.3993182614645927,1.6524589431232701,1.120906589346902,1.3196716872156522,0.9353246935909182,1.5427848421548893,4.201049711166029,1.0837265643235021,0.9806741590451779,3.7992759544544072,1.673991640832376,2.421633409230339,2.658953377627965,0.9904198069493704,1.3094088516517859,2.9770748704872294,1.4430736273332996,0.8813230346719223,1.2026033437921142,1.617427317181355,2.5822044810217384,0.9117888612472896,0.8467403934911443,1.6749949022818924,1.1114335965608058,1.1523647509837034,1.0849025602781703,0.9077524441936323,0.901161098471594,0.8729952172514738,1.1999214964335543,1.1481669149215856,2.371857284824931,1.26544829956059,1.3013503162129239,2.595001081099856,0.8678360739273051,1.3456287176326627,1.1224618974105018,1.0038725310715422,0.9389715724906671,1.0549241559162772,1.231468038687733,1.1186418403517737,1.4075604165108286,0.9444685181817511,1.2135336383207873,0.9117792050688621,0.7931110089609718,0.9480299821839986,1.0916829002351318
CHI:19,0.8365265728331581,0.39460306526412836,1.4876513668157259,0.7727648019664721,0.5929035287566715,1.2089570138043109,1.0931223188561006,2.2679944666516314,0.9530089544216279,0.8213818131383998,0.5470292873346118,1.0642781835733728,1.9026790094799226,0.37463137638339433,0.32629982812001884,0.5725291110462368,0.519595461516439,0.31358814932044776,0.0,0.31908249529119614,0.7876223014969299,0.7084056296833284,0.39692497537512006,1.0067772484687763,0.43519667403447393,0.6457621445490949,0.8076989309033688,1.8969507512300339,0.7441153409602643,1.0536053404868588,1.2379130179083249,2.796981943295219,1.9947906655121637,1.6827265762434005,1.6062266968733008,1.6934193420612853,1.9010693554372105,0.9215320169081221,1.1697242233783667,1.3621483359494284,1.4685321225400452,0.9833438392812275,0.754867449977782,0.6564438697525096,0.8018803721123742,0.8457178951712447,1.9329572478834889,0.9894405120600234,0.921837646628452,2.02481915740963,3.5026926950014388,0.9461721080753808,1.009520702386692,3.662280275975411,3.4633236782178023,0.6588201320721844,1.5843926923727383,0.500194835618481,0.965168236560709,0.5205866064516357,1.1548814491967951,0.4637166620092336,0.325967826770518,0.6369992031302961,0.5440512543645214,0.4722278062161668,0.8021510931492553,0.9574589222594552,1.0459542591325255,0.7752740271550435,0.5892230296473157,0.9837609959553404,0.8203806151678253,1.0870349036956335,0.9344487614350484,4.098117880135754,0.9855389545043645,0.9116855164099492,0.6882289756535985,3.4178489749560343,1.0032441603198883,0.8668864537895697,1.871450757466745,1.9085155078632465,1.1347076352703864,1.2756352451134108,1.4157672981937721,1.710971993121419,1.2712040089202177,1.2523493830287395,0.969645491308874,0.896809508504846,1.1294499963769948,0.9596220645455181,1.00933373916151,0.9977798464934222,0.7857211918986208,0.7130219703713436,0.9669479054359691,2.2444177535016556,0.7339782246446807,1.3330854097582499,1.6038311935306648,0.49500663222689023,0.7575383431352938,0.7938750005095521,3.232753608738074,0.8927340299218097,1.349909598355814,1.6043002117989826,0.9557506940544517,1.503494857551414,0.9787042155319454,0.753447294914721,0.7512386078192518,0.8037461809015491,1.3560948687050929,1.5204895654087724,2.3393851005838626,2.1892328344309915,1.0973201933360441,1.5160636059300654,1.41621757889469,1.6899345027191959,0.9484554619696893,1.175885518649995,0.7784098447100495,1.5810836542720914,4.373909502884424,0.8965543723715332,1.0545181048805272,3.9378854307901148,1.5406601140830836,2.46045974842002,2.702827226286959,0.8019579718031199,1.197718284861954,3.0578178938933283,1.2943619170972647,0.8582454624829075,1.0399048759872094,1.6600009683034753,2.4294314110332,0.8805760227083002,0.7586337298124208,1.5083695424738053,0.9857605144986135,1.0364094570312852,0.9082357108112532,0.7604993453737096,0.7570594774481995,0.8914368372556055,1.0582868120801547,0.9893950902896281,2.224005409523514,1.281284971100931,1.1235755101949805,2.680533284271608,0.7136323697902421,1.370874170949294,1.0178483313065136,0.8140977686480653,0.8051356981266122,0.9555002409921945,1.1813171320026803,1.0064567847431969,1.2692415600973133,0.8038502902657422,1.0371504508781664,0.7394040647357547,0.7342213210208893,0.9463615515417229,1.0125688706109883
CHI:20,0.7946471675061025,0.4670332240147471,1.4923143532704142,0.8318313092241868,0.6445463092426159,1.2034677703010668,1.1133040749249126,2.2268956287055635,0.98881828296926,0.9062520614143291,0.662398532006533,1.1609022361283872,1.9529120969666545,0.47782957470689985,0.4858652286919683,0.6536917698001664,0.6430200064449063,0.415502411171399,0.31908249529119614,0.0,0.8156261827600924,0.7303624425010276,0.41471228814431627,1.0256280690442479,0.4708239645312431,0.7232035389749492,0.886257145061852,1.924649473522168,0.7641142469417468,1.0469767934762948,1.1893199415782887,2.796969011952635,1.9886375179029212,1.7265998082004677,1.6484874183887757,1.7265614190199472,1.981804046371765,0.9644494314819567,1.2027799927639338,1.4119036390110684,1.4760373278283212,1.0762202025230858,0.7816498919480922,0.7531795216715128,0.8984093516562236,0.9414584424158283,1.8685312475092444,1.114093773304671,1.071337939501315,2.0290582227309804,3.487474620703822,1.0303908660968208,1.0842786578206989,3.656940974293512,3.447999577835157,0.7318834329130808,1.5481662644176981,0.4871586073863158,0.9502401656352009,0.5231397179440623,1.0938878312871778,0.5747980611933554,0.3891223961280414,0.6612176888741828,0.584458570159356,0.5626750121350507,0.9275429226143527,1.0907953310241445,1.1568048277046927,0.8867953149061674,0.6931144841057124,1.0562260967044308,0.9477336532726225,1.1885880966383742,1.003054690361419,4.116015039324177,1.00083178188838,0.9353150066750069,0.7413447487748174,3.4023373137995296,1.0542143554447827,0.9644509954759607,1.8721126501873173,1.8944815904062287,1.1526732507796278,1.3020584437668075,1.4217924718340302,1.719710167692597,1.3788119701619541,1.290419654744393,0.9062059547695747,0.9583733461071248,1.1294802757952123,0.9615596392487127,1.080796500241117,1.0124435678965322,0.8581715665299952,0.754758860467338,0.9887252037433839,2.26854059987429,0.7702405605593358,1.3553727286875206,1.6100871721631649,0.5433887508334152,0.732485444818241,0.8535123367350989,3.2433167126071596,0.9205007272703383,1.3814820996221346,1.6272743991098317,0.9106474251859652,1.5111233699087823,1.0107658259917793,0.8227300208174294,0.7685613961591684,0.8468359212149431,1.2942027044146187,1.4062255010272846,2.339183994324679,2.193876551203142,1.1381241409166112,1.5051189383112484,1.4241776948019702,1.6624103842008497,0.9322613861604727,1.1522712829023753,0.7850336966064286,1.5990303821628127,4.388394188902636,0.8449567735120193,1.103140831681711,3.951753221414473,1.5809548090407208,2.4650234241543205,2.6931204479208555,0.8861093325647122,1.1674142098464784,3.0688259127426014,1.3267844261961177,0.9171510023478846,1.1290606184490455,1.6147518182367973,2.4245484562352044,0.913286558665658,0.7225314721823282,1.466318442288692,1.0564013827438323,1.096316374708861,0.919080381834004,0.8027518512211669,0.8398591911131481,0.9281843566606841,1.0792053783082822,1.0101930395813736,2.2345943268330113,1.3044822944228882,1.1478991728694514,2.692267897040431,0.7977061299441037,1.3659132358319868,1.0826274359622987,0.8469899642123875,0.8156022281183145,1.0055455085055351,1.132000283535831,0.981261652487902,1.266792245827452,0.8390250294666515,1.0735689681550211,0.7714991484477605,0.7605110454441975,0.8906183512190908,1.0340381570166421
CHI:21,0.7940327930054545,0.8024267886639198,1.1154726873788035,0.7695884473235082,0.6303170521519939,0.8396759895840363,0.673608181846336,1.7591247881068055,1.4082650763822593,1.1875558747888972,0.7104867787750668,1.305038367088293,1.9573452906020978,0.5598765488761108,0.7749955005937966,0.37621252773398983,1.110499228649889,0.8989650142640772,0.7876223014969299,0.8156261827600924,0.0,0.3341190702922371,0.7267130663136853,0.44644861151868376,0.7355999620801092,0.5880177447783442,0.7964318210783412,1.4021108019889055,0.8953811089057488,1.1532114601124421,0.8604258581479426,2.217561402546807,1.470145269342316,1.009832398728651,1.3709652757143924,1.6510212695605333,1.488096882834458,1.1035414426620258,1.1218564516546448,1.6175797718326257,1.3740762704629086,1.091343489885975,0.8852333362282219,0.8738059667584498,0.782112631926947,1.1056782234458127,2.1173395990335324,1.0179785769945524,1.2550734899613412,1.9642799660617623,3.5338005839125186,1.2879346917677776,1.5143887297638308,3.8062308774291154,3.5957884882084685,1.025390909275656,1.6103531118613377,0.6768681914921311,0.481901368917923,0.4649967192081795,1.3575523031309833,1.0628846879177214,0.9474778865581848,1.107457998108512,1.0740456058266377,1.0493073685926997,1.2762972085212867,1.2814589585798035,0.9341703415327269,1.1866782476377518,1.0514836480304794,1.3909059955881635,1.0683566791305048,1.5394977440548046,1.2372525555627802,4.059582939332008,0.6194478510041759,0.9621267573470367,0.8759853260276544,3.533359807910789,1.110548220794117,1.0056026557034874,1.4201341892646417,1.4661062216267127,0.8316196065251623,0.7616035942940305,1.1192271999471766,1.9284832541439811,1.1693992300702276,1.447506153497771,0.7384618535322036,0.7306360829295673,1.1179129912294599,1.254101819627495,1.287668376194672,1.2063013401276192,0.8746561864747373,0.6736565165352334,1.2110922188169109,2.3970972191014326,1.1047491876830993,1.6886960965378384,1.2011393293356025,0.862228294514493,1.089115191726728,0.9555373506487492,3.4253977933766175,1.281289340039951,0.9894372635293693,1.851536574731023,0.77617403077379,1.035886302426863,1.3299092042249836,0.9156429051591731,0.9041130586553896,1.021819300512912,1.1948597917448427,1.404682625979519,2.465151733131956,2.409724592516763,1.6250330342406492,1.200762467593897,1.6039891714831869,1.8350885389876248,0.7057842401353078,1.0540963476720693,0.7237197027239256,1.7410689655877853,4.707937405015843,0.731559186699513,0.9883819733701613,4.186305317108837,1.2042593467660743,2.609627093891888,2.8960495159915127,0.9156905707145611,1.1262795439885611,3.1669447916569022,0.8543459667936965,1.009709633760319,1.1854016945388757,1.8028052058332098,1.855457235819922,1.1033620937483393,1.0296107565997408,1.0798352071591693,0.6358287271262951,0.7352428986525141,1.0691132766756055,0.9097025165821198,1.0921684342465914,1.2222619363976523,1.2811812119614656,0.9677990939564723,1.6136994067854293,1.4291474240164468,0.8182249792164985,2.821268321079041,0.9859938594610077,1.3286273239594526,1.4346478639250733,0.9630094057817077,0.7255517129197184,1.2334673699587182,0.8146036825735341,0.7824471255047304,1.1706260572953697,1.0921144698399137,1.2562126997349683,0.7824336849149546,1.0171129157444505,1.083917208387547,1.3942920679983295
CHI:22,0.6377661694714761,0.7014351108354338,1.0994505455950845,0.6506069486006117,0.407504844397607,0.6475331212057636,0.5341407860669016,1.686770377245239,1.362211560746473,1.1828166257834734,0.7331893906721609,1.342181967482867,2.006563445614867,0.4278518610147557,0.6846588110496296,0.41618279766405,1.0568389103355817,0.8347062862167993,0.7084056296833284,0.7303624425010276,0.3341190702922371,0.0,0.7192712314321267,0.3742037743633661,0.706028569226935,0.5726651226598357,0.7433420097064755,1.4088453232190212,0.8681436985063757,1.183343834953368,0.9602104623657822,2.2239505731109657,1.4903736475429723,1.1732168663011782,1.3716528662018397,1.6549333946916855,1.6652564952709936,0.9183220870525525,1.0760819424207846,1.5596984779798257,1.2288803776877644,1.0237650568902714,0.8048844902552431,0.8467108605384103,0.8754087991695535,1.1275207246202736,2.135236262051977,1.079258059065359,1.2221783767262193,2.084055074533459,3.6193309914765046,1.3647049733325558,1.4933632649722441,3.89131994020668,3.676122488179958,1.0511934895962713,1.6957710502574073,0.7622229976758514,0.703401721840623,0.503071528636303,1.386858470745125,0.9856444941983017,0.878471873501124,1.1293894703374192,1.0537407718971843,0.996838533830806,1.222513582406079,1.243392055868392,1.0212939155096847,1.2375237012133162,0.9730598969478719,1.3442130298095911,1.0977988588289782,1.540848531169107,1.2634015474683546,4.170215434763649,0.5227614785707526,0.9004688262372463,0.765376363508598,3.59719176633257,1.0608733959204308,0.9235542872686083,1.5200175464886365,1.3634344868937516,0.9138550051271789,0.9205713879710568,1.1429721787575615,1.8521577726832248,1.2231630967264235,1.3895596074126908,0.7399748495689548,0.5419105358388077,1.1054524272342312,1.1012621345608713,1.2401092669602434,1.0597542314253923,0.8088208160284069,0.5968827636361557,1.0462158789643818,2.3899922829751334,1.0063268631648603,1.6015235030979733,1.0889564584464855,0.8056783380701432,1.044139360894637,0.8239062077109076,3.433544646995768,1.1782523627106676,0.869797578893487,1.8337248615993822,0.8236104034489007,0.9042589696838393,1.2179520730935827,0.7853677506762107,0.7224416775019601,1.0124216422404906,1.3775179453059776,1.4807252728207319,2.4692426677413755,2.362192823397494,1.560899091836958,1.0139101412841942,1.5497715158317826,1.8440627735218087,0.6415160299550118,0.8726525387801198,0.6677540451771292,1.7026295018953481,4.742989700018122,0.6884232364317844,0.9527758040990595,4.225241550536978,1.3364831755844335,2.6345590508952172,2.8705724045062873,0.7982008385552963,0.925511869547134,3.208540719628074,0.7047081329201634,0.9645818027485474,1.1069841786648438,1.82394790157932,1.8286786955725636,1.0294397171725391,0.9557988488511336,0.9993303015581739,0.56129549540548,0.641759859459324,0.9926561831266244,0.8654669877512493,1.0030015204046512,1.157401327947921,1.1638794396611383,0.7615872271599607,1.6233687398305865,1.4652480005609883,0.6633563256119279,2.835000717435763,0.8047540648368463,1.2932073416770842,1.3258877808873863,0.7918275521384749,0.8010869631434206,1.1370469211295635,0.9480777554618606,0.9361957079513901,0.918066538881216,0.9561822273023586,1.2008264331639844,0.7185077171003479,0.871182886282958,1.081190767258023,1.2703622402178103
CHI:23,0.7889205974388299,0.5455782086130478,1.320656281276368,0.7099910570847843,0.644227315220656,1.1821979996643923,1.0388943432152529,2.1664093027345808,1.1339738939243398,0.9087849311228702,0.5990670073379688,1.0766956913436903,1.811988264611886,0.5314914847853968,0.5230810973970415,0.5765834863567948,0.6625678356624277,0.4677203273606206,0.39692497537512006,0.41471228814431627,0.7267130663136853,0.7192712314321267,0.0,0.9529993754175536,0.24385613929530994,0.5175513309199736,0.5906047982938926,1.737165116783229,0.4458670601581067,0.8627207623230139,1.0045149585702937,2.6664482915182552,1.8049109938399852,1.5880937384737945,1.4011563078895861,1.528402862581168,1.754126479876538,0.8210711453238038,1.0172804479084223,1.2044301610150905,1.365607684192329,0.7959807716753905,0.6918678075810318,0.5843734152706478,0.7677860307299567,0.7198598904007355,1.7724314218238322,0.9603999265895641,0.8715566542874916,1.8046608956260504,3.358124897440909,0.8536466878410175,1.0137590827072465,3.521748735236961,3.3561199684385485,0.7335019136960165,1.4419079964773487,0.3097106350878627,0.7306649129243769,0.44120659730252165,0.9845507471951688,0.6582172189018171,0.3848515458741529,0.6722250246510157,0.5577528103753442,0.5643921303768136,0.7865339016263795,0.869726485738418,0.9057625686475628,0.7926169429931262,0.6268780843933502,1.0580843894022278,0.8039326812175327,1.0882266481313048,0.9266627651808869,3.9936445189885807,0.9263548652194175,1.072870194818747,0.8138625869319283,3.297565047400981,1.1641601696800943,1.025916578354865,1.6988597433176076,1.8516383091285855,1.0140665324853386,1.1962652620804952,1.3985421766256252,1.701613097304463,1.175738879869278,1.242662787773604,0.9107950360884349,0.9098164964678883,1.0600970988612317,1.1113476138661114,1.0923045525436266,1.1398526594132365,0.952463445987945,0.8253636987176635,1.140410252027699,2.227252337800998,0.917368232400096,1.3986215308755954,1.5291770234684257,0.5552971502993658,0.8438187178109574,0.9168177814516157,3.1771801927597036,0.9929201913573511,1.2891410928119174,1.6013874709301332,0.8843359732480701,1.4620608173276997,1.2045905958751568,0.9039631229705593,0.878767655809202,0.9171379140304619,1.2429098188203895,1.3984701761852634,2.2820048584654393,2.169659242678317,1.3088738826470663,1.491656505411817,1.415018299405016,1.5964529863175858,0.8929960039882919,1.207008546690582,0.8360187900965103,1.57551616287893,4.310332785150571,0.8773595810371584,1.0190558930025524,3.85709373020541,1.5318545093483256,2.3475756794041787,2.6767961693535676,0.9632344601857442,1.279726782540718,2.980017526450779,1.3056548542767112,0.8913816452734747,1.2217024728923502,1.5886682309398794,2.3474941821195623,1.0061250421652974,0.8527897615605504,1.4412700537834595,0.972072917151003,0.9712337804485079,1.06036079523431,0.8847427472733613,0.900697620738784,0.9848829594499909,1.2447604679109074,1.1079096932459302,2.1417708896735443,1.2070534740616516,1.1446519365856884,2.608607496479277,0.9144020248717009,1.318081121140459,1.246765423946928,0.9948126290030609,0.8199697715598399,1.1537616823490011,1.0351592756565624,0.9623021544242674,1.3095571841880644,1.0417810915484031,1.2094598161058991,0.8626637838727272,0.8348552322054664,0.9737271217173911,1.2252876763825356
CHI:24,0.8184194189794309,0.9832331044516764,1.0260771825427488,0.7680359301056583,0.5696540379226217,0.564743683430581,0.4015423117650192,1.4226282966293455,1.6121443012368097,1.407825013394151,0.9964031268944286,1.5185110806070385,2.041867836943766,0.763627901183229,0.9959239259718337,0.6784161013281689,1.3482477351845708,1.1345701958564998,1.0067772484687763,1.0256280690442479,0.44644861151868376,0.3742037743633661,0.9529993754175536,0.0,0.9620194663228485,0.772293498423489,0.8734461954076964,1.1086678517958815,1.0394534341410742,1.271084819011457,0.8365723858491882,1.9441504079561196,1.3099965942343872,1.030550833456977,1.3128097737668774,1.7847237000543523,1.5991711145936995,1.0893622606386824,1.2257265479146082,1.725936699367236,1.160407546232491,1.1640446291353637,1.0988646597807727,1.103848100734873,1.061347014635216,1.3624937073541925,2.216869992873075,1.244536972845925,1.45862070871185,2.10193746840378,3.6554223402501527,1.5997368338636346,1.786001755334697,3.9901083180978296,3.767987210273417,1.29185992418136,1.741636275488287,0.9870999651972625,0.7249391887255346,0.7546864390123986,1.5203713581728018,1.309483015791007,1.1683752406081553,1.4073005705455603,1.2814894716425864,1.3178567817445923,1.4983707517525018,1.459036156396014,1.1666757434578965,1.496948522594478,1.285175533544331,1.5602022295136015,1.3651219123227967,1.7479738982578017,1.4798032151750697,4.167430899398971,0.6152579448554737,1.1060747738501646,1.0096787715351327,3.6775681821407407,1.2843789192093047,1.1818265861961788,1.3603121869787957,1.1484985476094165,0.8876702424171901,0.7685521061277573,1.0747564801397749,2.024839013682062,1.2301825151876942,1.5831064986901793,0.7937468971184682,0.6665369451867103,1.217149664959033,1.375076238784638,1.4884867416862129,1.3242691215890954,1.0255680242714984,0.8220048368591238,1.317061940922429,2.512037170263266,1.3022521134466039,1.8577187772910577,0.8819959183796889,1.079774992020415,1.308907407240995,1.0764947660661341,3.5553169821223,1.4610640486021167,0.7359256931611489,2.0404126301638565,0.8961887666064855,0.6846897994223631,1.504234013057525,1.0632260204852837,0.9876877424746152,1.2567668153226939,1.4468115262802537,1.533992848526388,2.5880631776634906,2.524515297692951,1.8603727308462645,0.8550300625784273,1.7239088872504458,1.9845757762347274,0.6476177965710975,0.9164419899166332,0.8977239119772676,1.852768919053823,4.912453418102495,0.7384218321220436,1.0549325022991511,4.35931607804775,1.2189206179464942,2.699972040037652,3.0048310300810055,1.0303392948536678,1.0287018675995117,3.303574521113566,0.5065396720257227,1.203913746895043,1.3398292433422285,1.9745925110924016,1.6022589983410798,1.2936967408071736,1.2304509763583018,0.8961449411345405,0.5473587443765269,0.5706955235725516,1.2379405159949983,1.1257314002505512,1.2473603485613622,1.4524954460769484,1.424987875831803,0.913276134380547,1.3317447206413442,1.5852249854879388,0.5946844924908623,2.942239914082698,1.075889332564731,1.4066817698264538,1.6225318634495993,1.0147201437185502,0.9381252443713662,1.4246584540255314,0.9121755407144582,1.044224408529737,0.9202486036236588,1.2191284540526808,1.4320445749037807,0.9510775879902156,1.1199503988747777,1.2852961831288519,1.5745569078019257
CHI:25,0.7438652449661387,0.5071151302220833,1.2452367330153804,0.6198152083337125,0.654004512695542,1.1545947967438972,1.0104980789845621,2.1649511016919156,1.0915123454058022,0.8286507173010229,0.5009213303608961,0.9586199672766746,1.6929368087910541,0.5126572381116189,0.4416328820541256,0.5226021505091696,0.6163454804304456,0.4174057014386584,0.43519667403447393,0.4708239645312431,0.7355999620801092,0.706028569226935,0.24385613929530994,0.9620194663228485,0.0,0.45790327296177447,0.5373908473152104,1.7394556614904144,0.39283437954978095,0.8237285483360197,1.0289167601738896,2.652025071392721,1.7575247693875726,1.5651535713735247,1.322778986207306,1.403838039480299,1.7103219597142947,0.7251472852683044,0.8702423887276263,1.076797356763782,1.321232629025998,0.7181925971165948,0.5808348359266369,0.43052858202986855,0.6863407230971398,0.6071203601592053,1.6789950262180613,0.8458421467622557,0.7807765528471748,1.722460093663964,3.254905475617558,0.8292749572806999,0.929076149464298,3.402054642728154,3.253192885803718,0.6853487358795373,1.3902681441188727,0.35636363759345796,0.7522834029260251,0.4380914446852985,0.9385262528936189,0.6169041348117411,0.4475635904445108,0.6528699111682982,0.5885992231661328,0.5061894050923582,0.7018919365263873,0.7975345411774075,0.7782402682185308,0.7042457721195762,0.521255367124383,0.9342699191595861,0.7020177792069361,1.0127985003764073,0.8158239158701202,3.883337221667367,0.8829909030990278,1.1060180810930766,0.7102898860206589,3.191660531077297,1.2083556040518975,1.0284828234544963,1.6533096165424566,1.8609696691467343,1.0538076495827013,1.256359745077104,1.4612181738883316,1.5689572711853317,1.1128270530869637,1.1031789591749777,0.9576252858380797,0.855067892666504,0.9683712061207834,1.0931450226560686,1.043591991022011,1.1148798758725553,0.9916839985231634,0.8417501078988617,1.1489841238832383,2.1046236478230482,0.9115027828911088,1.2724580188181502,1.512577380806976,0.4970533661680428,0.8719709300657973,0.9107346680099835,3.046382597580354,0.9107627840334518,1.2712241660273618,1.4716114124460273,0.9632731584916276,1.4575818007996892,1.2144125374763568,0.9054114760140755,0.8850852258460119,0.9183666978067014,1.2516791706906654,1.3545428408671063,2.149084958116721,2.035554946783096,1.3369084354682816,1.4796937591429635,1.293095006972992,1.4870551689649867,0.9006122050234553,1.2086498306796016,0.8651084154491858,1.4362065827796124,4.19025574359242,0.9373210075148701,0.9007805201350332,3.735715803117378,1.5996789277838077,2.265754898040121,2.5485432803082286,0.9601482830266251,1.2685947849881016,2.8505813450041484,1.2921831691106145,0.8028902690746592,1.2524198824331734,1.4960242782548647,2.371392459965833,0.9739069393932358,0.8721934865387075,1.4742203440925126,0.9202611548232491,0.9281498412229436,1.1115241301422454,0.9113930857010888,0.9340208170636686,0.9135323523447527,1.2577266542699064,1.114374129148264,2.166068885884869,1.11715922776335,1.156347807367311,2.4702238414664723,0.8912533317391748,1.222788100536573,1.2665730547717253,1.0079272801654497,0.8399920356574719,1.1644302019667645,1.0208722798745722,1.0231823394722577,1.3067452860169115,1.0655265993306864,1.2619417801958275,0.8963003641336651,0.7966973388864654,0.9411618461307761,1.2146114815243805
CHI:26,0.8443611767824608,0.6680570409554659,1.23812234770049,0.7166069643137157,0.6631382965369627,1.055458703720888,0.9180507654986866,2.0255807687811074,1.2478245930233336,0.9437575474450803,0.5781123698623197,1.096386166366194,1.8876107892942473,0.5700960756861706,0.5885105684705906,0.42705722232037835,0.85574143366136,0.6861020236271137,0.6457621445490949,0.7232035389749492,0.5880177447783442,0.5726651226598357,0.5175513309199736,0.772293498423489,0.45790327296177447,0.0,0.42957108399455435,1.5618012083617998,0.4886211097750256,1.0539104194649784,1.044066527823558,2.4915116775707036,1.6609473335367755,1.2805261650676254,1.267821410918049,1.4209255579092879,1.464462301049099,0.7457769007747083,0.9538149652562935,1.3084976758827724,1.333260550758064,0.7605172231856996,0.6645270915644119,0.577098049651493,0.5901829217076565,0.763087273046874,1.910017554528292,0.7611980376043883,0.8397506713729384,1.8686459427380337,3.467716328394876,1.0449655766573898,1.1230527951965468,3.6458893299342674,3.4985421774395147,0.8805477452252187,1.6332815730286119,0.6277298489870672,0.6480946348582574,0.43978734980420603,1.2154124792277696,0.8366836900400145,0.742645773990964,0.9311730657426336,0.8985706839409902,0.7878802375125681,0.8235137475215678,0.7754253512554332,0.7477252342294669,0.9364340341696294,0.6882987654525647,1.1350355157624024,0.7380322591504881,1.2489089658943693,0.9551725286860765,4.081165245689289,0.8202846219394848,1.0434007601812965,0.732387349409759,3.4334134718449416,1.141115660920429,0.9684289582004204,1.646659472489772,1.7027409168889356,1.0312199260319357,1.0973605160275155,1.3868730216167484,1.7730237485592968,1.088301329583219,1.3078483362803066,0.9505546293954429,0.7046475535690794,1.1148357510495177,1.1496989244426026,1.1371581177138466,1.1397609198880956,0.9248782204666823,0.7201237953416616,1.1364762898806162,2.3025590282905535,0.9973167221689951,1.50258582745422,1.3933529271905403,0.6722983549987809,0.9978745821557066,0.8491943289272683,3.3068631209340746,1.0928645370804755,1.119751839839652,1.6828151852376687,0.9491873763086607,1.2185302212527602,1.2386842852552857,0.8731733980917783,0.840896417687554,0.9548975401198145,1.2513296374427114,1.4725121095023805,2.3721743362884484,2.272883082661294,1.4845134196448186,1.377830462833886,1.4995398848606791,1.7446000001924038,0.8727924853548347,1.1650070110540918,0.7610737150852847,1.6398197813764424,4.501601962142991,0.9359842557829803,0.8718535614486514,4.033895794005328,1.4466673384975237,2.5000091858457547,2.7887429944810527,0.9304887567012426,1.2002484721438276,3.0681350344874367,1.107832074412965,0.8442311861980776,1.1689991928148409,1.7065087770392553,2.1502277528612637,0.9730082101744322,0.9454400922563024,1.355233643977409,0.7962069705063133,0.8064838575740609,1.0818346187795775,0.8783358455681415,0.9556324469449357,1.0387675500470848,1.2399684645518734,1.003286516383101,1.9171866398914543,1.3516513447973004,0.9984963926093965,2.7094750576302737,0.8953099674525689,1.3173004569579558,1.3087711558885315,0.9696602553157865,0.8802657244386173,1.1459584182276623,1.0565802883145412,0.9648584642789618,1.1995063546198126,1.0552619122394737,1.2745490470506138,0.8492054916039107,0.848172392265706,1.0174495906329444,1.2811699519083088
CHI:27,0.8260733275985721,0.7962189552435199,1.1212745466441425,0.6341540243756401,0.7323614925531183,1.0534170988961027,0.8968026202215305,2.014652136931236,1.402802954234138,1.0777128808841894,0.7498597553819646,1.1703710859866698,1.7667720879570188,0.7516986776482522,0.7566052932900821,0.6930020767531159,0.9294690440436904,0.8290651823440274,0.8076989309033688,0.886257145061852,0.7964318210783412,0.7433420097064755,0.5906047982938926,0.8734461954076964,0.5373908473152104,0.42957108399455435,0.0,1.4826881245742585,0.38072686834534575,0.9309139008740003,1.0098278578425155,2.4742977215358626,1.5483316107682987,1.3933244481517937,1.060607354248844,1.2843834678126766,1.5069073080114934,0.5828077252218509,0.8263693839225986,1.0846023228571422,1.1543312384030433,0.4669615634687243,0.6952599867445151,0.592002689545428,0.7865162595755899,0.7493530514642855,1.8301555747587321,0.8919721815735266,0.7839923103980974,1.7307281276138597,3.329600431496623,1.0612090615911633,1.1721192379401035,3.536715162414088,3.388006471435092,1.0014427649694997,1.5706956882674785,0.737810341414177,0.7700829116115698,0.6647610848966777,1.1488147299589127,0.9496462501008289,0.7851152531488088,1.0317801475491872,0.9354995148019482,0.8765284249254626,0.8503836355112179,0.7391455612952531,0.7472537546380603,1.0285366920380583,0.7493866916397006,1.1971100791602087,0.8484677377731948,1.1951568518201503,1.0533408955858925,3.968594238937732,0.8327505353339639,1.281106760913746,0.9210130352382692,3.2979182304951253,1.347752393984352,1.1415916616956916,1.5728864843366788,1.7150064606317128,1.047366489666179,1.2474578986233134,1.5161073020781801,1.6769946873133723,1.0016096671753039,1.238304222868841,1.0603377673524763,0.826851391909932,1.0664066913621184,1.2652072383791628,1.1817158768929577,1.2523855229473875,1.1463166766833737,0.9719439129852379,1.2827667138711003,2.209852383460001,1.1608107484742989,1.4664294311080066,1.3563811356732105,0.8034587807091421,1.1278896369093743,1.015403146734619,3.1696088516737526,1.125353151181048,1.1523972410221064,1.6376704389096945,1.0911346974896183,1.2958087608170175,1.4169438431492993,1.0232100645037816,0.9908176509468027,1.1173040409850108,1.4301059654289825,1.5198209034436911,2.2674006871210057,2.1616786409543547,1.615196539339893,1.3870079214571271,1.4417606601703234,1.6245879352539179,0.9353317624082793,1.2069961713791377,0.9783899480450837,1.5951134741150572,4.356221134202259,1.0475502183832044,0.9195069728699143,3.8771822081419427,1.6360854575160122,2.3257126444683487,2.6830758929775103,1.0794831031671968,1.340456831969662,2.957457812125534,1.1934689936974325,0.9494851650239422,1.3603963202706277,1.6734184938732497,2.2076777192138133,1.1601218724668767,1.1116964099392241,1.410816409729845,0.8521425807004881,0.812143676344404,1.292745433397245,1.0834939709678622,1.0952363792954245,1.149061647352779,1.4182638096852982,1.1670350067779438,1.9921903006089883,1.2890665197525446,1.0985366228750177,2.575320013574859,1.024747857995683,1.30227940971307,1.4649753370300074,1.1452390126000014,1.0587251870461178,1.3443485345466895,1.1287098532060886,1.1829560481020067,1.2418817085082925,1.2544581411824138,1.4387504936760525,1.0516387297923524,0.946784128064825,1.1765772838011477,1.4340094110744175
CHI:28,1.4992709588824256,1.8584152851033526,1.1636768631352545,1.4395880048066216,1.469773896226272,1.2586980580883362,1.1229767715240075,0.9986323181565451,2.4362055331324286,2.1442452393548206,1.8752440384941214,2.1623838378847946,2.1281321234923634,1.7241012795614163,1.9250042250228079,1.5979246435682857,2.17277069563792,1.986285037955046,1.8969507512300339,1.924649473522168,1.4021108019889055,1.4088453232190212,1.737165116783229,1.1086678517958815,1.7394556614904144,1.5618012083617998,1.4826881245742585,0.0,1.640208055582345,1.6686830612999748,1.108894521686258,1.2487680746850802,1.0514253086879302,1.3861171764683968,1.23428613102686,2.2276395591098908,1.840243277117338,1.6377912747590455,1.6799530355895675,2.072849736691174,1.0743719254158557,1.6076497946176254,1.906737358387694,1.8576898216255866,1.810096794150427,2.06313261559861,2.4481936491555953,1.9645611781078047,2.1469884272886417,2.103145579874839,3.6598423822717234,2.2880974061510457,2.5433039443600673,4.063645798910148,3.9190763187266517,2.0952007879647594,1.9619132444469753,1.7969272309294457,1.3756047260593784,1.684787449310221,1.9827636629269618,2.2256440665396036,1.9975868339982805,2.207085628124103,2.034704691171372,2.183936439839129,2.2614090294615776,2.0807675242793446,1.7291202410999469,2.2421153159990577,2.1223839814791052,2.244884257814783,2.160372176207343,2.311512161218304,2.1665299263508597,3.986937866410361,1.3961821151485956,2.032926951908616,1.8299194170711754,3.7432362908699326,2.2375976907368083,2.1349141312261013,1.188383764226832,1.152455322086668,1.435915449822747,1.241535206953878,1.563215036906645,2.502547852316413,1.451704393159551,2.172086779014864,1.476430484448219,1.4320665039094302,1.7278996805754219,2.2214521489210646,2.3045835327046142,2.194195233884322,1.950518262295417,1.7688540735209008,2.242825314618291,2.8299331758971564,2.2269341148289823,2.526683616797617,0.8520701615880204,1.9421944051203242,2.2307266292627337,1.9742282608282007,3.7283481543835864,2.28287332559373,1.0174117618893461,2.5743863627726165,1.627554061908282,1.0051201127502645,2.457840011738193,2.0134569873096417,1.9133066832255397,2.1032269993081996,2.0027765136497333,1.8988211840282665,2.841225821926264,2.8800838976348526,2.775781395444931,1.079322614425533,2.238182413477081,2.366802720913199,1.360699735706443,1.4915237398726953,1.829144744291392,2.266926960038472,5.086894394294868,1.5147417294285257,1.5883124424647312,4.466802853514002,1.5014390397546151,2.7646031999555527,3.261597958972557,1.9606973769788498,1.7192470961388704,3.454277136115138,1.0865591825788894,1.9879460196889944,2.279199682627323,2.415159643899278,1.448981766906789,2.1395064425546537,2.109107492596128,1.2984892591519737,1.3000065886274135,1.0824705206692833,2.195842614489349,2.0923571356199084,2.141106510162962,2.2689004065555696,2.364673420181409,1.7546671108631113,1.0854528793088665,2.0254678732335933,1.3312430950992682,3.129315599913902,1.9896752746001714,1.8430647839656753,2.5874130060056753,1.9343335167098927,1.6800092484562825,2.3762933495535874,1.375965688446333,1.8279492973466671,1.4614745807092462,2.1728216973460652,2.374461394280735,1.9211338790466697,1.8961042518001032,2.0656537769977175,2.510775725289187
CHI:29,0.8936892666850321,0.7791762397831989,1.2209638300129326,0.7519732661811676,0.8193427081563077,1.2118976660114436,1.0727740529913499,2.133906653652763,1.3251953696358068,1.0121181116911429,0.7846264500536893,1.105714409040242,1.7366184837293286,0.7904523686378518,0.7491200135606291,0.747619266434332,0.8652431467997912,0.7316466064260823,0.7441153409602643,0.7641142469417468,0.8953811089057488,0.8681436985063757,0.4458670601581067,1.0394534341410742,0.39283437954978095,0.4886211097750256,0.38072686834534575,1.640208055582345,0.0,0.8351169737871655,1.0254679551516541,2.6030765813004675,1.6462679556724777,1.5744056548268088,1.1397571334050565,1.2851090620930226,1.6181075164569472,0.6132537098553232,0.8478468414287115,0.9855365404080944,1.2612464404136419,0.5444867760982902,0.690033577031757,0.5817375752316796,0.8260680435188364,0.6665564736120898,1.6343498163717383,0.9203897294854252,0.7745196995183193,1.6341395946600203,3.231736494175028,0.9300014939927008,1.00825113732226,3.382373583216338,3.260031911979933,0.9523735873307989,1.4681137403561122,0.6270898373139668,0.8019181935810457,0.6481195218215396,0.9754598353454528,0.9088705770229012,0.7014546612823802,0.9199704156013131,0.8324308617241198,0.7694290873368523,0.741055502633749,0.6864125258884911,0.8134202488017156,0.9090401068107055,0.6775216957724303,1.0935733740153228,0.8142314991581846,1.1025376714800572,0.9358107245505616,3.9128977140872023,0.9736188613405716,1.29817049253777,0.893193564129699,3.1847761593373445,1.3918818978660137,1.198450296560177,1.627165831838095,1.824409982213079,1.1218532529259615,1.320264251299454,1.5667306057321657,1.6078782520602164,1.0779752001883778,1.1873585809315088,1.0723188522031084,0.9604013636985927,1.0683114273192604,1.228985637496487,1.152727077053294,1.2573487395122211,1.2031070971534306,1.0144240058666671,1.3001459412862857,2.1638037515283055,1.1153825423208616,1.396491639798681,1.4786349889091663,0.7301774185896481,1.0422088871560378,1.0454877335643518,3.07344075885775,1.0658386679018617,1.275227425419099,1.5417147716990702,1.0977339789441336,1.449114332140873,1.4139931285821261,1.079019867427941,1.0370285704640954,1.1026073863411228,1.3352709461022814,1.4202660522276105,2.1865440240964737,2.075784448524933,1.5660716303509055,1.4918467589988165,1.3864802646817955,1.5471518971300915,0.9974213598806628,1.26941876589428,1.020627413523023,1.5428958278557539,4.213491439694537,1.0458629178446381,0.9318795921369207,3.7448539116251403,1.6998259333711685,2.259773658286961,2.604332158859644,1.1588275418411786,1.3650717652283189,2.860777713290846,1.3491695676304185,0.9227553141435033,1.4299672947889448,1.5602572025798387,2.344726694002614,1.1188580047405974,1.0528520587965031,1.4920266901751025,0.9962713927890301,0.9831117986314262,1.2964546448512453,1.1000206942897885,1.126781355367593,1.057929941655252,1.4221705356131622,1.2358204980791108,2.1345428959252017,1.2331098968774026,1.2202122492500354,2.489002363459682,1.0893316677156757,1.2629970217658126,1.4578649644915351,1.1810728942949738,1.0451233606056922,1.341909607965827,1.088263071683243,1.1635517409883156,1.3260646889184888,1.2808853276995442,1.4658256826511655,1.0801801429221172,0.9210684969231885,1.0771007499722638,1.4074997708915544
CHI:30,1.062745454957065,1.0507468662179007,1.219671801364211,0.9605222100578739,1.1262022466150208,1.440826327642193,1.1978742159539886,2.1979791920391656,1.5415554410115575,1.2687814096570773,1.1413675255261817,1.2701103614808233,1.1470580437148625,1.1126403681320107,1.1394190042487866,1.11036298224106,1.1601525240106156,1.0674692211692913,1.0536053404868588,1.0469767934762948,1.1532114601124421,1.183343834953368,0.8627207623230139,1.271084819011457,0.8237285483360197,1.0539104194649784,0.9309139008740003,1.6686830612999748,0.8351169737871655,0.0,0.8976671733084537,2.664829765221555,1.6341053625699613,1.7255542044880423,1.0662672243184999,1.6165312400687273,1.7615683075163873,1.055488968676157,1.0115253285178323,1.019145460302579,1.2330643140378144,0.955147170489514,1.163932935283389,0.9682784368718123,1.1867959404311526,1.1091179171505816,1.2939233609310055,1.3648238088249314,1.278760496835489,1.2201453656002874,2.6434707555016836,1.1793016305663329,1.4374052054338529,2.917841682657241,2.6932935523999966,1.1680538162535603,0.9153926121003657,0.7990185576234808,1.0280364368489034,0.9982280270629711,0.5700072973550162,1.2363373463503116,1.0093249714457964,1.156794577500802,0.9903928999390892,1.1335691184006143,1.2991121732065194,1.2582887497521795,1.1306467771198108,1.1026003503456205,1.206663079521166,1.2378511466808813,1.2969693473702997,1.0450054922468235,1.14477864360326,3.2599345313848733,1.196229360577666,1.6184183114184216,1.2141021065286617,2.5827819292341756,1.7706976214869004,1.5993417961263483,1.3503604499295006,1.9440689837211487,1.153557902337276,1.3640079410151849,1.6291925919656296,1.2652361664237533,0.8803647924406496,0.9438912195712166,1.1621559261751446,1.3867304626618788,0.7195175086865805,1.5028175300532376,1.2870032104293074,1.539958583411714,1.5661541216186308,1.3457876066377559,1.6656042481119397,1.66818749321086,1.4130576106684856,1.2891188036316843,1.5594711471142269,0.9454816218932537,1.3017836709773098,1.4295412183735046,2.515714770338599,1.2187683564606449,1.5716456266455368,1.240598513634799,1.3325990568612764,1.724195386585358,1.7505170217128279,1.476534440139444,1.4150880802569972,1.295233437513413,1.28264709003976,1.0080464570858776,1.625712213317232,1.6467595006581728,1.8435563843652885,1.6613245776445658,1.0800628214346957,1.0019387797865174,1.1672878674629805,1.4054492544121457,1.3849321780268082,1.1622368246965653,3.7554686186847412,1.1717825114485472,1.0899884502448431,3.196761630682327,1.6959514546890646,1.593824857437629,2.081313273068331,1.4848051303884036,1.6634420972330712,2.2903440380088904,1.575629337130037,1.1013912311982712,1.8563994484017163,1.1040072646666137,2.545658842417894,1.39557630201286,1.3095983054866382,1.6971676631488914,1.1571657498935395,1.1789951576829947,1.6835234359687503,1.4924008951404895,1.545636421971934,1.3034518266901147,1.7690076815675166,1.6315941673632834,2.281314385382614,0.9009734158738043,1.4846560196629657,1.9323404712344407,1.440103533523392,1.0798387592260137,1.8510605184037359,1.5060976068668992,1.0836388119967126,1.7522880999907895,0.9288232016088501,1.363878826995498,1.6512505773445838,1.6458975395105666,1.7769144104352996,1.4353946363307277,1.130286473369775,1.1231702230259213,1.7358449988645346
CHI:31,1.0970271398419602,1.2869511453453992,1.0992529503560673,0.9920339064649557,0.9926832778046358,1.1750185954076917,0.9043047315829208,1.6489733528882276,1.7808403982165788,1.5424258420818426,1.2242125566591644,1.5316687088211285,1.621738332196531,1.174066715384529,1.3087615581726062,1.0450935952755505,1.5028072053675468,1.3149517687760086,1.2379130179083249,1.1893199415782887,0.8604258581479426,0.9602104623657822,1.0045149585702937,0.8365723858491882,1.0289167601738896,1.044066527823558,1.0098278578425155,1.108894521686258,1.0254679551516541,0.8976671733084537,0.0,2.036583930575247,1.2608665419929872,1.301635953520153,1.2068358915725543,1.8752442617433125,1.565696752796679,1.294270339012705,1.2721841879800118,1.551949398770044,1.2261912185619186,1.2550548927773508,1.3768356923236955,1.2241860501342505,1.2512475745714438,1.4315401610787308,1.7080196455681735,1.4461633744780624,1.6061202465400648,1.519971041277443,3.0595082938267084,1.556135638329694,1.8566802506860596,3.4542571964011364,3.2252025337126544,1.3819136791087716,1.1285948914852948,0.9539566892560453,0.6438368966385389,0.9807364338288791,1.0560392509787326,1.5122561144820257,1.285000150354314,1.4322928777698847,1.2778109311079118,1.4843387389663032,1.6436380578072036,1.5958755702477063,1.2190610485139517,1.4870391744242812,1.499172063226129,1.5841064668857314,1.5382269682221041,1.657906209146368,1.4880999044861183,3.561904871486502,1.0973582338403431,1.5577455886630425,1.3264750569062354,3.1343158413843857,1.7445129302690834,1.6740568680149173,0.980484592714142,1.5469318991268082,0.9070906511939485,0.9187197576257405,1.2273255842051134,1.9040114170793891,1.1175343880775124,1.539116753249431,0.9549877424509555,1.1848954227143498,1.0349105628042847,1.740195849429463,1.6858129007769125,1.7238964976847697,1.489076780741425,1.292060977666214,1.7883034672123324,2.2216083375843794,1.6305923077297146,1.8823123193304272,1.22439232622614,1.2512413178381632,1.5248957752199435,1.502078092996516,3.141993588450197,1.6454904587240338,1.1945829697058148,1.893357729942811,1.0710482160784638,1.2407353720487386,1.9351793576185894,1.5394725411550547,1.4657469184226133,1.5056873779204465,1.2667621800877016,1.1674166298459838,2.2404028435121615,2.2882423566304797,2.1264709367296386,1.3050650930061611,1.625910253270899,1.6295817461080857,0.8526331150317913,1.3382354256952296,1.3169171363945826,1.6761275060202057,4.405868905276788,0.9752468451981554,1.190728917145506,3.822668241956828,1.3422993726861523,2.213265892552599,2.676506441551184,1.4864445055515862,1.539139706358363,2.8728519824251046,1.1228864320013983,1.4006366558225287,1.8546256608694813,1.6741737337094538,1.9577507324557257,1.6189301462363237,1.5079713654423195,1.3084888743703298,1.0059618401375614,0.8177467856540144,1.6741158536385679,1.5332258487846917,1.5941712927912914,1.6653512262559569,1.8933286656401946,1.5071071831376537,1.6422296305927981,1.2317835002666353,1.1799926336442756,2.5466872162194583,1.5285214708193522,1.428518722102022,2.0406056388570653,1.5014345600006518,1.010616159401201,1.8826785640043064,0.6564730891046912,1.1913675394905876,1.4663014976130482,1.693109906019647,1.8180876443893543,1.40288048693092,1.4016949516133783,1.368404350608494,1.9747517661537377
CHI:32,2.267231512514101,2.732953034096074,1.7906869518186543,2.3084998644846513,2.357081833156338,1.908021597638895,1.919619971016623,0.9193461877353789,3.3153543151394413,3.0664034472972648,2.7427611375346426,3.052016940435136,3.0107051632218207,2.556320308290363,2.796835232790228,2.4355069609567845,3.104469193621317,2.874170996968953,2.796981943295219,2.796969011952635,2.217561402546807,2.2239505731109657,2.6664482915182552,1.9441504079561196,2.652025071392721,2.4915116775707036,2.4742977215358626,1.2487680746850802,2.6030765813004675,2.664829765221555,2.036583930575247,0.0,1.4604233136949516,2.0059513855407705,2.126977404484323,2.9336820272196023,2.650155074595729,2.545303954220466,2.459869638397281,2.947158654732177,1.947197624723044,2.5569056835187403,2.695731701259913,2.757429305008921,2.723657096545022,2.950010385053084,3.3476190333209037,2.838079518032163,3.081422191798688,2.9875293452404765,4.38534097819886,3.2055179257057924,3.4548517392793863,4.7503345304020534,4.707925240534277,3.0007233738417245,2.846670514717815,2.7012121386410377,2.242992251539129,2.5778460060379262,2.9543973123773806,3.106096991117199,2.9204030434229997,3.1075674169953973,2.971430258034635,3.0618338679077293,3.1881407593325664,3.054374567803936,2.5801229727509334,3.1640001992929903,3.0103841125532322,3.15179030773573,3.046340450826193,3.332040260083143,3.0988545831705108,4.616334030442793,2.1148611716420325,2.822533439611351,2.68453699335445,4.487405285724282,3.008665204884176,2.9040297907975305,1.7829471848226617,1.5417935306414787,2.304306783826546,2.0687465438569688,2.2387984549162447,3.335485745582107,2.4961300471834833,3.021730808837992,2.3290015751489936,2.198740489430385,2.6252220971665765,3.019015915261984,3.1872250857326896,2.9675480142104513,2.751265605548578,2.60478259048455,3.011376576106173,3.655130931380354,3.063395782562226,3.359468073454216,1.4946689485707731,2.8541807294767545,3.089699922232571,2.805605555422602,4.443449798125398,3.144805271290341,1.667674753838845,3.432441241026205,2.4446081410910536,1.6163971485443616,3.2553341001689273,2.7929310937539444,2.7203471968818866,2.9986604445487965,2.8775980210884695,2.733738598965619,3.616956793816244,3.658172050789775,3.6111590021888644,1.6580001614577362,3.0794991056043597,3.203384141681628,2.218411220536824,2.266127850582347,2.6392123391543736,3.1050428934900123,5.910953770132128,2.3864000448166096,2.4458990688691182,5.248605756017506,2.323079470136273,3.658505976418269,4.014310906213986,2.7665771906664536,2.3870709310739597,4.184495060183534,1.7841591639710925,2.857191620334683,3.0337727813788486,3.2864967127762066,1.2305786424708982,2.97886846132396,2.9428540675830983,1.7999314518936578,2.163292173808259,1.9774975415209095,2.9689515032904863,2.8989942625219443,2.9813022988893305,3.0860478531854056,3.131785654405044,2.4879220661536015,1.169722038508618,2.9496789464016606,2.1073276530547216,3.886472434862068,2.8301314356076017,2.56872659535483,3.3824726044822353,2.7450827177184527,2.5704098036983356,3.134975265407566,2.2002738551129846,2.6411528349743536,2.1586609834250168,2.9839326177973624,3.175279969637183,2.7337895260611282,2.790926633332345,2.960431579996969,3.296127484300247
CHI:33,1.530734827090177,1.9285721118773103,0.9346556297468566,1.5443788850725708,1.6478201846386,1.2514041005703795,1.1301825821786926,1.2311287453929105,2.5541253889429143,2.2718141196054416,1.9264386654000256,2.2113886557913425,2.1272582629561345,1.7710562506111935,1.9761890540605365,1.6562639722633095,2.2400044596564173,2.046772902502242,1.9947906655121637,1.9886375179029212,1.470145269342316,1.4903736475429723,1.8049109938399852,1.3099965942343872,1.7575247693875726,1.6609473335367755,1.5483316107682987,1.0514253086879302,1.6462679556724777,1.6341053625699613,1.2608665419929872,1.4604233136949516,0.0,1.4052236963065488,1.0301478802601078,1.9018981878141656,1.79470697626191,1.6413576744829386,1.4830460155220662,1.914571676602088,1.362668282259994,1.575635232718506,1.7540011665520603,1.8237672597229204,1.9087435591317081,1.9895032723930455,2.337582136040517,2.0188309627726255,2.1426009287803796,1.9717193637472612,3.3255617232635672,2.24928506275563,2.491339047179822,3.7360374828493184,3.5860802732572035,2.189382107239455,1.9619803970844552,1.8037139154930297,1.4291050373935759,1.71615009063508,1.9223244030991968,2.2545231679494897,2.0630733301036095,2.2485425307474216,2.1491147040032126,2.1552132871358323,2.2532902175034875,2.1253999974545947,1.7121334674638424,2.2374033121533543,2.0925566104937685,2.275719256925949,2.1307761443124735,2.3652323246332836,2.1833346629778925,3.8177856059544126,1.2837750375103603,2.1648949028010067,1.8780874937417409,3.4310960419814123,2.3290936396266404,2.1295627937785944,0.9664635171794587,1.2144108971984908,1.5733196240245746,1.5217999184936692,1.8100608340814064,2.155869853630184,1.5628591618974266,1.8704382051722825,1.6517942623211657,1.6382340755890563,1.623222434472224,2.1524229532820507,2.1087322679590614,2.1170056398656927,2.155142438668646,1.8792681390117612,2.2286138165776816,2.555455163291724,2.2029311015659974,2.292526888428956,0.9976503441563352,1.9257248758099887,2.161630974569983,1.995742670405717,3.3445954833378115,2.139149641291275,1.344695551826416,2.26124437977513,1.8845392354439345,1.284685960704412,2.4920859570225646,2.0192589058937815,1.9565748684932087,2.1654901661012897,2.079813082063447,1.8472487803523536,2.495666946326079,2.499619649398025,2.862551390429777,1.3028564818321908,1.9862226605030102,2.1119181712059114,1.512221724792526,1.6137739825376995,1.9062780884298816,2.1200339932237604,4.8387142930166025,1.6393176519086652,1.536626653599012,4.12961235002586,2.058582791105761,2.6460319844508895,2.9607631078615593,2.056207959748321,1.8527873326292763,3.0681991866109386,1.320179721304067,1.8625726383780987,2.3895949902648335,2.2124021348260863,1.56160904119016,2.123258485006059,2.1225826216995363,1.3497876623156388,1.3493355150181343,1.377324177512936,2.272444510318944,2.1323076269853023,2.3177108144158005,2.112030809476298,2.350940252765851,1.9266394704905232,1.3509738055842246,1.9930045760295443,1.5427668329792212,2.7421841235423288,2.087972226663413,1.5295558158250697,2.6067036627304367,2.0400041208259747,1.8565688361514898,2.3830787260054502,1.336016944528949,1.92227134338216,1.6589085797351697,2.3104587871654916,2.4819235268713493,1.9776663067648446,1.9121240602527547,1.999686725121705,2.4930834975757485
CHI:34,1.5427334436106088,1.5864072275299912,1.3834558531796473,1.428835624401194,1.4659214741477984,1.3309164918899317,1.1772452682585088,1.8111500299556733,2.033211716915814,1.7737411918970107,1.4664024935392197,1.7707182976601363,2.2302199610090403,1.4606507776017852,1.6097028584236923,1.2130600166413585,1.8667169338756637,1.7374665694842393,1.6827265762434005,1.7265998082004677,1.009832398728651,1.1732168663011782,1.5880937384737945,1.030550833456977,1.5651535713735247,1.2805261650676254,1.3933244481517937,1.3861171764683968,1.5744056548268088,1.7255542044880423,1.301635953520153,2.0059513855407705,1.4052236963065488,0.0,1.4912964618816946,1.8049650579142127,1.0993794068958436,1.681552273151104,1.5566860041941442,2.098640241900058,1.7680327493419465,1.6391416674293686,1.566026411633834,1.5138959899008049,1.3009693669012832,1.7085657877354963,2.5978739023556097,1.4142135252257197,1.8025594039533748,2.115164478859178,3.6863641582497633,1.8682510185344796,2.150896132870124,4.024347377515476,3.8056686809431364,1.715744914216165,2.0527619769950327,1.5120484969416552,1.0978909870329716,1.3069533788346817,1.9689009142524532,1.8614271994407927,1.8190596663580128,1.895263647853088,1.8670131078083667,1.8490884481001784,1.9476220372737099,1.7900906574372697,1.2978771401464029,1.8221442291829006,1.785418472245559,1.9517282677634114,1.630334586257285,2.1137837359539278,1.7403167601860725,4.064484183653303,1.2274660456675597,1.6949371172361276,1.4938592543501963,3.7079320456541773,1.8200258297161345,1.6752973459441907,1.4327845064508355,1.631332294285371,1.4590950467659904,1.1103447123060337,1.6637597770001542,2.383062991733139,1.440853986874867,1.9604605193671587,1.4393091215868645,1.3656080744043582,1.6365939711045578,1.918821961064276,1.8838555088082578,1.8600180467788319,1.6450861025651187,1.413527746834845,1.9267623206651856,2.723357580102633,1.8368601462400138,2.218499401468455,1.4366711126404175,1.6123759715401849,1.8280639286726343,1.643171297382362,3.6843029456982053,1.9498253658451954,1.3299964942507023,2.258751235009324,1.480746680800125,1.2341016908494828,2.025104038150717,1.6498846575325559,1.6662876176227994,1.691530883509277,1.46705934304492,1.7055701602240794,2.7533249364346943,2.771357718858282,2.323914368388704,1.6019024770115309,2.066959473423211,2.2482529262636866,1.44056567872443,1.6088578394284132,1.4525009795007953,2.1726071408631795,5.009417416885069,1.4728624808282602,1.307480342939954,4.442251512545623,1.4050956630028364,2.92500405870423,3.228286110296314,1.6890497068235104,1.6920730681919876,3.3360913290167495,1.2407796757009197,1.5747816001631492,1.8641600425550129,2.1763675291555247,1.7696606751452297,1.6682468913320925,1.7411104275953133,1.4928251170093554,1.2012628734253534,1.2705193565385098,1.833617465763977,1.6467019719128984,1.8481373257052067,1.8023295205109027,1.965518859887991,1.6620268631845543,1.4671492315390493,1.967799965035523,1.3844581192000658,3.083068400798691,1.7594557021785768,1.6352569907600991,2.1515098971646673,1.7245475768426517,1.4202443873673385,1.8842904278929395,1.220270747099657,1.351304622260534,1.7220207303613588,1.865733626306609,1.9896694024879567,1.5667162701511423,1.6758713691588072,1.6329579162614472,2.074318481125947
CHI:35,1.2857666608967024,1.473737458450688,0.8817287558913661,1.1877635631279364,1.4201081016481543,1.3426575908694862,1.1535583221427974,1.8006560145680437,2.055459843685701,1.6927726373765146,1.5425430918326324,1.6427969818913404,1.5589809740873095,1.489506354776953,1.5803443318274608,1.374756354346863,1.699090956296573,1.5901558929505513,1.6062266968733008,1.6484874183887757,1.3709652757143924,1.3716528662018397,1.4011563078895861,1.3128097737668774,1.322778986207306,1.267821410918049,1.060607354248844,1.23428613102686,1.1397571334050565,1.0662672243184999,1.2068358915725543,2.126977404484323,1.0301478802601078,1.4912964618816946,0.0,1.3808560016532305,1.5375551592816983,1.0991895245986687,0.9903815754102773,1.2656517443360278,0.9789422154411688,0.9111021434616011,1.3614941468970079,1.3380275754926254,1.442456462947676,1.4365108221213942,1.845904797788418,1.5627457857020635,1.5382302805842059,1.4507406640763467,2.9697261081092075,1.6721335847786296,1.8983763771623734,3.2011961522660206,3.126896390549236,1.70766589194279,1.6304110766965876,1.4360671592311984,1.2861837650558487,1.42196683663972,1.4700321238316716,1.8174054189420856,1.6259601944937494,1.7807252224563814,1.6567323405793346,1.6790906346678889,1.6976777714890359,1.4639515979320081,1.2715180320967796,1.6738430897954664,1.6093715373439639,1.7056035319630944,1.6249755958737993,1.6065964340718328,1.5823411192270205,3.4239087388521554,1.1925164225436622,1.993569617325634,1.4661441111436748,2.934905531765084,2.141397302267816,1.8637834838544396,1.1610584700208277,1.6060693423778172,1.4972894155624932,1.5346337831829948,1.9446441930919758,1.6824819570718268,0.9345980019717111,1.3866172036119777,1.5397078364770391,1.482669759583438,1.281829150243496,1.821358966536321,1.6544075664894726,1.8494526017116033,1.944128874896646,1.654606294402274,1.9895311492927352,2.114121354368925,1.8633973023257513,1.7676534747572155,1.184539046336412,1.4703894982754198,1.801529710452617,1.7210293430615569,2.86742107567146,1.6831015300345966,1.3880155038772315,1.7038552814352728,1.7436498792541664,1.4897073101213991,2.1597890593407305,1.7776851957172461,1.7133252389164086,1.7653567733206397,1.727149068642679,1.5155057572451385,2.023281766655686,2.020906458948379,2.424732483323279,1.4909740170343857,1.520110494771964,1.597900979220593,1.4590101590086348,1.5021981457417475,1.7062395534689123,1.6631287384810318,4.1629765354375685,1.5303825026546118,1.0403226768351799,3.529708019757085,1.9261368726282853,2.062098182974211,2.520775950995488,1.8559639521538052,1.7812793608475337,2.596214582177079,1.4911328114793942,1.428019258929725,2.174212948823799,1.7007027369359788,2.1911040722917154,1.7163738459357434,1.7632564343342583,1.6264455809050988,1.2123391659589124,1.2694731271367343,2.0800311164972065,1.8664466356191174,1.9951730722502696,1.6576627518651357,2.10620162164947,1.8074499408170677,1.9178999622488397,1.5625973532003408,1.553443698774278,2.2535693736299414,1.8071332644592208,1.0750653891725455,2.272647181765354,1.844545482642582,1.6292490297096618,2.0759933132473214,1.199697412797616,1.7396071478572195,1.6148401617727017,2.039776247023335,2.257598606567811,1.775935951026063,1.4672646711589603,1.5947116898688183,2.1470565464444595
CHI:36,1.599610585241088,1.4878589335765369,1.46691304543421,1.415007951309643,1.7175337072277144,1.7459500910322545,1.7014594952683684,2.630159108882726,1.80339256980331,1.5134642643151113,1.4782243472471173,1.4142704406005573,2.009809497345844,1.61385124570538,1.5002219931927383,1.4844074422240274,1.5266857486151733,1.5445871448678463,1.6934193420612853,1.7265614190199472,1.6510212695605333,1.6549333946916855,1.528402862581168,1.7847237000543523,1.403838039480299,1.4209255579092879,1.2843834678126766,2.2276395591098908,1.2851090620930226,1.6165312400687273,1.8752442617433125,2.9336820272196023,1.9018981878141656,1.8049650579142127,1.3808560016532305,0.0,1.791599378845036,1.2537981685190915,0.9626223052807743,1.2013360304480858,1.8454165833866958,1.11739152285878,1.13880783831152,1.1748695250963457,1.3643650719110363,1.1007909018924782,2.2112320505225544,1.2299783051470097,1.1388848397917783,1.8495252826721476,3.3225114769864557,1.3355913242763813,1.3720607993435647,3.285499231219861,3.2909578179157863,1.5883932248208077,2.1446184810767734,1.5473032451845037,1.6431955287423623,1.4810090230751112,1.8375904482961087,1.6394011015926362,1.6702360127709814,1.6802613897674732,1.6974538332980105,1.4569084747496102,1.3372046709129692,1.1825230111215927,1.0781971851102394,1.4579848011667544,1.311098231452996,1.528269327923277,1.1896540426659914,1.5523073096050666,1.321247195600285,3.8704229051906003,1.475742177007507,2.0347606193065673,1.4512330664577193,3.1765877941513168,2.09666385030519,1.7562254731957025,2.0528189700286115,2.330317861781881,1.9582481604649573,2.0909764753042173,2.468593935636484,1.8744367979592467,1.6158167362389426,1.5347193172116278,1.9139386057022916,1.6530645990046156,1.7364354100801163,1.800584679233728,1.6546762345997237,1.8133306739745623,1.9733288713212127,1.782195455673157,1.9523486379911057,2.436384977075537,1.7754805868456878,1.6636363630374946,1.9898195856029246,1.491238885847267,1.735560126808866,1.7599655497938707,3.058863146240558,1.5858615041358668,1.8108981534614108,1.7562210629300519,1.8972321985134695,2.067837357491469,2.0015906765960216,1.7436393970176156,1.7898427824209762,1.7593389503766448,1.8528835215172903,1.9354220262699575,2.2952867479373804,2.2000275889288474,2.0920929576694194,2.094321769514997,1.755144882955505,1.870766980186162,1.9237737828860766,1.9008560076713903,1.7854420949203598,1.8751079051244197,4.041875956809515,1.9197693347692686,1.3324980184438027,3.6249482760964913,2.431009174023798,2.537717104189691,2.763208743871965,1.8939326842602477,1.9302014797627622,2.809930532398901,2.036402042258782,1.4660327349553692,2.0609021844885844,1.8864402876415087,2.788097532867266,1.6095353377782797,1.72319300416162,2.1075492924647303,1.62987344315315,1.8309057234253534,2.0350324351273423,1.7903581282719416,1.9010086943541014,1.4638212325024418,2.0160507085792947,1.9374746771974565,2.69015068189307,1.9366940468517553,1.9583656508206917,2.5054740204257415,1.82233454585174,1.463478551951014,2.044178129969244,1.9590863554471312,1.8635269007847877,1.8772396286303874,1.7297367512470647,1.8876687812815036,2.0081411944889873,2.024848359204494,2.160932011332381,1.8202706422665045,1.6202563494044175,1.6878361065429228,1.895732100817
CHI:37,2.0314287640344317,1.868254149106674,1.8646423393596097,1.7781076542683343,1.8235366897929033,1.9454136448502917,1.7067265145948676,2.531693163032235,2.1020841312815777,1.7792163294308754,1.6119930538639837,1.6611694486692465,2.1440177379888166,1.832295885309007,1.8112851570432078,1.5552998882277964,1.9289217865303743,1.898585330369411,1.9010693554372105,1.981804046371765,1.488096882834458,1.6652564952709936,1.754126479876538,1.5991711145936995,1.7103219597142947,1.464462301049099,1.5069073080114934,1.840243277117338,1.6181075164569472,1.7615683075163873,1.565696752796679,2.650155074595729,1.79470697626191,1.0993794068958436,1.5375551592816983,1.791599378845036,0.0,1.8685340225082818,1.7971062973007916,2.0734913357279465,2.139620527273336,1.6984934406295207,1.8038948212094303,1.6113965070614846,1.350735009372745,1.6714579816021555,2.2915669414782593,1.3626757636644133,1.6933358042220463,1.7653181173748465,3.2579916491367946,1.771319580882466,2.0317173270137645,3.5434505951632653,3.371017465724143,1.7772999827111362,2.0085198750911637,1.6793969221544354,1.3578100895263268,1.588124191709739,1.888069684080164,1.9883179963318873,1.974761206631694,1.9460264316439175,1.9286672891044254,1.9716335763932549,1.8900647273786624,1.6742152124494742,1.405126883976065,1.7325146043297954,1.8587077477644531,1.8703715596530714,1.5975122050070198,1.9242000718607915,1.628492418272077,3.7350414349727337,1.7734745304854376,2.0716359393931576,1.698385765347827,3.3711268749589696,2.1173222600088777,1.957203297103866,1.5877686319948345,2.2688383267586403,1.7649502318424073,1.5553358812039857,2.095850112348007,2.3927368784341656,1.3816266384604716,2.0311783613505656,1.9135587743370273,1.9019884517504413,1.826370540768484,2.230944561178369,1.8716356319240655,2.2008391832226404,2.0313294437260243,1.8193283246520313,2.2891270203033245,2.585647217469879,2.0996244156243002,2.2884963474035755,2.021305840568294,1.8119138125448409,1.9433567785054944,1.9685610493509564,3.4306926773340902,2.0783866921977103,1.9722964056679768,2.1552246165521773,1.9424319312685914,1.926874822031439,2.291399331436654,1.9918002227204858,2.0709781782183336,1.8996330642782717,1.5351238948187411,1.8884962891734978,2.652217747709716,2.6984331863653104,2.5075225361762876,2.233985361650491,2.160752060771062,2.1929087317510927,1.786733087716065,2.1827353472340354,1.8667629815225462,2.314819070604159,4.561554961984651,1.8432141973036984,1.371457289204938,4.0115701319310135,1.8589860177816233,2.775477675975498,3.168326699737403,2.0377325427956965,2.3065406475918295,3.0488969905234513,1.830908777916233,1.7471788314951953,2.1849289642737033,2.180066468700836,2.554871583720636,1.953020250173207,2.0832152063382816,2.177205246637266,1.6098727403411508,1.6767337728420066,2.168365849201699,1.9186546329752556,2.0958404578376255,1.9511572237590167,2.285380901048532,2.1685809870070027,2.1168153294737384,1.8694881147091205,1.9098563952530085,2.847002117534526,2.1045914799887147,1.8816423341677748,2.3506539062403156,2.1001964014693786,1.7763538865776505,2.159042690062047,1.4506387482367413,1.6266530259959988,2.262670074738733,2.189029451810421,2.282756449404699,1.8895475051873571,1.9701389004261682,1.7817315023820413,2.363658365024107
CHI:38,0.7977101485947131,0.8243455205432313,1.1118630454214455,0.696825759104295,0.8434728098178985,1.0573363333168482,0.9949059504445367,2.012688111376133,1.4462727296003752,1.1978948478537041,1.034758428589396,1.3128561685405682,1.8314696372660708,0.8635364259596385,0.8732530913907679,0.9405811860844381,1.0009091217179171,0.9077732957866618,0.9215320169081221,0.9644494314819567,1.1035414426620258,0.9183220870525525,0.8210711453238038,1.0893622606386824,0.7251472852683044,0.7457769007747083,0.5828077252218509,1.6377912747590455,0.6132537098553232,1.055488968676157,1.294270339012705,2.545303954220466,1.6413576744829386,1.681552273151104,1.0991895245986687,1.2537981685190915,1.8685340225082818,0.0,0.7135501886397081,0.9176150151722506,1.0205532704040507,0.5114460225668888,0.6829987199887967,0.7116621864750353,1.0871589145531309,0.9033385575877153,1.9067802277680868,1.1528658861977303,0.8719186630399871,1.9031562256149008,3.415727917021745,1.2432715964482348,1.2023398273403394,3.5687908913590034,3.4503058120285903,1.1984674284523946,1.7480801256332776,1.0137114719901597,1.1756665208056587,0.9249611715413726,1.3020072970201557,1.0370332727502451,0.9111888290451875,1.225987182084652,1.0723482909197335,0.9306017216682935,0.9185549955263326,0.8041075711736004,0.9848341340067974,1.2049141925722335,0.8018432096756491,1.1872080128764315,1.0395533411745899,1.2627249034592354,1.1440428856595943,4.047561435921303,0.9066421683289929,1.4142249490917909,0.8917180394311924,3.311329927680017,1.5316014051831495,1.2560398240718438,1.7780732340936352,1.7038009368830511,1.3624502066991993,1.5397504681943606,1.7122764315610286,1.5514717814968093,1.215767140234566,1.1770675788380571,1.2347437897916385,0.8880019927267726,1.181263759952444,1.1685932009806324,1.2606885835022201,1.2063898150772956,1.3205959372264746,1.1277116862425696,1.2665322203380562,2.2251186336946285,1.1890729244613871,1.3514894455540247,1.3256416084890852,0.8840212447137847,1.2409566417816444,1.083642972183429,3.1054845698584863,1.0903293921779915,1.1325127955458902,1.6000123649983997,1.316532259323533,1.3637482981248683,1.4500681588723934,1.1186030290122562,1.034553826914067,1.2734215726085822,1.7004567875836498,1.6322951271597699,2.2190164762477766,2.0383765102258296,1.6642237063202723,1.2895759481838767,1.380956973909455,1.6558436096497477,1.1594886113754488,1.1179063484242977,1.1655540417387504,1.5215753167504757,4.313331660384436,1.2034148748866638,0.9475150338058893,3.829689434542441,1.8706279848935519,2.3416318406118064,2.6066121104522897,1.2164776052946604,1.1954058099920912,2.934746173176272,1.2804849235460696,1.0075209107637573,1.5024708615034454,1.6890230214134778,2.279949335851406,1.1471658651409224,1.1454024387308928,1.4603041601253766,1.0120172098086584,1.0258157781551378,1.4187532852982807,1.2589780375989919,1.248254478766901,1.104387201237927,1.4473657712096708,1.1585001546697222,2.1400335021904016,1.4866532768188472,1.1972045375032334,2.5297068699181504,1.0573475448357572,1.1866437339784914,1.5155666714724796,1.1867266486041224,1.276406783670732,1.3893905220676304,1.3456225051951214,1.4941381178285924,1.1196379133812138,1.3375287508849878,1.5962613098919893,1.220469773520714,0.8729183049199818,1.2633696873130718,1.3959740414016684
CHI:39,0.8692491423769598,1.0307564169480203,0.8493060879892282,0.8260819916616411,1.1498796976689578,1.206909777560424,1.104467195801195,2.050999123315067,1.6059350172011688,1.3144782778661839,1.0943221041269433,1.302106809437386,1.5723333372633579,1.0394692322669516,1.0646373520339751,0.9809611139805728,1.182595395281906,1.0925834382624686,1.1697242233783667,1.2027799927639338,1.1218564516546448,1.0760819424207846,1.0172804479084223,1.2257265479146082,0.8702423887276263,0.9538149652562935,0.8263693839225986,1.6799530355895675,0.8478468414287115,1.0115253285178323,1.2721841879800118,2.459869638397281,1.4830460155220662,1.5566860041941442,0.9903815754102773,0.9626223052807743,1.7971062973007916,0.7135501886397081,0.0,0.8195723789575079,1.196079650598854,0.6646261996421551,0.7033665276287604,0.741329856860385,1.1029630754195758,0.9052661235009902,1.9025872917480846,1.1824171035163071,1.0165741550577443,1.633027374870781,3.1470458970541086,1.20734190765971,1.3085143769568388,3.2404561719001723,3.1834519645866775,1.2863806823846962,1.5992445777957227,1.0440946243664324,1.1365477350185271,1.0060655936866354,1.325363027319043,1.2379973712180525,1.1680789847159196,1.3154073559018438,1.277490099553621,1.077053528390702,1.1421420346604771,1.0522540695308422,0.7233785545549171,1.1990412239391848,1.0035209613478289,1.316922617590588,1.050813867911672,1.3154240188247122,1.174175067687762,3.6866352419024295,0.8846398309115897,1.582260441546268,1.0700867438485533,3.0064460494946377,1.725403107519702,1.4288939471054782,1.5790405669498766,1.814603654876494,1.3599862335509938,1.5581479683994377,1.809446002528648,1.4542359120105828,1.1642171130471768,1.0543746625883783,1.2884365147761832,1.0530919545783857,1.0738005585762858,1.3872091774712103,1.384765873345052,1.3882812570592735,1.4994500444217227,1.2957747159840114,1.526456761186462,2.0518497422523634,1.38059755065953,1.3162358607048852,1.411491267160447,1.018269224614137,1.4329062838144464,1.3142220385701757,2.839606529532868,1.220957801522182,1.231991951558191,1.4561946341851562,1.3614096323020242,1.5461108242839063,1.688042382468564,1.3312204083349524,1.2929156428228343,1.3629882804948457,1.5850347841926977,1.4662500999979426,1.9386594650169011,1.8631082881576484,1.84725744561253,1.466236140195309,1.2746573548434503,1.4377747615135206,1.3168988354895566,1.2884015991346598,1.3081307320332416,1.297471649675031,4.058107798105271,1.3691270222697391,1.0204487337363424,3.5609929572612353,1.9023903484440232,2.1253067674434694,2.3847133273419847,1.3988740045582415,1.3803562239239684,2.628059853584803,1.4632650076011016,1.0425707369395836,1.7074954481817273,1.4857745430764309,2.2846071990180903,1.2619855388966255,1.2774231638184157,1.5218309686557001,1.073432158639372,1.1721834625387413,1.6245394721862796,1.4324679280721124,1.5043749250571947,1.177939244291759,1.6659370319512883,1.41981284544654,2.202924152196388,1.424107047156272,1.4094607538727886,2.2549352894447274,1.314647069337899,1.0013095630078024,1.778693422038656,1.459417140955815,1.2747882517754863,1.6053326291182377,1.2379977765940933,1.507064357909925,1.4590208642635085,1.6134859992447674,1.7813115515489613,1.4015883171303511,1.1048065483969491,1.3307118740122643,1.5933643257391905
CHI:40,1.3212001223848664,1.3051593103209747,1.3708357040338572,1.126970826029159,1.4782929168835817,1.731475887124742,1.585883524756981,2.5593287988073805,1.6811676452551454,1.4237920755630191,1.3794414276640006,1.3216386267486449,1.3969049210664999,1.4222828853320602,1.3282833700949772,1.4417731024649978,1.2314582890556536,1.253024426192876,1.3621483359494284,1.4119036390110684,1.6175797718326257,1.5596984779798257,1.2044301610150905,1.725936699367236,1.076797356763782,1.3084976758827724,1.0846023228571422,2.072849736691174,0.9855365404080944,1.019145460302579,1.551949398770044,2.947158654732177,1.914571676602088,2.098640241900058,1.2656517443360278,1.2013360304480858,2.0734913357279465,0.9176150151722506,0.8195723789575079,0.0,1.4435737102776978,0.8534361757874133,1.1178466164679117,0.9456063543847906,1.4027693256986207,0.9478707370236047,1.6064620316678246,1.3953979072257157,1.034327575391549,1.4562970755716786,2.791872437786195,1.1400467808793202,1.1839460878073296,2.889269820493505,2.8086808438618878,1.3728346378821081,1.4936980007856404,1.262906201352149,1.5194501765103132,1.3923206672922481,1.1514160775155247,1.3363760165916891,1.2491784553756013,1.3455366924332988,1.2507507979398378,1.1672675202772362,1.1114805938342633,1.0501720391054499,1.058651094477692,1.1989052619557168,1.122867055033668,1.2054084748737302,1.2318155502676347,1.1117202491416345,1.1766946643107623,3.4377739200723134,1.4849390720668323,2.028865321205526,1.3975668996550614,2.679606303564723,2.134712626220158,1.8614198520033607,1.9125913658024676,2.368565617045154,1.7759817042250006,2.0332383620401093,2.2221349373600128,1.3866626543337484,1.3978897995532977,1.12786063555591,1.7550025636774307,1.5399760837114738,1.3129728703700136,1.7324244720933089,1.5957932459669513,1.7805364758009399,1.9261551030177009,1.7687303662439875,1.9099660241251595,1.9279108278716115,1.6781899424300302,1.3309681984815145,1.932728444997649,1.2661535871357665,1.693059468171646,1.7107579259615984,2.4943513298802733,1.4039917903836243,1.760468504507852,1.3829277416434107,1.8112089962887767,2.069730520845447,2.014765933485817,1.7445446928466286,1.7200010853022414,1.724642004742182,1.9075635146835253,1.713397071275406,1.7817964345739663,1.6626735991406256,2.000055704520383,1.961598670546491,1.324519770330575,1.3521727016472769,1.7104616495240177,1.7889070356476715,1.7869811558878241,1.315125236188221,3.526201881604454,1.7801843798351678,1.3100207373636257,3.062000177514479,2.324456753454816,1.8525519767206526,2.1816866714379377,1.8078219216579747,1.891553707357969,2.3654680159300163,1.9639432312008074,1.3875489990387484,2.1197719964647237,1.5053182712543014,2.890916386532464,1.6473557812514654,1.652868443794991,2.1113511141965757,1.5973739432208036,1.5540617219973436,2.031067025473891,1.834454665216327,1.779194794383795,1.429996353167948,2.0615412243928133,1.911810909406413,2.7505384438813185,1.3620256135160689,1.9177756554816017,1.9542859831598716,1.6714138546953674,1.3780409466700807,2.042327665006865,1.8609523734639486,1.64689791100731,1.9751696751311498,1.6348607972759381,1.9507879722451071,1.9118407110926072,1.9711645972386955,2.130595965065398,1.8385927118176386,1.4306134605398937,1.6214018161748158,1.9058679237929492
CHI:41,0.9380448320834319,1.3397264518530396,0.9432250347811676,0.9561957876784691,1.149383194941425,1.065685989285152,0.9921829681151576,1.4304830732636673,1.9735215066616476,1.705947853316687,1.5563601016318975,1.790095251414864,1.7536727169200454,1.3473356745339569,1.4994433171842172,1.3837333851702678,1.65113264344678,1.502186698605153,1.4685321225400452,1.4760373278283212,1.3740762704629086,1.2288803776877644,1.365607684192329,1.160407546232491,1.321232629025998,1.333260550758064,1.1543312384030433,1.0743719254158557,1.2612464404136419,1.2330643140378144,1.2261912185619186,1.947197624723044,1.362668282259994,1.7680327493419465,0.9789422154411688,1.8454165833866958,2.139620527273336,1.0205532704040507,1.196079650598854,1.4435737102776978,0.0,1.0840442068148515,1.4311857055572712,1.4316115318627964,1.58933437356232,1.639718071739087,2.0651359045823874,1.7523348106847738,1.7079721861505446,1.941547169643795,3.427489241317787,1.889769281929304,2.0380412024731562,3.6804884013664676,3.578824022156321,1.6919690825182914,1.7153580171355471,1.4834859218391707,1.430972574726197,1.4557760354866884,1.595545843800801,1.7362155428255424,1.495754786849811,1.7614929722592712,1.5434541544948477,1.6661037176402065,1.7968113117463678,1.6528678864723514,1.517983988702835,1.824820626513181,1.6328680459896265,1.750970463667191,1.816665736406554,1.7475084164850452,1.763406016753392,3.8153062081560543,1.12527869475926,1.8402662770069391,1.4236460673530245,3.348543725623589,2.0262501711088508,1.8283703747264832,1.4480449710016858,1.3906440506969608,1.4500246037051125,1.531774021863915,1.730231833138089,1.9158910574068997,1.246440762508511,1.6232037747474068,1.3443599194199143,1.2035314421397605,1.3584594121131515,1.7213401676588689,1.8611644551926518,1.7501341291014103,1.7362301563809792,1.5627137714156651,1.8368590006534733,2.3752613704930607,1.7908374075702418,1.8659417027032044,0.8982585257422061,1.494874793562902,1.832735702422521,1.6438640669401743,3.205936788035511,1.7121028593487664,1.0182700038501167,2.024617612464952,1.543078728293397,1.2329832938038585,2.0217982542425905,1.663805211973676,1.5377142226339573,1.7534419018403702,1.961956759912612,1.665803696993567,2.35206498898892,2.2768303665523577,2.264344739084286,1.0215425402275096,1.6671508804476358,1.8323492981306337,1.2600987866905935,1.1576034213741788,1.619690673447488,1.7470651528555228,4.487798431687473,1.3769109672982456,1.2400608725910185,3.929035765904871,1.7727216222580173,2.2884253790639453,2.708836521752761,1.6804699015350397,1.4379005862868368,3.0483415465462667,1.2159291831012453,1.5884227031444142,2.031117401270017,1.9487234352671547,2.008053728283816,1.7375952227247298,1.6816707051015145,1.3772908089119702,1.1887029951759809,1.0080809346979025,1.9356104997128711,1.8092188312756432,1.7869903984293742,1.7598553818328053,1.9997974961046758,1.5015322334094416,1.8127158841757516,1.659418674019285,1.3006295531877252,2.6445827952785286,1.5825268402179413,1.3556435222931054,2.153854199321267,1.6225680180275925,1.5300528446223063,1.994589080539708,1.3716810660330434,1.792015783348941,1.1722990195587597,1.8092036547058519,2.0944380564289355,1.687121105212627,1.3814732175023758,1.7180316868952195,2.0201400278779023
CHI:42,0.8935914303246209,0.9031313473068511,1.0648895494119839,0.7653208292717696,0.9800459566714623,1.2097080669384834,1.084282248484685,2.117794789849637,1.5099597676246073,1.173404779299463,0.9759102154421964,1.2339370104802956,1.7143397444660078,0.9467512190051425,0.9363954047585168,0.9313394531563025,0.993162550105088,0.9390663653732332,0.9833438392812275,1.0762202025230858,1.091343489885975,1.0237650568902714,0.7959807716753905,1.1640446291353637,0.7181925971165948,0.7605172231856996,0.4669615634687243,1.6076497946176254,0.5444867760982902,0.955147170489514,1.2550548927773508,2.5569056835187403,1.575635232718506,1.6391416674293686,0.9111021434616011,1.11739152285878,1.6984934406295207,0.5114460225668888,0.6646261996421551,0.8534361757874133,1.0840442068148515,0.0,0.703095627910394,0.6978905360709313,0.9821883907990734,0.7477352896519063,1.859862651858267,1.082593663972212,0.7803692101591567,1.6924858673136656,3.267843842876903,1.0537311868554862,1.164479760845058,3.387751344607632,3.3106468741995556,1.1418137212884116,1.6586041435359489,0.9437263477206708,1.0705248101739162,0.9512731720988098,1.2612445090371327,1.1025615391595034,0.9271643967523279,1.1427121193789382,1.0504501195670235,0.9444548827988852,0.9126318068913367,0.7438883662735576,0.837372947609097,1.0948484295011318,0.836841721307401,1.2388223687953586,0.9534851393789336,1.1176004309742806,1.1109519192735473,3.8554093740083526,0.9457401733199909,1.5274338761741868,1.0402494902165145,3.184572282274187,1.5997235960769747,1.3194987636737434,1.663754794152143,1.8274122952496186,1.3054505992250227,1.5191786692619136,1.7896588161897806,1.6117499400509065,1.0396127409959768,1.1993143313312875,1.3035567232674543,1.0634891606963466,1.196905664553132,1.3472115629706367,1.24266393022172,1.3761505775256055,1.4074820160907016,1.2344378886529765,1.444811221168837,2.191028025672406,1.3140397848811496,1.4264267465045561,1.4200591112117331,0.9526622799032796,1.2944763781638375,1.223650732183823,3.0319624546311696,1.1828880986010444,1.2818700909346932,1.580894306092041,1.3661041806192256,1.519562071102794,1.5784111182496785,1.226190506215035,1.1982660346273168,1.2957975165079296,1.638333041671766,1.6412798683315097,2.1790768481221976,2.05283908417044,1.7410071289190974,1.4989656907540634,1.4182585718501344,1.5918768992458356,1.2294327659348843,1.3212529981258263,1.2540428123400031,1.5767309260545224,4.160165962591427,1.2927393861519447,0.9655057010828623,3.6751397720229133,1.8749077576411048,2.228483038674544,2.6079294891810516,1.324254778289006,1.4764473797995552,2.845761342678301,1.4336673494200538,1.0586664628661198,1.5828289881231352,1.6829515426927941,2.373906823242756,1.273930145898706,1.2629570976907927,1.573691725885818,1.0640610337179406,1.0964742247545263,1.5268111407122609,1.3205094541150206,1.3445284526430756,1.1816444030721227,1.5834492927882684,1.3729158826791679,2.196673272178066,1.3954084101896307,1.3522946600365104,2.4453993610780542,1.227836494881187,1.206221589869073,1.6192898126294428,1.3697517994295116,1.314142263938391,1.5006420520531167,1.302189392012889,1.4589604512040892,1.3832580044654506,1.4719506027627327,1.6767617391399707,1.2935790433196988,1.0406955391343815,1.3336380791648423,1.5509693925361994
CHI:43,0.7375913474886133,0.6553818586592003,1.1809181405890432,0.7767215844877136,0.9048378350904078,1.1020580075470026,1.0645765297102703,2.1993738092620125,1.308441428921473,1.0797726899825337,0.7324335282624869,1.2145748084244807,1.9747441840464393,0.6188956314298909,0.621825369482082,0.6812338193760102,0.8071454083135505,0.7070676757930594,0.754867449977782,0.7816498919480922,0.8852333362282219,0.8048844902552431,0.6918678075810318,1.0988646597807727,0.5808348359266369,0.6645270915644119,0.6952599867445151,1.906737358387694,0.690033577031757,1.163932935283389,1.3768356923236955,2.695731701259913,1.7540011665520603,1.566026411633834,1.3614941468970079,1.13880783831152,1.8038948212094303,0.6829987199887967,0.7033665276287604,1.1178466164679117,1.4311857055572712,0.703095627910394,0.0,0.4915945191543259,0.8542983710537686,0.6359471839241664,2.0614307309514084,0.9607042534231957,0.7461738062332997,1.9895393205771192,3.4877143832393642,0.9754852071306712,0.9829288344544258,3.582211890924199,3.4723295596569477,0.9766400898336649,1.7953648720393205,0.7633633829991519,1.0128200281847173,0.6909489879449622,1.3601127394612518,0.7602793613829887,0.7348717536468201,0.9471586065375955,0.9657473006802573,0.6020380739555925,0.7733393337705868,0.8272213647376899,0.7943142939103213,0.9586980349029579,0.5188665031215538,1.1886830353282059,0.6984390236760294,1.2598351669117835,1.034370120091733,4.123801116372054,0.7456381215621468,1.1906673472370248,0.8275444284541523,3.379673319263922,1.2320891444781605,0.9413770101674196,1.846809939211547,1.8681146259101433,1.276320936052183,1.4797011377280187,1.6627156924048474,1.6302200961415234,1.3520530912929258,1.1650180416373817,1.1680855158795913,0.9229910621809001,1.206804873979186,1.0301179676247088,1.0528791390391745,1.0185942331633813,1.098399941955505,0.9567881013584055,1.071111201473661,2.2800095047395543,0.9513980426127819,1.2776145714327878,1.5474835725999634,0.7296672311536184,0.9807324230745534,0.939723406912802,3.1752993263184,0.92099088597833,1.2961199778671437,1.5555169447078867,1.1800683072831046,1.531869895170046,1.1804469045136958,0.8563814706165912,0.8918855786639747,1.0349486624859505,1.5380633160724952,1.630503970915223,2.2811843217510956,2.109265511951985,1.3804897874777204,1.5174491165304356,1.4020421345568657,1.6600963788551817,1.1646482673114626,1.2336146884817742,0.9406500781807663,1.5904388479518465,4.342857661919858,1.1696436294257333,1.0197139506107333,3.8866442872646,1.8550372319964834,2.501426552339287,2.685976201380608,1.010538512509306,1.2480285588773126,2.9947566999130633,1.3861919703596688,0.8556045571200064,1.2099290581445206,1.6837555165768046,2.329875759925444,0.970209187664028,0.9261085315842948,1.4585202957418393,1.0190470531173836,1.168218357025675,1.1379094775294487,0.940020086523796,1.0565460642660944,0.8577588723850401,1.1909344196483147,1.1202951765649185,2.2301571866168897,1.4890861184442468,1.257929226117234,2.605629210455486,0.9282383762621595,1.2054175416319675,1.225319420713431,1.0783847072929909,1.137125870875138,1.0837036935243105,1.2958045689865862,1.234499675858331,1.3381709789560379,1.135137768306075,1.3099398281166819,0.9621671328635532,0.8865655179073435,1.1386467888556864,1.1249705730657877
CHI:44,0.8892009462470533,0.617861855344841,1.2705948978212729,0.6658709866203549,0.8547074608394545,1.256600090387438,1.1065755273520719,2.318159603129012,1.0943966172015211,0.8168227324662056,0.543913122646428,0.8743043506358077,1.660094021149875,0.6755060616243925,0.513869261553373,0.6467180441805548,0.590524171986297,0.5688017347438613,0.6564438697525096,0.7531795216715128,0.8738059667584498,0.8467108605384103,0.5843734152706478,1.103848100734873,0.43052858202986855,0.577098049651493,0.592002689545428,1.8576898216255866,0.5817375752316796,0.9682784368718123,1.2241860501342505,2.757429305008921,1.8237672597229204,1.5138959899008049,1.3380275754926254,1.1748695250963457,1.6113965070614846,0.7116621864750353,0.741329856860385,0.9456063543847906,1.4316115318627964,0.6978905360709313,0.4915945191543259,0.0,0.6072579410810093,0.42646334528636287,1.8095856142414575,0.6801104347109419,0.5180464496617047,1.69843184058898,3.227857779641131,0.7348611531293204,0.8032158803796559,3.3544902123021316,3.2110088552867073,0.7010557126195814,1.4998622375359407,0.6099569902694679,0.9196528726281665,0.6093066913433829,1.1029726986691046,0.617598680726638,0.6465364412677508,0.7599922310777666,0.7154436295723934,0.5200284473099621,0.6052995624334655,0.6370917654140138,0.5320507423175524,0.6416131231315646,0.42407343051215846,0.8584249504495882,0.48152345936909213,0.9462531901777673,0.6906382773682266,3.822917923370841,0.9494316118041685,1.2418823542574484,0.7143786134086396,3.151169801144683,1.3182690567750275,1.0781245314496286,1.7485117108399981,2.0142982557297753,1.2306912459531063,1.4072800005367547,1.6377908529202736,1.5671041009077655,1.1289266481654616,1.0967516021454662,1.171866753035391,0.947501717634673,1.0653888036291552,1.186608826889964,1.0875975950654444,1.1838647012860404,1.1163352811614764,0.9980154180602228,1.258618463373245,2.094134096299205,1.004190917040176,1.227312376189281,1.6450203948156257,0.6410084895464698,1.0235402231169575,1.0254159049081022,2.985412137452539,0.9476406146644025,1.346900248085136,1.4253925362076556,1.1480403679389266,1.6016438005013143,1.2831226301409262,0.9954660687145401,1.0449382818918567,1.0099945671110162,1.359132105411455,1.4920633149013853,2.120449758920283,1.9941319428341568,1.3538841001934079,1.6199406364419568,1.3034923372607559,1.5064894345691646,1.1308892285067815,1.3477692414697644,1.0282507412022066,1.4131986420315525,4.072317451261744,1.169370349009884,0.879638529642524,3.640058361844755,1.7048209160607648,2.2744881273734987,2.532661368526681,1.0551216488875412,1.3789442962502811,2.788066305464697,1.4126163258201947,0.8455629432343111,1.3127938275058813,1.5248336057689422,2.481464401472006,1.015179561166086,1.0169181888730827,1.641746104460021,1.0141896343430072,1.0622397746685857,1.2506847506019445,1.0229965956225269,1.0221314096091172,0.9006891295377755,1.3536992651654354,1.2493624871336293,2.295161323934889,1.2050737020210411,1.3119050031137642,2.4145498207014504,0.9702503239545986,1.2567357433621102,1.3210816801508198,1.1480776520951572,0.9750288917605392,1.220013641870776,1.1891018897454046,1.1930756847922481,1.4707729079349467,1.1971491209598586,1.3559740963842577,1.0425737772824082,0.9190609428340761,1.0690621586147058,1.2457377701900987
CHI:45,1.1273139964990873,0.723659477975147,1.4542736258183728,0.8987627811294253,0.9384652341558194,1.383291123540371,1.2093678184502572,2.3487828509906867,0.9617387178478096,0.617438812363915,0.4549453457159273,0.7245238001162805,1.787473775351738,0.8168931630658032,0.6587855796059471,0.5526515686249724,0.7241953024898897,0.6863482267922243,0.8018803721123742,0.8984093516562236,0.782112631926947,0.8754087991695535,0.7677860307299567,1.061347014635216,0.6863407230971398,0.5901829217076565,0.7865162595755899,1.810096794150427,0.8260680435188364,1.1867959404311526,1.2512475745714438,2.723657096545022,1.9087435591317081,1.3009693669012832,1.442456462947676,1.3643650719110363,1.350735009372745,1.0871589145531309,1.1029630754195758,1.4027693256986207,1.58933437356232,0.9821883907990734,0.8542983710537686,0.6072579410810093,0.0,0.6950831127218218,1.9331132854024713,0.49001870257353575,0.8208535273387424,1.7635910962581727,3.365951934950835,0.8108558321586289,1.0053981350670593,3.4888472336674,3.342769761861901,0.5709266138213369,1.610251148167351,0.7142825303966776,0.8234239660818347,0.62383284465863,1.3044184123062046,0.8618018122819954,0.9052300885502528,0.770511800361344,0.8439780414266131,0.8229590918609937,0.9001168620088613,0.8514699677194089,0.6798125571816543,0.6869892098646821,0.772580427516091,0.9083527745247197,0.5768749380146881,1.0196912920799315,0.6377602751440347,3.8395443085797227,1.112452564056609,1.223759757877497,0.7065499336020967,3.336105778244527,1.3169584946662878,1.147563382136194,1.7563944037171948,2.056940243980068,1.3076025277216095,1.2778748586880133,1.6960772464559406,1.9195285377313345,1.1020262786195094,1.4412176227148505,1.2200484098446411,1.0430797019450841,1.30049682628795,1.3847556005665613,1.2471374695613247,1.4002735199714587,1.0979119730020217,0.9641729110776407,1.4303400974562048,2.329699066333637,1.1637874695296848,1.5747021180316343,1.7110491540925254,0.8117456064031898,1.1317583177931496,1.1453182265578377,3.2577979660441776,1.2431544205378473,1.4237669689391856,1.68910814257624,1.1561475162096368,1.5572486521782662,1.359320062028257,1.129947841098939,1.1733586766336697,1.0256253292204458,1.1050171257036712,1.4864607417055946,2.3810429484800535,2.3295553172287535,1.4588228013408293,1.7315503398022465,1.5960392105285093,1.7803832154983612,1.2026745270180863,1.483414302014276,1.0475515129034987,1.6991800652029234,4.27098123655287,1.2059401157456302,0.8367801317449183,3.8631169634130673,1.4695652660809853,2.5030337970003513,2.821363810433537,1.1755545023394576,1.4952785518536602,2.995738548091727,1.4181341704886692,1.0139353488159903,1.3433607363943445,1.7236498607660964,2.496962104357808,1.0814514728266602,1.140947077125473,1.7305865727614014,1.0683601339794118,1.1287546283145862,1.302719974610753,1.0600335208507967,1.1371302894167947,1.1129175448980047,1.4466892716174182,1.3283443119408893,2.2100331771483264,1.356396253826635,1.347482456689964,2.6635375879116485,1.1461276571020262,1.431004623650279,1.4240465783332967,1.245552618670086,0.9684181163680492,1.2729345462992725,1.1292320448322926,1.0319264826686723,1.5907141088358683,1.2069358485766024,1.4201231040299638,1.0561224859363436,1.0818258628604143,1.0615940336189627,1.4038400770463986
CHI:46,1.1372044107944224,0.7996984868336495,1.422156441754344,0.9021098228508754,1.1121642815070576,1.5052293970839798,1.3693503182750304,2.547635907127007,1.1647379532063669,0.8691462620587143,0.6886520827792055,0.847111714719621,1.7676056504111664,0.9259504300813679,0.7206736946244793,0.8623050496048115,0.6497313910257384,0.6889728273767302,0.8457178951712447,0.9414584424158283,1.1056782234458127,1.1275207246202736,0.7198598904007355,1.3624937073541925,0.6071203601592053,0.763087273046874,0.7493530514642855,2.06313261559861,0.6665564736120898,1.1091179171505816,1.4315401610787308,2.950010385053084,1.9895032723930455,1.7085657877354963,1.4365108221213942,1.1007909018924782,1.6714579816021555,0.9033385575877153,0.9052661235009902,0.9478707370236047,1.639718071739087,0.7477352896519063,0.6359471839241664,0.42646334528636287,0.6950831127218218,0.0,1.8361784963214354,0.7135437000346101,0.4746720682573983,1.740215302990795,3.227140159412157,0.5132727725994686,0.6446818190694484,3.290639989190076,3.196658115931951,0.7294773103831667,1.6441065334652518,0.736775324286222,1.0559355195651583,0.8360474695932137,1.2143048089939723,0.7500024104675157,0.7774928068307554,0.7321606135524995,0.7692924923589874,0.5587522663212126,0.5303973313787635,0.5882613569503883,0.6500006418974821,0.6068417552419374,0.5131595811602031,0.8922790668711902,0.46805739010647224,0.9106400050144396,0.6862232311587282,3.841180586181061,1.1857459769351812,1.5020008977243662,0.9681759499041429,3.175947094615941,1.5281603851763144,1.2798288101902653,1.9513304009828232,2.2720621947056396,1.4818284447344763,1.6580772953222822,1.926585103811873,1.7169364227300754,1.3291329704671464,1.2542677284978552,1.4706290721660453,1.2172025655342804,1.3450837914431977,1.4173184924950781,1.2098232615497035,1.4403550912236347,1.3718135638563513,1.2635820676795335,1.4832114869830706,2.2428314816683512,1.2122249452133946,1.3936996383246898,1.8986670387935682,0.8184511275500863,1.178798228740355,1.2656438826496563,3.036322797611235,1.1313109310092382,1.6110108042743907,1.5416360200502537,1.4077735031648093,1.8519493801511187,1.4787477932250586,1.2394785112355582,1.2926528800446384,1.2446241297051053,1.4941844192193205,1.7024791966799298,2.2382143295899315,2.1170770695144414,1.479049300389232,1.8998731097586818,1.4867120542012435,1.6482727462225981,1.418672077907249,1.6614260065429751,1.2822645288482657,1.6130880555998115,4.005857809814469,1.4526243419077527,1.0662123529700476,3.599363699899939,1.947626841012595,2.3667543341839306,2.6614389121318656,1.3330549287873155,1.6758412088724235,2.8413646375739843,1.7129215054159497,1.0483744876467538,1.5170384291740524,1.6856398548442655,2.731044338513411,1.2342244960110007,1.2327810264763421,1.9150745280793573,1.3031609826978592,1.3546542531653378,1.4683119928219401,1.2272037661743629,1.2323697010404118,1.0698804883502204,1.5629634096087788,1.532644232674563,2.534871886759008,1.3521732929993018,1.6124336891537516,2.4617332823388773,1.2512202994808632,1.4339298651763943,1.4728930602980976,1.4338843680725335,1.2823744455737736,1.4046382410638054,1.4130226306101576,1.3990075160609134,1.749286113620274,1.4276702678779691,1.572763248851371,1.2800994751920838,1.167833031897216,1.264493268710255,1.4464309085005504
CHI:47,2.071277167094317,1.9706053506323793,2.176468371923581,1.9038076656492826,2.009784458030565,2.384067103521205,2.159829482945234,2.9706740808584926,2.0207672474227865,1.8208131143380069,1.8974558487419624,1.6915769578566995,1.3300577074130868,2.0831266018792576,1.955307962263302,2.021979814234106,1.897228932179723,1.8456163641737808,1.9329572478834889,1.8685312475092444,2.1173395990335324,2.135236262051977,1.7724314218238322,2.216869992873075,1.6789950262180613,1.910017554528292,1.8301555747587321,2.4481936491555953,1.6343498163717383,1.2939233609310055,1.7080196455681735,3.3476190333209037,2.337582136040517,2.5978739023556097,1.845904797788418,2.2112320505225544,2.2915669414782593,1.9067802277680868,1.9025872917480846,1.6064620316678246,2.0651359045823874,1.859862651858267,2.0614307309514084,1.8095856142414575,1.9331132854024713,1.8361784963214354,0.0,1.980491606956303,1.9863191245058986,1.2183504357117314,2.0343336486290604,1.8673344491220458,1.9015552702831873,2.223380109487952,2.0602225289204337,1.8340400686279201,1.095602137064821,1.7171413362935928,1.8991825372864266,1.8978428632485562,0.9840455837063543,1.9868259094842895,1.8791027602150328,1.7970287111668883,1.7312773413201252,1.9227292696408582,1.908973230381698,1.947644170506524,1.9605470823310958,1.6968540421967993,1.937715362391648,1.6265820681377914,1.998975031403352,1.5467697671943572,1.6639134332708456,2.798486887461031,2.243792873838483,2.413779201750445,1.9326055969965872,2.1061859951201525,2.5558827545960154,2.4448674063261033,1.9184720506316868,2.7692170497593085,2.0445421241392707,2.2666279611403475,2.4439423774289426,1.5677518068003418,1.652616399423175,1.5543806734302483,2.0717128077954907,2.254291662405358,1.4950310429449545,2.2761344923868077,1.9620941551425726,2.3369115030456014,2.4101776605589973,2.212739488120574,2.4733784599676807,1.5662707824954587,2.1672537522840183,1.7690250376522414,2.4357846119791016,1.7895368099199063,2.0133735731294986,2.233379918979227,2.1248767892150116,1.886907069695701,2.480271189982122,1.497735184792693,2.221187948023931,2.5441066774717664,2.483634882215605,2.3320443866470986,2.2694438217530397,2.0900175488414177,1.829327051263176,1.4917493583713086,1.5578319112744257,1.6552326090636078,2.502005211516795,2.5127042191301294,1.5390605639203945,1.2795619884013716,1.9464839768007285,2.329064649556844,2.253708928433533,1.5512015800161487,3.07338105498043,2.0315691804708083,1.7613669740679145,2.5801491975111817,2.5510945566995207,1.521186686487999,1.8710353816359495,2.3180964583789323,2.5111416619008153,1.9355631019880144,2.411798766675683,1.8705408396377612,2.6749398917616176,1.3789715861027951,3.395680789262006,2.1822213998801465,2.1513513535574136,2.623193369053227,2.0664221578134794,1.9978040085372313,2.4772331090548003,2.304067194600094,2.306481194546325,2.007657586007004,2.5330897971347563,2.4778087768180104,3.055286655999442,1.1817651853757496,2.349016985882034,1.6432612128024695,2.254270595310285,1.8699247803582406,2.555818227772378,2.308381884386707,1.945354003048287,2.5241134471519606,1.7062539962808372,2.1362302111607163,2.4597875665898803,2.3974991887431276,2.550738391941665,2.272049463127384,1.9681238756498183,1.7575556168752422,2.4701043989986475
CHI:48,1.3339999653582237,0.9209177537605937,1.578061729369723,0.9892876042116917,1.1018756199217803,1.4853609751308,1.3606037388726486,2.5017320612511234,1.0740592171194066,0.731357989754644,0.6416727736067441,0.7067975209018452,1.8456182158538832,1.0054425840160102,0.7742608375265835,0.8040907071744778,0.8835454363358125,0.8911428931956569,0.9894405120600234,1.114093773304671,1.0179785769945524,1.079258059065359,0.9603999265895641,1.244536972845925,0.8458421467622557,0.7611980376043883,0.8919721815735266,1.9645611781078047,0.9203897294854252,1.3648238088249314,1.4461633744780624,2.838079518032163,2.0188309627726255,1.4142135252257197,1.5627457857020635,1.2299783051470097,1.3626757636644133,1.1528658861977303,1.1824171035163071,1.3953979072257157,1.7523348106847738,1.082593663972212,0.9607042534231957,0.6801104347109419,0.49001870257353575,0.7135437000346101,1.980491606956303,0.0,0.7260011488499586,1.8173280089416606,3.39848072262134,0.9079085350913633,0.9581859467070841,3.496315412044393,3.3698556942745346,0.7827866325092904,1.7543035385514711,0.9510418934670043,1.0798824907067868,0.8408226386038558,1.4477856076295836,0.9621414575706918,1.0814989739003837,1.0031274607722804,1.031950113003187,0.9300597465851507,0.8278259308218661,0.7919581913186715,0.6714076649892546,0.7783066946845484,0.7860030701027587,0.9125507381290128,0.533168066251175,1.1366680754990928,0.6889824804228376,3.894788893000769,1.2582288053368957,1.343446578562311,0.8339608478930803,3.3666968289859063,1.395712801404363,1.1966381368658354,1.876735001667646,2.1794320584315816,1.4412093870324656,1.4715254281871444,1.8410636635641369,1.9392879023496474,1.245673303524578,1.4814010087520038,1.4131955212698084,1.1343491157405432,1.4226935139110426,1.474291401141829,1.309883569989303,1.4591686083961741,1.218167703947905,1.1324933374156,1.507937368948658,2.3557618967808724,1.246406596788712,1.579950180534198,1.84528953363386,0.971087588539159,1.2199634720921704,1.2336722024959383,3.256904411153153,1.272881677898028,1.5091596021623386,1.7232216625136936,1.305465092501443,1.6945238088408074,1.4249348270088453,1.1974136716622694,1.3008376736169491,1.1591531433872746,1.3069925158517606,1.6849113720887003,2.4185998085553444,2.342227159433826,1.4921474762158282,1.8511214800690072,1.6646594992409245,1.8545313688486338,1.3316792215517799,1.6308030942913578,1.195652832425021,1.7638202114820916,4.230151600309097,1.373636978417128,0.9514129563297526,3.8421670811818442,1.698687902344258,2.5886493183579695,2.849451179902207,1.2396453495634903,1.6006405452405241,2.9986311867919935,1.533263210519179,1.1042171599323218,1.389571170566411,1.8199179824801601,2.6098520397541223,1.1897524840796416,1.2899540357327606,1.8748306760076578,1.1663479338552962,1.2505627072791312,1.400533011540623,1.1393265289713008,1.160593707840573,1.1689945084075348,1.5185214852175135,1.4222161878793678,2.3462813750898572,1.4534766501047907,1.4478513408494735,2.682756749752473,1.2214821420521096,1.5691872738963968,1.4500443580346263,1.3464970124914946,1.1649655223148956,1.3247830537964052,1.3184262734425702,1.2125539889159282,1.6806249459545217,1.3227915638113257,1.4812046093236764,1.1752580334040266,1.239747135466691,1.2300913625755112,1.4424660106193647
CHI:49,1.280912547733246,0.9124901840259219,1.6194782256766127,1.0318650319653326,1.1686074196939094,1.5900500448052246,1.4750695397732492,2.6701720733050736,1.1938331532930082,0.9137279866180452,0.8264373548961981,0.9719657146104603,1.9001955964041315,1.0167064717114274,0.7736825244188622,1.002020554005548,0.6985842303365901,0.8245204726199605,0.921837646628452,1.071337939501315,1.2550734899613412,1.2221783767262193,0.8715566542874916,1.45862070871185,0.7807765528471748,0.8397506713729384,0.7839923103980974,2.1469884272886417,0.7745196995183193,1.278760496835489,1.6061202465400648,3.081422191798688,2.1426009287803796,1.8025594039533748,1.5382302805842059,1.1388848397917783,1.6933358042220463,0.8719186630399871,1.0165741550577443,1.034327575391549,1.7079721861505446,0.7803692101591567,0.7461738062332997,0.5180464496617047,0.8208535273387424,0.4746720682573983,1.9863191245058986,0.7260011488499586,0.0,1.87567605163689,3.394219529955481,0.7394431016520062,0.620948152331556,3.428085349286482,3.3382371202569536,0.9122301316535719,1.831565952062747,0.97325347591633,1.2809809924748883,0.9687024451874299,1.3912530796399634,0.7750824841210808,0.8645522300246405,0.9556351343526743,0.9289437448820244,0.6847919484719365,0.4036779892120852,0.3414882749030096,0.7616279765954681,0.7369980290548861,0.4789994846577797,0.9653586892722585,0.43487603214149717,0.9402399072748492,0.7885830471047601,4.024005387973705,1.3045613607673479,1.4436798948612912,0.9695072529661843,3.2900374933083376,1.4353962017849375,1.1749522499989864,2.0890260655522206,2.309215305146383,1.5272942449289357,1.7265278972733378,1.9514373675717687,1.751683533999312,1.3245920983115973,1.3296351573666843,1.5240646076229898,1.2511377149581917,1.4230791856320704,1.3384380267601863,1.1567859930580948,1.3469133025758842,1.3092285286252616,1.2562665413147436,1.3938484177497494,2.2769597032152986,1.1658948464657621,1.3680860102058838,1.9557081349585053,0.9231476473987945,1.1550212382411895,1.1984515517956242,3.117198023321104,1.084608121953642,1.6433630035404183,1.577012716083178,1.4439876401780545,1.9116490182923689,1.3622476096263854,1.1619077370714892,1.2603770104854404,1.1764690104676412,1.618959073140467,1.8548224622317921,2.3259120321313995,2.1613385137143624,1.3554015823530752,1.9409039822933665,1.5556557858657687,1.7461399289507196,1.461443778883411,1.6512177285906064,1.27417025995383,1.6927270069251314,4.068121135700402,1.483185215697832,1.1314789350368493,3.6979885655042617,1.9881176900862023,2.4495192303482547,2.723648550276098,1.250711964352225,1.6588756254168027,2.9356868310596553,1.7345035609634833,1.0604398169232334,1.3847848602381976,1.7696509599567105,2.782675470438609,1.1770526404605162,1.2307306514966792,1.9634998910082675,1.3261488479635897,1.401477662368984,1.3983371019560022,1.1689543280972639,1.112509438369286,1.034172174756955,1.4642123540223952,1.47112514124789,2.598897226510661,1.4662095621221227,1.592547204522676,2.577557053148589,1.1576141222058463,1.5440879168624206,1.326087111247554,1.3583033098016655,1.3348059118585116,1.2855587385341758,1.5636946922966792,1.4496801039407352,1.7118177154334722,1.3458923854102274,1.4656423053556604,1.245911481638109,1.1485254792310542,1.322623134850435,1.3242320195255015
CHI:50,2.029329431675024,2.003584680229401,1.846505472525975,1.8185950277055654,2.0700147080719837,2.316623573047595,2.0483827093400597,2.8013741866118105,2.1646283578863983,1.853412307781371,1.886520375501167,1.637783714944446,0.9641987702614553,2.090895319979419,2.0233874043848363,1.9321573564928738,1.9566851208227611,1.9463558934357414,2.02481915740963,2.0290582227309804,1.9642799660617623,2.084055074533459,1.8046608956260504,2.10193746840378,1.722460093663964,1.8686459427380337,1.7307281276138597,2.103145579874839,1.6341395946600203,1.2201453656002874,1.519971041277443,2.9875293452404765,1.9717193637472612,2.115164478859178,1.4507406640763467,1.8495252826721476,1.7653181173748465,1.9031562256149008,1.633027374870781,1.4562970755716786,1.941547169643795,1.6924858673136656,1.9895393205771192,1.69843184058898,1.7635910962581727,1.740215302990795,1.2183504357117314,1.8173280089416606,1.87567605163689,0.0,1.9163383470713795,1.703118975363312,1.9834946804115845,2.1522782970930834,2.0224296354829274,1.8481511068678218,0.9805740141957789,1.7008090461791483,1.711316657094386,1.865696836730957,1.2183480994590652,2.112630671856165,1.9823502112783868,1.8928175713052162,1.835985465487388,2.0039430119439516,1.9971637214014992,1.8693671936467329,1.5785240918213466,1.669158494143471,1.9902377596297607,1.7439004759047307,1.8818882026066914,1.5388913822499695,1.6097733235392209,2.3494868776580082,2.0852332584852302,2.4805010647598427,1.9352040903868992,1.931430719828304,2.6394135296362635,2.469689495466513,1.4893158393060713,2.659828915807256,1.9278233217099978,2.0361804388481364,2.4090462562212194,1.7897658292259842,1.2920616643555098,1.651170976848181,2.0121860799663587,2.217657340913935,1.485679460871311,2.4032700220841967,2.074152213542296,2.4387404000385833,2.44191542650448,2.241325419616671,2.6301950773104945,1.7134055346667605,2.3021614593243687,1.9193748575239056,2.2628596550384925,1.8826006400556228,2.171370095845808,2.326226753336493,2.1459197966496624,2.0567296865030666,2.27988548914357,1.5823345733350995,2.1258807963195014,2.4693507698206174,2.6435830633290536,2.3936586950860925,2.392682888995593,2.1061183227069105,1.6246885431875004,1.3809939221756709,1.555205234974969,1.7866593281386378,2.64281294933849,2.4623817045667358,1.6438640029879508,1.293930728032524,1.9918190323690266,2.304082172767319,2.274947779372114,1.5830276878031293,3.0723423275011323,2.047370671511409,1.5996798264188008,2.5063733221037707,2.2581577933655232,1.3996692595276676,2.0435727989242984,2.391681667323075,2.527737617400611,1.8142773837868993,2.3362250092255574,1.8957797903017313,2.727826735975759,1.3985650222789971,3.1557000278902616,2.1972149179852547,2.230642967863002,2.50809073018787,1.9650201726684602,1.923437689907379,2.586881191511976,2.3621586784657533,2.409782600106412,2.0427514598642365,2.6775430786068277,2.54826508158884,2.828358016758821,1.2754370159879984,2.3408246056073736,1.6259320423771526,2.3692421448705834,1.6971096507450143,2.731532354997089,2.43960273596573,1.8466872808705075,2.609511054423251,1.4813291641285942,2.033856674016059,2.541172273125644,2.5585436828119383,2.6550413124802175,2.320907552866228,2.057418141076021,1.8541023310716525,2.607974896796357
CHI:51,3.5218599699182853,3.500142633806082,3.2989847510775094,3.342553402850851,3.582450250370816,3.7838427308993663,3.5127430919774736,4.202584924262979,3.548781430364296,3.3656131812838677,3.395458282793309,3.0902069460995323,2.0090097179825945,3.586393629572084,3.5051005070884567,3.504101254516789,3.3954585977634224,3.4204881921513413,3.5026926950014388,3.487474620703822,3.5338005839125186,3.6193309914765046,3.358124897440909,3.6554223402501527,3.254905475617558,3.467716328394876,3.329600431496623,3.6598423822717234,3.231736494175028,2.6434707555016836,3.0595082938267084,4.38534097819886,3.3255617232635672,3.6863641582497633,2.9697261081092075,3.3225114769864557,3.2579916491367946,3.415727917021745,3.1470458970541086,2.791872437786195,3.427489241317787,3.267843842876903,3.4877143832393642,3.227857779641131,3.365951934950835,3.227140159412157,2.0343336486290604,3.39848072262134,3.394219529955481,1.9163383470713795,0.0,3.171299003873506,3.3650643337885686,1.4193840559663535,0.7412567746003622,3.302744176072887,2.2133013670585657,3.204886338778127,3.2962824932637687,3.41430267779968,2.483611867379562,3.496942449509286,3.4305719351009256,3.294072604099572,3.26970259164849,3.417924439399921,3.4435672795495598,3.42952318743775,3.2031554536573448,3.1092905336082834,3.462042055095267,3.077034212949527,3.410776831672867,2.891275372329595,3.087116220333511,1.3918467196655044,3.5908771121332776,3.9916376254754224,3.4687433361274524,1.091811649467202,4.125378204965186,3.9663067760246844,2.886434777716341,4.120912350131874,3.4436969620970643,3.6316969125220098,3.853479171822777,2.5486733839679037,2.9075117678469966,2.732489140366427,3.5786914344166525,3.7949233300152057,2.802255937852201,3.8105699532532946,3.347361773484848,3.8449316664108313,3.9970647612768717,3.7831913846091854,4.045001633839204,2.085187706096773,3.718933980714435,3.0018330141498364,3.7748200978936666,3.3150066658986366,3.579227900977327,3.8067318497300935,1.4957740969474493,3.3563804191482656,3.921051714818627,2.501943138539514,3.7598045954846526,4.01327721197862,4.0671510271522235,3.88895293979696,3.871064093946065,3.6068372213885245,3.1839555315448322,2.7424994744692373,1.8403804656794387,2.215839249989913,4.0376828551234345,3.9489856192345933,2.6954240052715237,2.2282124646903303,3.5005389682684167,3.8150077869807535,3.8216495432347064,2.571064261728453,2.228377889805321,3.5746296290516106,3.1623030914153127,1.419575773461794,3.8793869544638055,1.7370397058736249,2.047245527852575,3.860257561151459,4.0547458321446745,1.3149832934501973,3.853927576859568,3.310197058088867,4.235872010167957,2.4338981662223236,4.660368559167506,3.686482495299799,3.711735753693912,4.053220036295123,3.4823132858022885,3.4776463697179634,4.0774489066693365,3.8736357452073573,3.9325095885085948,3.4601491695869266,4.097988687264391,4.093660749516313,4.3235957501154605,2.5009891175767405,3.884144085516898,1.3892407084561336,3.8253770546684454,3.0417598305205127,4.1384267796723355,3.9126036841214407,3.404638595521753,4.097620522715321,3.047448552157933,3.6356797908777065,4.064931734062005,4.036705316937385,4.099971132777601,3.8379091435917334,3.5191943126799434,3.2590339370286845,4.014975180182845
CHI:52,1.3999323760352453,0.9427878049779543,1.7199042524546013,1.1925513905917136,1.3235622271639953,1.8207288501026806,1.652769310733972,2.826480834698652,1.0391783273631152,0.8272291402549022,0.8533708298073175,0.8033195471486249,1.7839182617809333,1.1295405954438298,0.9209926742219016,1.0495812710235835,0.6487057183144641,0.7741344341388179,0.9461721080753808,1.0303908660968208,1.2879346917677776,1.3647049733325558,0.8536466878410175,1.5997368338636346,0.8292749572806999,1.0449655766573898,1.0612090615911633,2.2880974061510457,0.9300014939927008,1.1793016305663329,1.556135638329694,3.2055179257057924,2.24928506275563,1.8682510185344796,1.6721335847786296,1.3355913242763813,1.771319580882466,1.2432715964482348,1.20734190765971,1.1400467808793202,1.889769281929304,1.0537311868554862,0.9754852071306712,0.7348611531293204,0.8108558321586289,0.5132727725994686,1.8673344491220458,0.9079085350913633,0.7394431016520062,1.703118975363312,3.171299003873506,0.0,0.6296138083560556,3.210218703648133,3.070298455628147,0.6607406602450475,1.6087263936612741,0.7967509450262747,1.2086106635913747,0.9865926873760792,1.2140711198935403,0.8518611834737345,0.8683479492346656,0.6293081389903559,0.7591194666489876,0.680162557696841,0.757688758442298,0.821935345728366,0.902439452101233,0.46897919728269916,0.7688634575984609,0.87652555644455,0.6286193589592127,0.7695250825895408,0.6232598460984825,3.7387388208970944,1.484814171242502,1.6297566568549562,1.1102754173973548,3.0867168673802574,1.6642988507613528,1.4590027337481624,2.1002002460117573,2.5395583337601475,1.6695739211829146,1.7889866955598335,2.114308077635533,1.844902593823687,1.4320682919270213,1.4108592731945313,1.6093280003344734,1.5080692281110593,1.4900644902812996,1.5550192253551725,1.3063095257285886,1.6242294694871189,1.5138738306515667,1.417744532475438,1.6672213246312686,2.2847998424084675,1.3222488187764507,1.484275123565001,2.166688969201401,0.9321741936918845,1.2371012459553203,1.4527796881152177,3.0133599870794776,1.2753913309312068,1.8959094567358783,1.5657199878094523,1.5165806171253517,2.1133469162534215,1.5856997583988715,1.4440786657652265,1.4995137906619715,1.300416658080364,1.3875534800397327,1.6741852084214344,2.260641070111555,2.175694885712986,1.4399895301529104,2.1849906920261946,1.5957687890975873,1.6797312353693792,1.6389514623855361,1.8712735446176503,1.4422357475524465,1.7044491162513127,3.8536197211630694,1.5890928753755167,1.230494500242072,3.4904402444832123,1.989920666573398,2.3414326996507238,2.6877246362799454,1.5440479743451976,1.8878113966698513,2.804857865388489,1.979460537831438,1.20367453031987,1.6798403905031232,1.6608532436715546,3.009058744111065,1.3085150633734224,1.3114847102487501,2.1618830388134973,1.5680272775800272,1.624523281146413,1.6036999680744073,1.374282637064121,1.3907558858661109,1.1548392164720906,1.7073249666230033,1.7711866821256486,2.786874622875583,1.3896583502623772,1.863677772296768,2.4679058669230227,1.4661029708695852,1.556116589904117,1.5683588782302171,1.6243043394029406,1.3444296601453352,1.5147511850104192,1.4850288162265008,1.4359626905025933,2.021824644318031,1.557465697389204,1.6750005110001236,1.4361632442003656,1.3038377944200448,1.2715602416586758,1.5502840995141325
CHI:53,1.5215046654080342,1.034743412362667,1.9663727275686267,1.3464193135809395,1.416495791053072,1.9338402825593275,1.8290984247725888,3.0141147668623653,0.9882916381952742,0.8506589478470988,0.9657359454110853,0.9323945023844072,2.0069676573327735,1.212095719054076,0.9135029284141414,1.2094393659222316,0.6608143004984879,0.8205852910291399,1.009520702386692,1.0842786578206989,1.5143887297638308,1.4933632649722441,1.0137590827072465,1.786001755334697,0.929076149464298,1.1230527951965468,1.1721192379401035,2.5433039443600673,1.00825113732226,1.4374052054338529,1.8566802506860596,3.4548517392793863,2.491339047179822,2.150896132870124,1.8983763771623734,1.3720607993435647,2.0317173270137645,1.2023398273403394,1.3085143769568388,1.1839460878073296,2.0380412024731562,1.164479760845058,0.9829288344544258,0.8032158803796559,1.0053981350670593,0.6446818190694484,1.9015552702831873,0.9581859467070841,0.620948152331556,1.9834946804115845,3.3650643337885686,0.6296138083560556,0.0,3.31561099629267,3.2137243310020702,0.8648863704692291,1.874367245649171,1.0621429219115803,1.5123483218587,1.1311069311472532,1.3821494706305786,0.7754364547376075,0.9353300448096686,0.7938916282285035,0.9463378040098455,0.6440570422100796,0.4444517745259511,0.6837765163199419,1.1026568029800627,0.6074141610338981,0.5875961024828543,0.853090740143714,0.5846798827946491,0.8796416775251518,0.7078016145686435,4.02792341517903,1.6403158893766603,1.5762298249965623,1.0908949378112325,3.2302488683771755,1.583011886159847,1.3783557628787748,2.398436190863069,2.655486446736859,1.8396220905875023,2.031641042903533,2.238483660152342,1.7741352551067442,1.6386775186867182,1.4045364701166447,1.7325319192683826,1.528744496851989,1.5963531547423402,1.4028736489331617,1.2388738679611528,1.4753125382267822,1.4875689091874582,1.4280172374988118,1.5045230115708987,2.289965031047734,1.1941366939498101,1.338078493554302,2.3185780401258413,0.9717829681317011,1.1852392955504398,1.3533594783995484,3.0580228531646343,1.1191826063304227,2.008459288879707,1.528662454239265,1.6443431069303278,2.2249215562650506,1.402496553593051,1.3620260431001385,1.4189736518291385,1.2720981643059346,1.6305614137358309,1.8796399016510996,2.3144058650971284,2.1371340039749183,1.2501312283807982,2.267422706561812,1.596352304039595,1.7848782361082705,1.7283426576343859,1.8996987199662383,1.4448794505171896,1.7122994456380536,3.8652248676879606,1.6959905903297245,1.3592710292244992,3.575206245265018,2.2428807948880736,2.4919939550289234,2.66898316244811,1.4719672144791014,1.8403702109435962,2.896628387447037,2.077834779151821,1.1749835700885598,1.564361470328552,1.7279499901476645,3.1588701792872946,1.218999932436466,1.2639444733486478,2.2705956236428513,1.6708791259609328,1.7449970273396918,1.5100925455428889,1.3196793008819574,1.280238021708329,1.0332994763010626,1.5449042449929087,1.6971554505284538,2.9791948747085253,1.531144283632578,1.9096924648937441,2.5506289210367172,1.339575550605543,1.6937683840536644,1.3494012773347173,1.5320563782250285,1.4866561815562689,1.3570651049346119,1.7605232419052543,1.5915193892524342,1.984620315887701,1.43548170943271,1.5774998643376579,1.4241572565134268,1.2520438801852671,1.301668441605146,1.3287853542540287
CHI:54,3.7224119265905142,3.628912271185962,3.5811598504315194,3.5719682611970316,3.8441302873630767,4.108167441771159,3.868513642189133,4.60727135337252,3.5802931140311975,3.378800560984011,3.527022133623318,3.1194683233330194,2.2867726404493287,3.7820962613901274,3.635465804822351,3.683001227187418,3.4727939218679897,3.517181619527446,3.662280275975411,3.656940974293512,3.8062308774291154,3.89131994020668,3.521748735236961,3.9901083180978296,3.402054642728154,3.6458893299342674,3.536715162414088,4.063645798910148,3.382373583216338,2.917841682657241,3.4542571964011364,4.7503345304020534,3.7360374828493184,4.024347377515476,3.2011961522660206,3.285499231219861,3.5434505951632653,3.5687908913590034,3.2404561719001723,2.889269820493505,3.6804884013664676,3.387751344607632,3.582211890924199,3.3544902123021316,3.4888472336674,3.290639989190076,2.223380109487952,3.496315412044393,3.428085349286482,2.1522782970930834,1.4193840559663535,3.210218703648133,3.31561099629267,0.0,1.1873973744425268,3.4178577025110526,2.5803470542875098,3.3933625111602934,3.582858173187174,3.623126614256326,2.797689586202924,3.6053191895159027,3.585345321566937,3.3920283473432313,3.406635739385989,3.4982280145907634,3.477358563592197,3.463301592172222,3.3285983486457718,3.1344032068201875,3.5352391929454408,3.1615253337418165,3.449474722687218,2.9010675941298203,3.137117123687601,1.8833920934453359,3.8420238073671173,4.147931934339234,3.582970932696458,1.154028853212891,4.253572802326714,4.052858082464908,3.253758538139224,4.461654898172172,3.7263635812655647,3.935627152970151,4.180419048126715,2.760041267529419,3.0977545718570094,2.911982372030679,3.8256463440074646,3.996943741440482,3.075590495142262,3.8921015851762744,3.4443513695007106,3.9510942534374456,4.1370285887805975,3.95620682711702,4.168901186343635,2.3009248882442055,3.8063444972829514,3.0187504267916037,4.084589607813984,3.455274804608663,3.673676330848567,3.9426598331465983,1.5229504395787412,3.421988303294998,4.157244788644894,2.5501298128921635,3.948561877559185,4.343370345791054,4.1135575774134185,4.011414672736677,4.025922182583829,3.68114544764926,3.307630465160022,2.9763451444017,2.0339557691669774,2.3353394150286766,3.991533991954475,4.272244015118834,2.8463620220269337,2.3773690124295634,3.7910569761054664,4.05688372616767,3.982035890373171,2.7504621315938764,1.5401256159567027,3.849185591772949,3.3052538472298307,1.1463895307423766,4.140082196400653,1.99329373850437,2.1766394352382887,4.0330392345032084,4.255924213016278,1.4530703709070159,4.199663977958707,3.4117624149663235,4.336006287064955,2.5379136442655605,4.993728471289968,3.7404034607591674,3.7858230023425765,4.333205209238631,3.756354118268697,3.770356918262168,4.200037068047483,3.9777676365423917,4.016826678289283,3.456831552711991,4.191692004179105,4.2729116412381165,4.706051863375416,2.7322746152846356,4.165621931904724,1.6411909902377582,3.9807292245239916,3.141328274547735,4.171693404781572,4.0922245899761185,3.6196856070140706,4.12956901204579,3.3201510449406064,3.776670671762592,4.299442150274819,4.151898919237879,4.225008655208262,3.9992757575249214,3.6378645907277587,3.3912001687157938,4.040912174486665
CHI:55,3.579219536035532,3.453513515799573,3.4784510332760075,3.4115316521992054,3.627423478645913,3.906816954712762,3.645660882051124,4.466784413907913,3.380294951777001,3.246565202240226,3.368211684422555,2.996703533847078,2.079101170606778,3.5838835280836463,3.462337415409072,3.512896334014999,3.2982805067617096,3.3569277229584222,3.4633236782178023,3.447999577835157,3.5957884882084685,3.676122488179958,3.3561199684385485,3.767987210273417,3.253192885803718,3.4985421774395147,3.388006471435092,3.9190763187266517,3.260031911979933,2.6932935523999966,3.2252025337126544,4.707925240534277,3.5860802732572035,3.8056686809431364,3.126896390549236,3.2909578179157863,3.371017465724143,3.4503058120285903,3.1834519645866775,2.8086808438618878,3.578824022156321,3.3106468741995556,3.4723295596569477,3.2110088552867073,3.342769761861901,3.196658115931951,2.0602225289204337,3.3698556942745346,3.3382371202569536,2.0224296354829274,0.7412567746003622,3.070298455628147,3.2137243310020702,1.1873973744425268,0.0,3.2281792447194273,2.3031251545709734,3.1961615666924916,3.397349330273417,3.4086717448663535,2.502689318201968,3.4150565730806144,3.391216438203077,3.210647428694642,3.227387916571673,3.3360926847039627,3.364140902859783,3.376556492856134,3.231861715104542,2.9932694115383005,3.395379240783425,2.974078682229867,3.3310682971355328,2.752667366989389,2.980461214978157,1.6099272708599353,3.6719106538612754,3.937629654078233,3.4127153260183505,0.8615722259914699,4.06254730747578,3.8982626318843834,3.1198448901999933,4.287721800403296,3.5423763895781506,3.7352381592957666,3.9776752082505533,2.461324420510931,2.95059773541649,2.6735472282203587,3.6136233001478475,3.849526871643842,2.828495886401182,3.7019805842035645,3.2329103277233533,3.7600719899913337,3.958779321150608,3.7514412999082762,3.9675402130820427,1.9736889072836354,3.608819065360807,2.8329423328853918,3.939833828914123,3.2481635756314753,3.472050322809147,3.752325573864715,1.2686856557814452,3.2375425588928493,4.048744206774211,2.321418737946225,3.77570004120573,4.151821829186545,3.9345268362671497,3.8397900103628992,3.832221361011272,3.4974795308286604,3.1064620214663505,2.7103821184486008,1.7212328224532556,2.0694529054972404,3.839069254704003,4.097144789553008,2.6166916796554975,2.163824578613157,3.5881464307020106,3.8444087551483217,3.7908346143574914,2.5055391994779357,1.740996032209169,3.6065739268326604,3.17161796508121,1.0599749143966355,3.9474297376853023,1.720896725856512,1.8768844544349947,3.835817138173317,4.0570615645624954,1.1001671171324616,3.9859249177955203,3.234537777335403,4.170180838800022,2.2821961008897196,4.8799235240397,3.5592612188858768,3.606469232379972,4.169056816191518,3.5561651952192026,3.6061141811080906,4.010923699497528,3.808761655751224,3.8748682099024454,3.318791190656305,3.9935862212442,4.0953822824554456,4.558488288103066,2.516336244199581,3.9599672628713503,1.2986502280514016,3.781649850732025,3.0143609310160304,3.9998642947285172,3.878002118267923,3.393247587255065,3.9757340782490465,3.1175484271844773,3.604875524696407,4.12588597856948,3.9560715033192864,4.014039990245685,3.8003699123230468,3.4447132830928333,3.1446357137452403,3.8634702974860327
CHI:56,1.17418552246881,0.6253709248014039,1.6625289116471222,0.9387508561129495,0.9608405808664771,1.5558946796755115,1.3887308150791378,2.5778897011508075,0.6255110957235545,0.46225725503265885,0.48098481444386315,0.5987821284604129,1.7540107982166713,0.8482673752257248,0.5989575355399654,0.7712198891069617,0.4151442296413361,0.4604686595635812,0.6588201320721844,0.7318834329130808,1.025390909275656,1.0511934895962713,0.7335019136960165,1.29185992418136,0.6853487358795373,0.8805477452252187,1.0014427649694997,2.0952007879647594,0.9523735873307989,1.1680538162535603,1.3819136791087716,3.0007233738417245,2.189382107239455,1.715744914216165,1.70766589194279,1.5883932248208077,1.7772999827111362,1.1984674284523946,1.2863806823846962,1.3728346378821081,1.6919690825182914,1.1418137212884116,0.9766400898336649,0.7010557126195814,0.5709266138213369,0.7294773103831667,1.8340400686279201,0.7827866325092904,0.9122301316535719,1.8481511068678218,3.302744176072887,0.6607406602450475,0.8648863704692291,3.4178577025110526,3.2281792447194273,0.0,1.51179366512101,0.6540884799011654,1.06862112824604,0.7640538611562065,1.1750161903743437,0.6167057982712161,0.701440100324414,0.3779757927756201,0.4767396347296557,0.622171502740285,0.8730039349182636,1.001332162973464,0.9809030607131903,0.48212802140025285,0.7362739134694998,0.6492516171696037,0.7184686768404289,0.8162603262282465,0.5701016312169651,3.7792984602403763,1.31640232890738,1.3313714534434158,0.7864825330049011,3.2505323642891026,1.4015016946413081,1.2586630258245837,1.964893160463706,2.3111773218668104,1.487874837400157,1.5538500064679974,1.8546907147924345,1.8699215605380426,1.3350193260836967,1.4135912885760413,1.3602247618089487,1.2229973215938137,1.3428253462427961,1.3957583805479443,1.2533601192354271,1.453484150700722,1.1891022388278916,1.124869083402613,1.4642604895598084,2.2684100136158682,1.127749576512735,1.464111452915146,1.9446734237133918,0.7516881081723117,1.0758335913109731,1.2415412700230657,3.138753020714632,1.1731811867298056,1.6689270060141232,1.6285535518969092,1.2812491886691206,1.8126932386100807,1.3336901932143184,1.2108799370665089,1.2433933320885513,1.0935993091370275,1.2615616039686512,1.5320639331822101,2.327793662166209,2.241072950051595,1.25375651334397,1.9113307797985388,1.5414778791114838,1.6972807878112022,1.330996285967894,1.6254077783464267,1.197618595034505,1.6521058982343946,4.055730382605886,1.3152281606444232,1.0299826272187267,3.6880868341745865,1.7058355722706844,2.4233940010012054,2.71471825094829,1.2575580903517527,1.627561953570763,2.942223685627688,1.6459703750026813,1.1112165572584014,1.4365196237916757,1.6769417523653445,2.8085655207849913,1.1619363910523406,1.142565521830138,1.9570597075257656,1.3167924806710396,1.3143350302598997,1.3590138584083473,1.1431757746686164,1.116941988368607,1.1097496467502663,1.4933707035404322,1.4696128170191127,2.5362319970434974,1.2464746739307506,1.5557491078832402,2.580799032949938,1.1747634170612709,1.5265520170045235,1.3594606739087574,1.313296392578565,1.070220804195157,1.306617248586875,1.2953434318753445,1.2127143189885075,1.7320991656111708,1.1986012608360306,1.4224887645285833,1.1652407685528237,1.1097645205726816,1.085816235695585,1.3625448397111688
CHI:57,1.6274370164160334,1.6490103234522206,1.7253784588957313,1.4808426903532177,1.6318136788737385,1.9804112375955971,1.7000305999241996,2.514173153582506,1.8423234101816706,1.6421532118199544,1.552045456499004,1.5104420380592156,0.9471034508816358,1.6781534735793129,1.6588568315175884,1.6146945597393367,1.6413438054947393,1.5689200209252971,1.5843926923727383,1.5481662644176981,1.6103531118613377,1.6957710502574073,1.4419079964773487,1.741636275488287,1.3902681441188727,1.6332815730286119,1.5706956882674785,1.9619132444469753,1.4681137403561122,0.9153926121003657,1.1285948914852948,2.846670514717815,1.9619803970844552,2.0527619769950327,1.6304110766965876,2.1446184810767734,2.0085198750911637,1.7480801256332776,1.5992445777957227,1.4936980007856404,1.7153580171355471,1.6586041435359489,1.7953648720393205,1.4998622375359407,1.610251148167351,1.6441065334652518,1.095602137064821,1.7543035385514711,1.831565952062747,0.9805740141957789,2.2133013670585657,1.6087263936612741,1.874367245649171,2.5803470542875098,2.3031251545709734,1.51179366512101,0.0,1.3004964311226854,1.4171230999304447,1.5249191160799433,0.7580206368826002,1.7096238602433718,1.5539976217027827,1.5079803394537759,1.411820981374066,1.6767241381228377,1.8370410226213252,1.864004597667476,1.545584100226272,1.447425880919614,1.753460253669766,1.5273645220298877,1.7776717167641671,1.4453035504626708,1.5140187390866462,2.6808636278624136,1.8031601284262533,2.052257340242793,1.6626664238363738,2.22045251322902,2.2280726552626127,2.1432201262695445,1.4012534300583677,2.4021850125642215,1.523100347741731,1.7073163152286972,1.8943095146486175,1.5992215901761868,1.2689588219133563,1.4050246974715888,1.5625007402509756,1.8569913617592333,1.0369436402513934,2.040927188694686,1.8228792955472706,2.0677442538509574,2.0092475430914503,1.8559294545413825,2.2212747758274505,1.5302528578812549,1.890284532914482,1.654006937956033,2.0266231722211847,1.509593835828006,1.8068013863752777,1.9455698301383835,2.2682163431218374,1.7186245555240396,2.017737537473958,1.4620782359342133,1.7014701087440232,2.1668573898369763,2.2493986061744735,2.0213955835838773,1.9823475497976042,1.764929040196853,1.4401790824075118,1.081707241827922,1.545489327005997,1.683211956250369,2.23949400989756,2.115790750832911,1.317654848333298,1.0911409790050246,1.5102503992557719,1.939232306446296,1.8832333451840362,1.2483657561183878,3.382449156360755,1.6037996398515029,1.5013463293692595,2.8290491310030905,1.916449964822735,1.4037271204130077,1.8987119758869533,1.958540259701195,2.153344893135702,2.059363737245996,1.9631586256873779,1.618432432417234,2.3440342244874928,1.1888568289604344,2.9043578741323555,1.9159435204465258,1.8416943589372243,2.171603921240083,1.6625818761653322,1.5170886630913614,2.155401957690563,1.988060306432922,1.980292038961448,1.7955497557895583,2.289759162396895,2.1503544925278626,2.588495789090331,0.705157654376146,1.9611669345384373,1.7576203281197453,1.9308673168216608,1.5724171032401013,2.347755128343769,1.9919644264682805,1.3810964086448276,2.2736497074127384,1.1942766724663652,1.6790260462505826,2.1748296816289985,2.108985556450571,2.202799683072354,1.9269675435568472,1.7082227809856119,1.5254029890154481,2.2376506618159118
CHI:58,0.8603003188266608,0.6008549200760008,1.3244283916048667,0.775574253891847,0.7649065818417381,1.254770345662796,1.0707391415405902,2.2278833545413357,1.1153410377948778,0.9001431216596407,0.5480357331243597,1.008724625852062,1.6997399670686055,0.5938210055752026,0.5835413872241446,0.5618425845027055,0.6977741537151733,0.5247639824020399,0.500194835618481,0.4871586073863158,0.6768681914921311,0.7622229976758514,0.3097106350878627,0.9870999651972625,0.35636363759345796,0.6277298489870672,0.737810341414177,1.7969272309294457,0.6270898373139668,0.7990185576234808,0.9539566892560453,2.7012121386410377,1.8037139154930297,1.5120484969416552,1.4360671592311984,1.5473032451845037,1.6793969221544354,1.0137114719901597,1.0440946243664324,1.262906201352149,1.4834859218391707,0.9437263477206708,0.7633633829991519,0.6099569902694679,0.7142825303966776,0.736775324286222,1.7171413362935928,0.9510418934670043,0.97325347591633,1.7008090461791483,3.204886338778127,0.7967509450262747,1.0621429219115803,3.3933625111602934,3.1961615666924916,0.6540884799011654,1.3004964311226854,0.0,0.6465464991743036,0.41192142380202873,0.8987072100852531,0.6913701288818279,0.5097985649459478,0.6069118785225971,0.5700529414170308,0.608992054694863,0.9104900626529031,1.0154297619192598,0.8729111634640749,0.7113312437003049,0.7369086175242419,1.0403044368733085,0.8127643446847646,1.0648048829250603,0.8776058285146316,3.8103660513119966,0.955890586874333,1.1232861634499671,0.8579728862349499,3.1594125870687395,1.221293448894079,1.0950479752007607,1.6236443286728661,1.9357778372528667,1.0066557932422078,1.1660546810117096,1.418651482475984,1.6551670694373235,1.1567308905620008,1.1826141478565366,0.9301230160880589,1.0285999832508992,0.9798319014829058,1.1997433553045922,1.0852424189469134,1.216674561299421,1.0257711356016626,0.8775227165492069,1.2462438930156203,2.121312079683514,0.9674094205930108,1.370082064029071,1.6136787444078355,0.5496237125046713,0.8654268543707209,1.0118410660071522,3.062234390471474,1.0169941917277772,1.4073394022905616,1.5126357853852281,0.9181312972958383,1.552336790148845,1.2728091672358615,0.9978075876893044,0.9930448901144193,0.9187676781487536,1.0893517285274434,1.2609397538250533,2.1659232596199316,2.0962219330529934,1.35048343191177,1.605034800828808,1.347006762884553,1.4839700038383667,0.9442127364668851,1.3084968881803853,0.8913436294594564,1.4925549662527102,4.196722912067283,0.9190499741172837,1.0220427471553173,3.7307483851207226,1.5026216857814119,2.255413705960589,2.5783561656339935,1.0363278860527219,1.3946922148971477,2.8450010408580426,1.3791886683996974,0.880607630891412,1.3062347450826732,1.4696960622827386,2.411680817997921,1.0419435408339486,0.8974602838282624,1.5220180919124162,1.00100168997261,1.0417952083465907,1.1359609147741312,0.9374573829104632,1.0160543997230356,1.0025600508647232,1.3185868833401133,1.2458802347293338,2.1849181397679325,1.096883735250726,1.2429205380342023,2.487594954327657,1.0221331552234985,1.2755666054279091,1.3326427063131283,1.0974715647301112,0.7563979383431901,1.2325573847382587,0.927468583889375,0.8974309166209403,1.4790802083871266,1.1319542555654885,1.257279462382244,0.918090028375497,0.920336469717642,0.9070906577962231,1.294577969432999
CHI:59,0.9774774858122988,1.0197418637133062,1.1370399332288268,0.9046964006173278,0.8777961801868542,1.1303792804222503,0.9045376221951624,1.8626847966805904,1.5405522441093773,1.2745596834164425,0.8339567603637533,1.3085125404676203,1.848095719329048,0.8678599210952436,0.9874267112963108,0.6383377941852691,1.2041894886711186,1.0148374192043819,0.965168236560709,0.9502401656352009,0.481901368917923,0.703401721840623,0.7306649129243769,0.7249391887255346,0.7522834029260251,0.6480946348582574,0.7700829116115698,1.3756047260593784,0.8019181935810457,1.0280364368489034,0.6438368966385389,2.242992251539129,1.4291050373935759,1.0978909870329716,1.2861837650558487,1.6431955287423623,1.3578100895263268,1.1756665208056587,1.1365477350185271,1.5194501765103132,1.430972574726197,1.0705248101739162,1.0128200281847173,0.9196528726281665,0.8234239660818347,1.0559355195651583,1.8991825372864266,1.0798824907067868,1.2809809924748883,1.711316657094386,3.2962824932637687,1.2086106635913747,1.5123483218587,3.582858173187174,3.397349330273417,1.06862112824604,1.4171230999304447,0.6465464991743036,0.0,0.6243778324115912,1.1660234263258138,1.1926720179970913,1.0237787335660058,1.092515721777112,1.0758745899698319,1.1433077280231825,1.3016208672527494,1.2793831208832953,0.8983407449539951,1.1759208911378414,1.1500122295697355,1.421182292037077,1.117926128437409,1.5077405674970086,1.2280706815751874,3.8586296798692072,0.9016676282305215,1.3048172295063791,1.106425697039186,3.356561304353045,1.4247807494667666,1.3412874627859,1.3273932573649558,1.6870024467005038,0.9171450963503576,0.8986404020869039,1.2761093194688726,1.9686803725906314,1.1731964225410163,1.5117378150776102,0.9460514405421974,0.9924335683290747,1.1527351851972323,1.5428863025730768,1.454335042091706,1.5171367580558541,1.2087322605978976,1.0183647299272334,1.5316950743656215,2.374276768441333,1.371665448648849,1.8076022894158892,1.3912751309590279,1.0030976200237756,1.2808643900296945,1.2450467993890506,3.328706513834003,1.464888382655032,1.2069561263925124,1.8687186445393469,0.9552439293253989,1.2484484530719284,1.6436619455773758,1.2499038835289573,1.2196416005834607,1.2624264714793347,1.1395197623057582,1.345792680916069,2.4091371146937086,2.406116222543149,1.848569765285765,1.4395707400398243,1.665266934479434,1.766336976495859,0.8820056115826512,1.3658376703692077,1.0256832469034327,1.7691369371693118,4.54000322165194,0.974822111605945,1.0774656680708432,4.013658950005787,1.3307807224686319,2.478508162530303,2.8606480499599263,1.2491550391231512,1.4642960977618034,3.055065782567468,1.1471099192061387,1.1773316878685574,1.5180153537379475,1.7671804399220559,2.016369581224785,1.3644297403803036,1.268431734395506,1.3250346961930208,0.9350273786485586,0.8563807433064371,1.3761823503743134,1.2017168744863869,1.3281049338715003,1.4132694177451877,1.6130940297130962,1.333928967886375,1.7370815137233833,1.3265946618869464,1.1502156223219107,2.715450808630314,1.305117071290217,1.4310234854607764,1.72209641572447,1.3127520470577507,0.9074223476688726,1.5520628890222727,0.802868540926168,0.9404369798854697,1.4716673859062999,1.4241649508079914,1.5505303833655684,1.1183330050071372,1.2449870857343335,1.215860788001768,1.7010408675049418
CHI:60,0.8223414858476178,0.5612960856783518,1.2819363226807068,0.7424533786163835,0.5937825384990413,1.0504893814050202,0.9053477806774075,2.075110865659328,1.0950287361917275,0.8952024189097472,0.5077754332706523,1.057552565850357,1.8553574434758995,0.45146248103290565,0.4896409120342544,0.3226694417709908,0.7753904358365641,0.5775834140750147,0.5205866064516357,0.5231397179440623,0.4649967192081795,0.503071528636303,0.44120659730252165,0.7546864390123986,0.4380914446852985,0.43978734980420603,0.6647610848966777,1.684787449310221,0.6481195218215396,0.9982280270629711,0.9807364338288791,2.5778460060379262,1.71615009063508,1.3069533788346817,1.42196683663972,1.4810090230751112,1.588124191709739,0.9249611715413726,1.0060655936866354,1.3923206672922481,1.4557760354866884,0.9512731720988098,0.6909489879449622,0.6093066913433829,0.62383284465863,0.8360474695932137,1.8978428632485562,0.8408226386038558,0.9687024451874299,1.865696836730957,3.41430267779968,0.9865926873760792,1.1311069311472532,3.623126614256326,3.4086717448663535,0.7640538611562065,1.5249191160799433,0.41192142380202873,0.6243778324115912,0.0,1.132948203132095,0.7461769346157389,0.6656100665272284,0.8157515357544719,0.8086401484257336,0.7058356401595419,0.9200332319996006,0.9843140226342967,0.835489672507611,0.8667400881741272,0.7146584357326837,1.091702895042709,0.7674161199356435,1.230038134192377,0.9172092212089629,4.0096005969189,0.7901130196865905,0.8685958452580331,0.6598989761532046,3.366102444272901,1.0234218703852076,0.8884819083766805,1.635797009503151,1.7125163380410575,0.9491946227719605,1.0252613261434111,1.3177562034547707,1.7084565203148099,1.1474060544389406,1.2327685290073942,0.7733457326636684,0.7719440437041195,1.0147963717306896,1.0394093866507086,1.0547160410621979,1.0348599443380118,0.8018147399337466,0.5702491923397739,1.0440910285955194,2.2335320102729437,0.8411908841535523,1.4206626949076626,1.4377615846883047,0.5076446829042306,0.8086793559667855,0.7791390385516187,3.2486901374531287,0.994561291414302,1.1944723816039338,1.609632659314504,0.7602124875763819,1.2859920449629112,1.1217187573965712,0.7933738471010084,0.756112298829433,0.7906904761330642,1.0591408457324045,1.2968466191753438,2.2929704887443862,2.2106127249147822,1.3393399822558927,1.392888790028722,1.4145354000889763,1.6592094941156454,0.8074464393105587,1.0782873388640792,0.6240598977951962,1.5483460657680863,4.448156193010437,0.7422197856072033,0.9330582927730314,3.9807472502158396,1.3848752519462513,2.4484330957535674,2.7102737761118285,0.8255390253477302,1.1017057831137744,3.0016513782038885,1.1261928021829157,0.7697128874435514,1.0985036134524622,1.5728564666561111,2.1949998585681665,0.8402788815998835,0.7618977259641576,1.3089047203661845,0.7597158715155481,0.9115766477484613,0.9347946640575318,0.7513669022006287,0.9078719698772851,0.9455343529488037,1.1146180392626532,0.9483054682119394,1.9839541039883068,1.2900764830068685,0.9626806007032587,2.6555264859654084,0.8168000355172422,1.2568276799419322,1.2134980186579079,0.8535315865510277,0.6511475952276655,1.0510666976597156,0.8969095002661172,0.7664901289953493,1.2229193839251435,0.9349906823431839,1.1105083106995775,0.6797532478109187,0.7736267723558315,0.8113253294615449,1.1462902292171322
CHI:61,1.3458609429920667,1.248945196582363,1.6180876699992073,1.227443586526333,1.3033090675071322,1.738578350370099,1.4980158310995,2.5009068865348376,1.5039711839681174,1.3109270668349962,1.216747584529614,1.285124228383101,1.258175918040932,1.300576557020944,1.2502182742845462,1.292745122695516,1.2098252175337625,1.1390868924519562,1.1548814491967951,1.0938878312871778,1.3575523031309833,1.386858470745125,0.9845507471951688,1.5203713581728018,0.9385262528936189,1.2154124792277696,1.1488147299589127,1.9827636629269618,0.9754598353454528,0.5700072973550162,1.0560392509787326,2.9543973123773806,1.9223244030991968,1.9689009142524532,1.4700321238316716,1.8375904482961087,1.888069684080164,1.3020072970201557,1.325363027319043,1.1514160775155247,1.595545843800801,1.2612445090371327,1.3601127394612518,1.1029726986691046,1.3044184123062046,1.2143048089939723,0.9840455837063543,1.4477856076295836,1.3912530796399634,1.2183480994590652,2.483611867379562,1.2140711198935403,1.3821494706305786,2.797689586202924,2.502689318201968,1.1750161903743437,0.7580206368826002,0.8987072100852531,1.1660234263258138,1.132948203132095,0.0,1.245232495272017,1.0707352520472777,1.0947353355173544,1.012459407163455,1.1916497385712517,1.3168767482037365,1.3787187626167183,1.320700929071765,1.0828727065804442,1.2631289071803287,1.1870556087091981,1.3625683933675665,1.0965502735426251,1.1522969561148033,3.20533871184876,1.5293706937696114,1.7371686650298461,1.340674365110961,2.4923263377907605,1.8679381861859279,1.7658191684262972,1.5793244839588554,2.270729679252693,1.380176678427547,1.6151214392703264,1.7907029596927668,1.3192983270653174,1.2050741734938768,1.0867588848455987,1.3687663837892312,1.587999997328321,0.884822141446128,1.6462809085084356,1.39548249740013,1.6907224753154424,1.6985630242484058,1.5116234503448327,1.7957322415746524,1.6153255370639303,1.5041998251352813,1.3382521455462757,1.922407436299893,1.0775247880338794,1.3631461216037808,1.5673659808042029,2.438402621902934,1.3073699114700583,1.8776952687904043,1.2363829251509382,1.500695227912663,1.967589413938783,1.842342340176182,1.6295304217288984,1.5747454906549987,1.4299952228891057,1.3326596016779664,1.0693700077207542,1.6235050000785312,1.633726030426088,1.862766956281573,1.957710043606724,1.174640592474372,1.0134717221455776,1.312618289638489,1.6989598035599014,1.5318897394161421,1.234853388021245,3.562028770060945,1.3553108607960977,1.2852427581902313,3.0441049207430106,1.934183016807345,1.6320117680466557,2.0192859603775486,1.6235125529260996,1.882397882901601,2.240565911544742,1.8050499203686645,1.2628676159039833,1.9819685665372815,1.1055129542821587,2.8341550025674587,1.5474174996333274,1.4517979045620595,1.9805862870791175,1.4510586009616657,1.375576980563065,1.780395822726779,1.6110363822796943,1.6247791018517348,1.411094609067353,1.888155015238319,1.8254521987318275,2.550252803293048,0.770279995971117,1.723846879026167,1.8885056509854623,1.5723987336784901,1.402930730773949,1.9086662366241576,1.6430221049750124,1.214382868019695,1.8619731972449438,1.13251576292754,1.4796609054823182,1.8922821663436178,1.7361816441293074,1.8556712759096614,1.5782461350449335,1.320093194291335,1.1864266362562796,1.8299140167024557
CHI:62,1.0605900661859937,0.5865732387219071,1.7072464116030204,0.95081217626491,0.9025143039017444,1.466558175598874,1.361973318669268,2.5998926296744505,0.8774501408192888,0.8116062014043541,0.5707857484887124,1.0193372704272814,1.9780985241164748,0.658767908132199,0.41299479182860804,0.8109994079866156,0.3889825849499963,0.4263400568282998,0.4637166620092336,0.5747980611933554,1.0628846879177214,0.9856444941983017,0.6582172189018171,1.309483015791007,0.6169041348117411,0.8366836900400145,0.9496462501008289,2.2256440665396036,0.9088705770229012,1.2363373463503116,1.5122561144820257,3.106096991117199,2.2545231679494897,1.8614271994407927,1.8174054189420856,1.6394011015926362,1.9883179963318873,1.0370332727502451,1.2379973712180525,1.3363760165916891,1.7362155428255424,1.1025615391595034,0.7602793613829887,0.617598680726638,0.8618018122819954,0.7500024104675157,1.9868259094842895,0.9621414575706918,0.7750824841210808,2.112630671856165,3.496942449509286,0.8518611834737345,0.7754364547376075,3.6053191895159027,3.4150565730806144,0.6167057982712161,1.7096238602433718,0.6913701288818279,1.1926720179970913,0.7461769346157389,1.245232495272017,0.0,0.4227296286226627,0.5634401152626743,0.581356931145809,0.31163475843793226,0.6291040212441104,0.9018682309517304,1.0616403492111393,0.6558367200866758,0.4317519324576388,0.904607820097939,0.6730084928052957,1.0284358734211396,0.876858429232545,4.1279667899914685,1.214923528705471,1.1140246348805651,0.8345042993623236,3.3900290946083156,1.097264892766322,0.9399534802429086,2.119584979283141,2.2556434979076045,1.398247011632899,1.611280136482045,1.7093865644530755,1.704600228337905,1.4833837269793413,1.2648319268071195,1.2896713519933505,1.1155774888038477,1.2666045919112325,1.0667981250081031,1.01140363496894,1.082459606855642,0.9695181138758981,0.9709421217451512,1.0573014579623972,2.2266687553836952,0.7968181265217015,1.2330499891808202,1.943091799495161,0.6194870846997881,0.8191967891321711,0.9410339144381126,3.1715485527898912,0.8494104630395861,1.6469207482994015,1.5496803110930293,1.2201008710514107,1.8133875152782486,0.9781037850678213,0.8646943477368224,0.933816575975342,0.9174603926249673,1.5169881027870722,1.6982891206911752,2.3350192481222094,2.1510391175887533,0.9334668134940709,1.8437475006926503,1.44382916334057,1.679590808093519,1.242202732897171,1.488400566139002,0.9828149817821907,1.6071736375149033,4.210061464189364,1.2414219544088383,1.211969921704776,3.834251469797388,1.8585967536268306,2.4996470574290908,2.667351734169635,0.9343821172358628,1.4672315371819615,3.0312916558096727,1.600744190447787,0.9383947723111149,1.0958968935280122,1.683356042762345,2.7324603697733405,0.9829602014664353,0.8896326562120549,1.8315999216941523,1.2627172390115073,1.2930732883178313,1.0334888505831492,0.8561145124296209,0.7698367734706906,0.8810095425407096,1.1387226477111307,1.23847210811453,2.5553364594706682,1.322660239378751,1.4359049643326607,2.649972418746518,0.8230019152610714,1.5329049047440855,0.9491960401267321,1.0253923603624915,1.0676783880670178,0.9770862309225994,1.4636763757599327,1.229926300298574,1.5699875293063297,0.9219281406958493,1.0810711306810352,0.9452043980108785,0.922627210768211,1.0841668395388948,0.9793007521747498
CHI:63,0.8572017869698418,0.5325405340190295,1.5320669309689838,0.8258338461132659,0.7646021285781968,1.3274749021038574,1.213752585575391,2.386265190175488,1.0634684983653675,0.9218354910772483,0.6494894779412251,1.1439862740359261,1.9024730985224292,0.5611246658288669,0.49406643371893816,0.7633745342504519,0.5084345059788246,0.4201710663349977,0.325967826770518,0.3891223961280414,0.9474778865581848,0.878471873501124,0.3848515458741529,1.1683752406081553,0.4475635904445108,0.742645773990964,0.7851152531488088,1.9975868339982805,0.7014546612823802,1.0093249714457964,1.285000150354314,2.9204030434229997,2.0630733301036095,1.8190596663580128,1.6259601944937494,1.6702360127709814,1.974761206631694,0.9111888290451875,1.1680789847159196,1.2491784553756013,1.495754786849811,0.9271643967523279,0.7348717536468201,0.6465364412677508,0.9052300885502528,0.7774928068307554,1.8791027602150328,1.0814989739003837,0.8645522300246405,1.9823502112783868,3.4305719351009256,0.8683479492346656,0.9353300448096686,3.585345321566937,3.391216438203077,0.701440100324414,1.5539976217027827,0.5097985649459478,1.0237787335660058,0.6656100665272284,1.0707352520472777,0.4227296286226627,0.0,0.565765851676772,0.4625003885331376,0.40206200226343747,0.7399982717167618,0.9170906461856816,1.0740285918687866,0.7716674591259258,0.5448049012526666,1.0441864626471364,0.8344132709341388,1.0378441216016452,0.9864046454025235,4.091682477642313,1.0765803552335678,1.1057985161113009,0.8905121847801309,3.3403270232156297,1.1290510971398477,1.0022228293336888,1.944644986468922,2.0653120593902186,1.1998346629956704,1.442153460322205,1.541952500846506,1.6873720194085708,1.348974719611094,1.253308431802688,1.0904919947404932,1.0564007822452808,1.1552832552473458,1.0568475468972127,1.0410630879396228,1.0894498290756889,0.9656842328742025,0.9328137012429926,1.0691399593472337,2.2198028044067,0.8460290109452117,1.3000692633491433,1.7424574158668849,0.602726235978081,0.8117002035251171,0.9390992735419212,3.162916531985769,0.896705515075542,1.4998382027537616,1.579124038132439,1.0681439655081428,1.680895941855329,1.0758310991370565,0.8752577764218504,0.8862892066718985,0.9154822754983584,1.4589797837936684,1.5714439874126598,2.307267759248425,2.141868359925241,1.098570125790938,1.6691045989866518,1.4149496260529126,1.6107971874508926,1.0638964614582627,1.3240579384453988,0.9291397485037973,1.5995247785803837,4.261708980241525,1.0498506862622934,1.1769864029434611,3.8423529877806386,1.7220777137807612,2.381083340162806,2.652826369929356,0.9435324189923758,1.3873119650976649,3.0210754609694406,1.482150183809533,0.9562862501549086,1.1620775143186393,1.640304062440645,2.5726965740214367,1.03291821558443,0.8559172786423654,1.6355349978413791,1.1612025378969248,1.150194369807373,1.0352411100511687,0.8805513408215019,0.8169204031941449,0.9515422281296965,1.1793194123174264,1.178041458493917,2.3884443464286496,1.244109920246634,1.3106342689832988,2.6280572802804887,0.8484749241887406,1.4441479700634094,1.0809423678427863,0.9950509566052573,0.963674878442318,1.0738704098889147,1.3018075985299185,1.1415892376354704,1.4272193122024712,0.959356397661882,1.1218543609279026,0.9097323381639579,0.8587377027061889,1.065344326677204,1.0927609314065454
CHI:64,1.1656358977878665,0.7207695089592246,1.7292172446454124,1.057882213730265,1.0496936765155938,1.6456213791967091,1.491095544307264,2.6547208877515898,0.8150025397861898,0.7044181059465066,0.5923699066012588,0.8600870881104165,1.8449515140513242,0.8681311149110267,0.6684386628091857,0.8615506661298167,0.44104261211753976,0.4562146653173836,0.6369992031302961,0.6612176888741828,1.107457998108512,1.1293894703374192,0.6722250246510157,1.4073005705455603,0.6528699111682982,0.9311730657426336,1.0317801475491872,2.207085628124103,0.9199704156013131,1.156794577500802,1.4322928777698847,3.1075674169953973,2.2485425307474216,1.895263647853088,1.7807252224563814,1.6802613897674732,1.9460264316439175,1.225987182084652,1.3154073559018438,1.3455366924332988,1.7614929722592712,1.1427121193789382,0.9471586065375955,0.7599922310777666,0.770511800361344,0.7321606135524995,1.7970287111668883,1.0031274607722804,0.9556351343526743,1.8928175713052162,3.294072604099572,0.6293081389903559,0.7938916282285035,3.3920283473432313,3.210647428694642,0.3779757927756201,1.5079803394537759,0.6069118785225971,1.092515721777112,0.8157515357544719,1.0947353355173544,0.5634401152626743,0.565765851676772,0.0,0.4723952335060902,0.5192563291344635,0.8244126054787928,1.0324373644730613,1.0864688354599294,0.5092898756711033,0.697115993041471,0.8429490179417976,0.7755104924670553,0.8707854889230512,0.7602236712982854,3.8670871750460942,1.3697262666962775,1.3582954258367057,0.9578047299471061,3.2358692449046416,1.3952048669930186,1.284140859521635,2.058643642746685,2.393014674177072,1.4995184771550931,1.6554188538531007,1.8732791701757359,1.8305784376945486,1.4552871527203621,1.3949783871530104,1.3804888414660963,1.3041208972413292,1.3486704894443233,1.3670507567967807,1.2240269490164906,1.432127265957707,1.2269524864920172,1.1779033747494903,1.4231134300821364,2.252841646536875,1.103480641902411,1.43139661489493,2.042477383646023,0.7633143398092338,1.0432768857295327,1.2423516435633661,3.112842001625683,1.134589768081112,1.7850444516803319,1.6011594046802882,1.317858656329706,1.923931889116133,1.326633851755241,1.2159640115036938,1.2299873873932308,1.1115561645535301,1.3601942941895,1.5772116049758431,2.3127717872958957,2.2043675652710046,1.22438989415129,1.9979730286929953,1.5289167991717343,1.6628886486841206,1.3649468255512205,1.6798439819180009,1.2035194012606292,1.6575702036099889,4.033631280050116,1.3578684609264207,1.2116136382159626,3.672448921944345,1.8540236468257003,2.4013474996433986,2.67320824430152,1.2762178047155974,1.6914942932912713,2.949323026858288,1.7637887516834896,1.1275765343671766,1.4432453672897256,1.6606242006159042,2.8770690918707325,1.2039240325283904,1.111912545656799,1.984462434936226,1.4295041592619167,1.4028567238068843,1.3305620489809225,1.1484937940821496,1.126202159682106,1.102655863179083,1.4710896005202154,1.5179422114164383,2.6419979698712237,1.2295830050963021,1.6466588439077827,2.5703155064775296,1.188957094318138,1.579248223147182,1.3254831778143417,1.338729726739727,1.1326520357511896,1.3121240476511824,1.3929229894156685,1.2592451774202127,1.7940884692826835,1.2138200972540634,1.4043936129449364,1.189842379363815,1.1257277647546873,1.1260567456428283,1.3447993140421999
CHI:65,1.0559779705621606,0.6160496510907869,1.6038065135664699,0.8592920807234825,0.8811962855735975,1.494920235459323,1.3259560917499515,2.4960423606577553,0.8926209991711581,0.756832656176424,0.6802337897582851,0.900064965303741,1.7406057612168273,0.817743409856841,0.6363089211328362,0.8887270021123567,0.4656049409818419,0.46109972829612256,0.5440512543645214,0.584458570159356,1.0740456058266377,1.0537407718971843,0.5577528103753442,1.2814894716425864,0.5885992231661328,0.8985706839409902,0.9354995148019482,2.034704691171372,0.8324308617241198,0.9903928999390892,1.2778109311079118,2.971430258034635,2.1491147040032126,1.8670131078083667,1.6567323405793346,1.6974538332980105,1.9286672891044254,1.0723482909197335,1.277490099553621,1.2507507979398378,1.5434541544948477,1.0504501195670235,0.9657473006802573,0.7154436295723934,0.8439780414266131,0.7692924923589874,1.7312773413201252,1.031950113003187,0.9289437448820244,1.835985465487388,3.26970259164849,0.7591194666489876,0.9463378040098455,3.406635739385989,3.227387916571673,0.4767396347296557,1.411820981374066,0.5700529414170308,1.0758745899698319,0.8086401484257336,1.012459407163455,0.581356931145809,0.4625003885331376,0.4723952335060902,0.0,0.5762922552865565,0.8680545410525982,1.0035581283013884,1.1017165251208647,0.6614848068161042,0.7416400248844354,0.8139091018077996,0.9022388927718062,0.8421642866817496,0.8015678013945643,3.839862853555851,1.2803281864414406,1.352981329397077,0.9200552457313023,3.218059805758878,1.4113390241062693,1.2856386380476383,1.9255323838679055,2.235849717412954,1.3679982013123382,1.5162011463414482,1.703846778014545,1.804986583978944,1.3372132911366326,1.3734498930293415,1.2828729522985958,1.2436292833315559,1.2699014855313056,1.3626301021848704,1.2501612948532457,1.418206916923591,1.20494857664994,1.1692466671624206,1.4249144800478162,2.23492500202722,1.1144747451090362,1.4381103704855602,1.8679267574809169,0.7554356467876725,1.0311565619935261,1.2407623885307377,3.091560390092189,1.1289744264382626,1.6209923042731051,1.6309468225261214,1.2309407290616678,1.8188104438939705,1.3419053382789243,1.1939407532688098,1.214713520989725,1.1310607392971157,1.4053651158457905,1.5542752827731134,2.3019868312903795,2.1817221668106943,1.2538560421195704,1.817147939437352,1.4939424093963665,1.6192990896894592,1.230269477947439,1.5481982321228687,1.2194704614245802,1.639879292408431,4.058201042589018,1.2195459762951795,1.1285690286238428,3.6625171968145156,1.7100647565446023,2.313814982989822,2.664826113316035,1.2307960780725107,1.610196765228451,2.9387246976673027,1.620578199858048,1.1535160030437168,1.4536824430371769,1.661787420414756,2.755982807458471,1.2462466948206123,1.1308731707929396,1.869934642507374,1.3123346523636659,1.255637327197233,1.3385589233128734,1.1555013198842725,1.0550340005576695,1.1428802020152478,1.4927621013010852,1.4423671059043461,2.4992025208265325,1.1774509824737223,1.5064045149630965,2.5528704175565426,1.141783908416183,1.5258238721827102,1.3551649221115691,1.2681644439908943,1.061925573992825,1.3488398394576528,1.2930207097196795,1.2630055946909187,1.6492809571974503,1.2083635660206642,1.3940369282789074,1.1670918630280362,1.0853971123060582,1.1565945137388698,1.3729595569013582
CHI:66,0.9919860635585411,0.5260632090301836,1.5757859194456842,0.9049883903450759,0.9356079094569385,1.439662009881774,1.345073267055194,2.5565402617298454,0.9351876391853745,0.7986505515359033,0.5991802106355331,0.97839413291786,1.9085161594796376,0.6480633463978792,0.4335988059071058,0.7765081416134412,0.36291969376096156,0.3627707988872574,0.4722278062161668,0.5626750121350507,1.0493073685926997,0.996838533830806,0.5643921303768136,1.3178567817445923,0.5061894050923582,0.7878802375125681,0.8765284249254626,2.183936439839129,0.7694290873368523,1.1335691184006143,1.4843387389663032,3.0618338679077293,2.1552132871358323,1.8490884481001784,1.6790906346678889,1.4569084747496102,1.9716335763932549,0.9306017216682935,1.077053528390702,1.1672675202772362,1.6661037176402065,0.9444548827988852,0.6020380739555925,0.5200284473099621,0.8229590918609937,0.5587522663212126,1.9227292696408582,0.9300597465851507,0.6847919484719365,2.0039430119439516,3.417924439399921,0.680162557696841,0.6440570422100796,3.4982280145907634,3.3360926847039627,0.622171502740285,1.6767241381228377,0.608992054694863,1.1433077280231825,0.7058356401595419,1.1916497385712517,0.31163475843793226,0.40206200226343747,0.5192563291344635,0.5762922552865565,0.0,0.5247701595565949,0.7835748683050472,0.9597099819079051,0.5861950038822017,0.3214498957784539,0.8871261331202048,0.5896409427952544,0.9479461916124988,0.795222546411986,4.054308639745122,1.141289185998222,1.18300625462205,0.8228630134941414,3.304084597042875,1.2040927308118128,0.9969974384450181,2.079035976491442,2.215866252781114,1.4049499291993146,1.6160381917634334,1.767330054609481,1.6328900203286416,1.4331261577187804,1.1789233783052429,1.2815339590898187,1.1180906863790878,1.2515840606837134,1.056936344640857,0.995694091809049,1.1002391564203438,1.0665845941327423,1.0042214586333063,1.1027376710331942,2.209552388978962,0.8247841246512424,1.1978949350043975,1.8887212638596707,0.5527258579115603,0.8446196670483527,0.9736916583374555,3.101035522484316,0.8327543034872346,1.6079736637938347,1.4838234783458664,1.231534364296702,1.8118994776863333,1.0719358780441173,0.9245052905911137,0.9647132457343678,0.9498207160338151,1.4789381882800496,1.6446521793097224,2.2589138851451867,2.0820544802187,1.0540051443363583,1.8165285642679043,1.3850300800793527,1.6290512780269772,1.280542281750013,1.4554981176553392,1.0179705854692032,1.5484160137447942,4.136630329048354,1.248472939501329,1.156086777033291,3.745630057569089,1.882993793820193,2.424558225723961,2.6199089385155876,1.0310110499406997,1.4424116534370581,2.947632801054234,1.6332333835166153,0.8867101937332044,1.2021883271853735,1.619252213900025,2.716957800024121,0.9548887320813484,0.8725056005428039,1.7965666960867588,1.2497043163674357,1.330449896582246,1.1112311076610522,0.9235432903949088,0.9133255548426562,0.8174262187055987,1.1893997237440868,1.2705158592725938,2.555499063896143,1.3363410696294766,1.4638172339974267,2.5617837271854587,0.9100116492187983,1.411078123820678,1.0637497735681793,1.0989361910545272,1.0915227291934388,1.0443111791173953,1.4170335425831655,1.2488397799920492,1.566077335789051,1.0379120445130394,1.2037926339302931,0.9939697847443154,0.8862147968060776,1.0548163920833424,1.0331003166903332
CHI:67,1.2863683098469294,0.8714906489385201,1.7404078512078143,1.0938741890477273,1.1403000437222237,1.6337385446980566,1.5399563775329541,2.725575490512937,1.1044977457570788,0.889143080485686,0.7987090561790042,1.0037916266658615,1.985545842012161,0.961959037764535,0.6938487833187342,0.9956719099641729,0.6269650659447304,0.7036719593840839,0.8021510931492553,0.9275429226143527,1.2762972085212867,1.222513582406079,0.7865339016263795,1.4983707517525018,0.7018919365263873,0.8235137475215678,0.8503836355112179,2.2614090294615776,0.741055502633749,1.2991121732065194,1.6436380578072036,3.1881407593325664,2.2532902175034875,1.9476220372737099,1.6976777714890359,1.3372046709129692,1.8900647273786624,0.9185549955263326,1.1421420346604771,1.1114805938342633,1.7968113117463678,0.9126318068913367,0.7733393337705868,0.6052995624334655,0.9001168620088613,0.5303973313787635,1.908973230381698,0.8278259308218661,0.4036779892120852,1.9971637214014992,3.4435672795495598,0.757688758442298,0.4444517745259511,3.477358563592197,3.364140902859783,0.8730039349182636,1.8370410226213252,0.9104900626529031,1.3016208672527494,0.9200332319996006,1.3168767482037365,0.6291040212441104,0.7399982717167618,0.8244126054787928,0.8680545410525982,0.5247701595565949,0.0,0.4406047351505787,0.9393292022073054,0.69024259355233,0.3425085914518342,0.935131036153218,0.4863864726035132,0.982337542037104,0.8093956198221868,4.143395408038159,1.368734362130318,1.3563125429006326,0.9722145409312092,3.3414115902950363,1.3469675720567784,1.132379484181076,2.2132837335077955,2.3532897240721122,1.5532541992642508,1.7825694379571535,1.9439350441180974,1.6980280631607323,1.4659730500790698,1.2906154341983171,1.499430852646609,1.2247420523715833,1.4132215718788463,1.2263363701584087,1.0985016422538034,1.2550911089253756,1.2410809324644325,1.1822911719259939,1.2565894443218286,2.264198083000096,1.020427951150596,1.3069981541146423,2.033450201565222,0.7998605675130444,1.0418907041286178,1.0850144764466327,3.1435158068785807,0.9759359169444725,1.717907660688611,1.5518327913749137,1.4205750597849853,1.9246870037201234,1.2421671089048232,1.0907336184159127,1.1421072908236884,1.119979182491071,1.6175270878770478,1.8447542680483473,2.3343577343868818,2.14665858018197,1.2269523969185023,1.9703971659264627,1.5196855295664398,1.7621735284603979,1.4384063705932,1.6434745665065909,1.1899063660418514,1.657773784207076,4.115294566880595,1.4562471900391007,1.2404686556430278,3.762774022871333,2.0541230406556856,2.4897215531281693,2.6925522803022135,1.1828406051974159,1.6066721811135538,2.9785459016857727,1.7718538121537382,0.9955028355429638,1.3134951350318245,1.7404515480526335,2.841747643894371,1.0961645888274787,1.1053160657843182,1.97861529523017,1.376808372397697,1.4340399516951932,1.2808981531379535,1.0876186536470218,1.0164096888991914,0.9631758942825508,1.341892961021411,1.4075655501624629,2.67143970308898,1.4479599168400497,1.5932872225505428,2.609872512997563,1.06028170221777,1.596724776581335,1.1894263646441219,1.2652364906213658,1.313007915234746,1.1907701949917386,1.6174528991447683,1.430479087655471,1.6777798012374614,1.2276330788999728,1.3671034906789434,1.182000041735191,1.06003625414754,1.2345879366653003,1.1983427236190947
CHI:68,1.3090137070219057,0.9417564667379182,1.6384191469766818,1.0883236588516285,1.192931084368969,1.6140085666999167,1.5039596279100018,2.6280251983668235,1.2436743921877225,0.9299035936761103,0.9302134202516423,1.038907255612662,1.9264463474699838,1.063378829624999,0.8650856767054784,1.0301094068051808,0.7999286783861018,0.8756555407282379,0.9574589222594552,1.0907953310241445,1.2814589585798035,1.243392055868392,0.869726485738418,1.459036156396014,0.7975345411774075,0.7754253512554332,0.7391455612952531,2.0807675242793446,0.6864125258884911,1.2582887497521795,1.5958755702477063,3.054374567803936,2.1253999974545947,1.7900906574372697,1.4639515979320081,1.1825230111215927,1.6742152124494742,0.8041075711736004,1.0522540695308422,1.0501720391054499,1.6528678864723514,0.7438883662735576,0.8272213647376899,0.6370917654140138,0.8514699677194089,0.5882613569503883,1.947644170506524,0.7919581913186715,0.3414882749030096,1.8693671936467329,3.42952318743775,0.821935345728366,0.6837765163199419,3.463301592172222,3.376556492856134,1.001332162973464,1.864004597667476,1.0154297619192598,1.2793831208832953,0.9843140226342967,1.3787187626167183,0.9018682309517304,0.9170906461856816,1.0324373644730613,1.0035581283013884,0.7835748683050472,0.4406047351505787,0.0,0.8447622266888305,0.833020163073007,0.5864659534087794,1.0214874134940417,0.5687158718989659,0.9723423808347041,0.8119519034798184,4.071960416996367,1.3484095895390789,1.4677763898054155,0.9854801625385788,3.3158501285403723,1.4915699551326387,1.2422485637575174,2.1093048339981477,2.260306147455359,1.5637731894330495,1.7108873172536825,1.975061870425337,1.762827936449891,1.2874949553248187,1.3654927338862581,1.512322418369459,1.240288480413988,1.4432418364772985,1.3287369897721724,1.2001432605251365,1.3682734155805618,1.351368387738458,1.2400579229821678,1.4037238598763344,2.3141750074994816,1.193236379487854,1.421601496122317,1.91691508510084,0.9223106973891922,1.1967470047908388,1.1866181400117786,3.1685109279432995,1.1347144603342803,1.6201924361284519,1.6031049184660051,1.455370803031057,1.8447832693910962,1.4032853723971004,1.2113178758916943,1.2501964240165593,1.1929718633699506,1.57145256418806,1.8068479063538923,2.3496127293068283,2.193490109052078,1.439887214852402,1.9143042770532805,1.5797694890175646,1.791507787927328,1.4810510771575518,1.6119128402016978,1.266761065904604,1.7119804608691287,4.136513370690073,1.481737145444669,1.11451725578218,3.761395963060385,1.9472008141809976,2.4510776873101245,2.7497925407787025,1.3215583505961126,1.6215470044684,2.9652945874760928,1.73359890522741,1.0495412259050312,1.4501323239833954,1.7590002904105118,2.751367468218443,1.1392346327427705,1.2102646745960772,1.944541784172775,1.3455570360056919,1.401493732254006,1.4364442818913223,1.2191777410412488,1.1802856178515104,1.0540214613760115,1.486540139873451,1.462495155518639,2.5553070377550395,1.5305772656830239,1.5814280220489214,2.620514810993432,1.2048925059561721,1.5222103047529012,1.3944032941801798,1.3755632537577902,1.3537951725924906,1.3210354173536734,1.5684173852463719,1.458201697287992,1.658565782631205,1.3789636142895136,1.5435620153144125,1.2886724918374635,1.0888355352892405,1.2815686420932126,1.3692174473402388
CHI:69,1.1013950179313357,0.9915543874089501,1.1796139315301528,0.8379079325764952,1.1207283131760828,1.371039804637614,1.2056251836007579,2.274349490413266,1.401536702000114,1.0599732413220198,0.78464545958794,0.9802425141740863,1.6081757720101562,0.9806759639050716,0.9038895857440582,0.7885058436271406,1.0058555508879616,0.9738817066452433,1.0459542591325255,1.1568048277046927,0.9341703415327269,1.0212939155096847,0.9057625686475628,1.1666757434578965,0.7782402682185308,0.7477252342294669,0.7472537546380603,1.7291202410999469,0.8134202488017156,1.1306467771198108,1.2190610485139517,2.5801229727509334,1.7121334674638424,1.2978771401464029,1.2715180320967796,1.0781971851102394,1.405126883976065,0.9848341340067974,0.7233785545549171,1.058651094477692,1.517983988702835,0.837372947609097,0.7943142939103213,0.5320507423175524,0.6798125571816543,0.6500006418974821,1.9605470823310958,0.6714076649892546,0.7616279765954681,1.5785240918213466,3.2031554536573448,0.902439452101233,1.1026568029800627,3.3285983486457718,3.231861715104542,0.9809030607131903,1.545584100226272,0.8729111634640749,0.8983407449539951,0.835489672507611,1.320700929071765,1.0616403492111393,1.0740285918687866,1.0864688354599294,1.1017165251208647,0.9597099819079051,0.9393292022073054,0.8447622266888305,0.0,0.886935089568096,0.8567573284262336,1.1354426911471098,0.6672654560250972,1.1979181496434843,0.8937064292052017,3.6982467495095546,1.0457904834531395,1.4693826881142185,0.9941860168823582,3.1441310306682917,1.5665178372968052,1.3369481107281125,1.6424039364040834,2.0483864000668706,1.284604841191513,1.3945089880435884,1.7274522870607203,1.7741449772250135,1.1158116300555596,1.3097383254414001,1.299858878513145,1.0263722556288326,1.2024596323392112,1.518066003070716,1.4071030461459433,1.4881916561398698,1.330606930592259,1.2102996069746377,1.580917243192818,2.202833934767248,1.3482842155492922,1.51365563510398,1.6633342228468881,0.98536428714362,1.3865133320490075,1.2933701896853933,3.0470111707620595,1.3132514933830162,1.3194995995413326,1.6163587724144803,1.231506736545668,1.61895139319814,1.631463939484667,1.2889096467363912,1.3416908395057503,1.2632200674757925,1.3578237498630428,1.554488787456022,2.1854387822525734,2.147122477490609,1.6999308282569146,1.6998533275278185,1.501491891355018,1.6426327803245555,1.2853893960635812,1.5228959865458764,1.2277404454790484,1.5070070098097126,4.122625958189977,1.3709430703723404,0.9950881034121988,3.680448245035811,1.65789678925253,2.3165733222697074,2.6343815324011755,1.3086332005782306,1.5462073504482803,2.7961960577790754,1.4776918386553701,1.0750816569753594,1.5493450776026232,1.6498638044067702,2.3966416919247897,1.2663315807767161,1.3103612829070617,1.6994407341425257,1.0928279278368096,1.1056957891808563,1.526227532856384,1.2916213137163497,1.3120946398623408,1.21651819662894,1.6629799732830635,1.4628306185848132,2.2198413192733093,1.3359051522722432,1.4390901741424427,2.463519179736486,1.2835856236362742,1.3614065353058755,1.6814874676903835,1.4455527825855943,1.0991134317312066,1.527268916306586,1.2131300196491492,1.2860790811837868,1.6568723936321486,1.5249015973023703,1.632371251433599,1.2998808141779126,1.2327903997755572,1.3209453751830755,1.5922616550338333
CHI:70,1.3199575700777628,0.8105047881955522,1.7382226768565647,1.1038197911384444,1.1790005259427072,1.7420997729630066,1.559655820267651,2.767014587324436,0.8097565767693755,0.569998100955116,0.626901291475958,0.5848360953288185,1.638196922094739,0.983796191786551,0.7158272847528326,0.9084894142142043,0.49261284547749173,0.5963562754220283,0.7752740271550435,0.8867953149061674,1.1866782476377518,1.2375237012133162,0.7926169429931262,1.496948522594478,0.7042457721195762,0.9364340341696294,1.0285366920380583,2.2421153159990577,0.9090401068107055,1.1026003503456205,1.4870391744242812,3.1640001992929903,2.2374033121533543,1.8221442291829006,1.6738430897954664,1.4579848011667544,1.7325146043297954,1.2049141925722335,1.1990412239391848,1.1989052619557168,1.824820626513181,1.0948484295011318,0.9586980349029579,0.6416131231315646,0.6869892098646821,0.6068417552419374,1.6968540421967993,0.7783066946845484,0.7369980290548861,1.669158494143471,3.1092905336082834,0.46897919728269916,0.6074141610338981,3.1344032068201875,2.9932694115383005,0.48212802140025285,1.447425880919614,0.7113312437003049,1.1759208911378414,0.8667400881741272,1.0828727065804442,0.6558367200866758,0.7716674591259258,0.5092898756711033,0.6614848068161042,0.5861950038822017,0.69024259355233,0.833020163073007,0.886935089568096,0.0,0.6597158062411954,0.6526256245042493,0.5449747613329691,0.6477035727487044,0.4586822497723413,3.6512283417617604,1.4304354157469483,1.4110665944357617,0.8779512879708501,2.993112244717511,1.459813582694735,1.268510770750294,1.9858961007601834,2.442285211934815,1.525891470062941,1.66494500954789,1.9449734012303326,1.6483968546267511,1.2585984912816428,1.2109910158865913,1.4535750250850457,1.3669213136916762,1.2507143152888869,1.3521623194584533,1.0870795958342285,1.4134307203041634,1.3059537627183015,1.2139844168883407,1.4773701366581382,2.024762755369759,1.0899631141383133,1.232720175283815,2.07660522159417,0.7304755370972819,1.0346846857750485,1.2390832264688734,2.868243485591535,1.026497657488335,1.8212067554474156,1.3350953634286429,1.3949249587735573,2.0051212278574715,1.356295442798323,1.250656424824522,1.3137468816438944,1.0481906075280034,1.2371649452624118,1.5001195887049472,2.079489565446563,1.9823442398976563,1.2386331540249855,2.081014658396915,1.356729904494386,1.4939823801593335,1.4392663669336643,1.7315015029494534,1.2571269643330865,1.46989811308973,3.7783746381675414,1.424065611214596,1.059318413072572,3.416304100823843,1.8612557772288856,2.220932000698057,2.4732350742904488,1.3191607742107538,1.7488059004784156,2.667688149461614,1.8231259777712776,0.966741227924608,1.4900450940358316,1.4518366679308479,2.942534444233757,1.0980399821022966,1.1269925804061451,2.0777944659895478,1.3954141193281782,1.443620437508581,1.4125004790998472,1.1739501423586463,1.176079427803315,0.9378796891440817,1.5009095588725987,1.597196143231161,2.6926846113404532,1.114625535073039,1.6970113564533118,2.3349956570146446,1.2358577425154522,1.4281463443610307,1.3609318663941676,1.3983958367367908,1.1303670220699957,1.3154610974987204,1.3452625956243343,1.253041516601468,1.8756535642445296,1.3201640548081293,1.4702645393682507,1.2432546039793864,1.0959091961300935,1.027723281289473,1.338281604835969
CHI:71,1.0203225722245832,0.6252069485767453,1.5578250317800466,0.8895175193551031,0.9248451753268191,1.392981735847504,1.3159108953664203,2.5210993457246103,1.006233546032715,0.8096522564139593,0.5970086360050834,0.9825471997991639,1.9493909555683537,0.6898347172326774,0.44112489182385867,0.7700003644651141,0.4788869226734261,0.498290748775024,0.5892230296473157,0.6931144841057124,1.0514836480304794,0.9730598969478719,0.6268780843933502,1.285175533544331,0.521255367124383,0.6882987654525647,0.7493866916397006,2.1223839814791052,0.6775216957724303,1.206663079521166,1.499172063226129,3.0103841125532322,2.0925566104937685,1.785418472245559,1.6093715373439639,1.311098231452996,1.8587077477644531,0.8018432096756491,1.0035209613478289,1.122867055033668,1.6328680459896265,0.836841721307401,0.5188665031215538,0.42407343051215846,0.772580427516091,0.5131595811602031,1.937715362391648,0.7860030701027587,0.4789994846577797,1.9902377596297607,3.462042055095267,0.7688634575984609,0.5875961024828543,3.5352391929454408,3.395379240783425,0.7362739134694998,1.753460253669766,0.7369086175242419,1.1500122295697355,0.7146584357326837,1.2631289071803287,0.4317519324576388,0.5448049012526666,0.697115993041471,0.7416400248844354,0.3214498957784539,0.3425085914518342,0.5864659534087794,0.8567573284262336,0.6597158062411954,0.0,0.9048154526185537,0.4430884449957128,1.0046218080020286,0.7920927190777695,4.122163870051798,1.1148856617067202,1.1536290972293686,0.7629858089543898,3.355281665321628,1.1622262226628952,0.9315765130166953,2.0567286626682773,2.154912397989894,1.3865978188697967,1.6112594396299782,1.7645815043245232,1.6426531564617775,1.3816570775592225,1.2001836015896823,1.2847241893564132,1.0338194279651973,1.2663513309461816,1.0327420681019892,0.9835050160704203,1.0497694061289948,1.0360516212846365,0.9763066617497991,1.0640861117710652,2.22971171139321,0.8372803417648375,1.2101357376849455,1.8333665914522717,0.6363980570973088,0.8701758961609499,0.9115950540913452,3.145457876254997,0.8249030512143969,1.5272184958741548,1.5057716210992154,1.230493294421227,1.7412706918801273,1.0566687147984481,0.8618301961454747,0.9270525258297388,0.9438835850899473,1.5180722041582952,1.7025644952074228,2.2960848650406174,2.1047300126777033,1.109388935560192,1.7613509185224667,1.4174548465378198,1.6784593392133933,1.2385860379651092,1.419422292817614,0.9823793042287842,1.583722068729097,4.187663756364393,1.2444883653539478,1.0873603130743463,3.802819390947524,1.9057079405752488,2.48074593952607,2.661193840446814,0.9725680048157903,1.3910782961061143,2.983283741575465,1.5594847849227933,0.8612399282710466,1.1368838647101083,1.6721318773713778,2.6488934767293393,0.9331184067386195,0.9131546248907253,1.7517618563325923,1.1802921273523759,1.2614873913674887,1.0857418532762908,0.8857737331730144,0.8620384780833303,0.8035633867900773,1.1545576040594623,1.1942075044068472,2.492234608635632,1.376404988131932,1.390164687112438,2.6017994387344605,0.8489403698417097,1.433929966149627,1.037451496581979,1.0523236908835145,1.1225353948699255,1.000140751517292,1.4358475139482456,1.2543508986256564,1.4822159401246655,1.0160975587550258,1.1907144738666338,0.9598379821939821,0.8831769557770577,1.0905613012797377,1.0134416699960587
CHI:72,1.4441340967510707,0.9161127658724803,1.7882229281063793,1.1138562213877883,1.187389204675694,1.7518168974159842,1.5789941120588644,2.7425430180869745,0.671980472613185,0.5895333280871801,0.8945082887028408,0.46664778276304364,1.5946184078987529,1.1748143877979906,0.8907058803955652,1.1145914231901717,0.6891267779873506,0.773397196543615,0.9837609959553404,1.0562260967044308,1.3909059955881635,1.3442130298095911,1.0580843894022278,1.5602022295136015,0.9342699191595861,1.1350355157624024,1.1971100791602087,2.244884257814783,1.0935733740153228,1.2378511466808813,1.5841064668857314,3.15179030773573,2.275719256925949,1.9517282677634114,1.7056035319630944,1.528269327923277,1.8703715596530714,1.1872080128764315,1.316922617590588,1.2054084748737302,1.750970463667191,1.2388223687953586,1.1886830353282059,0.8584249504495882,0.9083527745247197,0.8922790668711902,1.6265820681377914,0.9125507381290128,0.9653586892722585,1.7439004759047307,3.077034212949527,0.87652555644455,0.853090740143714,3.1615253337418165,2.974078682229867,0.6492516171696037,1.5273645220298877,1.0403044368733085,1.421182292037077,1.091702895042709,1.1870556087091981,0.904607820097939,1.0441864626471364,0.8429490179417976,0.8139091018077996,0.8871261331202048,0.935131036153218,1.0214874134940417,1.1354426911471098,0.6526256245042493,0.9048154526185537,0.0,0.9078042030517314,0.7307594650413234,0.44014599280199096,3.534941857982132,1.5743675160667296,1.6357130350685163,0.810763132230339,3.0033358104921284,1.7552234285930637,1.5395441534497651,2.0521159890884886,2.4542585605506986,1.805294201428442,1.864601402364918,2.1500372261890663,1.6718914672503211,1.388213794181196,1.3065850940045107,1.6589190860515406,1.4300699624336692,1.4097837139606104,1.5183434228687906,1.3414546715633553,1.6170453871489026,1.5510403625332696,1.4145513370829947,1.682991099489912,2.083772424909584,1.3291778810983192,1.3465533812940131,2.062080749864486,0.9303430093091131,1.2979263579552678,1.447736259271637,2.846178705953338,1.2286153089927472,1.828435277868414,1.4453888430596458,1.6409659141207014,1.9773638953062844,1.5862489151992096,1.4928785611473467,1.4981407435147682,1.3711013521992717,1.4719295699687498,1.5854999983755196,2.1021591168404163,1.9868095985117973,1.516856655223326,2.0266676552167118,1.4341464391904495,1.6177011751048838,1.5754399230891318,1.7830378351120295,1.5231861675312048,1.501863749840471,3.7121361742408636,1.5631130796684398,0.9623827116760436,3.3366114520850254,2.019205007411749,2.2770210804356052,2.4881014964746924,1.5473635401780035,1.7548375352327314,2.652112743376693,1.8169718678095803,1.193860381556116,1.7731260985869095,1.579117095887311,3.0406972857850785,1.2861185957736452,1.3892010641939456,2.210609852379947,1.4910029993355787,1.507457736832139,1.688106537309791,1.4768107209855457,1.4376036059027362,1.1692629043198055,1.7324366188994749,1.6917418942132663,2.750610789253999,1.26261417066141,1.7641387645669857,2.2970488540720604,1.4009142457424635,1.479078552132483,1.6112455374865609,1.5411061597584472,1.3721756616137126,1.5606058534324914,1.4556456898896926,1.5841039979244782,1.849224329788959,1.5000587548513529,1.7702097957536191,1.4851893380729306,1.2078882737646741,1.1753909409039303,1.5531867682689473
CHI:73,1.2524915061424142,0.8147906950912351,1.632259853822249,1.0507619630827247,1.1241484690270938,1.5674663836761378,1.448678921175195,2.6491632918572567,1.010735040385392,0.7419238547070967,0.5934043970976234,0.8255530552691502,1.9187366883566475,0.8909134897082676,0.6381832484124329,0.7865818871516307,0.6224006830524358,0.6940525093530874,0.8203806151678253,0.9477336532726225,1.0683566791305048,1.0977988588289782,0.8039326812175327,1.3651219123227967,0.7020177792069361,0.7380322591504881,0.8484677377731948,2.160372176207343,0.8142314991581846,1.2969693473702997,1.5382269682221041,3.046340450826193,2.1307761443124735,1.630334586257285,1.6249755958737993,1.1896540426659914,1.5975122050070198,1.0395533411745899,1.050813867911672,1.2318155502676347,1.816665736406554,0.9534851393789336,0.6984390236760294,0.48152345936909213,0.5768749380146881,0.46805739010647224,1.998975031403352,0.533168066251175,0.43487603214149717,1.8818882026066914,3.410776831672867,0.6286193589592127,0.5846798827946491,3.449474722687218,3.3310682971355328,0.7184686768404289,1.7776717167641671,0.8127643446847646,1.117926128437409,0.7674161199356435,1.3625683933675665,0.6730084928052957,0.8344132709341388,0.7755104924670553,0.9022388927718062,0.5896409427952544,0.4863864726035132,0.5687158718989659,0.6672654560250972,0.5449747613329691,0.4430884449957128,0.9078042030517314,0.0,0.9846312565035575,0.6433980814463282,4.002698950634994,1.2451945222029752,1.267141839982754,0.8329227879764244,3.312431571483427,1.275812799307155,1.0463750250150825,2.037927419788943,2.2883482500788186,1.4616168280529023,1.5991239724543935,1.8764453316459195,1.7819429431233444,1.332202533410696,1.3232947684080656,1.4031816702077626,1.1714849769762903,1.3667665856584483,1.2619389572638993,1.0918552702982771,1.2681453661162703,1.149329887680228,1.0745977881314956,1.3055143166418115,2.277227036287396,1.035013907734114,1.3605306930288394,1.9622453805381277,0.7871114157242503,1.025057310857023,1.0865302897717404,3.165498872363253,1.0419131292524475,1.6337668792172362,1.5492436913780214,1.2992336007415146,1.8400245559941757,1.2364490394114453,1.0530349358849234,1.156644531971052,1.0056965663568995,1.3614674018969217,1.6966830456541075,2.325697031863679,2.2011056273787304,1.242137345672049,1.9441630429883783,1.5403261439601794,1.740182664435788,1.3901459757580976,1.615945545123691,1.0926032646739419,1.6619120255141222,4.135059977947533,1.3856275254026653,1.0740337185638675,3.7689144522489992,1.8527204071592174,2.5175314039609527,2.7374180727580057,1.1467793556001902,1.5783900401531992,2.9461824213088486,1.6768587145823526,0.936467090905505,1.2557368601137275,1.6958835440654116,2.721876486285779,1.0075672369100328,1.0742601458525967,1.8976510821604364,1.2604244990281022,1.3718818258557623,1.2452820511944238,1.0018487034165915,1.0391064730104962,0.9172245940739365,1.3375355796830948,1.3916376516681397,2.532303071120716,1.4268506300793062,1.5323377618609368,2.6132014090128686,1.0890606994199505,1.494092822959053,1.2236941338855947,1.264589023719728,1.1566452287898021,1.1351575174024664,1.4202452420449605,1.2161893725978206,1.7143858822874185,1.2098978272014742,1.3319764273018506,1.0899811084917874,1.079969643775594,1.1325307865338938,1.2091678712855516
CHI:74,1.500801659179742,1.0371610839537349,1.8517931643631507,1.2690401025174192,1.3979035913999758,1.9467133109326542,1.7451926628716878,2.912902996389195,0.985121444083738,0.7496645301365165,1.0563029858216006,0.7742399221691476,1.4108263804300794,1.3102958830910518,1.0686291769853373,1.2815171396315321,0.7414414780777209,0.914555757818119,1.0870349036956335,1.1885880966383742,1.5394977440548046,1.540848531169107,1.0882266481313048,1.7479738982578017,1.0127985003764073,1.2489089658943693,1.1951568518201503,2.311512161218304,1.1025376714800572,1.0450054922468235,1.657906209146368,3.332040260083143,2.3652323246332836,2.1137837359539278,1.6065964340718328,1.5523073096050666,1.9242000718607915,1.2627249034592354,1.3154240188247122,1.1117202491416345,1.7475084164850452,1.1176004309742806,1.2598351669117835,0.9462531901777673,1.0196912920799315,0.9106400050144396,1.5467697671943572,1.1366680754990928,0.9402399072748492,1.5388913822499695,2.891275372329595,0.7695250825895408,0.8796416775251518,2.9010675941298203,2.752667366989389,0.8162603262282465,1.4453035504626708,1.0648048829250603,1.5077405674970086,1.230038134192377,1.0965502735426251,1.0284358734211396,1.0378441216016452,0.8707854889230512,0.8421642866817496,0.9479461916124988,0.982337542037104,0.9723423808347041,1.1979181496434843,0.6477035727487044,1.0046218080020286,0.7307594650413234,0.9846312565035575,0.0,0.6596183035411947,3.38117366909921,1.6706880613748432,1.7445818896601553,1.1284000612189802,2.7495693710414963,1.8260906910537729,1.6210489465447324,2.0814308949192215,2.585450726610888,1.7546619752539259,1.902681669745984,2.21408344223664,1.5793601104620165,1.189462541830606,1.2540434337865898,1.687954791737702,1.6596259446311825,1.359270213411092,1.5884364083111377,1.28455014129971,1.6844223341687752,1.6493728949569615,1.5379890764075397,1.7742797884252584,1.912857167889332,1.4182683159428293,1.2870426839589626,2.178080567323076,1.0258439859989705,1.3441338371986509,1.5618412531856738,2.6411178405104314,1.2357553969821693,2.0205902898016608,1.3032594673311955,1.702570530016841,2.2174776136947587,1.6484057403071737,1.5857364724051073,1.602202930209041,1.313591197223279,1.4737731305603354,1.5591593022976553,1.9235881480112724,1.8585442248992727,1.5130724307061945,2.2207817453505325,1.373796069508116,1.4084591717183201,1.6907378733551222,1.8583181996037497,1.6184596575710986,1.450288098641983,3.438999101499206,1.6473459909311383,1.1842970913535364,3.096601321112366,2.032058430857857,1.9249878341209166,2.3182167389981467,1.6355838978119093,1.9687017665636117,2.4619182711286465,2.05164374535067,1.2429472072194283,1.8494468172570528,1.4186079603903377,3.2026326977674433,1.376283407554833,1.4255698704096187,2.3140314450973882,1.600845727489541,1.6591328635805236,1.77798664113648,1.557826469983382,1.5212252398333788,1.2275146544512776,1.8057028416227026,1.860463115612238,2.9158048235362997,1.1918024459980405,1.9220601065361618,2.119719520401119,1.5151802414215627,1.4906876386963397,1.6777741780636053,1.6745024886443856,1.4108815219947024,1.6610194496761541,1.5390431048376572,1.6250102797729178,2.0345422403980398,1.6164999739717207,1.8045146613563467,1.5862113939343907,1.264059180747609,1.2531116906411544,1.6258883140803333
CHI:75,1.3880773449712955,0.849889575967681,1.6975533443972655,1.1017958240990178,1.1994550186887125,1.7217111921276287,1.5435456516255688,2.7079154415090345,0.7336120697726948,0.47042187409321146,0.7768055547235818,0.4165329244830183,1.5981207578369208,1.0996502219512492,0.8297714819516732,0.9631758091834849,0.6372917450465834,0.7230073276420177,0.9344487614350484,1.003054690361419,1.2372525555627802,1.2634015474683546,0.9266627651808869,1.4798032151750697,0.8158239158701202,0.9551725286860765,1.0533408955858925,2.1665299263508597,0.9358107245505616,1.14477864360326,1.4880999044861183,3.0988545831705108,2.1833346629778925,1.7403167601860725,1.5823411192270205,1.321247195600285,1.628492418272077,1.1440428856595943,1.174175067687762,1.1766946643107623,1.763406016753392,1.1109519192735473,1.034370120091733,0.6906382773682266,0.6377602751440347,0.6862232311587282,1.6639134332708456,0.6889824804228376,0.7885830471047601,1.6097733235392209,3.087116220333511,0.6232598460984825,0.7078016145686435,3.137117123687601,2.980461214978157,0.5701016312169651,1.5140187390866462,0.8776058285146316,1.2280706815751874,0.9172092212089629,1.1522969561148033,0.876858429232545,0.9864046454025235,0.7602236712982854,0.8015678013945643,0.795222546411986,0.8093956198221868,0.8119519034798184,0.8937064292052017,0.4586822497723413,0.7920927190777695,0.44014599280199096,0.6433980814463282,0.6596183035411947,0.0,3.57876113927599,1.4645982259110155,1.5193364922419297,0.7703310776322314,2.9997102236849864,1.63599374706048,1.4226415886155754,1.9711961421123947,2.3931641468643976,1.6603481948166903,1.6875566717351131,2.052757014220596,1.7028101950585135,1.2411602267197661,1.29742753409131,1.5223040474489233,1.3775966396474206,1.3515827812482268,1.459377905624942,1.259239656584316,1.5419828505113324,1.440942643829279,1.284587941699939,1.618439211712622,2.1190880839943413,1.2526820007082209,1.360672070657388,2.018011338165053,0.8360730668894665,1.1993198799354163,1.3601443987252058,2.908937199341781,1.1917707795166637,1.7616020406747601,1.420636973902637,1.4792081965443185,1.9325242121274941,1.50874920581286,1.3992011673642446,1.4239824583953582,1.2002055310957682,1.199108637260502,1.4533415769700944,2.1119900351442844,2.04148788928462,1.452590891324844,2.021861945143781,1.4454940548537518,1.5928909203986255,1.522606206146214,1.7181920193247546,1.3776617879999722,1.5147587576942885,3.789963172675415,1.4711156724165544,0.9043972794143914,3.4219610421198094,1.8382004472830975,2.2680435297836437,2.5437163877767563,1.4710532308933593,1.7059208018244854,2.6622809563348655,1.7938959142859014,1.0709850732505182,1.661291696987981,1.4998040267005086,2.9317358536933447,1.1441707112025088,1.2565474672808519,2.1017988353425987,1.4023456654081097,1.4769604814913249,1.575996598603874,1.3411073874885442,1.363780960559495,1.0562489525370313,1.6411287838461148,1.6317204064957367,2.6525099652799353,1.2856140386883474,1.701535424188581,2.3453663808898866,1.3637778231367086,1.4037355546954389,1.5521704349371919,1.4903053916335844,1.2150865348097943,1.45508892680111,1.3212892624920216,1.3706663408880724,1.84836998699192,1.4483217728188442,1.6665272735864516,1.3674948251431287,1.1432566702131775,1.0440726290268945,1.4791437945283932
CHI:76,4.070913373082048,4.024308163854241,3.7530633563487408,3.840829286365538,4.134034448933296,4.326911516932084,4.035790084886051,4.608464130396757,3.9700623909500727,3.7988740054752035,3.9200762759008385,3.4609356159232436,2.288466869457838,4.1600193284163876,4.075765049528557,4.017953066473744,3.950479127987617,3.9781295647400476,4.098117880135754,4.116015039324177,4.059582939332008,4.170215434763649,3.9936445189885807,4.167430899398971,3.883337221667367,4.081165245689289,3.968594238937732,3.986937866410361,3.9128977140872023,3.2599345313848733,3.561904871486502,4.616334030442793,3.8177856059544126,4.064484183653303,3.4239087388521554,3.8704229051906003,3.7350414349727337,4.047561435921303,3.6866352419024295,3.4377739200723134,3.8153062081560543,3.8554093740083526,4.123801116372054,3.822917923370841,3.8395443085797227,3.841180586181061,2.798486887461031,3.894788893000769,4.024005387973705,2.3494868776580082,1.3918467196655044,3.7387388208970944,4.02792341517903,1.8833920934453359,1.6099272708599353,3.7792984602403763,2.6808636278624136,3.8103660513119966,3.8586296798692072,4.0096005969189,3.20533871184876,4.1279667899914685,4.091682477642313,3.8670871750460942,3.839862853555851,4.054308639745122,4.143395408038159,4.071960416996367,3.6982467495095546,3.6512283417617604,4.122163870051798,3.534941857982132,4.002698950634994,3.38117366909921,3.57876113927599,0.0,4.145877493912074,4.5968785851599225,3.939884234631315,1.6390424824161687,4.788393032136675,4.5909533968654594,3.250874492527056,4.618486109004444,4.049410874016796,4.0957681988128805,4.438388906172832,3.344273098258786,3.2877059164166402,3.4201705848351525,4.140172748106707,4.302907373213028,3.4260242868003243,4.463394086002106,4.057798365980769,4.520184056339705,4.5714697033431015,4.362193565633862,4.741909882778528,2.7927826049642612,4.359928439047485,3.6666850405463767,4.206322912014674,3.9177645683188325,4.273754604851759,4.448770248153297,2.180660530102992,4.045697480501501,4.349382400408666,3.1947917047277956,4.291719851361935,4.48512809339453,4.714961115408093,4.5348469765866035,4.519383661376665,4.203032952880882,3.600874106145815,3.186700245966979,2.521629389868986,2.9493900547663987,4.648797206817541,4.435026314814945,3.316568527468587,2.9157530671690433,4.1031209666724795,4.3539329645402525,4.442370852990602,3.0984441269842415,2.5004632349536644,4.167983196960598,3.585492769615224,1.919555052464978,4.165336687086527,2.253789228113768,2.7269775933934985,4.495459860765148,4.5831675669111895,1.9664434183300366,4.345269781809383,3.924011230405752,4.875928930059863,3.0546620272267626,5.116826665037483,4.251392347377166,4.33224866650997,4.6239473335898165,4.014669043574518,3.9849828256931716,4.747719941210112,4.518174086405693,4.564424255334467,4.07028728043755,4.777003611601497,4.680080649496427,4.732180301953867,3.083618412790395,4.446934119232466,2.1064972776560142,4.444689451493444,3.5064139276533206,4.821970548173092,4.542755401049231,3.9154016568015706,4.728173338943362,3.508063888388791,4.170076791181559,4.6287099389427775,4.644573940591806,4.773623696654188,4.463251329445435,4.103329324199552,3.8474569409607735,4.661503043900049
CHI:77,0.5291154347398475,0.8751748086728334,0.7624077304004563,0.6834115865557319,0.7559861026371406,0.48123924806001217,0.49951548761079717,1.564341964549416,1.6678416424570819,1.4345338969732768,0.9963740319571933,1.5484384566238991,1.9968574674680704,0.6573876559880867,0.9261587323105771,0.7080414154033431,1.272866899375424,1.0813294994197369,0.9855389545043645,1.00083178188838,0.6194478510041759,0.5227614785707526,0.9263548652194175,0.6152579448554737,0.8829909030990278,0.8202846219394848,0.8327505353339639,1.3961821151485956,0.9736188613405716,1.196229360577666,1.0973582338403431,2.1148611716420325,1.2837750375103603,1.2274660456675597,1.1925164225436622,1.475742177007507,1.7734745304854376,0.9066421683289929,0.8846398309115897,1.4849390720668323,1.12527869475926,0.9457401733199909,0.7456381215621468,0.9494316118041685,1.112452564056609,1.1857459769351812,2.243792873838483,1.2582288053368957,1.3045613607673479,2.0852332584852302,3.5908771121332776,1.484814171242502,1.6403158893766603,3.8420238073671173,3.6719106538612754,1.31640232890738,1.8031601284262533,0.955890586874333,0.9016676282305215,0.7901130196865905,1.5293706937696114,1.214923528705471,1.0765803552335678,1.3697262666962775,1.2803281864414406,1.141289185998222,1.368734362130318,1.3484095895390789,1.0457904834531395,1.4304354157469483,1.1148856617067202,1.5743675160667296,1.2451945222029752,1.6706880613748432,1.4645982259110155,4.145877493912074,0.0,1.149518272923923,1.0242604177933026,3.5377092594593833,1.273794200540545,1.0499909369662426,1.460470769164901,1.2463117247862225,0.9518910162414037,1.070674930155838,1.277071430111295,1.7777743463124753,1.2687641580800701,1.3279397351620386,0.8749735082339636,0.7473945246836978,1.1326559065014092,1.184868459040388,1.3046587471786721,1.1119339997043127,1.0828805773668482,0.8910083330438859,1.1662344625404066,2.3761124858792213,1.1790709715551313,1.5871476633080508,0.946477005329835,0.9952034912271481,1.213585179287785,1.0212654797180796,3.3518262696330394,1.2299197611232102,0.8432072655568998,1.8260384004276118,1.0127745113799915,1.0303515502513805,1.3872719637895121,0.9291019875590888,0.9018637024296021,1.181532643206798,1.5833320992757949,1.5678252977907814,2.3925040791008563,2.285298992586398,1.7478034659029384,0.9643933681166001,1.5223095318667947,1.792716275702067,0.8499664307458344,0.8544706454365816,0.9050151015601824,1.693965410877251,4.725857366075639,0.8877418173066759,1.0772838991648082,4.170148021757859,1.54604831055552,2.574642675102545,2.811865309648927,0.9825548049320748,1.0110785106546882,3.1375590518724374,0.8622297564392588,1.0550620713608634,1.2872068488270128,1.8367258575394612,1.7321547437986549,1.184257244480952,1.1017040066019892,0.8914712753589596,0.6009156980631407,0.8462469580563836,1.2029817751873835,1.060616966322213,1.238424400909617,1.2351940300953221,1.2950593776000376,0.9331281574260616,1.6295694842551003,1.5993992907080576,0.8110838629574713,2.755724344914797,1.0043736487455,1.1649867151371682,1.5051276588296483,1.0217169745462216,1.0488170397328156,1.3038950218231553,1.0485183708310701,1.1653239707534016,0.9852924772818364,1.224247222316653,1.390971653044313,0.941019789672743,1.0181941364343314,1.2798817898215935,1.3915046830206728
SP:01,1.2040423405267144,1.0306113979402542,1.819127968140426,1.3014900888999377,0.9639180144502022,1.2820125459457805,1.2864492245712649,2.2442125906669514,1.39869798975146,1.3257251809852013,1.051039271888372,1.6267158149387229,2.3930927096036294,0.816663530017833,0.9029812332499334,0.9170373701129304,1.2373593766796311,1.084758953419062,0.9116855164099492,0.9353150066750069,0.9621267573470367,0.9004688262372463,1.072870194818747,1.1060747738501646,1.1060180810930766,1.0434007601812965,1.281106760913746,2.032926951908616,1.29817049253777,1.6184183114184216,1.5577455886630425,2.822533439611351,2.1648949028010067,1.6949371172361276,1.993569617325634,2.0347606193065673,2.0716359393931576,1.4142249490917909,1.582260441546268,2.028865321205526,1.8402662770069391,1.5274338761741868,1.1906673472370248,1.2418823542574484,1.223759757877497,1.5020008977243662,2.413779201750445,1.343446578562311,1.4436798948612912,2.4805010647598427,3.9916376254754224,1.6297566568549562,1.5762298249965623,4.147931934339234,3.937629654078233,1.3313714534434158,2.052257340242793,1.1232861634499671,1.3048172295063791,0.8685958452580331,1.7371686650298461,1.1140246348805651,1.1057985161113009,1.3582954258367057,1.352981329397077,1.18300625462205,1.3563125429006326,1.4677763898054155,1.4693826881142185,1.4110665944357617,1.1536290972293686,1.6357130350685163,1.267141839982754,1.7445818896601553,1.5193364922419297,4.5968785851599225,1.149518272923923,0.0,1.0096687236908322,3.8620334292943452,0.4235872196884038,0.5923735871306539,2.0670655609385515,1.7004448573347937,1.0510806084637796,1.1426450036705005,1.1585442132747696,2.0334974131974435,1.5406599220164081,1.6349896157982304,0.7888044368473762,1.016036765815211,1.380226869443836,0.8393594655763292,1.183751692235558,0.7386862682737881,0.33717833286637355,0.4346809940677798,0.6590007584701463,2.5191364098373206,0.7072858993348101,1.6478821862900397,1.6129680393448025,1.0081169523651778,0.8392154313699328,0.6194705729328278,3.6735319744094688,1.1169392118829577,1.3813816124040486,1.9643509786804128,0.7732162179441883,1.4607368205250746,0.6904750956289339,0.5585660105583121,0.5931551328803869,0.6291915018028836,1.422976985252199,1.712676685134737,2.6939061505206428,2.552061696332235,1.1405062538390707,1.475884984773612,1.7387486075331942,2.102666074065041,0.9157347881183896,0.983291703376056,0.47211286189294255,1.9001250524854263,4.943322417905729,0.7378108700667361,1.4552891965933528,4.5211231107330585,1.3961741628247326,2.885477501527546,3.015791823218546,0.44685859643841963,0.9288195183228805,3.4579742930673127,1.1935397205793414,1.0457363309040282,0.5363074557451187,1.9457912004495925,2.1621345413015076,0.8365366849712035,0.7342507439834578,1.2500670991764005,0.9528535898250553,1.2309951043381049,0.3415568591801248,0.4840870842944487,0.7152917760951184,1.1132687462772888,0.580316302048467,0.5799779497614591,2.0332403059277877,1.7386646139305326,0.843734948368247,3.144044323388531,0.578089226982829,1.6646936032308617,0.8427619349128357,0.3798009622723797,0.7922493622992591,0.690849986342639,1.3562545338865326,0.7768056920902772,1.114125126729416,0.451950246324773,0.530758301398608,0.3428143516355067,0.934980532946537,1.064408772081114,0.797403228813198
SP:02,0.9939091672873168,0.568686664613921,1.4423350999882116,0.8377171687691399,0.7223041285795433,1.1860486518366467,1.0765920222308885,2.197822811256615,0.832093779609661,0.6796438584401885,0.6679517917939336,0.8706527739699078,1.8440755338149324,0.6786956395779662,0.5631928900002117,0.6151969631434232,0.7368963479219627,0.615438046633904,0.6882289756535985,0.7413447487748174,0.8759853260276544,0.765376363508598,0.8138625869319283,1.0096787715351327,0.7102898860206589,0.732387349409759,0.9210130352382692,1.8299194170711754,0.893193564129699,1.2141021065286617,1.3264750569062354,2.68453699335445,1.8780874937417409,1.4938592543501963,1.4661441111436748,1.4512330664577193,1.698385765347827,0.8917180394311924,1.0700867438485533,1.3975668996550614,1.4236460673530245,1.0402494902165145,0.8275444284541523,0.7143786134086396,0.7065499336020967,0.9681759499041429,1.9326055969965872,0.8339608478930803,0.9695072529661843,1.9352040903868992,3.4687433361274524,1.1102754173973548,1.0908949378112325,3.582970932696458,3.4127153260183505,0.7864825330049011,1.6626664238363738,0.8579728862349499,1.106425697039186,0.6598989761532046,1.340674365110961,0.8345042993623236,0.8905121847801309,0.9578047299471061,0.9200552457313023,0.8228630134941414,0.9722145409312092,0.9854801625385788,0.9941860168823582,0.8779512879708501,0.7629858089543898,0.810763132230339,0.8329227879764244,1.1284000612189802,0.7703310776322314,3.939884234631315,1.0242604177933026,1.0096687236908322,0.0,3.3435427750825846,1.2030332952090663,0.9606347847160548,1.7719106059630116,1.8024567352228815,1.354715913778295,1.3417945030799376,1.6329793752305328,1.6769447188388762,1.1506904499544084,1.2392930173284002,1.0850468150104802,0.8872888381675497,1.1709406693717657,0.9512774250514325,1.0471780372269834,1.0325953343018153,0.9797430000252405,0.7607297764527721,1.1068825043441222,2.1947555752240144,0.8530374255774176,1.2913204264598244,1.4778700262885276,0.6353402815021355,0.9049172170831672,0.8529055807680308,3.167991684603835,0.9421120258390736,1.252710469679304,1.5185067539904,1.1231518454942042,1.382218843389466,1.094744038743928,0.9099944801053096,0.8906132008094811,0.883489070585276,1.2301118053920796,1.394571825291063,2.2571889560828042,2.1089314722347248,1.3145062562673224,1.43244917045632,1.3501486198206873,1.7084133975488345,1.0588036502023905,1.1200385629332252,0.8990992652322959,1.5089847610642173,4.300946158082145,0.9768236225371675,0.623287826541533,3.857251480814187,1.5614221973576872,2.48635287437052,2.6520713519748353,1.0013566113055317,1.067769901677969,2.9406946007679284,1.1974063145399059,0.7781738904357364,1.2225421969096535,1.5871166583511225,2.3914171505552013,0.7247550487567146,0.8709554360671834,1.5379766057201725,0.9089720536030945,1.0691745918758813,1.1127948202274287,0.9285683531643666,1.0369644757310472,0.795980100377234,1.1499087643720507,1.0038857574034241,2.1498747216146934,1.363661680541994,1.1047723723787353,2.596210195473044,0.8621935194455571,1.137741192788803,1.2065390048990694,0.9097492435419856,0.9273842231729961,1.0163144127148038,1.076865515331872,1.059041241003986,1.1946858045945208,0.9467389756941978,1.2937406640078126,0.8674495110989336,0.6814204518047706,0.7914944949515237,1.0801490262665545
SP:03,3.421960816336719,3.3817490195454747,3.2938839604227246,3.2951253236283033,3.556697090864983,3.77502966325926,3.5314453627733595,4.254945581242328,3.411979058643448,3.2382351039985218,3.3435690582351336,3.0104184506288894,1.918819836579827,3.507536851302278,3.4225075083739473,3.4538052874518743,3.2847013126008586,3.3264966355081054,3.4178489749560343,3.4023373137995296,3.533359807910789,3.59719176633257,3.297565047400981,3.6775681821407407,3.191660531077297,3.4334134718449416,3.2979182304951253,3.7432362908699326,3.1847761593373445,2.5827819292341756,3.1343158413843857,4.487405285724282,3.4310960419814123,3.7079320456541773,2.934905531765084,3.1765877941513168,3.3711268749589696,3.311329927680017,3.0064460494946377,2.679606303564723,3.348543725623589,3.184572282274187,3.379673319263922,3.151169801144683,3.336105778244527,3.175947094615941,2.1061859951201525,3.3666968289859063,3.2900374933083376,1.931430719828304,1.091811649467202,3.0867168673802574,3.2302488683771755,1.154028853212891,0.8615722259914699,3.2505323642891026,2.22045251322902,3.1594125870687395,3.356561304353045,3.366102444272901,2.4923263377907605,3.3900290946083156,3.3403270232156297,3.2358692449046416,3.218059805758878,3.304084597042875,3.3414115902950363,3.3158501285403723,3.1441310306682917,2.993112244717511,3.355281665321628,3.0033358104921284,3.312431571483427,2.7495693710414963,2.9997102236849864,1.6390424824161687,3.5377092594593833,3.8620334292943452,3.3435427750825846,0.0,3.9953024265163424,3.7984370064360813,2.9578128737377236,4.096581388444402,3.419096179123127,3.644336659989087,3.8687598962883394,2.2734586247774557,2.800973570382886,2.520279200723917,3.474720597391241,3.7182015523339356,2.648756393427596,3.545066859789213,3.1459413645038885,3.604273380775193,3.8759584300495127,3.6617248432474936,3.844838401339841,1.7145018866691426,3.5027543039187083,2.635253670109383,3.736142592041307,3.166488309583362,3.4001116459945475,3.6275303322150783,0.867929806504652,3.1009197336747407,3.870955411280515,2.1520505792196842,3.650713256811853,4.018056303521173,3.8422280223497225,3.7339528323430136,3.7133945563898054,3.3887016898702025,3.0417955217650574,2.545535240371617,1.4022801097543853,1.769293943855926,3.756176754130297,3.925653248621209,2.3917476438925656,1.9217844824840202,3.475812014261654,3.6629361768265576,3.6781013803441263,2.271200464583811,1.7823837751473792,3.5068134917505445,3.0664154381749413,1.0207801339753162,3.842328911892322,1.3253990037251226,1.471773786155353,3.7452482537013507,3.9021463705971438,0.7500889951412542,3.8678867567476,3.093299503082607,4.08611453683245,2.0411969456319112,4.674925385941451,3.424977916220611,3.4635895481836396,3.9943773630041055,3.4388942740561093,3.4681048068988747,3.927636317814225,3.7204987360053217,3.773757203427816,3.183906648319487,3.8918067208729723,3.973278154683064,4.408267515196146,2.4074574597627674,3.8359501520367054,1.0610657722789179,3.6739733840262825,2.7618277497598047,3.93219386024438,3.779921063523724,3.3069939193453766,3.8791888125989646,3.0170131990080025,3.51267133977027,3.9579497551750156,3.8825248099803864,3.940830594181841,3.724269806799037,3.292763151766167,3.052956083697152,3.7501103821980917
SP:04,1.343337518357308,1.1429090452825148,1.9896956833070403,1.4347696609613463,1.126699177250881,1.430939581873409,1.4487963315874977,2.4558814495522814,1.5053700324214565,1.428726439606841,1.0963559985826166,1.7327681395038381,2.5824587895260804,0.9270756956386852,0.9741865373671468,1.0583525896067068,1.286973764084814,1.1798135794334192,1.0032441603198883,1.0542143554447827,1.110548220794117,1.0608733959204308,1.1641601696800943,1.2843789192093047,1.2083556040518975,1.141115660920429,1.347752393984352,2.2375976907368083,1.3918818978660137,1.7706976214869004,1.7445129302690834,3.008665204884176,2.3290936396266404,1.8200258297161345,2.141397302267816,2.09666385030519,2.1173222600088777,1.5316014051831495,1.725403107519702,2.134712626220158,2.0262501711088508,1.5997235960769747,1.2320891444781605,1.3182690567750275,1.3169584946662878,1.5281603851763144,2.5558827545960154,1.395712801404363,1.4353962017849375,2.6394135296362635,4.125378204965186,1.6642988507613528,1.583011886159847,4.253572802326714,4.06254730747578,1.4015016946413081,2.2280726552626127,1.221293448894079,1.4247807494667666,1.0234218703852076,1.8679381861859279,1.097264892766322,1.1290510971398477,1.3952048669930186,1.4113390241062693,1.2040927308118128,1.3469675720567784,1.4915699551326387,1.5665178372968052,1.459813582694735,1.1622262226628952,1.7552234285930637,1.275812799307155,1.8260906910537729,1.63599374706048,4.788393032136675,1.273794200540545,0.4235872196884038,1.2030332952090663,3.9953024265163424,0.0,0.45723319727616324,2.2283927981547507,1.9155056059208129,1.1670792958105791,1.342527401381704,1.305884041339241,2.149125341519586,1.702415614822442,1.7453258173389328,1.0579704995698878,1.199991061568698,1.540896597319065,0.9294455983058425,1.1464795771656584,0.7837458593845692,0.4478558448137494,0.6696128924340756,0.6405931917735084,2.6256168248140193,0.7619084916329621,1.7025120607750621,1.834086126928901,1.1342698516716831,0.8126715453056044,0.7073414604590516,3.783544057014636,1.1373422646355105,1.6051431463713357,2.0520967887611743,0.9919465845936021,1.6681122621371904,0.5704829728462278,0.5001976660761637,0.6884846595588355,0.7168444707777888,1.618675692806817,1.9486907368988982,2.8409139728700334,2.665889326052457,1.0245973536559478,1.7221628167581957,1.8716960097917263,2.196809139687272,1.0823446128772274,1.2693253864702077,0.6034475951601923,2.098275906935007,5.0267813631855365,0.9907378751964151,1.6121543579927948,4.623581562358142,1.6442227348128873,3.036289267848198,3.1488950975047083,0.4754145776029993,1.2489237375234046,3.595751125326644,1.3991735222915183,1.1532891044665625,0.25514782627690386,2.104416100497822,2.3140956861596806,0.9945569990343914,0.8585611472861464,1.445985634806348,1.1533507793662485,1.387095513931126,0.2572024124059594,0.3813640353815912,0.6115759823943995,1.1674994107990138,0.5233505362246658,0.8113882338273195,2.1972200615376636,1.8362476482153118,1.0682941138721105,3.2753842097222825,0.6664235557452197,1.840377042727407,0.6172612333891698,0.574163013572366,1.054078035152706,0.5647653005413937,1.571141875989347,0.8992644945385864,1.333814243139385,0.4599672332244362,0.3206625629177556,0.43706284887259655,1.1109991558428174,1.2466028538457365,0.7580577107364121
SP:05,1.165602095147382,0.915577570433951,1.7485465926158765,1.219912702119168,0.9960482020604152,1.2598970521925263,1.2724490477713082,2.369535443423766,1.3742486841019124,1.2511515689692483,0.9303503181488156,1.516762737726106,2.3989655497955407,0.7449093963808663,0.7764558003456393,0.8802743388525993,1.1002767501890705,1.0015047011041542,0.8668864537895697,0.9644509954759607,1.0056026557034874,0.9235542872686083,1.025916578354865,1.1818265861961788,1.0284828234544963,0.9684289582004204,1.1415916616956916,2.1349141312261013,1.198450296560177,1.5993417961263483,1.6740568680149173,2.9040297907975305,2.1295627937785944,1.6752973459441907,1.8637834838544396,1.7562254731957025,1.957203297103866,1.2560398240718438,1.4288939471054782,1.8614198520033607,1.8283703747264832,1.3194987636737434,0.9413770101674196,1.0781245314496286,1.147563382136194,1.2798288101902653,2.4448674063261033,1.1966381368658354,1.1749522499989864,2.469689495466513,3.9663067760246844,1.4590027337481624,1.3783557628787748,4.052858082464908,3.8982626318843834,1.2586630258245837,2.1432201262695445,1.0950479752007607,1.3412874627859,0.8884819083766805,1.7658191684262972,0.9399534802429086,1.0022228293336888,1.284140859521635,1.2856386380476383,0.9969974384450181,1.132379484181076,1.2422485637575174,1.3369481107281125,1.268510770750294,0.9315765130166953,1.5395441534497651,1.0463750250150825,1.6210489465447324,1.4226415886155754,4.5909533968654594,1.0499909369662426,0.5923735871306539,0.9606347847160548,3.7984370064360813,0.45723319727616324,0.0,2.08277258709012,1.8158430050397365,1.1921716881653972,1.3611776101491637,1.4396846052472614,1.9055521795992685,1.5081726965545026,1.4702727634177482,1.0788884312361064,1.057207918628335,1.3865662671769943,0.6945696094482867,0.8647485467869511,0.5733682125897333,0.5827896821372889,0.5931236689159016,0.5186792106539861,2.446616422240693,0.5734262382556637,1.4311974150717843,1.6691805226403966,0.9043057313898087,0.6507277609607698,0.5121347101692375,3.558036719921463,0.8670277874351171,1.467128528359481,1.7970840038135367,1.0592305002883993,1.5639803980153113,0.5133331741819497,0.2728878255290653,0.543905287116153,0.6309819435719333,1.5647689501532667,1.841916721453571,2.6235726986764516,2.4188851518584307,1.0005742597258862,1.6101183061412847,1.6259985780401778,1.9995038825308777,1.072313781390299,1.1597859898476772,0.5555107473381607,1.897642062683727,4.809422050248407,0.9863078624752325,1.3252007253061326,4.379418059935537,1.7131705267679491,2.866772207855665,2.9611145634207094,0.4981954717147421,1.1552970156368614,3.369528453463365,1.3200186089847015,0.860657955421926,0.4329792947288144,1.921483533162754,2.2827595656610167,0.7421840588018083,0.6969545796894573,1.40639846020108,0.9858870581943115,1.2882348554886556,0.4636079900335093,0.29640975879738113,0.6312711426674024,0.8484636696885873,0.4733013670466915,0.7810451036566035,2.166714747774183,1.7123662041930303,1.0276068714804565,3.03925546529824,0.5620355548918771,1.5121514728203198,0.5720227006397881,0.5662141797664751,1.066589956269339,0.3917942570676891,1.4504337220388221,0.9278028186971864,1.2244593266733304,0.529507930039193,0.616327982707379,0.40810910580679005,0.8625514783421894,1.0781245285858903,0.6149188205068153
SP:06,1.589580934372148,1.8444459051450341,1.2491620351908834,1.5127056476311673,1.6127336889301582,1.5157861058527993,1.2779411369910911,1.6610488066958906,2.318691535638824,2.0271233815309775,1.7618071347942288,1.93894972276903,1.6557349527979943,1.740734063682513,1.8766569863681328,1.5924481713222278,2.091924947119289,1.9222805619088694,1.871450757466745,1.8721126501873173,1.4201341892646417,1.5200175464886365,1.6988597433176076,1.3603121869787957,1.6533096165424566,1.646659472489772,1.5728864843366788,1.188383764226832,1.627165831838095,1.3503604499295006,0.980484592714142,1.7829471848226617,0.9664635171794587,1.4327845064508355,1.1610584700208277,2.0528189700286115,1.5877686319948345,1.7780732340936352,1.5790405669498766,1.9125913658024676,1.4480449710016858,1.663754794152143,1.846809939211547,1.7485117108399981,1.7563944037171948,1.9513304009828232,1.9184720506316868,1.876735001667646,2.0890260655522206,1.4893158393060713,2.886434777716341,2.1002002460117573,2.398436190863069,3.253758538139224,3.1198448901999933,1.964893160463706,1.4012534300583677,1.6236443286728661,1.3273932573649558,1.635797009503151,1.5793244839588554,2.119584979283141,1.944644986468922,2.058643642746685,1.9255323838679055,2.079035976491442,2.2132837335077955,2.1093048339981477,1.6424039364040834,1.9858961007601834,2.0567286626682773,2.0521159890884886,2.037927419788943,2.0814308949192215,1.9711961421123947,3.250874492527056,1.460470769164901,2.0670655609385515,1.7719106059630116,2.9578128737377236,2.2283927981547507,2.08277258709012,0.0,1.5769209124122199,1.3411826604158779,1.286064212127652,1.627216935463059,2.0255153840619435,1.2035270245887268,1.7522553917082628,1.5040407869904764,1.7370778990631743,1.3221559321887426,2.1527541147147007,1.9815490092713774,2.117098394217814,2.03634040027225,1.8197624171229256,2.2686826500842328,2.1553723928284687,2.1270651018674154,2.1092623360554774,1.2808268677439885,1.827400606686458,1.9958926429063646,1.996743744068189,2.9571982430310886,2.024379574444149,1.5422218980337188,1.995393788144119,1.7156300646464193,1.5612077441542298,2.3936218666387306,1.9890604531032727,1.9893743019389933,1.9500526720272886,1.681611891105979,1.4137411228425998,2.1539084860565185,2.2630727904417314,2.651090474320468,1.5832296485662032,1.7920055444427914,1.6865524912858294,1.3514046089139136,1.7166173042007498,1.8560251607781995,1.8993668770491707,4.348318563635407,1.4951453508225938,1.3922436892638128,3.668796985096348,1.7573397975713982,2.2172637730861897,2.626346994249861,1.9753161747416956,2.011005551013782,2.662784627764434,1.4285051621976137,1.781188803488274,2.333137404703082,1.8480962231788414,1.9586163220270034,2.0590945159772844,2.0399946744729625,1.5801681953193174,1.3311283770866433,1.2803330230791157,2.206715602526102,2.0275952898784544,2.167386965018538,2.0169649600236896,2.3347300096599346,2.001265093968961,1.590066939870475,1.5231309133419721,1.5865141260695685,2.4101291600236703,2.055075987445809,1.4678462558952277,2.513812168711506,2.0009632942545204,1.5752738534025765,2.315403128366654,0.918723499469841,1.6451663855117393,1.8567632969381587,2.2141273031927633,2.3395577208726794,1.8979689693932091,1.8735891329888912,1.7995343518640112,2.4300549384231056
SP:07,1.4842647565627924,1.8585571392454578,1.3718271664906614,1.628594484643971,1.472249538227998,0.980431489847695,1.086845678092776,0.8667606680866885,2.5114540728880783,2.312917334677411,2.008615295825238,2.440234902243625,2.6129121984184622,1.6527096670311685,1.9216560159534837,1.6592008174218293,2.2857184259154266,2.0532983958935467,1.9085155078632465,1.8944815904062287,1.4661062216267127,1.3634344868937516,1.8516383091285855,1.1484985476094165,1.8609696691467343,1.7027409168889356,1.7150064606317128,1.152455322086668,1.824409982213079,1.9440689837211487,1.5469318991268082,1.5417935306414787,1.2144108971984908,1.631332294285371,1.6060693423778172,2.330317861781881,2.2688383267586403,1.7038009368830511,1.814603654876494,2.368565617045154,1.3906440506969608,1.8274122952496186,1.8681146259101433,2.0142982557297753,2.056940243980068,2.2720621947056396,2.7692170497593085,2.1794320584315816,2.309215305146383,2.659828915807256,4.120912350131874,2.5395583337601475,2.655486446736859,4.461654898172172,4.287721800403296,2.3111773218668104,2.4021850125642215,1.9357778372528667,1.6870024467005038,1.7125163380410575,2.270729679252693,2.2556434979076045,2.0653120593902186,2.393014674177072,2.235849717412954,2.215866252781114,2.3532897240721122,2.260306147455359,2.0483864000668706,2.442285211934815,2.154912397989894,2.4542585605506986,2.2883482500788186,2.585450726610888,2.3931641468643976,4.618486109004444,1.2463117247862225,1.7004448573347937,1.8024567352228815,4.096581388444402,1.9155056059208129,1.8158430050397365,1.5769209124122199,0.0,1.4430729438237204,1.300619702828901,1.4024092055084194,2.4100945908076428,1.775554692067626,2.114509681075383,1.3367117925110743,1.4244961520892845,1.7890421551176368,1.8209119874917208,2.0947360857343837,1.7661063731182518,1.7525619042514626,1.5396539929401158,1.8044572345374545,2.9150980241810562,1.9540776618311406,2.4040343127894617,0.5459353733533402,1.912857814513717,1.9967305088067124,1.6865040896285608,3.936977737451417,2.077035953905383,1.0097213483886844,2.5732905407383693,1.5861823223375096,0.8492354633891673,2.104906019634054,1.7069866113440795,1.5890206874695674,1.9330039385917916,2.1603274448300196,2.036285596562822,2.966061211797774,2.88854808002728,2.605147828444585,0.6650331471770862,2.198013145694913,2.5168519264297102,1.291518107393807,1.0332161581073678,1.59551709025536,2.3519139431884297,5.505623003148116,1.2869161594024394,1.746226441041657,4.867782678811531,1.729623815708002,3.1055959527632866,3.344161119143323,1.6960569266534384,1.25139048254989,3.6849580207607042,0.8787260931379108,1.8546095746705704,1.961746200526181,2.4807932248433064,1.006186541060456,1.8976651673007845,1.8635997265024289,0.7045044699273388,1.1564996222524846,1.3331747557651012,1.8470996810880136,1.843412084157382,2.0250248842310663,2.078491862135589,1.9045376379166343,1.3402540798730933,0.9138742927351649,2.324098111632131,0.9636236358480039,3.3616872121147474,1.745717325247066,1.7412335136889032,2.265128042934085,1.567934123577279,1.7074161676554032,2.032214369878399,1.511341346328536,1.7505028295922018,0.9642292927082666,1.88109592950029,2.0690767114354998,1.6335931314077161,1.712334970779029,1.9374720386749524,2.143384692656758
SP:08,1.046275075815306,1.2511225670729182,1.3253245262705147,1.0911805447098466,0.9970399431209181,1.106489448977371,0.9670542450461918,1.8181302747458903,1.855443045082975,1.5986494832470872,1.1715833196095098,1.721720258534597,1.9194479552572028,1.0061803849969526,1.1726041570776282,1.0150045839077417,1.4882942978067988,1.3163383637362165,1.1347076352703864,1.1526732507796278,0.8316196065251623,0.9138550051271789,1.0140665324853386,0.8876702424171901,1.0538076495827013,1.0312199260319357,1.047366489666179,1.435915449822747,1.1218532529259615,1.153557902337276,0.9070906511939485,2.304306783826546,1.5733196240245746,1.4590950467659904,1.4972894155624932,1.9582481604649573,1.7649502318424073,1.3624502066991993,1.3599862335509938,1.7759817042250006,1.4500246037051125,1.3054505992250227,1.276320936052183,1.2306912459531063,1.3076025277216095,1.4818284447344763,2.0445421241392707,1.4412093870324656,1.5272942449289357,1.9278233217099978,3.4436969620970643,1.6695739211829146,1.8396220905875023,3.7263635812655647,3.5423763895781506,1.487874837400157,1.523100347741731,1.0066557932422078,0.9171450963503576,0.9491946227719605,1.380176678427547,1.398247011632899,1.1998346629956704,1.4995184771550931,1.3679982013123382,1.4049499291993146,1.5532541992642508,1.5637731894330495,1.284604841191513,1.525891470062941,1.3865978188697967,1.805294201428442,1.4616168280529023,1.7546619752539259,1.6603481948166903,4.049410874016796,0.9518910162414037,1.0510806084637796,1.354715913778295,3.419096179123127,1.1670792958105791,1.1921716881653972,1.3411826604158779,1.4430729438237204,0.0,0.6911032376764704,0.7163700300294591,1.8908942139264568,1.1426159800342215,1.5080537402555567,0.5928995939803432,1.10110845896544,0.9944427454428238,1.4059468636029886,1.4140897119359024,1.2786294018806144,1.0042712818276842,0.9651987714432495,1.3355909004782693,2.2292708169235387,1.2870944856134228,1.751944600736878,1.2649058588862856,1.20437748944074,1.2358535492385612,1.1436187998440828,3.321542795054116,1.3819816458879637,1.191782613082103,1.8990858224575682,0.7279773712662743,1.3573857142965766,1.4745449683073883,1.0837508155949795,1.104410853120626,1.0831877162081223,1.392634434965474,1.4624452956499598,2.374586900666454,2.3521951505439858,1.7613630587721347,1.2938740129519843,1.6118950019840192,1.7349550503257156,0.548277483591321,1.0749877770990413,0.932798555337662,1.7301997664210924,4.66772052616475,0.675534135982531,1.4295008567756793,4.142120802141453,1.2242776359386187,2.3899638354469377,2.7463630542861934,0.9289916335209363,1.3369381082094849,3.09392516895547,1.054347038945716,1.233237024381835,1.2777537340905458,1.764056752399818,1.8468157398176157,1.4003258536367023,1.2253224924114028,1.0298515381906657,0.7387716764107892,0.8433484097256913,1.1506433530413318,1.070224504130304,1.1558408460707323,1.4841121262963362,1.385954098886654,1.1092892327565027,1.6481973710084146,1.3652372294930761,0.8417844383793854,2.776711882593114,1.1083353387330528,1.5526347333652877,1.583675457923806,1.0496028100322559,0.7597883750465273,1.466682830260908,0.9497103933073877,0.8765304041891224,1.2732316790379516,1.268649130886535,1.215995989489303,0.9423955105653382,1.2622907651410888,1.3342188997399649,1.5513867228088492
SP:09,1.2519176546694697,1.3336546491690389,1.3951108850762346,1.2500354021438158,1.0832291694357172,1.1541840655110243,0.987631569820773,1.6606395918648236,1.8630375018099534,1.6216047678146792,1.3029409577994266,1.7526736258152789,2.075090059047334,1.136093513933206,1.3302057532352407,1.0252698304799355,1.637196274850724,1.443278182253727,1.2756352451134108,1.3020584437668075,0.7616035942940305,0.9205713879710568,1.1962652620804952,0.7685521061277573,1.256359745077104,1.0973605160275155,1.2474578986233134,1.241535206953878,1.320264251299454,1.3640079410151849,0.9187197576257405,2.0687465438569688,1.5217999184936692,1.1103447123060337,1.5346337831829948,2.0909764753042173,1.5553358812039857,1.5397504681943606,1.5581479683994377,2.0332383620401093,1.531774021863915,1.5191786692619136,1.4797011377280187,1.4072800005367547,1.2778748586880133,1.6580772953222822,2.2666279611403475,1.4715254281871444,1.7265278972733378,2.0361804388481364,3.6316969125220098,1.7889866955598335,2.031641042903533,3.935627152970151,3.7352381592957666,1.5538500064679974,1.7073163152286972,1.1660546810117096,0.8986404020869039,1.0252613261434111,1.6151214392703264,1.611280136482045,1.442153460322205,1.6554188538531007,1.5162011463414482,1.6160381917634334,1.7825694379571535,1.7108873172536825,1.3945089880435884,1.66494500954789,1.6112594396299782,1.864601402364918,1.5991239724543935,1.902681669745984,1.6875566717351131,4.0957681988128805,1.070674930155838,1.1426450036705005,1.3417945030799376,3.644336659989087,1.342527401381704,1.3611776101491637,1.286064212127652,1.300619702828901,0.6911032376764704,0.0,0.7547889994009644,2.214789285912761,1.1839816516816142,1.808149660289964,0.7402321454721504,1.1782355751151719,1.3105570239170088,1.600164490961611,1.655312852967173,1.5247588094317723,1.1250253258266503,0.9989028577245689,1.559789002104511,2.5437898490299085,1.4896626100172055,2.0658749525660633,1.1685338459486758,1.364047386001948,1.4452455845529213,1.3254339129624944,3.604832636035327,1.6903197919741577,1.0955957438433734,2.1542157288210952,0.8481226796038521,1.1494867503727109,1.6509096275921271,1.2949721710096562,1.2991099378331212,1.2609672413523076,1.2556481734792018,1.4741842798915004,2.643703760404138,2.660115538632212,1.9697452498655466,1.2404620790430292,1.8973821451753201,2.057315052272958,0.8156991528811902,1.136492599883325,1.0688581465663884,1.9981597311487764,4.930407386738881,0.760948432484789,1.363665239674973,4.382775382688835,0.740166207630268,2.6814533009647157,3.0730034899417378,1.2004064220365285,1.3333228465139564,3.305394014431325,0.9248119959003012,1.4147148270429615,1.4550022313555333,1.9923501795025917,1.6313011337690533,1.4670763167744352,1.391789479789516,1.0129485019173146,0.8266692667787144,0.9461384617796815,1.3361157561932884,1.2567441085183795,1.4126136984712179,1.6442294082309292,1.570344752941625,1.197270436460071,1.293269187171174,1.6708608292671634,0.8478690064853704,3.0318365358139,1.3583702529765709,1.6158337403472647,1.7922943389829022,1.20997875070882,0.8078851737291818,1.5893067643263767,0.8443393894906299,0.855991443016118,1.32204206678422,1.4119727413608942,1.4648558093670838,1.08943205252658,1.3936903160488106,1.3870870421476276,1.7532733774606963
SP:10,1.3597249382586474,1.5845571760707444,1.664281162091127,1.4620382225030844,1.24039558566668,1.2773018996899939,1.1959804477171412,1.738959899492978,2.148366726466447,1.9765351575041576,1.5645706231469523,2.133756155154188,2.3589965288392545,1.2861359388189209,1.5031849007011178,1.3514349637768164,1.8502618304272918,1.6474385576845456,1.4157672981937721,1.4217924718340302,1.1192271999471766,1.1429721787575615,1.3985421766256252,1.0747564801397749,1.4612181738883316,1.3868730216167484,1.5161073020781801,1.563215036906645,1.5667306057321657,1.6291925919656296,1.2273255842051134,2.2387984549162447,1.8100608340814064,1.6637597770001542,1.9446441930919758,2.468593935636484,2.095850112348007,1.7122764315610286,1.809446002528648,2.2221349373600128,1.730231833138089,1.7896588161897806,1.6627156924048474,1.6377908529202736,1.6960772464559406,1.926585103811873,2.4439423774289426,1.8410636635641369,1.9514373675717687,2.4090462562212194,3.853479171822777,2.114308077635533,2.238483660152342,4.180419048126715,3.9776752082505533,1.8546907147924345,1.8943095146486175,1.418651482475984,1.2761093194688726,1.3177562034547707,1.7907029596927668,1.7093865644530755,1.541952500846506,1.8732791701757359,1.703846778014545,1.767330054609481,1.9439350441180974,1.975061870425337,1.7274522870607203,1.9449734012303326,1.7645815043245232,2.1500372261890663,1.8764453316459195,2.21408344223664,2.052757014220596,4.438388906172832,1.277071430111295,1.1585442132747696,1.6329793752305328,3.8687598962883394,1.305884041339241,1.4396846052472614,1.627216935463059,1.4024092055084194,0.7163700300294591,0.7547889994009644,0.0,2.304273475471641,1.614899031212674,1.9538790437665379,0.8702339880257243,1.3083023680393489,1.4432574773369322,1.6508643599967041,1.8189105563756862,1.5144079303754037,1.151297543933529,1.1895655911696779,1.5114743708483898,2.6372713491822277,1.5517669912906527,2.1653589033645733,1.3757273858808612,1.5887689820697946,1.5738835973799856,1.3954606202218989,3.739268987969508,1.773566753381696,1.2628622915298429,2.33938353941051,0.9801843805415665,1.3848675608068273,1.6703812903967168,1.3295961512761112,1.3429806299392606,1.4416197473952481,1.759164410784905,1.839705088035104,2.806404700778328,2.7572319308672237,2.007035511750646,1.2750973209614134,2.026911209121851,2.220869587379761,0.8256891209038373,1.2203803022999367,1.196805891218087,2.1172106821863617,5.137151431765734,0.8992185879471118,1.7790574871649627,4.5928482057243905,1.161004442552192,2.8513108393494964,3.13903839895914,1.1344937842741962,1.3808068923374541,3.5231641905946742,1.034729298597868,1.6328063192364353,1.4112561086842241,2.2113976197929057,1.6172972340432628,1.6965347177906134,1.5298549464965974,1.0100795274865144,1.076183320017432,1.0766575207120064,1.287023532264329,1.336624630921881,1.3847670137314758,1.8314089843285009,1.5569349740243987,1.1787577111062266,1.4390189380928506,1.805137182836506,0.9133420392115472,3.2165261992691336,1.3280552147117146,1.9385931919446175,1.7796566165846992,1.1682859725690544,1.0210909797900476,1.6672368622667544,1.3022518864175592,1.1815138518506532,1.3295400834735411,1.425669801397284,1.370295591677467,1.1775155296420907,1.5796909682222857,1.6876750708730415,1.7732517033805673
SP:11,1.714077628874721,1.6844060486249637,1.8706808443865313,1.6915871416555024,1.8212486468985203,1.9836319760624734,1.841255471089098,2.8085255294971123,1.9984540234182122,1.8459888255484738,1.7740841896329462,1.8123920527540618,1.4981808564015848,1.7135910698070278,1.690320294930334,1.8043179987345161,1.7293693395234695,1.6997724604111915,1.710971993121419,1.719710167692597,1.9284832541439811,1.8521577726832248,1.701613097304463,2.024839013682062,1.5689572711853317,1.7730237485592968,1.6769946873133723,2.502547852316413,1.6078782520602164,1.2652361664237533,1.9040114170793891,3.335485745582107,2.155869853630184,2.383062991733139,1.6824819570718268,1.8744367979592467,2.3927368784341656,1.5514717814968093,1.4542359120105828,1.3866626543337484,1.9158910574068997,1.6117499400509065,1.6302200961415234,1.5671041009077655,1.9195285377313345,1.7169364227300754,1.5677518068003418,1.9392879023496474,1.751683533999312,1.7897658292259842,2.5486733839679037,1.844902593823687,1.7741352551067442,2.760041267529419,2.461324420510931,1.8699215605380426,1.5992215901761868,1.6551670694373235,1.9686803725906314,1.7084565203148099,1.3192983270653174,1.704600228337905,1.6873720194085708,1.8305784376945486,1.804986583978944,1.6328900203286416,1.6980280631607323,1.762827936449891,1.7741449772250135,1.6483968546267511,1.6426531564617775,1.6718914672503211,1.7819429431233444,1.5793601104620165,1.7028101950585135,3.344273098258786,1.7777743463124753,2.0334974131974435,1.6769447188388762,2.2734586247774557,2.149125341519586,1.9055521795992685,2.0255153840619435,2.4100945908076428,1.8908942139264568,2.214789285912761,2.304273475471641,0.0,1.547438094145805,0.5419761139957294,1.8465331353243528,1.939587734940271,1.0287335132121138,1.5562649280938352,1.2959880312899912,1.5924422077229428,2.0894706182505343,1.833328813990069,1.805662440835505,0.9586405204658076,1.6113866923433466,0.7851349034662775,2.130249496396772,1.4059242438987825,1.627370756523925,1.6860407647862397,1.8780185575749722,1.175373555146396,2.242778129877434,0.6357832828149286,2.089424290086424,2.3145886168388587,1.9445119704763272,1.8104155311502588,1.7427926890399805,1.6689696775145906,1.968583301850635,1.510664480530054,0.9520570777349407,0.7091735438631795,2.100749925276647,2.19655940258281,0.6530506577438027,0.8756615488147137,1.8146140440529386,1.8141061261140048,1.849442238782715,0.8151237319924193,3.4331289421974245,1.8237026505959952,1.6215303407596724,2.8471120076932555,2.591628144446212,1.4760738648019918,1.2702175497900567,1.855600146756253,2.0125000564777276,1.750431413487029,2.149065921894994,1.2486865076198124,2.204589319484218,0.8951579672519047,3.0955080924134157,1.5961371978220955,1.6339584878075175,2.2556706234025383,1.6873148595127982,1.8805070583983177,2.055918124918148,1.9015361360237317,2.0121337486033797,1.3917959924949592,1.913362735514401,2.0410298021245974,2.939612451493937,1.3133859294322954,2.0215714424310223,1.38667407767056,1.7374739029373667,1.195564690156243,2.0418600593602827,1.8480161761465839,1.7878908240942175,1.9963170812683153,1.7443058062574528,2.025540879174159,2.049406267988971,2.011739401611559,2.1225822586451324,1.8952671351799204,1.4052189444905916,1.4137411699421705,1.8261905864699222
SP:12,1.2972275810213638,1.2299572386892508,1.351874937062089,1.1230835752722519,1.216435286093174,1.474385129158134,1.2105240238068529,2.144134939952197,1.6160641789012353,1.2513739404438198,1.1915575086460524,1.265503875864299,1.2702409972364808,1.2545455585667946,1.2622464275981755,1.1299782171603918,1.3543057986656122,1.2919440007031107,1.2712040089202177,1.3788119701619541,1.1693992300702276,1.2231630967264235,1.175738879869278,1.2301825151876942,1.1128270530869637,1.088301329583219,1.0016096671753039,1.451704393159551,1.0779752001883778,0.8803647924406496,1.1175343880775124,2.4961300471834833,1.5628591618974266,1.440853986874867,0.9345980019717111,1.6158167362389426,1.3816266384604716,1.215767140234566,1.1642171130471768,1.3978897995532977,1.246440762508511,1.0396127409959768,1.3520530912929258,1.1289266481654616,1.1020262786195094,1.3291329704671464,1.652616399423175,1.245673303524578,1.3245920983115973,1.2920616643555098,2.9075117678469966,1.4320682919270213,1.6386775186867182,3.0977545718570094,2.95059773541649,1.3350193260836967,1.2689588219133563,1.1567308905620008,1.1731964225410163,1.1474060544389406,1.2050741734938768,1.4833837269793413,1.348974719611094,1.4552871527203621,1.3372132911366326,1.4331261577187804,1.4659730500790698,1.2874949553248187,1.1158116300555596,1.2585984912816428,1.3816570775592225,1.388213794181196,1.332202533410696,1.189462541830606,1.2411602267197661,3.2877059164166402,1.2687641580800701,1.5406599220164081,1.1506904499544084,2.800973570382886,1.702415614822442,1.5081726965545026,1.2035270245887268,1.775554692067626,1.1426159800342215,1.1839816516816142,1.614899031212674,1.547438094145805,0.0,1.2073276551000711,1.1956400885830794,1.3610334337612922,0.9031484777937386,1.5233475367728646,1.2965890281305008,1.537572743909141,1.4968816393254023,1.274598291703282,1.6969860360872602,1.756322746262611,1.4630773865727424,1.4644946626738404,1.4013708437662973,1.1587926564621631,1.4205129448047324,1.3811223390725096,2.7365034815029428,1.3454239284830645,1.4559630968625648,1.3958746458111866,1.3801419146459912,1.5798708623302722,1.7323080542546878,1.4522346378913067,1.4439238096677856,1.2163269348100172,1.2341243322260345,1.1977829912409026,1.8459315963135858,1.8668905107723395,1.9254484991396499,1.6161176266170136,1.245980332722697,1.3607546768215575,1.1588699851702216,1.3532943967337168,1.3604142893955251,1.3610940626223849,3.9412882672575624,1.1880578350547837,0.8875038574609553,3.407336029725824,1.4425018337213413,1.8355006600179895,2.2967357572751936,1.4473309138190587,1.644804705885765,2.454398342618798,1.4039096444338615,1.0933068158393016,1.7622986611074065,1.3468857699948718,2.376230063842189,1.3391554743547491,1.412839509531025,1.6627221632920317,0.975156600447969,1.074706729431056,1.6852559691564126,1.470638850758532,1.5583665371339381,1.3351102578154825,1.7359455125413663,1.5625336352658183,2.026117861686319,1.088857690634731,1.3438966145930882,2.169558990784509,1.4303571572316094,1.1140175128203889,1.8583840208718245,1.4641686006244492,1.0852527298736976,1.7001240412953444,0.9413863996950665,1.254019003433007,1.5721448884993299,1.606697849402458,1.7729846232622475,1.3905937051586033,1.1609002780170703,1.167757875823055,1.7582226440238398
SP:13,1.291406611932993,1.213858525241905,1.4949592833837968,1.234846198768194,1.3770269003946918,1.5817127905277657,1.4199065012749625,2.511058498467948,1.61411903551233,1.4244515466305314,1.279538168566361,1.3922118401071992,1.3942890643957988,1.235890773112431,1.2120794041115823,1.307573251113352,1.2889767164601007,1.23681306769391,1.2523493830287395,1.290419654744393,1.447506153497771,1.3895596074126908,1.242662787773604,1.5831064986901793,1.1031789591749777,1.3078483362803066,1.238304222868841,2.172086779014864,1.1873585809315088,0.9438912195712166,1.539116753249431,3.021730808837992,1.8704382051722825,1.9604605193671587,1.3866172036119777,1.5347193172116278,2.0311783613505656,1.1770675788380571,1.0543746625883783,1.12786063555591,1.6232037747474068,1.1993143313312875,1.1650180416373817,1.0967516021454662,1.4412176227148505,1.2542677284978552,1.5543806734302483,1.4814010087520038,1.3296351573666843,1.651170976848181,2.732489140366427,1.4108592731945313,1.4045364701166447,2.911982372030679,2.6735472282203587,1.4135912885760413,1.4050246974715888,1.1826141478565366,1.5117378150776102,1.2327685290073942,1.0867588848455987,1.2648319268071195,1.253308431802688,1.3949783871530104,1.3734498930293415,1.1789233783052429,1.2906154341983171,1.3654927338862581,1.3097383254414001,1.2109910158865913,1.2001836015896823,1.3065850940045107,1.3232947684080656,1.2540434337865898,1.29742753409131,3.4201705848351525,1.3279397351620386,1.6349896157982304,1.2392930173284002,2.520279200723917,1.7453258173389328,1.4702727634177482,1.7522553917082628,2.114509681075383,1.5080537402555567,1.808149660289964,1.9538790437665379,0.5419761139957294,1.2073276551000711,0.0,1.4676893208799804,1.4977192090145324,0.7109640120802342,1.2159114447376287,0.9302747025668154,1.24532088352455,1.6586293943787143,1.3970885227035066,1.4458086377312018,1.2214255974898995,1.2040217644092897,0.615496441441953,1.8006833445902022,0.9309621489123401,1.233337556750085,1.2702219047206518,2.2061836582910708,0.8039362208022937,1.840851893018319,0.6332541831009071,1.6733129785586485,1.9390092767486535,1.5779815363741772,1.3834481438880855,1.334330609514528,1.2739715282158517,1.6139394138956014,1.3111963254964145,1.2572993496263163,1.0667913629762762,1.7480798837440827,1.8663172420207594,0.4707262772454164,0.8819667437632775,1.4251323235626425,1.4879729117911409,1.4182647911794821,0.7481410172584722,3.6377961588396728,1.4420409288777907,1.2066195519611453,3.0772655164659057,2.1980204864226796,1.6524849363023821,1.6423682106836617,1.4454341870623095,1.6658578611226464,2.0342952539613717,1.7621262660371209,0.7943028259745057,1.7927545754254581,0.8807564058328118,2.7625660058165504,1.1999703978229452,1.2327553499698527,1.9044618978563386,1.2618194837081909,1.4719983703463135,1.6555620610897457,1.4657701935278682,1.5908734550718369,0.9873228347210814,1.5557218132394637,1.6515756591018322,2.591730593981447,1.040775943518786,1.6365962911504892,1.6522999935134464,1.3312196693197185,0.877280693382496,1.6735641328695918,1.461453821313655,1.378911902919136,1.5998474802193443,1.3682364801474753,1.5946499368578295,1.7153892072091728,1.6141762454472104,1.744022442133322,1.4615399538520215,1.0078361311630668,1.0490678022866222,1.4777580346422263
SP:14,0.8589020724304149,1.0314305090957605,1.330396403668541,1.0191699227653426,0.8345216880483285,1.0062451493163769,0.9342711547789798,1.7450805614547027,1.6005799168180057,1.4139514768096526,1.1053959643346416,1.6254972569234978,1.9655865750707382,0.8288384239753326,1.0392700139578226,0.8617607446491138,1.3450848439546905,1.136995079717027,0.969645491308874,0.9062059547695747,0.7384618535322036,0.7399748495689548,0.9107950360884349,0.7937468971184682,0.9576252858380797,0.9505546293954429,1.0603377673524763,1.476430484448219,1.0723188522031084,1.1621559261751446,0.9549877424509555,2.3290015751489936,1.6517942623211657,1.4393091215868645,1.5397078364770391,1.9139386057022916,1.9135587743370273,1.2347437897916385,1.2884365147761832,1.7550025636774307,1.3443599194199143,1.3035567232674543,1.1680855158795913,1.171866753035391,1.2200484098446411,1.4706290721660453,2.0717128077954907,1.4131955212698084,1.5240646076229898,2.0121860799663587,3.5786914344166525,1.6093280003344734,1.7325319192683826,3.8256463440074646,3.6136233001478475,1.3602247618089487,1.5625007402509756,0.9301230160880589,0.9460514405421974,0.7733457326636684,1.3687663837892312,1.2896713519933505,1.0904919947404932,1.3804888414660963,1.2828729522985958,1.2815339590898187,1.499430852646609,1.512322418369459,1.299858878513145,1.4535750250850457,1.2847241893564132,1.6589190860515406,1.4031816702077626,1.687954791737702,1.5223040474489233,4.140172748106707,0.8749735082339636,0.7888044368473762,1.0850468150104802,3.474720597391241,1.0579704995698878,1.0788884312361064,1.5040407869904764,1.3367117925110743,0.5928995939803432,0.7402321454721504,0.8702339880257243,1.8465331353243528,1.1956400885830794,1.4676893208799804,0.0,0.8961114563542434,0.9791770042027655,1.103983280297007,1.3628822083717245,1.0402483510991705,0.8071598227237957,0.672614887657172,1.1005492768374214,2.2778744115689014,1.0476946600534476,1.628668761356482,1.160407659840753,1.006928588692298,1.0792273178170788,0.9192988760080623,3.37397230111153,1.2400847799401455,1.0321187684863318,1.8395630794635636,0.4426879075832227,1.1765679330126269,1.2514526594947388,0.9292447930337687,0.8392341844815225,0.8701429764563018,1.1912776036591177,1.2287830468668883,2.3728125397871516,2.320925571778686,1.5625634125343835,1.1111836511122455,1.52435297137032,1.7526129656036469,0.5428028078872013,0.6886647971964805,0.6690825784566609,1.6239351514520464,4.709449608175903,0.38925113079307827,1.2853176974862095,4.215583571783395,1.1025352067468874,2.444828520007537,2.728263138512591,0.8337440920495055,0.8977039503182086,3.139083087593661,0.9521830023389414,1.0744933733577753,1.1709795942116354,1.644297863285136,1.833553141141818,1.0703595816395366,0.8892566841163871,0.8653379758437454,0.7115255495196605,0.8587922457991228,0.9524128658698008,0.9262908425723485,1.05683982125996,1.2675049169716548,1.1569194382532288,0.8059984697967473,1.682793639783758,1.4445143819982689,0.6776481084572872,2.825227893706875,0.911984320151895,1.3707745541430925,1.4262833259214454,0.7959592172383004,0.5109887269030614,1.2428264991864206,0.8667569931875126,0.7212793166063487,0.9889814803117412,1.0188912253087217,1.0998116935449778,0.7595511843366483,0.9474116422056917,1.0453343608782353,1.2889802906534544
SP:15,0.7342551223567114,0.8783157683793601,1.1652427857903545,0.6956619137509751,0.6059789222617834,0.7850320142595911,0.7860305909712456,1.6900952457519258,1.460512205044997,1.2667845470747052,0.9000460291694155,1.4150639267077805,2.0606043377199574,0.6769741627776422,0.8248628503339714,0.6647785959165462,1.1820337258156948,0.9736420676233715,0.896809508504846,0.9583733461071248,0.7306360829295673,0.5419105358388077,0.9098164964678883,0.6665369451867103,0.855067892666504,0.7046475535690794,0.826851391909932,1.4320665039094302,0.9604013636985927,1.3867304626618788,1.1848954227143498,2.198740489430385,1.6382340755890563,1.3656080744043582,1.482669759583438,1.6530645990046156,1.9019884517504413,0.8880019927267726,1.0530919545783857,1.5399760837114738,1.2035314421397605,1.0634891606963466,0.9229910621809001,0.947501717634673,1.0430797019450841,1.2172025655342804,2.254291662405358,1.1343491157405432,1.2511377149581917,2.217657340913935,3.7949233300152057,1.5080692281110593,1.528744496851989,3.996943741440482,3.849526871643842,1.2229973215938137,1.8569913617592333,1.0285999832508992,0.9924335683290747,0.7719440437041195,1.587999997328321,1.1155774888038477,1.0564007822452808,1.3041208972413292,1.2436292833315559,1.1180906863790878,1.2247420523715833,1.240288480413988,1.0263722556288326,1.3669213136916762,1.0338194279651973,1.4300699624336692,1.1714849769762903,1.6596259446311825,1.3775966396474206,4.302907373213028,0.7473945246836978,1.016036765815211,0.8872888381675497,3.7182015523339356,1.199991061568698,1.057207918628335,1.7370778990631743,1.4244961520892845,1.10110845896544,1.1782355751151719,1.3083023680393489,1.939587734940271,1.3610334337612922,1.4977192090145324,0.8961114563542434,0.0,1.2393715385198203,1.1723757050396284,1.4686812449099897,1.1264998481449773,0.869739828929431,0.7476023530781979,1.1020690358234722,2.484976907230413,1.102489140101773,1.666018129429635,1.1361913154876668,0.9504810928737699,1.288798014101295,0.8639457323387418,3.5284088673402088,1.2838322106623585,0.7053568471381284,1.9626266634024758,0.881801804696708,0.8810096472751787,1.3210175627871557,0.902144188783718,0.7800066622306117,1.159076306716755,1.5849412812671695,1.670549190215156,2.5612951775805897,2.440908209299763,1.6134209411341418,0.9732522380366124,1.6347156256496946,1.9922685304307028,0.827393708032628,0.8844961907226975,0.7878353095941504,1.685714360063642,4.8068704840385905,0.9615249953240651,1.1303671978167498,4.341303498730138,1.4599784641317157,2.7109147333771046,2.9119032226585606,0.8691960210122814,0.7970561630025331,3.3237982289766443,0.7980607083917473,1.0706036391031106,1.1668147440218957,1.9386010791953494,1.815089456064633,1.094797881218083,1.0432241221402192,1.0741381749042374,0.7280653554863072,0.6341382457670307,1.1092684880074641,1.02545187382995,1.005173729184466,1.2696573489262906,1.265767718893495,0.6933659594107096,1.716512532100581,1.6003842767877203,0.733708696809095,2.946724043498946,0.7978737368816607,1.4383346963207702,1.4236438779021918,0.8806520151821157,0.9632183536464529,1.2429242100004227,1.2556674415927347,1.180817672207434,0.8047571574105435,1.050587159967192,1.3099516579948665,0.9296683769900022,0.9359313592324005,1.2902754873803601,1.3228865909002423
SP:16,1.0573504515494212,1.1530219063915443,1.322233803047855,1.0399534350567488,1.124770031928947,1.3454525946398483,1.1279497796435611,2.1284564005598194,1.621902768960748,1.391969304466218,1.143318808268407,1.4188276011649428,1.2889300677950832,1.0781557434988291,1.1455888701210746,1.101943398098612,1.316114189634644,1.193753137199675,1.1294499963769948,1.1294802757952123,1.1179129912294599,1.1054524272342312,1.0600970988612317,1.217149664959033,0.9683712061207834,1.1148357510495177,1.0664066913621184,1.7278996805754219,1.0683114273192604,0.7195175086865805,1.0349105628042847,2.6252220971665765,1.623222434472224,1.6365939711045578,1.281829150243496,1.7364354100801163,1.826370540768484,1.181263759952444,1.0738005585762858,1.3129728703700136,1.3584594121131515,1.196905664553132,1.206804873979186,1.0653888036291552,1.30049682628795,1.3450837914431977,1.4950310429449545,1.4226935139110426,1.4230791856320704,1.485679460871311,2.802255937852201,1.4900644902812996,1.5963531547423402,3.075590495142262,2.828495886401182,1.3428253462427961,1.0369436402513934,0.9798319014829058,1.1527351851972323,1.0147963717306896,0.884822141446128,1.2666045919112325,1.1552832552473458,1.3486704894443233,1.2699014855313056,1.2515840606837134,1.4132215718788463,1.4432418364772985,1.2024596323392112,1.2507143152888869,1.2663513309461816,1.4097837139606104,1.3667665856584483,1.359270213411092,1.3515827812482268,3.4260242868003243,1.1326559065014092,1.380226869443836,1.1709406693717657,2.648756393427596,1.540896597319065,1.3865662671769943,1.3221559321887426,1.7890421551176368,0.9944427454428238,1.3105570239170088,1.4432574773369322,1.0287335132121138,0.9031484777937386,0.7109640120802342,0.9791770042027655,1.2393715385198203,0.0,1.2358524581864412,1.1075309833006266,1.2095171060827974,1.3786928548863766,1.1473680123705452,1.3963987820960546,1.3600317983681536,1.1784530250185647,1.003816484997042,1.4786078118576111,0.9169045852999788,1.186107901634644,1.1523779585902585,2.4718511238234737,0.9690159248808106,1.511465149379109,1.0402086037912563,1.2275328773185321,1.6010509621098097,1.5297734211058727,1.2512856057902317,1.1860499450212998,1.082771036419824,1.2855113458714507,0.9370587473576416,1.4792821674041843,1.437827766522936,1.7249255905546783,1.553429098255379,0.727114504743668,0.9044482747928416,0.9493775077633538,1.1981693535953615,1.1491544451849278,0.8471744252200628,3.9121662678863047,1.0354949836715956,1.1232633523902662,3.3613383431226858,1.6941461030654434,1.6503172065358467,1.8424864548289368,1.2187837744632608,1.4589925085612787,2.264436818618143,1.389084717747655,0.8356997839793614,1.632015275721652,0.8993102202330222,2.363986689161746,1.1888244392865048,1.1220914957862127,1.5270149401555158,0.949886043035714,1.021329948697525,1.464607386834036,1.298655711379839,1.3846293202296147,1.1274252538577778,1.4990751283453811,1.4161052471859796,2.155713403756253,0.7720391493605917,1.2730881158943235,1.9293629511996688,1.1828238660512127,0.9685115173136917,1.6685621248555784,1.2513615234796527,0.9265943469760425,1.5565443322985135,0.9407585820278477,1.2050989431241148,1.471229864113833,1.4452105509220623,1.5423224608844854,1.2452585757610786,0.9565751884004884,0.9519113854691388,1.4984132126134069
SP:17,1.1490275411707072,0.966584032186677,1.7753821904456477,1.2997045929511253,1.1090965275590285,1.363223652358488,1.3766886325388437,2.3880094385851853,1.395863162548054,1.3322370556698093,1.1812397335630789,1.6050659818058903,2.285947396069455,0.8975164848353171,0.9609695060586934,1.0998566535839367,1.169673846237162,1.060475087744642,0.9596220645455181,0.9615596392487127,1.254101819627495,1.1012621345608713,1.1113476138661114,1.375076238784638,1.0931450226560686,1.1496989244426026,1.2652072383791628,2.2214521489210646,1.228985637496487,1.5028175300532376,1.740195849429463,3.019015915261984,2.1524229532820507,1.918821961064276,1.821358966536321,1.800584679233728,2.230944561178369,1.1685932009806324,1.3872091774712103,1.7324244720933089,1.7213401676588689,1.3472115629706367,1.0301179676247088,1.186608826889964,1.3847556005665613,1.4173184924950781,2.2761344923868077,1.474291401141829,1.3384380267601863,2.4032700220841967,3.8105699532532946,1.5550192253551725,1.4028736489331617,3.8921015851762744,3.7019805842035645,1.3957583805479443,2.040927188694686,1.1997433553045922,1.5428863025730768,1.0394093866507086,1.6462809085084356,1.0667981250081031,1.0568475468972127,1.3670507567967807,1.3626301021848704,1.056936344640857,1.2263363701584087,1.3287369897721724,1.518066003070716,1.3521623194584533,1.0327420681019892,1.5183434228687906,1.2619389572638993,1.5884364083111377,1.459377905624942,4.463394086002106,1.184868459040388,0.8393594655763292,0.9512774250514325,3.545066859789213,0.9294455983058425,0.6945696094482867,2.1527541147147007,1.8209119874917208,1.4059468636029886,1.600164490961611,1.6508643599967041,1.5562649280938352,1.5233475367728646,1.2159114447376287,1.103983280297007,1.1723757050396284,1.2358524581864412,0.0,0.78361284787715,0.28247523328742474,0.951540046102713,0.7650232476528477,0.4429267603623655,2.172786610960143,0.41375738936007306,1.0866523408634454,1.6618595669995737,0.8209961316709199,0.6775051352481553,0.48752503476273484,3.2693388654261133,0.5955198951994056,1.5654533314495178,1.4997987300969027,1.2310778464639314,1.6436617004352267,0.6329930872804584,0.6262768494432013,0.5513417930998777,0.705765496853721,1.585855333053649,1.63467683801178,2.319892142554121,2.0489922287198667,1.0775313361004053,1.5959080907063212,1.2792690590367446,1.7873463373611183,1.1922569728828214,0.9941626302586231,0.7431400693690962,1.584680176963923,4.588500319187997,1.0310084213782371,1.305198153577535,4.145145312709651,1.9043404939432709,2.60347940520757,2.595320386607765,0.8348720242769818,1.0072088512794553,3.1104369453632867,1.4606757162578956,0.689162738690985,0.9457711551093038,1.602868072520499,2.4342606904685304,0.5010707146715113,0.487497986831596,1.4758245401648629,1.1330814623366006,1.4164377030946864,0.7699282681887963,0.7280206524569225,0.9485483445156425,0.6022926607830659,0.5295880210307881,0.8868998135123464,2.3509687711632408,1.6364292445023048,1.174929589563999,2.7768435179729236,0.6520423894450678,1.2322248692837179,0.8003073831308763,0.657951304584525,1.1550034204850084,0.6430219219895803,1.4911840625401913,1.154358354632365,1.144583209498917,0.7390151324214482,0.9578184399540789,0.7492183572309402,0.5157248669120144,0.8479904581480834,0.5174064460192472
SP:18,1.3600304470659326,1.0371186982209366,1.8097523376647162,1.3494189311712501,1.2408864046004318,1.5671545284309532,1.4519269182500911,2.648048387810454,1.37743065605937,1.2301362429167597,1.0602669841161705,1.3756392052550732,2.0310966027567634,1.0265282277670538,0.9707852973293306,1.1256798750154258,1.0799483740272204,1.0571024977248922,1.00933373916151,1.080796500241117,1.287668376194672,1.2401092669602434,1.0923045525436266,1.4884867416862129,1.043591991022011,1.1371581177138466,1.1817158768929577,2.3045835327046142,1.152727077053294,1.2870032104293074,1.6858129007769125,3.1872250857326896,2.1087322679590614,1.8838555088082578,1.6544075664894726,1.6546762345997237,1.8716356319240655,1.2606885835022201,1.384765873345052,1.5957932459669513,1.8611644551926518,1.24266393022172,1.0528791390391745,1.0875975950654444,1.2471374695613247,1.2098232615497035,1.9620941551425726,1.309883569989303,1.1567859930580948,2.074152213542296,3.347361773484848,1.3063095257285886,1.2388738679611528,3.4443513695007106,3.2329103277233533,1.2533601192354271,1.8228792955472706,1.0852424189469134,1.454335042091706,1.0547160410621979,1.39548249740013,1.01140363496894,1.0410630879396228,1.2240269490164906,1.2501612948532457,0.995694091809049,1.0985016422538034,1.2001432605251365,1.4071030461459433,1.0870795958342285,0.9835050160704203,1.3414546715633553,1.0918552702982771,1.28455014129971,1.259239656584316,4.057798365980769,1.3046587471786721,1.183751692235558,1.0471780372269834,3.1459413645038885,1.1464795771656584,0.8647485467869511,1.9815490092713774,2.0947360857343837,1.4140897119359024,1.655312852967173,1.8189105563756862,1.2959880312899912,1.2965890281305008,0.9302747025668154,1.3628822083717245,1.4686812449099897,1.1075309833006266,0.78361284787715,0.0,0.8226533297489416,1.246920217138156,1.0340120599318952,0.9544780338192498,1.8158614482176352,0.728518430763721,0.9043564728494298,1.8746907994418247,0.7890656507291657,0.5931733649257995,0.8398894872006977,2.8857171385562705,0.5018648612095261,1.877515031142701,1.1166437897712935,1.4991343828932073,1.9021602551571521,0.9571981816552694,0.8971507669510498,0.9649352708872173,0.809079666830221,1.48672295676894,1.575192324390939,2.007829578342303,1.7652815181397663,1.2505329016727944,1.9324513295684604,1.0827055038017614,1.4619560734464934,1.3010781047066824,1.4473369629214898,1.031504401658481,1.5053320626844693,4.17291178170177,1.217679141973335,1.1768258805373508,3.6877782505967724,2.0603566364778745,2.311883098923994,2.353743008432953,1.0765831158998114,1.5849475347577795,2.7054874785386347,1.6787640343099408,0.594200605015644,1.2161554211100718,1.3873389576859054,2.7334508871695,0.8235242035089562,0.8759166979017214,1.8219184103517985,1.1979718618013413,1.510094885344493,1.1095681296326592,0.8966929100470069,1.15810637963447,0.6188967880621886,0.9549132564674617,1.3740654399439973,2.520764528573388,1.3224064423134136,1.4595626917424498,2.378814963260045,1.0060492697883088,1.1617185536540933,1.0035112467662874,1.0652379268083383,1.2882807046515716,0.9531481109973189,1.3991506278691803,1.194250445915391,1.6005767478719986,1.08797014808307,1.200595298149669,0.9591967666635887,0.8108961507967535,0.8016404858224703,0.9545247569458689
SP:19,1.1282934644636353,1.0247579405026503,1.7467954582756322,1.2847629017268305,1.1097587371578401,1.291077848628428,1.3241568760969262,2.342027667148918,1.5103751481867316,1.4185686415302237,1.1751416090670126,1.678322914461811,2.3158522646926967,0.879978644174076,0.9646688049523757,1.093955243078139,1.2418649345478159,1.1304274808048032,0.9977798464934222,1.0124435678965322,1.2063013401276192,1.0597542314253923,1.1398526594132365,1.3242691215890954,1.1148798758725553,1.1397609198880956,1.2523855229473875,2.194195233884322,1.2573487395122211,1.539958583411714,1.7238964976847697,2.9675480142104513,2.1170056398656927,1.8600180467788319,1.8494526017116033,1.8133306739745623,2.2008391832226404,1.2063898150772956,1.3882812570592735,1.7805364758009399,1.7501341291014103,1.3761505775256055,1.0185942331633813,1.1838647012860404,1.4002735199714587,1.4403550912236347,2.3369115030456014,1.4591686083961741,1.3469133025758842,2.4387404000385833,3.8449316664108313,1.6242294694871189,1.4753125382267822,3.9510942534374456,3.7600719899913337,1.453484150700722,2.0677442538509574,1.216674561299421,1.5171367580558541,1.0348599443380118,1.6907224753154424,1.082459606855642,1.0894498290756889,1.432127265957707,1.418206916923591,1.1002391564203438,1.2550911089253756,1.3682734155805618,1.4881916561398698,1.4134307203041634,1.0497694061289948,1.6170453871489026,1.2681453661162703,1.6844223341687752,1.5419828505113324,4.520184056339705,1.1119339997043127,0.7386862682737881,1.0325953343018153,3.604273380775193,0.7837458593845692,0.5733682125897333,2.117098394217814,1.7661063731182518,1.2786294018806144,1.5247588094317723,1.5144079303754037,1.5924422077229428,1.537572743909141,1.24532088352455,1.0402483510991705,1.1264998481449773,1.2095171060827974,0.28247523328742474,0.8226533297489416,0.0,0.8485290158917899,0.7245801613667214,0.3320065569992571,2.1897990874787805,0.44679263193121016,1.1420232927125604,1.634731921337394,0.8965814408225751,0.7090777705804933,0.4492025493018533,3.3182828478932715,0.6359522623146736,1.5167881162536594,1.5660027188141172,1.1589999249430023,1.6151563910458733,0.5825215392221702,0.489086051842026,0.49571324578308235,0.6790153041508707,1.6328342202455186,1.6946267329873361,2.360698248033027,2.1026838175760045,1.0881283704619045,1.5557931664018252,1.3319976700237093,1.8097327452937717,1.1080444641994207,0.9666043666866168,0.6643952952159955,1.6203661852984073,4.670107580650995,0.9908471136657072,1.379539205570749,4.222341561810724,1.8686586672610899,2.6483232467538342,2.6337907528301123,0.6629597670433831,0.9980638535597272,3.160795951721129,1.3897859487590394,0.7395912030664189,0.7928282436040008,1.6675187545146342,2.327291012781668,0.6246523736113331,0.5574447900809089,1.3804916957606548,1.051212909304763,1.3549385776552683,0.6519818267451666,0.6245358769918741,0.8543477070601816,0.7137877316973378,0.42369055273359757,0.8005732848518278,2.269392063448303,1.6521920748465064,1.0796710581377014,2.828234399504391,0.5499368599518626,1.3279357770129567,0.7502234067346348,0.5596120261132097,1.1098129521891067,0.6074685714008149,1.4974025583874107,1.1123394787289862,1.1212593626859844,0.6904344596040825,0.8077898264348753,0.655787029910343,0.6575066122514595,0.9628150444053745,0.496160312055509
SP:20,1.0855371649179977,0.9123748501990397,1.7414782177665535,1.146069658836951,0.8466720713008699,1.2299007718096377,1.2263138592717815,2.21685230950085,1.3192725537623344,1.2147005573608025,0.8958181213259513,1.5211545701943125,2.3298993928027505,0.6981652708364923,0.7681537363290372,0.8027756731612239,1.1051715009098346,0.9602792840690868,0.7857211918986208,0.8581715665299952,0.8746561864747373,0.8088208160284069,0.952463445987945,1.0255680242714984,0.9916839985231634,0.9248782204666823,1.1463166766833737,1.950518262295417,1.2031070971534306,1.5661541216186308,1.489076780741425,2.751265605548578,2.155142438668646,1.6450861025651187,1.944128874896646,1.9733288713212127,2.0313294437260243,1.3205959372264746,1.4994500444217227,1.9261551030177009,1.7362301563809792,1.4074820160907016,1.098399941955505,1.1163352811614764,1.0979119730020217,1.3718135638563513,2.4101776605589973,1.218167703947905,1.3092285286252616,2.44191542650448,3.9970647612768717,1.5138738306515667,1.4875689091874582,4.1370285887805975,3.958779321150608,1.1891022388278916,2.0092475430914503,1.0257711356016626,1.2087322605978976,0.8018147399337466,1.6985630242484058,0.9695181138758981,0.9656842328742025,1.2269524864920172,1.20494857664994,1.0665845941327423,1.2410809324644325,1.351368387738458,1.330606930592259,1.3059537627183015,1.0360516212846365,1.5510403625332696,1.149329887680228,1.6493728949569615,1.440942643829279,4.5714697033431015,1.0828805773668482,0.33717833286637355,0.9797430000252405,3.8759584300495127,0.4478558448137494,0.5827896821372889,2.03634040027225,1.7525619042514626,1.0042712818276842,1.1250253258266503,1.151297543933529,2.0894706182505343,1.4968816393254023,1.6586293943787143,0.8071598227237957,0.869739828929431,1.3786928548863766,0.951540046102713,1.246920217138156,0.8485290158917899,0.0,0.46331434862954285,0.7458820184109836,2.562008587002226,0.7685377967024676,1.6670563542378456,1.600268179413942,0.9731775222126543,0.8973547468608559,0.6678759046475974,3.691138436933999,1.146560317642261,1.2837933799115138,2.006339255301923,0.6880580551580439,1.4179822073670805,0.7347895867857674,0.5134494403113977,0.59765652757667,0.6667336251983695,1.4603477978014343,1.7600898016144035,2.7314643812660373,2.5978507311257824,1.0619645112598752,1.4594879818468383,1.7774668406061034,2.0894528320324945,0.8831891789309266,1.0411852740101415,0.4738246904903812,1.9145215110632163,4.906161490950162,0.8103354718296094,1.4177855906555734,4.506288400767099,1.3475326803360197,2.8743606629950484,3.0567158525181446,0.3716266966854575,0.9969779447966473,3.4927854130618954,1.1630696829879854,1.083643211717785,0.4755476665819382,1.994170414271485,2.151769783760902,0.9143542519999402,0.7753788780595849,1.2723050459721366,0.942605610870842,1.096529735885119,0.42873434845056385,0.4678818831348189,0.5138708300496033,1.1467618068638368,0.7350039787485092,0.5913693237634704,2.0246072361333938,1.6855185685802865,0.8498332103396626,3.1621574513242896,0.5230259666990706,1.7026200512371523,0.8343256701644628,0.4749677651720781,0.7616713895270008,0.7138102774261077,1.368906639936737,0.8069407688353488,1.121424138609305,0.4361189537898734,0.5375779875964416,0.407796904327798,0.9606586024277285,1.1677920572779177,0.856047398120417
SP:21,0.9602553112661114,0.7695020533779569,1.5275515989033197,1.0244582197535286,0.7046784158781714,1.0571874650231081,1.008754288040485,2.0439672070369297,1.2578125571984462,1.1176554384068822,0.8168938997014423,1.3903235565213263,2.1556470163786683,0.5650696789227913,0.7012140745107391,0.5951123413965341,1.0586204240232266,0.8648943898301534,0.7130219703713436,0.754758860467338,0.6736565165352334,0.5968827636361557,0.8253636987176635,0.8220048368591238,0.8417501078988617,0.7201237953416616,0.9719439129852379,1.7688540735209008,1.0144240058666671,1.3457876066377559,1.292060977666214,2.60478259048455,1.8792681390117612,1.413527746834845,1.654606294402274,1.782195455673157,1.8193283246520313,1.1277116862425696,1.2957747159840114,1.7687303662439875,1.5627137714156651,1.2344378886529765,0.9567881013584055,0.9980154180602228,0.9641729110776407,1.2635820676795335,2.212739488120574,1.1324933374156,1.2562665413147436,2.241325419616671,3.7831913846091854,1.417744532475438,1.4280172374988118,3.95620682711702,3.7514412999082762,1.124869083402613,1.8559294545413825,0.8775227165492069,1.0183647299272334,0.5702491923397739,1.5116234503448327,0.9709421217451512,0.9328137012429926,1.1779033747494903,1.1692466671624206,1.0042214586333063,1.1822911719259939,1.2400579229821678,1.2102996069746377,1.2139844168883407,0.9763066617497991,1.4145513370829947,1.0745977881314956,1.5379890764075397,1.284587941699939,4.362193565633862,0.8910083330438859,0.4346809940677798,0.7607297764527721,3.6617248432474936,0.6696128924340756,0.5931236689159016,1.8197624171229256,1.5396539929401158,0.9651987714432495,0.9989028577245689,1.1895655911696779,1.833328813990069,1.274598291703282,1.3970885227035066,0.672614887657172,0.7476023530781979,1.1473680123705452,0.7650232476528477,1.0340120599318952,0.7245801613667214,0.46331434862954285,0.0,0.6849399984409412,2.354106210779107,0.6450359272977575,1.4859915042472864,1.378562998315836,0.7164145217153167,0.7642257847858118,0.4498324666676009,3.4887302102450195,0.9809354064673785,1.1729295927392314,1.762967220910949,0.7206175832588163,1.1844834572497187,0.8054885724260508,0.5043474079720771,0.41551651989524857,0.5822243389765838,1.2276465802038399,1.4739731002853311,2.490647557629937,2.3651453727976666,1.2273593088837518,1.2982017324124968,1.5235844685413473,1.8936256296890996,0.772226525276193,0.8380253732200829,0.2564395718780583,1.6940152979302778,4.78188764779386,0.6307190156976055,1.1353324465388333,4.3264680779591975,1.3156659310345873,2.6844858725886565,2.851640914539009,0.5286955497954074,0.8351005047043388,3.2526708319127517,1.0046251132534525,0.7719983378589275,0.7463911986991159,1.7396109244403195,2.0410430143924105,0.6421286598712731,0.5777595847095542,1.1407877847281525,0.7068099325007098,0.9715137284604789,0.5783123002633049,0.4998397908232478,0.7571737517126356,0.9368448960994937,0.7207812896145409,0.5623287638100406,1.8707438737824569,1.5459279459735054,0.7101432121612854,2.9278310656340385,0.5477432181432111,1.357391407208838,0.9650589588165704,0.44319404215373526,0.6763471196573718,0.7446123015595588,1.1104215446063217,0.6858009054868041,0.9669324306761978,0.5738983313770805,0.8150494140500935,0.3619023306926278,0.6536843815678652,0.8316739857326324,0.8776265661945022
SP:22,1.1762978590349307,1.039374170741948,1.8497022060523158,1.3426778585063874,1.0790113199418314,1.3082545195742592,1.3667314262060295,2.368683225702985,1.5130722142248578,1.4596319148335497,1.1837517991697653,1.753787970733333,2.5030435190951867,0.8606060604889119,0.9558880579865169,1.0972336805658252,1.2468723348497996,1.1235946502607674,0.9669479054359691,0.9887252037433839,1.2110922188169109,1.0462158789643818,1.140410252027699,1.317061940922429,1.1489841238832383,1.1364762898806162,1.2827667138711003,2.242825314618291,1.3001459412862857,1.6656042481119397,1.7883034672123324,3.011376576106173,2.2286138165776816,1.9267623206651856,1.9895311492927352,1.9523486379911057,2.2891270203033245,1.2665322203380562,1.526456761186462,1.9099660241251595,1.8368590006534733,1.444811221168837,1.071111201473661,1.258618463373245,1.4303400974562048,1.4832114869830706,2.4733784599676807,1.507937368948658,1.3938484177497494,2.6301950773104945,4.045001633839204,1.6672213246312686,1.5045230115708987,4.168901186343635,3.9675402130820427,1.4642604895598084,2.2212747758274505,1.2462438930156203,1.5316950743656215,1.0440910285955194,1.7957322415746524,1.0573014579623972,1.0691399593472337,1.4231134300821364,1.4249144800478162,1.1027376710331942,1.2565894443218286,1.4037238598763344,1.580917243192818,1.4773701366581382,1.0640861117710652,1.682991099489912,1.3055143166418115,1.7742797884252584,1.618439211712622,4.741909882778528,1.1662344625404066,0.6590007584701463,1.1068825043441222,3.844838401339841,0.6405931917735084,0.5186792106539861,2.2686826500842328,1.8044572345374545,1.3355909004782693,1.559789002104511,1.5114743708483898,1.805662440835505,1.6969860360872602,1.4458086377312018,1.1005492768374214,1.1020690358234722,1.3963987820960546,0.4429267603623655,0.9544780338192498,0.3320065569992571,0.7458820184109836,0.6849399984409412,0.0,2.424560430611256,0.5006088933700651,1.3740294736487237,1.7061021376127108,0.9506764722118215,0.754029438053966,0.42980923650206293,3.5620716335774234,0.823458259322764,1.5457020497829967,1.7997042750746208,1.1634702325377448,1.5909394602193012,0.5049381843793856,0.43256849972162076,0.38874739039393713,0.7707405836037498,1.740341451939129,1.87104493020287,2.6034887863842755,2.3515524531566103,1.0600896745930823,1.5761863602599169,1.5689542575224205,2.029543863074898,1.1461183604168328,1.0401996373507345,0.6201503623173286,1.8322834106130823,4.890708009520244,1.0347930956850782,1.5145298768311866,4.457023110290447,1.8901656142866008,2.8634766501777666,2.875116443615289,0.6009825262629412,1.0025867894860494,3.407267580693706,1.3954863601657346,0.9026309430344659,0.631440678269456,1.8992242793665641,2.3246164988114124,0.7376074089965331,0.6116426325594118,1.39618614366541,1.1295376318438912,1.392215772298007,0.49649203853834506,0.5689111499537636,0.7759692960628055,0.898104334746316,0.299141082406613,0.7113789122476358,2.2749997389760295,1.8026489700409387,1.0713161269508835,3.0584063521935736,0.4982235693354432,1.5469548173043774,0.624840834419565,0.48643351556542597,1.1835026082908735,0.5324777845958909,1.6243943053729988,1.160961569903122,1.1019180335395702,0.5489226172037411,0.6967712187221133,0.6043456672074846,0.7635825604699774,1.0987557880596897,0.5020780185237547
SP:23,2.2885961185633024,2.2549441151630916,2.397318317854537,2.207812553590511,2.352760255215747,2.575561552631915,2.357427231782495,3.248183496437294,2.405680415909323,2.2403255116289467,2.2085446206214656,2.1283157819496883,1.3919247893319218,2.2869275116363843,2.232343205657919,2.3115790584533475,2.2274477186814967,2.2270050973780022,2.2444177535016556,2.26854059987429,2.3970972191014326,2.3899922829751334,2.227252337800998,2.512037170263266,2.1046236478230482,2.3025590282905535,2.209852383460001,2.8299331758971564,2.1638037515283055,1.66818749321086,2.2216083375843794,3.655130931380354,2.555455163291724,2.723357580102633,2.114121354368925,2.436384977075537,2.585647217469879,2.2251186336946285,2.0518497422523634,1.9279108278716115,2.3752613704930607,2.191028025672406,2.2800095047395543,2.094134096299205,2.329699066333637,2.2428314816683512,1.5662707824954587,2.3557618967808724,2.2769597032152986,1.7134055346667605,2.085187706096773,2.2847998424084675,2.289965031047734,2.3009248882442055,1.9736889072836354,2.2684100136158682,1.5302528578812549,2.121312079683514,2.374276768441333,2.2335320102729437,1.6153255370639303,2.2266687553836952,2.2198028044067,2.252841646536875,2.23492500202722,2.209552388978962,2.264198083000096,2.3141750074994816,2.202833934767248,2.024762755369759,2.22971171139321,2.083772424909584,2.277227036287396,1.912857167889332,2.1190880839943413,2.7927826049642612,2.3761124858792213,2.5191364098373206,2.1947555752240144,1.7145018866691426,2.6256168248140193,2.446616422240693,2.1553723928284687,2.9150980241810562,2.2292708169235387,2.5437898490299085,2.6372713491822277,0.9586405204658076,1.756322746262611,1.2214255974898995,2.2778744115689014,2.484976907230413,1.3600317983681536,2.172786610960143,1.8158614482176352,2.1897990874787805,2.562008587002226,2.354106210779107,2.424560430611256,0.0,2.149174297532286,1.3135618753996794,2.6225570122704,1.9667753050007295,2.1454956341697624,2.239025566110435,1.3469426176297252,1.7504322836920296,2.7604135206980764,0.9271562385554025,2.5139454023414234,2.8267611478411023,2.4699724701666126,2.372353497782432,2.3436874066133284,2.102564613188256,2.1796575378264467,1.7032907445283152,0.6399137560799388,0.666120599866023,2.5312557491657985,2.7488607073762577,1.0272387378655896,0.9525980499604649,2.2131866271178944,2.3908202546191344,2.36555459929082,1.0537355484809992,2.9648528460030947,2.283302236163719,2.0410289468383773,2.3806612280256534,2.8356672745226947,1.081853282820219,0.7310940692443074,2.360209252541815,2.635634733707672,1.2495969289363076,2.6152780679386396,1.783326465738364,2.708014944701371,1.0032896669240827,3.5405901837413283,2.1536862488944695,2.19314360631529,2.793461578633626,2.172329711350176,2.2600114835707736,2.5752528678507356,2.4053762392696867,2.4686775059330612,1.9424355417376846,2.479720813682871,2.626912955424136,3.3040488413033615,1.304367899690596,2.5296608754921626,1.0176324526954141,2.2814225305002576,1.7120151409757671,2.570925731154241,2.38727778360699,2.1378924346695505,2.5461216997647576,2.059800316554439,2.354287423919862,2.649511922127208,2.517222106462235,2.57796502123716,2.4070165193436313,1.9965898697310924,1.854542853473962,2.39497647315512
SP:24,1.1343312685706202,0.8098417130605448,1.7863677626226409,1.1877150676852362,0.9963221225796774,1.390771440657518,1.3495016512154414,2.4731208410434298,1.1774740419506518,1.1173663003565832,0.9215604842842572,1.3768354287610083,2.182439770238561,0.7474316482948287,0.7243693073845058,0.931482061388098,0.9366774779834072,0.8384689088076012,0.7339782246446807,0.7702405605593358,1.1047491876830993,1.0063268631648603,0.917368232400096,1.3022521134466039,0.9115027828911088,0.9973167221689951,1.1608107484742989,2.2269341148289823,1.1153825423208616,1.4130576106684856,1.6305923077297146,3.063395782562226,2.2029311015659974,1.8368601462400138,1.8633973023257513,1.7754805868456878,2.0996244156243002,1.1890729244613871,1.38059755065953,1.6781899424300302,1.7908374075702418,1.3140397848811496,0.9513980426127819,1.004190917040176,1.1637874695296848,1.2122249452133946,2.1672537522840183,1.246406596788712,1.1658948464657621,2.3021614593243687,3.718933980714435,1.3222488187764507,1.1941366939498101,3.8063444972829514,3.608819065360807,1.127749576512735,1.890284532914482,0.9674094205930108,1.371665448648849,0.8411908841535523,1.5041998251352813,0.7968181265217015,0.8460290109452117,1.103480641902411,1.1144747451090362,0.8247841246512424,1.020427951150596,1.193236379487854,1.3482842155492922,1.0899631141383133,0.8372803417648375,1.3291778810983192,1.035013907734114,1.4182683159428293,1.2526820007082209,4.359928439047485,1.1790709715551313,0.7072858993348101,0.8530374255774176,3.5027543039187083,0.7619084916329621,0.5734262382556637,2.1270651018674154,1.9540776618311406,1.2870944856134228,1.4896626100172055,1.5517669912906527,1.6113866923433466,1.4630773865727424,1.2040217644092897,1.0476946600534476,1.102489140101773,1.1784530250185647,0.41375738936007306,0.728518430763721,0.44679263193121016,0.7685377967024676,0.6450359272977575,0.5006088933700651,2.149174297532286,0.0,1.1011340720970664,1.7653173136259477,0.6212195851883895,0.5039673865936503,0.39735754515016836,3.2555671562207746,0.5349757003583473,1.5808683661152185,1.4837840479049145,1.0898625598881309,1.681354306900286,0.5203574794973037,0.5230501035506874,0.5302506611122084,0.5389116885419608,1.423618935242778,1.6034045894403801,2.326513875030962,2.0874417642567433,0.8574126050451036,1.6852572981719205,1.2750272333682842,1.7561021744207446,1.1044549509881783,1.1318306199212995,0.626275392305216,1.548960187114942,4.49220034744308,0.9774647338583609,1.262504516647794,4.077730830721469,1.7705783101551655,2.569158907141982,2.609696679108649,0.68121693598659,1.1174235512773942,3.0887206554121307,1.4623803834741693,0.6074373760911849,0.7972970950635981,1.5770708937115419,2.5061248087934,0.4864836517301867,0.400649040016986,1.5610258768402563,1.0915206708949665,1.3302077659870808,0.6197445336205094,0.5157764988346694,0.6970163482223659,0.5498465259034959,0.5268154971660574,0.9099453764024135,2.3766381736110365,1.4642140972828264,1.1790409606120908,2.7525898576297956,0.5172542987665254,1.3373287103143603,0.6517058513726911,0.5947264510967121,0.9671513070496626,0.5626601627777501,1.4173494828205362,0.9713875289677085,1.2753262930441327,0.5904749105525411,0.7592483615663376,0.5942478722149229,0.5598215497461275,0.7585512708130117,0.46977625129304146
SP:25,1.4628046074521883,1.283952612483217,1.877272010851387,1.4495398078742028,1.5672298216871214,1.8428399563290556,1.7371370748876445,2.8366686695821683,1.5238207989288743,1.4039889042175064,1.3810655181646454,1.461539822814669,1.6792691613946813,1.3694951706182439,1.2837743442538803,1.4937362531083587,1.2846461558388569,1.2973591979042156,1.3330854097582499,1.3553727286875206,1.6886960965378384,1.6015235030979733,1.3986215308755954,1.8577187772910577,1.2724580188181502,1.50258582745422,1.4664294311080066,2.526683616797617,1.396491639798681,1.2891188036316843,1.8823123193304272,3.359468073454216,2.292526888428956,2.218499401468455,1.7676534747572155,1.6636363630374946,2.2884963474035755,1.3514894455540247,1.3162358607048852,1.3309681984815145,1.8659417027032044,1.4264267465045561,1.2776145714327878,1.227312376189281,1.5747021180316343,1.3936996383246898,1.7690250376522414,1.579950180534198,1.3680860102058838,1.9193748575239056,3.0018330141498364,1.484275123565001,1.338078493554302,3.0187504267916037,2.8329423328853918,1.464111452915146,1.654006937956033,1.370082064029071,1.8076022894158892,1.4206626949076626,1.3382521455462757,1.2330499891808202,1.3000692633491433,1.43139661489493,1.4381103704855602,1.1978949350043975,1.3069981541146423,1.421601496122317,1.51365563510398,1.232720175283815,1.2101357376849455,1.3465533812940131,1.3605306930288394,1.2870426839589626,1.360672070657388,3.6666850405463767,1.5871476633080508,1.6478821862900397,1.2913204264598244,2.635253670109383,1.7025120607750621,1.4311974150717843,2.1092623360554774,2.4040343127894617,1.751944600736878,2.0658749525660633,2.1653589033645733,0.7851349034662775,1.4644946626738404,0.615496441441953,1.628668761356482,1.666018129429635,1.003816484997042,1.0866523408634454,0.9043564728494298,1.1420232927125604,1.6670563542378456,1.4859915042472864,1.3740294736487237,1.3135618753996794,1.1011340720970664,0.0,2.1003708011854765,1.0458154293570896,1.1657636025993063,1.2789319601634281,2.274442561392102,0.630123987601856,2.0652542071123334,0.6059765903616765,1.7795421157639886,2.2054809773315673,1.3864801064489751,1.3589462987588803,1.3630093812324204,1.2027263221920834,1.72379079703518,1.4810034427266936,1.4260559117369194,1.1047790849959405,1.438753153238003,2.1319355842439958,0.6127156134374071,0.9956731056534757,1.6311487912539007,1.6358224767578788,1.4717757961112363,0.9526081707414694,3.5642253924630576,1.615573899617579,1.3705061536683463,3.1229382991610195,2.377030853730246,1.8330153195652834,1.6685750505614034,1.476075149454749,1.7645249031085142,2.183681761279041,2.0106130916480747,0.8776183225001002,1.7266271025039774,0.9368112693171495,3.0346346622756455,1.1196020009144052,1.1616292116236038,2.127020133608636,1.543965018245862,1.71331841494923,1.6138770611709259,1.4310004320238605,1.5010602022537118,0.8119867446153207,1.4495243297611131,1.72232110811678,2.899484769611549,1.210487128148784,1.834537695811572,1.850443488789232,1.3200667209695953,1.0935349883624679,1.4704849550212284,1.4811406536579441,1.506640643619751,1.4374474788342522,1.6475908396641312,1.6647425490726808,1.8559800235965171,1.5323179770447204,1.6514855914402242,1.5049918967159133,1.0247935143326998,1.0823471955358008,1.244185960375527
SP:26,1.1172098409033147,1.5176224117749022,0.9472681903117385,1.2033112315232912,1.1618474356851645,0.7263151698883071,0.7542410287116877,0.8819985227856908,2.188865974189713,1.9538055878648306,1.6751809124352535,2.0454044358822934,2.178960040565979,1.3620805751538367,1.610179505028885,1.3507648596639266,1.9305590583843282,1.713395657039397,1.6038311935306648,1.6100871721631649,1.2011393293356025,1.0889564584464855,1.5291770234684257,0.8819959183796889,1.512577380806976,1.3933529271905403,1.3563811356732105,0.8520701615880204,1.4786349889091663,1.5594711471142269,1.22439232622614,1.4946689485707731,0.9976503441563352,1.4366711126404175,1.184539046336412,1.9898195856029246,2.021305840568294,1.3256416084890852,1.411491267160447,1.932728444997649,0.8982585257422061,1.4200591112117331,1.5474835725999634,1.6450203948156257,1.7110491540925254,1.8986670387935682,2.4357846119791016,1.84528953363386,1.9557081349585053,2.2628596550384925,3.7748200978936666,2.166688969201401,2.3185780401258413,4.084589607813984,3.939833828914123,1.9446734237133918,2.0266231722211847,1.6136787444078355,1.3912751309590279,1.4377615846883047,1.922407436299893,1.943091799495161,1.7424574158668849,2.042477383646023,1.8679267574809169,1.8887212638596707,2.033450201565222,1.91691508510084,1.6633342228468881,2.07660522159417,1.8333665914522717,2.062080749864486,1.9622453805381277,2.178080567323076,2.018011338165053,4.206322912014674,0.946477005329835,1.6129680393448025,1.4778700262885276,3.736142592041307,1.834086126928901,1.6691805226403966,1.2808268677439885,0.5459353733533402,1.2649058588862856,1.1685338459486758,1.3757273858808612,2.130249496396772,1.4013708437662973,1.8006833445902022,1.160407659840753,1.1361913154876668,1.4786078118576111,1.6618595669995737,1.8746907994418247,1.634731921337394,1.600268179413942,1.378562998315836,1.7061021376127108,2.6225570122704,1.7653173136259477,2.1003708011854765,0.0,1.6115962344174888,1.8056488650826157,1.5263665848029484,3.5865133586647904,1.8221459993458757,0.6975471476515059,2.2580966235465834,1.402959271074083,0.7291758429259224,1.9687486639245897,1.5449221570327436,1.433551404237161,1.7307939761914894,1.9255666682295387,1.7570135328356624,2.6411529645283487,2.573050352591702,2.3882631257754987,0.4797317549395962,1.882543146538464,2.163153031594561,1.0791159065647413,0.8891453743195185,1.447615005607797,2.013242443540211,5.066774216276244,1.1326072269916043,1.3487097643746884,4.44402515909923,1.57004120069533,2.7392211324392806,3.0394772502996803,1.5456474549236487,1.1510908680165703,3.3496995975451926,0.7120017480964667,1.5954657859145995,1.8640744941418357,2.1768149775584567,1.2804994067472197,1.691096604445498,1.667379758152335,0.7699894496445787,0.9014892407293023,0.985193835292592,1.75844637787208,1.6871165022293897,1.8168603991107486,1.8189307548613365,1.8304237434348936,1.2449522758463287,1.096633778226697,1.9541573601355964,0.8707457995554164,3.000807375781683,1.550817834279889,1.4048119255595584,2.122548511603141,1.4495446067916584,1.4692267431534647,1.8929859992793936,1.2202010437501727,1.5931348139275723,0.8588571396271617,1.7356464340401059,1.9711384242937857,1.4950248253284804,1.4503546999698758,1.7101649282220126,1.9911140440084332
SP:27,0.911955251914835,0.48578723091288717,1.4361254872539668,0.8296692719682328,0.7611359462592155,1.2546271754367269,1.113849675917382,2.311661335438627,0.9706077090693284,0.8079852219227625,0.6147751720028536,0.9713748063688805,1.749523311803401,0.56753739227474,0.4918484121617202,0.626775956090527,0.6330597818688234,0.48894222021530237,0.49500663222689023,0.5433887508334152,0.862228294514493,0.8056783380701432,0.5552971502993658,1.079774992020415,0.4970533661680428,0.6722983549987809,0.8034587807091421,1.9421944051203242,0.7301774185896481,0.9454816218932537,1.2512413178381632,2.8541807294767545,1.9257248758099887,1.6123759715401849,1.4703894982754198,1.491238885847267,1.8119138125448409,0.8840212447137847,1.018269224614137,1.2661535871357665,1.494874793562902,0.9526622799032796,0.7296672311536184,0.6410084895464698,0.8117456064031898,0.8184511275500863,1.7895368099199063,0.971087588539159,0.9231476473987945,1.8826006400556228,3.3150066658986366,0.9321741936918845,0.9717829681317011,3.455274804608663,3.2481635756314753,0.7516881081723117,1.509593835828006,0.5496237125046713,1.0030976200237756,0.5076446829042306,1.0775247880338794,0.6194870846997881,0.602726235978081,0.7633143398092338,0.7554356467876725,0.5527258579115603,0.7998605675130444,0.9223106973891922,0.98536428714362,0.7304755370972819,0.6363980570973088,0.9303430093091131,0.7871114157242503,1.0258439859989705,0.8360730668894665,3.9177645683188325,0.9952034912271481,1.0081169523651778,0.6353402815021355,3.166488309583362,1.1342698516716831,0.9043057313898087,1.827400606686458,1.912857814513717,1.20437748944074,1.364047386001948,1.5887689820697946,1.4059242438987825,1.1587926564621631,0.9309621489123401,1.006928588692298,0.9504810928737699,0.9169045852999788,0.8209961316709199,0.7890656507291657,0.8965814408225751,0.9731775222126543,0.7164145217153167,0.9506764722118215,1.9667753050007295,0.6212195851883895,1.0458154293570896,1.6115962344174888,0.0,0.678861126431585,0.6897258684941676,2.9851811971431594,0.645856123115323,1.439620860538486,1.2861616484770046,1.058170595680158,1.5287451150165012,1.0128207564808036,0.8216566500627732,0.7366552775426184,0.7332963322949169,1.1727643178917413,1.2875318658814718,2.047585326170786,1.8967716015425886,1.1734302471119178,1.5819643745357075,1.0853708446164936,1.4588515482420172,1.029321613342271,1.1621740804273943,0.7655864717783326,1.2816120161249351,4.191544816262081,0.9567226229513209,0.9230540843072652,3.738025506816958,1.6566565595008607,2.238052719107436,2.4162065611280195,0.9221821292023168,1.2002465935319035,2.7784367031532455,1.3814686228368118,0.4775504689848285,1.1824860889066195,1.3236934134790315,2.492097239178244,0.6397657552103696,0.595874637874616,1.5748994951231214,0.9491319234262541,1.112522646598014,1.0154083796070086,0.8127916475236927,0.9273909466363485,0.6477620940050378,1.0470766715136466,1.0878014764181614,2.2929730982021077,1.1531703245766343,1.1941579474618969,2.4183667361875276,0.7741040960112918,1.0673629185072018,1.1102517593522527,0.8960563752269768,0.8610742118592445,0.9970870908153877,1.1131888745579837,0.9941755007382918,1.3182458429893327,0.9420089182480255,1.1661143372433265,0.8214187212209227,0.49397326924375545,0.6142185266092698,0.9820358995297341
SP:28,1.2111570313502955,0.835305668121692,1.8063777245951154,1.2332538442038545,1.01858471845676,1.4385971384006575,1.3712482024109018,2.5248299121638196,1.1651939025529814,1.0860721727236289,0.9035960508242846,1.3323347963644,2.169810363068377,0.8211630694320133,0.7657279925790551,0.9470536044250971,0.9350004227227307,0.8486680963724916,0.7575383431352938,0.732485444818241,1.089115191726728,1.044139360894637,0.8438187178109574,1.308907407240995,0.8719709300657973,0.9978745821557066,1.1278896369093743,2.2307266292627337,1.0422088871560378,1.3017836709773098,1.5248957752199435,3.089699922232571,2.161630974569983,1.8280639286726343,1.801529710452617,1.735560126808866,1.9433567785054944,1.2409566417816444,1.4329062838144464,1.693059468171646,1.832735702422521,1.2944763781638375,0.9807324230745534,1.0235402231169575,1.1317583177931496,1.178798228740355,2.0133735731294986,1.2199634720921704,1.1550212382411895,2.171370095845808,3.579227900977327,1.2371012459553203,1.1852392955504398,3.673676330848567,3.472050322809147,1.0758335913109731,1.8068013863752777,0.8654268543707209,1.2808643900296945,0.8086793559667855,1.3631461216037808,0.8191967891321711,0.8117002035251171,1.0432768857295327,1.0311565619935261,0.8446196670483527,1.0418907041286178,1.1967470047908388,1.3865133320490075,1.0346846857750485,0.8701758961609499,1.2979263579552678,1.025057310857023,1.3441338371986509,1.1993198799354163,4.273754604851759,1.213585179287785,0.8392154313699328,0.9049172170831672,3.4001116459945475,0.8126715453056044,0.6507277609607698,1.9958926429063646,1.9967305088067124,1.2358535492385612,1.4452455845529213,1.5738835973799856,1.627370756523925,1.4205129448047324,1.233337556750085,1.0792273178170788,1.288798014101295,1.186107901634644,0.6775051352481553,0.5931733649257995,0.7090777705804933,0.8973547468608559,0.7642257847858118,0.754029438053966,2.1454956341697624,0.5039673865936503,1.1657636025993063,1.8056488650826157,0.678861126431585,0.0,0.6765662846329905,3.2088011958326406,0.6139266402878275,1.6988088576210718,1.4630343022292158,1.1144521638916352,1.7581960706422073,0.6692266936739742,0.648501402857789,0.734348711560421,0.5713389099093795,1.2890392249671998,1.4996639046075473,2.306647795671858,2.1050833323378146,0.9393339997599792,1.7841956158665022,1.353228488600944,1.646353524773221,1.0851599023117304,1.2860940010813011,0.7308990487308861,1.6914981111801723,4.4141600908208565,0.9236536701596859,1.213019854533508,3.9779833442405494,1.8130450563213298,2.531157710029531,2.6451556207539633,0.8320353211342538,1.3507371875844068,3.021245612194612,1.5324855977155019,0.7225143439633456,0.9304761929122572,1.5414490035585564,2.582260940562506,0.699608565960082,0.579337827387168,1.6142401897286351,1.1357925051745208,1.3945094505450804,0.7250023336683025,0.5333445527194757,0.8055130495598748,0.6528091848288561,0.7194124998615622,1.1039906738710032,2.392964358607512,1.4027897996328407,1.2528084946067841,2.7026000794103164,0.8042362831347671,1.3360328828954402,0.7318516437081407,0.7885397870510902,1.0265957663673149,0.6603438291823429,1.2587338594278275,0.8615819976693804,1.4221897386937925,0.7402536859914145,0.8390558445779794,0.6185972556764618,0.7519478415470842,0.7050606239831262,0.7170226225604273
SP:29,1.0517683158137816,0.8713698100295327,1.6451504730572093,1.11423679506511,0.8576388402617252,1.1838153817079826,1.1544478225830819,2.2184073277570286,1.3438358714403376,1.2233184122874246,0.9287409930822712,1.465841445289148,2.228494860733775,0.6945748172628362,0.7664520032742712,0.8273446727328265,1.0787430598218233,0.932495054039474,0.7938750005095521,0.8535123367350989,0.9555373506487492,0.8239062077109076,0.9168177814516157,1.0764947660661341,0.9107346680099835,0.8491943289272683,1.015403146734619,1.9742282608282007,1.0454877335643518,1.4295412183735046,1.502078092996516,2.805605555422602,1.995742670405717,1.643171297382362,1.7210293430615569,1.7599655497938707,1.9685610493509564,1.083642972183429,1.3142220385701757,1.7107579259615984,1.6438640669401743,1.223650732183823,0.939723406912802,1.0254159049081022,1.1453182265578377,1.2656438826496563,2.233379918979227,1.2336722024959383,1.1984515517956242,2.326226753336493,3.8067318497300935,1.4527796881152177,1.3533594783995484,3.9426598331465983,3.752325573864715,1.2415412700230657,1.9455698301383835,1.0118410660071522,1.2450467993890506,0.7791390385516187,1.5673659808042029,0.9410339144381126,0.9390992735419212,1.2423516435633661,1.2407623885307377,0.9736916583374555,1.0850144764466327,1.1866181400117786,1.2933701896853933,1.2390832264688734,0.9115950540913452,1.447736259271637,1.0865302897717404,1.5618412531856738,1.3601443987252058,4.448770248153297,1.0212654797180796,0.6194705729328278,0.8529055807680308,3.6275303322150783,0.7073414604590516,0.5121347101692375,1.996743744068189,1.6865040896285608,1.1436187998440828,1.3254339129624944,1.3954606202218989,1.6860407647862397,1.3811223390725096,1.2702219047206518,0.9192988760080623,0.8639457323387418,1.1523779585902585,0.48752503476273484,0.8398894872006977,0.4492025493018533,0.6678759046475974,0.4498324666676009,0.42980923650206293,2.239025566110435,0.39735754515016836,1.2789319601634281,1.5263665848029484,0.6897258684941676,0.6765662846329905,0.0,3.393114602126395,0.7298907848618799,1.3486492162008108,1.6269933581433107,0.9846149468023312,1.3803723817567588,0.6779015387978813,0.4241906369708486,0.3071080051536773,0.6293518697021874,1.4488206227424487,1.6261857863336258,2.4220718067776232,2.207295025239124,1.1311554697518849,1.4460817735096976,1.3687927795805046,1.855673713311508,0.9213187559524294,0.951280488811868,0.4152631149953778,1.6150503324476444,4.70968142017568,0.8545016663230302,1.208866893824492,4.2607257507949265,1.6584892443624382,2.651041293645493,2.7257709165343784,0.5628872610135601,0.9381644957353266,3.2016915669521646,1.1959670793631911,0.60684790607159,0.7292096934708219,1.6917629097291076,2.2145461769883843,0.5458223126776828,0.4976669781810103,1.3211782126560412,0.8761620005931946,1.1077597402191437,0.5789391212603823,0.496364835218146,0.7052053636119499,0.7471305692974498,0.55203449361303,0.6764259210637716,2.091240640207007,1.5220789265968717,0.9105521577924959,2.8596533016829033,0.4176410391011311,1.329213264545499,0.8060601089018777,0.45096866791588347,0.9447502616573981,0.6428257559349955,1.348239795979867,0.9202465583205559,1.0163427680796786,0.5911452515442054,0.8086997716865075,0.4952779736257729,0.5324123938322053,0.8449199240094477,0.6869344956844899
SP:30,3.2317238974711624,3.201249491893878,3.1704788851011583,3.123561498954377,3.380819309398515,3.572591559232893,3.3590382364352522,4.149346048820059,3.270335330645011,3.1241393770404295,3.1923586810906435,2.9174524161054234,1.9093819003402346,3.3063190460338467,3.221465722956301,3.317113842179543,3.1112030189099737,3.1533140406236075,3.232753608738074,3.2433167126071596,3.4253977933766175,3.433544646995768,3.1771801927597036,3.5553169821223,3.046382597580354,3.3068631209340746,3.1696088516737526,3.7283481543835864,3.07344075885775,2.515714770338599,3.141993588450197,4.443449798125398,3.3445954833378115,3.6843029456982053,2.86742107567146,3.058863146240558,3.4306926773340902,3.1054845698584863,2.839606529532868,2.4943513298802733,3.205936788035511,3.0319624546311696,3.1752993263184,2.985412137452539,3.2577979660441776,3.036322797611235,2.1248767892150116,3.256904411153153,3.117198023321104,2.1459197966496624,1.4957740969474493,3.0133599870794776,3.0580228531646343,1.5229504395787412,1.2686856557814452,3.138753020714632,2.2682163431218374,3.062234390471474,3.328706513834003,3.2486901374531287,2.438402621902934,3.1715485527898912,3.162916531985769,3.112842001625683,3.091560390092189,3.101035522484316,3.1435158068785807,3.1685109279432995,3.0470111707620595,2.868243485591535,3.145457876254997,2.846178705953338,3.165498872363253,2.6411178405104314,2.908937199341781,2.180660530102992,3.3518262696330394,3.6735319744094688,3.167991684603835,0.867929806504652,3.783544057014636,3.558036719921463,2.9571982430310886,3.936977737451417,3.321542795054116,3.604832636035327,3.739268987969508,1.8780185575749722,2.7365034815029428,2.2061836582910708,3.37397230111153,3.5284088673402088,2.4718511238234737,3.2693388654261133,2.8857171385562705,3.3182828478932715,3.691138436933999,3.4887302102450195,3.5620716335774234,1.3469426176297252,3.2555671562207746,2.274442561392102,3.5865133586647904,2.9851811971431594,3.2088011958326406,3.393114602126395,0.0,2.8113437362453104,3.7257168279630615,1.8442911413293244,3.578358060092641,3.8732868878272244,3.580529482380294,3.4868185647612533,3.476478781456612,3.2216677180293707,3.1340394052447347,2.598893931659692,1.0906050322815872,1.285565302878013,3.524640751718556,3.738360120823429,2.0883435339392067,1.7480116860924058,3.3303867795650395,3.464410954016127,3.5082973336262375,2.005941760828111,1.9291439100677368,3.384543112934641,2.937833984348986,1.1857417756304596,3.862314336392717,1.349189698115959,1.000274267543109,3.50579993097401,3.6911296630199684,0.6079395549068036,3.692131643167216,2.876849464270997,3.850033567028688,1.9334690881076504,4.5457346058448005,3.224754750705099,3.2754063223389567,3.840152805742971,3.2635562817399553,3.317737469876929,3.717525012845852,3.5244552529777877,3.565959599710137,2.9379935094606258,3.625713582722942,3.749084771438765,4.323518125607818,2.2898647321683407,3.6565689514563684,0.7104149304707127,3.4133214928598634,2.576845766269709,3.654296427986671,3.541554885292054,3.2107378913753704,3.633252681432286,3.0056982527754785,3.458266335188546,3.7289166133387446,3.652220038874162,3.7233012398180523,3.5357402612536406,3.0736816600781767,2.9270378647338053,3.469604104908716
SP:31,1.1554979514364785,0.891336126961373,1.7138526096120152,1.1662987482780862,1.1413341890409887,1.4754978663493599,1.403877368441458,2.5710170351447372,1.2688050984335588,1.1426461077523353,0.9971052531966742,1.3115780187090627,1.9133880358579098,0.917059264534445,0.8390900633078029,1.086795354585999,0.9587600952849024,0.920664270806655,0.8927340299218097,0.9205007272703383,1.281289340039951,1.1782523627106676,0.9929201913573511,1.4610640486021167,0.9107627840334518,1.0928645370804755,1.125353151181048,2.28287332559373,1.0658386679018617,1.2187683564606449,1.6454904587240338,3.144805271290341,2.139149641291275,1.9498253658451954,1.6831015300345966,1.5858615041358668,2.0783866921977103,1.0903293921779915,1.220957801522182,1.4039917903836243,1.7121028593487664,1.1828880986010444,0.92099088597833,0.9476406146644025,1.2431544205378473,1.1313109310092382,1.886907069695701,1.272881677898028,1.084608121953642,2.0567296865030666,3.3563804191482656,1.2753913309312068,1.1191826063304227,3.421988303294998,3.2375425588928493,1.1731811867298056,1.7186245555240396,1.0169941917277772,1.464888382655032,0.994561291414302,1.3073699114700583,0.8494104630395861,0.896705515075542,1.134589768081112,1.1289744264382626,0.8327543034872346,0.9759359169444725,1.1347144603342803,1.3132514933830162,1.026497657488335,0.8249030512143969,1.2286153089927472,1.0419131292524475,1.2357553969821693,1.1917707795166637,4.045697480501501,1.2299197611232102,1.1169392118829577,0.9421120258390736,3.1009197336747407,1.1373422646355105,0.8670277874351171,2.024379574444149,2.077035953905383,1.3819816458879637,1.6903197919741577,1.773566753381696,1.175373555146396,1.3454239284830645,0.8039362208022937,1.2400847799401455,1.2838322106623585,0.9690159248808106,0.5955198951994056,0.5018648612095261,0.6359522623146736,1.146560317642261,0.9809354064673785,0.823458259322764,1.7504322836920296,0.5349757003583473,0.630123987601856,1.8221459993458757,0.645856123115323,0.6139266402878275,0.7298907848618799,2.8113437362453104,0.0,1.732965344093235,1.0535686663134773,1.3528308758167504,1.8530498174403096,0.849608466772644,0.8034044987234178,0.8250165795104629,0.7407076848710485,1.505086002969719,1.4910366058838367,1.9150096036369297,1.6389729684427252,1.0564046603063897,1.8099101761058551,0.8985124268574208,1.34761022177483,1.2229826685672687,1.2862160299393819,0.9533948438322352,1.2624251832643454,4.075144457078034,1.172355285495302,1.1769338134251282,3.6370234912023958,2.0365201070051944,2.2071358752582926,2.1983884046538043,0.9588227590602272,1.3793115430304776,2.675917337648966,1.6330560214323424,0.5135246820764504,1.170095815807067,1.2540942140068625,2.7008406038612884,0.7015830913637466,0.6789574182376841,1.7454059556854395,1.171033728717576,1.4009029900992216,1.0385765319703382,0.8535437446752036,0.9787279422964115,0.45044315122184386,0.8911827033463393,1.2267684921056399,2.556110827691311,1.2324981906630426,1.3931919006865527,2.3251220246530897,0.801209407359708,1.115534209393789,0.9359576114007891,0.9440111038675082,1.1672888376453507,0.8990708112959577,1.4196411180535122,1.221443006331911,1.452587013001045,0.9795758661112723,1.1147474727369433,0.9377548315139366,0.6261021968715809,0.7780817062145589,0.7521259726292253
SP:32,0.9443201077664953,1.2850352354228585,0.9760924629159309,0.9448740130989338,0.9502302757123444,0.7019278043322575,0.7729379615928054,1.1846542970312317,1.9170998724777075,1.6909545261358856,1.3991708282228,1.7989832001735437,2.1865763318463247,1.118774890350416,1.3238879779305228,1.088250020632916,1.6534686046180942,1.4458736837083557,1.349909598355814,1.3814820996221346,0.9894372635293693,0.869797578893487,1.2891410928119174,0.7359256931611489,1.2712241660273618,1.119751839839652,1.1523972410221064,1.0174117618893461,1.275227425419099,1.5716456266455368,1.1945829697058148,1.667674753838845,1.344695551826416,1.3299964942507023,1.3880155038772315,1.8108981534614108,1.9722964056679768,1.1325127955458902,1.231991951558191,1.760468504507852,1.0182700038501167,1.2818700909346932,1.2961199778671437,1.346900248085136,1.4237669689391856,1.6110108042743907,2.480271189982122,1.5091596021623386,1.6433630035404183,2.27988548914357,3.921051714818627,1.8959094567358783,2.008459288879707,4.157244788644894,4.048744206774211,1.6689270060141232,2.017737537473958,1.4073394022905616,1.2069561263925124,1.1944723816039338,1.8776952687904043,1.6469207482994015,1.4998382027537616,1.7850444516803319,1.6209923042731051,1.6079736637938347,1.717907660688611,1.6201924361284519,1.3194995995413326,1.8212067554474156,1.5272184958741548,1.828435277868414,1.6337668792172362,2.0205902898016608,1.7616020406747601,4.349382400408666,0.8432072655568998,1.3813816124040486,1.252710469679304,3.870955411280515,1.6051431463713357,1.467128528359481,1.5422218980337188,1.0097213483886844,1.191782613082103,1.0955957438433734,1.2628622915298429,2.242778129877434,1.4559630968625648,1.840851893018319,1.0321187684863318,0.7053568471381284,1.511465149379109,1.5654533314495178,1.877515031142701,1.5167881162536594,1.2837933799115138,1.1729295927392314,1.5457020497829967,2.7604135206980764,1.5808683661152185,2.0652542071123334,0.6975471476515059,1.439620860538486,1.6988088576210718,1.3486492162008108,3.7257168279630615,1.732965344093235,0.0,2.304015165390183,1.0810458911912428,0.7144015983000442,1.7688272366137041,1.3346345990198578,1.2583578577441055,1.567207719602532,1.81681267716938,1.8240063922468928,2.7780453493956205,2.695948131218403,2.09228849473274,0.5694274351923467,1.9482384664595087,2.2412441408023205,1.0026536538010624,0.8833407471819642,1.2326237482905842,1.9919441359448,5.061413290820263,1.0896812196170063,1.3001479854466258,4.5335909019701495,1.36618204450842,2.8660019891441233,3.1653859922517666,1.3001883221585961,0.9067013260664234,3.4978978238972798,0.6567674662303792,1.5095162446955572,1.58240353019424,2.224138038694544,1.3633001844703607,1.521365117449494,1.4876905550374793,0.8089410325580729,0.8615032099185923,0.7882900878109801,1.521724256323266,1.4613388064341408,1.478611309594275,1.6806069861129915,1.679056942716779,0.9788820680211787,1.287965144814613,1.9228556686710436,0.7653270934736794,3.1433966948536343,1.2985029179048957,1.5587074633925984,1.8948527143031548,1.2615790556559279,1.23316852490052,1.671279762921136,1.276955018832234,1.4389877541762297,0.7948538313392248,1.5057226620927335,1.7224025205969842,1.306791481382254,1.3516724124601902,1.667990446453788,1.7746823982556639
SP:33,1.7507297856805644,1.572971294693409,1.974645807867789,1.6904282736478133,1.8241583505720518,2.102239349775306,1.9175141601562125,2.9787440102296077,1.7358663932805483,1.5719833632175675,1.5898368605323823,1.5190184716773556,1.4281262543764683,1.660790548422245,1.576086858494951,1.6898328496723423,1.531950742158698,1.5465406865086255,1.6043002117989826,1.6272743991098317,1.851536574731023,1.8337248615993822,1.6013874709301332,2.0404126301638565,1.4716114124460273,1.6828151852376687,1.6376704389096945,2.5743863627726165,1.5417147716990702,1.240598513634799,1.893357729942811,3.432441241026205,2.26124437977513,2.258751235009324,1.7038552814352728,1.7562210629300519,2.1552246165521773,1.6000123649983997,1.4561946341851562,1.3829277416434107,2.024617612464952,1.580894306092041,1.5555169447078867,1.4253925362076556,1.68910814257624,1.5416360200502537,1.497735184792693,1.7232216625136936,1.577012716083178,1.5823345733350995,2.501943138539514,1.5657199878094523,1.528662454239265,2.5501298128921635,2.321418737946225,1.6285535518969092,1.4620782359342133,1.5126357853852281,1.8687186445393469,1.609632659314504,1.2363829251509382,1.5496803110930293,1.579124038132439,1.6011594046802882,1.6309468225261214,1.4838234783458664,1.5518327913749137,1.6031049184660051,1.6163587724144803,1.3350953634286429,1.5057716210992154,1.4453888430596458,1.5492436913780214,1.3032594673311955,1.420636973902637,3.1947917047277956,1.8260384004276118,1.9643509786804128,1.5185067539904,2.1520505792196842,2.0520967887611743,1.7970840038135367,1.995393788144119,2.5732905407383693,1.8990858224575682,2.1542157288210952,2.33938353941051,0.6357832828149286,1.3958746458111866,0.6332541831009071,1.8395630794635636,1.9626266634024758,1.0402086037912563,1.4997987300969027,1.1166437897712935,1.5660027188141172,2.006339255301923,1.762967220910949,1.7997042750746208,0.9271562385554025,1.4837840479049145,0.6059765903616765,2.2580966235465834,1.2861616484770046,1.4630343022292158,1.6269933581433107,1.8442911413293244,1.0535686663134773,2.304015165390183,0.0,2.0317528964691123,2.3964780032262336,1.8135414165007215,1.7446226544138097,1.7378974957262516,1.4884527134626313,1.6775590099001316,1.3626421585690578,0.9886694199597,0.7656565595837603,1.8717011254096247,2.3637030030032933,0.582475106424054,0.7590551057697429,1.8323134065185895,1.923348587452892,1.7760986913514083,0.8712965023776049,3.2011601989525627,1.817947690185061,1.4278816121644347,2.682079399699345,2.4727265704823362,1.485809001479026,1.3449366238630744,1.8360172125658818,2.098094754888776,1.6757531007309705,2.21622988510157,1.099333091732555,2.1153074035980834,0.6619961203616993,3.2119503689850495,1.430487952164112,1.5178084054572067,2.3634519385761954,1.7260449196897576,1.8945040862001752,1.9788544493244338,1.7746660651273027,1.8977664780712946,1.1410948677282393,1.8496807585812167,2.084224752439884,3.002498631565649,1.1145425335123558,2.0923007287643154,1.3813812218230317,1.7203615827630965,1.1097891141050273,1.902090270012312,1.8388688876846047,1.6722449204022027,1.8420723651082715,1.6339089467939385,1.8223266085586365,2.1791835441510696,1.9202913531066215,2.0330515838442387,1.8141632087060486,1.3362798730171985,1.1980705372740785,1.7077441041095265
SP:34,0.988369669241518,1.037833339965229,1.4775098421280497,1.0543805878337702,0.8851085654040105,1.1617926515357406,1.1184708262857002,1.935864008218399,1.5172691473172086,1.3494068047506433,1.0443206775026426,1.5657189736816945,2.1065690750569623,0.865881533451511,0.9987854364960204,0.8535916567382238,1.2854420533051654,1.1017411220241333,0.9557506940544517,0.9106474251859652,0.77617403077379,0.8236104034489007,0.8843359732480701,0.8961887666064855,0.9632731584916276,0.9491873763086607,1.0911346974896183,1.627554061908282,1.0977339789441336,1.3325990568612764,1.0710482160784638,2.4446081410910536,1.8845392354439345,1.480746680800125,1.7436498792541664,1.8972321985134695,1.9424319312685914,1.316532259323533,1.3614096323020242,1.8112089962887767,1.543078728293397,1.3661041806192256,1.1800683072831046,1.1480403679389266,1.1561475162096368,1.4077735031648093,2.221187948023931,1.305465092501443,1.4439876401780545,2.1258807963195014,3.7598045954846526,1.5165806171253517,1.6443431069303278,3.948561877559185,3.77570004120573,1.2812491886691206,1.7014701087440232,0.9181312972958383,0.9552439293253989,0.7602124875763819,1.500695227912663,1.2201008710514107,1.0681439655081428,1.317858656329706,1.2309407290616678,1.231534364296702,1.4205750597849853,1.455370803031057,1.231506736545668,1.3949249587735573,1.230493294421227,1.6409659141207014,1.2992336007415146,1.702570530016841,1.4792081965443185,4.291719851361935,1.0127745113799915,0.7732162179441883,1.1231518454942042,3.650713256811853,0.9919465845936021,1.0592305002883993,1.7156300646464193,1.5861823223375096,0.7279773712662743,0.8481226796038521,0.9801843805415665,2.089424290086424,1.3801419146459912,1.6733129785586485,0.4426879075832227,0.881801804696708,1.2275328773185321,1.2310778464639314,1.4991343828932073,1.1589999249430023,0.6880580551580439,0.7206175832588163,1.1634702325377448,2.5139454023414234,1.0898625598881309,1.7795421157639886,1.402959271074083,1.058170595680158,1.1144521638916352,0.9846149468023312,3.578358060092641,1.3528308758167504,1.0810458911912428,2.0317528964691123,0.0,1.3119609579126832,1.241817621425447,0.9446963817507515,0.91663683862198,0.9041317506704151,1.1955796498717004,1.4306077635552767,2.602407581607466,2.555494077192051,1.4325910628698881,1.304685353941421,1.755037128539782,1.9420414634152197,0.7376598384577571,0.9612014269828594,0.679524257073438,1.8147269982107919,4.7926320021083795,0.6385533509072058,1.4082838540315266,4.358629008375434,1.0875958025811454,2.6447273281524373,2.958014542157804,0.8320139932691543,1.0034393135974038,3.3425534950307494,1.1162882694641802,1.2025573158938223,1.0736330291841272,1.8343082733813545,1.9454968040607699,1.1258697263991573,0.9232951118202584,1.0571091790133085,0.9094124186470041,0.97104038089705,0.8973907362230166,0.872914905960859,0.9037029736663887,1.3422881778533102,1.2018181356452597,0.8493268179706146,1.8325393819998432,1.5734808853401776,0.8381679474057202,3.0378555041229056,0.9401261630756726,1.6049756666035253,1.3726652613817452,0.876979690380487,0.5587791489845336,1.2055934571227525,1.0444770966008956,0.6885148081478851,1.156300700671703,0.9985886900829961,1.0067578749215154,0.7705576052196496,1.0988428347236907,1.1875842139831416,1.2842212999687903
SP:35,1.1966917270278157,1.4533752702517022,1.2493798327611094,1.2257870043768797,1.0281828608240682,0.7769500756097909,0.8030350150032421,1.0818967095532448,2.0149597789315483,1.8327266706424128,1.5230264681259313,1.954045541474316,2.3994302650561457,1.2631978626850335,1.4954160439979625,1.184587945248096,1.8448564180430516,1.60984002320566,1.503494857551414,1.5111233699087823,1.035886302426863,0.9042589696838393,1.4620608173276997,0.6846897994223631,1.4575818007996892,1.2185302212527602,1.2958087608170175,1.0051201127502645,1.449114332140873,1.724195386585358,1.2407353720487386,1.6163971485443616,1.284685960704412,1.2341016908494828,1.4897073101213991,2.067837357491469,1.926874822031439,1.3637482981248683,1.5461108242839063,2.069730520845447,1.2329832938038585,1.519562071102794,1.531869895170046,1.6016438005013143,1.5572486521782662,1.8519493801511187,2.5441066774717664,1.6945238088408074,1.9116490182923689,2.4693507698206174,4.01327721197862,2.1133469162534215,2.2249215562650506,4.343370345791054,4.151821829186545,1.8126932386100807,2.1668573898369763,1.552336790148845,1.2484484530719284,1.2859920449629112,1.967589413938783,1.8133875152782486,1.680895941855329,1.923931889116133,1.8188104438939705,1.8118994776863333,1.9246870037201234,1.8447832693910962,1.61895139319814,2.0051212278574715,1.7412706918801273,1.9773638953062844,1.8400245559941757,2.2174776136947587,1.9325242121274941,4.48512809339453,1.0303515502513805,1.4607368205250746,1.382218843389466,4.018056303521173,1.6681122621371904,1.5639803980153113,1.5612077441542298,0.8492354633891673,1.3573857142965766,1.1494867503727109,1.3848675608068273,2.3145886168388587,1.5798708623302722,1.9390092767486535,1.1765679330126269,0.8810096472751787,1.6010509621098097,1.6436617004352267,1.9021602551571521,1.6151563910458733,1.4179822073670805,1.1844834572497187,1.5909394602193012,2.8267611478411023,1.681354306900286,2.2054809773315673,0.7291758429259224,1.5287451150165012,1.7581960706422073,1.3803723817567588,3.8732868878272244,1.8530498174403096,0.7144015983000442,2.3964780032262336,1.3119609579126832,0.0,1.8549895388191378,1.4323021866236607,1.2807911857173802,1.684117502797964,1.8435094475941018,1.838027458420387,2.889498803565059,2.8147237660120705,2.2776857767415337,0.6748119035283218,2.0496211909547815,2.37201117425119,1.0649441715985437,1.0137018739116685,1.2587465558514623,2.1538356949247226,5.308989113091755,1.156147929726274,1.3734744062954893,4.740582372110716,1.506179728190674,3.0364523926257894,3.2782169697805603,1.4341356647752055,1.0591156307093388,3.6151735618151015,0.5464293066295812,1.566821534514608,1.6949032023094563,2.3185349623328295,1.254319112030708,1.5955862727196732,1.5824341936750486,0.873662443512253,0.9481564020887325,0.8823925108676829,1.6064874991255504,1.5567320202665775,1.6675599723476102,1.8117508309324064,1.7268880039531427,1.0874972921506263,1.0424775564608202,2.037649570147898,0.7747802701901927,3.2672496923214998,1.4363505948275677,1.6376729858782897,1.9888621582755308,1.334364633521175,1.4125907498116639,1.754046939044938,1.3252789129675844,1.489572458023087,0.8125527517542271,1.5669155950142364,1.8472654505488566,1.382237190453071,1.4111372764680183,1.652207090155942,1.9066980893528316
SP:36,1.355697973168498,1.021869658226047,2.0745299470374494,1.4527167587121528,1.2215286097439326,1.564797000380833,1.59167218739445,2.6599448431818353,1.2969998283919597,1.2798424494875764,1.1357183744951223,1.629463960234819,2.5203409646695514,0.9726976251137862,0.9386512497579614,1.1692249423197871,1.1418099061491602,1.0872793790744548,0.9787042155319454,1.0107658259917793,1.3299092042249836,1.2179520730935827,1.2045905958751568,1.504234013057525,1.2144125374763568,1.2386842852552857,1.4169438431492993,2.457840011738193,1.4139931285821261,1.7505170217128279,1.9351793576185894,3.2553341001689273,2.4920859570225646,2.025104038150717,2.1597890593407305,2.0015906765960216,2.291399331436654,1.4500681588723934,1.688042382468564,2.014765933485817,2.0217982542425905,1.5784111182496785,1.1804469045136958,1.2831226301409262,1.359320062028257,1.4787477932250586,2.483634882215605,1.4249348270088453,1.3622476096263854,2.6435830633290536,4.0671510271522235,1.5856997583988715,1.402496553593051,4.1135575774134185,3.9345268362671497,1.3336901932143184,2.2493986061744735,1.2728091672358615,1.6436619455773758,1.1217187573965712,1.842342340176182,0.9781037850678213,1.0758310991370565,1.326633851755241,1.3419053382789243,1.0719358780441173,1.2421671089048232,1.4032853723971004,1.631463939484667,1.356295442798323,1.0566687147984481,1.5862489151992096,1.2364490394114453,1.6484057403071737,1.50874920581286,4.714961115408093,1.3872719637895121,0.6904750956289339,1.094744038743928,3.8422280223497225,0.5704829728462278,0.5133331741819497,2.3936218666387306,2.104906019634054,1.4745449683073883,1.6509096275921271,1.6703812903967168,1.9445119704763272,1.7323080542546878,1.5779815363741772,1.2514526594947388,1.3210175627871557,1.5297734211058727,0.6329930872804584,0.9571981816552694,0.5825215392221702,0.7347895867857674,0.8054885724260508,0.5049381843793856,2.4699724701666126,0.5203574794973037,1.3864801064489751,1.9687486639245897,1.0128207564808036,0.6692266936739742,0.6779015387978813,3.580529482380294,0.849608466772644,1.7688272366137041,1.8135414165007215,1.241817621425447,1.8549895388191378,0.0,0.5387803841677928,0.6789840044140419,0.6395417924049547,1.6633489252423637,1.9030376118348364,2.6693398660629497,2.430457771904073,0.6840072329443093,1.8667008993773115,1.668779200682448,2.054688111026825,1.319701138876073,1.3043534193734783,0.7769244364574136,1.943439891832626,4.767144290746037,1.1789128579505315,1.5405351732316739,4.402784122806886,1.8873405173337983,2.909937117557559,2.938243850719769,0.7050175066086674,1.2749813884825083,3.4288520546728543,1.62820799977898,1.0159854200295106,0.5688204127638803,1.9253932169689563,2.617576482020842,0.75954594525521,0.6726470198821506,1.6883499176248158,1.3225404405589198,1.5698944953895881,0.5265120762048456,0.516042612780102,0.6759426160267128,0.8682579896476952,0.35809952320189137,0.9546112736828738,2.5081066443564817,1.8168562530835004,1.3058950962150722,3.1070888723525116,0.6528284337428489,1.683925257377622,0.29998113957548045,0.6619317382036819,1.2021316357228342,0.29490778707013143,1.695556921085815,1.1216204524588962,1.4036721117959905,0.42815600731152037,0.5565813232613753,0.6618366663156315,0.9078929030049915,1.0948390505997554,0.29031729180876176
SP:37,0.9806469808369016,0.8170471992306716,1.6312138400365044,1.0743918266360417,0.8479476171166223,1.1173913241172893,1.1394234138399824,2.229274246471123,1.3559925720875847,1.2276541041364952,0.877178513227127,1.503960014608163,2.3030348599675596,0.6077273456994939,0.6935331532003577,0.8061707681330079,1.0500134855888215,0.9145838705549364,0.753447294914721,0.8227300208174294,0.9156429051591731,0.7853677506762107,0.9039631229705593,1.0632260204852837,0.9054114760140755,0.8731733980917783,1.0232100645037816,2.0134569873096417,1.079019867427941,1.476534440139444,1.5394725411550547,2.7929310937539444,2.0192589058937815,1.6498846575325559,1.7776851957172461,1.7436393970176156,1.9918002227204858,1.1186030290122562,1.3312204083349524,1.7445446928466286,1.663805211973676,1.226190506215035,0.8563814706165912,0.9954660687145401,1.129947841098939,1.2394785112355582,2.3320443866470986,1.1974136716622694,1.1619077370714892,2.3936586950860925,3.88895293979696,1.4440786657652265,1.3620260431001385,4.011414672736677,3.8397900103628992,1.2108799370665089,2.0213955835838773,0.9978075876893044,1.2499038835289573,0.7933738471010084,1.6295304217288984,0.8646943477368224,0.8752577764218504,1.2159640115036938,1.1939407532688098,0.9245052905911137,1.0907336184159127,1.2113178758916943,1.2889096467363912,1.250656424824522,0.8618301961454747,1.4928785611473467,1.0530349358849234,1.5857364724051073,1.3992011673642446,4.5348469765866035,0.9291019875590888,0.5585660105583121,0.9099944801053096,3.7339528323430136,0.5001976660761637,0.2728878255290653,1.9890604531032727,1.7069866113440795,1.0837508155949795,1.2949721710096562,1.3295961512761112,1.8104155311502588,1.4522346378913067,1.3834481438880855,0.9292447930337687,0.902144188783718,1.2512856057902317,0.6262768494432013,0.8971507669510498,0.489086051842026,0.5134494403113977,0.5043474079720771,0.43256849972162076,2.372353497782432,0.5230501035506874,1.3589462987588803,1.5449221570327436,0.8216566500627732,0.648501402857789,0.4241906369708486,3.4868185647612533,0.8034044987234178,1.3346345990198578,1.7446226544138097,0.9446963817507515,1.4323021866236607,0.5387803841677928,0.0,0.36076323649337855,0.6171324287423321,1.5515318753286707,1.7388087463413653,2.540875316386168,2.3346522552073856,1.0103659276949832,1.458035272060353,1.5327640459678717,1.8983683774729208,0.9184016509132482,0.9978034118681861,0.443460757007422,1.789580962340043,4.7632604876032945,0.8643469130218495,1.2757677786569002,4.327036206729573,1.6680248419605954,2.767876027723571,2.8655458464903396,0.37316899444097146,1.0183493145406175,3.313367505783909,1.1963189974926869,0.8226287758662756,0.4989538923065224,1.840036950337187,2.18449320004313,0.7337741870687942,0.6136857560161983,1.2675826877835548,0.8909318388037203,1.129948918169867,0.44432289511306106,0.31586995965105025,0.5533710972162775,0.831345138463488,0.49643965955699565,0.643827551167685,2.0830602165099723,1.616600093383619,0.8983068948116769,2.9666325876438537,0.40647278197016007,1.4515961246558087,0.6267916229131528,0.43168123647384654,0.9559974077558404,0.4718086680255446,1.3727616534941924,0.9189459943158187,1.06307739146952,0.46417763896474523,0.6182457857642513,0.3687298918252073,0.7507113046652331,1.038391170681788,0.6119967820986463
SP:38,0.8902988166918259,0.7973667562022867,1.5648584216090589,1.041952002101803,0.7593296220389556,1.0423733530039365,1.0665758092084774,2.0960525315868037,1.3626459447073809,1.2531440212494869,0.9347571370011958,1.5367792541127065,2.2670845180764903,0.5966484671400925,0.7404906982041943,0.7930630958586562,1.0814608520413107,0.9033484990985293,0.7512386078192518,0.7685613961591684,0.9041130586553896,0.7224416775019601,0.878767655809202,0.9876877424746152,0.8850852258460119,0.840896417687554,0.9908176509468027,1.9133066832255397,1.0370285704640954,1.4150880802569972,1.4657469184226133,2.7203471968818866,1.9565748684932087,1.6662876176227994,1.7133252389164086,1.7898427824209762,2.0709781782183336,1.034553826914067,1.2929156428228343,1.7200010853022414,1.5377142226339573,1.1982660346273168,0.8918855786639747,1.0449382818918567,1.1733586766336697,1.2926528800446384,2.2694438217530397,1.3008376736169491,1.2603770104854404,2.392682888995593,3.871064093946065,1.4995137906619715,1.4189736518291385,4.025922182583829,3.832221361011272,1.2433933320885513,1.9823475497976042,0.9930448901144193,1.2196416005834607,0.756112298829433,1.5747454906549987,0.933816575975342,0.8862892066718985,1.2299873873932308,1.214713520989725,0.9647132457343678,1.1421072908236884,1.2501964240165593,1.3416908395057503,1.3137468816438944,0.9270525258297388,1.4981407435147682,1.156644531971052,1.602202930209041,1.4239824583953582,4.519383661376665,0.9018637024296021,0.5931551328803869,0.8906132008094811,3.7133945563898054,0.6884846595588355,0.543905287116153,1.9893743019389933,1.5890206874695674,1.104410853120626,1.2991099378331212,1.3429806299392606,1.7427926890399805,1.4439238096677856,1.334330609514528,0.8392341844815225,0.7800066622306117,1.1860499450212998,0.5513417930998777,0.9649352708872173,0.49571324578308235,0.59765652757667,0.41551651989524857,0.38874739039393713,2.3436874066133284,0.5302506611122084,1.3630093812324204,1.433551404237161,0.7366552775426184,0.734348711560421,0.3071080051536773,3.476478781456612,0.8250165795104629,1.2583578577441055,1.7378974957262516,0.91663683862198,1.2807911857173802,0.6789840044140419,0.36076323649337855,0.0,0.6877659635724787,1.5226689089796683,1.639593016185765,2.4942026790514396,2.2961629109196453,1.1520774964901437,1.317998134840575,1.4653227746155395,1.887421368126544,0.8708226615583987,0.8247401874891495,0.3771491639783076,1.6906396948603792,4.7981841391486775,0.7990642119417752,1.265236639655549,4.3494055087369885,1.6463985368770218,2.7046134665169963,2.804704887283437,0.5002293502661684,0.8311104152408118,3.296665979871869,1.1226924215744802,0.7685337852264716,0.7103472807142651,1.7751638065071595,2.122757890602615,0.6726616764055937,0.514690350823626,1.182256801552094,0.8506788251171952,1.0659840718066185,0.5477334764796191,0.5179941561766991,0.7032959197827319,0.8788333788835917,0.563920215649229,0.5267887182116087,2.0287189068672022,1.6053885279505944,0.8141354807221358,2.9362920575645877,0.38245133831085626,1.3736848991216184,0.819568021535054,0.3861376370270746,0.9459107982599582,0.6621949852600375,1.3491915664770697,0.9718502014710569,0.8828032620596972,0.5176260466598598,0.7890533095149475,0.4703526111000825,0.5760298137793263,0.9516170646656834,0.7107783315566335
SP:39,1.159240863975374,0.8494516617272129,1.7673460862209889,1.2117027719831464,1.0481555323180556,1.4472429127323976,1.3701865878024548,2.460116162135448,1.1812602987689995,1.0202145398094555,0.881904164325949,1.3282521191637315,2.03051813776273,0.8098399755372596,0.7884529953388046,0.875504438413439,0.9777552138727255,0.9019776861155441,0.8037461809015491,0.8468359212149431,1.021819300512912,1.0124216422404906,0.9171379140304619,1.2567668153226939,0.9183666978067014,0.9548975401198145,1.1173040409850108,2.1032269993081996,1.1026073863411228,1.295233437513413,1.5056873779204465,2.9986604445487965,2.1654901661012897,1.691530883509277,1.7653567733206397,1.7593389503766448,1.8996330642782717,1.2734215726085822,1.3629882804948457,1.724642004742182,1.7534419018403702,1.2957975165079296,1.0349486624859505,1.0099945671110162,1.0256253292204458,1.2446241297051053,2.0900175488414177,1.1591531433872746,1.1764690104676412,2.1061183227069105,3.6068372213885245,1.300416658080364,1.2720981643059346,3.68114544764926,3.4974795308286604,1.0935993091370275,1.764929040196853,0.9187676781487536,1.2624264714793347,0.7906904761330642,1.4299952228891057,0.9174603926249673,0.9154822754983584,1.1115561645535301,1.1310607392971157,0.9498207160338151,1.119979182491071,1.1929718633699506,1.2632200674757925,1.0481906075280034,0.9438835850899473,1.3711013521992717,1.0056965663568995,1.313591197223279,1.2002055310957682,4.203032952880882,1.181532643206798,0.6291915018028836,0.883489070585276,3.3887016898702025,0.7168444707777888,0.6309819435719333,1.9500526720272886,1.9330039385917916,1.0831877162081223,1.2609672413523076,1.4416197473952481,1.6689696775145906,1.2163269348100172,1.2739715282158517,0.8701429764563018,1.159076306716755,1.082771036419824,0.705765496853721,0.809079666830221,0.6790153041508707,0.6667336251983695,0.5822243389765838,0.7707405836037498,2.102564613188256,0.5389116885419608,1.2027263221920834,1.7307939761914894,0.7332963322949169,0.5713389099093795,0.6293518697021874,3.2216677180293707,0.7407076848710485,1.567207719602532,1.4884527134626313,0.9041317506704151,1.684117502797964,0.6395417924049547,0.6171324287423321,0.6877659635724787,0.0,1.1333718686874497,1.3881026608829594,2.266304058047089,2.134604629353581,0.9072451771094336,1.717010413816926,1.351678540261483,1.6443346280269175,1.0346351242141891,1.1178511960622968,0.5764219776203637,1.5618857079020159,4.423748262845023,0.869828383664057,1.2283670553610828,4.028052019011584,1.4997844129508597,2.4412957032053573,2.5985279044651755,0.6758289742801731,1.2099156991350268,3.0086347769731603,1.4581387780212094,0.7060299203384011,0.8056429543915228,1.4766569121385869,2.472208736284708,0.5637532788719566,0.487857348020432,1.518414797796509,1.0127546490909867,1.2817052827108069,0.6681347280283697,0.5045521354619097,0.7294164311656143,0.7294460797176788,0.6972248429359075,0.9664922551787463,2.29889197577873,1.399480265915229,1.1385356933351112,2.719494958183479,0.6824810071539034,1.3468049349197928,0.8134502169547452,0.6936384933686378,0.7374351127400964,0.6659398011224399,1.2250977445329387,0.7052392906754679,1.363666703088633,0.647252281956747,0.720484142443562,0.5644493552885723,0.6885893939919835,0.7159586723079561,0.6869753303276053
SP:40,1.5986432060431848,1.3304006957425862,1.8380327773601328,1.524069047001415,1.4654693627132096,1.8258945936906579,1.632686031713469,2.5045531020947163,1.39991331340644,1.2029310086678864,1.236668229081698,1.2829678904469108,1.8049592870447293,1.394697385269035,1.3680522956978967,1.1703063732353711,1.4302480808574418,1.3318251463282995,1.3560948687050929,1.2942027044146187,1.1948597917448427,1.3775179453059776,1.2429098188203895,1.4468115262802537,1.2516791706906654,1.2513296374427114,1.4301059654289825,2.0027765136497333,1.3352709461022814,1.28264709003976,1.2667621800877016,2.8775980210884695,2.079813082063447,1.46705934304492,1.727149068642679,1.8528835215172903,1.5351238948187411,1.7004567875836498,1.5850347841926977,1.9075635146835253,1.961956759912612,1.638333041671766,1.5380633160724952,1.359132105411455,1.1050171257036712,1.4941844192193205,1.829327051263176,1.3069925158517606,1.618959073140467,1.6246885431875004,3.1839555315448322,1.3875534800397327,1.6305614137358309,3.307630465160022,3.1064620214663505,1.2615616039686512,1.4401790824075118,1.0893517285274434,1.1395197623057582,1.0591408457324045,1.3326596016779664,1.5169881027870722,1.4589797837936684,1.3601942941895,1.4053651158457905,1.4789381882800496,1.6175270878770478,1.57145256418806,1.3578237498630428,1.2371649452624118,1.5180722041582952,1.4719295699687498,1.3614674018969217,1.4737731305603354,1.199108637260502,3.600874106145815,1.5833320992757949,1.422976985252199,1.2301118053920796,3.0417955217650574,1.618675692806817,1.5647689501532667,1.681611891105979,2.1603274448300196,1.392634434965474,1.2556481734792018,1.759164410784905,1.968583301850635,1.2341243322260345,1.6139394138956014,1.1912776036591177,1.5849412812671695,1.2855113458714507,1.585855333053649,1.48672295676894,1.6328342202455186,1.4603477978014343,1.2276465802038399,1.740341451939129,2.1796575378264467,1.423618935242778,1.72379079703518,1.9255666682295387,1.1727643178917413,1.2890392249671998,1.4488206227424487,3.1340394052447347,1.505086002969719,1.81681267716938,1.6775590099001316,1.1955796498717004,1.8435094475941018,1.6633489252423637,1.5515318753286707,1.5226689089796683,1.1333718686874497,0.0,0.867484557538385,2.210630803762654,2.286524364466454,1.746034025152788,2.022471865964331,1.6154524083502364,1.6725929544961022,1.3948791950371517,1.6346082977855976,1.2647680189987636,1.6916913539479106,4.200861545507926,1.2347416884453828,1.2526102039890887,3.770165645232296,1.3622879206080785,2.304926051435265,2.639851983033606,1.5801860105702819,1.717804930268413,2.776632438953921,1.7544092734224337,1.2168368973026715,1.7578546737729521,1.3769457083285135,2.6184730767760866,1.227482700695123,1.2449975794507195,1.8595790492655528,1.3982331213031773,1.537334775638255,1.561240343875125,1.3818254382784987,1.577707226919227,1.3602528695398568,1.691918998901802,1.6873387060863207,2.3128547353139663,1.4116509076727324,1.6065173888999726,2.594602802777291,1.6008360419605001,1.4344588946700099,1.818591062581701,1.5544394821257468,0.9850073668962738,1.613392855963875,0.9198899789916439,0.8482203498292842,1.9056524765084653,1.5750727520475591,1.6691546278352771,1.3581727989913663,1.3188057712321264,0.8782860169728249,1.6908403697857444
SP:41,1.4777524352153955,1.4560197766283418,1.6414604708577776,1.4942484983439797,1.5365374854632894,1.7622445208800244,1.567315966568942,2.299389914110804,1.682765908867693,1.5024893752508994,1.5042349824084924,1.543485098573835,1.4148139525649686,1.515588927170341,1.5669970150461299,1.4054857913108396,1.635132420183202,1.5067210294073856,1.5204895654087724,1.4062255010272846,1.404682625979519,1.4807252728207319,1.3984701761852634,1.533992848526388,1.3545428408671063,1.4725121095023805,1.5198209034436911,1.8988211840282665,1.4202660522276105,1.0080464570858776,1.1674166298459838,2.733738598965619,1.8472487803523536,1.7055701602240794,1.5155057572451385,1.9354220262699575,1.8884962891734978,1.6322951271597699,1.4662500999979426,1.713397071275406,1.665803696993567,1.6412798683315097,1.630503970915223,1.4920633149013853,1.4864607417055946,1.7024791966799298,1.4917493583713086,1.6849113720887003,1.8548224622317921,1.3809939221756709,2.7424994744692373,1.6741852084214344,1.8796399016510996,2.9763451444017,2.7103821184486008,1.5320639331822101,1.081707241827922,1.2609397538250533,1.345792680916069,1.2968466191753438,1.0693700077207542,1.6982891206911752,1.5714439874126598,1.5772116049758431,1.5542752827731134,1.6446521793097224,1.8447542680483473,1.8068479063538923,1.554488787456022,1.5001195887049472,1.7025644952074228,1.5854999983755196,1.6966830456541075,1.5591593022976553,1.4533415769700944,3.186700245966979,1.5678252977907814,1.712676685134737,1.394571825291063,2.545535240371617,1.9486907368988982,1.841916721453571,1.4137411228425998,2.036285596562822,1.4624452956499598,1.4741842798915004,1.839705088035104,1.510664480530054,1.1977829912409026,1.3111963254964145,1.2287830468668883,1.670549190215156,0.9370587473576416,1.63467683801178,1.575192324390939,1.6946267329873361,1.7600898016144035,1.4739731002853311,1.87104493020287,1.7032907445283152,1.6034045894403801,1.4810034427266936,1.7570135328356624,1.2875318658814718,1.4996639046075473,1.6261857863336258,2.598893931659692,1.4910366058838367,1.8240063922468928,1.3626421585690578,1.4306077635552767,1.838027458420387,1.9030376118348364,1.7388087463413653,1.639593016185765,1.3881026608829594,0.867484557538385,0.0,1.6371963592802274,1.7656571473020342,2.0262600560528585,1.8832663612875704,1.240647375665379,1.1491421939437765,1.409411968041458,1.524121603546786,1.5016742139477974,1.2653907907077424,3.857527446976281,1.309967516384671,1.2829191640626463,3.3310395001520097,1.6812771581042363,1.7625358612327975,2.0529962123977508,1.7628074531384577,1.7270124034032412,2.2770154434983385,1.765292952101893,1.2889382927601203,2.0851095888625975,0.8964195220782729,2.6013238217085233,1.4252169591698816,1.3977164821209176,1.8148764889196731,1.4374503918320953,1.5149583384343774,1.8498732579805803,1.6905390383208014,1.8523873976409655,1.4636773245428614,1.9039619150258262,1.817988964335138,2.339676419641978,1.2147548781093211,1.6734384919484984,2.0752686133831837,1.7332719988804721,1.1219789849042137,2.0889966141015144,1.70561445238973,1.168054228516455,1.898257428613316,0.8746912936355973,1.2992375340623856,1.8539584182965734,1.819680964320118,1.9646395196255109,1.6294180485747924,1.3230868151465645,0.9968526418430986,1.8751655540951608
SP:42,2.300262654767804,2.298346894816776,2.2837863531506253,2.2365662421120955,2.4531389869456235,2.6214447597714594,2.4186335663312146,3.237756095392625,2.474853054599338,2.300093145520336,2.312931568003706,2.15916948305253,1.2440011201535661,2.36785744280252,2.327292450728353,2.3698502315739205,2.292110603141192,2.2861632353490178,2.3393851005838626,2.339183994324679,2.465151733131956,2.4692426677413755,2.2820048584654393,2.5880631776634906,2.149084958116721,2.3721743362884484,2.2674006871210057,2.841225821926264,2.1865440240964737,1.625712213317232,2.2404028435121615,3.616956793816244,2.495666946326079,2.7533249364346943,2.023281766655686,2.2952867479373804,2.652217747709716,2.2190164762477766,1.9386594650169011,1.7817964345739663,2.35206498898892,2.1790768481221976,2.2811843217510956,2.120449758920283,2.3810429484800535,2.2382143295899315,1.5578319112744257,2.4185998085553444,2.3259120321313995,1.555205234974969,1.8403804656794387,2.260641070111555,2.3144058650971284,2.0339557691669774,1.7212328224532556,2.327793662166209,1.545489327005997,2.1659232596199316,2.4091371146937086,2.2929704887443862,1.6235050000785312,2.3350192481222094,2.307267759248425,2.3127717872958957,2.3019868312903795,2.2589138851451867,2.3343577343868818,2.3496127293068283,2.1854387822525734,2.079489565446563,2.2960848650406174,2.1021591168404163,2.325697031863679,1.9235881480112724,2.1119900351442844,2.521629389868986,2.3925040791008563,2.6939061505206428,2.2571889560828042,1.4022801097543853,2.8409139728700334,2.6235726986764516,2.1539084860565185,2.966061211797774,2.374586900666454,2.643703760404138,2.806404700778328,0.9520570777349407,1.8459315963135858,1.2572993496263163,2.3728125397871516,2.5612951775805897,1.4792821674041843,2.319892142554121,2.007829578342303,2.360698248033027,2.7314643812660373,2.490647557629937,2.6034887863842755,0.6399137560799388,2.326513875030962,1.4260559117369194,2.6411529645283487,2.047585326170786,2.306647795671858,2.4220718067776232,1.0906050322815872,1.9150096036369297,2.7780453493956205,0.9886694199597,2.602407581607466,2.889498803565059,2.6693398660629497,2.540875316386168,2.4942026790514396,2.266304058047089,2.210630803762654,1.6371963592802274,0.0,0.5878617025615211,2.710252180468111,2.780768212170123,1.1569561491217217,0.8916310667644146,2.3788532306549675,2.454939148007925,2.511753258604519,1.0426550979975464,2.748647836739898,2.4069432041230794,2.0713325372205866,2.1028935456361566,2.92454493535723,0.9082603912864485,0.6508982032524369,2.5525897644035958,2.683126368011736,0.8916451474331432,2.730784380700009,1.9116963039110029,2.9153624988829216,0.9647307702030355,3.588903051806204,2.254668212750479,2.302078793681666,2.8438478445013637,2.2809651150441415,2.3905071501853774,2.762922210692862,2.582625276075238,2.67129816398676,2.0455375554109683,2.6751622458335866,2.756252967812015,3.388461495040299,1.513720327792452,2.663040142438421,0.6503281021752401,2.4665142003351646,1.6364253709756327,2.7823835176331486,2.5729906415821984,2.244852417431831,2.714888821790867,2.0714640614507007,2.5022575040688517,2.7509314412440173,2.715107926776449,2.800242252498987,2.5736458500432953,2.1013398429179877,1.9611875512825248,2.56012500304508
SP:43,2.176065489843158,2.156047380997336,2.2661181587991086,2.129934713417224,2.3242619671899782,2.496705710319405,2.3243486257392485,3.214210122604907,2.3534474374575347,2.211471741468696,2.2098560471246094,2.1044912156707922,1.505101599404658,2.223483183860458,2.1750630431783438,2.2881494270932063,2.139105136058483,2.1445027986900422,2.1892328344309915,2.193876551203142,2.409724592516763,2.362192823397494,2.169659242678317,2.524515297692951,2.035554946783096,2.272883082661294,2.1616786409543547,2.8800838976348526,2.075784448524933,1.6467595006581728,2.2882423566304797,3.658172050789775,2.499619649398025,2.771357718858282,2.020906458948379,2.2000275889288474,2.6984331863653104,2.0383765102258296,1.8631082881576484,1.6626735991406256,2.2768303665523577,2.05283908417044,2.109265511951985,1.9941319428341568,2.3295553172287535,2.1170770695144414,1.6552326090636078,2.342227159433826,2.1613385137143624,1.7866593281386378,2.215839249989913,2.175694885712986,2.1371340039749183,2.3353394150286766,2.0694529054972404,2.241072950051595,1.683211956250369,2.0962219330529934,2.406116222543149,2.2106127249147822,1.633726030426088,2.1510391175887533,2.141868359925241,2.2043675652710046,2.1817221668106943,2.0820544802187,2.14665858018197,2.193490109052078,2.147122477490609,1.9823442398976563,2.1047300126777033,1.9868095985117973,2.2011056273787304,1.8585442248992727,2.04148788928462,2.9493900547663987,2.285298992586398,2.552061696332235,2.1089314722347248,1.769293943855926,2.665889326052457,2.4188851518584307,2.2630727904417314,2.88854808002728,2.3521951505439858,2.660115538632212,2.7572319308672237,0.7091735438631795,1.8668905107723395,1.0667913629762762,2.320925571778686,2.440908209299763,1.437827766522936,2.0489922287198667,1.7652815181397663,2.1026838175760045,2.5978507311257824,2.3651453727976666,2.3515524531566103,0.666120599866023,2.0874417642567433,1.1047790849959405,2.573050352591702,1.8967716015425886,2.1050833323378146,2.207295025239124,1.285565302878013,1.6389729684427252,2.695948131218403,0.7656565595837603,2.555494077192051,2.8147237660120705,2.430457771904073,2.3346522552073856,2.2961629109196453,2.134604629353581,2.286524364466454,1.7656571473020342,0.5878617025615211,0.0,2.48464554754549,2.6809810491229844,0.9131489285654117,0.9454662772996077,2.2867343808391967,2.3251232583714465,2.37385784963196,1.0027147877845632,2.89927547858132,2.3162755163319213,1.9624051209530937,2.2867742793257975,2.9770424983925667,1.2231812194916891,0.7469928163970088,2.386317414072847,2.530534677189844,1.2622491811801553,2.6333728566894674,1.7254671135358612,2.7209894558040877,1.0046755261916602,3.542900773022126,2.067232676418773,2.1234479118653637,2.7577830759721316,2.200844537831793,2.3163992240599534,2.576078861918512,2.4052797166286224,2.480819765746871,1.792011403917075,2.4374056535598103,2.589556123885212,3.3704227483247884,1.4793260734830684,2.5541622710187113,0.9314230822252041,2.2572467059758514,1.5159522176704328,2.5233993872005263,2.3801176920646343,2.215334119786331,2.4837029662073737,2.1121886265627614,2.4463385498069985,2.5754831060565535,2.5173723261468557,2.619957684129685,2.4152692932671855,1.9012998087375967,1.8395442935938109,2.3006180303628767
SP:44,1.5995141565795972,1.1563248874145449,2.344123370136781,1.6123899920851776,1.4917945580565133,1.974028426811227,1.9561491374440696,3.0751290115032854,1.1532300913333526,1.2191323799704006,1.2371895606785237,1.556129043829793,2.502149475229568,1.2438841929844728,1.086365313604861,1.4151205931411406,1.063303669784607,1.1269533568643932,1.0973201933360441,1.1381241409166112,1.6250330342406492,1.560899091836958,1.3088738826470663,1.8603727308462645,1.3369084354682816,1.4845134196448186,1.615196539339893,2.775781395444931,1.5660716303509055,1.8435563843652885,2.1264709367296386,3.6111590021888644,2.862551390429777,2.323914368388704,2.424732483323279,2.0920929576694194,2.5075225361762876,1.6642237063202723,1.84725744561253,2.000055704520383,2.264344739084286,1.7410071289190974,1.3804897874777204,1.3538841001934079,1.4588228013408293,1.479049300389232,2.502005211516795,1.4921474762158282,1.3554015823530752,2.64281294933849,4.0376828551234345,1.4399895301529104,1.2501312283807982,3.991533991954475,3.839069254704003,1.25375651334397,2.23949400989756,1.35048343191177,1.848569765285765,1.3393399822558927,1.862766956281573,0.9334668134940709,1.098570125790938,1.22438989415129,1.2538560421195704,1.0540051443363583,1.2269523969185023,1.439887214852402,1.6999308282569146,1.2386331540249855,1.109388935560192,1.516856655223326,1.242137345672049,1.5130724307061945,1.452590891324844,4.648797206817541,1.7478034659029384,1.1405062538390707,1.3145062562673224,3.756176754130297,1.0245973536559478,1.0005742597258862,2.651090474320468,2.605147828444585,1.7613630587721347,1.9697452498655466,2.007035511750646,2.100749925276647,1.9254484991396499,1.7480798837440827,1.5625634125343835,1.6134209411341418,1.7249255905546783,1.0775313361004053,1.2505329016727944,1.0881283704619045,1.0619645112598752,1.2273593088837518,1.0600896745930823,2.5312557491657985,0.8574126050451036,1.438753153238003,2.3882631257754987,1.1734302471119178,0.9393339997599792,1.1311554697518849,3.524640751718556,1.0564046603063897,2.09228849473274,1.8717011254096247,1.4325910628698881,2.2776857767415337,0.6840072329443093,1.0103659276949832,1.1520774964901437,0.9072451771094336,1.746034025152788,2.0262600560528585,2.710252180468111,2.48464554754549,0.0,2.282417497439938,1.8062764356567453,2.067787141697433,1.6679289793735435,1.7276987751757034,1.185015239918229,2.011242945643077,4.485106323972658,1.5473454846715313,1.7649442529433401,4.236543826481945,2.085789812381583,2.8713943041931054,2.940400508833929,1.1130557850764753,1.6818574758670364,3.4138280773705127,2.0598687406531413,1.2980741568130643,0.9947703914177786,1.9554704411352735,3.0693805198602098,1.0619990736803828,0.9456545421572758,2.1354230091837474,1.7272989850144926,1.8518877408941783,0.9896624218957927,0.9287307978616275,0.8058127222153618,1.0486180455107958,0.9883761238184735,1.425611267331993,2.9622601810383085,1.8345883205996258,1.763292330129434,3.11224621301092,1.0382531933874344,1.9352273226229237,0.6369493098306134,1.1636373100176267,1.3744495330338378,0.7853768845922338,1.9343178531902727,1.3720790135706102,1.8600543159261502,0.8836717160327243,0.8649369430396809,1.1189993811377488,1.2154247779248335,1.3263260294436936,0.6785219783367907
SP:45,1.06300387322938,1.4667770609414486,1.102110524915962,1.1683673399603807,1.043287736391176,0.6424676476039675,0.7721368648243232,0.9531470144392614,2.110772844071237,1.9424780690498913,1.6477176173361705,2.068625974707304,2.313356942221504,1.278451210881975,1.5241562022320907,1.329158053158055,1.8685832401124927,1.641365820490261,1.5160636059300654,1.5051189383112484,1.200762467593897,1.0139101412841942,1.491656505411817,0.8550300625784273,1.4796937591429635,1.377830462833886,1.3870079214571271,1.079322614425533,1.4918467589988165,1.6613245776445658,1.3050650930061611,1.6580001614577362,1.3028564818321908,1.6019024770115309,1.4909740170343857,2.094321769514997,2.233985361650491,1.2895759481838767,1.466236140195309,1.961598670546491,1.0215425402275096,1.4989656907540634,1.5174491165304356,1.6199406364419568,1.7315503398022465,1.8998731097586818,2.5127042191301294,1.8511214800690072,1.9409039822933665,2.4623817045667358,3.9489856192345933,2.1849906920261946,2.267422706561812,4.272244015118834,4.097144789553008,1.9113307797985388,2.115790750832911,1.605034800828808,1.4395707400398243,1.392888790028722,1.957710043606724,1.8437475006926503,1.6691045989866518,1.9979730286929953,1.817147939437352,1.8165285642679043,1.9703971659264627,1.9143042770532805,1.6998533275278185,2.081014658396915,1.7613509185224667,2.0266676552167118,1.9441630429883783,2.2207817453505325,2.021861945143781,4.435026314814945,0.9643933681166001,1.475884984773612,1.43244917045632,3.925653248621209,1.7221628167581957,1.6101183061412847,1.5832296485662032,0.6650331471770862,1.2938740129519843,1.2404620790430292,1.2750973209614134,2.19655940258281,1.6161176266170136,1.8663172420207594,1.1111836511122455,0.9732522380366124,1.553429098255379,1.5959080907063212,1.9324513295684604,1.5557931664018252,1.4594879818468383,1.2982017324124968,1.5761863602599169,2.7488607073762577,1.6852572981719205,2.1319355842439958,0.4797317549395962,1.5819643745357075,1.7841956158665022,1.4460817735096976,3.738360120823429,1.8099101761058551,0.5694274351923467,2.3637030030032933,1.304685353941421,0.6748119035283218,1.8667008993773115,1.458035272060353,1.317998134840575,1.717010413816926,2.022471865964331,1.8832663612875704,2.780768212170123,2.6809810491229844,2.282417497439938,0.0,1.965429248081135,2.294482381795276,1.0326433270688893,0.774090337943676,1.37488774667651,2.0447244532862703,5.200471510355605,1.0855188614748152,1.4778537630613626,4.616841309926585,1.5849202272508844,2.896877102039314,3.141787439242652,1.4083421140901216,0.8932110865871922,3.5280122584867364,0.5999414972037868,1.6319534840014382,1.7348594971346514,2.2854902392376495,1.2961909699464667,1.6633401139473085,1.6099764296872006,0.7007801946621111,0.9306918027535911,0.9660227497554563,1.6231209185745175,1.6178010300287242,1.688899392731861,1.8310054989520665,1.7234887754769437,1.024774926038878,1.2183697553650705,2.0308240344802213,0.7351776308580618,3.1551242888905096,1.3976820680080209,1.598527282414985,2.0108908789834596,1.2922801510786668,1.4190659261170764,1.8115141012596525,1.3732333985645502,1.6298429266676977,0.6228973920331041,1.5946464447334974,1.8363251574936765,1.4119086521435202,1.42510598873633,1.744597840671815,1.8798804163735894
SP:46,1.4166512482409215,1.3753241142012926,1.6594438136902199,1.3841329619164182,1.5241617426613818,1.7384962731579432,1.561802175515601,2.5668384217149223,1.6991745647261802,1.5296219412729972,1.440525132807485,1.4995918043561172,1.362222536737314,1.4188289190629917,1.4013287341439493,1.4866814291592416,1.4491691366670933,1.3993182614645927,1.41621757889469,1.4241776948019702,1.6039891714831869,1.5497715158317826,1.415018299405016,1.7239088872504458,1.293095006972992,1.4995398848606791,1.4417606601703234,2.238182413477081,1.3864802646817955,1.0800628214346957,1.625910253270899,3.0794991056043597,1.9862226605030102,2.066959473423211,1.520110494771964,1.755144882955505,2.160752060771062,1.380956973909455,1.2746573548434503,1.324519770330575,1.6671508804476358,1.4182585718501344,1.4020421345568657,1.3034923372607559,1.5960392105285093,1.4867120542012435,1.5390605639203945,1.6646594992409245,1.5556557858657687,1.6438640029879508,2.6954240052715237,1.5957687890975873,1.596352304039595,2.8463620220269337,2.6166916796554975,1.5414778791114838,1.317654848333298,1.347006762884553,1.665266934479434,1.4145354000889763,1.174640592474372,1.44382916334057,1.4149496260529126,1.5289167991717343,1.4939424093963665,1.3850300800793527,1.5196855295664398,1.5797694890175646,1.501491891355018,1.356729904494386,1.4174548465378198,1.4341464391904495,1.5403261439601794,1.373796069508116,1.4454940548537518,3.316568527468587,1.5223095318667947,1.7387486075331942,1.3501486198206873,2.3917476438925656,1.8716960097917263,1.6259985780401778,1.7920055444427914,2.198013145694913,1.6118950019840192,1.8973821451753201,2.026911209121851,0.6530506577438027,1.245980332722697,0.4707262772454164,1.52435297137032,1.6347156256496946,0.727114504743668,1.2792690590367446,1.0827055038017614,1.3319976700237093,1.7774668406061034,1.5235844685413473,1.5689542575224205,1.0272387378655896,1.2750272333682842,0.6127156134374071,1.882543146538464,1.0853708446164936,1.353228488600944,1.3687927795805046,2.0883435339392067,0.8985124268574208,1.9482384664595087,0.582475106424054,1.755037128539782,2.0496211909547815,1.668779200682448,1.5327640459678717,1.4653227746155395,1.351678540261483,1.6154524083502364,1.240647375665379,1.1569561491217217,0.9131489285654117,1.8062764356567453,1.965429248081135,0.0,0.8454026732297871,1.4982333185916363,1.5554389937295217,1.5346051297891512,0.6073454120343693,3.543639416579752,1.5212287401191715,1.2782869508778634,2.9968254580231957,2.2162863807771873,1.5082944238427585,1.434734548275741,1.589263929804111,1.7542529315254585,1.9468175488185584,1.8627940324661625,0.9018063029294147,1.9298135496888174,0.7155956431914254,2.8522090937597366,1.278374504130581,1.309224413736391,2.0136853328926314,1.411146962158458,1.5510170273874369,1.77139841086924,1.5941336706865434,1.6896445720785653,1.0614666736578946,1.661197771243249,1.7753294936643291,2.6658960031242733,0.947191250867883,1.7525511506705314,1.583023098474612,1.4434471773683357,0.8975974313050785,1.7968791068436865,1.562516821104747,1.435427103523773,1.7202239019193664,1.4358472111349487,1.6394747980232192,1.8051282468241847,1.7065035481938449,1.8485351318362349,1.591274793381274,1.0772394492974953,1.0623238439352463,1.5670572215535743
SP:47,1.6513841017151396,1.655042475372064,1.80602539240728,1.6125810535194514,1.8246268667833885,2.0511080689453576,1.852980263715804,2.7905634746765555,1.9259230759976638,1.7184694386916082,1.6631440602004313,1.6556509208101384,1.1238294712336991,1.728626710136948,1.694023655455392,1.748662047312134,1.671912891055675,1.6524589431232701,1.6899345027191959,1.6624103842008497,1.8350885389876248,1.8440627735218087,1.5964529863175858,1.9845757762347274,1.4870551689649867,1.7446000001924038,1.6245879352539179,2.366802720913199,1.5471518971300915,1.0019387797865174,1.6295817461080857,3.203384141681628,2.1119181712059114,2.2482529262636866,1.597900979220593,1.870766980186162,2.1929087317510927,1.6558436096497477,1.4377747615135206,1.3521727016472769,1.8323492981306337,1.5918768992458356,1.6600963788551817,1.5064894345691646,1.7803832154983612,1.6482727462225981,1.2795619884013716,1.8545313688486338,1.7461399289507196,1.293930728032524,2.2282124646903303,1.6797312353693792,1.7848782361082705,2.3773690124295634,2.163824578613157,1.6972807878112022,1.0911409790050246,1.4839700038383667,1.766336976495859,1.6592094941156454,1.0134717221455776,1.679590808093519,1.6107971874508926,1.6628886486841206,1.6192990896894592,1.6290512780269772,1.7621735284603979,1.791507787927328,1.6426327803245555,1.4939823801593335,1.6784593392133933,1.6177011751048838,1.740182664435788,1.4084591717183201,1.5928909203986255,2.9157530671690433,1.792716275702067,2.102666074065041,1.7084133975488345,1.9217844824840202,2.196809139687272,1.9995038825308777,1.6865524912858294,2.5168519264297102,1.7349550503257156,2.057315052272958,2.220869587379761,0.8756615488147137,1.3607546768215575,0.8819667437632775,1.7526129656036469,1.9922685304307028,0.9044482747928416,1.7873463373611183,1.4619560734464934,1.8097327452937717,2.0894528320324945,1.8936256296890996,2.029543863074898,0.9525980499604649,1.7561021744207446,0.9956731056534757,2.163153031594561,1.4588515482420172,1.646353524773221,1.855673713311508,1.7480116860924058,1.34761022177483,2.2412441408023205,0.7590551057697429,1.9420414634152197,2.37201117425119,2.054688111026825,1.8983683774729208,1.887421368126544,1.6443346280269175,1.6725929544961022,1.1491421939437765,0.8916310667644146,0.9454662772996077,2.067787141697433,2.294482381795276,0.8454026732297871,0.0,1.7436423735873425,1.9450020586133931,1.8788579425833916,0.9528694721116091,3.119333109917198,1.7912793578971888,1.5476140293904859,2.5636238713711825,2.3891985138005825,1.1274146242251224,1.2928209747294501,1.9347871547774973,2.202318500102156,1.5997336261967032,2.1951232462498123,1.3951007587587776,2.282896575543096,0.6449591182850334,3.1080331512262696,1.735234862683149,1.692511376572971,2.281570774341566,1.7425657092343623,1.791718610746729,2.129491291411972,1.9229567045276448,1.9859912466233123,1.5002459188655966,2.1052036544903427,2.183945458699603,2.9010831487586786,0.9524484700545468,2.0953347364155306,1.292980997611482,1.8800428304489922,1.235313108925773,2.1538450569178464,1.9881216040484586,1.646171293616629,2.090177548673306,1.4816905054085436,1.8464235005756855,2.2243829821747854,2.084131304603216,2.1561993542593,1.9404696367381458,1.5575777080903979,1.43349699980403,1.9856524808758935
SP:48,0.8752661343281507,1.0586975126316063,1.2891716042606753,0.8933807469254936,0.651428593069102,0.861429161787855,0.7362825146520233,1.6655888804621883,1.6234067906899337,1.4198036370520233,1.007425307819281,1.5577306835096716,1.9455298334845643,0.807409934639552,0.9768654512691237,0.8413845913753141,1.3350766434189998,1.120906589346902,0.9484554619696893,0.9322613861604727,0.7057842401353078,0.6415160299550118,0.8929960039882919,0.6476177965710975,0.9006122050234553,0.8727924853548347,0.9353317624082793,1.360699735706443,0.9974213598806628,1.1672878674629805,0.8526331150317913,2.218411220536824,1.512221724792526,1.44056567872443,1.4590101590086348,1.9237737828860766,1.786733087716065,1.1594886113754488,1.3168988354895566,1.7104616495240177,1.2600987866905935,1.2294327659348843,1.1646482673114626,1.1308892285067815,1.2026745270180863,1.418672077907249,1.9464839768007285,1.3316792215517799,1.461443778883411,1.9918190323690266,3.5005389682684167,1.6389514623855361,1.7283426576343859,3.7910569761054664,3.5881464307020106,1.330996285967894,1.5102503992557719,0.9442127364668851,0.8820056115826512,0.8074464393105587,1.312618289638489,1.242202732897171,1.0638964614582627,1.3649468255512205,1.230269477947439,1.280542281750013,1.4384063705932,1.4810510771575518,1.2853893960635812,1.4392663669336643,1.2385860379651092,1.5754399230891318,1.3901459757580976,1.6907378733551222,1.522606206146214,4.1031209666724795,0.8499664307458344,0.9157347881183896,1.0588036502023905,3.475812014261654,1.0823446128772274,1.072313781390299,1.3514046089139136,1.291518107393807,0.548277483591321,0.8156991528811902,0.8256891209038373,1.8146140440529386,1.1588699851702216,1.4251323235626425,0.5428028078872013,0.827393708032628,0.9493775077633538,1.1922569728828214,1.3010781047066824,1.1080444641994207,0.8831891789309266,0.772226525276193,1.1461183604168328,2.2131866271178944,1.1044549509881783,1.6311487912539007,1.0791159065647413,1.029321613342271,1.0851599023117304,0.9213187559524294,3.3303867795650395,1.2229826685672687,1.0026536538010624,1.8323134065185895,0.7376598384577571,1.0649441715985437,1.319701138876073,0.9184016509132482,0.8708226615583987,1.0346351242141891,1.3948791950371517,1.409411968041458,2.3788532306549675,2.2867343808391967,1.6679289793735435,1.0326433270688893,1.4982333185916363,1.7436423735873425,0.0,0.878066164444563,0.7771116501569109,1.664277782170696,4.693809646731442,0.4607149029060875,1.1684482660213655,4.165950612313774,1.3132455826926634,2.4696779852353345,2.725287958868466,0.8032535012453149,1.0725493044537107,3.1237415768277352,0.729993873645062,1.0848460649264662,1.192267491645668,1.7465939808480102,1.812118107801937,1.2286867137238338,1.0864848014931934,0.9482439510178559,0.5724923621665151,0.5602571537954271,1.025433850317115,0.9511083165175415,1.0226308582734425,1.3225172411995578,1.2337260685009896,0.852919016540226,1.571005214922318,1.277892244091362,0.5765152061841002,2.7697771873161314,0.8885591995141602,1.4211963722827112,1.4358051084860188,0.8018555908575489,0.7519680257305742,1.3047678230188595,0.8743345950304063,0.8660064658210982,0.9272028215265096,1.0433552664630326,1.1737015762272849,0.7807607082674848,1.028827375897985,1.1515171498946422,1.3971818304335528
SP:49,0.8750245194863988,1.1214432414198263,1.2853048205093347,1.0846005331553341,0.9135886957734216,0.8241987637569296,0.89551639647392,1.5716903665772732,1.7469619202255335,1.5969407988995985,1.3807744641764839,1.8272693902802892,2.140896947313083,0.9696822214127693,1.2031491825467822,1.0956703615542118,1.5144485445004647,1.3196716872156522,1.175885518649995,1.1522712829023753,1.0540963476720693,0.8726525387801198,1.207008546690582,0.9164419899166332,1.2086498306796016,1.1650070110540918,1.2069961713791377,1.4915237398726953,1.26941876589428,1.4054492544121457,1.3382354256952296,2.266127850582347,1.6137739825376995,1.6088578394284132,1.5021981457417475,1.9008560076713903,2.1827353472340354,1.1179063484242977,1.2884015991346598,1.7889070356476715,1.1576034213741788,1.3212529981258263,1.2336146884817742,1.3477692414697644,1.483414302014276,1.6614260065429751,2.329064649556844,1.6308030942913578,1.6512177285906064,2.304082172767319,3.8150077869807535,1.8712735446176503,1.8996987199662383,4.05688372616767,3.8444087551483217,1.6254077783464267,1.939232306446296,1.3084968881803853,1.3658376703692077,1.0782873388640792,1.6989598035599014,1.488400566139002,1.3240579384453988,1.6798439819180009,1.5481982321228687,1.4554981176553392,1.6434745665065909,1.6119128402016978,1.5228959865458764,1.7315015029494534,1.419422292817614,1.7830378351120295,1.615945545123691,1.8583181996037497,1.7181920193247546,4.3539329645402525,0.8544706454365816,0.983291703376056,1.1200385629332252,3.6629361768265576,1.2693253864702077,1.1597859898476772,1.7166173042007498,1.0332161581073678,1.0749877770990413,1.136492599883325,1.2203803022999367,1.8141061261140048,1.3532943967337168,1.4879729117911409,0.6886647971964805,0.8844961907226975,1.1981693535953615,0.9941626302586231,1.4473369629214898,0.9666043666866168,1.0411852740101415,0.8380253732200829,1.0401996373507345,2.3908202546191344,1.1318306199212995,1.6358224767578788,0.8891453743195185,1.1621740804273943,1.2860940010813011,0.951280488811868,3.464410954016127,1.2862160299393819,0.8833407471819642,1.923348587452892,0.9612014269828594,1.0137018739116685,1.3043534193734783,0.9978034118681861,0.8247401874891495,1.1178511960622968,1.6346082977855976,1.524121603546786,2.454939148007925,2.3251232583714465,1.7276987751757034,0.774090337943676,1.5554389937295217,1.9450020586133931,0.878066164444563,0.0,0.9041518933545118,1.6784152918410316,4.886311259088989,0.7207475258630087,1.3208557686765945,4.369354351847592,1.4360335565584101,2.5972436391973766,2.787824825880567,0.9806522575291451,0.5128184939925342,3.256063118839668,0.8649741448668528,1.1593671339072684,1.29794146432183,1.8259063466990886,1.72328513990498,1.0819636236936436,1.013864040485686,0.7579270029082527,0.7475104794869648,1.018909609208183,1.1389799737593205,1.1512874311491814,1.2819897096603021,1.3126735630378192,1.155796630051289,0.6516005576480766,1.662150167321867,1.775274171443424,0.6071566508497273,2.914420099320279,0.9292818184059771,1.2904696633936314,1.5016817731266587,0.8080484775384511,1.0028704450717145,1.2953871189397017,1.2225299699822223,1.2273577559845688,0.5462908316971141,1.1087264266775694,1.326966261730774,0.9645597664144611,0.8835986646747382,1.2292054397969394,1.2842623013476016
SP:50,0.9577042937922947,0.8551962109462521,1.5578785123229477,1.075431900264137,0.8034922367554497,1.0997360237364633,1.075215760874229,2.079708599300873,1.3680264199076357,1.2209880811533897,0.8600593771139992,1.4866420309573558,2.2278236397370708,0.6206741060004451,0.7714297427938013,0.6750597196699337,1.1201620096963059,0.9353246935909182,0.7784098447100495,0.7850336966064286,0.7237197027239256,0.6677540451771292,0.8360187900965103,0.8977239119772676,0.8651084154491858,0.7610737150852847,0.9783899480450837,1.829144744291392,1.020627413523023,1.3849321780268082,1.3169171363945826,2.6392123391543736,1.9062780884298816,1.4525009795007953,1.7062395534689123,1.7854420949203598,1.8667629815225462,1.1655540417387504,1.3081307320332416,1.7869811558878241,1.619690673447488,1.2540428123400031,0.9406500781807663,1.0282507412022066,1.0475515129034987,1.2822645288482657,2.253708928433533,1.195652832425021,1.27417025995383,2.274947779372114,3.8216495432347064,1.4422357475524465,1.4448794505171896,3.982035890373171,3.7908346143574914,1.197618595034505,1.8832333451840362,0.8913436294594564,1.0256832469034327,0.6240598977951962,1.5318897394161421,0.9828149817821907,0.9291397485037973,1.2035194012606292,1.2194704614245802,1.0179705854692032,1.1899063660418514,1.266761065904604,1.2277404454790484,1.2571269643330865,0.9823793042287842,1.5231861675312048,1.0926032646739419,1.6184596575710986,1.3776617879999722,4.442370852990602,0.9050151015601824,0.47211286189294255,0.8990992652322959,3.6781013803441263,0.6034475951601923,0.5555107473381607,1.8560251607781995,1.59551709025536,0.932798555337662,1.0688581465663884,1.196805891218087,1.849442238782715,1.3604142893955251,1.4182647911794821,0.6690825784566609,0.7878353095941504,1.1491544451849278,0.7431400693690962,1.031504401658481,0.6643952952159955,0.4738246904903812,0.2564395718780583,0.6201503623173286,2.36555459929082,0.626275392305216,1.4717757961112363,1.447615005607797,0.7655864717783326,0.7308990487308861,0.4152631149953778,3.5082973336262375,0.9533948438322352,1.2326237482905842,1.7760986913514083,0.679524257073438,1.2587465558514623,0.7769244364574136,0.443460757007422,0.3771491639783076,0.5764219776203637,1.2647680189987636,1.5016742139477974,2.511753258604519,2.37385784963196,1.185015239918229,1.37488774667651,1.5346051297891512,1.8788579425833916,0.7771116501569109,0.9041518933545118,0.0,1.7261041568877618,4.811422091613704,0.6864252001817174,1.2395590289480727,4.363231627634787,1.4198550107005095,2.702251150063021,2.853524643714108,0.5101801088130629,0.9133976593767859,3.2868591941722767,1.0923376379977967,0.7817709757790297,0.6881668087113716,1.7395782617946345,2.040259296704732,0.6816937083446098,0.5215305238667842,1.1313865730665287,0.8024741961036332,1.0079902699374366,0.49764060070075655,0.41436529877651107,0.6887804211599446,0.9323846978828186,0.6784309875679009,0.6193737467296272,1.9179298948284342,1.551284808634908,0.7868412609243681,2.962879695204227,0.5564077651020974,1.3989016397113128,0.9216189107724777,0.49684488600897503,0.7381758120137919,0.7072372705071227,1.1705955867809756,0.650799408928851,1.028831011491001,0.5951026920744176,0.7409259113312439,0.3657227676986515,0.7099515831377565,0.8848870868714735,0.8404273663942263
SP:51,1.5484915560820085,1.5512691400938374,1.711451201623192,1.4825254047175174,1.6734678179778597,1.907555603663726,1.7231827566219187,2.6333461700410314,1.7978083820871955,1.6368201695907403,1.5876516821329114,1.565224763404918,1.1094210715799782,1.5903899567426452,1.5604623854832391,1.6164722962492977,1.5858862703788938,1.5427848421548893,1.5810836542720914,1.5990303821628127,1.7410689655877853,1.7026295018953481,1.57551616287893,1.852768919053823,1.4362065827796124,1.6398197813764424,1.5951134741150572,2.266926960038472,1.5428958278557539,1.1622368246965653,1.6761275060202057,3.1050428934900123,2.1200339932237604,2.1726071408631795,1.6631287384810318,1.8751079051244197,2.314819070604159,1.5215753167504757,1.297471649675031,1.315125236188221,1.7470651528555228,1.5767309260545224,1.5904388479518465,1.4131986420315525,1.6991800652029234,1.6130880555998115,1.5512015800161487,1.7638202114820916,1.6927270069251314,1.5830276878031293,2.571064261728453,1.7044491162513127,1.7122994456380536,2.7504621315938764,2.5055391994779357,1.6521058982343946,1.2483657561183878,1.4925549662527102,1.7691369371693118,1.5483460657680863,1.234853388021245,1.6071736375149033,1.5995247785803837,1.6575702036099889,1.639879292408431,1.5484160137447942,1.657773784207076,1.7119804608691287,1.5070070098097126,1.46989811308973,1.583722068729097,1.501863749840471,1.6619120255141222,1.450288098641983,1.5147587576942885,3.0984441269842415,1.693965410877251,1.9001250524854263,1.5089847610642173,2.271200464583811,2.098275906935007,1.897642062683727,1.8993668770491707,2.3519139431884297,1.7301997664210924,1.9981597311487764,2.1172106821863617,0.8151237319924193,1.3610940626223849,0.7481410172584722,1.6239351514520464,1.685714360063642,0.8471744252200628,1.584680176963923,1.5053320626844693,1.6203661852984073,1.9145215110632163,1.6940152979302778,1.8322834106130823,1.0537355484809992,1.548960187114942,0.9526081707414694,2.013242443540211,1.2816120161249351,1.6914981111801723,1.6150503324476444,2.005941760828111,1.2624251832643454,1.9919441359448,0.8712965023776049,1.8147269982107919,2.1538356949247226,1.943439891832626,1.789580962340043,1.6906396948603792,1.5618857079020159,1.6916913539479106,1.2653907907077424,1.0426550979975464,1.0027147877845632,2.011242945643077,2.0447244532862703,0.6073454120343693,0.9528694721116091,1.664277782170696,1.6784152918410316,1.7261041568877618,0.0,3.409562400026581,1.7043937924506356,1.4994087006204455,2.9041214546437786,2.209540848933687,1.343758421299011,1.3078405396125108,1.7589612721742967,1.8213284791361113,1.8382338386385355,1.989133540215,1.191427609351845,2.139556160390711,0.7640082528377052,2.9435570642234845,1.496587023050479,1.530573791376286,2.1499008051234236,1.557413499963886,1.6346639133616092,1.9901081583964577,1.8455298513767358,1.8749155351732216,1.3934402138317525,1.9377997864984335,1.9131526093027804,2.788353703758756,1.0590346406934117,1.8955295231946865,1.495690191383023,1.6197831864853895,1.180435438834813,2.0802173737273018,1.7653506422353957,1.4736634204722794,1.999303173181597,1.5719395157903289,1.8387136981905816,1.9588403525071871,1.925156153804697,2.0500499194792257,1.822923488345403,1.316792730667494,1.3238003243902612,1.8213355037126748
SP:52,4.5267146114536905,4.3296517984252745,4.543990632174426,4.332566068809111,4.634134168433738,4.997537786092286,4.769483606508705,5.698906034685922,4.094975691455662,4.007597354738716,4.266670823278241,3.7548253722591305,3.032608784645984,4.54820127806391,4.33599121523341,4.517462885465143,4.063267441858084,4.201049711166029,4.373909502884424,4.388394188902636,4.707937405015843,4.742989700018122,4.310332785150571,4.912453418102495,4.19025574359242,4.501601962142991,4.356221134202259,5.086894394294868,4.213491439694537,3.7554686186847412,4.405868905276788,5.910953770132128,4.8387142930166025,5.009417416885069,4.1629765354375685,4.041875956809515,4.561554961984651,4.313331660384436,4.058107798105271,3.526201881604454,4.487798431687473,4.160165962591427,4.342857661919858,4.072317451261744,4.27098123655287,4.005857809814469,3.07338105498043,4.230151600309097,4.068121135700402,3.0723423275011323,2.228377889805321,3.8536197211630694,3.8652248676879606,1.5401256159567027,1.740996032209169,4.055730382605886,3.382449156360755,4.196722912067283,4.54000322165194,4.448156193010437,3.562028770060945,4.210061464189364,4.261708980241525,4.033631280050116,4.058201042589018,4.136630329048354,4.115294566880595,4.136513370690073,4.122625958189977,3.7783746381675414,4.187663756364393,3.7121361742408636,4.135059977947533,3.438999101499206,3.789963172675415,2.5004632349536644,4.725857366075639,4.943322417905729,4.300946158082145,1.7823837751473792,5.0267813631855365,4.809422050248407,4.348318563635407,5.505623003148116,4.66772052616475,4.930407386738881,5.137151431765734,3.4331289421974245,3.9412882672575624,3.6377961588396728,4.709449608175903,4.8068704840385905,3.9121662678863047,4.588500319187997,4.17291178170177,4.670107580650995,4.906161490950162,4.78188764779386,4.890708009520244,2.9648528460030947,4.49220034744308,3.5642253924630576,5.066774216276244,4.191544816262081,4.4141600908208565,4.70968142017568,1.9291439100677368,4.075144457078034,5.061413290820263,3.2011601989525627,4.7926320021083795,5.308989113091755,4.767144290746037,4.7632604876032945,4.7981841391486775,4.423748262845023,4.200861545507926,3.857527446976281,2.748647836739898,2.89927547858132,4.485106323972658,5.200471510355605,3.543639416579752,3.119333109917198,4.693809646731442,4.886311259088989,4.811422091613704,3.409562400026581,0.0,4.730409859165605,4.126131682443372,1.044966067235156,5.053465683091573,2.604522521072996,2.6713409390707628,4.790619455594533,5.05458718093681,2.172782964138073,5.124926723528041,4.192440761433034,5.070608263603497,3.280066106896091,6.105997638213326,4.457589061340699,4.524312315134019,5.322838920720511,4.659494310384113,4.65363372486143,4.9712565878046755,4.753094686062689,4.704083893009248,4.13183739212382,4.915914683107058,5.079794105423278,5.835445788377071,3.4924052426327634,5.069626005185086,2.3176171533357204,4.6762579465170715,4.004955897546964,4.790422171152408,4.857707047981748,4.434431329583514,4.820151391230304,4.30393406690453,4.6728512966185125,5.142727712972045,4.853263151210827,4.930308240571981,4.808485427469036,4.365658396671743,4.18010095911471,4.651285855683761
SP:53,0.9475595458361917,0.9810920768863051,1.392917773615541,1.0184526800149445,0.7023414819126926,0.9473128984037409,0.8580925826752596,1.7835476449863266,1.5174703350380656,1.3657746063335359,1.0729279743561408,1.5665651536128051,2.0263686137417802,0.786771953649376,0.9701983747946484,0.8465152204741234,1.2888342984165257,1.0837265643235021,0.8965543723715332,0.8449567735120193,0.731559186699513,0.6884232364317844,0.8773595810371584,0.7384218321220436,0.9373210075148701,0.9359842557829803,1.0475502183832044,1.5147417294285257,1.0458629178446381,1.1717825114485472,0.9752468451981554,2.3864000448166096,1.6393176519086652,1.4728624808282602,1.5303825026546118,1.9197693347692686,1.8432141973036984,1.2034148748866638,1.3691270222697391,1.7801843798351678,1.3769109672982456,1.2927393861519447,1.1696436294257333,1.169370349009884,1.2059401157456302,1.4526243419077527,2.0315691804708083,1.373636978417128,1.483185215697832,2.047370671511409,3.5746296290516106,1.5890928753755167,1.6959905903297245,3.849185591772949,3.6065739268326604,1.3152281606444232,1.6037996398515029,0.9190499741172837,0.974822111605945,0.7422197856072033,1.3553108607960977,1.2414219544088383,1.0498506862622934,1.3578684609264207,1.2195459762951795,1.248472939501329,1.4562471900391007,1.481737145444669,1.3709430703723404,1.424065611214596,1.2444883653539478,1.5631130796684398,1.3856275254026653,1.6473459909311383,1.4711156724165544,4.167983196960598,0.8877418173066759,0.7378108700667361,0.9768236225371675,3.5068134917505445,0.9907378751964151,0.9863078624752325,1.4951453508225938,1.2869161594024394,0.675534135982531,0.760948432484789,0.8992185879471118,1.8237026505959952,1.1880578350547837,1.4420409288777907,0.38925113079307827,0.9615249953240651,1.0354949836715956,1.0310084213782371,1.217679141973335,0.9908471136657072,0.8103354718296094,0.6307190156976055,1.0347930956850782,2.283302236163719,0.9774647338583609,1.615573899617579,1.1326072269916043,0.9567226229513209,0.9236536701596859,0.8545016663230302,3.384543112934641,1.172355285495302,1.0896812196170063,1.817947690185061,0.6385533509072058,1.156147929726274,1.1789128579505315,0.8643469130218495,0.7990642119417752,0.869828383664057,1.2347416884453828,1.309967516384671,2.4069432041230794,2.3162755163319213,1.5473454846715313,1.0855188614748152,1.5212287401191715,1.7912793578971888,0.4607149029060875,0.7207475258630087,0.6864252001817174,1.7043937924506356,4.730409859165605,0.0,1.1773969016193164,4.208270317821938,1.2042734375674875,2.511382584883598,2.7787102239851826,0.7991933753993314,0.9200996761861338,3.1486906907425096,0.8631582300958508,1.0342101192906625,1.1274478792485785,1.6989247054537646,1.896868083898788,1.040796005861026,0.9072221422562428,0.9258006912813991,0.6351639612344885,0.8870592814296479,0.892606145113088,0.8569245466941089,1.0387866379220054,1.2123616636812706,1.0723962914558058,0.7738879579392806,1.670633842940428,1.4350615609005235,0.5870220674373201,2.8241199207777257,0.8731666201970215,1.3493733482195955,1.3301839940264475,0.6856026850555549,0.6420322166765423,1.1637405528049862,0.8149108615769606,0.7225224481458986,0.9208223273925563,0.9352690099913575,1.063080402092399,0.6366860973583918,0.9055230824437585,0.9660411816867426,1.2443719885759243
SP:54,1.1125642291708724,0.8966382712969339,1.2458698532552155,0.8873482374341065,0.9631326385765682,1.2266413586539373,1.0300753726342287,2.062627991529982,1.2252922290242472,0.941853965551498,0.917968286109884,0.926483737253704,1.6152323616273734,1.0033690395651682,0.9681736909959284,0.8483230618161549,1.081761020154458,0.9806741590451779,1.0545181048805272,1.103140831681711,0.9883819733701613,0.9527758040990595,1.0190558930025524,1.0549325022991511,0.9007805201350332,0.8718535614486514,0.9195069728699143,1.5883124424647312,0.9318795921369207,1.0899884502448431,1.190728917145506,2.4458990688691182,1.536626653599012,1.307480342939954,1.0403226768351799,1.3324980184438027,1.371457289204938,0.9475150338058893,1.0204487337363424,1.3100207373636257,1.2400608725910185,0.9655057010828623,1.0197139506107333,0.879638529642524,0.8367801317449183,1.0662123529700476,1.7613669740679145,0.9514129563297526,1.1314789350368493,1.5996798264188008,3.1623030914153127,1.230494500242072,1.3592710292244992,3.3052538472298307,3.17161796508121,1.0299826272187267,1.5013463293692595,1.0220427471553173,1.0774656680708432,0.9330582927730314,1.2852427581902313,1.211969921704776,1.1769864029434611,1.2116136382159626,1.1285690286238428,1.156086777033291,1.2404686556430278,1.11451725578218,0.9950881034121988,1.059318413072572,1.0873603130743463,0.9623827116760436,1.0740337185638675,1.1842970913535364,0.9043972794143914,3.585492769615224,1.0772838991648082,1.4552891965933528,0.623287826541533,3.0664154381749413,1.6121543579927948,1.3252007253061326,1.3922436892638128,1.746226441041657,1.4295008567756793,1.363665239674973,1.7790574871649627,1.6215303407596724,0.8875038574609553,1.2066195519611453,1.2853176974862095,1.1303671978167498,1.1232633523902662,1.305198153577535,1.1768258805373508,1.379539205570749,1.4177855906555734,1.1353324465388333,1.5145298768311866,2.0410289468383773,1.262504516647794,1.3705061536683463,1.3487097643746884,0.9230540843072652,1.213019854533508,1.208866893824492,2.937833984348986,1.1769338134251282,1.3001479854466258,1.4278816121644347,1.4082838540315266,1.3734744062954893,1.5405351732316739,1.2757677786569002,1.265236639655549,1.2283670553610828,1.2526102039890887,1.2829191640626463,2.0713325372205866,1.9624051209530937,1.7649442529433401,1.4778537630613626,1.2782869508778634,1.5476140293904859,1.1684482660213655,1.3208557686765945,1.2395590289480727,1.4994087006204455,4.126131682443372,1.1773969016193164,0.0,3.6000176500183745,1.6567660207050285,2.2793944051512147,2.52107105035529,1.395313153672111,1.420441504238476,2.679807693196077,1.2447334466285316,0.9297212776871815,1.6512155925371694,1.5063153724043024,2.350089987193875,1.0995001615799163,1.2487005464542726,1.6282715536545134,0.9727849176598432,1.0540196450821362,1.5534083086655093,1.3090889959193752,1.442818708496974,1.0346373781038583,1.5725126318210283,1.3972101969752253,2.0212705478450714,1.2522555973001293,1.2887052599780449,2.345736646498501,1.2961848897933979,0.9057504023244551,1.6515815933086557,1.3297304223420627,1.1862827039922608,1.443207748606361,0.920810268948587,1.2407359035315493,1.3899911191838712,1.4220986619925506,1.7340353847210972,1.2479064098299952,0.9635196212232844,0.9694756999389086,1.5411111048420847
SP:55,4.025534643802489,3.8944060776675213,3.9280064339353316,3.8392937390430086,4.140330771390976,4.41977560184287,4.1775038439921115,5.042023238206239,3.8050017863012933,3.6809927234884197,3.851482977526101,3.3963805350185643,2.4908345845412025,4.070172522153886,3.916142772649759,4.043260591033096,3.7025272321709086,3.7992759544544072,3.9378854307901148,3.951753221414473,4.186305317108837,4.225241550536978,3.85709373020541,4.35931607804775,3.735715803117378,4.033895794005328,3.8771822081419427,4.466802853514002,3.7448539116251403,3.196761630682327,3.822668241956828,5.248605756017506,4.12961235002586,4.442251512545623,3.529708019757085,3.6249482760964913,4.0115701319310135,3.829689434542441,3.5609929572612353,3.062000177514479,3.929035765904871,3.6751397720229133,3.8866442872646,3.640058361844755,3.8631169634130673,3.599363699899939,2.5801491975111817,3.8421670811818442,3.6979885655042617,2.5063733221037707,1.419575773461794,3.4904402444832123,3.575206245265018,1.1463895307423766,1.0599749143966355,3.6880868341745865,2.8290491310030905,3.7307483851207226,4.013658950005787,3.9807472502158396,3.0441049207430106,3.834251469797388,3.8423529877806386,3.672448921944345,3.6625171968145156,3.745630057569089,3.762774022871333,3.761395963060385,3.680448245035811,3.416304100823843,3.802819390947524,3.3366114520850254,3.7689144522489992,3.096601321112366,3.4219610421198094,1.919555052464978,4.170148021757859,4.5211231107330585,3.857251480814187,1.0207801339753162,4.623581562358142,4.379418059935537,3.668796985096348,4.867782678811531,4.142120802141453,4.382775382688835,4.5928482057243905,2.8471120076932555,3.407336029725824,3.0772655164659057,4.215583571783395,4.341303498730138,3.3613383431226858,4.145145312709651,3.6877782505967724,4.222341561810724,4.506288400767099,4.3264680779591975,4.457023110290447,2.3806612280256534,4.077730830721469,3.1229382991610195,4.44402515909923,3.738025506816958,3.9779833442405494,4.2607257507949265,1.1857417756304596,3.6370234912023958,4.5335909019701495,2.682079399699345,4.358629008375434,4.740582372110716,4.402784122806886,4.327036206729573,4.3494055087369885,4.028052019011584,3.770165645232296,3.3310395001520097,2.1028935456361566,2.2867742793257975,4.236543826481945,4.616841309926585,2.9968254580231957,2.5636238713711825,4.165950612313774,4.369354351847592,4.363231627634787,2.9041214546437786,1.044966067235156,4.208270317821938,3.6000176500183745,0.0,4.582128675963912,2.0094800043172345,2.120840696153039,4.359351197977094,4.577493744099637,1.410715208258657,4.55198348520167,3.7104708520442764,4.684504128864419,2.779277814748499,5.479487624158377,4.040151411573197,4.110500695932311,4.753342104766883,4.110148900477305,4.128597500521198,4.5619641379189995,4.335156826563861,4.3456460325543675,3.706697853393008,4.502466754896651,4.625438495014656,5.189611575686448,2.9859699532810637,4.542462679909083,1.5474037214778695,4.25658361332275,3.4035221287891178,4.443782245013747,4.40913639007514,3.9863073022534534,4.438918841389476,3.7241827757293,4.220643568057261,4.62731671299663,4.467830470904472,4.559436982878359,4.357545792937925,3.9060742159339883,3.7151486120876873,4.294006482854531
SP:56,1.591676845116187,1.5695332519362672,1.799344255448265,1.5602770120192089,1.429592827380701,1.616472438553414,1.4695592812225868,1.9699087638766777,1.9214963834877097,1.7215475049564584,1.586656024058533,1.8916109425091763,2.2028463064850268,1.477714648783043,1.6144505484507625,1.3626060066718773,1.817026395328258,1.673991640832376,1.5406601140830836,1.5809548090407208,1.2042593467660743,1.3364831755844335,1.5318545093483256,1.2189206179464942,1.5996789277838077,1.4466673384975237,1.6360854575160122,1.5014390397546151,1.6998259333711685,1.6959514546890646,1.3422993726861523,2.323079470136273,2.058582791105761,1.4050956630028364,1.9261368726282853,2.431009174023798,1.8589860177816233,1.8706279848935519,1.9023903484440232,2.324456753454816,1.7727216222580173,1.8749077576411048,1.8550372319964834,1.7048209160607648,1.4695652660809853,1.947626841012595,2.5510945566995207,1.698687902344258,1.9881176900862023,2.2581577933655232,3.8793869544638055,1.989920666573398,2.2428807948880736,4.140082196400653,3.9474297376853023,1.7058355722706844,1.916449964822735,1.5026216857814119,1.3307807224686319,1.3848752519462513,1.934183016807345,1.8585967536268306,1.7220777137807612,1.8540236468257003,1.7100647565446023,1.882993793820193,2.0541230406556856,1.9472008141809976,1.65789678925253,1.8612557772288856,1.9057079405752488,2.019205007411749,1.8527204071592174,2.032058430857857,1.8382004472830975,4.165336687086527,1.54604831055552,1.3961741628247326,1.5614221973576872,3.842328911892322,1.6442227348128873,1.7131705267679491,1.7573397975713982,1.729623815708002,1.2242776359386187,0.740166207630268,1.161004442552192,2.591628144446212,1.4425018337213413,2.1980204864226796,1.1025352067468874,1.4599784641317157,1.6941461030654434,1.9043404939432709,2.0603566364778745,1.8686586672610899,1.3475326803360197,1.3156659310345873,1.8901656142866008,2.8356672745226947,1.7705783101551655,2.377030853730246,1.57004120069533,1.6566565595008607,1.8130450563213298,1.6584892443624382,3.862314336392717,2.0365201070051944,1.36618204450842,2.4727265704823362,1.0875958025811454,1.506179728190674,1.8873405173337983,1.6680248419605954,1.6463985368770218,1.4997844129508597,1.3622879206080785,1.6812771581042363,2.92454493535723,2.9770424983925667,2.085789812381583,1.5849202272508844,2.2162863807771873,2.3891985138005825,1.3132455826926634,1.4360335565584101,1.4198550107005095,2.209540848933687,5.053465683091573,1.2042734375674875,1.6567660207050285,4.582128675963912,0.0,2.8567557667840324,3.316395040850862,1.5406447284316103,1.54484151394709,3.5546490518240885,1.3451579104754525,1.7627638497787261,1.717646077800815,2.2378169944843567,1.979645708671569,1.6891206286652563,1.6470240421899183,1.4868671899656885,1.3141685853291984,1.324463628629856,1.6337832838965032,1.5917900842610186,1.6403678635580197,1.9453063833457718,1.8728110434120588,1.4856262840863912,1.6524149331209486,1.9570092429089594,1.281835555695761,3.3133995366479767,1.6370235492970613,1.9637866419228585,2.053427411139998,1.5198948267059953,1.0171188609291413,1.8579610001467997,1.2878995880426145,1.181567523900248,1.647849826271863,1.636463503887675,1.7110963499693521,1.456779005377291,1.6601752660346343,1.6572013420064804,1.9877285609568265
SP:57,2.405353092214604,2.4401808757500185,2.386563608034472,2.312548835356434,2.5568839618653576,2.7885642758362956,2.5510674432831277,3.2960818797157554,2.6375978377222316,2.4229864218357573,2.4683507938326827,2.298513526792424,1.0693166265607248,2.5411027951697513,2.5003979534760146,2.543880743383655,2.4029534049265413,2.421633409230339,2.46045974842002,2.4650234241543205,2.609627093891888,2.6345590508952172,2.3475756794041787,2.699972040037652,2.265754898040121,2.5000091858457547,2.3257126444683487,2.7646031999555527,2.259773658286961,1.593824857437629,2.213265892552599,3.658505976418269,2.6460319844508895,2.92500405870423,2.062098182974211,2.537717104189691,2.775477675975498,2.3416318406118064,2.1253067674434694,1.8525519767206526,2.2884253790639453,2.228483038674544,2.501426552339287,2.2744881273734987,2.5030337970003513,2.3667543341839306,1.521186686487999,2.5886493183579695,2.4495192303482547,1.3996692595276676,1.7370397058736249,2.3414326996507238,2.4919939550289234,1.99329373850437,1.720896725856512,2.4233940010012054,1.4037271204130077,2.255413705960589,2.478508162530303,2.4484330957535674,1.6320117680466557,2.4996470574290908,2.381083340162806,2.4013474996433986,2.313814982989822,2.424558225723961,2.4897215531281693,2.4510776873101245,2.3165733222697074,2.220932000698057,2.48074593952607,2.2770210804356052,2.5175314039609527,1.9249878341209166,2.2680435297836437,2.253789228113768,2.574642675102545,2.885477501527546,2.48635287437052,1.3253990037251226,3.036289267848198,2.866772207855665,2.2172637730861897,3.1055959527632866,2.3899638354469377,2.6814533009647157,2.8513108393494964,1.4760738648019918,1.8355006600179895,1.6524849363023821,2.444828520007537,2.7109147333771046,1.6503172065358467,2.60347940520757,2.311883098923994,2.6483232467538342,2.8743606629950484,2.6844858725886565,2.8634766501777666,1.081853282820219,2.569158907141982,1.8330153195652834,2.7392211324392806,2.238052719107436,2.531157710029531,2.651041293645493,1.349189698115959,2.2071358752582926,2.8660019891441233,1.485809001479026,2.6447273281524373,3.0364523926257894,2.909937117557559,2.767876027723571,2.7046134665169963,2.4412957032053573,2.304926051435265,1.7625358612327975,0.9082603912864485,1.2231812194916891,2.8713943041931054,2.896877102039314,1.5082944238427585,1.1274146242251224,2.4696779852353345,2.5972436391973766,2.702251150063021,1.343758421299011,2.604522521072996,2.511382584883598,2.2793944051512147,2.0094800043172345,2.8567557667840324,0.0,1.08468869952954,2.737289975514946,2.891271133311555,1.2383233442822486,2.8812548770127817,2.1992325370267882,3.112059212851253,1.260887304132828,3.7227508009856334,2.5292737441185786,2.5095340011045444,2.9843140890675195,2.4472209287444366,2.4512402670527873,2.9605382768822768,2.785353381678564,2.785075446246131,2.36389384754096,2.943269158491919,2.939739003083614,3.483240969253218,1.5357670900414822,2.802964517730745,1.0353461382964129,2.6537041267059855,1.9602710181540854,3.021695001048175,2.7696615791361974,2.3302052467414778,2.980106130327462,2.192863072558742,2.6275101846728646,2.902781436934603,2.9003122860015225,2.963808153735261,2.76555324498962,2.309554189050021,2.214502322850201,2.835027097649578
SP:58,2.6594224282708714,2.6833833023964653,2.738954723211534,2.624894241349156,2.8278583318873043,3.009978771380393,2.8276804378317855,3.6018463749518,2.817158237522953,2.685448544607554,2.70260388271403,2.5705866887786812,1.6577714804986385,2.7470386720242113,2.700172587093949,2.7937243131163854,2.6557987658921007,2.658953377627965,2.702827226286959,2.6931204479208555,2.8960495159915127,2.8705724045062873,2.6767961693535676,3.0048310300810055,2.5485432803082286,2.7887429944810527,2.6830758929775103,3.261597958972557,2.604332158859644,2.081313273068331,2.676506441551184,4.014310906213986,2.9607631078615593,3.228286110296314,2.520775950995488,2.763208743871965,3.168326699737403,2.6066121104522897,2.3847133273419847,2.1816866714379377,2.708836521752761,2.6079294891810516,2.685976201380608,2.532661368526681,2.821363810433537,2.6614389121318656,1.8710353816359495,2.849451179902207,2.723648550276098,2.0435727989242984,2.047245527852575,2.6877246362799454,2.66898316244811,2.1766394352382887,1.8768844544349947,2.71471825094829,1.8987119758869533,2.5783561656339935,2.8606480499599263,2.7102737761118285,2.0192859603775486,2.667351734169635,2.652826369929356,2.67320824430152,2.664826113316035,2.6199089385155876,2.6925522803022135,2.7497925407787025,2.6343815324011755,2.4732350742904488,2.661193840446814,2.4881014964746924,2.7374180727580057,2.3182167389981467,2.5437163877767563,2.7269775933934985,2.811865309648927,3.015791823218546,2.6520713519748353,1.471773786155353,3.1488950975047083,2.9611145634207094,2.626346994249861,3.344161119143323,2.7463630542861934,3.0730034899417378,3.13903839895914,1.2702175497900567,2.2967357572751936,1.6423682106836617,2.728263138512591,2.9119032226585606,1.8424864548289368,2.595320386607765,2.353743008432953,2.6337907528301123,3.0567158525181446,2.851640914539009,2.875116443615289,0.7310940692443074,2.609696679108649,1.6685750505614034,3.0394772502996803,2.4162065611280195,2.6451556207539633,2.7257709165343784,1.000274267543109,2.1983884046538043,3.1653859922517666,1.3449366238630744,2.958014542157804,3.2782169697805603,2.938243850719769,2.8655458464903396,2.804704887283437,2.5985279044651755,2.639851983033606,2.0529962123977508,0.6508982032524369,0.7469928163970088,2.940400508833929,3.141787439242652,1.434734548275741,1.2928209747294501,2.725287958868466,2.787824825880567,2.853524643714108,1.3078405396125108,2.6713409390707628,2.7787102239851826,2.52107105035529,2.120840696153039,3.316395040850862,1.08468869952954,0.0,2.8623190752482937,3.0049336706233714,1.085522603642024,3.1083293977089252,2.268259728149987,3.2161032490446004,1.3215655597627618,3.9608715640022023,2.5917459546171435,2.613509588059127,3.2154093247140016,2.6882236034307216,2.7481816955509335,3.064533932540237,2.9146180108825694,2.9519502410161023,2.3769224375573237,2.9527923112624803,3.0774397199884707,3.7928715346895605,1.8163367553970169,3.02465565441127,0.9268173292189034,2.7497307827654756,2.0749354078268727,3.0489313322457634,2.8746820159726467,2.6120294608695933,3.023343446405656,2.546895037854334,2.8821892897492507,3.0665056059711273,3.003101306651578,3.0733976805927585,2.9226017832555495,2.427847808977521,2.32690266415277,2.817579344149642
SP:59,1.023172195033954,0.9288159925338458,1.6551951640242613,1.080283049493554,0.8275962869190739,1.1275025630790418,1.1286905761375219,2.197758473865904,1.4234484510051637,1.2999739693371883,0.9134430371778164,1.5549206669848776,2.243947196357053,0.6680826207431078,0.7434658565912531,0.8530872948038586,1.1227819268129169,0.9904198069493704,0.8019579718031199,0.8861093325647122,0.9156905707145611,0.7982008385552963,0.9632344601857442,1.0303392948536678,0.9601482830266251,0.9304887567012426,1.0794831031671968,1.9606973769788498,1.1588275418411786,1.4848051303884036,1.4864445055515862,2.7665771906664536,2.056207959748321,1.6890497068235104,1.8559639521538052,1.8939326842602477,2.0377325427956965,1.2164776052946604,1.3988740045582415,1.8078219216579747,1.6804699015350397,1.324254778289006,1.010538512509306,1.0551216488875412,1.1755545023394576,1.3330549287873155,2.3180964583789323,1.2396453495634903,1.250711964352225,2.391681667323075,3.860257561151459,1.5440479743451976,1.4719672144791014,4.0330392345032084,3.835817138173317,1.2575580903517527,1.958540259701195,1.0363278860527219,1.2491550391231512,0.8255390253477302,1.6235125529260996,0.9343821172358628,0.9435324189923758,1.2762178047155974,1.2307960780725107,1.0310110499406997,1.1828406051974159,1.3215583505961126,1.3086332005782306,1.3191607742107538,0.9725680048157903,1.5473635401780035,1.1467793556001902,1.6355838978119093,1.4710532308933593,4.495459860765148,0.9825548049320748,0.44685859643841963,1.0013566113055317,3.7452482537013507,0.4754145776029993,0.4981954717147421,1.9753161747416956,1.6960569266534384,0.9289916335209363,1.2004064220365285,1.1344937842741962,1.855600146756253,1.4473309138190587,1.4454341870623095,0.8337440920495055,0.8691960210122814,1.2187837744632608,0.8348720242769818,1.0765831158998114,0.6629597670433831,0.3716266966854575,0.5286955497954074,0.6009825262629412,2.360209252541815,0.68121693598659,1.476075149454749,1.5456474549236487,0.9221821292023168,0.8320353211342538,0.5628872610135601,3.50579993097401,0.9588227590602272,1.3001883221585961,1.8360172125658818,0.8320139932691543,1.4341356647752055,0.7050175066086674,0.37316899444097146,0.5002293502661684,0.6758289742801731,1.5801860105702819,1.7628074531384577,2.5525897644035958,2.386317414072847,1.1130557850764753,1.4083421140901216,1.589263929804111,1.9347871547774973,0.8032535012453149,0.9806522575291451,0.5101801088130629,1.7589612721742967,4.790619455594533,0.7991933753993314,1.395313153672111,4.359351197977094,1.5406447284316103,2.737289975514946,2.8623190752482937,0.0,1.0022553213786296,3.33084335426849,1.126139338553267,0.9622961367562141,0.4921305459430525,1.883723131229123,2.152664623093703,0.915557442518511,0.7806130859554845,1.2445842070103468,0.8237818118882635,1.047417480348414,0.4588727488411004,0.4601813293468073,0.5321929152659051,1.0639633958592434,0.644361169284673,0.5827415087258008,2.043005125875531,1.5779100357957103,0.8000311698563054,2.981940268423325,0.34079924502091063,1.6041639868416395,0.7927787066480666,0.3667335046515565,0.8354682809341915,0.7286283176192168,1.3785543533733895,0.9370297132094375,1.0632014960267346,0.49664016100977065,0.5285268077217242,0.39696128112774887,0.8971481647274683,1.1533045718472348,0.7915142345407182
SP:60,1.0316397207632613,1.15510472710865,1.4684993478797423,1.1906431653642815,0.9715165783874177,0.9612860407540734,1.0896675923074641,1.723593150280427,1.6628695289343056,1.5867122430198364,1.3933475637649007,1.8203440966009692,2.3645639273716466,1.0005206387556171,1.1877550606015632,1.1037739135526257,1.5107625756683642,1.3094088516517859,1.197718284861954,1.1674142098464784,1.1262795439885611,0.925511869547134,1.279726782540718,1.0287018675995117,1.2685947849881016,1.2002484721438276,1.340456831969662,1.7192470961388704,1.3650717652283189,1.6634420972330712,1.539139706358363,2.3870709310739597,1.8527873326292763,1.6920730681919876,1.7812793608475337,1.9302014797627622,2.3065406475918295,1.1954058099920912,1.3803562239239684,1.891553707357969,1.4379005862868368,1.4764473797995552,1.2480285588773126,1.3789442962502811,1.4952785518536602,1.6758412088724235,2.5111416619008153,1.6006405452405241,1.6588756254168027,2.527737617400611,4.0547458321446745,1.8878113966698513,1.8403702109435962,4.255924213016278,4.0570615645624954,1.627561953570763,2.153344893135702,1.3946922148971477,1.4642960977618034,1.1017057831137744,1.882397882901601,1.4672315371819615,1.3873119650976649,1.6914942932912713,1.610196765228451,1.4424116534370581,1.6066721811135538,1.6215470044684,1.5462073504482803,1.7488059004784156,1.3910782961061143,1.7548375352327314,1.5783900401531992,1.9687017665636117,1.7059208018244854,4.5831675669111895,1.0110785106546882,0.9288195183228805,1.067769901677969,3.9021463705971438,1.2489237375234046,1.1552970156368614,2.011005551013782,1.25139048254989,1.3369381082094849,1.3333228465139564,1.3808068923374541,2.0125000564777276,1.644804705885765,1.6658578611226464,0.8977039503182086,0.7970561630025331,1.4589925085612787,1.0072088512794553,1.5849475347577795,0.9980638535597272,0.9969779447966473,0.8351005047043388,1.0025867894860494,2.635634733707672,1.1174235512773942,1.7645249031085142,1.1510908680165703,1.2002465935319035,1.3507371875844068,0.9381644957353266,3.6911296630199684,1.3793115430304776,0.9067013260664234,2.098094754888776,1.0034393135974038,1.0591156307093388,1.2749813884825083,1.0183493145406175,0.8311104152408118,1.2099156991350268,1.717804930268413,1.7270124034032412,2.683126368011736,2.530534677189844,1.6818574758670364,0.8932110865871922,1.7542529315254585,2.202318500102156,1.0725493044537107,0.5128184939925342,0.9133976593767859,1.8213284791361113,5.05458718093681,0.9200996761861338,1.420441504238476,4.577493744099637,1.54484151394709,2.891271133311555,3.0049336706233714,1.0022553213786296,0.0,3.4773633665412222,0.9606619750122348,1.2392733583793822,1.2382528504908117,2.0247284561540835,1.8011708556804156,1.0436290979155334,1.0224259570828398,0.9351397038243566,0.9494985980611127,1.1737004414856367,1.0844770399162904,1.151269562509635,1.2589671479612976,1.3394993933713648,1.1211635344650412,0.5268148201809524,1.803267725618049,1.970702666933496,0.7426873892839844,3.1355159138569078,0.909614830805219,1.4881430251201986,1.453721274599261,0.7994197060456006,1.1057913203847036,1.2327223246692918,1.4260684484903523,1.3163414772375592,0.5946721706958075,1.0634392259877916,1.317525340225194,0.9844108758688134,0.9628891167357734,1.3077135921701122,1.2204127944323622
SP:61,3.0758975067014016,3.01357414227977,2.941885613485337,2.944302549767318,3.1860629148301527,3.368402276928847,3.137933421236755,3.9180554001694583,3.076905276322477,2.905299382556993,2.986937817827912,2.680100327099958,1.6664958505595964,3.116874682966951,3.0379964923166765,3.07436010431106,2.9495488420332854,2.9770748704872294,3.0578178938933283,3.0688259127426014,3.1669447916569022,3.208540719628074,2.980017526450779,3.303574521113566,2.8505813450041484,3.0681350344874367,2.957457812125534,3.454277136115138,2.860777713290846,2.2903440380088904,2.8728519824251046,4.184495060183534,3.0681991866109386,3.3360913290167495,2.596214582177079,2.809930532398901,3.0488969905234513,2.934746173176272,2.628059853584803,2.3654680159300163,3.0483415465462667,2.845761342678301,2.9947566999130633,2.788066305464697,2.995738548091727,2.8413646375739843,1.9355631019880144,2.9986311867919935,2.9356868310596553,1.8142773837868993,1.3149832934501973,2.804857865388489,2.896628387447037,1.4530703709070159,1.1001671171324616,2.942223685627688,2.059363737245996,2.8450010408580426,3.055065782567468,3.0016513782038885,2.240565911544742,3.0312916558096727,3.0210754609694406,2.949323026858288,2.9387246976673027,2.947632801054234,2.9785459016857727,2.9652945874760928,2.7961960577790754,2.667688149461614,2.983283741575465,2.652112743376693,2.9461824213088486,2.4619182711286465,2.6622809563348655,1.9664434183300366,3.1375590518724374,3.4579742930673127,2.9406946007679284,0.7500889951412542,3.595751125326644,3.369528453463365,2.662784627764434,3.6849580207607042,3.09392516895547,3.305394014431325,3.5231641905946742,1.750431413487029,2.454398342618798,2.0342952539613717,3.139083087593661,3.3237982289766443,2.264436818618143,3.1104369453632867,2.7054874785386347,3.160795951721129,3.4927854130618954,3.2526708319127517,3.407267580693706,1.2495969289363076,3.0887206554121307,2.183681761279041,3.3496995975451926,2.7784367031532455,3.021245612194612,3.2016915669521646,0.6079395549068036,2.675917337648966,3.4978978238972798,1.6757531007309705,3.3425534950307494,3.6151735618151015,3.4288520546728543,3.313367505783909,3.296665979871869,3.0086347769731603,2.776632438953921,2.2770154434983385,0.8916451474331432,1.2622491811801553,3.4138280773705127,3.5280122584867364,1.9468175488185584,1.5997336261967032,3.1237415768277352,3.256063118839668,3.2868591941722767,1.8382338386385355,2.172782964138073,3.1486906907425096,2.679807693196077,1.410715208258657,3.5546490518240885,1.2383233442822486,1.085522603642024,3.33084335426849,3.4773633665412222,0.0,3.457893133571367,2.656100609646376,3.675410694818655,1.6892805064818077,4.2866080580412484,2.9988443459490224,3.0805559367676043,3.610583250046044,3.014400739812119,3.113123913085596,3.533170575233248,3.3285429486493885,3.417204111666573,2.759226659064405,3.4550375309746526,3.552186476083879,4.034473346889005,2.1355161100676625,3.425418178105244,0.5765700789473128,3.2577818124810043,2.331033912539924,3.5220197171249414,3.3590838390453577,2.964739608309906,3.4592192941367146,2.6959522596610945,3.18653950851092,3.5417122239669476,3.4855296021539757,3.559671620255612,3.325453575475664,2.8807138903756964,2.665557265526551,3.326709925898491
SP:62,1.0579844733898884,1.2993204270886418,1.2139150894320587,1.0500913409312291,0.8102692133457117,0.6097382004449173,0.5810464407359646,1.234135195490736,1.8733992580548375,1.698404741889569,1.3296733272328165,1.8136941511430866,2.2390073854438097,1.0491960397141125,1.2769108268558047,1.03367617937697,1.6591513383781409,1.4430736273332996,1.2943619170972647,1.3267844261961177,0.8543459667936965,0.7047081329201634,1.3056548542767112,0.5065396720257227,1.2921831691106145,1.107832074412965,1.1934689936974325,1.0865591825788894,1.3491695676304185,1.575629337130037,1.1228864320013983,1.7841591639710925,1.320179721304067,1.2407796757009197,1.4911328114793942,2.036402042258782,1.830908777916233,1.2804849235460696,1.4632650076011016,1.9639432312008074,1.2159291831012453,1.4336673494200538,1.3861919703596688,1.4126163258201947,1.4181341704886692,1.7129215054159497,2.411798766675683,1.533263210519179,1.7345035609634833,2.3362250092255574,3.853927576859568,1.979460537831438,2.077834779151821,4.199663977958707,3.9859249177955203,1.6459703750026813,1.9631586256873779,1.3791886683996974,1.1471099192061387,1.1261928021829157,1.8050499203686645,1.600744190447787,1.482150183809533,1.7637887516834896,1.620578199858048,1.6332333835166153,1.7718538121537382,1.73359890522741,1.4776918386553701,1.8231259777712776,1.5594847849227933,1.8169718678095803,1.6768587145823526,2.05164374535067,1.7938959142859014,4.345269781809383,0.8622297564392588,1.1935397205793414,1.1974063145399059,3.8678867567476,1.3991735222915183,1.3200186089847015,1.4285051621976137,0.8787260931379108,1.054347038945716,0.9248119959003012,1.034729298597868,2.149065921894994,1.4039096444338615,1.7621262660371209,0.9521830023389414,0.7980607083917473,1.389084717747655,1.4606757162578956,1.6787640343099408,1.3897859487590394,1.1630696829879854,1.0046251132534525,1.3954863601657346,2.6152780679386396,1.4623803834741693,2.0106130916480747,0.7120017480964667,1.3814686228368118,1.5324855977155019,1.1959670793631911,3.692131643167216,1.6330560214323424,0.6567674662303792,2.21622988510157,1.1162882694641802,0.5464293066295812,1.62820799977898,1.1963189974926869,1.1226924215744802,1.4581387780212094,1.7544092734224337,1.765292952101893,2.730784380700009,2.6333728566894674,2.0598687406531413,0.5999414972037868,1.8627940324661625,2.1951232462498123,0.729993873645062,0.8649741448668528,1.0923376379977967,1.989133540215,5.124926723528041,0.8631582300958508,1.2447334466285316,4.55198348520167,1.3451579104754525,2.8812548770127817,3.1083293977089252,1.126139338553267,0.9606619750122348,3.457893133571367,0.0,1.4086784511401502,1.4366250106401204,2.1796226652534685,1.3670682905343947,1.4668856070864018,1.4455759619777089,0.7836466959965941,0.6491762059226253,0.6597560089924995,1.3584079284461563,1.3158564266766697,1.4152210036781783,1.637658952212429,1.504196859206797,0.8842189682876987,1.1084565645970241,1.792183334754639,0.47172774344923674,3.1011502190406395,1.1718683696665477,1.5643984913762012,1.753778503139212,1.0527344025411793,1.15520781041367,1.5550930481226612,1.149214230773971,1.2862341319900243,0.7286204891955025,1.3285404643745191,1.5575526890608686,1.1099811545949148,1.2881870808551783,1.5142498229324164,1.693949450635926
SP:63,1.0819028945375397,0.8373081940008779,1.4931968313544561,1.0581538286980965,1.0145898653519958,1.3279309548199165,1.196153231868013,2.333995250700622,1.2679416384265985,1.0661830162885482,0.8665524078640412,1.1837727506628035,1.802401844248609,0.8114498195182727,0.7997217520209422,0.8290089673375955,0.9866297504026991,0.8813230346719223,0.8582454624829075,0.9171510023478846,1.009709633760319,0.9645818027485474,0.8913816452734747,1.203913746895043,0.8028902690746592,0.8442311861980776,0.9494851650239422,1.9879460196889944,0.9227553141435033,1.1013912311982712,1.4006366558225287,2.857191620334683,1.8625726383780987,1.5747816001631492,1.428019258929725,1.4660327349553692,1.7471788314951953,1.0075209107637573,1.0425707369395836,1.3875489990387484,1.5884227031444142,1.0586664628661198,0.8556045571200064,0.8455629432343111,1.0139353488159903,1.0483744876467538,1.8705408396377612,1.1042171599323218,1.0604398169232334,1.8957797903017313,3.310197058088867,1.20367453031987,1.1749835700885598,3.4117624149663235,3.234537777335403,1.1112165572584014,1.618432432417234,0.880607630891412,1.1773316878685574,0.7697128874435514,1.2628676159039833,0.9383947723111149,0.9562862501549086,1.1275765343671766,1.1535160030437168,0.8867101937332044,0.9955028355429638,1.0495412259050312,1.0750816569753594,0.966741227924608,0.8612399282710466,1.193860381556116,0.936467090905505,1.2429472072194283,1.0709850732505182,3.924011230405752,1.0550620713608634,1.0457363309040282,0.7781738904357364,3.093299503082607,1.1532891044665625,0.860657955421926,1.781188803488274,1.8546095746705704,1.233237024381835,1.4147148270429615,1.6328063192364353,1.2486865076198124,1.0933068158393016,0.7943028259745057,1.0744933733577753,1.0706036391031106,0.8356997839793614,0.689162738690985,0.594200605015644,0.7395912030664189,1.083643211717785,0.7719983378589275,0.9026309430344659,1.783326465738364,0.6074373760911849,0.8776183225001002,1.5954657859145995,0.4775504689848285,0.7225143439633456,0.60684790607159,2.876849464270997,0.5135246820764504,1.5095162446955572,1.099333091732555,1.2025573158938223,1.566821534514608,1.0159854200295106,0.8226287758662756,0.7685337852264716,0.7060299203384011,1.2168368973026715,1.2889382927601203,1.9116963039110029,1.7254671135358612,1.2980741568130643,1.6319534840014382,0.9018063029294147,1.3951007587587776,1.0848460649264662,1.1593671339072684,0.7817709757790297,1.191427609351845,4.192440761433034,1.0342101192906625,0.9297212776871815,3.7104708520442764,1.7627638497787261,2.1992325370267882,2.268259728149987,0.9622961367562141,1.2392733583793822,2.656100609646376,1.4086784511401502,0.0,1.1986403048640022,1.2016790503650956,2.4380243399535586,0.5285274104986372,0.6273841774649653,1.5652545421344648,0.9274587541973165,1.1855699027892674,1.054984006841133,0.8396443010877627,1.0557450678722369,0.4848768367683823,0.9775668620793746,1.1366446025971069,2.2579779029155187,1.1839323693773962,1.2144869351282475,2.3300888949253746,0.8317167860179672,0.8912564367633196,1.1433273572391034,0.9268568335911066,0.9842403500683905,0.9791840077033507,1.1577560248634038,1.0047541272346092,1.3397915230213127,1.03735849935278,1.2184289770884884,0.8684247649564825,0.47671205394994665,0.5589559836239659,0.9578173156808634
SP:64,1.3534609086833853,1.153713532870245,2.0002807657340718,1.4315234722613104,1.1638509427554156,1.4437336657868312,1.4879056561062451,2.491784374560809,1.5282866863250442,1.44822382261552,1.1280579524227186,1.7538254418750183,2.6379623695993546,0.9498515804549428,0.9807243554404484,1.098994343691873,1.28639016093641,1.2026033437921142,1.0399048759872094,1.1290606184490455,1.1854016945388757,1.1069841786648438,1.2217024728923502,1.3398292433422285,1.2524198824331734,1.1689991928148409,1.3603963202706277,2.279199682627323,1.4299672947889448,1.8563994484017163,1.8546256608694813,3.0337727813788486,2.3895949902648335,1.8641600425550129,2.174212948823799,2.0609021844885844,2.1849289642737033,1.5024708615034454,1.7074954481817273,2.1197719964647237,2.031117401270017,1.5828289881231352,1.2099290581445206,1.3127938275058813,1.3433607363943445,1.5170384291740524,2.6749398917616176,1.389571170566411,1.3847848602381976,2.727826735975759,4.235872010167957,1.6798403905031232,1.564361470328552,4.336006287064955,4.170180838800022,1.4365196237916757,2.3440342244874928,1.3062347450826732,1.5180153537379475,1.0985036134524622,1.9819685665372815,1.0958968935280122,1.1620775143186393,1.4432453672897256,1.4536824430371769,1.2021883271853735,1.3134951350318245,1.4501323239833954,1.5493450776026232,1.4900450940358316,1.1368838647101083,1.7731260985869095,1.2557368601137275,1.8494468172570528,1.661291696987981,4.875928930059863,1.2872068488270128,0.5363074557451187,1.2225421969096535,4.08611453683245,0.25514782627690386,0.4329792947288144,2.333137404703082,1.961746200526181,1.2777537340905458,1.4550022313555333,1.4112561086842241,2.204589319484218,1.7622986611074065,1.7927545754254581,1.1709795942116354,1.1668147440218957,1.632015275721652,0.9457711551093038,1.2161554211100718,0.7928282436040008,0.4755476665819382,0.7463911986991159,0.631440678269456,2.708014944701371,0.7972970950635981,1.7266271025039774,1.8640744941418357,1.1824860889066195,0.9304761929122572,0.7292096934708219,3.850033567028688,1.170095815807067,1.58240353019424,2.1153074035980834,1.0736330291841272,1.6949032023094563,0.5688204127638803,0.4989538923065224,0.7103472807142651,0.8056429543915228,1.7578546737729521,2.0851095888625975,2.9153624988829216,2.7209894558040877,0.9947703914177786,1.7348594971346514,1.9298135496888174,2.282896575543096,1.192267491645668,1.29794146432183,0.6881668087113716,2.139556160390711,5.070608263603497,1.1274478792485785,1.6512155925371694,4.684504128864419,1.717646077800815,3.112059212851253,3.2161032490446004,0.4921305459430525,1.2382528504908117,3.675410694818655,1.4366250106401204,1.1986403048640022,0.0,2.1998223393941143,2.3331892103053042,1.016053515150801,0.9116757632545236,1.496006721957424,1.203158727651163,1.4216708831570024,0.37144956409416446,0.46585801840682695,0.577924748927186,1.1868824782141196,0.5511319020629425,0.793893441267357,2.253687372991404,1.9321049166727409,1.1169234226998224,3.345481041015538,0.6360693535760614,1.8890480376750791,0.5789497550712126,0.6234826021779911,1.1572036071200857,0.5401866808987296,1.7031841862594275,1.0600154616800648,1.3295620143796847,0.4949604824462817,0.3977743762617755,0.5546455219521177,1.1400891749519508,1.365118883812334,0.7243723350521999
SP:65,1.7171987067398704,1.6218326807096182,1.9208434409200554,1.6936086667304853,1.8233662330943265,2.097396213678946,1.9011254568052813,2.8278410313557556,1.7921073888002192,1.6262287426916593,1.6597698513893717,1.5997782608616404,1.2640812312207714,1.7124706892590609,1.673066272686982,1.6986974944039877,1.6486340175038834,1.617427317181355,1.6600009683034753,1.6147518182367973,1.8028052058332098,1.82394790157932,1.5886682309398794,1.9745925110924016,1.4960242782548647,1.7065087770392553,1.6734184938732497,2.415159643899278,1.5602572025798387,1.1040072646666137,1.6741737337094538,3.2864967127762066,2.2124021348260863,2.1763675291555247,1.7007027369359788,1.8864402876415087,2.180066468700836,1.6890230214134778,1.4857745430764309,1.5053182712543014,1.9487234352671547,1.6829515426927941,1.6837555165768046,1.5248336057689422,1.7236498607660964,1.6856398548442655,1.3789715861027951,1.8199179824801601,1.7696509599567105,1.3985650222789971,2.4338981662223236,1.6608532436715546,1.7279499901476645,2.5379136442655605,2.2821961008897196,1.6769417523653445,1.1888568289604344,1.4696960622827386,1.7671804399220559,1.5728564666561111,1.1055129542821587,1.683356042762345,1.640304062440645,1.6606242006159042,1.661787420414756,1.619252213900025,1.7404515480526335,1.7590002904105118,1.6498638044067702,1.4518366679308479,1.6721318773713778,1.579117095887311,1.6958835440654116,1.4186079603903377,1.4998040267005086,3.0546620272267626,1.8367258575394612,1.9457912004495925,1.5871166583511225,2.0411969456319112,2.104416100497822,1.921483533162754,1.8480962231788414,2.4807932248433064,1.764056752399818,1.9923501795025917,2.2113976197929057,0.8951579672519047,1.3468857699948718,0.8807564058328118,1.644297863285136,1.9386010791953494,0.8993102202330222,1.602868072520499,1.3873389576859054,1.6675187545146342,1.994170414271485,1.7396109244403195,1.8992242793665641,1.0032896669240827,1.5770708937115419,0.9368112693171495,2.1768149775584567,1.3236934134790315,1.5414490035585564,1.6917629097291076,1.9334690881076504,1.2540942140068625,2.224138038694544,0.6619961203616993,1.8343082733813545,2.3185349623328295,1.9253932169689563,1.840036950337187,1.7751638065071595,1.4766569121385869,1.3769457083285135,0.8964195220782729,0.9647307702030355,1.0046755261916602,1.9554704411352735,2.2854902392376495,0.7155956431914254,0.6449591182850334,1.7465939808480102,1.8259063466990886,1.7395782617946345,0.7640082528377052,3.280066106896091,1.6989247054537646,1.5063153724043024,2.779277814748499,2.2378169944843567,1.260887304132828,1.3215655597627618,1.883723131229123,2.0247284561540835,1.6892805064818077,2.1796226652534685,1.2016790503650956,2.1998223393941143,0.0,3.093032327289529,1.4691655342247127,1.4834578032701358,2.249414544952369,1.7111772659622702,1.8354797646818044,2.005283898806685,1.8260123741419745,1.9365493291676101,1.3267675275526247,1.948501950458455,2.075477640600954,2.891146945837474,1.0624814367033453,2.03524470533761,1.4731954982283002,1.7910791962726051,1.121578175918696,2.068078742398538,1.8698198064706169,1.5066531561771335,1.9661577020161722,1.4398531123377967,1.6861983947532246,2.152791421461256,1.9735879394810838,2.0601659812046464,1.8392435646561927,1.366901626715898,1.1264498482760672,1.8285202977563364
SP:66,1.9785049631048626,2.4210252093148794,1.7997630891516845,2.144117624102376,2.035277339946436,1.5335168966513002,1.6393086597810316,0.9837132742063306,3.0720513790769455,2.865912898478553,2.465253051897003,2.9747287625496015,3.1769086208675796,2.1491812579720224,2.437313815138322,2.1075298789487684,2.8225511262888237,2.5822044810217384,2.4294314110332,2.4245484562352044,1.855457235819922,1.8286786955725636,2.3474941821195623,1.6022589983410798,2.371392459965833,2.1502277528612637,2.2076777192138133,1.448981766906789,2.344726694002614,2.545658842417894,1.9577507324557257,1.2305786424708982,1.56160904119016,1.7696606751452297,2.1911040722917154,2.788097532867266,2.554871583720636,2.279949335851406,2.2846071990180903,2.890916386532464,2.008053728283816,2.373906823242756,2.329875759925444,2.481464401472006,2.496962104357808,2.731044338513411,3.395680789262006,2.6098520397541223,2.782675470438609,3.1557000278902616,4.660368559167506,3.009058744111065,3.1588701792872946,4.993728471289968,4.8799235240397,2.8085655207849913,2.9043578741323555,2.411680817997921,2.016369581224785,2.1949998585681665,2.8341550025674587,2.7324603697733405,2.5726965740214367,2.8770690918707325,2.755982807458471,2.716957800024121,2.841747643894371,2.751367468218443,2.3966416919247897,2.942534444233757,2.6488934767293393,3.0406972857850785,2.721876486285779,3.2026326977674433,2.9317358536933447,5.116826665037483,1.7321547437986549,2.1621345413015076,2.3914171505552013,4.674925385941451,2.3140956861596806,2.2827595656610167,1.9586163220270034,1.006186541060456,1.8468157398176157,1.6313011337690533,1.6172972340432628,3.0955080924134157,2.376230063842189,2.7625660058165504,1.833553141141818,1.815089456064633,2.363986689161746,2.4342606904685304,2.7334508871695,2.327291012781668,2.151769783760902,2.0410430143924105,2.3246164988114124,3.5405901837413283,2.5061248087934,3.0346346622756455,1.2804994067472197,2.492097239178244,2.582260940562506,2.2145461769883843,4.5457346058448005,2.7008406038612884,1.3633001844703607,3.2119503689850495,1.9454968040607699,1.254319112030708,2.617576482020842,2.18449320004313,2.122757890602615,2.472208736284708,2.6184730767760866,2.6013238217085233,3.588903051806204,3.542900773022126,3.0693805198602098,1.2961909699464667,2.8522090937597366,3.1080331512262696,1.812118107801937,1.72328513990498,2.040259296704732,2.9435570642234845,6.105997638213326,1.896868083898788,2.350089987193875,5.479487624158377,1.979645708671569,3.7227508009856334,3.9608715640022023,2.152664623093703,1.8011708556804156,4.2866080580412484,1.3670682905343947,2.4380243399535586,2.3331892103053042,3.093032327289529,0.0,2.464958259704572,2.399145098312526,1.0978863613639522,1.759747144425388,1.7457066049312633,2.2787276826259735,2.3005644165066235,2.4351372446337805,2.6468795755632417,2.426517769408781,1.8426644647090387,0.7082261086531507,2.8692533914490372,1.5307999052422294,3.989239134452363,2.264873047227067,2.3970133873006287,2.74635528704036,2.1154294114010077,2.1483416676049676,2.503744409517734,2.046576235250893,2.154196989452624,1.6303623077876082,2.389087172394594,2.4846204521722792,2.138783584186667,2.3544010803456588,2.570577171043768,2.6669283804613833
SP:67,1.1849855602379968,0.8299467480614695,1.7206235034967763,1.227446753159467,1.0776974652760916,1.42277601466564,1.3717482826943448,2.427281597954616,1.13261268707814,1.0330350839094562,0.987657691327073,1.299626035834751,2.108305337612216,0.8504640417521256,0.8418963213889853,0.8957359374921994,1.0053643957236256,0.9117888612472896,0.8805760227083002,0.913286558665658,1.1033620937483393,1.0294397171725391,1.0061250421652974,1.2936967408071736,0.9739069393932358,0.9730082101744322,1.1601218724668767,2.1395064425546537,1.1188580047405974,1.39557630201286,1.6189301462363237,2.97886846132396,2.123258485006059,1.6682468913320925,1.7163738459357434,1.6095353377782797,1.953020250173207,1.1471658651409224,1.2619855388966255,1.6473557812514654,1.7375952227247298,1.273930145898706,0.970209187664028,1.015179561166086,1.0814514728266602,1.2342244960110007,2.1822213998801465,1.1897524840796416,1.1770526404605162,2.1972149179852547,3.686482495299799,1.3085150633734224,1.218999932436466,3.7404034607591674,3.5592612188858768,1.1619363910523406,1.9159435204465258,1.0419435408339486,1.3644297403803036,0.8402788815998835,1.5474174996333274,0.9829602014664353,1.03291821558443,1.2039240325283904,1.2462466948206123,0.9548887320813484,1.0961645888274787,1.1392346327427705,1.2663315807767161,1.0980399821022966,0.9331184067386195,1.2861185957736452,1.0075672369100328,1.376283407554833,1.1441707112025088,4.251392347377166,1.184257244480952,0.8365366849712035,0.7247550487567146,3.424977916220611,0.9945569990343914,0.7421840588018083,2.0590945159772844,1.8976651673007845,1.4003258536367023,1.4670763167744352,1.6965347177906134,1.5961371978220955,1.3391554743547491,1.1999703978229452,1.0703595816395366,1.094797881218083,1.1888244392865048,0.5010707146715113,0.8235242035089562,0.6246523736113331,0.9143542519999402,0.6421286598712731,0.7376074089965331,2.1536862488944695,0.4864836517301867,1.1196020009144052,1.691096604445498,0.6397657552103696,0.699608565960082,0.5458223126776828,3.224754750705099,0.7015830913637466,1.521365117449494,1.430487952164112,1.1258697263991573,1.5955862727196732,0.75954594525521,0.7337741870687942,0.6726616764055937,0.5637532788719566,1.227482700695123,1.4252169591698816,2.254668212750479,2.067232676418773,1.0619990736803828,1.6633401139473085,1.278374504130581,1.735234862683149,1.2286867137238338,1.0819636236936436,0.6816937083446098,1.496587023050479,4.457589061340699,1.040796005861026,1.0995001615799163,4.040151411573197,1.6891206286652563,2.5292737441185786,2.5917459546171435,0.915557442518511,1.0436290979155334,2.9988443459490224,1.4668856070864018,0.5285274104986372,1.016053515150801,1.4691655342247127,2.464958259704572,0.0,0.4026190866839931,1.5586717179203056,1.0825999422472752,1.369083432985902,0.8653307939476561,0.7260546540721555,0.9671369166399948,0.49699250758408553,0.7484529527302386,0.9727736290978153,2.328920343074926,1.5556772414215794,1.2096913570270735,2.7045058835296434,0.7634487975881153,1.1340949374468843,0.935809553216946,0.7931802116738516,0.980441842521576,0.6944976340815167,1.3219941774528534,0.9695143117962549,1.2792426705228928,0.8157094644993863,1.0495498638652156,0.7653017166004399,0.44890287983847976,0.598103046630526,0.6694997022322234
SP:68,1.0205591862949137,0.7663558364350268,1.6759420923345087,1.1563070526357315,0.9897758511489205,1.347620279470947,1.3167811918687289,2.3516607730700607,1.2064734037189333,1.1144082751642768,0.9539629689814015,1.4077157309407942,2.1357286512787437,0.7367273586477989,0.7911304777631482,0.8689242976217938,0.9845337097481621,0.8467403934911443,0.7586337298124208,0.7225314721823282,1.0296107565997408,0.9557988488511336,0.8527897615605504,1.2304509763583018,0.8721934865387075,0.9454400922563024,1.1116964099392241,2.109107492596128,1.0528520587965031,1.3095983054866382,1.5079713654423195,2.9428540675830983,2.1225826216995363,1.7411104275953133,1.7632564343342583,1.72319300416162,2.0832152063382816,1.1454024387308928,1.2774231638184157,1.652868443794991,1.6816707051015145,1.2629570976907927,0.9261085315842948,1.0169181888730827,1.140947077125473,1.2327810264763421,2.1513513535574136,1.2899540357327606,1.2307306514966792,2.230642967863002,3.711735753693912,1.3114847102487501,1.2639444733486478,3.7858230023425765,3.606469232379972,1.142565521830138,1.8416943589372243,0.8974602838282624,1.268431734395506,0.7618977259641576,1.4517979045620595,0.8896326562120549,0.8559172786423654,1.111912545656799,1.1308731707929396,0.8725056005428039,1.1053160657843182,1.2102646745960772,1.3103612829070617,1.1269925804061451,0.9131546248907253,1.3892010641939456,1.0742601458525967,1.4255698704096187,1.2565474672808519,4.33224866650997,1.1017040066019892,0.7342507439834578,0.8709554360671834,3.4635895481836396,0.8585611472861464,0.6969545796894573,2.0399946744729625,1.8635997265024289,1.2253224924114028,1.391789479789516,1.5298549464965974,1.6339584878075175,1.412839509531025,1.2327553499698527,0.8892566841163871,1.0432241221402192,1.1220914957862127,0.487497986831596,0.8759166979017214,0.5574447900809089,0.7753788780595849,0.5777595847095542,0.6116426325594118,2.19314360631529,0.400649040016986,1.1616292116236038,1.667379758152335,0.595874637874616,0.579337827387168,0.4976669781810103,3.2754063223389567,0.6789574182376841,1.4876905550374793,1.5178084054572067,0.9232951118202584,1.5824341936750486,0.6726470198821506,0.6136857560161983,0.514690350823626,0.487857348020432,1.2449975794507195,1.3977164821209176,2.302078793681666,2.1234479118653637,0.9456545421572758,1.6099764296872006,1.309224413736391,1.692511376572971,1.0864848014931934,1.013864040485686,0.5215305238667842,1.530573791376286,4.524312315134019,0.9072221422562428,1.2487005464542726,4.110500695932311,1.6470240421899183,2.5095340011045444,2.613509588059127,0.7806130859554845,1.0224259570828398,3.0805559367676043,1.4455759619777089,0.6273841774649653,0.9116757632545236,1.4834578032701358,2.399145098312526,0.4026190866839931,0.0,1.4336895107565855,1.0761530706724436,1.2979475213318281,0.6880134076865297,0.58458790039988,0.7921079015344479,0.6244385205124892,0.6679611788229834,0.8900064327578752,2.2973483899282368,1.501850571848869,1.1427481331288232,2.7648626743850864,0.6597813394555898,1.227117378017006,0.8513584870803298,0.6907478906677006,0.8752836799619779,0.6647837268229374,1.2913772693937284,0.8644713575886521,1.227694453958011,0.6960003438546977,0.8659548053230215,0.6470471955328023,0.4808038997545665,0.6763220250022909,0.6154139338573716
SP:69,1.083455640164616,1.5084268761602062,1.2423153653118566,1.3436137253809437,1.1779291157971772,0.7899140336507944,0.9299722823140569,1.1630490541836185,2.1987295685663217,2.011761349833012,1.6330738581240964,2.1917273445060315,2.4934315587691356,1.238691851519953,1.5377634728606624,1.2838093750535782,1.9142331407575108,1.6749949022818924,1.5083695424738053,1.466318442288692,1.0798352071591693,0.9993303015581739,1.4412700537834595,0.8961449411345405,1.4742203440925126,1.355233643977409,1.410816409729845,1.2984892591519737,1.4920266901751025,1.6971676631488914,1.3084888743703298,1.7999314518936578,1.3497876623156388,1.4928251170093554,1.6264455809050988,2.1075492924647303,2.177205246637266,1.4603041601253766,1.5218309686557001,2.1113511141965757,1.3772908089119702,1.573691725885818,1.4585202957418393,1.641746104460021,1.7305865727614014,1.9150745280793573,2.623193369053227,1.8748306760076578,1.9634998910082675,2.50809073018787,4.053220036295123,2.1618830388134973,2.2705956236428513,4.333205209238631,4.169056816191518,1.9570597075257656,2.171603921240083,1.5220180919124162,1.3250346961930208,1.3089047203661845,1.9805862870791175,1.8315999216941523,1.6355349978413791,1.984462434936226,1.869934642507374,1.7965666960867588,1.97861529523017,1.944541784172775,1.6994407341425257,2.0777944659895478,1.7517618563325923,2.210609852379947,1.8976510821604364,2.3140314450973882,2.1017988353425987,4.6239473335898165,0.8914712753589596,1.2500670991764005,1.5379766057201725,3.9943773630041055,1.445985634806348,1.40639846020108,1.5801681953193174,0.7045044699273388,1.0298515381906657,1.0129485019173146,1.0100795274865144,2.2556706234025383,1.6627221632920317,1.9044618978563386,0.8653379758437454,1.0741381749042374,1.5270149401555158,1.4758245401648629,1.8219184103517985,1.3804916957606548,1.2723050459721366,1.1407877847281525,1.39618614366541,2.793461578633626,1.5610258768402563,2.127020133608636,0.7699894496445787,1.5748994951231214,1.6142401897286351,1.3211782126560412,3.840152805742971,1.7454059556854395,0.8089410325580729,2.3634519385761954,1.0571091790133085,0.873662443512253,1.6883499176248158,1.2675826877835548,1.182256801552094,1.518414797796509,1.8595790492655528,1.8148764889196731,2.8438478445013637,2.7577830759721316,2.1354230091837474,0.7007801946621111,2.0136853328926314,2.281570774341566,0.9482439510178559,0.7579270029082527,1.1313865730665287,2.1499008051234236,5.322838920720511,0.9258006912813991,1.6282715536545134,4.753342104766883,1.4868671899656885,2.9843140890675195,3.2154093247140016,1.2445842070103468,0.9351397038243566,3.610583250046044,0.7836466959965941,1.5652545421344648,1.496006721957424,2.249414544952369,1.0978863613639522,1.5586717179203056,1.4336895107565855,0.0,0.9398254136495487,1.0927219939586534,1.360559849689243,1.3890096921948205,1.5598857016162604,1.73768717218215,1.500209223091481,0.9433677620904335,1.1522793064060755,2.076937944191532,0.6883349633670609,3.2794132846580992,1.3427094590881912,1.633174005136602,1.8359302142240586,1.1789467187691707,1.272217453535807,1.6096685227715488,1.2942726378811196,1.328169335187891,0.8234017326407876,1.466813571232957,1.576085855529588,1.2019021581723281,1.4231135930811987,1.6627625949344378,1.7185717637878513
SP:70,0.8563846088770715,0.9608848699918608,1.0530835217809287,0.7884035226282511,0.6690006065944482,0.6791891905680267,0.5412241310921571,1.6326538115766147,1.5850483088657172,1.3385186899262884,0.9709766759670218,1.4404746603587038,1.8462621385330416,0.7501802520126558,0.9170147259829705,0.7179357154808699,1.2961429516249836,1.1114335965608058,0.9857605144986135,1.0564013827438323,0.6358287271262951,0.56129549540548,0.972072917151003,0.5473587443765269,0.9202611548232491,0.7962069705063133,0.8521425807004881,1.3000065886274135,0.9962713927890301,1.1571657498935395,1.0059618401375614,2.163292173808259,1.3493355150181343,1.2012628734253534,1.2123391659589124,1.62987344315315,1.6098727403411508,1.0120172098086584,1.073432158639372,1.5973739432208036,1.1887029951759809,1.0640610337179406,1.0190470531173836,1.0141896343430072,1.0683601339794118,1.3031609826978592,2.0664221578134794,1.1663479338552962,1.3261488479635897,1.9650201726684602,3.4823132858022885,1.5680272775800272,1.6708791259609328,3.756354118268697,3.5561651952192026,1.3167924806710396,1.6625818761653322,1.00100168997261,0.9350273786485586,0.7597158715155481,1.4510586009616657,1.2627172390115073,1.1612025378969248,1.4295041592619167,1.3123346523636659,1.2497043163674357,1.376808372397697,1.3455570360056919,1.0928279278368096,1.3954141193281782,1.1802921273523759,1.4910029993355787,1.2604244990281022,1.600845727489541,1.4023456654081097,4.014669043574518,0.6009156980631407,0.9528535898250553,0.9089720536030945,3.4388942740561093,1.1533507793662485,0.9858870581943115,1.3311283770866433,1.1564996222524846,0.7387716764107892,0.8266692667787144,1.076183320017432,1.6873148595127982,0.975156600447969,1.2618194837081909,0.7115255495196605,0.7280653554863072,0.949886043035714,1.1330814623366006,1.1979718618013413,1.051212909304763,0.942605610870842,0.7068099325007098,1.1295376318438912,2.172329711350176,1.0915206708949665,1.543965018245862,0.9014892407293023,0.9491319234262541,1.1357925051745208,0.8761620005931946,3.2635562817399553,1.171033728717576,0.8615032099185923,1.7260449196897576,0.9094124186470041,0.9481564020887325,1.3225404405589198,0.8909318388037203,0.8506788251171952,1.0127546490909867,1.3982331213031773,1.4374503918320953,2.2809651150441415,2.200844537831793,1.7272989850144926,0.9306918027535911,1.411146962158458,1.7425657092343623,0.5724923621665151,0.7475104794869648,0.8024741961036332,1.557413499963886,4.659494310384113,0.6351639612344885,0.9727849176598432,4.110148900477305,1.3141685853291984,2.4472209287444366,2.6882236034307216,0.8237818118882635,0.9494985980611127,3.014400739812119,0.6491762059226253,0.9274587541973165,1.203158727651163,1.7111772659622702,1.759747144425388,1.0825999422472752,1.0761530706724436,0.9398254136495487,0.0,0.6477616555851099,1.1136568218908223,0.9808192810185583,1.1486534913647855,1.21679280588391,1.2095477077030372,0.8073067900682299,1.5276954693500346,1.4130558319656599,0.5091524545604601,2.6677706536541685,0.8773141977993588,1.188113760435875,1.461711544674391,0.8290369774566114,0.8297684780285057,1.2728179013509302,0.8804774748680758,0.9812236057818142,0.8701580847027084,1.1050288025035364,1.2762302956936664,0.7990633612512109,0.9216052479363129,1.103267310938657,1.3624471563121692
SP:71,0.8303562571219173,1.0782664399743347,1.0950735045162319,0.7060968702642747,0.6620050846622921,0.8271777919945827,0.6332840588659948,1.5287462499432278,1.653582887620145,1.3975818702681377,1.001434815843247,1.471745575626078,1.8061968725220776,0.8766311995365188,1.0293548305383764,0.8308313153898828,1.34816914149669,1.1523647509837034,1.0364094570312852,1.096316374708861,0.7352428986525141,0.641759859459324,0.9712337804485079,0.5706955235725516,0.9281498412229436,0.8064838575740609,0.812143676344404,1.0824705206692833,0.9831117986314262,1.1789951576829947,0.8177467856540144,1.9774975415209095,1.377324177512936,1.2705193565385098,1.2694731271367343,1.8309057234253534,1.6767337728420066,1.0258157781551378,1.1721834625387413,1.5540617219973436,1.0080809346979025,1.0964742247545263,1.168218357025675,1.0622397746685857,1.1287546283145862,1.3546542531653378,1.9978040085372313,1.2505627072791312,1.401477662368984,1.923437689907379,3.4776463697179634,1.624523281146413,1.7449970273396918,3.770356918262168,3.6061141811080906,1.3143350302598997,1.5170886630913614,1.0417952083465907,0.8563807433064371,0.9115766477484613,1.375576980563065,1.2930732883178313,1.150194369807373,1.4028567238068843,1.255637327197233,1.330449896582246,1.4340399516951932,1.401493732254006,1.1056957891808563,1.443620437508581,1.2614873913674887,1.507457736832139,1.3718818258557623,1.6591328635805236,1.4769604814913249,3.9849828256931716,0.8462469580563836,1.2309951043381049,1.0691745918758813,3.4681048068988747,1.387095513931126,1.2882348554886556,1.2803330230791157,1.3331747557651012,0.8433484097256913,0.9461384617796815,1.0766575207120064,1.8805070583983177,1.074706729431056,1.4719983703463135,0.8587922457991228,0.6341382457670307,1.021329948697525,1.4164377030946864,1.510094885344493,1.3549385776552683,1.096529735885119,0.9715137284604789,1.392215772298007,2.2600114835707736,1.3302077659870808,1.71331841494923,0.985193835292592,1.112522646598014,1.3945094505450804,1.1077597402191437,3.317737469876929,1.4009029900992216,0.7882900878109801,1.8945040862001752,0.97104038089705,0.8823925108676829,1.5698944953895881,1.129948918169867,1.0659840718066185,1.2817052827108069,1.537334775638255,1.5149583384343774,2.3905071501853774,2.3163992240599534,1.8518877408941783,0.9660227497554563,1.5510170273874369,1.791718610746729,0.5602571537954271,1.018909609208183,1.0079902699374366,1.6346639133616092,4.65363372486143,0.8870592814296479,1.0540196450821362,4.128597500521198,1.324463628629856,2.4512402670527873,2.7481816955509335,1.047417480348414,1.1737004414856367,3.113123913085596,0.6597560089924995,1.1855699027892674,1.4216708831570024,1.8354797646818044,1.7457066049312633,1.369083432985902,1.2979475213318281,1.0927219939586534,0.6477616555851099,0.0,1.3464575645390906,1.2206548684466216,1.1887202142442654,1.449213674627093,1.5299668988806439,1.027694717323779,1.4874616627181692,1.3022512409624298,0.74804223419309,2.7428790557044103,1.0541584085778821,1.420614905352611,1.6726735363051106,1.0822538618275295,0.9334912577480686,1.5224846797520435,1.009477326246002,1.1617621675474983,0.9807124133232058,1.2882617491120354,1.4939158130332142,1.0995220441454696,1.123387503548562,1.353060253421693,1.6246359102314964
SP:72,1.231940699582828,1.0505305976259398,1.904521414928605,1.3589983163886317,1.042873418625893,1.3609980237635655,1.3888023529800482,2.380622897593471,1.4465080664997452,1.388356430242919,1.0738935072667437,1.695700321973934,2.527680540436677,0.838737265645833,0.9072861572234295,1.0008722350503887,1.2178296895306804,1.0849025602781703,0.9082357108112532,0.919080381834004,1.0691132766756055,0.9926561831266244,1.06036079523431,1.2379405159949983,1.1115241301422454,1.0818346187795775,1.292745433397245,2.195842614489349,1.2964546448512453,1.6835234359687503,1.6741158536385679,2.9689515032904863,2.272444510318944,1.833617465763977,2.0800311164972065,2.0350324351273423,2.168365849201699,1.4187532852982807,1.6245394721862796,2.031067025473891,1.9356104997128711,1.5268111407122609,1.1379094775294487,1.2506847506019445,1.302719974610753,1.4683119928219401,2.4772331090548003,1.400533011540623,1.3983371019560022,2.586881191511976,4.0774489066693365,1.6036999680744073,1.5100925455428889,4.200037068047483,4.010923699497528,1.3590138584083473,2.155401957690563,1.1359609147741312,1.3761823503743134,0.9347946640575318,1.780395822726779,1.0334888505831492,1.0352411100511687,1.3305620489809225,1.3385589233128734,1.1112311076610522,1.2808981531379535,1.4364442818913223,1.526227532856384,1.4125004790998472,1.0857418532762908,1.688106537309791,1.2452820511944238,1.77798664113648,1.575996598603874,4.747719941210112,1.2029817751873835,0.3415568591801248,1.1127948202274287,3.927636317814225,0.2572024124059594,0.4636079900335093,2.206715602526102,1.8470996810880136,1.1506433530413318,1.3361157561932884,1.287023532264329,2.055918124918148,1.6852559691564126,1.6555620610897457,0.9524128658698008,1.1092684880074641,1.464607386834036,0.7699282681887963,1.1095681296326592,0.6519818267451666,0.42873434845056385,0.5783123002633049,0.49649203853834506,2.5752528678507356,0.6197445336205094,1.6138770611709259,1.75844637787208,1.0154083796070086,0.7250023336683025,0.5789391212603823,3.717525012845852,1.0385765319703382,1.521724256323266,1.9788544493244338,0.8973907362230166,1.6064874991255504,0.5265120762048456,0.44432289511306106,0.5477334764796191,0.6681347280283697,1.561240343875125,1.8498732579805803,2.762922210692862,2.576078861918512,0.9896624218957927,1.6231209185745175,1.77139841086924,2.129491291411972,1.025433850317115,1.1389799737593205,0.49764060070075655,1.9901081583964577,4.9712565878046755,0.892606145113088,1.5534083086655093,4.5619641379189995,1.6337832838965032,2.9605382768822768,3.064533932540237,0.4588727488411004,1.0844770399162904,3.533170575233248,1.3584079284461563,1.054984006841133,0.37144956409416446,2.005283898806685,2.2787276826259735,0.8653307939476561,0.6880134076865297,1.360559849689243,1.1136568218908223,1.3464575645390906,0.0,0.340280070429711,0.5861839455258118,1.059412723812725,0.4259712415974966,0.6964808131559616,2.1877000662356574,1.786844658124747,1.0130626557814015,3.2052672874383594,0.5660671667320227,1.7284326308231133,0.6161556918459766,0.4533243994794694,0.9839566389530644,0.5250794901682478,1.5080092097901974,0.8728004879290692,1.2181124807574846,0.4007971591017897,0.36834816381583585,0.3662371183342063,0.9676716312822167,1.1346902033623483,0.6542375202183428
SP:73,1.1143871119474305,0.8525540668969221,1.7445729682654842,1.1702895148443078,0.9316505872919646,1.274691951044139,1.262581390709109,2.3547242704558387,1.289295621842852,1.16437326305005,0.8319226207754399,1.4450778361360725,2.321714037190938,0.6863529252240163,0.7078572522671902,0.8034681372309828,1.0278647922145707,0.9077524441936323,0.7604993453737096,0.8027518512211669,0.9097025165821198,0.8654669877512493,0.8847427472733613,1.1257314002505512,0.9113930857010888,0.8783358455681415,1.0834939709678622,2.0923571356199084,1.1000206942897885,1.4924008951404895,1.5332258487846917,2.8989942625219443,2.1323076269853023,1.6467019719128984,1.8664466356191174,1.7903581282719416,1.9186546329752556,1.2589780375989919,1.4324679280721124,1.834454665216327,1.8092188312756432,1.3205094541150206,0.940020086523796,1.0229965956225269,1.0600335208507967,1.2272037661743629,2.304067194600094,1.1393265289713008,1.1689543280972639,2.3621586784657533,3.8736357452073573,1.374282637064121,1.3196793008819574,3.9777676365423917,3.808761655751224,1.1431757746686164,1.988060306432922,0.9374573829104632,1.2017168744863869,0.7513669022006287,1.6110363822796943,0.8561145124296209,0.8805513408215019,1.1484937940821496,1.1555013198842725,0.9235432903949088,1.0876186536470218,1.2191777410412488,1.2916213137163497,1.1739501423586463,0.8857737331730144,1.4768107209855457,1.0018487034165915,1.557826469983382,1.3411073874885442,4.518174086405693,1.060616966322213,0.4840870842944487,0.9285683531643666,3.7204987360053217,0.3813640353815912,0.29640975879738113,2.0275952898784544,1.843412084157382,1.070224504130304,1.2567441085183795,1.336624630921881,1.9015361360237317,1.470638850758532,1.4657701935278682,0.9262908425723485,1.02545187382995,1.298655711379839,0.7280206524569225,0.8966929100470069,0.6245358769918741,0.4678818831348189,0.4998397908232478,0.5689111499537636,2.4053762392696867,0.5157764988346694,1.4310004320238605,1.6871165022293897,0.8127916475236927,0.5333445527194757,0.496364835218146,3.5244552529777877,0.8535437446752036,1.4613388064341408,1.7746660651273027,0.872914905960859,1.5567320202665775,0.516042612780102,0.31586995965105025,0.5179941561766991,0.5045521354619097,1.3818254382784987,1.6905390383208014,2.582625276075238,2.4052797166286224,0.9287307978616275,1.6178010300287242,1.5941336706865434,1.9229567045276448,0.9511083165175415,1.1512874311491814,0.41436529877651107,1.8455298513767358,4.753094686062689,0.8569245466941089,1.3090889959193752,4.335156826563861,1.5917900842610186,2.785353381678564,2.9146180108825694,0.4601813293468073,1.151269562509635,3.3285429486493885,1.3158564266766697,0.8396443010877627,0.46585801840682695,1.8260123741419745,2.3005644165066235,0.7260546540721555,0.58458790039988,1.3890096921948205,0.9808192810185583,1.2206548684466216,0.340280070429711,0.0,0.4980258882320654,0.852511330008237,0.5194405026248605,0.7833983813338126,2.1608119393915213,1.588787746588832,1.0067994977793944,3.003545763874452,0.5456927440637779,1.5260762453406662,0.6059076471448831,0.5291103955368713,0.8985373218414715,0.4532107147573227,1.333870892656862,0.7292193938972644,1.2449714419986275,0.45661552362548746,0.5085178856110238,0.2874853578931126,0.8344070459145275,0.961107444122269,0.6407830897595118
SP:74,1.151807199008744,0.9000521989717788,1.851744623001926,1.1239339939385609,0.9401542903934953,1.3958350874220224,1.3787750393792333,2.4551545105852965,1.2612852733535727,1.150686985308871,0.8674513045905029,1.4350114775034042,2.3013570067656186,0.7950747175372942,0.7206103499147515,0.9587598685506038,0.9727308228559006,0.901161098471594,0.7570594774481995,0.8398591911131481,1.0921684342465914,1.0030015204046512,0.900697620738784,1.2473603485613622,0.9340208170636686,0.9556324469449357,1.0952363792954245,2.141106510162962,1.126781355367593,1.545636421971934,1.5941712927912914,2.9813022988893305,2.3177108144158005,1.8481373257052067,1.9951730722502696,1.9010086943541014,2.0958404578376255,1.248254478766901,1.5043749250571947,1.779194794383795,1.7869903984293742,1.3445284526430756,1.0565460642660944,1.0221314096091172,1.1371302894167947,1.2323697010404118,2.306481194546325,1.160593707840573,1.112509438369286,2.409782600106412,3.9325095885085948,1.3907558858661109,1.280238021708329,4.016826678289283,3.8748682099024454,1.116941988368607,1.980292038961448,1.0160543997230356,1.3281049338715003,0.9078719698772851,1.6247791018517348,0.7698367734706906,0.8169204031941449,1.126202159682106,1.0550340005576695,0.9133255548426562,1.0164096888991914,1.1802856178515104,1.3120946398623408,1.176079427803315,0.8620384780833303,1.4376036059027362,1.0391064730104962,1.5212252398333788,1.363780960559495,4.564424255334467,1.238424400909617,0.7152917760951184,1.0369644757310472,3.773757203427816,0.6115759823943995,0.6312711426674024,2.167386965018538,2.0250248842310663,1.1558408460707323,1.4126136984712179,1.3847670137314758,2.0121337486033797,1.5583665371339381,1.5908734550718369,1.05683982125996,1.005173729184466,1.3846293202296147,0.9485483445156425,1.15810637963447,0.8543477070601816,0.5138708300496033,0.7571737517126356,0.7759692960628055,2.4686775059330612,0.6970163482223659,1.5010602022537118,1.8168603991107486,0.9273909466363485,0.8055130495598748,0.7052053636119499,3.565959599710137,0.9787279422964115,1.478611309594275,1.8977664780712946,0.9037029736663887,1.6675599723476102,0.6759426160267128,0.5533710972162775,0.7032959197827319,0.7294164311656143,1.577707226919227,1.8523873976409655,2.67129816398676,2.480819765746871,0.8058127222153618,1.688899392731861,1.6896445720785653,1.9859912466233123,1.0226308582734425,1.2819897096603021,0.6887804211599446,1.8749155351732216,4.704083893009248,1.0387866379220054,1.442818708496974,4.3456460325543675,1.6403678635580197,2.785075446246131,2.9519502410161023,0.5321929152659051,1.2589671479612976,3.417204111666573,1.4152210036781783,1.0557450678722369,0.577924748927186,1.9365493291676101,2.4351372446337805,0.9671369166399948,0.7921079015344479,1.5598857016162604,1.1486534913647855,1.1887202142442654,0.5861839455258118,0.4980258882320654,0.0,1.044428290524603,0.8088943858231732,0.8744770177104987,2.3091049669989236,1.5685703143125775,1.1261964290308168,3.073586381065155,0.5387485396337147,1.746138250689896,0.6791856084305554,0.6717290621877621,0.9696572622619589,0.7007279386151672,1.532492087852116,0.9894228944920621,1.304938549165009,0.5468589092291359,0.5682323982521894,0.6352461048477308,0.9768927604630817,1.211390679457393,0.7748876611824019
SP:75,1.19681484082421,0.8466803637244277,1.708915065465643,1.2116108082604184,1.1829530945214413,1.519504862840792,1.4424265247497339,2.5705649219445754,1.157584457192661,1.0256067394622692,0.9654974936521665,1.2109243279511857,1.9927184457816303,0.912507755367242,0.8384100178837552,0.9977762037404789,0.922672873352549,0.8729952172514738,0.8914368372556055,0.9281843566606841,1.2222619363976523,1.157401327947921,0.9848829594499909,1.4524954460769484,0.9135323523447527,1.0387675500470848,1.149061647352779,2.2689004065555696,1.057929941655252,1.3034518266901147,1.6653512262559569,3.0860478531854056,2.112030809476298,1.8023295205109027,1.6576627518651357,1.4638212325024418,1.9511572237590167,1.104387201237927,1.177939244291759,1.429996353167948,1.7598553818328053,1.1816444030721227,0.8577588723850401,0.9006891295377755,1.1129175448980047,1.0698804883502204,2.007657586007004,1.1689945084075348,1.034172174756955,2.0427514598642365,3.4601491695869266,1.1548392164720906,1.0332994763010626,3.456831552711991,3.318791190656305,1.1097496467502663,1.7955497557895583,1.0025600508647232,1.4132694177451877,0.9455343529488037,1.411094609067353,0.8810095425407096,0.9515422281296965,1.102655863179083,1.1428802020152478,0.8174262187055987,0.9631758942825508,1.0540214613760115,1.21651819662894,0.9378796891440817,0.8035633867900773,1.1692629043198055,0.9172245940739365,1.2275146544512776,1.0562489525370313,4.07028728043755,1.2351940300953221,1.1132687462772888,0.795980100377234,3.183906648319487,1.1674994107990138,0.8484636696885873,2.0169649600236896,2.078491862135589,1.4841121262963362,1.6442294082309292,1.8314089843285009,1.3917959924949592,1.3351102578154825,0.9873228347210814,1.2675049169716548,1.2696573489262906,1.1274252538577778,0.6022926607830659,0.6188967880621886,0.7137877316973378,1.1467618068638368,0.9368448960994937,0.898104334746316,1.9424355417376846,0.5498465259034959,0.8119867446153207,1.8189307548613365,0.6477620940050378,0.6528091848288561,0.7471305692974498,2.9379935094606258,0.45044315122184386,1.6806069861129915,1.1410948677282393,1.3422881778533102,1.8117508309324064,0.8682579896476952,0.831345138463488,0.8788333788835917,0.7294460797176788,1.3602528695398568,1.4636773245428614,2.0455375554109683,1.792011403917075,1.0486180455107958,1.8310054989520665,1.0614666736578946,1.5002459188655966,1.3225172411995578,1.3126735630378192,0.9323846978828186,1.3934402138317525,4.13183739212382,1.2123616636812706,1.0346373781038583,3.706697853393008,1.9453063833457718,2.36389384754096,2.3769224375573237,1.0639633958592434,1.3394993933713648,2.759226659064405,1.637658952212429,0.4848768367683823,1.1868824782141196,1.3267675275526247,2.6468795755632417,0.49699250758408553,0.6244385205124892,1.73768717218215,1.21679280588391,1.449213674627093,1.059412723812725,0.852511330008237,1.044428290524603,0.0,0.9244889188173061,1.2422007560832073,2.5015823064224723,1.3788842780954027,1.432447281011017,2.446034729777357,0.9121861190552006,1.02479389032474,0.9648497539342108,1.0086469448407787,1.1425713558792678,0.8093153190852996,1.3643171720678906,1.1295950200242444,1.4889204178582514,1.0123892163090307,1.199157191536815,0.9466801488653332,0.6007845863758239,0.6895724054409974,0.7506424880989517
SP:76,1.3389799687646524,1.1221858089147643,1.9955899013598721,1.4832370375631354,1.2094389871432538,1.452631789454902,1.5023427137175744,2.5076337954030143,1.4987601768951584,1.4570268696133077,1.2299373855591218,1.7703514365231852,2.576587780360855,0.9773922755754811,1.028179585668775,1.1691604816905703,1.302329658582124,1.1999214964335543,1.0582868120801547,1.0792053783082822,1.2811812119614656,1.1638794396611383,1.2447604679109074,1.424987875831803,1.2577266542699064,1.2399684645518734,1.4182638096852982,2.364673420181409,1.4221705356131622,1.7690076815675166,1.8933286656401946,3.131785654405044,2.350940252765851,1.965518859887991,2.10620162164947,2.0160507085792947,2.285380901048532,1.4473657712096708,1.6659370319512883,2.0615412243928133,1.9997974961046758,1.5834492927882684,1.1909344196483147,1.3536992651654354,1.4466892716174182,1.5629634096087788,2.5330897971347563,1.5185214852175135,1.4642123540223952,2.6775430786068277,4.097988687264391,1.7073249666230033,1.5449042449929087,4.191692004179105,3.9935862212442,1.4933707035404322,2.289759162396895,1.3185868833401133,1.6130940297130962,1.1146180392626532,1.888155015238319,1.1387226477111307,1.1793194123174264,1.4710896005202154,1.4927621013010852,1.1893997237440868,1.341892961021411,1.486540139873451,1.6629799732830635,1.5009095588725987,1.1545576040594623,1.7324366188994749,1.3375355796830948,1.8057028416227026,1.6411287838461148,4.777003611601497,1.2950593776000376,0.580316302048467,1.1499087643720507,3.8918067208729723,0.5233505362246658,0.4733013670466915,2.3347300096599346,1.9045376379166343,1.385954098886654,1.570344752941625,1.5569349740243987,1.913362735514401,1.7359455125413663,1.5557218132394637,1.1569194382532288,1.265767718893495,1.4990751283453811,0.5295880210307881,0.9549132564674617,0.42369055273359757,0.7350039787485092,0.7207812896145409,0.299141082406613,2.479720813682871,0.5268154971660574,1.4495243297611131,1.8304237434348936,1.0470766715136466,0.7194124998615622,0.55203449361303,3.625713582722942,0.8911827033463393,1.679056942716779,1.8496807585812167,1.2018181356452597,1.7268880039531427,0.35809952320189137,0.49643965955699565,0.563920215649229,0.6972248429359075,1.691918998901802,1.9039619150258262,2.6751622458335866,2.4374056535598103,0.9883761238184735,1.7234887754769437,1.661197771243249,2.1052036544903427,1.2337260685009896,1.155796630051289,0.6784309875679009,1.9377997864984335,4.915914683107058,1.0723962914558058,1.5725126318210283,4.502466754896651,1.8728110434120588,2.943269158491919,2.9527923112624803,0.644361169284673,1.1211635344650412,3.4550375309746526,1.504196859206797,0.9775668620793746,0.5511319020629425,1.948501950458455,2.426517769408781,0.7484529527302386,0.6679611788229834,1.500209223091481,1.2095477077030372,1.5299668988806439,0.4259712415974966,0.5194405026248605,0.8088943858231732,0.9244889188173061,0.0,0.8114868413369741,2.349332516414302,1.8720578009474775,1.159607420884677,3.1311299218253095,0.6217129409426797,1.636827763655979,0.5232703664486688,0.5398681164005276,1.198826263841099,0.4184107832302686,1.6547245794235026,1.0965512301166738,1.2564495016311474,0.5009609245209882,0.5845447805799368,0.5723591241574021,0.8860547601890385,1.09390073543547,0.42807887475395195
SP:77,0.9806742391023001,1.0209260837100531,1.5541173897038085,1.113047273720003,0.7935735937013915,0.9230040969382773,1.0343263270255638,1.8582534168971214,1.5556154765808516,1.4493853225601765,1.1613079771966652,1.7255135586413253,2.4092997122764412,0.7929135008427384,0.9589504069850736,0.9340465389299701,1.3415340052927565,1.1481669149215856,0.9893950902896281,1.0101930395813736,0.9677990939564723,0.7615872271599607,1.1079096932459302,0.913276134380547,1.114374129148264,1.003286516383101,1.1670350067779438,1.7546671108631113,1.2358204980791108,1.6315941673632834,1.5071071831376537,2.4879220661536015,1.9266394704905232,1.6620268631845543,1.8074499408170677,1.9374746771974565,2.1685809870070027,1.1585001546697222,1.41981284544654,1.911810909406413,1.5015322334094416,1.3729158826791679,1.1202951765649185,1.2493624871336293,1.3283443119408893,1.532644232674563,2.4778087768180104,1.4222161878793678,1.47112514124789,2.54826508158884,4.093660749516313,1.7711866821256486,1.6971554505284538,4.2729116412381165,4.0953822824554456,1.4696128170191127,2.1503544925278626,1.2458802347293338,1.333928967886375,0.9483054682119394,1.8254521987318275,1.23847210811453,1.178041458493917,1.5179422114164383,1.4423671059043461,1.2705158592725938,1.4075655501624629,1.462495155518639,1.4628306185848132,1.597196143231161,1.1942075044068472,1.6917418942132663,1.3916376516681397,1.860463115612238,1.6317204064957367,4.680080649496427,0.9331281574260616,0.5799779497614591,1.0038857574034241,3.973278154683064,0.8113882338273195,0.7810451036566035,2.001265093968961,1.3402540798730933,1.1092892327565027,1.197270436460071,1.1787577111062266,2.0410298021245974,1.5625336352658183,1.6515756591018322,0.8059984697967473,0.6933659594107096,1.4161052471859796,0.8868998135123464,1.3740654399439973,0.8005732848518278,0.5913693237634704,0.5623287638100406,0.7113789122476358,2.626912955424136,0.9099453764024135,1.72232110811678,1.2449522758463287,1.0878014764181614,1.1039906738710032,0.6764259210637716,3.749084771438765,1.2267684921056399,0.9788820680211787,2.084224752439884,0.8493268179706146,1.0874972921506263,0.9546112736828738,0.643827551167685,0.5267887182116087,0.9664922551787463,1.6873387060863207,1.817988964335138,2.756252967812015,2.589556123885212,1.425611267331993,1.024774926038878,1.7753294936643291,2.183945458699603,0.852919016540226,0.6516005576480766,0.6193737467296272,1.9131526093027804,5.079794105423278,0.7738879579392806,1.3972101969752253,4.625438495014656,1.4856262840863912,2.939739003083614,3.0774397199884707,0.5827415087258008,0.5268148201809524,3.552186476083879,0.8842189682876987,1.1366446025971069,0.793893441267357,2.075477640600954,1.8426644647090387,0.9727736290978153,0.8900064327578752,0.9433677620904335,0.8073067900682299,1.027694717323779,0.6964808131559616,0.7833983813338126,0.8744770177104987,1.2422007560832073,0.8114868413369741,0.0,1.785134716486307,1.8616826274825513,0.5423639722765747,3.1978327880134247,0.5769813005323996,1.5975535268041927,1.09714786030479,0.42739719226615286,0.9914022834863111,0.9192981457230229,1.4122590636273964,1.1022275813476576,0.6018838000509501,0.6786860371288529,0.9244051390589192,0.6190651447909553,0.9067741618434783,1.2651014559932834,0.9938636919496175
SP:78,1.8863957798120305,2.2211561204578305,1.693768173379751,1.9512103761664374,1.8039241649345537,1.4147556077659003,1.40651745100547,0.9479557551703718,2.811942045189581,2.5859423436205673,2.2240675595289563,2.668201672876441,2.880961070664015,1.9821103268175377,2.2401044749008023,1.887753645493306,2.605323501032629,2.371857284824931,2.224005409523514,2.2345943268330113,1.6136994067854293,1.6233687398305865,2.1417708896735443,1.3317447206413442,2.166068885884869,1.9171866398914543,1.9921903006089883,1.0854528793088665,2.1345428959252017,2.281314385382614,1.6422296305927981,1.169722038508618,1.3509738055842246,1.4671492315390493,1.9178999622488397,2.69015068189307,2.1168153294737384,2.1400335021904016,2.202924152196388,2.7505384438813185,1.8127158841757516,2.196673272178066,2.2301571866168897,2.295161323934889,2.2100331771483264,2.534871886759008,3.055286655999442,2.3462813750898572,2.598897226510661,2.828358016758821,4.3235957501154605,2.786874622875583,2.9791948747085253,4.706051863375416,4.558488288103066,2.5362319970434974,2.588495789090331,2.1849181397679325,1.7370815137233833,1.9839541039883068,2.550252803293048,2.5553364594706682,2.3884443464286496,2.6419979698712237,2.4992025208265325,2.555499063896143,2.67143970308898,2.5553070377550395,2.2198413192733093,2.6926846113404532,2.492234608635632,2.750610789253999,2.532303071120716,2.9158048235362997,2.6525099652799353,4.732180301953867,1.6295694842551003,2.0332403059277877,2.1498747216146934,4.408267515196146,2.1972200615376636,2.166714747774183,1.590066939870475,0.9138742927351649,1.6481973710084146,1.293269187171174,1.4390189380928506,2.939612451493937,2.026117861686319,2.591730593981447,1.682793639783758,1.716512532100581,2.155713403756253,2.3509687711632408,2.520764528573388,2.269392063448303,2.0246072361333938,1.8707438737824569,2.2749997389760295,3.3040488413033615,2.3766381736110365,2.899484769611549,1.096633778226697,2.2929730982021077,2.392964358607512,2.091240640207007,4.323518125607818,2.556110827691311,1.287965144814613,3.002498631565649,1.8325393819998432,1.0424775564608202,2.5081066443564817,2.0830602165099723,2.0287189068672022,2.29889197577873,2.3128547353139663,2.339676419641978,3.388461495040299,3.3704227483247884,2.9622601810383085,1.2183697553650705,2.6658960031242733,2.9010831487586786,1.571005214922318,1.662150167321867,1.9179298948284342,2.788353703758756,5.835445788377071,1.670633842940428,2.0212705478450714,5.189611575686448,1.6524149331209486,3.483240969253218,3.7928715346895605,2.043005125875531,1.803267725618049,4.034473346889005,1.1084565645970241,2.2579779029155187,2.253687372991404,2.891146945837474,0.7082261086531507,2.328920343074926,2.2973483899282368,1.1522793064060755,1.5276954693500346,1.4874616627181692,2.1877000662356574,2.1608119393915213,2.3091049669989236,2.5015823064224723,2.349332516414302,1.785134716486307,0.0,2.565434724470853,1.3584684772190443,3.742909016023613,2.1563488625049603,2.217886379944821,2.6411832229435133,1.986504332151528,1.9386604763698239,2.402729424859689,1.7155271695167051,1.9159589961557406,1.563933685844165,2.2458674956004145,2.3917723820482593,1.9781430202208796,2.1933889230338997,2.3253380983413297,2.600979348386086
SP:79,1.4416371155607752,1.3685557916929374,1.706846714528109,1.2682826948831945,1.378395783777227,1.7989709550810746,1.5319674386631617,2.558778227954501,1.5658366819852394,1.350462055016638,1.1911306739650125,1.2404757597586902,1.1432125125325228,1.3812027752199063,1.3040163275128882,1.3546934175845984,1.308207145206733,1.26544829956059,1.281284971100931,1.3044822944228882,1.4291474240164468,1.4652480005609883,1.2070534740616516,1.5852249854879388,1.11715922776335,1.3516513447973004,1.2890665197525446,2.0254678732335933,1.2331098968774026,0.9009734158738043,1.2317835002666353,2.9496789464016606,1.9930045760295443,1.967799965035523,1.5625973532003408,1.9366940468517553,1.8694881147091205,1.4866532768188472,1.424107047156272,1.3620256135160689,1.659418674019285,1.3954084101896307,1.4890861184442468,1.2050737020210411,1.356396253826635,1.3521732929993018,1.1817651853757496,1.4534766501047907,1.4662095621221227,1.2754370159879984,2.5009891175767405,1.3896583502623772,1.531144283632578,2.7322746152846356,2.516336244199581,1.2464746739307506,0.705157654376146,1.096883735250726,1.3265946618869464,1.2900764830068685,0.770279995971117,1.322660239378751,1.244109920246634,1.2295830050963021,1.1774509824737223,1.3363410696294766,1.4479599168400497,1.5305772656830239,1.3359051522722432,1.114625535073039,1.376404988131932,1.26261417066141,1.4268506300793062,1.1918024459980405,1.2856140386883474,3.083618412790395,1.5993992907080576,1.7386646139305326,1.363661680541994,2.4074574597627674,1.8362476482153118,1.7123662041930303,1.5231309133419721,2.324098111632131,1.3652372294930761,1.6708608292671634,1.805137182836506,1.3133859294322954,1.088857690634731,1.040775943518786,1.4445143819982689,1.6003842767877203,0.7720391493605917,1.6364292445023048,1.3224064423134136,1.6521920748465064,1.6855185685802865,1.5459279459735054,1.8026489700409387,1.304367899690596,1.4642140972828264,1.210487128148784,1.9541573601355964,1.1531703245766343,1.4027897996328407,1.5220789265968717,2.2898647321683407,1.2324981906630426,1.9228556686710436,1.1145425335123558,1.5734808853401776,2.037649570147898,1.8168562530835004,1.616600093383619,1.6053885279505944,1.399480265915229,1.4116509076727324,1.2147548781093211,1.513720327792452,1.4793260734830684,1.8345883205996258,2.0308240344802213,0.947191250867883,0.9524484700545468,1.277892244091362,1.775274171443424,1.551284808634908,1.0590346406934117,3.4924052426327634,1.4350615609005235,1.2522555973001293,2.9859699532810637,1.9570092429089594,1.5357670900414822,1.8163367553970169,1.5779100357957103,1.970702666933496,2.1355161100676625,1.792183334754639,1.1839323693773962,1.9321049166727409,1.0624814367033453,2.8692533914490372,1.5556772414215794,1.501850571848869,2.076937944191532,1.4130558319656599,1.3022512409624298,1.786844658124747,1.588787746588832,1.5685703143125775,1.3788842780954027,1.8720578009474775,1.8616826274825513,2.565434724470853,0.0,1.7431080992752612,1.7778674765149918,1.521114439218704,1.3739978469397982,1.8860105371907785,1.637462525013739,1.2521746522811195,1.8530837233645043,1.213161718598277,1.451604755423168,1.9441217123900392,1.717132396533395,1.8210191501701634,1.577073754864463,1.350549344624775,1.2246129919163868,1.8163825718279263
SP:80,0.9862549305004206,1.1486678916160995,1.325694972273581,1.033226507463925,0.729165692855382,0.6803093800964367,0.714441408453522,1.4986192026841552,1.7412510490456758,1.5675195987783992,1.2253929376814003,1.7568788327285771,2.238547556556361,0.898781064667482,1.110906906790514,0.944659589760556,1.5126310356682584,1.3013503162129239,1.1235755101949805,1.1478991728694514,0.8182249792164985,0.6633563256119279,1.1446519365856884,0.5946844924908623,1.156347807367311,0.9984963926093965,1.0985366228750177,1.3312430950992682,1.2202122492500354,1.4846560196629657,1.1799926336442756,2.1073276530547216,1.5427668329792212,1.3844581192000658,1.553443698774278,1.9583656508206917,1.9098563952530085,1.1972045375032334,1.4094607538727886,1.9177756554816017,1.3006295531877252,1.3522946600365104,1.257929226117234,1.3119050031137642,1.347482456689964,1.6124336891537516,2.349016985882034,1.4478513408494735,1.592547204522676,2.3408246056073736,3.884144085516898,1.863677772296768,1.9096924648937441,4.165621931904724,3.9599672628713503,1.5557491078832402,1.9611669345384373,1.2429205380342023,1.1502156223219107,0.9626806007032587,1.723846879026167,1.4359049643326607,1.3106342689832988,1.6466588439077827,1.5064045149630965,1.4638172339974267,1.5932872225505428,1.5814280220489214,1.4390901741424427,1.6970113564533118,1.390164687112438,1.7641387645669857,1.5323377618609368,1.9220601065361618,1.701535424188581,4.446934119232466,0.8110838629574713,0.843734948368247,1.1047723723787353,3.8359501520367054,1.0682941138721105,1.0276068714804565,1.5865141260695685,0.9636236358480039,0.8417844383793854,0.8478690064853704,0.9133420392115472,2.0215714424310223,1.3438966145930882,1.6365962911504892,0.6776481084572872,0.733708696809095,1.2730881158943235,1.174929589563999,1.4595626917424498,1.0796710581377014,0.8498332103396626,0.7101432121612854,1.0713161269508835,2.5296608754921626,1.1790409606120908,1.834537695811572,0.8707457995554164,1.1941579474618969,1.2528084946067841,0.9105521577924959,3.6565689514563684,1.3931919006865527,0.7653270934736794,2.0923007287643154,0.8381679474057202,0.7747802701901927,1.3058950962150722,0.8983068948116769,0.8141354807221358,1.1385356933351112,1.6065173888999726,1.6734384919484984,2.663040142438421,2.5541622710187113,1.763292330129434,0.7351776308580618,1.7525511506705314,2.0953347364155306,0.5765152061841002,0.6071566508497273,0.7868412609243681,1.8955295231946865,5.069626005185086,0.5870220674373201,1.2887052599780449,4.542462679909083,1.281835555695761,2.802964517730745,3.02465565441127,0.8000311698563054,0.7426873892839844,3.425418178105244,0.47172774344923674,1.2144869351282475,1.1169234226998224,2.03524470533761,1.5307999052422294,1.2096913570270735,1.1427481331288232,0.6883349633670609,0.5091524545604601,0.74804223419309,1.0130626557814015,1.0067994977793944,1.1261964290308168,1.432447281011017,1.159607420884677,0.5423639722765747,1.3584684772190443,1.7431080992752612,0.0,3.0828658601390653,0.8813379620015549,1.5184349669693102,1.4483722035390982,0.7119311934441908,0.9474132434516371,1.2605478529473555,1.1320718851349105,1.054773959945631,0.5659911793357552,1.0210419749826196,1.2019029607514822,0.7907994942163469,1.0646230357727366,1.3127184148853295,1.3758011728394322
SP:81,2.6661198398793715,2.6360110356567623,2.556269610240078,2.5372606030695533,2.7924911984187153,2.9736864540556973,2.7477547734679404,3.5693285715763663,2.7547940695857633,2.582567111698695,2.619776009425861,2.3589023265831193,1.3739386061945669,2.734692981057813,2.659056041666205,2.719306498200489,2.570537149915845,2.595001081099856,2.680533284271608,2.692267897040431,2.821268321079041,2.835000717435763,2.608607496479277,2.942239914082698,2.4702238414664723,2.7094750576302737,2.575320013574859,3.129315599913902,2.489002363459682,1.9323404712344407,2.5466872162194583,3.886472434862068,2.7421841235423288,3.083068400798691,2.2535693736299414,2.5054740204257415,2.847002117534526,2.5297068699181504,2.2549352894447274,1.9542859831598716,2.6445827952785286,2.4453993610780542,2.605629210455486,2.4145498207014504,2.6635375879116485,2.4617332823388773,1.6432612128024695,2.682756749752473,2.577557053148589,1.6259320423771526,1.3892407084561336,2.4679058669230227,2.5506289210367172,1.6411909902377582,1.2986502280514016,2.580799032949938,1.7576203281197453,2.487594954327657,2.715450808630314,2.6555264859654084,1.8885056509854623,2.649972418746518,2.6280572802804887,2.5703155064775296,2.5528704175565426,2.5617837271854587,2.609872512997563,2.620514810993432,2.463519179736486,2.3349956570146446,2.6017994387344605,2.2970488540720604,2.6132014090128686,2.119719520401119,2.3453663808898866,2.1064972776560142,2.755724344914797,3.144044323388531,2.596210195473044,1.0610657722789179,3.2753842097222825,3.03925546529824,2.4101291600236703,3.3616872121147474,2.776711882593114,3.0318365358139,3.2165261992691336,1.38667407767056,2.169558990784509,1.6522999935134464,2.825227893706875,2.946724043498946,1.9293629511996688,2.7768435179729236,2.378814963260045,2.828234399504391,3.1621574513242896,2.9278310656340385,3.0584063521935736,1.0176324526954141,2.7525898576297956,1.850443488789232,3.000807375781683,2.4183667361875276,2.7026000794103164,2.8596533016829033,0.7104149304707127,2.3251220246530897,3.1433966948536343,1.3813812218230317,3.0378555041229056,3.2672496923214998,3.1070888723525116,2.9666325876438537,2.9362920575645877,2.719494958183479,2.594602802777291,2.0752686133831837,0.6503281021752401,0.9314230822252041,3.11224621301092,3.1551242888905096,1.583023098474612,1.292980997611482,2.7697771873161314,2.914420099320279,2.962879695204227,1.495690191383023,2.3176171533357204,2.8241199207777257,2.345736646498501,1.5474037214778695,3.3133995366479767,1.0353461382964129,0.9268173292189034,2.981940268423325,3.1355159138569078,0.5765700789473128,3.1011502190406395,2.3300888949253746,3.345481041015538,1.4731954982283002,3.989239134452363,2.7045058835296434,2.7648626743850864,3.2794132846580992,2.6677706536541685,2.7428790557044103,3.2052672874383594,3.003545763874452,3.073586381065155,2.446034729777357,3.1311299218253095,3.1978327880134247,3.742909016023613,1.7778674765149918,3.0828658601390653,0.0,2.8886499035188584,2.0222532988155306,3.1914742758896715,3.0112104004997167,2.671339348092588,3.1453282664584448,2.4221780495219383,2.9238827415479407,3.169976253366345,3.1399491683517073,3.2426504125032505,2.9914062790850333,2.534554212932728,2.385246461306929,3.0071548015128826
SP:82,0.953402137822263,0.8063550244970186,1.6391650413195598,1.0005396407233296,0.7665064929711389,1.1357167248483728,1.131696043217141,2.2276795276782955,1.287662522886905,1.1916411704426664,0.8808445568925395,1.457353309141271,2.1813375569425246,0.6198621072306515,0.6554876087785034,0.848303906789541,0.9856027058173416,0.8678360739273051,0.7136323697902421,0.7977061299441037,0.9859938594610077,0.8047540648368463,0.9144020248717009,1.075889332564731,0.8912533317391748,0.8953099674525689,1.024747857995683,1.9896752746001714,1.0893316677156757,1.440103533523392,1.5285214708193522,2.8301314356076017,2.087972226663413,1.7594557021785768,1.8071332644592208,1.82233454585174,2.1045914799887147,1.0573475448357572,1.314647069337899,1.6714138546953674,1.5825268402179413,1.227836494881187,0.9282383762621595,0.9702503239545986,1.1461276571020262,1.2512202994808632,2.254270595310285,1.2214821420521096,1.1576141222058463,2.3692421448705834,3.8253770546684454,1.4661029708695852,1.339575550605543,3.9807292245239916,3.781649850732025,1.1747634170612709,1.9308673168216608,1.0221331552234985,1.305117071290217,0.8168000355172422,1.5723987336784901,0.8230019152610714,0.8484749241887406,1.188957094318138,1.141783908416183,0.9100116492187983,1.06028170221777,1.2048925059561721,1.2835856236362742,1.2358577425154522,0.8489403698417097,1.4009142457424635,1.0890606994199505,1.5151802414215627,1.3637778231367086,4.444689451493444,1.0043736487455,0.578089226982829,0.8621935194455571,3.6739733840262825,0.6664235557452197,0.5620355548918771,2.055075987445809,1.745717325247066,1.1083353387330528,1.3583702529765709,1.3280552147117146,1.7374739029373667,1.4303571572316094,1.3312196693197185,0.911984320151895,0.7978737368816607,1.1828238660512127,0.6520423894450678,1.0060492697883088,0.5499368599518626,0.5230259666990706,0.5477432181432111,0.4982235693354432,2.2814225305002576,0.5172542987665254,1.3200667209695953,1.550817834279889,0.7741040960112918,0.8042362831347671,0.4176410391011311,3.4133214928598634,0.801209407359708,1.2985029179048957,1.7203615827630965,0.9401261630756726,1.4363505948275677,0.6528284337428489,0.40647278197016007,0.38245133831085626,0.6824810071539034,1.6008360419605001,1.7332719988804721,2.4665142003351646,2.2572467059758514,1.0382531933874344,1.3976820680080209,1.4434471773683357,1.8800428304489922,0.8885591995141602,0.9292818184059771,0.5564077651020974,1.6197831864853895,4.6762579465170715,0.8731666201970215,1.2961848897933979,4.25658361332275,1.6370235492970613,2.6537041267059855,2.7497307827654756,0.34079924502091063,0.909614830805219,3.2577818124810043,1.1718683696665477,0.8317167860179672,0.6360693535760614,1.7910791962726051,2.264873047227067,0.7634487975881153,0.6597813394555898,1.3427094590881912,0.8773141977993588,1.0541584085778821,0.5660671667320227,0.5456927440637779,0.5387485396337147,0.9121861190552006,0.6217129409426797,0.5769813005323996,2.1563488625049603,1.521114439218704,0.8813379620015549,2.8886499035188584,0.0,1.4937072846843702,0.761378102979521,0.34401504194651866,0.8993904023384527,0.7040216189802363,1.4351997452203547,1.0566363405199743,0.9907181489911426,0.46269381755876277,0.6819852288847725,0.513824338766862,0.6832033972099798,1.0521267502444192,0.6736697326751006
SP:83,1.1893753093785746,1.2070809840754597,1.2209730426623682,1.231362508093427,1.3609636288685067,1.3970609650140726,1.2580778412832194,2.1075748686576286,1.690881431773667,1.4732243195498738,1.3919558853426983,1.4798717371784844,1.6009432663736232,1.2638941555063887,1.3564227357524894,1.240848562209507,1.4709207199557526,1.3456287176326627,1.370874170949294,1.3659132358319868,1.3286273239594526,1.2932073416770842,1.318081121140459,1.4066817698264538,1.222788100536573,1.3173004569579558,1.30227940971307,1.8430647839656753,1.2629970217658126,1.0798387592260137,1.428518722102022,2.56872659535483,1.5295558158250697,1.6352569907600991,1.0750653891725455,1.463478551951014,1.8816423341677748,1.1866437339784914,1.0013095630078024,1.3780409466700807,1.3556435222931054,1.206221589869073,1.2054175416319675,1.2567357433621102,1.431004623650279,1.4339298651763943,1.8699247803582406,1.5691872738963968,1.5440879168624206,1.6971096507450143,3.0417598305205127,1.556116589904117,1.6937683840536644,3.141328274547735,3.0143609310160304,1.5265520170045235,1.5724171032401013,1.2755666054279091,1.4310234854607764,1.2568276799419322,1.402930730773949,1.5329049047440855,1.4441479700634094,1.579248223147182,1.5258238721827102,1.411078123820678,1.596724776581335,1.5222103047529012,1.3614065353058755,1.4281463443610307,1.433929966149627,1.479078552132483,1.494092822959053,1.4906876386963397,1.4037355546954389,3.5064139276533206,1.1649867151371682,1.6646936032308617,1.137741192788803,2.7618277497598047,1.840377042727407,1.5121514728203198,1.4678462558952277,1.7412335136889032,1.5526347333652877,1.6158337403472647,1.9385931919446175,1.195564690156243,1.1140175128203889,0.877280693382496,1.3707745541430925,1.4383346963207702,0.9685115173136917,1.2322248692837179,1.1617185536540933,1.3279357770129567,1.7026200512371523,1.357391407208838,1.5469548173043774,1.7120151409757671,1.3373287103143603,1.0935349883624679,1.4048119255595584,1.0673629185072018,1.3360328828954402,1.329213264545499,2.576845766269709,1.115534209393789,1.5587074633925984,1.1097891141050273,1.6049756666035253,1.6376729858782897,1.683925257377622,1.4515961246558087,1.3736848991216184,1.3468049349197928,1.4344588946700099,1.1219789849042137,1.6364253709756327,1.5159522176704328,1.9352273226229237,1.598527282414985,0.8975974313050785,1.235313108925773,1.4211963722827112,1.2904696633936314,1.3989016397113128,1.180435438834813,4.004955897546964,1.3493733482195955,0.9057504023244551,3.4035221287891178,1.9637866419228585,1.9602710181540854,2.0749354078268727,1.6041639868416395,1.4881430251201986,2.331033912539924,1.5643984913762012,0.8912564367633196,1.8890480376750791,1.121578175918696,2.3970133873006287,1.1340949374468843,1.227117378017006,1.633174005136602,1.188113760435875,1.420614905352611,1.7284326308231133,1.5260762453406662,1.746138250689896,1.02479389032474,1.636827763655979,1.5975535268041927,2.217886379944821,1.3739978469397982,1.5184349669693102,2.0222532988155306,1.4937072846843702,0.0,1.8423116724221822,1.5209546264496934,1.396285823613108,1.6196802481477146,1.0923918262588206,1.4659640508017895,1.5355371664923094,1.6856106211755095,1.9139953260663627,1.4799323141012328,0.9726414792121534,1.0017655398311054,1.6007670280743558
SP:84,1.4778306584749688,1.113429597547622,2.193264456059517,1.5373286153599737,1.300106404089164,1.6856659618596213,1.709327760208368,2.8125537623921373,1.330817651394906,1.3362998400950201,1.172310722948912,1.6660306587405096,2.632924781637489,1.0554013097002564,0.9773911262214943,1.2588421749835934,1.1429128014268668,1.1224618974105018,1.0178483313065136,1.0826274359622987,1.4346478639250733,1.3258877808873863,1.246765423946928,1.6225318634495993,1.2665730547717253,1.3087711558885315,1.4649753370300074,2.5874130060056753,1.4578649644915351,1.8510605184037359,2.0406056388570653,3.3824726044822353,2.6067036627304367,2.1515098971646673,2.272647181765354,2.044178129969244,2.3506539062403156,1.5155666714724796,1.778693422038656,2.042327665006865,2.153854199321267,1.6192898126294428,1.225319420713431,1.3210816801508198,1.4240465783332967,1.4728930602980976,2.555818227772378,1.4500443580346263,1.326087111247554,2.731532354997089,4.1384267796723355,1.5683588782302171,1.3494012773347173,4.171693404781572,3.9998642947285172,1.3594606739087574,2.347755128343769,1.3326427063131283,1.72209641572447,1.2134980186579079,1.9086662366241576,0.9491960401267321,1.0809423678427863,1.3254831778143417,1.3551649221115691,1.0637497735681793,1.1894263646441219,1.3944032941801798,1.6814874676903835,1.3609318663941676,1.037451496581979,1.6112455374865609,1.2236941338855947,1.6777741780636053,1.5521704349371919,4.821970548173092,1.5051276588296483,0.8427619349128357,1.2065390048990694,3.93219386024438,0.6172612333891698,0.5720227006397881,2.513812168711506,2.265128042934085,1.583675457923806,1.7922943389829022,1.7796566165846992,2.0418600593602827,1.8583840208718245,1.6735641328695918,1.4262833259214454,1.4236438779021918,1.6685621248555784,0.8003073831308763,1.0035112467662874,0.7502234067346348,0.8343256701644628,0.9650589588165704,0.624840834419565,2.570925731154241,0.6517058513726911,1.4704849550212284,2.122548511603141,1.1102517593522527,0.7318516437081407,0.8060601089018777,3.654296427986671,0.9359576114007891,1.8948527143031548,1.902090270012312,1.3726652613817452,1.9888621582755308,0.29998113957548045,0.6267916229131528,0.819568021535054,0.8134502169547452,1.818591062581701,2.0889966141015144,2.7823835176331486,2.5233993872005263,0.6369493098306134,2.0108908789834596,1.7968791068436865,2.1538450569178464,1.4358051084860188,1.5016817731266587,0.9216189107724777,2.0802173737273018,4.790422171152408,1.3301839940264475,1.6515815933086557,4.443782245013747,2.053427411139998,3.021695001048175,3.0489313322457634,0.7927787066480666,1.453721274599261,3.5220197171249414,1.753778503139212,1.1433273572391034,0.5789497550712126,2.068078742398538,2.74635528704036,0.935809553216946,0.8513584870803298,1.8359302142240586,1.461711544674391,1.6726735363051106,0.6161556918459766,0.6059076471448831,0.6791856084305554,0.9648497539342108,0.5232703664486688,1.09714786030479,2.6411832229435133,1.8860105371907785,1.4483722035390982,3.1914742758896715,0.761378102979521,1.8423116724221822,0.0,0.8130196072268371,1.3532026621106166,0.37343532090178017,1.8367400845895625,1.2581114007279262,1.5457938142487002,0.5583972679258894,0.5969234987686777,0.7806923176382468,1.0731150631207151,1.2642759268695085,0.4376296768353835
SP:85,1.0373667630646917,0.9165065454385116,1.6854114055869762,1.130701742310286,0.7843322561170734,1.0941242655766599,1.1097131716979622,2.117830510778221,1.3890530940334676,1.310244880734942,1.025080922701443,1.5952367374959375,2.3018053405129986,0.7012626199086813,0.8090483576460383,0.9000255910507393,1.1655093236870455,1.0038725310715422,0.8140977686480653,0.8469899642123875,0.9630094057817077,0.7918275521384749,0.9948126290030609,1.0147201437185502,1.0079272801654497,0.9696602553157865,1.1452390126000014,1.9343335167098927,1.1810728942949738,1.5060976068668992,1.5014345600006518,2.7450827177184527,2.0400041208259747,1.7245475768426517,1.844545482642582,1.9590863554471312,2.1001964014693786,1.1867266486041224,1.459417140955815,1.8609523734639486,1.6225680180275925,1.3697517994295116,1.0783847072929909,1.1480776520951572,1.245552618670086,1.4338843680725335,2.308381884386707,1.3464970124914946,1.3583033098016655,2.43960273596573,3.9126036841214407,1.6243043394029406,1.5320563782250285,4.0922245899761185,3.878002118267923,1.313296392578565,1.9919644264682805,1.0974715647301112,1.3127520470577507,0.8535315865510277,1.6430221049750124,1.0253923603624915,0.9950509566052573,1.338729726739727,1.2681644439908943,1.0989361910545272,1.2652364906213658,1.3755632537577902,1.4455527825855943,1.3983958367367908,1.0523236908835145,1.5411061597584472,1.264589023719728,1.6745024886443856,1.4903053916335844,4.542755401049231,1.0217169745462216,0.3798009622723797,0.9097492435419856,3.779921063523724,0.574163013572366,0.5662141797664751,2.0009632942545204,1.567934123577279,1.0496028100322559,1.20997875070882,1.1682859725690544,1.8480161761465839,1.4641686006244492,1.461453821313655,0.7959592172383004,0.8806520151821157,1.2513615234796527,0.657951304584525,1.0652379268083383,0.5596120261132097,0.4749677651720781,0.44319404215373526,0.48643351556542597,2.38727778360699,0.5947264510967121,1.4811406536579441,1.4495446067916584,0.8960563752269768,0.7885397870510902,0.45096866791588347,3.541554885292054,0.9440111038675082,1.2615790556559279,1.8388688876846047,0.876979690380487,1.334364633521175,0.6619317382036819,0.43168123647384654,0.3861376370270746,0.6936384933686378,1.5544394821257468,1.70561445238973,2.5729906415821984,2.3801176920646343,1.1636373100176267,1.2922801510786668,1.562516821104747,1.9881216040484586,0.8018555908575489,0.8080484775384511,0.49684488600897503,1.7653506422353957,4.857707047981748,0.6856026850555549,1.3297304223420627,4.40913639007514,1.5198948267059953,2.7696615791361974,2.8746820159726467,0.3667335046515565,0.7994197060456006,3.3590838390453577,1.0527344025411793,0.9268568335911066,0.6234826021779911,1.8698198064706169,2.1154294114010077,0.7931802116738516,0.6907478906677006,1.1789467187691707,0.8290369774566114,1.0822538618275295,0.4533243994794694,0.5291103955368713,0.6717290621877621,1.0086469448407787,0.5398681164005276,0.42739719226615286,1.986504332151528,1.637462525013739,0.7119311934441908,3.0112104004997167,0.34401504194651866,1.5209546264496934,0.8130196072268371,0.0,0.8659034080864727,0.6946383353040494,1.351667209530929,0.9470155616559208,0.8716641276831739,0.413265854434592,0.6521031793845055,0.3784636304136831,0.7448922753204652,1.0297498839703463,0.7385553673162663
SP:86,1.003566391141803,0.9107987795498766,1.4798191727092507,0.9997916497741698,0.8665613803326677,1.2584590926883703,1.1000258552427864,2.0834461114646694,1.3079982673423631,1.1292455334888545,0.8850416852183054,1.3185019604156047,1.7599787435972507,0.7776575761115765,0.863669195602154,0.7488000279405445,1.1013452911620836,0.9389715724906671,0.8051356981266122,0.8156022281183145,0.7255517129197184,0.8010869631434206,0.8199697715598399,0.9381252443713662,0.8399920356574719,0.8802657244386173,1.0587251870461178,1.6800092484562825,1.0451233606056922,1.0836388119967126,1.010616159401201,2.5704098036983356,1.8565688361514898,1.4202443873673385,1.6292490297096618,1.8635269007847877,1.7763538865776505,1.276406783670732,1.2747882517754863,1.64689791100731,1.5300528446223063,1.314142263938391,1.137125870875138,0.9750288917605392,0.9684181163680492,1.2823744455737736,1.945354003048287,1.1649655223148956,1.3348059118585116,1.8466872808705075,3.404638595521753,1.3444296601453352,1.4866561815562689,3.6196856070140706,3.393247587255065,1.070220804195157,1.3810964086448276,0.7563979383431901,0.9074223476688726,0.6511475952276655,1.214382868019695,1.0676783880670178,0.963674878442318,1.1326520357511896,1.061925573992825,1.0915227291934388,1.313007915234746,1.3537951725924906,1.0991134317312066,1.1303670220699957,1.1225353948699255,1.3721756616137126,1.1566452287898021,1.4108815219947024,1.2150865348097943,3.9154016568015706,1.0488170397328156,0.7922493622992591,0.9273842231729961,3.3069939193453766,1.054078035152706,1.066589956269339,1.5752738534025765,1.7074161676554032,0.7597883750465273,0.8078851737291818,1.0210909797900476,1.7878908240942175,1.0852527298736976,1.378911902919136,0.5109887269030614,0.9632183536464529,0.9265943469760425,1.1550034204850084,1.2882807046515716,1.1098129521891067,0.7616713895270008,0.6763471196573718,1.1835026082908735,2.1378924346695505,0.9671513070496626,1.506640643619751,1.4692267431534647,0.8610742118592445,1.0265957663673149,0.9447502616573981,3.2107378913753704,1.1672888376453507,1.23316852490052,1.6722449204022027,0.5587791489845336,1.4125907498116639,1.2021316357228342,0.9559974077558404,0.9459107982599582,0.7374351127400964,0.9850073668962738,1.168054228516455,2.244852417431831,2.215334119786331,1.3744495330338378,1.4190659261170764,1.435427103523773,1.646171293616629,0.7519680257305742,1.0028704450717145,0.7381758120137919,1.4736634204722794,4.434431329583514,0.6420322166765423,1.1862827039922608,3.9863073022534534,1.0171188609291413,2.3302052467414778,2.6120294608695933,0.8354682809341915,1.1057913203847036,2.964739608309906,1.15520781041367,0.9842403500683905,1.1572036071200857,1.5066531561771335,2.1483416676049676,0.980441842521576,0.8752836799619779,1.272217453535807,0.8297684780285057,0.9334912577480686,0.9839566389530644,0.8985373218414715,0.9696572622619589,1.1425713558792678,1.198826263841099,0.9914022834863111,1.9386604763698239,1.2521746522811195,0.9474132434516371,2.671339348092588,0.8993904023384527,1.396285823613108,1.3532026621106166,0.8659034080864727,0.0,1.1999208386948879,0.8694306280464279,0.6596130827577823,1.2909005246873282,0.995918885697428,1.061085191421463,0.7905782044289104,0.938023649073199,0.9248582797287807,1.2349339058286053
SP:87,1.3262275166793072,0.988505810381076,1.992375955127343,1.4137416012689914,1.1814508401573527,1.5001987034160604,1.5338667211511212,2.5853263578127668,1.2902453569788306,1.245362786920818,1.0768329499090792,1.5784521741471444,2.546178622702032,0.9152463782520102,0.9006924705824814,1.0649214870462227,1.1288069738387803,1.0549241559162772,0.9555002409921945,1.0055455085055351,1.2334673699587182,1.1370469211295635,1.1537616823490011,1.4246584540255314,1.1644302019667645,1.1459584182276623,1.3443485345466895,2.3762933495535874,1.341909607965827,1.7522880999907895,1.8826785640043064,3.134975265407566,2.3830787260054502,1.8842904278929395,2.0759933132473214,1.8772396286303874,2.159042690062047,1.3893905220676304,1.6053326291182377,1.9751696751311498,1.994589080539708,1.5006420520531167,1.0837036935243105,1.220013641870776,1.2729345462992725,1.4046382410638054,2.5241134471519606,1.3247830537964052,1.2855587385341758,2.609511054423251,4.097620522715321,1.5147511850104192,1.3570651049346119,4.12956901204579,3.9757340782490465,1.306617248586875,2.2736497074127384,1.2325573847382587,1.5520628890222727,1.0510666976597156,1.8619731972449438,0.9770862309225994,1.0738704098889147,1.3121240476511824,1.3488398394576528,1.0443111791173953,1.1907701949917386,1.3210354173536734,1.527268916306586,1.3154610974987204,1.000140751517292,1.5606058534324914,1.1351575174024664,1.6610194496761541,1.45508892680111,4.728173338943362,1.3038950218231553,0.690849986342639,1.0163144127148038,3.8791888125989646,0.5647653005413937,0.3917942570676891,2.315403128366654,2.032214369878399,1.466682830260908,1.5893067643263767,1.6672368622667544,1.9963170812683153,1.7001240412953444,1.5998474802193443,1.2428264991864206,1.2429242100004227,1.5565443322985135,0.6430219219895803,0.9531481109973189,0.6074685714008149,0.7138102774261077,0.7446123015595588,0.5324777845958909,2.5461216997647576,0.5626601627777501,1.4374474788342522,1.8929859992793936,0.9970870908153877,0.6603438291823429,0.6428257559349955,3.633252681432286,0.8990708112959577,1.671279762921136,1.8420723651082715,1.2055934571227525,1.754046939044938,0.29490778707013143,0.4718086680255446,0.6621949852600375,0.6659398011224399,1.613392855963875,1.898257428613316,2.714888821790867,2.4837029662073737,0.7853768845922338,1.8115141012596525,1.7202239019193664,2.090177548673306,1.3047678230188595,1.2953871189397017,0.7072372705071227,1.999303173181597,4.820151391230304,1.1637405528049862,1.443207748606361,4.438918841389476,1.8579610001467997,2.980106130327462,3.023343446405656,0.7286283176192168,1.2327223246692918,3.4592192941367146,1.5550930481226612,0.9791840077033507,0.5401866808987296,1.9661577020161722,2.503744409517734,0.6944976340815167,0.6647837268229374,1.6096685227715488,1.2728179013509302,1.5224846797520435,0.5250794901682478,0.4532107147573227,0.7007279386151672,0.8093153190852996,0.4184107832302686,0.9192981457230229,2.402729424859689,1.8530837233645043,1.2605478529473555,3.1453282664584448,0.7040216189802363,1.6196802481477146,0.37343532090178017,0.6946383353040494,1.1999208386948879,0.0,1.6237835542357986,1.0514608677812207,1.3637930157665898,0.4999209787910257,0.6567587729984323,0.6162428756082294,0.9001403129091079,1.0873126067830323,0.3952382868112248
SP:88,1.1388316250378754,1.1613517415601253,1.1934362882143075,1.0787042622382552,1.036895158949831,1.2064305217093754,0.978357629043075,1.812404741568914,1.5826586655355654,1.3459928583240817,1.1341054868157485,1.3634568952097017,1.6012188038524788,1.0985140256238533,1.2092711755429233,0.932394578645166,1.419954047950685,1.231468038687733,1.1813171320026803,1.132000283535831,0.8146036825735341,0.9480777554618606,1.0351592756565624,0.9121755407144582,1.0208722798745722,1.0565802883145412,1.1287098532060886,1.375965688446333,1.088263071683243,0.9288232016088501,0.6564730891046912,2.2002738551129846,1.336016944528949,1.220270747099657,1.199697412797616,1.7297367512470647,1.4506387482367413,1.3456225051951214,1.2379977765940933,1.6348607972759381,1.3716810660330434,1.302189392012889,1.2958045689865862,1.1891018897454046,1.1292320448322926,1.4130226306101576,1.7062539962808372,1.3184262734425702,1.5636946922966792,1.4813291641285942,3.047448552157933,1.4850288162265008,1.7605232419052543,3.3201510449406064,3.1175484271844773,1.2953434318753445,1.1942766724663652,0.927468583889375,0.802868540926168,0.8969095002661172,1.13251576292754,1.4636763757599327,1.3018075985299185,1.3929229894156685,1.2930207097196795,1.4170335425831655,1.6174528991447683,1.5684173852463719,1.2131300196491492,1.3452625956243343,1.4358475139482456,1.4556456898896926,1.4202452420449605,1.5390431048376572,1.3212892624920216,3.508063888388791,1.0485183708310701,1.3562545338865326,1.076865515331872,3.0170131990080025,1.571141875989347,1.4504337220388221,0.918723499469841,1.511341346328536,0.9497103933073877,0.8443393894906299,1.3022518864175592,1.7443058062574528,0.9413863996950665,1.3682364801474753,0.8667569931875126,1.2556674415927347,0.9407585820278477,1.4911840625401913,1.3991506278691803,1.4974025583874107,1.368906639936737,1.1104215446063217,1.6243943053729988,2.059800316554439,1.4173494828205362,1.6475908396641312,1.2202010437501727,1.1131888745579837,1.2587338594278275,1.348239795979867,3.0056982527754785,1.4196411180535122,1.276955018832234,1.6339089467939385,1.0444770966008956,1.3252789129675844,1.695556921085815,1.3727616534941924,1.3491915664770697,1.2250977445329387,0.9198899789916439,0.8746912936355973,2.0714640614507007,2.1121886265627614,1.9343178531902727,1.3732333985645502,1.4358472111349487,1.4816905054085436,0.8743345950304063,1.2225299699822223,1.1705955867809756,1.5719395157903289,4.30393406690453,0.8149108615769606,0.920810268948587,3.7241827757293,1.2878995880426145,2.192863072558742,2.546895037854334,1.3785543533733895,1.4260684484903523,2.6959522596610945,1.149214230773971,1.1577560248634038,1.7031841862594275,1.4398531123377967,2.046576235250893,1.3219941774528534,1.2913772693937284,1.2942726378811196,0.8804774748680758,1.009477326246002,1.5080092097901974,1.333870892656862,1.532492087852116,1.3643171720678906,1.6547245794235026,1.4122590636273964,1.7155271695167051,1.213161718598277,1.1320718851349105,2.4221780495219383,1.4351997452203547,1.0923918262588206,1.8367400845895625,1.351667209530929,0.8694306280464279,1.6237835542357986,0.0,0.9038975826547003,1.4433097586326553,1.519753135840478,1.6658508103207763,1.2007447620717981,1.2094975919063005,1.01999314912097,1.7287024439925953
SP:89,1.243764523411029,1.0813267309301395,1.6796984945663864,1.2734652507628734,1.0669395309227068,1.3834965333819864,1.264376410756599,2.1939213107333995,1.4264389461044784,1.237512958020726,0.9639271969794447,1.4384579847419043,2.131959958573948,0.9528237753311833,1.0273978628106453,0.8377985161407742,1.2803836119025032,1.1186418403517737,1.0064567847431969,0.981261652487902,0.7824471255047304,0.9361957079513901,0.9623021544242674,1.044224408529737,1.0231823394722577,0.9648584642789618,1.1829560481020067,1.8279492973466671,1.1635517409883156,1.363878826995498,1.1913675394905876,2.6411528349743536,1.92227134338216,1.351304622260534,1.7396071478572195,1.8876687812815036,1.6266530259959988,1.4941381178285924,1.507064357909925,1.9507879722451071,1.792015783348941,1.4589604512040892,1.234499675858331,1.1930756847922481,1.0319264826686723,1.3990075160609134,2.1362302111607163,1.2125539889159282,1.4496801039407352,2.033856674016059,3.6356797908777065,1.4359626905025933,1.5915193892524342,3.776670671762592,3.604875524696407,1.2127143189885075,1.6790260462505826,0.8974309166209403,0.9404369798854697,0.7664901289953493,1.4796609054823182,1.229926300298574,1.1415892376354704,1.2592451774202127,1.2630055946909187,1.2488397799920492,1.430479087655471,1.458201697287992,1.2860790811837868,1.253041516601468,1.2543508986256564,1.5841039979244782,1.2161893725978206,1.6250102797729178,1.3706663408880724,4.170076791181559,1.1653239707534016,0.7768056920902772,1.059041241003986,3.51267133977027,0.8992644945385864,0.9278028186971864,1.6451663855117393,1.7505028295922018,0.8765304041891224,0.855991443016118,1.1815138518506532,2.025540879174159,1.254019003433007,1.5946499368578295,0.7212793166063487,1.180817672207434,1.2050989431241148,1.154358354632365,1.194250445915391,1.1123394787289862,0.8069407688353488,0.6858009054868041,1.160961569903122,2.354287423919862,0.9713875289677085,1.6647425490726808,1.5931348139275723,0.9941755007382918,0.8615819976693804,0.9202465583205559,3.458266335188546,1.221443006331911,1.4389877541762297,1.8223266085586365,0.6885148081478851,1.489572458023087,1.1216204524588962,0.9189459943158187,0.9718502014710569,0.7052392906754679,0.8482203498292842,1.2992375340623856,2.5022575040688517,2.4463385498069985,1.3720790135706102,1.6298429266676977,1.6394747980232192,1.8464235005756855,0.8660064658210982,1.2273577559845688,0.650799408928851,1.8387136981905816,4.6728512966185125,0.7225224481458986,1.2407359035315493,4.220643568057261,1.181567523900248,2.6275101846728646,2.8821892897492507,0.9370297132094375,1.3163414772375592,3.18653950851092,1.2862341319900243,1.0047541272346092,1.0600154616800648,1.6861983947532246,2.154196989452624,0.9695143117962549,0.8644713575886521,1.328169335187891,0.9812236057818142,1.1617621675474983,0.8728004879290692,0.7292193938972644,0.9894228944920621,1.1295950200242444,1.0965512301166738,1.1022275813476576,1.9159589961557406,1.451604755423168,1.054773959945631,2.9238827415479407,1.0566363405199743,1.4659640508017895,1.2581114007279262,0.9470155616559208,0.6596130827577823,1.0514608677812207,0.9038975826547003,0.0,1.4261810765351899,0.9795932909685006,1.004153542119576,0.6848227378647693,1.060002060132818,0.8828700781097719,1.219776441659487
SP:90,1.0127281767943532,1.2419956500967322,1.401362132425525,1.1380913053418522,0.8793416584816509,0.7649583419652692,0.9210214881448947,1.467662636324208,1.8326529751754352,1.6963029618404217,1.4543420938152172,1.913627934878149,2.394825295028873,1.070885853824622,1.2723239887300002,1.190295822595486,1.6199620741182086,1.4075604165108286,1.2692415600973133,1.266792245827452,1.1706260572953697,0.918066538881216,1.3095571841880644,0.9202486036236588,1.3067452860169115,1.1995063546198126,1.2418817085082925,1.4614745807092462,1.3260646889184888,1.6512505773445838,1.4663014976130482,2.1586609834250168,1.6589085797351697,1.7220207303613588,1.6148401617727017,2.0081411944889873,2.262670074738733,1.1196379133812138,1.4590208642635085,1.9118407110926072,1.1722990195587597,1.3832580044654506,1.3381709789560379,1.4707729079349467,1.5907141088358683,1.749286113620274,2.4597875665898803,1.6806249459545217,1.7118177154334722,2.541172273125644,4.064931734062005,2.021824644318031,1.984620315887701,4.299442150274819,4.12588597856948,1.7320991656111708,2.1748296816289985,1.4790802083871266,1.4716673859062999,1.2229193839251435,1.8922821663436178,1.5699875293063297,1.4272193122024712,1.7940884692826835,1.6492809571974503,1.566077335789051,1.6777798012374614,1.658565782631205,1.6568723936321486,1.8756535642445296,1.4822159401246655,1.849224329788959,1.7143858822874185,2.0345422403980398,1.84836998699192,4.6287099389427775,0.9852924772818364,1.114125126729416,1.1946858045945208,3.9579497551750156,1.333814243139385,1.2244593266733304,1.8567632969381587,0.9642292927082666,1.2732316790379516,1.32204206678422,1.3295400834735411,2.049406267988971,1.5721448884993299,1.7153892072091728,0.9889814803117412,0.8047571574105435,1.471229864113833,1.144583209498917,1.6005767478719986,1.1212593626859844,1.121424138609305,0.9669324306761978,1.1019180335395702,2.649511922127208,1.2753262930441327,1.8559800235965171,0.8588571396271617,1.3182458429893327,1.4221897386937925,1.0163427680796786,3.7289166133387446,1.452587013001045,0.7948538313392248,2.1791835441510696,1.156300700671703,0.8125527517542271,1.4036721117959905,1.06307739146952,0.8828032620596972,1.363666703088633,1.9056524765084653,1.8539584182965734,2.7509314412440173,2.5754831060565535,1.8600543159261502,0.6228973920331041,1.8051282468241847,2.2243829821747854,0.9272028215265096,0.5462908316971141,1.028831011491001,1.9588403525071871,5.142727712972045,0.9208223273925563,1.3899911191838712,4.62731671299663,1.647849826271863,2.902781436934603,3.0665056059711273,1.0632014960267346,0.5946721706958075,3.5417122239669476,0.7286204891955025,1.3397915230213127,1.3295620143796847,2.152791421461256,1.6303623077876082,1.2792426705228928,1.227694453958011,0.8234017326407876,0.8701580847027084,0.9807124133232058,1.2181124807574846,1.2449714419986275,1.304938549165009,1.4889204178582514,1.2564495016311474,0.6018838000509501,1.563933685844165,1.9441217123900392,0.5659911793357552,3.169976253366345,0.9907181489911426,1.5355371664923094,1.5457938142487002,0.8716641276831739,1.2909005246873282,1.3637930157665898,1.4433097586326553,1.4261810765351899,0.0,1.1507701500961396,1.4453593120816541,1.0690430765633396,1.0585424067089984,1.4640728389710698,1.4180834412783134
SP:91,1.1721353834577921,0.8933709227579502,1.9084628406718058,1.2548296627609559,0.9252014221593504,1.339060818521664,1.3558510311421021,2.3895113095457385,1.2084291726312593,1.1816885984338783,0.9674555523514751,1.535013468740757,2.424425100792428,0.7763709128322549,0.7828870981730838,0.956175032561078,1.05957866070376,0.9444685181817511,0.8038502902657422,0.8390250294666515,1.0921144698399137,0.9561822273023586,1.0417810915484031,1.2191284540526808,1.0655265993306864,1.0552619122394737,1.2544581411824138,2.1728216973460652,1.2808853276995442,1.6458975395105666,1.693109906019647,2.9839326177973624,2.3104587871654916,1.865733626306609,2.039776247023335,2.024848359204494,2.189029451810421,1.3375287508849878,1.6134859992447674,1.9711645972386955,1.8092036547058519,1.4719506027627327,1.135137768306075,1.1971491209598586,1.2069358485766024,1.4276702678779691,2.3974991887431276,1.3227915638113257,1.3458923854102274,2.5585436828119383,4.036705316937385,1.557465697389204,1.43548170943271,4.151898919237879,3.9560715033192864,1.1986012608360306,2.108985556450571,1.1319542555654885,1.4241649508079914,0.9349906823431839,1.7361816441293074,0.9219281406958493,0.959356397661882,1.2138200972540634,1.2083635660206642,1.0379120445130394,1.2276330788999728,1.3789636142895136,1.5249015973023703,1.3201640548081293,1.0160975587550258,1.5000587548513529,1.2098978272014742,1.6164999739717207,1.4483217728188442,4.644573940591806,1.224247222316653,0.451950246324773,0.9467389756941978,3.8825248099803864,0.4599672332244362,0.529507930039193,2.2141273031927633,1.88109592950029,1.268649130886535,1.4119727413608942,1.425669801397284,2.011739401611559,1.606697849402458,1.6141762454472104,1.0188912253087217,1.050587159967192,1.4452105509220623,0.7390151324214482,1.08797014808307,0.6904344596040825,0.4361189537898734,0.5738983313770805,0.5489226172037411,2.517222106462235,0.5904749105525411,1.5323179770447204,1.7356464340401059,0.9420089182480255,0.7402536859914145,0.5911452515442054,3.652220038874162,0.9795758661112723,1.5057226620927335,1.9202913531066215,0.9985886900829961,1.5669155950142364,0.42815600731152037,0.46417763896474523,0.5176260466598598,0.647252281956747,1.5750727520475591,1.819680964320118,2.715107926776449,2.5173723261468557,0.8836717160327243,1.5946464447334974,1.7065035481938449,2.084131304603216,1.0433552664630326,1.1087264266775694,0.5951026920744176,1.925156153804697,4.853263151210827,0.9352690099913575,1.4220986619925506,4.467830470904472,1.636463503887675,2.9003122860015225,3.003101306651578,0.49664016100977065,1.0634392259877916,3.4855296021539757,1.3285404643745191,1.03735849935278,0.4949604824462817,1.9735879394810838,2.389087172394594,0.8157094644993863,0.6960003438546977,1.466813571232957,1.1050288025035364,1.2882617491120354,0.4007971591017897,0.45661552362548746,0.5468589092291359,1.0123892163090307,0.5009609245209882,0.6786860371288529,2.2458674956004145,1.717132396533395,1.0210419749826196,3.1399491683517073,0.46269381755876277,1.6856106211755095,0.5583972679258894,0.413265854434592,0.995918885697428,0.4999209787910257,1.519753135840478,0.9795932909685006,1.1507701500961396,0.0,0.5215398151996001,0.4570936396345105,0.8547506848524894,1.0817338568108685,0.5994219152414227
SP:92,1.397772053017203,1.185118479633184,2.0855727935444666,1.4795828851959727,1.2140110890312168,1.5538910534283428,1.567564586882934,2.599263052746102,1.501006988848222,1.4614865104989299,1.1765592730637908,1.7691941371958557,2.5551047035343526,1.0158820489741867,1.0247759076646263,1.1944781562842375,1.2824835483235701,1.2135336383207873,1.0371504508781664,1.0735689681550211,1.2562126997349683,1.2008264331639844,1.2094598161058991,1.4320445749037807,1.2619417801958275,1.2745490470506138,1.4387504936760525,2.374461394280735,1.4658256826511655,1.7769144104352996,1.8180876443893543,3.175279969637183,2.4819235268713493,1.9896694024879567,2.257598606567811,2.160932011332381,2.282756449404699,1.5962613098919893,1.7813115515489613,2.130595965065398,2.0944380564289355,1.6767617391399707,1.3099398281166819,1.3559740963842577,1.4201231040299638,1.572763248851371,2.550738391941665,1.4812046093236764,1.4656423053556604,2.6550413124802175,4.099971132777601,1.6750005110001236,1.5774998643376579,4.225008655208262,4.014039990245685,1.4224887645285833,2.202799683072354,1.257279462382244,1.5505303833655684,1.1105083106995775,1.8556712759096614,1.0810711306810352,1.1218543609279026,1.4043936129449364,1.3940369282789074,1.2037926339302931,1.3671034906789434,1.5435620153144125,1.632371251433599,1.4702645393682507,1.1907144738666338,1.7702097957536191,1.3319764273018506,1.8045146613563467,1.6665272735864516,4.773623696654188,1.390971653044313,0.530758301398608,1.2937406640078126,3.940830594181841,0.3206625629177556,0.616327982707379,2.3395577208726794,2.0690767114354998,1.215995989489303,1.4648558093670838,1.370295591677467,2.1225822586451324,1.7729846232622475,1.744022442133322,1.0998116935449778,1.3099516579948665,1.5423224608844854,0.9578184399540789,1.200595298149669,0.8077898264348753,0.5375779875964416,0.8150494140500935,0.6967712187221133,2.57796502123716,0.7592483615663376,1.6514855914402242,1.9711384242937857,1.1661143372433265,0.8390558445779794,0.8086997716865075,3.7233012398180523,1.1147474727369433,1.7224025205969842,2.0330515838442387,1.0067578749215154,1.8472654505488566,0.5565813232613753,0.6182457857642513,0.7890533095149475,0.720484142443562,1.6691546278352771,1.9646395196255109,2.800242252498987,2.619957684129685,0.8649369430396809,1.8363251574936765,1.8485351318362349,2.1561993542593,1.1737015762272849,1.326966261730774,0.7409259113312439,2.0500499194792257,4.930308240571981,1.063080402092399,1.7340353847210972,4.559436982878359,1.7110963499693521,2.963808153735261,3.0733976805927585,0.5285268077217242,1.317525340225194,3.559671620255612,1.5575526890608686,1.2184289770884884,0.3977743762617755,2.0601659812046464,2.4846204521722792,1.0495498638652156,0.8659548053230215,1.576085855529588,1.2762302956936664,1.4939158130332142,0.36834816381583585,0.5085178856110238,0.5682323982521894,1.199157191536815,0.5845447805799368,0.9244051390589192,2.3917723820482593,1.8210191501701634,1.2019029607514822,3.2426504125032505,0.6819852288847725,1.9139953260663627,0.5969234987686777,0.6521031793845055,1.061085191421463,0.6567587729984323,1.6658508103207763,1.004153542119576,1.4453593120816541,0.5215398151996001,0.0,0.589300080764298,1.1587617829749115,1.2918680532172768,0.7021245832520342
SP:93,1.0322528500760835,0.8382888877456653,1.6286010211863786,1.100350182982455,0.7834682591980928,1.1101097314220867,1.0934057452283077,2.16537237780748,1.316781545243038,1.1972928591483798,0.8484338340305433,1.4659156987230344,2.2725893250401414,0.6162941763154536,0.7093544073141187,0.728959098445875,1.0701535769598605,0.9117792050688621,0.7394040647357547,0.7714991484477605,0.7824336849149546,0.7185077171003479,0.8626637838727272,0.9510775879902156,0.8963003641336651,0.8492054916039107,1.0516387297923524,1.9211338790466697,1.0801801429221172,1.4353946363307277,1.40288048693092,2.7337895260611282,1.9776663067648446,1.5667162701511423,1.775935951026063,1.8202706422665045,1.8895475051873571,1.220469773520714,1.4015883171303511,1.8385927118176386,1.687121105212627,1.2935790433196988,0.9621671328635532,1.0425737772824082,1.0561224859363436,1.2800994751920838,2.272049463127384,1.1752580334040266,1.245911481638109,2.320907552866228,3.8379091435917334,1.4361632442003656,1.4241572565134268,3.9992757575249214,3.8003699123230468,1.1652407685528237,1.9269675435568472,0.918090028375497,1.1183330050071372,0.6797532478109187,1.5782461350449335,0.9452043980108785,0.9097323381639579,1.189842379363815,1.1670918630280362,0.9939697847443154,1.182000041735191,1.2886724918374635,1.2998808141779126,1.2432546039793864,0.9598379821939821,1.4851893380729306,1.0899811084917874,1.5862113939343907,1.3674948251431287,4.463251329445435,0.941019789672743,0.3428143516355067,0.8674495110989336,3.724269806799037,0.43706284887259655,0.40810910580679005,1.8979689693932091,1.6335931314077161,0.9423955105653382,1.08943205252658,1.1775155296420907,1.8952671351799204,1.3905937051586033,1.4615399538520215,0.7595511843366483,0.9296683769900022,1.2452585757610786,0.7492183572309402,0.9591967666635887,0.655787029910343,0.407796904327798,0.3619023306926278,0.6043456672074846,2.4070165193436313,0.5942478722149229,1.5049918967159133,1.4950248253284804,0.8214187212209227,0.6185972556764618,0.4952779736257729,3.5357402612536406,0.9377548315139366,1.306791481382254,1.8141632087060486,0.7705576052196496,1.382237190453071,0.6618366663156315,0.3687298918252073,0.4703526111000825,0.5644493552885723,1.3581727989913663,1.6294180485747924,2.5736458500432953,2.4152692932671855,1.1189993811377488,1.4119086521435202,1.591274793381274,1.9404696367381458,0.7807607082674848,0.9645597664144611,0.3657227676986515,1.822923488345403,4.808485427469036,0.6366860973583918,1.2479064098299952,4.357545792937925,1.456779005377291,2.76555324498962,2.9226017832555495,0.39696128112774887,0.9844108758688134,3.325453575475664,1.1099811545949148,0.8684247649564825,0.5546455219521177,1.8392435646561927,2.138783584186667,0.7653017166004399,0.6470471955328023,1.2019021581723281,0.7990633612512109,1.0995220441454696,0.3662371183342063,0.2874853578931126,0.6352461048477308,0.9466801488653332,0.5723591241574021,0.6190651447909553,1.9781430202208796,1.577073754864463,0.7907994942163469,2.9914062790850333,0.513824338766862,1.4799323141012328,0.7806923176382468,0.3784636304136831,0.7905782044289104,0.6162428756082294,1.2007447620717981,0.6848227378647693,1.0690430765633396,0.4570936396345105,0.589300080764298,0.0,0.8075820762572266,0.9435723057880823,0.7748644343123954
SP:94,0.9188258191632652,0.6846350994830547,1.4948348393624427,0.9818582140355179,0.8395498112464963,1.211302957295765,1.130186023789261,2.1936602073564777,1.176076003929108,1.0355108110391402,0.9357436357325242,1.28215135487579,1.9063023522984934,0.7066507698350498,0.759692849224648,0.8286953932461301,0.9315448908538791,0.7931110089609718,0.7342213210208893,0.7605110454441975,1.0171129157444505,0.871182886282958,0.8348552322054664,1.1199503988747777,0.7966973388864654,0.848172392265706,0.946784128064825,1.8961042518001032,0.9210684969231885,1.130286473369775,1.4016949516133783,2.790926633332345,1.9121240602527547,1.6758713691588072,1.4672646711589603,1.6202563494044175,1.9701389004261682,0.8729183049199818,1.1048065483969491,1.4306134605398937,1.3814732175023758,1.0406955391343815,0.8865655179073435,0.9190609428340761,1.0818258628604143,1.167833031897216,1.9681238756498183,1.239747135466691,1.1485254792310542,2.057418141076021,3.5191943126799434,1.3038377944200448,1.2520438801852671,3.6378645907277587,3.4447132830928333,1.1097645205726816,1.7082227809856119,0.920336469717642,1.2449870857343335,0.7736267723558315,1.320093194291335,0.922627210768211,0.8587377027061889,1.1257277647546873,1.0853971123060582,0.8862147968060776,1.06003625414754,1.0888355352892405,1.2327903997755572,1.0959091961300935,0.8831769557770577,1.2078882737646741,1.079969643775594,1.264059180747609,1.1432566702131775,4.103329324199552,1.0181941364343314,0.934980532946537,0.6814204518047706,3.292763151766167,1.1109991558428174,0.8625514783421894,1.8735891329888912,1.712334970779029,1.2622907651410888,1.3936903160488106,1.5796909682222857,1.4052189444905916,1.1609002780170703,1.0078361311630668,0.9474116422056917,0.9359313592324005,0.9565751884004884,0.5157248669120144,0.8108961507967535,0.6575066122514595,0.9606586024277285,0.6536843815678652,0.7635825604699774,1.9965898697310924,0.5598215497461275,1.0247935143326998,1.4503546999698758,0.49397326924375545,0.7519478415470842,0.5324123938322053,3.0736816600781767,0.6261021968715809,1.3516724124601902,1.3362798730171985,1.0988428347236907,1.4111372764680183,0.9078929030049915,0.7507113046652331,0.5760298137793263,0.6885893939919835,1.3188057712321264,1.3230868151465645,2.1013398429179877,1.9012998087375967,1.2154247779248335,1.42510598873633,1.0772394492974953,1.5575777080903979,1.028827375897985,0.8835986646747382,0.7099515831377565,1.316792730667494,4.365658396671743,0.9055230824437585,0.9635196212232844,3.9060742159339883,1.6601752660346343,2.309554189050021,2.427847808977521,0.8971481647274683,0.9628891167357734,2.8807138903756964,1.2881870808551783,0.47671205394994665,1.1400891749519508,1.366901626715898,2.3544010803456588,0.44890287983847976,0.4808038997545665,1.4231135930811987,0.9216052479363129,1.123387503548562,0.9676716312822167,0.8344070459145275,0.9768927604630817,0.6007845863758239,0.8860547601890385,0.9067741618434783,2.1933889230338997,1.350549344624775,1.0646230357727366,2.534554212932728,0.6832033972099798,0.9726414792121534,1.0731150631207151,0.7448922753204652,0.938023649073199,0.9001403129091079,1.2094975919063005,1.060002060132818,1.0585424067089984,0.8547506848524894,1.1587617829749115,0.8075820762572266,0.0,0.6226498939053935,0.8511826849453987
SP:95,1.2592724132736366,0.9167593157385269,1.7018580500250586,1.247930270142082,1.1027796740154958,1.4982129706177316,1.350043521617256,2.4175656891627435,1.1165253424626251,1.0048317326450713,0.9910377001424254,1.178641561601019,1.830447522550246,0.9822255484934496,0.9553607038307198,0.9460289762622744,1.0607927789521845,0.9480299821839986,0.9463615515417229,0.8906183512190908,1.083917208387547,1.081190767258023,0.9737271217173911,1.2852961831288519,0.9411618461307761,1.0174495906329444,1.1765772838011477,2.0656537769977175,1.0771007499722638,1.1231702230259213,1.368404350608494,2.960431579996969,1.999686725121705,1.6329579162614472,1.5947116898688183,1.6878361065429228,1.7817315023820413,1.2633696873130718,1.3307118740122643,1.6214018161748158,1.7180316868952195,1.3336380791648423,1.1386467888556864,1.0690621586147058,1.0615940336189627,1.264493268710255,1.7575556168752422,1.2300913625755112,1.322623134850435,1.8541023310716525,3.2590339370286845,1.2715602416586758,1.301668441605146,3.3912001687157938,3.1446357137452403,1.085816235695585,1.5254029890154481,0.9070906577962231,1.215860788001768,0.8113253294615449,1.1864266362562796,1.0841668395388948,1.065344326677204,1.1260567456428283,1.1565945137388698,1.0548163920833424,1.2345879366653003,1.2815686420932126,1.3209453751830755,1.027723281289473,1.0905613012797377,1.1753909409039303,1.1325307865338938,1.2531116906411544,1.0440726290268945,3.8474569409607735,1.2798817898215935,1.064408772081114,0.7914944949515237,3.052956083697152,1.2466028538457365,1.0781245285858903,1.7995343518640112,1.9374720386749524,1.3342188997399649,1.3870870421476276,1.6876750708730415,1.4137411699421705,1.167757875823055,1.0490678022866222,1.0453343608782353,1.2902754873803601,0.9519113854691388,0.8479904581480834,0.8016404858224703,0.9628150444053745,1.1677920572779177,0.8316739857326324,1.0987557880596897,1.854542853473962,0.7585512708130117,1.0823471955358008,1.7101649282220126,0.6142185266092698,0.7050606239831262,0.8449199240094477,2.9270378647338053,0.7780817062145589,1.667990446453788,1.1980705372740785,1.1875842139831416,1.652207090155942,1.0948390505997554,1.038391170681788,0.9516170646656834,0.7159586723079561,0.8782860169728249,0.9968526418430986,1.9611875512825248,1.8395442935938109,1.3263260294436936,1.744597840671815,1.0623238439352463,1.43349699980403,1.1515171498946422,1.2292054397969394,0.8848870868714735,1.3238003243902612,4.18010095911471,0.9660411816867426,0.9694756999389086,3.7151486120876873,1.6572013420064804,2.214502322850201,2.32690266415277,1.1533045718472348,1.3077135921701122,2.665557265526551,1.5142498229324164,0.5589559836239659,1.365118883812334,1.1264498482760672,2.570577171043768,0.598103046630526,0.6763220250022909,1.6627625949344378,1.103267310938657,1.353060253421693,1.1346902033623483,0.961107444122269,1.211390679457393,0.6895724054409974,1.09390073543547,1.2651014559932834,2.3253380983413297,1.2246129919163868,1.3127184148853295,2.385246461306929,1.0521267502444192,1.0017655398311054,1.2642759268695085,1.0297498839703463,0.9248582797287807,1.0873126067830323,1.01999314912097,0.8828700781097719,1.4640728389710698,1.0817338568108685,1.2918680532172768,0.9435723057880823,0.6226498939053935,0.0,1.0737925050439554
SP:96,1.3436446855789936,1.0294899484352549,2.043128141608491,1.4479397910863068,1.274015570877556,1.5907314150855,1.6278837447438408,2.6952928639464213,1.2986667307109854,1.296074586438615,1.1842922367648214,1.6203810782666879,2.4716732377847777,1.0026602517240992,0.9603588418835385,1.2091703785823298,1.1328770704387097,1.0916829002351318,1.0125688706109883,1.0340381570166421,1.3942920679983295,1.2703622402178103,1.2252876763825356,1.5745569078019257,1.2146114815243805,1.2811699519083088,1.4340094110744175,2.510775725289187,1.4074997708915544,1.7358449988645346,1.9747517661537377,3.296127484300247,2.4930834975757485,2.074318481125947,2.1470565464444595,1.895732100817,2.363658365024107,1.3959740414016684,1.5933643257391905,1.9058679237929492,2.0201400278779023,1.5509693925361994,1.1249705730657877,1.2457377701900987,1.4038400770463986,1.4464309085005504,2.4701043989986475,1.4424660106193647,1.3242320195255015,2.607974896796357,4.014975180182845,1.5502840995141325,1.3287853542540287,4.040912174486665,3.8634702974860327,1.3625448397111688,2.2376506618159118,1.294577969432999,1.7010408675049418,1.1462902292171322,1.8299140167024557,0.9793007521747498,1.0927609314065454,1.3447993140421999,1.3729595569013582,1.0331003166903332,1.1983427236190947,1.3692174473402388,1.5922616550338333,1.338281604835969,1.0134416699960587,1.5531867682689473,1.2091678712855516,1.6258883140803333,1.4791437945283932,4.661503043900049,1.3915046830206728,0.797403228813198,1.0801490262665545,3.7501103821980917,0.7580577107364121,0.6149188205068153,2.4300549384231056,2.143384692656758,1.5513867228088492,1.7532733774606963,1.7732517033805673,1.8261905864699222,1.7582226440238398,1.4777580346422263,1.2889802906534544,1.3228865909002423,1.4984132126134069,0.5174064460192472,0.9545247569458689,0.496160312055509,0.856047398120417,0.8776265661945022,0.5020780185237547,2.39497647315512,0.46977625129304146,1.244185960375527,1.9911140440084332,0.9820358995297341,0.7170226225604273,0.6869344956844899,3.469604104908716,0.7521259726292253,1.7746823982556639,1.7077441041095265,1.2842212999687903,1.9066980893528316,0.29031729180876176,0.6119967820986463,0.7107783315566335,0.6869753303276053,1.6908403697857444,1.8751655540951608,2.56012500304508,2.3006180303628767,0.6785219783367907,1.8798804163735894,1.5670572215535743,1.9856524808758935,1.3971818304335528,1.2842623013476016,0.8404273663942263,1.8213355037126748,4.651285855683761,1.2443719885759243,1.5411111048420847,4.294006482854531,1.9877285609568265,2.835027097649578,2.817579344149642,0.7915142345407182,1.2204127944323622,3.326709925898491,1.693949450635926,0.9578173156808634,0.7243723350521999,1.8285202977563364,2.6669283804613833,0.6694997022322234,0.6154139338573716,1.7185717637878513,1.3624471563121692,1.6246359102314964,0.6542375202183428,0.6407830897595118,0.7748876611824019,0.7506424880989517,0.42807887475395195,0.9938636919496175,2.600979348386086,1.8163825718279263,1.3758011728394322,3.0071548015128826,0.6736697326751006,1.6007670280743558,0.4376296768353835,0.7385553673162663,1.2349339058286053,0.3952382868112248,1.7287024439925953,1.219776441659487,1.4180834412783134,0.5994219152414227,0.7021245832520342,0.7748644343123954,0.8511826849453987,1.0737925050439554,0.0
